;simulated;real;error
2018-01-01 00:00:00;0.0;-5.27;5.27
2018-01-01 01:00:00;0.0;-29.99;29.99
2018-01-01 02:00:00;0.0;-56.65;56.65
2018-01-01 03:00:00;0.0;-63.14;63.14
2018-01-01 04:00:00;0.0;-64.62;64.62
2018-01-01 05:00:00;0.0;-67.0;67.0
2018-01-01 06:00:00;0.0;-72.54;72.54
2018-01-01 07:00:00;0.0;-76.01;76.01
2018-01-01 08:00:00;0.0;-71.45;71.45
2018-01-01 09:00:00;0.0;-66.88;66.88
2018-01-01 10:00:00;0.0;-62.0;62.0
2018-01-01 11:00:00;0.0;-56.08;56.08
2018-01-01 12:00:00;0.0;-49.96;49.96
2018-01-01 13:00:00;0.0;-24.29;24.29
2018-01-01 14:00:00;0.0;-5.59;5.59
2018-01-01 15:00:00;0.0;0.23;-0.23
2018-01-01 16:00:00;11.474808480313568;11.02;0.45480848031356835
2018-01-01 17:00:00;15.934599468355923;23.5;-7.565400531644077
2018-01-01 18:00:00;15.933912084915764;22.91;-6.976087915084236
2018-01-01 19:00:00;15.9332247014756;21.02;-5.086775298524399
2018-01-01 20:00:00;15.93253731803544;21.05;-5.117462681964561
2018-01-01 21:00:00;15.93184993459528;21.95;-6.018150065404718
2018-01-01 22:00:00;15.931162551155117;23.52;-7.588837448844883
2018-01-01 23:00:00;13.191729578074607;18.96;-5.7682704219253935
2018-01-02 00:00:00;12.646563601790998;18.12;-5.473436398209003
2018-01-02 01:00:00;12.645892667280744;14.99;-2.344107332719256
2018-01-02 02:00:00;12.101789216603024;13.63;-1.5282107833969771
2018-01-02 03:00:00;12.64455079826023;12.15;0.49455079826022974
2018-01-02 04:00:00;12.643879863749977;11.83;0.8138798637499765
2018-01-02 05:00:00;12.643208929239709;14.55;-1.906791070760292
2018-01-02 06:00:00;23.18344640852634;22.58;0.6034464085263416
2018-01-02 07:00:00;35.91514331571159;41.92;-6.004856684288413
2018-01-02 08:00:00;40.66218330820372;47.95;-7.28781669179628
2018-01-02 09:00:00;40.251708531900505;49.9;-9.648291468099494
2018-01-02 10:00:00;40.25087874437026;50.0;-9.749121255629738
2018-01-02 11:00:00;40.25004895684;49.7;-9.449951043160006
2018-01-02 12:00:00;40.66291980853178;48.16;-7.497080191468214
2018-01-02 13:00:00;40.2483893817795;47.24;-6.9916106182204985
2018-01-02 14:00:00;40.24755959424925;46.1;-5.852440405750748
2018-01-02 15:00:00;40.24672980671901;43.86;-3.6132701932809894
2018-01-02 16:00:00;40.24590001918876;43.64;-3.394099980811241
2018-01-02 17:00:00;40.24507023165851;47.37;-7.124929768341488
2018-01-02 18:00:00;40.664024559023886;46.08;-5.415975440976112
2018-01-02 19:00:00;40.243410656598;41.08;-0.8365893434019966
2018-01-02 20:00:00;35.392836195420536;34.94;0.452836195420538
2018-01-02 21:00:00;31.204670440554672;25.46;5.744670440554671
2018-01-02 22:00:00;24.87730062707845;21.3;3.5773006270784506
2018-01-02 23:00:00;13.397017701770183;9.94;3.4570177017701837
2018-01-03 00:00:00;9.557826368071485;7.93;1.627826368071485
2018-01-03 01:00:00;9.557826368071485;0.03;9.527826368071485
2018-01-03 02:00:00;9.557826368071485;0.02;9.537826368071485
2018-01-03 03:00:00;8.846332761845346;-5.99;14.836332761845346
2018-01-03 04:00:00;8.309354700545033;-9.21;17.519354700545033
2018-01-03 05:00:00;9.557826368071485;-4.64;14.197826368071485
2018-01-03 06:00:00;9.557826368071485;8.02;1.5378263680714852
2018-01-03 07:00:00;16.45948530121163;11.03;5.4294853012116295
2018-01-03 08:00:00;22.034359685330003;13.28;8.754359685330003
2018-01-03 09:00:00;21.470496710655578;13.18;8.290496710655578
2018-01-03 10:00:00;22.032920219019022;13.71;8.322920219019021
2018-01-03 11:00:00;21.46906337668293;15.42;6.049063376682929
2018-01-03 12:00:00;21.4683467096966;15.84;5.628346709696601
2018-01-03 13:00:00;21.467630042710272;16.0;5.467630042710272
2018-01-03 14:00:00;21.466913375723944;15.75;5.716913375723944
2018-01-03 15:00:00;21.466196708737623;15.14;6.326196708737623
2018-01-03 16:00:00;21.46548004175129;16.0;5.465480041751292
2018-01-03 17:00:00;21.464763374764967;15.11;6.354763374764968
2018-01-03 18:00:00;21.46404670777865;13.37;8.09404670777865
2018-01-03 19:00:00;21.46333004079232;11.06;10.403330040792321
2018-01-03 20:00:00;15.32461948941848;10.06;5.264619489418479
2018-01-03 21:00:00;11.474808480313568;9.3;2.174808480313567
2018-01-03 22:00:00;11.530111145510777;9.87;1.6601111455107773
2018-01-03 23:00:00;11.529445520419696;4.97;6.559445520419696
2018-01-04 00:00:00;11.474808480313568;-0.36;11.834808480313567
2018-01-04 01:00:00;11.474808480313568;-5.57;17.04480848031357
2018-01-04 02:00:00;11.474808480313568;-7.85;19.324808480313568
2018-01-04 03:00:00;11.526783020055388;-5.29;16.81678302005539
2018-01-04 04:00:00;11.474808480313568;-1.75;13.224808480313568
2018-01-04 05:00:00;11.474808480313568;6.01;5.464808480313568
2018-01-04 06:00:00;20.89365162398064;19.96;0.9336516239806407
2018-01-04 07:00:00;36.565885589351;33.59;2.9758855893509946
2018-01-04 08:00:00;44.38814789493496;40.45;3.938147894934957
2018-01-04 09:00:00;45.4545733112668;41.97;3.4845733112668
2018-01-04 10:00:00;45.4547617410152;44.91;0.5447617410152006
2018-01-04 11:00:00;45.186450112130935;48.22;-3.0335498878690643
2018-01-04 12:00:00;45.455138600512;46.04;-0.5848613994879983
2018-01-04 13:00:00;45.18472235882392;42.0;3.184722358823919
2018-01-04 14:00:00;45.4555154600088;41.08;4.375515460008799
2018-01-04 15:00:00;45.182994605516896;42.04;3.142994605516897
2018-01-04 16:00:00;45.45589231950561;42.53;2.925892319505607
2018-01-04 17:00:00;45.45608074925402;51.43;-5.973919250745979
2018-01-04 18:00:00;45.45626917900242;49.96;-4.503730820997582
2018-01-04 19:00:00;45.17953909890287;46.73;-1.550460901097125
2018-01-04 20:00:00;40.20275106761575;41.57;-1.3672489323842498
2018-01-04 21:00:00;33.827501666267004;37.09;-3.2624983337329994
2018-01-04 22:00:00;29.649394693500025;33.92;-4.270605306499977
2018-01-04 23:00:00;17.537117620919858;28.05;-10.512882379080143
2018-01-05 00:00:00;15.32461948941848;5.96;9.36461948941848
2018-01-05 01:00:00;15.32461948941848;-0.94;16.26461948941848
2018-01-05 02:00:00;15.32461948941848;-0.03;15.354619489418479
2018-01-05 03:00:00;13.685890840710083;0.55;13.135890840710083
2018-01-05 04:00:00;12.595572579011437;-11.81;24.405572579011437
2018-01-05 05:00:00;15.32461948941848;8.92;6.404619489418479
2018-01-05 06:00:00;16.979065769556787;21.68;-4.700934230443213
2018-01-05 07:00:00;32.78232498825995;30.44;2.34232498825995
2018-01-05 08:00:00;40.67544031410893;36.2;4.47544031410893
2018-01-05 09:00:00;42.26595644344469;36.3;5.965956443444696
2018-01-05 10:00:00;43.32865073098588;38.95;4.378650730985875
2018-01-05 11:00:00;47.06766862926552;39.4;7.6676686292655205
2018-01-05 12:00:00;48.98992243879194;41.69;7.2999224387919455
2018-01-05 13:00:00;48.98903109878338;43.69;5.299031098783381
2018-01-05 14:00:00;48.988139758774814;44.08;4.908139758774816
2018-01-05 15:00:00;48.98724841876626;47.1;1.887248418766255
2018-01-05 16:00:00;48.98635707875769;47.77;1.2163570787576887
2018-01-05 17:00:00;49.63137093128902;56.35;-6.718629068710982
2018-01-05 18:00:00;48.98457439874056;57.42;-8.435425601259439
2018-01-05 19:00:00;48.983683058732005;53.99;-5.006316941267997
2018-01-05 20:00:00;48.98279171872344;42.36;6.622791718723441
2018-01-05 21:00:00;42.03187839244022;39.9;2.131878392440221
2018-01-05 22:00:00;37.50932545665957;39.97;-2.4606745433404313
2018-01-05 23:00:00;33.832135993715994;36.27;-2.437864006284009
2018-01-06 00:00:00;32.361070418857295;29.45;2.911070418857296
2018-01-06 01:00:00;32.78551767837682;28.55;4.235517678376819
2018-01-06 02:00:00;32.35951084893418;28.18;4.179510848934179
2018-01-06 03:00:00;32.35873106397263;27.33;5.028731063972629
2018-01-06 04:00:00;32.78604979339631;27.08;5.706049793396311
2018-01-06 05:00:00;32.357171494049524;28.7;3.657171494049525
2018-01-06 06:00:00;32.35639170908797;30.0;2.3563917090879727
2018-01-06 07:00:00;32.78658190841578;31.36;1.426581908415784
2018-01-06 08:00:00;37.51113908597721;34.19;3.321139085977215
2018-01-06 09:00:00;40.172048928996496;41.11;-0.9379510710035035
2018-01-06 10:00:00;40.7857586855334;44.0;-3.214241314466598
2018-01-06 11:00:00;41.21008190490106;43.74;-2.5299180950989424
2018-01-06 12:00:00;40.78409088390853;44.01;-3.225909116091465
2018-01-06 13:00:00;41.21045109218304;42.9;-1.689548907816956
2018-01-06 14:00:00;40.78242308228367;38.7;2.0824230822836682
2018-01-06 15:00:00;40.78158918147123;37.4;3.3815891814712344
2018-01-06 16:00:00;41.211004873106;40.52;0.6910048731059959
2018-01-06 17:00:00;40.77992137984637;45.46;-4.68007862015363
2018-01-06 18:00:00;40.77908747903393;49.98;-9.200912520966064
2018-01-06 19:00:00;41.21155865402896;45.9;-4.688441345971036
2018-01-06 20:00:00;39.55041303848122;40.9;-1.3495869615187814
2018-01-06 21:00:00;33.52785817829116;33.69;-0.16214182170883618
2018-01-06 22:00:00;32.34391514970312;36.26;-3.916084850296876
2018-01-06 23:00:00;27.09817643026627;29.03;-1.93182356973373
2018-01-07 00:00:00;20.28622363171208;21.87;-1.5837763682879213
2018-01-07 01:00:00;19.168595528424664;15.98;3.1885955284246634
2018-01-07 02:00:00;19.167890869245564;15.99;3.177890869245564
2018-01-07 03:00:00;19.167186210066465;14.0;5.167186210066465
2018-01-07 04:00:00;19.166481550887365;12.51;6.656481550887365
2018-01-07 05:00:00;19.165776891708266;13.21;5.955776891708265
2018-01-07 06:00:00;19.16507223252917;12.17;6.99507223252917
2018-01-07 07:00:00;19.164367573350063;13.02;6.144367573350063
2018-01-07 08:00:00;19.163662914170967;20.52;-1.3563370858290327
2018-01-07 09:00:00;25.941803443403412;23.22;2.721803443403413
2018-01-07 10:00:00;30.70214830519228;24.81;5.892148305192283
2018-01-07 11:00:00;33.51683903375747;28.95;4.566839033757471
2018-01-07 12:00:00;32.268825476353136;28.96;3.3088254763531353
2018-01-07 13:00:00;32.33221837527982;27.08;5.252218375279824
2018-01-07 14:00:00;30.56920676282209;23.46;7.10920676282209
2018-01-07 15:00:00;30.18169870713149;23.7;6.481698707131489
2018-01-07 16:00:00;33.51290362499544;27.21;6.302903624995437
2018-01-07 17:00:00;33.51211654324304;30.88;2.63211654324304
2018-01-07 18:00:00;33.51132946149063;34.34;-0.8286705385093711
2018-01-07 19:00:00;33.51054237973822;32.33;1.1805423797382204
2018-01-07 20:00:00;33.50975529798581;31.44;2.069755297985811
2018-01-07 21:00:00;33.316626801106985;28.94;4.376626801106983
2018-01-07 22:00:00;33.508181134481006;29.69;3.818181134481005
2018-01-07 23:00:00;31.735421452028547;27.01;4.725421452028545
2018-01-08 00:00:00;26.504347878569185;18.91;7.5943478785691845
2018-01-08 01:00:00;26.50360263807524;15.15;11.35360263807524
2018-01-08 02:00:00;26.502857397581288;15.11;11.392857397581288
2018-01-08 03:00:00;26.50211215708734;13.42;13.082112157087339
2018-01-08 04:00:00;27.076468288892716;12.91;14.166468288892716
2018-01-08 05:00:00;31.73076432962803;17.1;14.630764329628029
2018-01-08 06:00:00;44.47869044625761;30.03;14.448690446257608
2018-01-08 07:00:00;49.21977197154493;42.93;6.28977197154493
2018-01-08 08:00:00;49.21996389109947;44.95;4.269963891099465
2018-01-08 09:00:00;49.22015581065402;42.57;6.65015581065402
2018-01-08 10:00:00;49.22034773020857;41.98;7.240347730208576
2018-01-08 11:00:00;49.22053964976311;41.54;7.680539649763112
2018-01-08 12:00:00;49.220731569317664;42.9;6.320731569317665
2018-01-08 13:00:00;49.57043695376245;42.9;6.670436953762454
2018-01-08 14:00:00;49.22111540842676;40.91;8.311115408426765
2018-01-08 15:00:00;49.22130732798131;40.97;8.251307327981309
2018-01-08 16:00:00;49.22149924753586;39.69;9.531499247535862
2018-01-08 17:00:00;49.2216911670904;40.26;8.9616911670904
2018-01-08 18:00:00;49.56595651423844;37.99;11.575956514238435
2018-01-08 19:00:00;47.63575329801739;31.92;15.71575329801739
2018-01-08 20:00:00;43.8759334144652;28.02;15.855933414465202
2018-01-08 21:00:00;37.08002619400489;22.35;14.730026194004886
2018-01-08 22:00:00;33.48929117242326;22.7;10.789291172423258
2018-01-08 23:00:00;30.54382679382425;4.89;25.653826793824248
2018-01-09 00:00:00;30.6595707453352;13.09;17.5695707453352
2018-01-09 01:00:00;30.659746398957832;12.62;18.03974639895783
2018-01-09 02:00:00;30.65992205258046;9.79;20.86992205258046
2018-01-09 03:00:00;30.13887354288495;4.99;25.14887354288495
2018-01-09 04:00:00;30.66027335982572;9.24;21.42027335982572
2018-01-09 05:00:00;30.660449013448343;14.66;16.000449013448343
2018-01-09 06:00:00;39.58331930211271;28.17;11.413319302112711
2018-01-09 07:00:00;47.561920146851214;32.36;15.201920146851215
2018-01-09 08:00:00;47.56211055507075;32.53;15.032110555070751
2018-01-09 09:00:00;48.09801658136847;32.38;15.718016581368467
2018-01-09 10:00:00;46.83914348757568;32.35;14.489143487575681
2018-01-09 11:00:00;47.47570751122716;34.04;13.435707511227157
2018-01-09 12:00:00;47.02765009514472;35.99;11.03765009514472
2018-01-09 13:00:00;47.563062596168464;39.58;7.983062596168466
2018-01-09 14:00:00;47.56325300438801;40.62;6.943253004388012
2018-01-09 15:00:00;47.56344341260755;40.98;6.583443412607551
2018-01-09 16:00:00;47.56363382082709;42.88;4.68363382082709
2018-01-09 17:00:00;48.09954385613754;44.06;4.039543856137534
2018-01-09 18:00:00;47.564014637266176;42.91;4.6540146372661795
2018-01-09 19:00:00;48.09992567482982;40.98;7.1199256748298225
2018-01-09 20:00:00;48.10011658417595;40.9;7.200116584175952
2018-01-09 21:00:00;43.053045185692895;38.0;5.053045185692895
2018-01-09 22:00:00;42.430456915578354;32.6;9.830456915578353
2018-01-09 23:00:00;38.00300689815667;30.61;7.393006898156671
2018-01-10 00:00:00;38.00318871567734;30.0;8.00318871567734
2018-01-10 01:00:00;38.003370533198;28.3;9.703370533198001
2018-01-10 02:00:00;37.52643008686604;27.95;9.576430086866043
2018-01-10 03:00:00;38.003734168239326;26.91;11.093734168239326
2018-01-10 04:00:00;37.52480262220191;26.63;10.894802622201912
2018-01-10 05:00:00;37.52398888986985;30.91;6.613988889869848
2018-01-10 06:00:00;50.68215725552999;34.87;15.81215725552999
2018-01-10 07:00:00;64.97852313693095;45.09;19.888523136930942
2018-01-10 08:00:00;65.19351838287909;49.16;16.033518382879095
2018-01-10 09:00:00;64.97893887460731;48.94;16.03893887460731
2018-01-10 10:00:00;65.194008140621;48.04;17.154008140620995
2018-01-10 11:00:00;65.19425301949194;47.78;17.414253019491937
2018-01-10 12:00:00;65.19449789836288;47.19;18.004497898362885
2018-01-10 13:00:00;64.97977034996006;45.24;19.73977034996006
2018-01-10 14:00:00;64.97997821879825;47.1;17.87997821879825
2018-01-10 15:00:00;65.53408047630366;47.98;17.55408047630366
2018-01-10 16:00:00;65.1954774138467;48.9;16.295477413846704
2018-01-10 17:00:00;66.0914800367252;51.9;14.191480036725203
2018-01-10 18:00:00;66.09172596540452;52.69;13.401725965404523
2018-01-10 19:00:00;64.9810175629892;49.1;15.881017562989193
2018-01-10 20:00:00;65.19645692933051;44.0;21.19645692933051
2018-01-10 21:00:00;60.02469249280195;36.99;23.034692492801945
2018-01-10 22:00:00;56.20327430286405;38.43;17.773274302864053
2018-01-10 23:00:00;51.86961167712906;37.9;13.969611677129059
2018-01-11 00:00:00;51.528914095762325;37.33;14.198914095762326
2018-01-11 01:00:00;51.94634926719337;36.3;15.646349267193372
2018-01-11 02:00:00;51.40702542282655;34.2;17.207025422826547
2018-01-11 03:00:00;50.32975114038854;33.0;17.329751140388538
2018-01-11 04:00:00;51.94693274462275;33.05;18.896932744622752
2018-01-11 05:00:00;51.94712723709921;37.09;14.857127237099206
2018-01-11 06:00:00;64.5114113653611;41.5;23.0114113653611
2018-01-11 07:00:00;87.7966698209533;53.07;34.7266698209533
2018-01-11 08:00:00;88.2693423179406;57.02;31.249342317940595
2018-01-11 09:00:00;88.269616452072;55.91;32.359616452072004
2018-01-11 10:00:00;87.79749026301128;55.13;32.66749026301128
2018-01-11 11:00:00;87.79776374369729;55.91;31.887763743697292
2018-01-11 12:00:00;87.79803722438328;54.61;33.18803722438328
2018-01-11 13:00:00;86.38461321986134;54.83;31.554613219861338
2018-01-11 14:00:00;86.85553716653752;54.74;32.115537166537514
2018-01-11 15:00:00;88.27126125686046;54.01;34.26126125686046
2018-01-11 16:00:00;87.79913114712727;54.96;32.83913114712727
2018-01-11 17:00:00;87.79940462781327;57.04;30.759404627813275
2018-01-11 18:00:00;87.32786024927165;57.48;29.847860249271655
2018-01-11 19:00:00;87.79995158918527;54.9;32.89995158918527
2018-01-11 20:00:00;85.91643298731194;50.0;35.916432987311936
2018-01-11 21:00:00;67.99245524821916;43.13;24.862455248219156
2018-01-11 22:00:00;59.01403522816801;42.4;16.614035228168014
2018-01-11 23:00:00;50.33360995060839;37.92;12.41360995060839
2018-01-12 00:00:00;49.75986372493951;33.09;16.669863724939503
2018-01-12 01:00:00;50.10309978781887;33.45;16.653099787818867
2018-01-12 02:00:00;50.10219890116576;34.0;16.102198901165757
2018-01-12 03:00:00;49.45383581381029;33.08;16.373835813810288
2018-01-12 04:00:00;50.10039712785956;33.03;17.070397127859557
2018-01-12 05:00:00;50.09949624120645;35.1;14.999496241206451
2018-01-12 06:00:00;60.07304765550123;39.93;20.143047655501228
2018-01-12 07:00:00;80.27254355437107;48.5;31.77254355437107
2018-01-12 08:00:00;79.80995356659258;48.23;31.579953566592586
2018-01-12 09:00:00;79.81021639676993;45.99;33.82021639676993
2018-01-12 10:00:00;79.8104792269473;45.95;33.86047922694729
2018-01-12 11:00:00;80.27359728901801;46.91;33.36359728901802
2018-01-12 12:00:00;79.81100488730199;48.49;31.32100488730199
2018-01-12 13:00:00;79.81126771747935;48.45;31.36126771747935
2018-01-12 14:00:00;80.27438759000323;45.96;34.31438759000323
2018-01-12 15:00:00;80.27465102366496;45.92;34.35465102366496
2018-01-12 16:00:00;79.81205620801141;46.5;33.31205620801141
2018-01-12 17:00:00;80.27517789098843;50.52;29.755177890988428
2018-01-12 18:00:00;79.81258186836612;47.0;32.812581868366124
2018-01-12 19:00:00;75.67013798939695;44.91;30.760137989396952
2018-01-12 20:00:00;63.91767811218602;43.01;20.90767811218602
2018-01-12 21:00:00;52.99902681241497;38.79;14.209026812414969
2018-01-12 22:00:00;48.79193582587085;35.02;13.771935825870848
2018-01-12 23:00:00;42.81692523090962;33.24;9.576925230909616
2018-01-13 00:00:00;38.78200237928299;39.03;-0.24799762071700826
2018-01-13 01:00:00;35.94812668317321;30.97;4.978126683173208
2018-01-13 02:00:00;35.94830669587575;29.87;6.0783066958757495
2018-01-13 03:00:00;35.948486708578294;28.93;7.018486708578294
2018-01-13 04:00:00;35.94866672128084;28.79;7.158666721280838
2018-01-13 05:00:00;35.94884673398338;28.98;6.96884673398338
2018-01-13 06:00:00;35.949026746685924;29.35;6.599026746685922
2018-01-13 07:00:00;38.05493816386116;31.43;6.6249381638611595
2018-01-13 08:00:00;42.46375499686527;36.43;6.0337549968652695
2018-01-13 09:00:00;45.4811848677741;39.92;5.561184867774095
2018-01-13 10:00:00;45.48137329752251;39.34;6.141373297522506
2018-01-13 11:00:00;45.59237330546943;40.96;4.632373305469429
2018-01-13 12:00:00;45.59150496972199;41.02;4.571504969721985
2018-01-13 13:00:00;45.48193858676771;38.81;6.671938586767709
2018-01-13 14:00:00;43.883267978298655;32.16;11.723267978298658
2018-01-13 15:00:00;42.28881991392549;31.88;10.408819913925488
2018-01-13 16:00:00;43.35163176343615;34.86;8.491631763436153
2018-01-13 17:00:00;45.482692305761326;38.9;6.582692305761327
2018-01-13 18:00:00;45.58629495523735;37.62;7.966294955237352
2018-01-13 19:00:00;42.4544436175518;32.86;9.594443617551804
2018-01-13 20:00:00;38.58481174896085;30.59;7.994811748960853
2018-01-13 21:00:00;34.54928074949544;29.8;4.749280749495437
2018-01-13 22:00:00;34.3769986863193;29.34;5.036998686319297
2018-01-13 23:00:00;32.177725480090075;28.8;3.3777254800900742
2018-01-14 00:00:00;31.238517948225024;23.25;7.988517948225024
2018-01-14 01:00:00;31.238694028232462;22.82;8.418694028232462
2018-01-14 02:00:00;31.58707468998401;24.01;7.577074689984009
2018-01-14 03:00:00;31.23904618824735;22.37;8.86904618824735
2018-01-14 04:00:00;31.239222268254792;22.35;8.889222268254791
2018-01-14 05:00:00;31.239398348262228;21.66;9.579398348262227
2018-01-14 06:00:00;31.583969941717;20.45;11.133969941717002
2018-01-14 07:00:00;31.58319375465025;22.02;9.56319375465025
2018-01-14 08:00:00;31.76207248412428;28.09;3.6720724841242784
2018-01-14 09:00:00;35.42849790929853;29.41;6.018497909298528
2018-01-14 10:00:00;35.42867747638131;29.74;5.6886774763813115
2018-01-14 11:00:00;34.53815752001121;30.13;4.408157520011212
2018-01-14 12:00:00;35.13409358890223;29.81;5.324093588902233
2018-01-14 13:00:00;34.53656848722774;29.44;5.096568487227739
2018-01-14 14:00:00;34.90442025324609;29.94;4.964420253246086
2018-01-14 15:00:00;36.93254068866035;32.09;4.84254068866035
2018-01-14 16:00:00;39.64480377913283;34.8;4.844803779132832
2018-01-14 17:00:00;39.64498697419699;37.99;1.6549869741969871
2018-01-14 18:00:00;39.64517016926116;37.22;2.4251701692611647
2018-01-14 19:00:00;39.64535336432533;34.72;4.925353364325332
2018-01-14 20:00:00;39.35544329029993;32.65;6.705443290299932
2018-01-14 21:00:00;36.48186080655215;30.42;6.061860806552147
2018-01-14 22:00:00;35.72456706265767;32.51;3.2145670626576717
2018-01-14 23:00:00;33.34043635503524;29.53;3.810436355035236
2018-01-15 00:00:00;31.21970362334995;23.15;8.069703623349952
2018-01-15 01:00:00;31.50928967679288;24.02;7.489289676792879
2018-01-15 02:00:00;31.508513489726127;23.1;8.408513489726126
2018-01-15 03:00:00;31.22023186337228;20.29;10.930231863372281
2018-01-15 04:00:00;31.506961115592624;22.81;8.696961115592625
2018-01-15 05:00:00;31.50618492852587;25.17;6.336184928525867
2018-01-15 06:00:00;40.15217712623138;40.7;-0.5478228737686237
2018-01-15 07:00:00;41.21125905854964;49.91;-8.698740941450353
2018-01-15 08:00:00;42.27214914359594;52.73;-10.457850856404058
2018-01-15 09:00:00;40.15272810291858;43.7;-3.5472718970814228
2018-01-15 10:00:00;40.15291176181432;32.32;7.832911761814323
2018-01-15 11:00:00;40.153095420710045;30.3;9.853095420710044
2018-01-15 12:00:00;40.15327907960578;29.43;10.723279079605781
2018-01-15 13:00:00;40.15346273850152;29.29;10.863462738501518
2018-01-15 14:00:00;40.15364639739725;29.42;10.733646397397251
2018-01-15 15:00:00;40.15383005629299;28.08;12.07383005629299
2018-01-15 16:00:00;40.15401371518872;24.1;16.054013715188717
2018-01-15 17:00:00;40.15419737408445;30.01;10.144197374084445
2018-01-15 18:00:00;40.15438103298019;28.04;12.11438103298019
2018-01-15 19:00:00;36.46221749636235;18.08;18.38221749636235
2018-01-15 20:00:00;28.000456865666536;13.59;14.410456865666536
2018-01-15 21:00:00;16.167296762905252;10.69;5.477296762905253
2018-01-15 22:00:00;16.16660655924158;10.01;6.156606559241579
2018-01-15 23:00:00;15.616109496545466;-1.16;16.776109496545466
2018-01-16 00:00:00;16.203292984585644;-9.61;25.813292984585644
2018-01-16 01:00:00;16.20260278092197;-6.62;22.822602780921972
2018-01-16 02:00:00;15.651958634986446;-2.33;17.981958634986448
2018-01-16 03:00:00;15.651271251546287;-4.92;20.571271251546285
2018-01-16 04:00:00;16.20053216993096;-0.08;16.280532169930957
2018-01-16 05:00:00;16.199841966267286;10.59;5.609841966267286
2018-01-16 06:00:00;33.3324234817325;27.72;5.612423481732499
2018-01-16 07:00:00;44.95388824639758;38.92;6.033888246397581
2018-01-16 08:00:00;44.95407618793583;42.13;2.8240761879358303
2018-01-16 09:00:00;44.95426412947407;39.27;5.684264129474066
2018-01-16 10:00:00;44.9544520710123;40.68;4.274452071012298
2018-01-16 11:00:00;44.95464001255054;37.99;6.964640012550539
2018-01-16 12:00:00;44.9548279540888;37.56;7.394827954088797
2018-01-16 13:00:00;44.95501589562703;36.92;8.035015895627026
2018-01-16 14:00:00;44.95520383716527;36.06;8.895203837165269
2018-01-16 15:00:00;44.95539177870352;34.61;10.345391778703522
2018-01-16 16:00:00;44.95557972024176;36.94;8.01557972024176
2018-01-16 17:00:00;44.95576766178;43.21;1.7457676617800004
2018-01-16 18:00:00;44.955955603318245;45.43;-0.47404439668175513
2018-01-16 19:00:00;44.95614354485649;43.45;1.506143544856485
2018-01-16 20:00:00;44.95633148639473;39.9;5.056331486394733
2018-01-16 21:00:00;39.11926455251888;30.72;8.39926455251888
2018-01-16 22:00:00;35.0701817893912;30.1;4.970181789391198
2018-01-16 23:00:00;34.90793358478818;24.62;10.287933584788181
2018-01-17 00:00:00;34.66497200850489;22.08;12.584972008504892
2018-01-17 01:00:00;34.664177492113154;14.82;19.844177492113154
2018-01-17 02:00:00;34.66338297572143;13.49;21.17338297572143
2018-01-17 03:00:00;34.6625884593297;12.35;22.312588459329696
2018-01-17 04:00:00;34.66179394293796;10.77;23.891793942937962
2018-01-17 05:00:00;34.66099942654624;21.09;13.57099942654624
2018-01-17 06:00:00;40.71611941114774;31.94;8.776119411147736
2018-01-17 07:00:00;43.81711336955593;40.0;3.8171133695559334
2018-01-17 08:00:00;43.81625827509647;44.95;-1.1337417249035298
2018-01-17 09:00:00;43.97018409290102;42.49;1.4801840929010197
2018-01-17 10:00:00;43.97037106556935;39.88;4.09037106556935
2018-01-17 11:00:00;43.81369299171808;38.99;4.823692991718076
2018-01-17 12:00:00;43.81283789725861;34.75;9.06283789725861
2018-01-17 13:00:00;43.81198280279915;32.54;11.271982802799151
2018-01-17 14:00:00;42.37581123707955;32.31;10.06581123707955
2018-01-17 15:00:00;43.18572180293047;33.11;10.075721802930474
2018-01-17 16:00:00;42.562465922671926;38.04;4.522465922671927
2018-01-17 17:00:00;43.808562424961295;38.9;4.908562424961296
2018-01-17 18:00:00;43.80770733050184;38.44;5.367707330501844
2018-01-17 19:00:00;43.80685223604237;34.26;9.546852236042369
2018-01-17 20:00:00;41.31568571178657;31.2;10.115685711786572
2018-01-17 21:00:00;36.03630770564112;22.36;13.676307705641122
2018-01-17 22:00:00;33.41265793104186;19.24;14.172657931041865
2018-01-17 23:00:00;27.03267004700443;8.91;18.12267004700443
2018-01-18 00:00:00;27.254861433544757;12.66;14.594861433544757
2018-01-18 01:00:00;27.25411287694567;9.29;17.96411287694567
2018-01-18 02:00:00;25.53003326213036;9.73;15.80003326213036
2018-01-18 03:00:00;26.67673405827444;9.33;17.346734058274443
2018-01-18 04:00:00;26.101558062370337;9.73;16.371558062370337
2018-01-18 05:00:00;26.675243577286544;14.96;11.715243577286543
2018-01-18 06:00:00;34.87776450107846;30.45;4.42776450107846
2018-01-18 07:00:00;43.42549127429204;42.93;0.49549127429204276
2018-01-18 08:00:00;46.20355314488634;42.15;4.053553144886344
2018-01-18 09:00:00;45.94008846405498;42.0;3.9400884640549805
2018-01-18 10:00:00;46.20393098588952;40.91;5.293930985889524
2018-01-18 11:00:00;45.6697222095624;39.34;6.329722209562398
2018-01-18 12:00:00;44.67491977799395;37.27;7.404919777993946
2018-01-18 13:00:00;42.796796462513534;31.55;11.246796462513533
2018-01-18 14:00:00;40.8819916469904;31.51;9.371991646990399
2018-01-18 15:00:00;42.47409273001831;31.54;10.934092730018314
2018-01-18 16:00:00;45.93401011382291;32.57;13.364010113822907
2018-01-18 17:00:00;46.20525342940061;39.97;6.235253429400608
2018-01-18 18:00:00;45.932273442328025;42.04;3.892273442328026
2018-01-18 19:00:00;46.205631270403785;41.49;4.715631270403783
2018-01-18 20:00:00;46.20582019090537;38.93;7.275820190905371
2018-01-18 21:00:00;42.16858934246413;34.3;7.8685893424641336
2018-01-18 22:00:00;40.35372843890632;32.57;7.783728438906323
2018-01-18 23:00:00;36.65809333611424;30.45;6.208093336114242
2018-01-19 00:00:00;36.36261530356431;30.0;6.362615303564311
2018-01-19 01:00:00;36.77314811862638;29.97;6.803148118626382
2018-01-19 02:00:00;36.3610111179182;29.49;6.871011117918204
2018-01-19 03:00:00;36.360209025095145;29.56;6.800209025095146
2018-01-19 04:00:00;36.35940693227209;30.02;6.339406932272087
2018-01-19 05:00:00;38.35605215981027;31.76;6.596052159810267
2018-01-19 06:00:00;49.54648833634471;40.02;9.526488336344705
2018-01-19 07:00:00;62.53832686130906;48.96;13.578326861309058
2018-01-19 08:00:00;62.61553238650544;51.94;10.675532386505445
2018-01-19 09:00:00;62.61573731901393;50.36;12.255737319013932
2018-01-19 10:00:00;62.53905068356188;49.58;12.959050683561884
2018-01-19 11:00:00;62.61614718403091;46.88;15.736147184030905
2018-01-19 12:00:00;62.53953323173043;42.99;19.54953323173043
2018-01-19 13:00:00;62.065329922228365;41.67;20.395329922228363
2018-01-19 14:00:00;62.54001577989898;39.49;23.050015779898978
2018-01-19 15:00:00;60.96513188545577;41.78;19.185131885455768
2018-01-19 16:00:00;62.54049832806753;44.3;18.24049832806753
2018-01-19 17:00:00;62.617376779081866;49.57;13.047376779081866
2018-01-19 18:00:00;62.54098087623607;49.74;12.800980876236068
2018-01-19 19:00:00;62.61778664409884;44.79;17.827786644098843
2018-01-19 20:00:00;56.58761950191798;39.79;16.79761950191798
2018-01-19 21:00:00;50.6263398727081;37.84;12.786339872708098
2018-01-19 22:00:00;47.40172589950734;37.54;9.861725899507341
2018-01-19 23:00:00;42.46256919640756;33.41;9.05256919640756
2018-01-20 00:00:00;38.35950669270288;29.71;8.649506692702879
2018-01-20 01:00:00;38.76655266307903;27.84;10.926552663079033
2018-01-20 02:00:00;38.35987032774421;28.37;9.98987032774421
2018-01-20 03:00:00;38.36005214526487;23.92;14.440052145264872
2018-01-20 04:00:00;38.360233962785536;23.37;14.990233962785535
2018-01-20 05:00:00;38.3604157803062;26.01;12.350415780306196
2018-01-20 06:00:00;38.762464225066296;29.62;9.142464225066295
2018-01-20 07:00:00;38.76164653746375;30.85;7.911646537463746
2018-01-20 08:00:00;43.07786526839783;33.07;10.007865268397829
2018-01-20 09:00:00;47.40381490639346;38.0;9.403814906393457
2018-01-20 10:00:00;48.782119569596695;41.66;7.122119569596698
2018-01-20 11:00:00;48.78123292743636;41.68;7.101232927436364
2018-01-20 12:00:00;48.47730687025923;41.93;6.547306870259227
2018-01-20 13:00:00;48.7794596431157;41.45;7.3294596431156975
2018-01-20 14:00:00;48.77857300095537;39.0;9.778573000955369
2018-01-20 15:00:00;48.77768635879504;40.01;8.76768635879504
2018-01-20 16:00:00;48.47807050764376;41.8;6.67807050764376
2018-01-20 17:00:00;48.77591307447438;44.68;4.095913074474382
2018-01-20 18:00:00;48.47845232633604;49.38;-0.9015476736639627
2018-01-20 19:00:00;48.77413979015371;43.98;4.794139790153714
2018-01-20 20:00:00;48.77325314799338;39.16;9.613253147993383
2018-01-20 21:00:00;46.84978118961868;36.37;10.479781189618684
2018-01-20 22:00:00;44.73257196550128;36.33;8.40257196550128
2018-01-20 23:00:00;42.07098089496899;32.67;9.400980894968988
2018-01-21 00:00:00;39.42086978093477;31.88;7.540869780934774
2018-01-21 01:00:00;37.30879403847827;30.41;6.898794038478268
2018-01-21 02:00:00;37.30897494908863;29.24;8.06897494908863
2018-01-21 03:00:00;37.309155859699;27.71;9.599155859698996
2018-01-21 04:00:00;37.30933677030936;25.56;11.749336770309359
2018-01-21 05:00:00;37.309517680919726;27.68;9.629517680919726
2018-01-21 06:00:00;37.309698591530086;28.47;8.839698591530087
2018-01-21 07:00:00;37.30987950214045;30.31;6.999879502140448
2018-01-21 08:00:00;39.96439073906728;32.49;7.474390739067275
2018-01-21 09:00:00;43.056703042685385;35.3;7.756703042685388
2018-01-21 10:00:00;45.56859188426744;38.88;6.688591884267439
2018-01-21 11:00:00;46.87302646826738;40.93;5.943026468267384
2018-01-21 12:00:00;46.8732158820851;40.93;5.943215882085099
2018-01-21 13:00:00;45.566000254306914;37.77;7.796000254306911
2018-01-21 14:00:00;45.80361322844638;33.84;11.963613228446377
2018-01-21 15:00:00;44.303548500961774;34.62;9.683548500961777
2018-01-21 16:00:00;45.803990087943184;38.04;7.763990087943185
2018-01-21 17:00:00;46.87416295117368;42.93;3.9441629511736807
2018-01-21 18:00:00;47.41008192705184;48.08;-0.6699180729481569
2018-01-21 19:00:00;47.41027183676876;42.92;4.4902718367687555
2018-01-21 20:00:00;44.20339005385365;37.46;6.743390053853652
2018-01-21 21:00:00;41.18466086769699;32.53;8.65466086769699
2018-01-21 22:00:00;39.952830734288185;32.5;7.4528307342881845
2018-01-21 23:00:00;37.31277407190628;30.2;7.1127740719062835
2018-01-22 00:00:00;37.346772602912125;27.06;10.286772602912126
2018-01-22 01:00:00;37.34695351352249;20.0;17.346953513522493
2018-01-22 02:00:00;37.34713442413285;16.22;21.127134424132848
2018-01-22 03:00:00;36.29358240015427;12.88;23.41358240015427
2018-01-22 04:00:00;37.34749624535359;15.52;21.82749624535359
2018-01-22 05:00:00;37.34767715596395;25.01;12.337677155963949
2018-01-22 06:00:00;43.70728369877301;33.08;10.627283698773013
2018-01-22 07:00:00;53.41640729568928;42.95;10.46640729568928
2018-01-22 08:00:00;64.32648460629173;45.06;19.266484606291726
2018-01-22 09:00:00;64.32669129055816;45.9;18.42669129055816
2018-01-22 10:00:00;64.8350894481871;44.98;19.85508944818711
2018-01-22 11:00:00;64.32710465909105;48.39;15.937104659091048
2018-01-22 12:00:00;64.38803265726968;47.0;17.388032657269676
2018-01-22 13:00:00;64.3882759781263;47.39;16.9982759781263
2018-01-22 14:00:00;64.38851929898293;46.34;18.048519298982924
2018-01-22 15:00:00;64.38876261983957;43.94;20.44876261983957
2018-01-22 16:00:00;64.32813808042324;43.65;20.678138080423246
2018-01-22 17:00:00;64.38924926155283;49.5;14.889249261552834
2018-01-22 18:00:00;64.38949258240946;51.0;13.38949258240946
2018-01-22 19:00:00;64.38973590326609;48.05;16.33973590326609
2018-01-22 20:00:00;63.04982969067832;42.82;20.229829690678322
2018-01-22 21:00:00;51.75561960224006;38.99;12.765619602240058
2018-01-22 22:00:00;47.98723232112715;37.99;9.99723232112715
2018-01-22 23:00:00;45.84505458301242;35.84;10.005054583012416
2018-01-23 00:00:00;45.908644723924624;34.2;11.708644723924621
2018-01-23 01:00:00;45.90883315367303;32.52;13.388833153673026
2018-01-23 02:00:00;45.90902158342143;31.54;14.369021583421429
2018-01-23 03:00:00;45.37467487902251;30.38;14.994674879022508
2018-01-23 04:00:00;45.90939844291823;30.97;14.939398442918232
2018-01-23 05:00:00;45.79825957729911;32.48;13.318259577299116
2018-01-23 06:00:00;54.53118659030273;40.0;14.531186590302731
2018-01-23 07:00:00;58.34669438526079;48.93;9.41669438526079
2018-01-23 08:00:00;61.089578621792455;52.74;8.349578621792453
2018-01-23 09:00:00;58.89444279482471;50.79;8.104442794824713
2018-01-23 10:00:00;58.34729559461108;48.2;10.14729559461108
2018-01-23 11:00:00;58.34749599772785;44.91;13.43749599772785
2018-01-23 12:00:00;58.34769640084461;41.94;16.407696400844614
2018-01-23 13:00:00;57.80113202096379;41.83;15.971132020963793
2018-01-23 14:00:00;54.53275939848466;39.0;15.532759398484657
2018-01-23 15:00:00;53.99015332711471;37.5;16.49015332711471
2018-01-23 16:00:00;52.24652597974208;35.63;16.61652597974208
2018-01-23 17:00:00;58.348698416428434;40.94;17.408698416428436
2018-01-23 18:00:00;58.3488988195452;40.98;17.3688988195452
2018-01-23 19:00:00;52.90696735093303;34.59;18.316967350933027
2018-01-23 20:00:00;43.77712009265897;33.25;10.527120092658969
2018-01-23 21:00:00;36.51650246119089;29.62;6.896502461190888
2018-01-23 22:00:00;33.734074561049034;28.03;5.704074561049033
2018-01-23 23:00:00;23.646028587715;13.64;10.006028587715
2018-01-24 00:00:00;24.214485953807305;13.46;10.754485953807304
2018-01-24 01:00:00;24.21375686267896;11.21;13.003756862678959
2018-01-24 02:00:00;21.944366893033138;10.34;11.604366893033138
2018-01-24 03:00:00;20.81720307378011;9.26;11.55720307378011
2018-01-24 04:00:00;24.21156958929391;11.23;12.981569589293908
2018-01-24 05:00:00;24.210840498165556;16.74;7.470840498165558
2018-01-24 06:00:00;34.78538398996276;28.83;5.955383989962762
2018-01-24 07:00:00;36.50848153296033;40.92;-4.41151846703967
2018-01-24 08:00:00;36.36369266746467;40.0;-3.6363073325353312
2018-01-24 09:00:00;36.36387268016721;32.66;3.7038726801672155
2018-01-24 10:00:00;36.506075254491165;30.57;5.936075254491165
2018-01-24 11:00:00;36.50527316166811;29.9;6.605273161668109
2018-01-24 12:00:00;35.8380072855522;29.82;6.018007285552201
2018-01-24 13:00:00;35.30116048993381;29.06;6.241160489933808
2018-01-24 14:00:00;36.36477274367993;25.05;11.314772743679928
2018-01-24 15:00:00;36.50206479037589;26.11;10.39206479037589
2018-01-24 16:00:00;36.50126269755283;29.0;7.501262697552832
2018-01-24 17:00:00;36.36531278178756;29.7;6.665312781787559
2018-01-24 18:00:00;36.49965851190672;29.27;7.229658511906724
2018-01-24 19:00:00;36.49885641908367;28.37;8.128856419083672
2018-01-24 20:00:00;33.505150442965245;25.06;8.445150442965247
2018-01-24 21:00:00;27.06567338717467;18.26;8.805673387174668
2018-01-24 22:00:00;21.930033553306625;16.49;5.440033553306627
2018-01-24 23:00:00;20.80299082658292;11.83;8.97299082658292
2018-01-25 00:00:00;20.60008439101861;4.72;15.88008439101861
2018-01-25 01:00:00;21.162139998155016;5.45;15.712139998155017
2018-01-25 02:00:00;21.16142938579516;3.87;17.29142938579516
2018-01-25 03:00:00;20.597961521272254;4.69;15.907961521272252
2018-01-25 04:00:00;20.597253898023467;4.74;15.857253898023467
2018-01-25 05:00:00;21.15929754871557;13.99;7.169297548715571
2018-01-25 06:00:00;36.29300169350991;28.12;8.173001693509907
2018-01-25 07:00:00;48.11143513413634;40.94;7.171435134136345
2018-01-25 08:00:00;53.62405720754825;41.27;12.354057207548244
2018-01-25 09:00:00;53.99819304885777;39.94;14.058193048857774
2018-01-25 10:00:00;53.33243887163294;39.58;13.75243887163294
2018-01-25 11:00:00;54.71065933874108;39.8;14.910659338741084
2018-01-25 12:00:00;56.88958559418042;40.05;16.83958559418042
2018-01-25 13:00:00;60.72483005130304;41.13;19.594830051303035
2018-01-25 14:00:00;60.72503269380901;43.98;16.745032693809016
2018-01-25 15:00:00;60.72523533631497;45.29;15.435235336314967
2018-01-25 16:00:00;60.72543797882092;45.47;15.255437978820922
2018-01-25 17:00:00;62.37825531456024;49.37;13.008255314560245
2018-01-25 18:00:00;63.483311815611984;52.76;10.723311815611986
2018-01-25 19:00:00;60.7260459063388;49.93;10.796045906338797
2018-01-25 20:00:00;60.72624854884475;43.71;17.01624854884475
2018-01-25 21:00:00;53.322367312184426;38.98;14.342367312184429
2018-01-25 22:00:00;52.00007810350522;38.62;13.38007810350522
2018-01-25 23:00:00;48.097396838527615;34.9;13.197396838527617
2018-01-26 00:00:00;48.115220156506034;37.23;10.885220156506037
2018-01-26 01:00:00;48.11541056472558;35.03;13.085410564725578
2018-01-26 02:00:00;48.11560097294512;34.1;14.015600972945116
2018-01-26 03:00:00;47.14417789791384;33.01;14.134177897913844
2018-01-26 04:00:00;48.1159817893842;32.91;15.205981789384204
2018-01-26 05:00:00;48.11617219760375;34.9;13.216172197603754
2018-01-26 06:00:00;58.41336890301427;39.91;18.503368903014277
2018-01-26 07:00:00;77.72662445257572;51.27;26.456624452575717
2018-01-26 08:00:00;77.2660644203115;54.72;22.546064420311495
2018-01-26 09:00:00;77.72714298567212;54.52;23.207142985672114
2018-01-26 10:00:00;77.72740225222032;54.02;23.707402252220312
2018-01-26 11:00:00;77.26684046626352;53.18;24.086840466263517
2018-01-26 12:00:00;77.72792078531673;50.23;27.49792078531673
2018-01-26 13:00:00;77.26735783023153;49.2;28.06735783023153
2018-01-26 14:00:00;73.59889139670567;48.96;24.638891396705667
2018-01-26 15:00:00;77.72869858496132;48.25;29.47869858496132
2018-01-26 16:00:00;77.72895785150952;48.25;29.47895785150952
2018-01-26 17:00:00;77.72921711805772;51.15;26.57921711805772
2018-01-26 18:00:00;77.26865124015158;54.7;22.56865124015158
2018-01-26 19:00:00;77.72973565115412;52.09;25.639735651154112
2018-01-26 20:00:00;76.80884615461147;46.0;30.808846154611473
2018-01-26 21:00:00;61.710576339274255;40.44;21.270576339274257
2018-01-26 22:00:00;54.056954635937046;40.43;13.626954635937047
2018-01-26 23:00:00;50.35060910897899;39.0;11.350609108978993
2018-01-27 00:00:00;42.71043149028312;36.81;5.900431490283118
2018-01-27 01:00:00;40.65046023966019;33.8;6.850460239660194
2018-01-27 02:00:00;39.00718632136602;32.87;6.137186321366023
2018-01-27 03:00:00;39.00636863376347;32.53;6.476368633763471
2018-01-27 04:00:00;39.00555094616092;32.53;6.475550946160922
2018-01-27 05:00:00;39.004733258558375;31.79;7.214733258558375
2018-01-27 06:00:00;39.615815910856846;32.51;7.1058159108568475
2018-01-27 07:00:00;44.90842542442563;34.65;10.258425424425631
2018-01-27 08:00:00;48.6585000761325;43.45;5.208500076132495
2018-01-27 09:00:00;49.19638505001821;47.19;2.00638505001821
2018-01-27 10:00:00;49.04393220105556;47.04;2.0039322010555622
2018-01-27 11:00:00;49.04304555889523;43.93;5.11304555889523
2018-01-27 12:00:00;48.12207485240955;41.92;6.202074852409545
2018-01-27 13:00:00;43.94984315728318;38.06;5.889843157283181
2018-01-27 14:00:00;40.12280348515864;32.5;7.6228034851586415
2018-01-27 15:00:00;38.9965563825329;32.1;6.8965563825329
2018-01-27 16:00:00;40.22142378346553;32.06;8.16142378346553
2018-01-27 17:00:00;43.3202028583716;37.0;6.3202028583716015
2018-01-27 18:00:00;43.31935636934311;39.7;3.619356369343109
2018-01-27 19:00:00;37.77536783906544;34.07;3.7053678390654383
2018-01-27 20:00:00;29.448394302711947;27.89;1.558394302711946
2018-01-27 21:00:00;15.302558107135363;11.91;3.392558107135363
2018-01-27 22:00:00;10.894504202668552;10.98;-0.08549579733144874
2018-01-27 23:00:00;0.0;0.1;-0.1
2018-01-28 00:00:00;0.0;-0.04;0.04
2018-01-28 01:00:00;0.0;-12.02;12.02
2018-01-28 02:00:00;0.0;-19.43;19.43
2018-01-28 03:00:00;0.0;-12.19;12.19
2018-01-28 04:00:00;0.0;-9.14;9.14
2018-01-28 05:00:00;0.0;0.04;-0.04
2018-01-28 06:00:00;0.0;-0.25;0.25
2018-01-28 07:00:00;0.0;2.09;-2.09
2018-01-28 08:00:00;0.0;10.34;-10.34
2018-01-28 09:00:00;3.223231125416458;11.65;-8.426768874583543
2018-01-28 10:00:00;3.968304921758758;14.04;-10.071695078241241
2018-01-28 11:00:00;3.967676588862524;11.69;-7.7223234111374754
2018-01-28 12:00:00;4.4967847488095565;11.64;-7.143215251190444
2018-01-28 13:00:00;3.223231125416458;6.32;-3.0967688745835424
2018-01-28 14:00:00;3.223231125416458;10.32;-7.096768874583542
2018-01-28 15:00:00;3.223231125416458;10.09;-6.866768874583542
2018-01-28 16:00:00;5.556389667921746;10.8;-5.243610332078255
2018-01-28 17:00:00;5.555754214666944;11.8;-6.244245785333057
2018-01-28 18:00:00;6.620869309625409;18.55;-11.929130690374592
2018-01-28 19:00:00;5.554483308157355;14.17;-8.615516691842645
2018-01-28 20:00:00;5.553847854902553;10.47;-4.916152145097447
2018-01-28 21:00:00;5.553212401647759;10.41;-4.856787598352241
2018-01-28 22:00:00;5.552576948392964;10.85;-5.297423051607035
2018-01-28 23:00:00;4.4898471747302615;0.5;3.9898471747302615
2018-01-29 00:00:00;4.517044000710602;-0.05;4.5670440007106015
2018-01-29 01:00:00;4.51641331215794;-4.09;8.60641331215794
2018-01-29 02:00:00;4.515782623605279;-20.25;24.76578262360528
2018-01-29 03:00:00;4.515151935052618;-20.09;24.605151935052618
2018-01-29 04:00:00;4.514521246499957;-19.96;24.474521246499958
2018-01-29 05:00:00;4.513890557947295;-0.9;5.413890557947296
2018-01-29 06:00:00;14.807476747674777;12.43;2.377476747674777
2018-01-29 07:00:00;30.039297273058715;29.98;0.05929727305871424
2018-01-29 08:00:00;30.038535151576973;29.32;0.7185351515769725
2018-01-29 09:00:00;30.15392952688322;28.04;2.113929526883222
2018-01-29 10:00:00;30.15410433390141;28.09;2.064104333901412
2018-01-29 11:00:00;30.036248787131747;28.07;1.9662487871317467
2018-01-29 12:00:00;30.03548666565;18.97;11.065486665650003
2018-01-29 13:00:00;30.034724544168256;22.94;7.094724544168255
2018-01-29 14:00:00;30.033962422686518;29.62;0.4139624226865166
2018-01-29 15:00:00;30.03320030120477;30.52;-0.486799698795231
2018-01-29 16:00:00;30.03243817972303;30.48;-0.4475618202769702
2018-01-29 17:00:00;30.03167605824129;31.98;-1.9483239417587122
2018-01-29 18:00:00;30.030913936759543;34.26;-4.229086063240455
2018-01-29 19:00:00;30.0301518152778;29.93;0.10015181527780115
2018-01-29 20:00:00;30.029389693796052;29.77;0.25938969379605226
2018-01-29 21:00:00;20.860231331885803;22.04;-1.1797686681141961
2018-01-29 22:00:00;20.859520719525943;14.08;6.779520719525943
2018-01-29 23:00:00;20.85881010716608;10.47;10.388810107166078
2018-01-30 00:00:00;20.70132975728804;13.97;6.731329757288039
2018-01-30 01:00:00;20.70061914492817;13.91;6.7906191449281685
2018-01-30 02:00:00;20.699908532568312;13.01;7.689908532568312
2018-01-30 03:00:00;20.69919792020845;13.8;6.899197920208451
2018-01-30 04:00:00;20.6984873078486;15.5;5.198487307848598
2018-01-30 05:00:00;28.68964015463356;24.02;4.669640154633562
2018-01-30 06:00:00;39.41163648648144;34.0;5.4116364864814415
2018-01-30 07:00:00;49.6906233763622;44.59;5.1006233763621935
2018-01-30 08:00:00;49.47138214715972;44.85;4.621382147159721
2018-01-30 09:00:00;49.69100721547129;41.37;8.32100721547129
2018-01-30 10:00:00;49.69119913502584;38.93;10.76119913502584
2018-01-30 11:00:00;48.17919601551692;38.95;9.22919601551692
2018-01-30 12:00:00;45.6280229922828;37.92;7.7080229922828
2018-01-30 13:00:00;45.93570587381162;37.02;8.915705873811618
2018-01-30 14:00:00;47.53545332590047;39.98;7.555453325900473
2018-01-30 15:00:00;49.692158732798575;41.92;7.772158732798573
2018-01-30 16:00:00;49.69235065235313;44.95;4.7423506523531245
2018-01-30 17:00:00;50.23115061549808;52.39;-2.15884938450192
2018-01-30 18:00:00;51.85029519711344;57.97;-6.1197048028865595
2018-01-30 19:00:00;50.76099490592193;53.78;-3.019005094078068
2018-01-30 20:00:00;49.46068606705696;44.98;4.480686067056965
2018-01-30 21:00:00;46.47230767203277;38.97;7.502307672032771
2018-01-30 22:00:00;42.73692207897874;38.53;4.206922078978742
2018-01-30 23:00:00;35.33309022843219;34.1;1.2330902284321894
2018-01-31 00:00:00;32.68283358224178;29.61;3.0728335822417776
2018-01-31 01:00:00;32.68301052125922;28.98;3.7030105212592197
2018-01-31 02:00:00;32.708782635878705;27.24;5.468782635878707
2018-01-31 03:00:00;32.68336439929411;17.97;14.713364399294115
2018-01-31 04:00:00;32.683541338311564;19.53;13.153541338311562
2018-01-31 05:00:00;32.68371827732901;26.37;6.313718277329006
2018-01-31 06:00:00;34.78200153157422;31.74;3.0420015315742184
2018-01-31 07:00:00;41.16177108803995;35.53;5.631771088039947
2018-01-31 08:00:00;41.16093718722752;35.97;5.190937187227519
2018-01-31 09:00:00;41.16010328641508;31.42;9.740103286415078
2018-01-31 10:00:00;38.705676603205326;30.71;7.995676603205325
2018-01-31 11:00:00;38.09634132369456;30.03;8.066341323694559
2018-01-31 12:00:00;37.4889081967726;29.61;7.878908196772599
2018-01-31 13:00:00;37.94293430162307;28.05;9.892934301623068
2018-01-31 14:00:00;38.99977891062044;29.63;9.369778910620443
2018-01-31 15:00:00;39.31201181882744;29.03;10.282011818827442
2018-01-31 16:00:00;41.15426598072805;30.16;10.994265980728049
2018-01-31 17:00:00;41.15343207991561;32.25;8.90343207991561
2018-01-31 18:00:00;41.64993809342459;34.36;7.289938093424588
2018-01-31 19:00:00;41.15176427829075;32.52;8.631764278290746
2018-01-31 20:00:00;41.15093037747832;29.3;11.850930377478317
2018-01-31 21:00:00;39.00105483137954;28.06;10.941054831379542
2018-01-31 22:00:00;36.36280520484112;28.32;8.042805204841123
2018-01-31 23:00:00;32.68690317964305;24.98;7.706903179643053
2018-02-01 00:00:00;32.60608114894032;23.94;8.666081148940318
2018-02-01 01:00:00;32.8825177059498;24.22;8.662517705949803
2018-02-01 02:00:00;32.88281155110378;24.06;8.82281155110378
2018-02-01 03:00:00;32.60552070330982;20.09;12.515520703309821
2018-02-01 04:00:00;32.88339924141172;22.23;10.653399241411723
2018-02-01 05:00:00;33.932908503361986;25.25;8.682908503361986
2018-02-01 06:00:00;44.51999560088336;32.8;11.719995600883365
2018-02-01 07:00:00;49.28721485945602;41.05;8.237214859456024
2018-02-01 08:00:00;49.28700145955719;41.17;8.117001459557187
2018-02-01 09:00:00;49.28678805965836;40.92;8.366788059658361
2018-02-01 10:00:00;49.28657465975951;37.19;12.096574659759511
2018-02-01 11:00:00;48.640402386359455;32.35;16.290402386359453
2018-02-01 12:00:00;46.71682292337176;31.08;15.63682292337176
2018-02-01 13:00:00;47.35535519123769;32.22;15.135355191237693
2018-02-01 14:00:00;48.80922395945319;32.38;16.42922395945319
2018-02-01 15:00:00;49.28550766026533;40.1;9.18550766026533
2018-02-01 16:00:00;49.28529426036648;42.04;7.245294260366478
2018-02-01 17:00:00;49.28508086046765;46.32;2.9650808604676513
2018-02-01 18:00:00;49.28486746056881;44.98;4.304867460568815
2018-02-01 19:00:00;49.28465406066997;42.92;6.36465406066997
2018-02-01 20:00:00;49.28444066077113;39.98;9.304440660771135
2018-02-01 21:00:00;43.55554116180357;36.95;6.605541161803565
2018-02-01 22:00:00;39.73880731811683;32.2;7.538807318116824
2018-02-01 23:00:00;39.20959194518797;28.97;10.239591945187968
2018-02-02 00:00:00;38.92401507958754;30.72;8.204015079587542
2018-02-02 01:00:00;39.09775793331905;30.09;9.007757933319052
2018-02-02 02:00:00;39.09806063900936;29.79;9.308060639009362
2018-02-02 03:00:00;39.09836334469965;29.74;9.35836334469965
2018-02-02 04:00:00;38.923227864814905;30.1;8.823227864814903
2018-02-02 05:00:00;39.09896875608025;32.97;6.128968756080248
2018-02-02 06:00:00;49.23432455182744;37.4;11.834324551827443
2018-02-02 07:00:00;55.72925325546874;45.79;9.939253255468742
2018-02-02 08:00:00;55.72958153306956;48.72;7.009581533069564
2018-02-02 09:00:00;55.72990981067037;47.96;7.76990981067037
2018-02-02 10:00:00;55.18602716198096;47.94;7.246027161980962
2018-02-02 11:00:00;55.73056636587198;47.09;8.640566365871976
2018-02-02 12:00:00;55.18668193287277;44.9;10.286681932872774
2018-02-02 13:00:00;55.7312229210736;40.95;14.7812229210736
2018-02-02 14:00:00;55.187336703764586;40.9;14.287336703764588
2018-02-02 15:00:00;54.1009043956529;41.11;12.990904395652898
2018-02-02 16:00:00;55.1879914746564;43.29;11.8979914746564
2018-02-02 17:00:00;55.18831886010232;48.02;7.168318860102318
2018-02-02 18:00:00;55.732864309077634;47.96;7.772864309077633
2018-02-02 19:00:00;55.73319258667844;46.43;9.303192586678442
2018-02-02 20:00:00;55.73352086427926;43.39;12.343520864279256
2018-02-02 21:00:00;51.93587700620685;40.06;11.87587700620685
2018-02-02 22:00:00;49.77772930140912;40.08;9.697729301409119
2018-02-02 23:00:00;44.951247758779004;36.08;8.871247758779006
2018-02-03 00:00:00;43.86775101933532;35.39;8.477751019335322
2018-02-03 01:00:00;43.86754625326779;34.04;9.82754625326779
2018-02-03 02:00:00;43.86734148720025;34.02;9.847341487200246
2018-02-03 03:00:00;43.86713672113272;34.09;9.777136721132713
2018-02-03 04:00:00;43.866931955065176;33.73;10.13693195506518
2018-02-03 05:00:00;43.86672718899764;34.31;9.556727188997641
2018-02-03 06:00:00;43.86652242293011;33.95;9.916522422930107
2018-02-03 07:00:00;48.70445678302649;34.35;14.354456783026485
2018-02-03 08:00:00;54.10643986093845;41.88;12.226439860938449
2018-02-03 09:00:00;55.19355702723682;45.45;9.743557027236818
2018-02-03 10:00:00;55.19388441268272;45.84;9.353884412682717
2018-02-03 11:00:00;55.73844502829138;47.08;8.658445028291382
2018-02-03 12:00:00;55.73877330589218;46.31;9.428773305892179
2018-02-03 13:00:00;53.02346788417714;43.72;9.303467884177138
2018-02-03 14:00:00;52.21152769729497;39.97;12.24152769729497
2018-02-03 15:00:00;52.87090388766725;39.12;13.75090388766725
2018-02-03 16:00:00;54.65216969189962;40.96;13.692169691899622
2018-02-03 17:00:00;55.74041469389623;47.38;8.360414693896224
2018-02-03 18:00:00;55.74074297149704;50.54;5.200742971497043
2018-02-03 19:00:00;55.19683088169589;49.98;5.216830881695891
2018-02-03 20:00:00;51.94328605866674;41.76;10.183286058666745
2018-02-03 21:00:00;46.38882730286005;38.47;7.918827302860052
2018-02-03 22:00:00;43.35820195260352;39.09;4.268201952603519
2018-02-03 23:00:00;39.640954588045055;35.39;4.2509545880450545
2018-02-04 00:00:00;39.64125805629442;32.02;7.621258056294415
2018-02-04 01:00:00;39.52583467094152;31.3;8.22583467094152
2018-02-04 02:00:00;39.52563690598152;30.96;8.56563690598152
2018-02-04 03:00:00;39.52543914102152;30.99;8.535439141021524
2018-02-04 04:00:00;39.64247192929188;30.83;8.812471929291881
2018-02-04 05:00:00;39.52504361110151;30.79;8.73504361110151
2018-02-04 06:00:00;39.64307886579061;30.84;8.803078865790614
2018-02-04 07:00:00;39.643382334039984;31.23;8.413382334039984
2018-02-04 08:00:00;39.64368580228936;31.37;8.27368580228936
2018-02-04 09:00:00;41.7655926285041;32.38;9.3855926285041
2018-02-04 10:00:00;43.86078897303912;33.1;10.76078897303912
2018-02-04 11:00:00;42.82974918027944;34.44;8.389749180279445
2018-02-04 12:00:00;41.76651230039402;33.4;8.366512300394021
2018-02-04 13:00:00;40.13687320075585;32.08;8.056873200755852
2018-02-04 14:00:00;40.17523527340016;31.61;8.565235273400162
2018-02-04 15:00:00;41.36929262974841;32.09;9.279292629748404
2018-02-04 16:00:00;43.23376032413588;34.25;8.98376032413588
2018-02-04 17:00:00;49.79143441388479;39.71;10.081434413884786
2018-02-04 18:00:00;51.5484959377593;42.91;8.638495937759302
2018-02-04 19:00:00;51.95069511112662;40.01;11.940695111126622
2018-02-04 20:00:00;49.25403326674444;36.15;13.104033266744445
2018-02-04 21:00:00;45.11668720740113;35.0;10.116687207401128
2018-02-04 22:00:00;44.48630147703041;35.05;9.436301477030412
2018-02-04 23:00:00;42.30143440088081;32.92;9.381434400880806
2018-02-05 00:00:00;41.01794580126874;32.14;8.877945801268737
2018-02-05 01:00:00;41.01774509532786;31.18;9.837745095327861
2018-02-05 02:00:00;40.578613246966576;30.92;9.658613246966574
2018-02-05 03:00:00;41.0173436834461;30.93;10.0873436834461
2018-02-05 04:00:00;44.12664256520634;30.58;13.54664256520634
2018-02-05 05:00:00;49.86456124480205;33.67;16.194561244802046
2018-02-05 06:00:00;65.81093315937783;41.41;24.40093315937783
2018-02-05 07:00:00;95.54449813573024;54.46;41.084498135730236
2018-02-05 08:00:00;95.0624059986672;58.06;37.0024059986672
2018-02-05 09:00:00;95.06287585159228;57.12;37.942875851592284
2018-02-05 10:00:00;95.0633457045174;54.04;41.0233457045174
2018-02-05 11:00:00;95.54638219344729;51.88;43.666382193447284
2018-02-05 12:00:00;95.06428541036765;47.46;47.604285410367645
2018-02-05 13:00:00;92.18299022273033;45.53;46.652990222730324
2018-02-05 14:00:00;93.14147581966743;46.9;46.241475819667436
2018-02-05 15:00:00;95.06569496914294;48.77;46.295694969142936
2018-02-05 16:00:00;95.54873726559352;53.4;42.14873726559352
2018-02-05 17:00:00;95.54920828002275;56.93;38.619208280022754
2018-02-05 18:00:00;95.06710452791827;58.99;36.07710452791827
2018-02-05 19:00:00;95.06757438084338;55.41;39.657574380843386
2018-02-05 20:00:00;95.06804423376848;47.75;47.318044233768475
2018-02-05 21:00:00;75.33994807393918;39.97;35.369948073939184
2018-02-05 22:00:00;62.74097614202074;39.0;23.74097614202074
2018-02-05 23:00:00;62.7413164763652;36.02;26.721316476365196
2018-02-06 00:00:00;62.810611271572014;36.12;26.690611271572017
2018-02-06 01:00:00;62.81095160591647;35.0;27.810951605916472
2018-02-06 02:00:00;62.81129194026093;34.76;28.05129194026093
2018-02-06 03:00:00;62.76944327216709;35.38;27.389443272167085
2018-02-06 04:00:00;62.769843959485605;36.25;26.519843959485605
2018-02-06 05:00:00;62.81231294329432;37.36;25.452312943294324
2018-02-06 06:00:00;81.89982771351191;43.95;37.94982771351191
2018-02-06 07:00:00;92.7640741512011;56.77;35.9940741512011
2018-02-06 08:00:00;93.24411669933166;62.51;30.734116699331658
2018-02-06 09:00:00;93.2445819629652;61.61;31.6345819629652
2018-02-06 10:00:00;92.76546654205492;54.94;37.825466542054926
2018-02-06 11:00:00;93.24551249023222;47.96;45.285512490232215
2018-02-06 12:00:00;84.70706644022677;44.95;39.757066440226765
2018-02-06 13:00:00;86.11735896807787;44.61;41.50735896807787
2018-02-06 14:00:00;88.95313446711066;46.92;42.033134467110656
2018-02-06 15:00:00;92.76778719347796;49.45;43.317787193477955
2018-02-06 16:00:00;93.24783880839983;53.75;39.497838808399834
2018-02-06 17:00:00;92.76871545404715;60.21;32.55871545404715
2018-02-06 18:00:00;95.65641493223625;65.5;30.156414932236245
2018-02-06 19:00:00;92.7696437146164;58.08;34.689643714616395
2018-02-06 20:00:00;92.770107844901;47.91;44.86010784490101
2018-02-06 21:00:00;73.60592655441607;40.67;32.93592655441607
2018-02-06 22:00:00;66.35878944650398;38.14;28.218789446503976
2018-02-06 23:00:00;66.35919699019456;38.03;28.32919699019456
2018-02-07 00:00:00;67.2592894326904;34.43;32.829289432690395
2018-02-07 01:00:00;66.80963889321993;35.09;31.719638893219923
2018-02-07 02:00:00;66.81004731049092;34.65;32.16004731049092
2018-02-07 03:00:00;66.81045572776192;34.36;32.45045572776192
2018-02-07 04:00:00;66.36123470864746;34.48;31.88123470864746
2018-02-07 05:00:00;66.36164225233803;34.08;32.28164225233803
2018-02-07 06:00:00;86.59609979908441;41.94;44.656099799084416
2018-02-07 07:00:00;102.98790690013033;59.06;43.927906900130324
2018-02-07 08:00:00;102.49503512880538;61.33;41.165035128805386
2018-02-07 09:00:00;102.98888520541436;58.97;44.018885205414364
2018-02-07 10:00:00;102.49601092896152;57.88;44.61601092896152
2018-02-07 11:00:00;102.98986351069838;46.99;55.99986351069838
2018-02-07 12:00:00;102.49698672911764;44.95;57.546986729117634
2018-02-07 13:00:00;98.57664907374968;46.22;52.35664907374968
2018-02-07 14:00:00;102.49796252927376;49.0;53.497962529273764
2018-02-07 15:00:00;102.49845042935183;50.99;51.50845042935183
2018-02-07 16:00:00;102.99230927390846;53.46;49.53230927390846
2018-02-07 17:00:00;102.49942622950796;60.19;42.30942622950796
2018-02-07 18:00:00;102.49991412958605;64.14;38.359914129586045
2018-02-07 19:00:00;102.50040202966407;56.56;45.94040202966407
2018-02-07 20:00:00;102.50088992974216;48.19;54.31088992974216
2018-02-07 21:00:00;83.78462908387502;42.96;40.82462908387502
2018-02-07 22:00:00;73.16002952771046;43.02;30.14002952771046
2018-02-07 23:00:00;69.07340706549265;40.56;28.513407065492643
2018-02-08 00:00:00;68.66371138067113;40.11;28.553711380671132
2018-02-08 01:00:00;69.1160552911171;38.55;30.56605529111711
2018-02-08 02:00:00;68.66453527940592;38.3;30.364535279405928
2018-02-08 03:00:00;68.21345832327181;38.02;30.193458323271805
2018-02-08 04:00:00;68.66535917814072;36.24;32.42535917814072
2018-02-08 05:00:00;68.66577112750812;39.88;28.78577112750812
2018-02-08 06:00:00;83.83355986504726;44.51;39.323559865047265
2018-02-08 07:00:00;93.79350454892024;61.07;32.72350454892024
2018-02-08 08:00:00;93.79397095145124;66.5;27.293970951451243
2018-02-08 09:00:00;93.7944373539822;66.98;26.8144373539822
2018-02-08 10:00:00;93.3145129481382;59.93;33.3845129481382
2018-02-08 11:00:00;93.79537015904415;59.6;34.19537015904415
2018-02-08 12:00:00;93.79583656157516;50.03;43.765836561575156
2018-02-08 13:00:00;88.5464612301472;47.8;40.746461230147204
2018-02-08 14:00:00;88.07332061241519;49.09;38.983320612415184
2018-02-08 15:00:00;91.87947674148796;51.98;39.899476741487966
2018-02-08 16:00:00;93.79770217169909;55.44;38.35770217169909
2018-02-08 17:00:00;93.79816857423006;63.14;30.65816857423006
2018-02-08 18:00:00;93.3182350572064;61.55;31.768235057206397
2018-02-08 19:00:00;93.31870032083992;57.09;36.22870032083992
2018-02-08 20:00:00;89.49863591133041;47.46;42.03863591133041
2018-02-08 21:00:00;67.76979454850758;41.98;25.78979454850758
2018-02-08 22:00:00;62.3169738410736;41.92;20.396973841073596
2018-02-08 23:00:00;53.02547066408015;39.58;13.445470664080155
2018-02-09 00:00:00;53.04037621748508;33.71;19.33037621748508
2018-02-09 01:00:00;53.4333230522703;32.13;21.3033230522703
2018-02-09 02:00:00;52.77133849825537;31.31;21.46133849825537
2018-02-09 03:00:00;52.77111812957743;32.16;20.611118129577434
2018-02-09 04:00:00;53.04167167667201;32.5;20.54167167667201
2018-02-09 05:00:00;53.04199554146875;32.84;20.201995541468747
2018-02-09 06:00:00;56.30306041741802;35.06;21.243060417418015
2018-02-09 07:00:00;76.44199357382591;46.15;30.291993573825913
2018-02-09 08:00:00;76.44242124217806;49.55;26.89242124217806
2018-02-09 09:00:00;76.9028819580789;47.34;29.56288195807889
2018-02-09 10:00:00;76.44327657888235;45.42;31.023276578882346
2018-02-09 11:00:00;73.23722029478641;39.92;33.31722029478641
2018-02-09 12:00:00;75.98459404883789;40.07;35.91459404883789
2018-02-09 13:00:00;76.44455958393878;40.07;36.37455958393878
2018-02-09 14:00:00;76.44498725229091;42.34;34.10498725229091
2018-02-09 15:00:00;76.44541492064307;43.94;32.50541492064308
2018-02-09 16:00:00;75.98630089113202;46.18;29.806300891132018
2018-02-09 17:00:00;76.44627025734736;49.59;26.85627025734736
2018-02-09 18:00:00;76.4466979256995;50.0;26.446697925699496
2018-02-09 19:00:00;76.90716826247908;45.99;30.917168262479073
2018-02-09 20:00:00;66.4469525579996;40.02;26.42695255799959
2018-02-09 21:00:00;63.44469408027192;40.94;22.504694080271925
2018-02-09 22:00:00;62.86453759209821;41.48;21.384537592098212
2018-02-09 23:00:00;56.85409030895166;40.44;16.414090308951664
2018-02-10 00:00:00;52.10746023216424;35.5;16.607460232164243
2018-02-10 01:00:00;49.26872198124256;34.52;14.748721981242554
2018-02-10 02:00:00;49.26903986374122;34.28;14.989039863741219
2018-02-10 03:00:00;49.2693577462399;34.13;15.139357746239895
2018-02-10 04:00:00;49.26967562873856;34.68;14.589675628738561
2018-02-10 05:00:00;49.26999351123721;33.74;15.529993511237208
2018-02-10 06:00:00;49.496255006707486;35.26;14.236255006707488
2018-02-10 07:00:00;53.4266758132675;40.02;13.406675813267498
2018-02-10 08:00:00;61.24162800856384;45.9;15.341628008563845
2018-02-10 09:00:00;62.34413203000597;46.91;15.434132030005976
2018-02-10 10:00:00;62.34447140555496;46.94;15.404471405554965
2018-02-10 11:00:00;62.344810781103945;48.0;14.344810781103945
2018-02-10 12:00:00;61.79375526135182;45.92;15.873755261351818
2018-02-10 13:00:00;55.768386571705896;42.47;13.298386571705898
2018-02-10 14:00:00;55.768714849306704;40.28;15.488714849306703
2018-02-10 15:00:00;54.13776668706738;40.03;14.107766687067382
2018-02-10 16:00:00;53.59543873902654;40.2;13.395438739026538
2018-02-10 17:00:00;62.34684703439789;42.98;19.366847034397892
2018-02-10 18:00:00;62.34718640994687;45.44;16.907186409946874
2018-02-10 19:00:00;55.22603628255433;43.4;11.826036282554334
2018-02-10 20:00:00;48.73686140816636;38.86;9.876861408166363
2018-02-10 21:00:00;43.138042678172525;33.95;9.188042678172522
2018-02-10 22:00:00;40.65764621982298;32.58;8.07764621982298
2018-02-10 23:00:00;34.39412176048914;29.05;5.344121760489141
2018-02-11 00:00:00;28.705178280676627;17.08;11.625178280676629
2018-02-11 01:00:00;22.968521189594163;18.04;4.928521189594164
2018-02-11 02:00:00;18.4760064288568;12.34;6.136006428856799
2018-02-11 03:00:00;18.475838238232708;4.58;13.895838238232708
2018-02-11 04:00:00;18.4756700476086;0.52;17.9556700476086
2018-02-11 05:00:00;18.475501856984497;1.0;17.475501856984497
2018-02-11 06:00:00;18.475333666360395;-4.92;23.395333666360393
2018-02-11 07:00:00;18.475165475736286;-4.93;23.405165475736286
2018-02-11 08:00:00;18.47499728511219;0.1;18.37499728511219
2018-02-11 09:00:00;18.474829094488083;0.3;18.174829094488082
2018-02-11 10:00:00;18.47466090386398;0.03;18.44466090386398
2018-02-11 11:00:00;18.47449271323988;11.7;6.77449271323988
2018-02-11 12:00:00;18.47432452261577;13.08;5.39432452261577
2018-02-11 13:00:00;18.5929214929215;11.58;7.012921492921501
2018-02-11 14:00:00;18.5929214929215;10.7;7.892921492921502
2018-02-11 15:00:00;18.473819950743465;10.21;8.263819950743464
2018-02-11 16:00:00;25.81632090090042;12.19;13.626320900900419
2018-02-11 17:00:00;27.543293486227;28.64;-1.0967065137730003
2018-02-11 18:00:00;27.54311332120704;31.35;-3.80688667879296
2018-02-11 19:00:00;27.54293315618707;31.03;-3.487066843812933
2018-02-11 20:00:00;27.5427529911671;21.77;5.772752991167099
2018-02-11 21:00:00;27.542572826147136;17.07;10.472572826147136
2018-02-11 22:00:00;27.542392661127167;17.08;10.462392661127168
2018-02-11 23:00:00;22.96469380520328;14.97;7.994693805203278
2018-02-12 00:00:00;21.920768340064274;11.61;10.310768340064275
2018-02-12 01:00:00;22.485664784166445;10.75;11.735664784166445
2018-02-12 02:00:00;22.48549155646598;10.0;12.48549155646598
2018-02-12 03:00:00;21.920250870889365;10.33;11.590250870889365
2018-02-12 04:00:00;21.92007838116439;10.73;11.19007838116439
2018-02-12 05:00:00;25.90364049884529;12.39;13.513640498845291
2018-02-12 06:00:00;40.2449123122019;30.54;9.704912312201898
2018-02-12 07:00:00;52.02318270333237;40.98;11.04318270333237
2018-02-12 08:00:00;58.55402629664138;41.94;16.614026296641384
2018-02-12 09:00:00;58.5543591089603;40.01;18.5443591089603
2018-02-12 10:00:00;55.82380508316395;38.92;16.903805083163945
2018-02-12 11:00:00;53.10735663928658;33.65;19.45735663928658
2018-02-12 12:00:00;50.89364579888685;32.63;18.26364579888685
2018-02-12 13:00:00;50.94436021648529;33.1;17.844360216485292
2018-02-12 14:00:00;52.02543763234191;38.94;13.085437632341915
2018-02-12 15:00:00;53.525971028673496;41.42;12.105971028673494
2018-02-12 16:00:00;58.55668879519269;44.64;13.916688795192691
2018-02-12 17:00:00;58.55702160751159;46.06;12.497021607511584
2018-02-12 18:00:00;58.5573544198305;61.44;-2.882645580169495
2018-02-12 19:00:00;59.10561825706514;44.91;14.195618257065142
2018-02-12 20:00:00;57.46391604811312;41.96;15.503916048113119
2018-02-12 21:00:00;51.48704348243687;39.43;12.057043482436868
2018-02-12 22:00:00;50.89147751579319;39.47;11.421477515793192
2018-02-12 23:00:00;46.38157973045397;31.72;14.661579730453973
2018-02-13 00:00:00;46.2684194300336;31.55;14.718419430033602
2018-02-13 01:00:00;46.80469013831784;31.32;15.484690138317838
2018-02-13 02:00:00;46.26904528598365;31.25;15.019045285983651
2018-02-13 03:00:00;46.26935821395868;31.56;14.709358213958684
2018-02-13 04:00:00;46.26967114193369;32.04;14.229671141933693
2018-02-13 05:00:00;47.34240116041024;33.58;13.762401160410242
2018-02-13 06:00:00;56.54215180249193;40.06;16.482151802491927
2018-02-13 07:00:00;64.24176870603925;46.26;17.981768706039254
2018-02-13 08:00:00;63.68815463900579;49.02;14.668154639005785
2018-02-13 09:00:00;64.0448664751409;47.56;16.484866475140905
2018-02-13 10:00:00;64.04526885483313;44.01;20.035268854833127
2018-02-13 11:00:00;58.73158832502676;38.99;19.74158832502676
2018-02-13 12:00:00;54.909301332871536;36.3;18.60930133287154
2018-02-13 13:00:00;54.36580701743314;36.4;17.965807017433143
2018-02-13 14:00:00;53.97784324569609;39.43;14.547843245696093
2018-02-13 15:00:00;59.28133606073198;42.94;16.341336060731983
2018-02-13 16:00:00;64.0476831329864;45.36;18.687683132986407
2018-02-13 17:00:00;64.04808551267863;49.85;14.198085512678624
2018-02-13 18:00:00;64.04848789237084;54.38;9.668487892370841
2018-02-13 19:00:00;64.04889027206305;44.94;19.10889027206305
2018-02-13 20:00:00;63.69225022187951;39.93;23.762250221879512
2018-02-13 21:00:00;58.73491644821587;36.97;21.76491644821587
2018-02-13 22:00:00;54.91256631414206;34.84;20.07256631414206
2018-02-13 23:00:00;50.679212213292026;31.94;18.739212213292024
2018-02-14 00:00:00;50.70372251728236;34.34;16.363722517282355
2018-02-14 01:00:00;50.70404208633784;35.09;15.61404208633784
2018-02-14 02:00:00;50.704361655393335;34.39;16.314361655393334
2018-02-14 03:00:00;50.70468122444883;34.91;15.79468122444883
2018-02-14 04:00:00;50.70500079350431;35.91;14.795000793504315
2018-02-14 05:00:00;52.87006277709515;34.46;18.41006277709515
2018-02-14 06:00:00;64.21183795222248;42.82;21.39183795222248
2018-02-14 07:00:00;63.83046249192458;49.47;14.36046249192458
2018-02-14 08:00:00;63.83080379049738;58.8;5.03080379049738
2018-02-14 09:00:00;64.21304509129912;55.04;9.173045091299123
2018-02-14 10:00:00;63.83148638764301;44.91;18.921486387643014
2018-02-14 11:00:00;56.13549809957937;41.12;15.015498099579375
2018-02-14 12:00:00;50.70755734594823;36.79;13.917557345948232
2018-02-14 13:00:00;50.36887243499914;35.98;14.388872434999143
2018-02-14 14:00:00;50.7081964840592;36.84;13.868196484059197
2018-02-14 15:00:00;54.50255254692243;40.99;13.512552546922429
2018-02-14 16:00:00;64.21586174914464;42.21;22.005861749144636
2018-02-14 17:00:00;64.21626412883684;44.99;19.22626412883684
2018-02-14 18:00:00;64.21666650852906;44.53;19.686666508529058
2018-02-14 19:00:00;63.28082536990222;40.99;22.290825369902215
2018-02-14 20:00:00;55.04837647507107;37.53;17.518376475071072
2018-02-14 21:00:00;45.2294194687487;33.76;11.469419468748704
2018-02-14 22:00:00;41.600989886476114;31.37;10.230989886476113
2018-02-14 23:00:00;41.069741980586016;29.41;11.659741980586016
2018-02-15 00:00:00;41.25132918105496;28.26;12.991329181054962
2018-02-15 01:00:00;41.25112946511212;27.87;13.38112946511212
2018-02-15 02:00:00;41.25092974916929;18.29;22.96092974916929
2018-02-15 03:00:00;40.98856674268215;16.09;24.898566742682153
2018-02-15 04:00:00;41.250530317283605;17.98;23.270530317283605
2018-02-15 05:00:00;41.25033060134077;25.07;16.18033060134077
2018-02-15 06:00:00;46.26908323508767;30.62;15.64908323508767
2018-02-15 07:00:00;52.24942810630904;32.77;19.479428106309037
2018-02-15 08:00:00;53.333846950775936;34.07;19.263846950775935
2018-02-15 09:00:00;53.87703580736972;33.51;20.367035807369724
2018-02-15 10:00:00;54.42077614141225;32.85;21.570776141412246
2018-02-15 11:00:00;53.334818545166144;32.78;20.554818545166142
2018-02-15 12:00:00;53.33514240996287;32.74;20.595142409962868
2018-02-15 13:00:00;53.41385352522144;34.05;19.363853525221444
2018-02-15 14:00:00;57.1475785582255;39.12;18.0275785582255
2018-02-15 15:00:00;56.60167184264348;41.33;15.271671842643485
2018-02-15 16:00:00;57.14823871138103;41.99;15.158238711381031
2018-02-15 17:00:00;56.60233019190629;47.0;9.60233019190629
2018-02-15 18:00:00;56.602659366537694;52.0;4.602659366537694
2018-02-15 19:00:00;57.14922894111433;47.4;9.749228941114332
2018-02-15 20:00:00;56.6033177158005;42.95;13.653317715800497
2018-02-15 21:00:00;54.07736003573552;40.0;14.077360035735524
2018-02-15 22:00:00;51.432356253892834;38.08;13.352356253892836
2018-02-15 23:00:00;46.26554858449451;32.94;13.325548584494513
2018-02-16 00:00:00;44.89373524924282;32.93;11.963735249242823
2018-02-16 01:00:00;44.89352944234653;32.99;11.903529442346525
2018-02-16 02:00:00;44.89332363545023;32.56;12.333323635450228
2018-02-16 03:00:00;45.221323410919794;32.29;12.931323410919795
2018-02-16 04:00:00;44.89291202165763;32.5;12.39291202165763
2018-02-16 05:00:00;45.524961401632815;33.07;12.454961401632815
2018-02-16 06:00:00;56.0202857927997;40.94;15.0802857927997
2018-02-16 07:00:00;60.40143954639053;46.31;14.091439546390525
2018-02-16 08:00:00;60.9520550907102;47.4;13.552055090710205
2018-02-16 09:00:00;60.40211073396613;46.95;13.45211073396613
2018-02-16 10:00:00;60.40244632775394;45.54;14.862446327753943
2018-02-16 11:00:00;58.20766289241517;40.04;18.167662892415173
2018-02-16 12:00:00;53.30281552141199;35.8;17.502815521411996
2018-02-16 13:00:00;50.66584046676228;35.1;15.565840466762282
2018-02-16 14:00:00;49.51900231620844;35.27;14.24900231620844
2018-02-16 15:00:00;52.21985116888918;40.02;12.199851168889175
2018-02-16 16:00:00;60.404459890480766;42.86;17.544459890480766
2018-02-16 17:00:00;60.40479548426857;46.5;13.904795484268568
2018-02-16 18:00:00;60.40513107805637;51.68;8.725131078056371
2018-02-16 19:00:00;60.405466671844174;49.68;10.725466671844174
2018-02-16 20:00:00;60.405802265631976;45.92;14.485802265631975
2018-02-16 21:00:00;56.57078999542388;41.87;14.700789995423882
2018-02-16 22:00:00;51.9743919176268;41.68;10.294391917626797
2018-02-16 23:00:00;48.71709664696682;39.5;9.217096646966823
2018-02-17 00:00:00;47.908056214361366;37.43;10.478056214361366
2018-02-17 01:00:00;47.43125359444551;34.81;12.621253594445506
2018-02-17 02:00:00;47.908686985921136;35.62;12.288686985921139
2018-02-17 03:00:00;47.90900237170102;34.2;13.709002371701018
2018-02-17 04:00:00;47.90931775748092;33.62;14.289317757480923
2018-02-17 05:00:00;47.909633143260805;33.86;14.049633143260806
2018-02-17 06:00:00;48.98553190424991;35.44;13.545531904249913
2018-02-17 07:00:00;51.31589031003889;38.01;13.30589031003889
2018-02-17 08:00:00;53.95790152868767;42.61;11.347901528687672
2018-02-17 09:00:00;60.41016498487343;46.82;13.590164984873432
2018-02-17 10:00:00;60.41050057866123;46.52;13.890500578661225
2018-02-17 11:00:00;60.41083617244903;47.4;13.010836172449032
2018-02-17 12:00:00;59.31237335417005;44.98;14.332373354170052
2018-02-17 13:00:00;54.39706611551623;41.43;12.967066115516232
2018-02-17 14:00:00;52.63008540226527;36.85;15.780085402265271
2018-02-17 15:00:00;52.76930080950727;36.53;16.23930080950727
2018-02-17 16:00:00;53.956128931620256;38.52;15.436128931620253
2018-02-17 17:00:00;60.412849735175854;44.99;15.422849735175852
2018-02-17 18:00:00;60.41318532896366;49.77;10.643185328963654
2018-02-17 19:00:00;60.41352092275147;49.08;11.333520922751468
2018-02-17 20:00:00;60.41385651653926;45.95;14.46385651653926
2018-02-17 21:00:00;53.85631233730519;41.1;12.75631233730519
2018-02-17 22:00:00;53.29019707934739;42.91;10.38019707934739
2018-02-17 23:00:00;50.00716012672185;38.06;11.947160126721847
2018-02-18 00:00:00;46.78731370742148;34.91;11.877313707421486
2018-02-18 01:00:00;46.150332614750376;35.68;10.470332614750376
2018-02-18 02:00:00;46.15012469412725;33.98;12.170124694127253
2018-02-18 03:00:00;45.771344021147726;33.89;11.881344021147726
2018-02-18 04:00:00;46.149708852881;33.83;12.319708852881
2018-02-18 05:00:00;45.7719682555426;33.99;11.781968255542601
2018-02-18 06:00:00;45.77228037274003;33.51;12.26228037274003
2018-02-18 07:00:00;45.77259248993748;33.56;12.212592489937478
2018-02-18 08:00:00;45.772904607134905;34.23;11.542904607134908
2018-02-18 09:00:00;45.77321672433234;35.42;10.353216724332341
2018-02-18 10:00:00;45.77352884152978;35.75;10.023528841529782
2018-02-18 11:00:00;47.38203600176726;35.97;11.412036001767262
2018-02-18 12:00:00;45.77415307592466;34.71;11.064153075924658
2018-02-18 13:00:00;45.7744651931221;35.0;10.774465193122097
2018-02-18 14:00:00;45.774777310319536;34.38;11.394777310319533
2018-02-18 15:00:00;45.775089427516974;34.94;10.835089427516976
2018-02-18 16:00:00;46.847045440057386;36.24;10.607045440057384
2018-02-18 17:00:00;51.69475329299883;42.36;9.334753292998833
2018-02-18 18:00:00;57.67856545483497;49.01;8.668565454834969
2018-02-18 19:00:00;57.67889643831539;45.79;11.888896438315392
2018-02-18 20:00:00;52.23692420281847;42.88;9.356924202818469
2018-02-18 21:00:00;49.53648585363481;37.87;11.66648585363481
2018-02-18 22:00:00;49.35342994582664;36.23;13.123429945826643
2018-02-18 23:00:00;46.31316813046213;33.77;12.543168130462128
2018-02-19 00:00:00;45.79546443816567;33.77;12.02546443816567
2018-02-19 01:00:00;46.19298794642614;33.56;12.632987946426141
2018-02-19 02:00:00;45.79608867256054;33.78;12.016088672560542
2018-02-19 03:00:00;45.79640078975798;33.94;11.856400789757984
2018-02-19 04:00:00;46.82935323879058;35.07;11.759353238790581
2018-02-19 05:00:00;53.8849801939132;37.65;16.234980193913202
2018-02-19 06:00:00;80.53956953812371;48.49;32.04956953812371
2018-02-19 07:00:00;98.13389622103034;57.95;40.18389622103034
2018-02-19 08:00:00;98.6219320977499;61.28;37.341932097749904
2018-02-19 09:00:00;98.62240900691712;61.63;36.99240900691712
2018-02-19 10:00:00;98.13532337636678;59.67;38.46532337636678
2018-02-19 11:00:00;98.62336282525156;58.11;40.51336282525156
2018-02-19 12:00:00;98.13627481325776;54.24;43.896274813257754
2018-02-19 13:00:00;98.62431664358598;53.01;45.61431664358599
2018-02-19 14:00:00;98.6247935527532;54.55;44.074793552753206
2018-02-19 15:00:00;98.6252704619204;53.97;44.655270461920395
2018-02-19 16:00:00;98.62574737108764;50.97;47.65574737108764
2018-02-19 17:00:00;98.13865340548516;59.92;38.218653405485156
2018-02-19 18:00:00;101.56694057513695;67.84;33.72694057513695
2018-02-19 19:00:00;98.62717809858928;62.04;36.587178098589284
2018-02-19 20:00:00;98.14008056082164;59.9;38.240080560821646
2018-02-19 21:00:00;86.1630936774007;49.07;37.093093677400695
2018-02-19 22:00:00;76.38425799937599;45.95;30.434257999375987
2018-02-19 23:00:00;71.8072157641697;40.9;30.9072157641697
2018-02-20 00:00:00;71.86400725942612;42.21;29.654007259426116
2018-02-20 01:00:00;71.86442462299289;39.6;32.264424622992884
2018-02-20 02:00:00;71.86484198655964;36.95;34.91484198655964
2018-02-20 03:00:00;71.86525935012641;36.26;35.60525935012641
2018-02-20 04:00:00;71.86567671369316;36.95;34.91567671369316
2018-02-20 05:00:00;71.86609407725993;40.69;31.176094077259933
2018-02-20 06:00:00;88.59288808748451;47.19;41.40288808748451
2018-02-20 07:00:00;90.49630856115544;60.05;30.446308561155448
2018-02-20 08:00:00;90.97403600570604;61.92;29.05403600570604
2018-02-20 09:00:00;90.97449455107215;61.85;29.124494551072154
2018-02-20 10:00:00;90.4976808945733;59.89;30.607680894573306
2018-02-20 11:00:00;90.49813833904592;56.1;34.39813833904592
2018-02-20 12:00:00;90.02193661678206;53.38;36.641936616782054
2018-02-20 13:00:00;89.0709005690737;51.67;37.4009005690737
2018-02-20 14:00:00;90.4995106724638;50.7;39.799510672463796
2018-02-20 15:00:00;90.49996811693642;49.87;40.62996811693642
2018-02-20 16:00:00;90.50042556140905;50.25;40.250425561409045
2018-02-20 17:00:00;90.50088300588166;53.51;36.99088300588166
2018-02-20 18:00:00;90.02467470989761;60.48;29.544674709897613
2018-02-20 19:00:00;90.50179789482692;59.62;30.881797894826924
2018-02-20 20:00:00;90.50225533929954;46.93;43.57225533929954
2018-02-20 21:00:00;82.01269247292525;42.89;39.12269247292525
2018-02-20 22:00:00;73.24182335783959;40.84;32.40182335783959
2018-02-20 23:00:00;67.34140471473512;37.41;29.931404714735123
2018-02-21 00:00:00;67.79301614573109;37.46;30.333016145731087
2018-02-21 01:00:00;67.34222154927711;37.05;30.292221549277116
2018-02-21 02:00:00;66.8918631144806;36.78;30.1118631144806
2018-02-21 03:00:00;67.3430383838191;36.64;30.703038383819106
2018-02-21 04:00:00;67.34344680109011;37.33;30.01344680109011
2018-02-21 05:00:00;67.3438552183611;39.06;28.283855218361097
2018-02-21 06:00:00;84.82606299152889;45.65;39.17606299152889
2018-02-21 07:00:00;85.29670100367714;59.13;26.16670100367714
2018-02-21 08:00:00;85.29714667822941;60.69;24.607146678229412
2018-02-21 09:00:00;84.82739689509737;60.49;24.337396895097363
2018-02-21 10:00:00;84.82784152962022;55.51;29.317841529620217
2018-02-21 11:00:00;85.29848370188623;49.71;35.588483701886226
2018-02-21 12:00:00;85.29892937643851;45.85;39.44892937643851
2018-02-21 13:00:00;82.01970839090103;45.11;36.90970839090103
2018-02-21 14:00:00;80.158056675796;44.4;35.758056675796006
2018-02-21 15:00:00;84.83006470223435;44.97;39.860064702234354
2018-02-21 16:00:00;84.83050933675719;47.41;37.42050933675719
2018-02-21 17:00:00;85.30115774919987;55.43;29.871157749199874
2018-02-21 18:00:00;85.30160342375214;58.93;26.37160342375214
2018-02-21 19:00:00;84.83184324032568;55.24;29.59184324032568
2018-02-21 20:00:00;85.30249477285669;48.13;37.17249477285669
2018-02-21 21:00:00;78.77005970536531;43.97;34.800059705365314
2018-02-21 22:00:00;66.90001398829219;39.89;27.010013988292187
2018-02-21 23:00:00;63.75695641265199;37.28;26.476956412651987
2018-02-22 00:00:00;63.77066971235687;39.17;24.60066971235687
2018-02-22 01:00:00;63.77101101092968;38.31;25.46101101092968
2018-02-22 02:00:00;63.7713523095025;37.95;25.821352309502494
2018-02-22 03:00:00;63.7716936080753;38.04;25.731693608075304
2018-02-22 04:00:00;63.77203490664812;39.05;24.722034906648126
2018-02-22 05:00:00;63.77237620522092;42.02;21.75237620522092
2018-02-22 06:00:00;77.31998395378221;49.93;27.389983953782213
2018-02-22 07:00:00;80.56155646618593;59.19;21.371556466185936
2018-02-22 08:00:00;81.02710611282585;60.97;20.05710611282585
2018-02-22 09:00:00;80.56242744257882;60.07;20.492427442578823
2018-02-22 10:00:00;80.09827710021891;53.94;26.15827710021891
2018-02-22 11:00:00;75.0222459283814;48.87;26.152245928381397
2018-02-22 12:00:00;65.4921173839195;44.82;20.672117383919506
2018-02-22 13:00:00;64.88415746615692;44.02;20.864157466156918
2018-02-22 14:00:00;66.55296626599458;44.11;22.442966265994585
2018-02-22 15:00:00;73.64989582484291;44.68;28.969895824842915
2018-02-22 16:00:00;80.56547585995395;49.8;30.765475859953952
2018-02-22 17:00:00;81.03103448529808;56.34;24.691034485298076
2018-02-22 18:00:00;80.56634683634684;59.98;20.58634683634684
2018-02-22 19:00:00;80.5667823245433;55.8;24.7667823245433
2018-02-22 20:00:00;77.32598477994247;45.83;31.495984779942475
2018-02-22 21:00:00;66.5553896859248;44.44;22.115389685924796
2018-02-22 22:00:00;62.67166472983828;42.44;20.23166472983828
2018-02-22 23:00:00;58.818707940123446;38.2;20.618707940123443
2018-02-23 00:00:00;58.86399437798228;38.58;20.28399437798228
2018-02-23 01:00:00;58.8643271903012;37.53;21.334327190301202
2018-02-23 02:00:00;58.86466000262011;37.24;21.62466000262011
2018-02-23 03:00:00;58.864992814939015;37.13;21.734992814939012
2018-02-23 04:00:00;58.86532562725793;37.54;21.325325627257932
2018-02-23 05:00:00;58.86565843957685;39.85;19.015658439576846
2018-02-23 06:00:00;73.7130840601186;49.55;24.163084060118607
2018-02-23 07:00:00;74.62933318950756;61.62;13.009333189507565
2018-02-23 08:00:00;74.62975611148534;63.03;11.599756111485334
2018-02-23 09:00:00;74.17202154546997;55.5;18.672021545469974
2018-02-23 10:00:00;71.43352856620113;54.1;17.33352856620113
2018-02-23 11:00:00;65.55612788612693;45.24;20.316127886126928
2018-02-23 12:00:00;62.16980182186808;40.71;21.459801821868076
2018-02-23 13:00:00;58.868320938128136;37.01;21.858320938128138
2018-02-23 14:00:00;59.41744627315977;37.0;22.41744627315977
2018-02-23 15:00:00;65.10867162382115;38.79;26.318671623821153
2018-02-23 16:00:00;72.34711934208111;44.33;28.017119342081116
2018-02-23 17:00:00;74.63356240928535;50.48;24.15356240928535
2018-02-23 18:00:00;74.17581941332537;53.97;20.205819413325372
2018-02-23 19:00:00;74.63440825324092;48.93;25.70440825324092
2018-02-23 20:00:00;65.49682059647763;41.81;23.68682059647763
2018-02-23 21:00:00;57.77515967376068;38.71;19.065159673760682
2018-02-23 22:00:00;52.74744438797299;37.8;14.947444387972993
2018-02-23 23:00:00;47.47666890394062;36.04;11.436668903940621
2018-02-24 00:00:00;42.130820086805095;37.08;5.050820086805096
2018-02-24 01:00:00;38.785293463380206;34.96;3.8252934633802056
2018-02-24 02:00:00;36.35662688332888;33.08;3.2766268833288805
2018-02-24 03:00:00;36.35643474912419;31.61;4.746434749124191
2018-02-24 04:00:00;35.77752884358049;31.22;4.557528843580492
2018-02-24 05:00:00;34.72481848054464;29.09;5.6348184805446415
2018-02-24 06:00:00;35.753357470984696;32.98;2.773357470984699
2018-02-24 07:00:00;36.95998501337618;37.05;-0.0900149866238138
2018-02-24 08:00:00;38.17398927273068;33.05;5.123989272730682
2018-02-24 09:00:00;35.25229917385806;31.12;4.132299173858062
2018-02-24 10:00:00;22.343682787498427;17.55;4.793682787498426
2018-02-24 11:00:00;21.777947985171927;3.4;18.37794798517193
2018-02-24 12:00:00;20.65053464106584;-0.64;21.29053464106584
2018-02-24 13:00:00;18.96896615137345;-15.08;34.04896615137345
2018-02-24 14:00:00;19.42445302445303;-8.9;28.324453024453028
2018-02-24 15:00:00;21.77726095312965;3.53;18.24726095312965
2018-02-24 16:00:00;21.77708919511908;23.28;-1.5029108048809228
2018-02-24 17:00:00;35.15055618097237;35.94;-0.7894438190276247
2018-02-24 18:00:00;40.54165063030679;43.31;-2.7683493696932118
2018-02-24 19:00:00;40.54195486496692;37.05;3.491954864966921
2018-02-24 20:00:00;35.750680296186474;29.07;6.680680296186473
2018-02-24 21:00:00;32.17235514332153;23.13;9.042355143321533
2018-02-24 22:00:00;33.95349690467384;28.03;5.92349690467384
2018-02-24 23:00:00;33.35784594792631;23.52;9.837845947926308
2018-02-25 00:00:00;34.20455245966248;31.02;3.1845524596624806
2018-02-25 01:00:00;32.17161131447568;29.14;3.0316113144756827
2018-02-25 02:00:00;32.171425357264205;31.01;1.1614253572642035
2018-02-25 03:00:00;33.952554128766764;31.77;2.182554128766764
2018-02-25 04:00:00;35.14846257441242;33.6;1.5484625744124187
2018-02-25 05:00:00;35.74895925524477;34.26;1.4889592552447724
2018-02-25 06:00:00;36.31241915733261;32.25;4.062419157332613
2018-02-25 07:00:00;38.95496642349866;35.07;3.8849664234986605
2018-02-25 08:00:00;40.54590991554862;36.94;3.6059099155486223
2018-02-25 09:00:00;40.004652433685806;35.9;4.104652433685807
2018-02-25 10:00:00;35.74800312138825;35.04;0.708003121388252
2018-02-25 11:00:00;34.73369881954375;36.04;-1.306301180456252
2018-02-25 12:00:00;32.63287294794701;31.93;0.7028729479470073
2018-02-25 13:00:00;32.108905673738015;30.08;2.0289056737380164
2018-02-25 14:00:00;32.109198092321805;30.06;2.049198092321806
2018-02-25 15:00:00;32.63375233834668;30.09;2.543752338346682
2018-02-25 16:00:00;38.957683946084295;34.72;4.237683946084296
2018-02-25 17:00:00;45.620003716384296;42.06;3.560003716384294
2018-02-25 18:00:00;51.420934085480766;45.96;5.4609340854807655
2018-02-25 19:00:00;51.4207172571714;43.59;7.830717257171393
2018-02-25 20:00:00;49.10437338131071;39.94;9.16437338131071
2018-02-25 21:00:00;48.17316222838232;38.07;10.103162228382317
2018-02-25 22:00:00;47.530926465586994;37.84;9.69092646558699
2018-02-25 23:00:00;44.986030586729726;36.51;8.476030586729728
2018-02-26 00:00:00;40.50968408609756;31.64;8.869684086097557
2018-02-26 01:00:00;41.744448320888615;36.04;5.704448320888616
2018-02-26 02:00:00;41.74424761494774;35.44;6.304247614947741
2018-02-26 03:00:00;42.98881301376253;34.97;8.018813013762532
2018-02-26 04:00:00;45.503963457717305;31.84;13.663963457717305
2018-02-26 05:00:00;52.30481947102997;37.59;14.71481947102997
2018-02-26 06:00:00;68.68376429768433;47.98;20.703764297684337
2018-02-26 07:00:00;77.82312975364354;69.33;8.493129753643544
2018-02-26 08:00:00;77.82355935050985;63.0;14.823559350509854
2018-02-26 09:00:00;77.82398894737615;48.44;29.383988947376153
2018-02-26 10:00:00;64.91607911295046;42.7;22.216079112950453
2018-02-26 11:00:00;63.25353327815128;38.05;25.203533278151284
2018-02-26 12:00:00;62.7008510270514;38.07;24.6308510270514
2018-02-26 13:00:00;63.2542139468402;39.94;23.314213946840205
2018-02-26 14:00:00;62.14913370489664;41.25;20.89913370489664
2018-02-26 15:00:00;65.53220696157105;42.23;23.302206961571052
2018-02-26 16:00:00;70.95497027830831;45.0;25.95497027830831
2018-02-26 17:00:00;77.82742572230656;52.95;24.877425722306555
2018-02-26 18:00:00;77.82785531917285;73.73;4.097855319172851
2018-02-26 19:00:00;77.36670467174419;71.85;5.516704671744193
2018-02-26 20:00:00;77.82871451290546;61.92;15.908714512905462
2018-02-26 21:00:00;71.41184311209098;49.92;21.491843112090976
2018-02-26 22:00:00;64.36524814900366;44.93;19.435248149003662
2018-02-26 23:00:00;61.60039804658329;41.98;19.62039804658329
2018-02-27 00:00:00;61.59313830430231;39.75;21.843138304302308
2018-02-27 01:00:00;61.59347577837636;38.28;23.313475778376358
2018-02-27 02:00:00;61.59381325245041;37.66;23.933813252450413
2018-02-27 03:00:00;61.59415072652446;37.69;23.904150726524463
2018-02-27 04:00:00;61.594488200598505;38.7;22.894488200598502
2018-02-27 05:00:00;61.59482567467256;40.81;20.78482567467256
2018-02-27 06:00:00;77.3617702781187;54.0;23.361770278118698
2018-02-27 07:00:00;77.8237689937806;79.06;-1.2362310062193984
2018-02-27 08:00:00;77.8241985906469;77.11;0.7141985906469017
2018-02-27 09:00:00;77.8246281875132;51.77;26.054628187513195
2018-02-27 10:00:00;75.98178878613768;46.97;29.011788786137686
2018-02-27 11:00:00;64.91693310281306;43.79;21.126933102813062
2018-02-27 12:00:00;62.148960432760646;42.71;19.438960432760645
2018-02-27 13:00:00;61.597525467264965;42.01;19.587525467264967
2018-02-27 14:00:00;63.8087204076423;43.31;20.498720407642296
2018-02-27 15:00:00;74.6066713382502;46.99;27.616671338250192
2018-02-27 16:00:00;77.82763536557731;48.17;29.657635365577306
2018-02-27 17:00:00;77.36648521295889;63.63;13.73648521295889
2018-02-27 18:00:00;77.36691384339892;75.12;2.2469138433989144
2018-02-27 19:00:00;77.82892415617621;57.06;20.76892415617621
2018-02-27 20:00:00;72.32303311807769;46.97;25.35303311807769
2018-02-27 21:00:00;63.25744303910044;41.68;21.577443039100437
2018-02-27 22:00:00;58.85082033515052;38.03;20.820820335150522
2018-02-27 23:00:00;53.24718781262152;35.44;17.80718781262152
2018-02-28 00:00:00;53.03735748338437;32.09;20.947357483384366
2018-02-28 01:00:00;53.56021548910171;32.08;21.48021548910171
2018-02-28 02:00:00;53.03691913182716;32.1;20.93691913182716
2018-02-28 03:00:00;53.560863218695175;36.91;16.65086321869518
2018-02-28 04:00:00;53.56118708349192;35.51;18.051187083491925
2018-02-28 05:00:00;57.377628729865314;36.99;20.387628729865312
2018-02-28 06:00:00;67.09499267091384;47.21;19.88499267091384
2018-02-28 07:00:00;67.5466033536988;57.18;10.3666033536988
2018-02-28 08:00:00;67.5470117709698;54.0;13.547011770969803
2018-02-28 09:00:00;66.76865340940566;44.95;21.818653409405655
2018-02-28 10:00:00;54.36608596386735;32.65;21.71608596386735
2018-02-28 11:00:00;47.620403712435134;31.37;16.250403712435133
2018-02-28 12:00:00;47.62071827466813;32.84;14.780718274668125
2018-02-28 13:00:00;47.62103283690112;32.06;15.56103283690112
2018-02-28 14:00:00;47.62134739913412;32.51;15.111347399134125
2018-02-28 15:00:00;47.6216619613671;32.01;15.611661961367105
2018-02-28 16:00:00;53.6979228546801;35.1;18.5979228546801
2018-02-28 17:00:00;60.124775528996736;42.99;17.134775528996734
2018-02-28 18:00:00;60.1251101904768;45.97;14.155110190476805
2018-02-28 19:00:00;60.12544485195687;43.98;16.145444851956874
2018-02-28 20:00:00;53.56636892023968;38.9;14.666368920239684
2018-02-28 21:00:00;48.69943805442425;32.07;16.62943805442425
2018-02-28 22:00:00;47.81426786592391;32.06;15.754267865923907
2018-02-28 23:00:00;41.504781494338886;31.25;10.254781494338886
2018-03-01 00:00:00;39.593446976940015;29.09;10.503446976940015
2018-03-01 01:00:00;39.593446976940015;30.01;9.583446976940014
2018-03-01 02:00:00;39.593446976940015;28.5;11.093446976940015
2018-03-01 03:00:00;39.593446976940015;28.99;10.603446976940017
2018-03-01 04:00:00;39.59390775059996;30.53;9.06390775059996
2018-03-01 05:00:00;40.6548697336664;30.53;10.1248697336664
2018-03-01 06:00:00;47.11158151402891;31.8;15.311581514028912
2018-03-01 07:00:00;50.34081162317106;39.87;10.470811623171059
2018-03-01 08:00:00;50.341819224919874;39.75;10.591819224919874
2018-03-01 09:00:00;46.47607282454137;32.58;13.89607282454137
2018-03-01 10:00:00;40.12393280402305;25.08;15.04393280402305
2018-03-01 11:00:00;39.60037814815056;23.72;15.880378148150562
2018-03-01 12:00:00;40.12393280402305;22.82;17.30393280402305
2018-03-01 13:00:00;39.60222683316501;21.45;18.152226833165013
2018-03-01 14:00:00;40.12393280402305;15.13;24.993932804023046
2018-03-01 15:00:00;40.12393280402305;18.78;21.343932804023048
2018-03-01 16:00:00;40.12393280402305;27.18;12.94393280402305
2018-03-01 17:00:00;46.52595414663129;34.29;12.235954146631293
2018-03-01 18:00:00;50.35189524240797;41.49;8.861895242407968
2018-03-01 19:00:00;50.35290284415678;41.37;8.982902844156783
2018-03-01 20:00:00;45.8506228794961;35.58;10.270622879496102
2018-03-01 21:00:00;41.460208781982764;30.64;10.820208781982764
2018-03-01 22:00:00;42.0820805576316;30.74;11.3420805576316
2018-03-01 23:00:00;40.12393280402305;30.55;9.573932804023048
2018-03-02 00:00:00;40.11368528817844;28.98;11.133685288178437
2018-03-02 01:00:00;40.11368528817844;30.32;9.793685288178438
2018-03-02 02:00:00;40.11368528817844;30.51;9.603685288178436
2018-03-02 03:00:00;40.11368528817844;30.54;9.573685288178439
2018-03-02 04:00:00;40.11368528817844;30.0;10.113685288178438
2018-03-02 05:00:00;47.10542342792298;32.54;14.56542342792298
2018-03-02 06:00:00;55.16306090118723;42.98;12.183060901187233
2018-03-02 07:00:00;55.16306090118723;45.94;9.223060901187232
2018-03-02 08:00:00;55.70812837569511;46.0;9.708128375695111
2018-03-02 09:00:00;55.70812837569511;42.98;12.728128375695114
2018-03-02 10:00:00;53.53121015790615;32.71;20.82121015790615
2018-03-02 11:00:00;49.20341090462291;31.0;18.203410904622913
2018-03-02 12:00:00;47.75308886008388;31.07;16.683088860083878
2018-03-02 13:00:00;49.04287909507792;33.04;16.002879095077922
2018-03-02 14:00:00;50.995685181571005;35.01;15.985685181571007
2018-03-02 15:00:00;55.70812837569511;37.88;17.82812837569511
2018-03-02 16:00:00;55.70812837569511;42.93;12.778128375695111
2018-03-02 17:00:00;55.16306090118723;51.75;3.4130609011872295
2018-03-02 18:00:00;60.63978362398929;75.95;-15.310216376010715
2018-03-02 19:00:00;55.16306090118723;63.76;-8.596939098812769
2018-03-02 20:00:00;55.70812837569511;47.95;7.758128375695108
2018-03-02 21:00:00;55.16306090118723;43.76;11.403060901187231
2018-03-02 22:00:00;53.53121015790615;42.72;10.811210157906153
2018-03-02 23:00:00;51.363063341061206;39.76;11.603063341061208
2018-03-03 00:00:00;48.6647936868962;33.09;15.5747936868962
2018-03-03 01:00:00;47.05198737176919;36.49;10.561987371769185
2018-03-03 02:00:00;45.44366642979767;34.94;10.503666429797676
2018-03-03 03:00:00;44.90853821429556;34.23;10.678538214295564
2018-03-03 04:00:00;45.44366642979767;34.48;10.963666429797676
2018-03-03 05:00:00;45.97928149195559;34.1;11.879281491955588
2018-03-03 06:00:00;45.44366642979767;32.5;12.943666429797673
2018-03-03 07:00:00;47.13094494815208;31.26;15.870944948152076
2018-03-03 08:00:00;51.66973541053053;41.67;9.999735410530526
2018-03-03 09:00:00;51.014931591352415;36.98;14.034931591352418
2018-03-03 10:00:00;47.13388973894775;30.67;16.46388973894775
2018-03-03 11:00:00;43.83972734183728;30.1;13.73972734183728
2018-03-03 12:00:00;42.713365516302375;31.34;11.373365516302375
2018-03-03 13:00:00;42.71431288291127;30.09;12.624312882911273
2018-03-03 14:00:00;42.71526024952017;31.35;11.365260249520169
2018-03-03 15:00:00;43.306037289969225;31.73;11.576037289969225
2018-03-03 16:00:00;46.50119616049841;31.39;15.111196160498409
2018-03-03 17:00:00;53.66244048345712;42.0;11.662440483457118
2018-03-03 18:00:00;53.66347550537672;42.0;11.663475505376717
2018-03-03 19:00:00;54.07460630986523;39.05;15.024606309865234
2018-03-03 20:00:00;51.68195613382482;37.71;13.971956133824818
2018-03-03 21:00:00;47.14468730519853;34.51;12.634687305198533
2018-03-03 22:00:00;45.97928149195559;35.88;10.099281491955587
2018-03-03 23:00:00;42.24006974995272;30.24;12.000069749952718
2018-03-04 00:00:00;36.583845973864186;30.08;6.503845973864188
2018-03-04 01:00:00;35.379387932996764;30.07;5.3093879329967635
2018-03-04 02:00:00;35.88235126956215;30.17;5.712351269562149
2018-03-04 03:00:00;35.88235126956215;30.17;5.712351269562149
2018-03-04 04:00:00;35.88235126956215;30.28;5.602351269562149
2018-03-04 05:00:00;35.88235126956215;30.24;5.642351269562152
2018-03-04 06:00:00;35.88235126956215;30.06;5.8223512695621515
2018-03-04 07:00:00;35.88235126956215;30.06;5.8223512695621515
2018-03-04 08:00:00;39.58322521119006;34.95;4.633225211190059
2018-03-04 09:00:00;42.73326021508917;35.22;7.5132602150891685
2018-03-04 10:00:00;43.306037289969225;34.39;8.916037289969225
2018-03-04 11:00:00;40.25487863477031;32.57;7.684878634770307
2018-03-04 12:00:00;35.38922113025904;30.08;5.30922113025904
2018-03-04 13:00:00;35.88235126956215;29.26;6.622351269562149
2018-03-04 14:00:00;35.88235126956215;29.12;6.762351269562149
2018-03-04 15:00:00;35.88235126956215;30.39;5.49235126956215
2018-03-04 16:00:00;40.11368528817844;34.06;6.0536852881784355
2018-03-04 17:00:00;42.74083914796034;33.08;9.660839147960338
2018-03-04 18:00:00;45.25607971002877;35.37;9.886079710028774
2018-03-04 19:00:00;43.99552621111867;35.74;8.25552621111867
2018-03-04 20:00:00;39.58322521119006;30.35;9.23322521119006
2018-03-04 21:00:00;38.523644444185;30.36;8.163644444185003
2018-03-04 22:00:00;36.00002760953414;30.07;5.930027609534143
2018-03-04 23:00:00;35.399054327521306;25.7;9.699054327521306
2018-03-05 00:00:00;35.53951309248791;24.74;10.79951309248791
2018-03-05 01:00:00;35.540407019511754;20.92;14.620407019511752
2018-03-05 02:00:00;35.9359250079257;16.31;19.625925007925698
2018-03-05 03:00:00;35.9359250079257;16.61;19.325925007925697
2018-03-05 04:00:00;35.54308880058328;27.08;8.463088800583279
2018-03-05 05:00:00;44.1544918453441;31.73;12.424491845344097
2018-03-05 06:00:00;57.40619223659888;45.92;11.486192236598882
2018-03-05 07:00:00;68.03284641221043;53.94;14.092846412210434
2018-03-05 08:00:00;68.03284641221043;64.06;3.97284641221043
2018-03-05 09:00:00;64.01624905263074;62.63;1.3862490526307383
2018-03-05 10:00:00;56.859249675016926;56.02;0.8392496750169229
2018-03-05 11:00:00;53.86750475859933;54.98;-1.1124952414006657
2018-03-05 12:00:00;54.13309029608718;49.02;5.113090296087179
2018-03-05 13:00:00;54.13309029608718;48.11;6.023090296087183
2018-03-05 14:00:00;54.13309029608718;53.43;0.7030902960871828
2018-03-05 15:00:00;57.95371599390971;55.1;2.8537159939097094
2018-03-05 16:00:00;64.57113757943705;55.49;9.081137579437048
2018-03-05 17:00:00;68.48500645863673;69.67;-1.1849935413632693
2018-03-05 18:00:00;68.03284641221043;83.16;-15.127153587789564
2018-03-05 19:00:00;68.48500645863673;83.61;-15.124993541363267
2018-03-05 20:00:00;68.48500645863673;62.48;6.0050064586367355
2018-03-05 21:00:00;65.77863395088802;54.96;10.818633950888021
2018-03-05 22:00:00;59.05052636398695;47.04;12.010526363986948
2018-03-05 23:00:00;53.87992502163464;40.4;13.479925021634642
2018-03-06 00:00:00;53.67338162183599;38.96;14.713381621835993
2018-03-06 01:00:00;54.11428551259434;37.96;16.154285512594342
2018-03-06 02:00:00;54.11532053451395;37.39;16.725320534513948
2018-03-06 03:00:00;53.67338162183599;36.61;17.063381621835994
2018-03-06 04:00:00;54.11739057835317;36.91;17.20739057835317
2018-03-06 05:00:00;54.11842560027277;38.76;15.358425600272774
2018-03-06 06:00:00;68.13880787379193;46.5;21.638807873791933
2018-03-06 07:00:00;74.51398156716984;58.26;16.253981567169838
2018-03-06 08:00:00;74.05555156267626;65.19;8.86555156267626
2018-03-06 09:00:00;74.51398156716984;65.02;9.49398156716984
2018-03-06 10:00:00;74.51398156716984;63.28;11.233981567169835
2018-03-06 11:00:00;74.51398156716984;55.03;19.483981567169835
2018-03-06 12:00:00;74.9728980873768;52.39;22.582898087376805
2018-03-06 13:00:00;72.22663275968003;50.07;22.15663275968003
2018-03-06 14:00:00;70.85989716742607;48.98;21.879897167426073
2018-03-06 15:00:00;70.85989716742607;48.76;22.09989716742607
2018-03-06 16:00:00;74.51398156716984;49.42;25.093981567169834
2018-03-06 17:00:00;74.51398156716984;53.99;20.523981567169834
2018-03-06 18:00:00;74.51398156716984;60.7;13.813981567169833
2018-03-06 19:00:00;74.51398156716984;64.63;9.88398156716984
2018-03-06 20:00:00;74.51398156716984;59.9;14.613981567169837
2018-03-06 21:00:00;67.68686364657388;46.95;20.73686364657388
2018-03-06 22:00:00;60.787103927334485;42.9;17.887103927334486
2018-03-06 23:00:00;59.13668747960516;39.55;19.58668747960516
2018-03-07 00:00:00;59.13668747960516;39.07;20.066687479605157
2018-03-07 01:00:00;59.13668747960516;38.58;20.55668747960516
2018-03-07 02:00:00;59.13668747960516;37.1;22.036687479605156
2018-03-07 03:00:00;59.13668747960516;36.91;22.22668747960516
2018-03-07 04:00:00;59.13668747960516;37.54;21.59668747960516
2018-03-07 05:00:00;59.13668747960516;39.9;19.23668747960516
2018-03-07 06:00:00;69.49731564256516;46.69;22.807315642565158
2018-03-07 07:00:00;74.9728980873768;55.85;19.122898087376804
2018-03-07 08:00:00;74.05555156267626;61.79;12.265551562676258
2018-03-07 09:00:00;74.51398156716984;60.0;14.513981567169836
2018-03-07 10:00:00;74.51398156716984;56.54;17.973981567169837
2018-03-07 11:00:00;74.9728980873768;56.51;18.462898087376807
2018-03-07 12:00:00;74.05555156267626;51.51;22.54555156267626
2018-03-07 13:00:00;74.51398156716984;48.99;25.523981567169834
2018-03-07 14:00:00;74.9728980873768;47.07;27.902898087376805
2018-03-07 15:00:00;73.5976048556397;47.9;25.697604855639703
2018-03-07 16:00:00;74.9728980873768;48.89;26.082898087376805
2018-03-07 17:00:00;74.51398156716984;53.7;20.813981567169833
2018-03-07 18:00:00;74.51398156716984;60.95;13.563981567169833
2018-03-07 19:00:00;74.9728980873768;64.34;10.632898087376802
2018-03-07 20:00:00;74.9728980873768;50.29;24.682898087376806
2018-03-07 21:00:00;64.65974672999965;43.66;20.999746729999657
2018-03-07 22:00:00;56.39787068924936;40.77;15.627870689249356
2018-03-07 23:00:00;50.962650148801934;36.6;14.362650148801933
2018-03-08 00:00:00;46.16151142399603;37.37;8.791511423996035
2018-03-08 01:00:00;45.2161052621445;35.03;10.186105262144501
2018-03-08 02:00:00;45.526993155298776;35.73;9.796993155298779
2018-03-08 03:00:00;45.52795489528049;33.29;12.237954895280488
2018-03-08 04:00:00;45.528916635262206;34.0;11.528916635262206
2018-03-08 05:00:00;45.75202830604108;34.63;11.12202830604108
2018-03-08 06:00:00;54.39626823408594;41.47;12.926268234085939
2018-03-08 07:00:00;57.67369685767097;46.2;11.473696857670966
2018-03-08 08:00:00;57.67369685767097;46.96;10.713696857670968
2018-03-08 09:00:00;57.1260233298932;44.91;12.216023329893204
2018-03-08 10:00:00;52.22252357859217;35.91;16.31252357859217
2018-03-08 11:00:00;48.09555089019448;33.67;14.42555089019448
2018-03-08 12:00:00;45.53661055511592;32.94;12.596610555115923
2018-03-08 13:00:00;45.53757229509764;33.15;12.387572295097641
2018-03-08 14:00:00;45.53853403507936;33.5;12.038534035079358
2018-03-08 15:00:00;47.36275857415039;38.27;9.092758574150388
2018-03-08 16:00:00;49.51745372446625;40.51;9.007453724466252
2018-03-08 17:00:00;55.347589450966034;42.99;12.357589450966032
2018-03-08 18:00:00;57.1260233298932;47.66;9.466023329893204
2018-03-08 19:00:00;57.67369685767097;45.3;12.373696857670971
2018-03-08 20:00:00;51.13890654394268;34.9;16.238906543942683
2018-03-08 21:00:00;46.82065182216953;32.08;14.740651822169532
2018-03-08 22:00:00;43.07724758480138;31.71;11.367247584801376
2018-03-08 23:00:00;37.23368991856481;28.51;8.723689918564805
2018-03-09 00:00:00;37.14849013781648;15.72;21.428490137816482
2018-03-09 01:00:00;36.54211826280002;14.79;21.752118262800018
2018-03-09 02:00:00;36.28750266593647;13.7;22.587502665936473
2018-03-09 03:00:00;35.75953307795713;12.76;22.999533077957132
2018-03-09 04:00:00;37.152082733674746;24.37;12.782082733674745
2018-03-09 05:00:00;37.15298088263931;31.02;6.132980882639313
2018-03-09 06:00:00;46.94158758648286;33.98;12.961587586482864
2018-03-09 07:00:00;53.428275550426136;41.98;11.448275550426139
2018-03-09 08:00:00;53.428275550426136;43.93;9.498275550426136
2018-03-09 09:00:00;53.428275550426136;41.94;11.488275550426138
2018-03-09 10:00:00;53.428275550426136;40.69;12.738275550426138
2018-03-09 11:00:00;53.428275550426136;39.81;13.618275550426134
2018-03-09 12:00:00;53.02287437058716;37.33;15.692874370587163
2018-03-09 13:00:00;53.428275550426136;39.72;13.708275550426137
2018-03-09 14:00:00;53.428275550426136;40.38;13.048275550426133
2018-03-09 15:00:00;53.02592955141073;42.19;10.835929551410729
2018-03-09 16:00:00;53.428275550426136;44.46;8.968275550426135
2018-03-09 17:00:00;53.428275550426136;46.54;6.888275550426137
2018-03-09 18:00:00;58.34489874974825;58.6;-0.255101250251748
2018-03-09 19:00:00;55.03560342726702;53.12;1.9156034272670226
2018-03-09 20:00:00;53.428275550426136;48.88;4.548275550426133
2018-03-09 21:00:00;53.428275550426136;44.21;9.218275550426135
2018-03-09 22:00:00;51.05176930140717;41.08;9.971769301407171
2018-03-09 23:00:00;48.01751210836019;38.66;9.35751210836019
2018-03-10 00:00:00;39.61834626542437;33.1;6.51834626542437
2018-03-10 01:00:00;33.5536670298815;31.29;2.2636670298815034
2018-03-10 02:00:00;31.177483238186248;30.85;0.3274832381862467
2018-03-10 03:00:00;31.178340881396984;29.06;2.1183408813969855
2018-03-10 04:00:00;31.026631189914934;30.0;1.0266311899149336
2018-03-10 05:00:00;31.026631189914934;28.46;2.5666311899149328
2018-03-10 06:00:00;31.026631189914934;29.66;1.3666311899149335
2018-03-10 07:00:00;31.026631189914934;30.74;0.2866311899149352
2018-03-10 08:00:00;35.36049457842012;33.96;1.4004945784201226
2018-03-10 09:00:00;36.815901965021794;36.01;0.8059019650217962
2018-03-10 10:00:00;36.815901965021794;37.52;-0.7040980349782089
2018-03-10 11:00:00;36.28750266593647;37.39;-1.1024973340635285
2018-03-10 12:00:00;35.967818728706966;36.6;-0.6321812712930353
2018-03-10 13:00:00;33.56414781826443;35.64;-2.07585218173557
2018-03-10 14:00:00;34.704870395525035;34.01;0.6948703955250366
2018-03-10 15:00:00;36.815901965021794;34.03;2.785901965021793
2018-03-10 16:00:00;38.40488312546783;36.4;2.0048831254678348
2018-03-10 17:00:00;39.46445722015551;38.67;0.7944572201555076
2018-03-10 18:00:00;39.46445722015551;42.04;-2.57554277984449
2018-03-10 19:00:00;39.02070228194282;44.0;-4.9792977180571825
2018-03-10 20:00:00;39.02161333944692;39.7;-0.6783866605530804
2018-03-10 21:00:00;36.28750266593647;35.44;0.8475026659364744
2018-03-10 22:00:00;34.704870395525035;34.5;0.2048703955250346
2018-03-10 23:00:00;31.19549374561175;35.19;-3.9945062543882486
2018-03-11 00:00:00;28.84483099202188;32.26;-3.4151690079781183
2018-03-11 01:00:00;21.36621941911449;27.14;-5.773780580885511
2018-03-11 02:00:00;21.087516087516093;25.65;-4.562483912483906
2018-03-11 03:00:00;21.087516087516093;26.2;-5.112483912483906
2018-03-11 04:00:00;21.36860913285231;25.06;-3.691390867147689
2018-03-11 05:00:00;21.369405704098245;24.92;-3.5505942959017567
2018-03-11 06:00:00;21.087516087516093;25.81;-4.722483912483906
2018-03-11 07:00:00;21.370998846590123;27.61;-6.239001153409877
2018-03-11 08:00:00;21.371795417836054;29.31;-7.938204582163944
2018-03-11 09:00:00;21.087516087516093;30.15;-9.062483912483906
2018-03-11 10:00:00;21.087516087516093;28.97;-7.882483912483906
2018-03-11 11:00:00;21.087516087516093;27.1;-6.0124839124839085
2018-03-11 12:00:00;21.087516087516093;24.15;-3.0624839124839056
2018-03-11 13:00:00;21.087516087516093;20.81;0.27751608751609425
2018-03-11 14:00:00;21.37657484531168;21.69;-0.31342515468832133
2018-03-11 15:00:00;21.087516087516093;27.56;-6.472483912483906
2018-03-11 16:00:00;21.37816798780356;31.01;-9.63183201219644
2018-03-11 17:00:00;33.58860299115792;31.9;1.6886029911579215
2018-03-11 18:00:00;35.994511066397266;35.7;0.29451106639726277
2018-03-11 19:00:00;35.75953307795713;38.06;-2.3004669220428724
2018-03-11 20:00:00;35.75953307795713;34.02;1.7395330779571267
2018-03-11 21:00:00;32.0755156512665;30.62;1.4555156512664986
2018-03-11 22:00:00;34.191621823302434;32.59;1.6016218233024304
2018-03-11 23:00:00;32.99689636525442;31.01;1.9868963652544203
2018-03-12 00:00:00;28.46101657390157;32.1;-3.638983426098431
2018-03-12 01:00:00;28.46185530410321;31.45;-2.988144695896789
2018-03-12 02:00:00;28.462694034304853;30.67;-2.2073059656951486
2018-03-12 03:00:00;28.463532764506496;28.92;-0.45646723549350554
2018-03-12 04:00:00;30.223708565558457;30.39;-0.16629143444154337
2018-03-12 05:00:00;38.47810904492826;34.14;4.3381090449282596
2018-03-12 06:00:00;47.55699057563864;45.65;1.9069905756386447
2018-03-12 07:00:00;54.59730693672388;50.58;4.017306936723884
2018-03-12 08:00:00;54.59730693672388;50.48;4.117306936723885
2018-03-12 09:00:00;54.59730693672388;49.99;4.60730693672388
2018-03-12 10:00:00;54.59730693672388;47.91;6.6873069367238855
2018-03-12 11:00:00;54.59730693672388;46.23;8.367306936723885
2018-03-12 12:00:00;54.59730693672388;45.0;9.597306936723882
2018-03-12 13:00:00;54.59730693672388;42.48;12.117306936723885
2018-03-12 14:00:00;54.59730693672388;41.65;12.947306936723884
2018-03-12 15:00:00;54.0525055256489;41.67;12.382505525648895
2018-03-12 16:00:00;54.59730693672388;42.49;12.10730693672388
2018-03-12 17:00:00;54.59730693672388;46.96;7.637306936723881
2018-03-12 18:00:00;54.59730693672388;50.24;4.35730693672388
2018-03-12 19:00:00;54.59730693672388;49.94;4.657306936723884
2018-03-12 20:00:00;52.96456531210711;42.47;10.494565312107113
2018-03-12 21:00:00;49.37557419367438;39.49;9.88557419367438
2018-03-12 22:00:00;44.24939920970017;37.6;6.649399209700171
2018-03-12 23:00:00;40.07046271193792;30.77;9.300462711937922
2018-03-13 00:00:00;39.97165230968836;32.47;7.50165230968836
2018-03-13 01:00:00;40.23958491954201;29.57;10.669584919542011
2018-03-13 02:00:00;38.39553951129845;28.14;10.255539511298451
2018-03-13 03:00:00;36.79240543267341;26.2;10.592405432673413
2018-03-13 04:00:00;38.38003794578137;27.76;10.620037945781366
2018-03-13 05:00:00;40.24326440486959;33.27;6.973264404869589
2018-03-13 06:00:00;46.52854413932395;40.6;5.928544139323947
2018-03-13 07:00:00;55.72609111926578;46.46;9.26609111926578
2018-03-13 08:00:00;55.72713180528601;46.37;9.35713180528601
2018-03-13 09:00:00;53.71388922347696;42.5;11.213889223476961
2018-03-13 10:00:00;53.04904207267903;40.81;12.239042072679027
2018-03-13 11:00:00;52.85941346253476;40.83;12.029413462534762
2018-03-13 12:00:00;53.05107885989474;41.96;11.091078859894736
2018-03-13 13:00:00;52.31654622649142;40.92;11.396546226491417
2018-03-13 14:00:00;52.85941346253476;40.91;11.949413462534764
2018-03-13 15:00:00;52.85941346253476;42.36;10.499413462534761
2018-03-13 16:00:00;52.85941346253476;41.85;11.00941346253476
2018-03-13 17:00:00;55.736497979468034;46.04;9.696497979468035
2018-03-13 18:00:00;55.73753866548825;50.92;4.81753866548825
2018-03-13 19:00:00;55.73857935150848;51.43;4.308579351508477
2018-03-13 20:00:00;55.03637979443626;44.99;10.046379794436255
2018-03-13 21:00:00;51.774219955867736;43.04;8.734219955867736
2018-03-13 22:00:00;48.53138466972797;40.76;7.771384669727972
2018-03-13 23:00:00;46.54497682415364;36.36;10.184976824153644
2018-03-14 00:00:00;44.209320938185215;33.88;10.329320938185212
2018-03-14 01:00:00;44.31262039159814;33.16;11.152620391598141
2018-03-14 02:00:00;44.31262039159814;32.98;11.332620391598141
2018-03-14 03:00:00;44.31262039159814;34.96;9.352620391598137
2018-03-14 04:00:00;44.31262039159814;34.0;10.312620391598138
2018-03-14 05:00:00;48.04422048775988;35.9;12.144220487759881
2018-03-14 06:00:00;60.05060438942182;48.52;11.530604389421818
2018-03-14 07:00:00;60.60175381143527;60.6;0.001753811435271757
2018-03-14 08:00:00;60.60175381143527;64.98;-4.378246188564731
2018-03-14 09:00:00;60.60175381143527;61.99;-1.3882461885647288
2018-03-14 10:00:00;61.153515963859725;57.98;3.173515963859728
2018-03-14 11:00:00;60.60175381143527;53.83;6.771753811435275
2018-03-14 12:00:00;60.60175381143527;49.58;11.021753811435275
2018-03-14 13:00:00;57.85203327171902;48.45;9.40203327171902
2018-03-14 14:00:00;55.66286945805015;46.99;8.672869458050151
2018-03-14 15:00:00;54.571720192751776;47.66;6.91172019275178
2018-03-14 16:00:00;56.75629467869504;47.77;8.986294678695039
2018-03-14 17:00:00;60.60175381143527;53.63;6.971753811435271
2018-03-14 18:00:00;60.60175381143527;62.81;-2.208246188564729
2018-03-14 19:00:00;60.60175381143527;60.94;-0.33824618856472455
2018-03-14 20:00:00;60.60175381143527;48.86;11.741753811435274
2018-03-14 21:00:00;51.85356596925145;39.59;12.263565969251445
2018-03-14 22:00:00;45.49792440329868;34.16;11.337924403298686
2018-03-14 23:00:00;36.799897935757016;29.55;7.249897935757016
2018-03-15 00:00:00;26.589231331953258;25.36;1.2292313319532582
2018-03-15 01:00:00;27.169892641831645;20.41;6.7598926418316445
2018-03-15 02:00:00;27.170724038349668;18.42;8.750724038349667
2018-03-15 03:00:00;27.1715554348677;14.91;12.261555434867699
2018-03-15 04:00:00;26.5925424421934;13.25;13.342542442193398
2018-03-15 05:00:00;26.59337021975343;18.35;8.24337021975343
2018-03-15 06:00:00;34.17485544975809;32.76;1.4148554497580932
2018-03-15 07:00:00;34.17485544975809;40.49;-6.315144550241911
2018-03-15 08:00:00;34.17485544975809;39.99;-5.815144550241911
2018-03-15 09:00:00;34.17485544975809;30.0;4.174855449758091
2018-03-15 10:00:00;26.59750910755359;19.48;7.117509107553591
2018-03-15 11:00:00;27.178206607011887;15.2;11.978206607011888
2018-03-15 12:00:00;27.17903800352991;13.65;13.52903800352991
2018-03-15 13:00:00;27.17986940004793;13.56;13.61986940004793
2018-03-15 14:00:00;27.180700796565965;18.85;8.330700796565964
2018-03-15 15:00:00;33.064920567378856;21.25;11.814920567378856
2018-03-15 16:00:00;33.663053405805094;24.0;9.663053405805094
2018-03-15 17:00:00;34.17485544975809;30.62;3.55485544975809
2018-03-15 18:00:00;34.17485544975809;39.55;-5.375144550241906
2018-03-15 19:00:00;34.17485544975809;38.86;-4.685144550241908
2018-03-15 20:00:00;34.17485544975809;30.36;3.8148554497580918
2018-03-15 21:00:00;34.17485544975809;29.07;5.104855449758091
2018-03-15 22:00:00;33.1227215410603;25.66;7.462721541060301
2018-03-15 23:00:00;27.188183365228177;17.02;10.168183365228177
2018-03-16 00:00:00;27.091663089957528;12.08;15.011663089957528
2018-03-16 01:00:00;27.09249448647556;12.01;15.082494486475559
2018-03-16 02:00:00;27.093325882993582;8.06;19.03332588299358
2018-03-16 03:00:00;27.09415727951161;10.84;16.25415727951161
2018-03-16 04:00:00;27.09498867602963;13.4;13.694988676029629
2018-03-16 05:00:00;27.095820072547653;24.49;2.6058200725476546
2018-03-16 06:00:00;39.63953694470476;37.76;1.8795369447047605
2018-03-16 07:00:00;40.25747910580202;45.86;-5.60252089419798
2018-03-16 08:00:00;40.25839897713392;47.98;-7.721601022866075
2018-03-16 09:00:00;40.25931884846581;44.97;-4.710681151534189
2018-03-16 10:00:00;40.260238719797705;44.0;-3.739761280202295
2018-03-16 11:00:00;40.2611585911296;42.0;-1.7388414088703996
2018-03-16 12:00:00;40.2620784624615;38.1;2.1620784624615013
2018-03-16 13:00:00;39.42027392627657;31.97;7.450273926276573
2018-03-16 14:00:00;36.59052262328705;27.09;9.50052262328705
2018-03-16 15:00:00;35.98574530269977;26.67;9.315745302699767
2018-03-16 16:00:00;38.42043145072756;30.85;7.570431450727561
2018-03-16 17:00:00;40.26667781912096;37.09;3.176677819120954
2018-03-16 18:00:00;40.26759769045286;40.23;0.037597690452862764
2018-03-16 19:00:00;40.26851756178476;38.38;1.8885175617847594
2018-03-16 20:00:00;39.951208778188445;36.95;3.001208778188442
2018-03-16 21:00:00;33.608891172769496;20.74;12.868891172769498
2018-03-16 22:00:00;30.03031797411138;21.62;8.41031797411138
2018-03-16 23:00:00;18.963295130677345;10.6;8.363295130677345
2018-03-17 00:00:00;13.084858637512497;13.26;-0.17514136248750312
2018-03-17 01:00:00;11.137237446907552;5.56;5.577237446907552
2018-03-17 02:00:00;11.137237446907552;0.08;11.057237446907552
2018-03-17 03:00:00;11.137237446907552;0.02;11.117237446907552
2018-03-17 04:00:00;11.137237446907552;-5.0;16.13723744690755
2018-03-17 05:00:00;11.137237446907552;-11.86;22.99723744690755
2018-03-17 06:00:00;11.137237446907552;-0.71;11.847237446907553
2018-03-17 07:00:00;11.928825466232908;10.76;1.1688254662329083
2018-03-17 08:00:00;14.124641878457211;10.01;4.114641878457212
2018-03-17 09:00:00;13.574999866614466;9.8;3.774999866614465
2018-03-17 10:00:00;14.126152748077118;10.0;4.126152748077118
2018-03-17 11:00:00;14.126908182887083;10.73;3.396908182887083
2018-03-17 12:00:00;13.577257203879856;8.92;4.6572572038798565
2018-03-17 13:00:00;11.137237446907552;1.42;9.717237446907552
2018-03-17 14:00:00;11.137237446907552;-0.46;11.597237446907553
2018-03-17 15:00:00;11.137237446907552;1.78;9.357237446907552
2018-03-17 16:00:00;12.482696096879078;1.58;10.902696096879078
2018-03-17 17:00:00;14.131440791746805;6.91;7.221440791746804
2018-03-17 18:00:00;14.132196226556758;12.97;1.1621962265567571
2018-03-17 19:00:00;14.132951661366718;13.17;0.9629516613667182
2018-03-17 20:00:00;14.133707096176671;1.09;13.043707096176671
2018-03-17 21:00:00;10.30393927193197;-2.51;12.81393927193197
2018-03-17 22:00:00;7.5993881297726915;2.05;5.549388129772692
2018-03-17 23:00:00;6.524800999079524;-4.09;10.614800999079524
2018-03-18 00:00:00;6.5255166343144;-2.0;8.5255166343144
2018-03-18 01:00:00;7.063416240230065;-12.12;19.183416240230066
2018-03-18 02:00:00;7.064134578692009;-9.63;16.694134578692008
2018-03-18 03:00:00;6.527663540019034;-9.61;16.137663540019034
2018-03-18 04:00:00;7.065571255615897;-9.25;16.315571255615897
2018-03-18 05:00:00;6.529094810488793;-9.64;16.169094810488794
2018-03-18 06:00:00;6.529810445723669;-14.42;20.94981044572367
2018-03-18 07:00:00;7.067726271001728;-27.18;34.247726271001724
2018-03-18 08:00:00;7.068444609463679;-19.95;27.01844460946368
2018-03-18 09:00:00;6.531957351428318;-24.22;30.751957351428317
2018-03-18 10:00:00;7.069881286387574;-29.99;37.05988128638757
2018-03-18 11:00:00;8.147886424475768;0.0;8.147886424475768
2018-03-18 12:00:00;6.534104257132952;-0.05;6.584104257132952
2018-03-18 13:00:00;7.072036301773405;-18.22;25.292036301773404
2018-03-18 14:00:00;6.535535527602704;-9.79;16.325535527602703
2018-03-18 15:00:00;7.073472978697293;-22.95;30.023472978697292
2018-03-18 16:00:00;14.700412455531474;4.74;9.960412455531474
2018-03-18 17:00:00;20.281063363998783;23.11;-2.8289366360012167
2018-03-18 18:00:00;30.984151511230795;40.38;-9.395848488769207
2018-03-18 19:00:00;34.82563354399353;41.06;-6.2343664560064695
2018-03-18 20:00:00;34.225971408238095;39.78;-5.554028591761906
2018-03-18 21:00:00;34.13506814552164;38.05;-3.914931854478354
2018-03-18 22:00:00;34.6616618279317;38.06;-3.3983381720683
2018-03-18 23:00:00;33.03267068550793;36.88;-3.8473293144920717
2018-03-19 00:00:00;32.02954674691733;31.09;0.9395467469173333
2018-03-19 01:00:00;33.02592596710642;31.2;1.8259259671064179
2018-03-19 02:00:00;33.623879712425854;33.35;0.2738797124258525
2018-03-19 03:00:00;37.29762449008904;33.44;3.8576244900890444
2018-03-19 04:00:00;40.479180019969625;31.27;9.209180019969626
2018-03-19 05:00:00;45.96208343526694;38.18;7.782083435266941
2018-03-19 06:00:00;58.29274104896979;50.06;8.232741048969785
2018-03-19 07:00:00;67.15184179914698;59.93;7.221841799146979
2018-03-19 08:00:00;67.15184179914698;63.28;3.871841799146978
2018-03-19 09:00:00;67.15184179914698;53.41;13.741841799146982
2018-03-19 10:00:00;67.09556701673404;48.53;18.565567016734036
2018-03-19 11:00:00;66.64427462452028;46.84;19.804274624520275
2018-03-19 12:00:00;64.36583981556556;47.04;17.325839815565566
2018-03-19 13:00:00;63.81060614653718;47.54;16.270606146537183
2018-03-19 14:00:00;64.39429004778776;45.95;18.44429004778776
2018-03-19 15:00:00;67.15184179914698;50.03;17.121841799146978
2018-03-19 16:00:00;67.09556701673404;50.99;16.105567016734035
2018-03-19 17:00:00;67.09556701673404;57.18;9.915567016734038
2018-03-19 18:00:00;69.81262498396732;73.0;-3.187375016032675
2018-03-19 19:00:00;69.81262498396732;98.19;-28.377375016032673
2018-03-19 20:00:00;67.15184179914698;59.98;7.171841799146982
2018-03-19 21:00:00;67.09556701673404;48.96;18.135567016734036
2018-03-19 22:00:00;59.9416654918602;42.05;17.891665491860202
2018-03-19 23:00:00;52.29123243667239;37.36;14.931232436672389
2018-03-20 00:00:00;51.82471287347556;38.95;12.87471287347556
2018-03-20 01:00:00;51.82471287347556;37.53;14.29471287347556
2018-03-20 02:00:00;51.82471287347556;37.06;14.76471287347556
2018-03-20 03:00:00;52.02525046978749;36.59;15.435250469787483
2018-03-20 04:00:00;51.82471287347556;36.59;15.234712873475559
2018-03-20 05:00:00;51.82471287347556;38.09;13.734712873475559
2018-03-20 06:00:00;56.17981484982319;42.14;14.039814849823188
2018-03-20 07:00:00;65.38831355841306;49.95;15.438313558413057
2018-03-20 08:00:00;65.38831355841306;49.85;15.538313558413059
2018-03-20 09:00:00;62.782056207022734;42.95;19.83205620702273
2018-03-20 10:00:00;54.5424781996408;38.02;16.522478199640794
2018-03-20 11:00:00;52.91017642439728;38.09;14.820176424397275
2018-03-20 12:00:00;51.82471287347556;38.0;13.824712873475562
2018-03-20 13:00:00;52.03532648727558;36.48;15.555326487275586
2018-03-20 14:00:00;51.82471287347556;37.08;14.744712873475564
2018-03-20 15:00:00;52.0373416907732;36.74;15.297341690773195
2018-03-20 16:00:00;57.274230915935576;38.09;19.184230915935572
2018-03-20 17:00:00;64.44651460701206;47.12;17.326514607012065
2018-03-20 18:00:00;65.55939159861498;56.92;8.639391598614978
2018-03-20 19:00:00;65.38831355841306;64.92;0.4683135584130582
2018-03-20 20:00:00;65.55939159861498;54.88;10.679391598614977
2018-03-20 21:00:00;64.04028240459517;50.25;13.790282404595175
2018-03-20 22:00:00;61.12329641445559;44.72;16.40329641445559
2018-03-20 23:00:00;54.5424781996408;39.6;14.942478199640796
2018-03-21 00:00:00;51.82471287347556;40.77;11.054712873475559
2018-03-21 01:00:00;51.82471287347556;40.53;11.29471287347556
2018-03-21 02:00:00;51.82471287347556;40.74;11.08471287347556
2018-03-21 03:00:00;51.82471287347556;40.08;11.744712873475564
2018-03-21 04:00:00;51.82471287347556;40.07;11.754712873475562
2018-03-21 05:00:00;56.72673393729747;41.38;15.346733937297465
2018-03-21 06:00:00;65.55939159861498;57.15;8.409391598614981
2018-03-21 07:00:00;65.55939159861498;71.0;-5.44060840138502
2018-03-21 08:00:00;65.55939159861498;78.33;-12.770608401385019
2018-03-21 09:00:00;65.55939159861498;70.05;-4.490608401385018
2018-03-21 10:00:00;62.22851019279135;57.96;4.2685101927913465
2018-03-21 11:00:00;57.82231053604435;51.15;6.67231053604435
2018-03-21 12:00:00;53.45372508546327;46.13;7.323725085463266
2018-03-21 13:00:00;52.91017642439728;42.27;10.640176424397275
2018-03-21 14:00:00;54.05546456960843;42.11;11.945464569608433
2018-03-21 15:00:00;55.63346895470527;47.91;7.723468954705275
2018-03-21 16:00:00;57.274230915935576;49.22;8.054230915935577
2018-03-21 17:00:00;65.38831355841306;57.95;7.438313558413057
2018-03-21 18:00:00;65.55939159861498;69.88;-4.320608401385016
2018-03-21 19:00:00;65.38831355841306;78.91;-13.521686441586937
2018-03-21 20:00:00;65.55939159861498;58.46;7.099391598614979
2018-03-21 21:00:00;57.82231053604435;44.94;12.88231053604435
2018-03-21 22:00:00;53.395916962775466;39.93;13.465916962775466
2018-03-21 23:00:00;46.96624380749101;37.06;9.906243807491009
2018-03-22 00:00:00;45.58372456018809;33.05;12.533724560188091
2018-03-22 01:00:00;45.584671926796986;33.06;12.524671926796984
2018-03-22 02:00:00;43.04965181234207;26.09;16.95965181234207
2018-03-22 03:00:00;41.79548727352688;21.49;20.305487273526882
2018-03-22 04:00:00;42.08574275565742;22.13;19.955742755657422
2018-03-22 05:00:00;45.29770810403367;30.0;15.297708104033667
2018-03-22 06:00:00;45.58940875984146;35.7;9.889408759841459
2018-03-22 07:00:00;52.093639643324025;39.2;12.893639643324022
2018-03-22 08:00:00;54.09519714138813;40.11;13.985197141388127
2018-03-22 09:00:00;51.23289352277875;37.01;14.222893522778755
2018-03-22 10:00:00;50.14910803256025;35.92;14.229108032560248
2018-03-22 11:00:00;50.77712507383753;37.08;13.697125073837533
2018-03-22 12:00:00;52.76281041722187;38.06;14.702810417221869
2018-03-22 13:00:00;56.80666032533498;39.97;16.836660325334982
2018-03-22 14:00:00;62.74891951311062;41.22;21.528919513110623
2018-03-22 15:00:00;66.08869781059572;42.99;23.098697810595716
2018-03-22 16:00:00;72.82997985843994;47.98;24.849979858439944
2018-03-22 17:00:00;73.2883455731686;57.92;15.368345573168597
2018-03-22 18:00:00;73.2883455731686;70.26;3.0283455731685933
2018-03-22 19:00:00;74.20652285639241;93.43;-19.223477143607596
2018-03-22 20:00:00;72.82997985843994;64.99;7.839979858439946
2018-03-22 21:00:00;73.2883455731686;58.42;14.868345573168597
2018-03-22 22:00:00;69.17999440933202;53.33;15.849994409332027
2018-03-22 23:00:00;61.08769031237233;46.77;14.317690312372328
2018-03-23 00:00:00;57.7188536740627;41.39;16.3288536740627
2018-03-23 01:00:00;57.7188536740627;41.12;16.598853674062703
2018-03-23 02:00:00;57.7188536740627;40.95;16.768853674062697
2018-03-23 03:00:00;57.7188536740627;40.49;17.228853674062698
2018-03-23 04:00:00;58.268151571164495;40.55;17.718151571164498
2018-03-23 05:00:00;58.81804360681012;42.78;16.03804360681012
2018-03-23 06:00:00;68.64766691026479;55.87;12.777666910264792
2018-03-23 07:00:00;72.75029106187198;65.62;7.130291061871972
2018-03-23 08:00:00;72.75029106187198;70.42;2.330291061871975
2018-03-23 09:00:00;72.75029106187198;65.72;7.030291061871978
2018-03-23 10:00:00;72.75029106187198;60.4;12.350291061871978
2018-03-23 11:00:00;72.75029106187198;57.57;15.180291061871976
2018-03-23 12:00:00;73.20848221994157;52.53;20.67848221994157
2018-03-23 13:00:00;69.55613604058564;50.35;19.20613604058564
2018-03-23 14:00:00;70.4664281771689;49.23;21.236428177168897
2018-03-23 15:00:00;68.19410866126017;49.15;19.044108661260175
2018-03-23 16:00:00;65.48204763134432;49.48;16.00204763134432
2018-03-23 17:00:00;68.64766691026479;57.99;10.657666910264787
2018-03-23 18:00:00;73.20848221994157;60.73;12.478482219941576
2018-03-23 19:00:00;73.20848221994157;70.72;2.4884822199415737
2018-03-23 20:00:00;72.75029106187198;60.94;11.810291061871979
2018-03-23 21:00:00;65.48204763134432;51.79;13.692047631344316
2018-03-23 22:00:00;62.6843431740929;48.56;14.1243431740929
2018-03-23 23:00:00;57.35325718713772;45.01;12.343257187137723
2018-03-24 00:00:00;52.257509310114;38.74;13.517509310114
2018-03-24 01:00:00;49.54750029717515;37.09;12.457500297175145
2018-03-24 02:00:00;48.69213800281142;37.7;10.992138002811416
2018-03-24 03:00:00;48.4671825951693;37.48;10.987182595169301
2018-03-24 04:00:00;49.344874980155325;38.14;11.204874980155324
2018-03-24 05:00:00;49.99911802588148;38.35;11.649118025881478
2018-03-24 06:00:00;50.62990755580957;38.86;11.769907555809567
2018-03-24 07:00:00;52.257509310114;40.18;12.077509310114003
2018-03-24 08:00:00;51.97710267618079;41.58;10.397102676180793
2018-03-24 09:00:00;49.54750029717515;41.5;8.047500297175148
2018-03-24 10:00:00;46.850552903195336;38.0;8.850552903195336
2018-03-24 11:00:00;46.312686262847286;37.41;8.90268626284729
2018-03-24 12:00:00;46.312686262847286;37.0;9.312686262847286
2018-03-24 13:00:00;46.312686262847286;37.78;8.532686262847285
2018-03-24 14:00:00;46.312686262847286;37.47;8.842686262847288
2018-03-24 15:00:00;46.312686262847286;38.84;7.472686262847283
2018-03-24 16:00:00;48.70573994092318;40.2;8.505739940923178
2018-03-24 17:00:00;53.89000282895698;46.37;7.520002828956983
2018-03-24 18:00:00;58.268151571164495;58.06;0.20815157116449257
2018-03-24 19:00:00;58.268151571164495;59.58;-1.3118484288355035
2018-03-24 20:00:00;57.37511159356243;51.99;5.385111593562428
2018-03-24 21:00:00;53.89000282895698;42.97;10.920002828956981
2018-03-24 22:00:00;53.34528752607601;40.29;13.055287526076008
2018-03-24 23:00:00;50.672651001906495;38.05;12.622651001906497
2018-03-25 00:00:00;47.38892188191632;38.52;8.868921881916314
2018-03-25 01:00:00;41.08328101296418;38.01;3.0732810129641805
2018-03-25 03:00:00;44.16616599218802;37.85;6.316165992188019
2018-03-25 04:00:00;43.63075356815733;37.28;6.35075356815733
2018-03-25 05:00:00;42.56136392992697;37.24;5.321363929926967
2018-03-25 06:00:00;41.71188625347365;37.08;4.6318862534736525
2018-03-25 07:00:00;41.71280612480554;38.67;3.042806124805537
2018-03-25 08:00:00;41.08968911539043;39.04;2.0496891153904286
2018-03-25 09:00:00;41.09060455859418;38.06;3.0306045585941774
2018-03-25 10:00:00;41.49386374060152;35.01;6.483863740601521
2018-03-25 11:00:00;41.09243544500168;31.44;9.652435445001682
2018-03-25 12:00:00;40.42822451318635;31.29;9.138224513186351
2018-03-25 13:00:00;39.23417813623556;29.05;10.184178136235563
2018-03-25 14:00:00;41.095181774612925;29.93;11.165181774612925
2018-03-25 15:00:00;41.09609721781668;31.81;9.286097217816678
2018-03-25 16:00:00;42.97545154255818;36.0;6.975451542558183
2018-03-25 17:00:00;51.34891451830683;36.86;14.488914518306828
2018-03-25 18:00:00;54.9811080963054;41.38;13.601108096305396
2018-03-25 19:00:00;54.68310694625038;45.16;9.523106946250387
2018-03-25 20:00:00;54.9811080963054;51.3;3.681108096305401
2018-03-25 21:00:00;54.685143733466106;42.0;12.685143733466106
2018-03-25 22:00:00;52.80112448874139;45.09;7.711124488741383
2018-03-25 23:00:00;44.24488481765098;39.54;4.704884817650978
2018-03-26 00:00:00;43.37261923202711;40.36;3.012619232027113
2018-03-26 01:00:00;43.37354808938763;39.53;3.8435480893876317
2018-03-26 02:00:00;43.37447694674816;38.92;4.454476946748159
2018-03-26 03:00:00;43.77950830118424;38.01;5.7695083011842385
2018-03-26 04:00:00;47.84944399602488;37.25;10.599443996024881
2018-03-26 05:00:00;56.477516567516;38.02;18.457516567515995
2018-03-26 06:00:00;67.30827882746269;52.28;15.028278827462685
2018-03-26 07:00:00;67.48474456115387;63.03;4.454744561153873
2018-03-26 08:00:00;67.86886390073674;79.47;-11.601136099263258
2018-03-26 09:00:00;67.86886390073674;76.61;-8.741136099263258
2018-03-26 10:00:00;67.48474456115387;67.98;-0.49525543884612944
2018-03-26 11:00:00;66.12813322589543;61.49;4.638133225895423
2018-03-26 12:00:00;63.95889718212607;55.65;8.308897182126074
2018-03-26 13:00:00;62.293035418277896;52.52;9.773035418277892
2018-03-26 14:00:00;60.63286401432013;48.84;11.792864014320124
2018-03-26 15:00:00;57.8565198178639;45.34;12.516519817863895
2018-03-26 16:00:00;62.293035418277896;44.03;18.263035418277894
2018-03-26 17:00:00;66.18915008440229;45.09;21.099150084402282
2018-03-26 18:00:00;67.48474456115387;51.76;15.724744561153877
2018-03-26 19:00:00;67.86886390073674;62.49;5.378863900736739
2018-03-26 20:00:00;66.74837616643211;62.41;4.338376166432113
2018-03-26 21:00:00;63.95889718212607;62.42;1.538897182126071
2018-03-26 22:00:00;57.177926827986745;54.91;2.2679268279867486
2018-03-26 23:00:00;53.50120233751088;49.18;4.321202337510883
2018-03-27 00:00:00;53.12297124501189;42.4;10.722971245011891
2018-03-27 01:00:00;53.12297124501189;38.8;14.322971245011892
2018-03-27 02:00:00;53.12297124501189;38.0;15.12297124501189
2018-03-27 03:00:00;53.12297124501189;38.01;15.112971245011892
2018-03-27 04:00:00;53.57924162075639;37.83;15.749241620756393
2018-03-27 05:00:00;66.36687333806005;38.98;27.38687333806005
2018-03-27 06:00:00;67.48702066830509;48.47;19.017020668305094
2018-03-27 07:00:00;67.48702066830509;60.43;7.057020668305093
2018-03-27 08:00:00;67.48702066830509;67.48;0.007020668305088407
2018-03-27 09:00:00;67.48702066830509;60.69;6.797020668305095
2018-03-27 10:00:00;65.88514516893032;55.98;9.905145168930325
2018-03-27 11:00:00;62.4672832510163;52.73;9.7372832510163
2018-03-27 12:00:00;61.35891068498836;47.53;13.828910684988358
2018-03-27 13:00:00;57.65803305102184;44.96;12.698033051021838
2018-03-27 14:00:00;58.347578884000285;42.39;15.957578884000284
2018-03-27 15:00:00;58.04861555300698;40.85;17.19861555300698
2018-03-27 16:00:00;63.578195646500106;40.73;22.84819564650011
2018-03-27 17:00:00;67.48702066830509;41.22;26.267020668305094
2018-03-27 18:00:00;67.48702066830509;42.0;25.487020668305092
2018-03-27 19:00:00;67.48702066830509;47.93;19.557020668305093
2018-03-27 20:00:00;64.13461769637985;44.24;19.894617696379846
2018-03-27 21:00:00;54.26755717055613;39.61;14.657557170556132
2018-03-27 22:00:00;48.32152457120979;36.54;11.781524571209793
2018-03-27 23:00:00;44.474841211935896;33.95;10.524841211935893
2018-03-28 00:00:00;44.21193485068107;34.36;9.851934850681069
2018-03-28 01:00:00;44.55108914555544;34.98;9.57108914555544
2018-03-28 02:00:00;44.552018002915965;33.72;10.832018002915966
2018-03-28 03:00:00;44.55294686027649;32.62;11.932946860276495
2018-03-28 04:00:00;44.55387571763703;33.3;11.25387571763703
2018-03-28 05:00:00;55.047705773157816;35.05;19.99770577315782
2018-03-28 06:00:00;56.143248828009135;40.05;16.093248828009138
2018-03-28 07:00:00;56.143248828009135;43.91;12.233248828009138
2018-03-28 08:00:00;56.143248828009135;50.63;5.513248828009132
2018-03-28 09:00:00;56.143248828009135;50.32;5.823248828009135
2018-03-28 10:00:00;56.143248828009135;45.49;10.653248828009133
2018-03-28 11:00:00;55.047705773157816;44.68;10.367705773157816
2018-03-28 12:00:00;55.59518995163584;41.84;13.755189951635835
2018-03-28 13:00:00;55.06040860362661;45.13;9.93040860362661
2018-03-28 14:00:00;54.50079166984818;45.0;9.500791669848176
2018-03-28 15:00:00;53.0442779744476;44.07;8.974277974447602
2018-03-28 16:00:00;55.06343140887304;42.35;12.713431408873042
2018-03-28 17:00:00;56.143248828009135;40.72;15.423248828009136
2018-03-28 18:00:00;56.143248828009135;40.16;15.983248828009138
2018-03-28 19:00:00;53.71824511474115;45.99;7.728245114741149
2018-03-28 20:00:00;48.43197020414847;45.56;2.871970204148468
2018-03-28 21:00:00;42.66820445043105;39.32;3.348204450431048
2018-03-28 22:00:00;39.54174815274263;35.23;4.311748152742631
2018-03-28 23:00:00;39.54264207976647;28.34;11.202642079766473
2018-03-29 00:00:00;39.54353600679031;26.57;12.973536006790312
2018-03-29 01:00:00;38.869140440348886;19.31;19.559140440348887
2018-03-29 02:00:00;38.92583210827544;15.72;23.205832108275445
2018-03-29 03:00:00;39.54621778786185;17.98;21.56621778786185
2018-03-29 04:00:00;39.54711171488569;19.33;20.21711171488569
2018-03-29 05:00:00;49.06202229425536;29.4;19.662022294255358
2018-03-29 06:00:00;53.954443068426215;38.77;15.184443068426212
2018-03-29 07:00:00;54.40299448395295;42.36;12.042994483952953
2018-03-29 08:00:00;54.40399677509072;44.99;9.413996775090716
2018-03-29 09:00:00;53.954443068426215;45.15;8.804443068426217
2018-03-29 10:00:00;53.954443068426215;40.05;13.904443068426218
2018-03-29 11:00:00;50.68797696206417;40.0;10.68797696206417
2018-03-29 12:00:00;49.09944704226011;38.14;10.95944704226011
2018-03-29 13:00:00;47.98067118611176;36.77;11.21067118611176
2018-03-29 14:00:00;49.75599065773621;37.6;12.155990657736211
2018-03-29 15:00:00;50.145462839622176;39.63;10.515462839622174
2018-03-29 16:00:00;54.41201510419283;38.92;15.49201510419283
2018-03-29 17:00:00;53.954443068426215;42.27;11.684443068426212
2018-03-29 18:00:00;54.414019686468365;44.99;9.424019686468363
2018-03-29 19:00:00;53.954443068426215;62.6;-8.645556931573786
2018-03-29 20:00:00;53.954443068426215;62.69;-8.735556931573782
2018-03-29 21:00:00;53.954443068426215;45.5;8.454443068426215
2018-03-29 22:00:00;51.08052607289787;44.62;6.460526072897871
2018-03-29 23:00:00;43.67552306524366;40.87;2.805523065243662
2018-03-30 00:00:00;40.81007480281272;35.69;5.120074802812724
2018-03-30 01:00:00;38.869140440348886;35.8;3.069140440348889
2018-03-30 02:00:00;37.27526846701437;31.68;5.595268467014371
2018-03-30 03:00:00;38.33740252172002;32.11;6.227402521720023
2018-03-30 04:00:00;38.94896546760704;30.79;8.15896546760704
2018-03-30 05:00:00;39.93397483410463;33.57;6.363974834104631
2018-03-30 06:00:00;39.93397483410463;35.36;4.573974834104632
2018-03-30 07:00:00;40.46707811971587;41.48;-1.012921880284125
2018-03-30 08:00:00;38.869140440348886;43.53;-4.660859559651115
2018-03-30 09:00:00;34.627607657136934;43.17;-8.542392342863067
2018-03-30 10:00:00;27.5208062309046;36.11;-8.589193769095399
2018-03-30 11:00:00;21.15943879242909;32.84;-11.680561207570914
2018-03-30 12:00:00;18.32188974042779;28.44;-10.118110259572212
2018-03-30 13:00:00;17.7587309865388;20.96;-3.2012690134612
2018-03-30 14:00:00;17.759492471272225;22.08;-4.320507528727774
2018-03-30 15:00:00;17.76025395600565;20.93;-3.1697460439943512
2018-03-30 16:00:00;17.761015440739072;21.17;-3.4089845592609294
2018-03-30 17:00:00;22.88270896057128;22.09;0.7927089605712787
2018-03-30 18:00:00;22.53244193802681;29.06;-6.527558061973188
2018-03-30 19:00:00;22.53244193802681;29.09;-6.5575580619731895
2018-03-30 20:00:00;17.764061379672768;28.8;-11.035938620327233
2018-03-30 21:00:00;17.76482286440619;18.28;-0.5151771355938095
2018-03-30 22:00:00;17.765584349139615;17.07;0.6955843491396152
2018-03-30 23:00:00;17.76634583387304;15.29;2.47634583387304
2018-03-31 00:00:00;17.767107318606463;0.05;17.717107318606462
2018-03-31 01:00:00;17.767868803339887;0.05;17.717868803339886
2018-03-31 02:00:00;17.76863028807331;8.04;9.728630288073312
2018-03-31 03:00:00;17.769391772806735;13.41;4.359391772806735
2018-03-31 04:00:00;17.77015325754016;6.91;10.860153257540158
2018-03-31 05:00:00;18.533671833244263;14.27;4.263671833244263
2018-03-31 06:00:00;24.54247104247105;13.75;10.79247104247105
2018-03-31 07:00:00;31.08363533157044;18.66;12.423635331570441
2018-03-31 08:00:00;31.08447406177208;30.08;1.0044740617720826
2018-03-31 09:00:00;31.08531279197372;30.06;1.0253127919737217
2018-03-31 10:00:00;31.086151522175363;29.37;1.7161515221753625
2018-03-31 11:00:00;31.086990252377;31.06;0.0269902523770007
2018-03-31 12:00:00;26.95645476721184;31.92;-4.96354523278816
2018-03-31 13:00:00;30.49376665338043;27.82;2.6737666533804294
2018-03-31 14:00:00;31.08950644298192;22.59;8.499506442981922
2018-03-31 15:00:00;28.1316094434337;23.02;5.1116094434337
2018-03-31 16:00:00;31.091183903385208;22.89;8.201183903385207
2018-03-31 17:00:00;31.09202263358685;27.34;3.7520226335868507
2018-03-31 18:00:00;31.092861363788487;31.02;0.07286136378848695
2018-03-31 19:00:00;31.09370009399013;35.46;-4.366299906009871
2018-03-31 20:00:00;31.09453882419177;37.31;-6.215461175808233
2018-03-31 21:00:00;31.09537755439341;38.67;-7.574622445606593
2018-03-31 22:00:00;31.09621628459506;36.02;-4.923783715404944
2018-03-31 23:00:00;28.726829932781072;36.43;-7.703170067218927
2018-04-01 00:00:00;20.52958295829584;34.95;-14.420417041704162
2018-04-01 01:00:00;15.542097199621011;28.46;-12.91790280037899
2018-04-01 02:00:00;14.561849071973011;24.76;-10.19815092802699
2018-04-01 03:00:00;14.561849071973011;21.81;-7.248150928026988
2018-04-01 04:00:00;14.561849071973011;21.07;-6.508150928026989
2018-04-01 05:00:00;14.430344934142944;21.82;-7.389655065857056
2018-04-01 06:00:00;14.4311724484513;22.97;-8.5388275515487
2018-04-01 07:00:00;17.228475176278632;23.05;-5.821524823721369
2018-04-01 08:00:00;17.792162118861043;22.96;-5.167837881138958
2018-04-01 09:00:00;18.357070626933822;24.37;-6.012929373066179
2018-04-01 10:00:00;18.357921429605373;22.04;-3.6820785703946264
2018-04-01 11:00:00;14.43531001999304;23.0;-8.56468998000696
2018-04-01 12:00:00;14.436137534301388;21.85;-7.413862465698614
2018-04-01 13:00:00;14.561849071973011;22.05;-7.48815092802699
2018-04-01 14:00:00;14.437792562918084;18.3;-3.862207437081917
2018-04-01 15:00:00;14.561849071973011;13.72;0.8418490719730105
2018-04-01 16:00:00;14.43944759153478;14.27;0.16944759153478017
2018-04-01 17:00:00;14.561849071973011;13.46;1.1018490719730103
2018-04-01 18:00:00;18.93004938950961;21.73;-2.7999506104903915
2018-04-01 19:00:00;24.076718933636148;31.5;-7.423281066363852
2018-04-01 20:00:00;23.50050541085357;32.88;-9.379494589146432
2018-04-01 21:00:00;24.07849181528095;31.87;-7.791508184719049
2018-04-01 22:00:00;21.779122848752497;33.75;-11.970877151247503
2018-04-01 23:00:00;20.637866883012027;33.48;-12.84213311698797
2018-04-02 00:00:00;20.52958295829584;26.06;-5.530417041704158
2018-04-02 01:00:00;18.936029048618806;24.97;-6.0339709513811925
2018-04-02 02:00:00;18.936883285634394;24.08;-5.143116714365604
2018-04-02 03:00:00;19.504334938091336;20.46;-0.9556650619086646
2018-04-02 04:00:00;20.52958295829584;19.82;0.7095829582958402
2018-04-02 05:00:00;25.825401137453824;22.94;2.8854011374538224
2018-04-02 06:00:00;25.826298859322375;24.91;0.9162988593223744
2018-04-02 07:00:00;25.245828940572093;28.89;-3.644171059427908
2018-04-02 08:00:00;25.82809430305951;32.23;-6.401905696940489
2018-04-02 09:00:00;25.247616800074574;33.1;-7.852383199925427
2018-04-02 10:00:00;22.53244193802681;30.09;-7.5575580619731895
2018-04-02 11:00:00;20.07908203680654;30.92;-10.840917963193462
2018-04-02 12:00:00;20.0799432263655;27.09;-7.010056773634499
2018-04-02 13:00:00;20.52958295829584;24.93;-4.400417041704159
2018-04-02 14:00:00;20.52958295829584;21.75;-1.2204170417041595
2018-04-02 15:00:00;20.52958295829584;21.82;-1.2904170417041598
2018-04-02 16:00:00;24.54247104247105;22.88;1.6624710424710507
2018-04-02 17:00:00;25.254768238084527;25.1;0.15476823808452522
2018-04-02 18:00:00;27.59004664501605;34.11;-6.519953354983951
2018-04-02 19:00:00;26.420827844284364;37.66;-11.239172155715632
2018-04-02 20:00:00;25.838866965482296;37.56;-11.721133034517706
2018-04-02 21:00:00;25.258343957089505;37.0;-11.741656042910495
2018-04-02 22:00:00;20.52958295829584;31.09;-10.56041704170416
2018-04-02 23:00:00;20.08941631151413;23.12;-3.0305836884858692
2018-04-03 00:00:00;19.78752495258748;20.57;-0.7824750474125217
2018-04-03 01:00:00;20.355314713387894;14.53;5.825314713387895
2018-04-03 02:00:00;19.78925436947461;13.4;6.3892543694746085
2018-04-03 03:00:00;20.357051225793896;12.0;8.357051225793896
2018-04-03 04:00:00;30.20524523469753;8.64;21.565245234697528
2018-04-03 05:00:00;45.55942006728505;18.54;27.019420067285054
2018-04-03 06:00:00;48.68390590770945;39.66;9.023905907709455
2018-04-03 07:00:00;48.144492843610735;43.93;4.214492843610735
2018-04-03 08:00:00;48.684982409573465;44.05;4.6349824095734675
2018-04-03 09:00:00;47.60612560661824;43.25;4.356125606618242
2018-04-03 10:00:00;46.20503226241638;41.08;5.125032262416383
2018-04-03 11:00:00;41.70607458245899;41.59;0.11607458245898528
2018-04-03 12:00:00;40.10722579190615;31.88;8.227225791906154
2018-04-03 13:00:00;40.52323305524361;35.89;4.633233055243608
2018-04-03 14:00:00;41.77275687354155;34.68;7.092756873541553
2018-04-03 15:00:00;43.66213121020176;37.9;5.762131210201758
2018-04-03 16:00:00;48.68928841702954;41.85;6.839288417029536
2018-04-03 17:00:00;48.68982666796155;44.54;4.149826667961548
2018-04-03 18:00:00;48.69036491889356;48.06;0.6303649188935552
2018-04-03 19:00:00;51.42325054032013;49.95;1.4732505403201301
2018-04-03 20:00:00;48.69144142075757;47.85;0.8414414207575689
2018-04-03 21:00:00;48.15177953587695;42.87;5.28177953587695
2018-04-03 22:00:00;42.24586845756751;39.2;3.045868457567508
2018-04-03 23:00:00;38.05998423316052;30.09;7.96998423316052
2018-04-04 00:00:00;38.5181275471864;28.63;9.888127547186404
2018-04-04 01:00:00;36.39781917641507;26.91;9.48781917641507
2018-04-04 02:00:00;33.757042903035625;22.04;11.717042903035626
2018-04-04 03:00:00;35.62089235576604;15.25;20.37089235576604
2018-04-04 04:00:00;38.06493486331334;20.09;17.97493486331334
2018-04-04 05:00:00;48.15630352363489;28.46;19.69630352363489
2018-04-04 06:00:00;50.7755276736948;42.75;8.025527673694803
2018-04-04 07:00:00;50.77662001489593;48.5;2.276620014895933
2018-04-04 08:00:00;50.777712356097055;55.51;-4.732287643902943
2018-04-04 09:00:00;50.778804697298185;48.76;2.0188046972981866
2018-04-04 10:00:00;50.779897038499314;45.0;5.779897038499314
2018-04-04 11:00:00;50.78098937970044;44.9;5.880989379700445
2018-04-04 12:00:00;50.782081720901566;37.62;13.162081720901568
2018-04-04 13:00:00;50.7831740621027;34.9;15.883174062102704
2018-04-04 14:00:00;50.32423515759652;31.94;18.384235157596517
2018-04-04 15:00:00;48.1710439275107;32.07;16.101043927510702
2018-04-04 16:00:00;49.7837579908806;31.09;18.693757990880602
2018-04-04 17:00:00;50.78754342690721;39.0;11.787543426907213
2018-04-04 18:00:00;50.788635768108335;42.4;8.388635768108337
2018-04-04 19:00:00;50.789728109309465;42.79;7.999728109309466
2018-04-04 20:00:00;50.790820450510594;43.74;7.050820450510592
2018-04-04 21:00:00;49.47974671984075;42.54;6.939746719840748
2018-04-04 22:00:00;42.79296486646656;39.62;3.1729648664665646
2018-04-04 23:00:00;36.93856314827084;32.09;4.848563148270834
2018-04-05 00:00:00;35.79705981774492;32.31;3.487059817744921
2018-04-05 01:00:00;35.79756632596932;28.79;7.0075663259693215
2018-04-05 02:00:00;35.26956560354358;26.07;9.199565603543583
2018-04-05 03:00:00;35.270070870205494;21.6;13.670070870205492
2018-04-05 04:00:00;35.79908585064249;21.06;14.739085850642493
2018-04-05 05:00:00;41.10890280311224;27.82;13.288902803112236
2018-04-05 06:00:00;45.38086135796071;38.6;6.78086135796071
2018-04-05 07:00:00;44.8538667310484;45.22;-0.36613326895160014
2018-04-05 08:00:00;43.47791974212474;44.94;-1.4620802578752574
2018-04-05 09:00:00;37.389760652487816;41.93;-4.540239347512184
2018-04-05 10:00:00;36.045124591298006;35.4;0.645124591298007
2018-04-05 11:00:00;35.80263140821325;29.57;6.232631408213251
2018-04-05 12:00:00;35.80313791643765;26.0;9.803137916437649
2018-04-05 13:00:00;35.80364442466203;25.07;10.733644424662032
2018-04-05 14:00:00;35.80415093288643;25.1;10.704150932886428
2018-04-05 15:00:00;35.80465744111082;25.07;10.73465744111082
2018-04-05 16:00:00;37.27082654969627;23.03;14.240826549696266
2018-04-05 17:00:00;41.648574231694326;29.87;11.778574231694325
2018-04-05 18:00:00;45.39344963457275;36.91;8.48344963457275
2018-04-05 19:00:00;45.39449865762376;40.77;4.624498657623754
2018-04-05 20:00:00;45.39554768067475;40.97;4.425547680674754
2018-04-05 21:00:00;44.7593138338481;40.04;4.719313833848098
2018-04-05 22:00:00;39.52015842815608;39.9;-0.37984157184391876
2018-04-05 23:00:00;36.33767318165881;35.49;0.8476731816588057
2018-04-06 00:00:00;35.81921172470776;28.67;7.149211724707762
2018-04-06 01:00:00;35.81971823293215;29.41;6.409718232932153
2018-04-06 02:00:00;35.479078510165074;30.0;5.479078510165074
2018-04-06 03:00:00;35.82073124938094;29.06;6.760731249380942
2018-04-06 04:00:00;42.19852192888269;29.0;13.198521928882691
2018-04-06 05:00:00;45.41275692726568;34.35;11.062756927265681
2018-04-06 06:00:00;48.006324205522304;43.18;4.826324205522305
2018-04-06 07:00:00;45.95114243707694;53.79;-7.83885756292306
2018-04-06 08:00:00;45.41434677130793;55.05;-9.635653228692064
2018-04-06 09:00:00;44.878041510284746;43.98;0.8980415102847488
2018-04-06 10:00:00;44.34222289092919;41.94;2.4022228909291954
2018-04-06 11:00:00;39.159911969996585;38.06;1.0999119699965831
2018-04-06 12:00:00;34.768569345493184;32.6;2.1685693454931823
2018-04-06 13:00:00;34.76907337666441;29.9;4.86907337666441
2018-04-06 14:00:00;34.76957740783564;30.0;4.769577407835641
2018-04-06 15:00:00;34.88609003669591;28.63;6.2560900366959125
2018-04-06 16:00:00;34.77058547017809;28.65;6.120585470178092
2018-04-06 17:00:00;40.072237252470536;31.68;8.392237252470537
2018-04-06 18:00:00;43.81056843171792;38.76;5.05056843171792
2018-04-06 19:00:00;43.8110943235968;42.17;1.6410943235967963
2018-04-06 20:00:00;37.32434565013798;42.99;-5.665654349862024
2018-04-06 21:00:00;31.889641190923616;36.39;-4.500358809076385
2018-04-06 22:00:00;20.836414597840378;28.01;-7.173585402159624
2018-04-06 23:00:00;15.21437226375365;18.63;-3.41562773624635
2018-04-07 00:00:00;15.005630988067956;19.05;-4.044369011932044
2018-04-07 01:00:00;15.005630988067956;15.79;-0.7843690119320428
2018-04-07 02:00:00;15.005630988067956;13.27;1.7356309880679568
2018-04-07 03:00:00;15.005630988067956;6.61;8.395630988067957
2018-04-07 04:00:00;15.005630988067956;7.67;7.335630988067956
2018-04-07 05:00:00;15.005630988067956;13.22;1.7856309880679557
2018-04-07 06:00:00;15.005630988067956;14.33;0.6756309880679563
2018-04-07 07:00:00;18.958583858385847;17.14;1.8185838583858462
2018-04-07 08:00:00;18.958583858385847;18.97;-0.011416141614152053
2018-04-07 09:00:00;15.005630988067956;18.11;-3.104369011932043
2018-04-07 10:00:00;15.005630988067956;13.22;1.7856309880679557
2018-04-07 11:00:00;15.005630988067956;0.1;14.905630988067957
2018-04-07 12:00:00;15.005630988067956;-10.06;25.06563098806796
2018-04-07 13:00:00;15.005630988067956;-4.97;19.975630988067955
2018-04-07 14:00:00;15.005630988067956;-2.01;17.015630988067954
2018-04-07 15:00:00;15.005630988067956;7.57;7.435630988067956
2018-04-07 16:00:00;19.71756262771637;14.15;5.567562627716368
2018-04-07 17:00:00;24.28816710623425;22.7;1.588167106234252
2018-04-07 18:00:00;24.86636999510501;33.79;-8.923630004894989
2018-04-07 19:00:00;24.289954965736744;40.45;-16.16004503426326
2018-04-07 20:00:00;24.290848895487983;40.48;-16.189151104512014
2018-04-07 21:00:00;24.29174282523923;31.91;-7.618257174760771
2018-04-07 22:00:00;24.86996088257927;34.04;-9.170039117420728
2018-04-07 23:00:00;20.944866897095395;29.9;-8.955133102904604
2018-04-08 00:00:00;19.159078152045574;22.09;-2.9309218479544263
2018-04-08 01:00:00;19.725345003708465;20.82;-1.0946549962915348
2018-04-08 02:00:00;19.72620971215203;19.31;0.41620971215203184
2018-04-08 03:00:00;19.16166172072247;19.39;-0.22833827927752992
2018-04-08 04:00:00;19.72793912903916;19.01;0.7179391290391592
2018-04-08 05:00:00;19.72880383748273;19.1;0.6288038374827281
2018-04-08 06:00:00;19.72966854592629;21.49;-1.7603314540737074
2018-04-08 07:00:00;24.30068212275167;19.35;4.950682122751669
2018-04-08 08:00:00;24.301576052502917;20.51;3.791576052502915
2018-04-08 09:00:00;21.436192461666217;22.39;-0.9538075383337841
2018-04-08 10:00:00;19.73312737970055;19.41;0.3231273797005514
2018-04-08 11:00:00;19.1685512371942;18.0;1.168551237194201
2018-04-08 12:00:00;19.73485679658768;15.98;3.7548567965876813
2018-04-08 13:00:00;19.735721505031247;13.2;6.535721505031248
2018-04-08 14:00:00;19.171134805871105;4.49;14.681134805871105
2018-04-08 15:00:00;19.737450921918377;12.36;7.377450921918378
2018-04-08 16:00:00;21.44232054012445;16.28;5.162320540124448
2018-04-08 17:00:00;35.323495011036016;15.92;19.403495011036014
2018-04-08 18:00:00;39.56537444385428;29.1;10.46537444385428
2018-04-08 19:00:00;43.59090376030866;39.91;3.6809037603086665
2018-04-08 20:00:00;42.23192336005364;43.07;-0.8380766399463582
2018-04-08 21:00:00;41.08066048509797;41.68;-0.5993395149020273
2018-04-08 22:00:00;38.60188309015047;41.1;-2.4981169098495286
2018-04-08 23:00:00;34.9402696384986;37.6;-2.6597303615014027
2018-04-09 00:00:00;34.57358482632719;38.53;-3.9564151736728093
2018-04-09 01:00:00;34.574547916191406;33.95;0.6245479161914034
2018-04-09 02:00:00;34.57551100605562;32.28;2.2955110060556194
2018-04-09 03:00:00;34.576474095919835;31.65;2.9264740959198363
2018-04-09 04:00:00;41.79794073957039;31.82;9.977940739570393
2018-04-09 05:00:00;53.62182922819776;37.24;16.38182922819776
2018-04-09 06:00:00;53.622944598335685;47.99;5.632944598335683
2018-04-09 07:00:00;53.6240599684736;56.5;-2.8759400315263974
2018-04-09 08:00:00;53.62517533861153;62.13;-8.504824661388476
2018-04-09 09:00:00;53.62629070874945;52.01;1.6162907087494531
2018-04-09 10:00:00;53.627406078887375;47.77;5.857406078887372
2018-04-09 11:00:00;53.6285214490253;44.78;8.848521449025299
2018-04-09 12:00:00;52.29485668612988;42.94;9.354856686129885
2018-04-09 13:00:00;52.58269677830246;42.5;10.082696778302463
2018-04-09 14:00:00;51.63364157909184;40.57;11.063641579091836
2018-04-09 15:00:00;52.96423509825371;39.3;13.664235098253712
2018-04-09 16:00:00;53.63409829971492;41.0;12.634098299714921
2018-04-09 17:00:00;53.635213669852845;43.92;9.715213669852844
2018-04-09 18:00:00;53.63632903999077;47.69;5.946329039990772
2018-04-09 19:00:00;53.63744441012869;49.92;3.717444410128685
2018-04-09 20:00:00;52.96978271000219;46.26;6.7097827100021945
2018-04-09 21:00:00;47.1715874970415;40.43;6.7415874970415
2018-04-09 22:00:00;40.10848488588637;39.34;0.768484885886366
2018-04-09 23:00:00;37.02767042155469;32.22;4.80767042155469
2018-04-10 00:00:00;37.1490724073209;34.3;2.8490724073209037
2018-04-10 01:00:00;37.15005335420007;31.81;5.340053354200069
2018-04-10 02:00:00;37.59847027568495;29.0;8.598470275684953
2018-04-10 03:00:00;37.1520152479584;27.32;9.832015247958402
2018-04-10 04:00:00;37.152996194837584;28.05;9.102996194837583
2018-04-10 05:00:00;46.68621029244531;32.51;14.176210292445312
2018-04-10 06:00:00;47.20726169718096;41.37;5.837261697180963
2018-04-10 07:00:00;47.20832122445016;44.32;2.8883212244501593
2018-04-10 08:00:00;47.209380751719365;42.98;4.2293807517193684
2018-04-10 09:00:00;44.01085570159309;42.39;1.6208557015930865
2018-04-10 10:00:00;41.32752402745152;38.04;3.287524027451518
2018-04-10 11:00:00;40.86768007732582;36.76;4.107680077325824
2018-04-10 12:00:00;40.245822210451415;42.0;-1.754177789548585
2018-04-10 13:00:00;37.16182471675012;41.26;-4.09817528324988
2018-04-10 14:00:00;38.13538296626952;30.89;7.245382966269517
2018-04-10 15:00:00;39.62794780474766;36.7;2.92794780474766
2018-04-10 16:00:00;41.49763403111012;34.03;7.467634031110116
2018-04-10 17:00:00;44.542195260326665;37.73;6.812195260326668
2018-04-10 18:00:00;44.54272249733408;40.46;4.082722497334082
2018-04-10 19:00:00;43.387878871452045;39.69;3.6978788714520476
2018-04-10 20:00:00;39.73353221964773;39.11;0.6235322196477284
2018-04-10 21:00:00;38.13896371894427;33.99;4.148963718944266
2018-04-10 22:00:00;37.17065323866265;30.95;6.220653238662653
2018-04-10 23:00:00;37.17163418554183;29.15;8.021634185541835
2018-04-11 00:00:00;37.230012873351136;21.63;15.600012873351137
2018-04-11 01:00:00;37.23052188309581;20.09;17.14052188309581
2018-04-11 02:00:00;37.231030892840494;19.96;17.271030892840493
2018-04-11 03:00:00;37.23153990258517;19.96;17.271539902585168
2018-04-11 04:00:00;37.762786426842695;21.44;16.322786426842693
2018-04-11 05:00:00;47.00305356994028;26.39;20.613053569940277
2018-04-11 06:00:00;48.47657793103389;36.49;11.986577931033885
2018-04-11 07:00:00;47.9368125919233;42.52;5.416812591923296
2018-04-11 08:00:00;47.006216316926896;43.37;3.636216316926898
2018-04-11 09:00:00;47.007270565922425;39.81;7.197270565922423
2018-04-11 10:00:00;44.444561114730575;38.3;6.144561114730578
2018-04-11 11:00:00;41.49421846245474;33.69;7.804218462454742
2018-04-11 12:00:00;38.80352644814068;30.66;8.14352644814068
2018-04-11 13:00:00;37.23663000003196;26.1;11.136630000031957
2018-04-11 14:00:00;37.23713900977664;26.06;11.177139009776642
2018-04-11 15:00:00;37.23764801952132;26.02;11.217648019521324
2018-04-11 16:00:00;42.56609518987602;26.06;16.506095189876024
2018-04-11 17:00:00;46.86307207639428;36.13;10.73307207639428
2018-04-11 18:00:00;47.01675880688229;38.62;8.39675880688229
2018-04-11 19:00:00;46.86413745048301;40.96;5.904137450483006
2018-04-11 20:00:00;46.86467013752738;40.96;5.904670137527383
2018-04-11 21:00:00;41.30012714417753;39.36;1.9401271441775307
2018-04-11 22:00:00;35.12255135346712;34.87;0.2525513534671191
2018-04-11 23:00:00;34.59446845366087;27.0;7.594468453660873
2018-04-12 00:00:00;34.803380819614375;24.96;9.843380819614374
2018-04-12 01:00:00;34.46317321495106;21.76;12.703173214951061
2018-04-12 02:00:00;32.997033499573305;23.04;9.957033499573306
2018-04-12 03:00:00;34.80627008920702;20.85;13.956270089207017
2018-04-12 04:00:00;34.80723317907123;23.02;11.787233179071233
2018-04-12 05:00:00;43.50607317890629;27.64;15.86607317890629
2018-04-12 06:00:00;44.04257854234082;40.44;3.6025785423408223
2018-04-12 07:00:00;44.0431044342197;41.57;2.4731044342196995
2018-04-12 08:00:00;43.50764683969572;40.91;2.59764683969572
2018-04-12 09:00:00;39.71374590268111;32.55;7.163745902681114
2018-04-12 10:00:00;36.63725408143894;28.96;7.677254081438939
2018-04-12 11:00:00;34.81397480812075;26.0;8.813974808120747
2018-04-12 12:00:00;34.81493789798496;24.91;9.904937897984961
2018-04-12 13:00:00;34.815900987849176;19.52;15.295900987849176
2018-04-12 14:00:00;34.81686407771339;18.7;16.11686407771339
2018-04-12 15:00:00;34.817827167577605;25.03;9.787827167577603
2018-04-12 16:00:00;42.4412952970464;25.06;17.381295297046403
2018-04-12 17:00:00;44.0483633530085;32.36;11.688363353008498
2018-04-12 18:00:00;45.38920194028906;39.66;5.729201940289066
2018-04-12 19:00:00;44.04941513676626;41.94;2.109415136766259
2018-04-12 20:00:00;44.04994102864512;40.92;3.1299410286451206
2018-04-12 21:00:00;42.44390478385662;37.2;5.243904783856614
2018-04-12 22:00:00;36.059891540002894;32.4;3.6598915400028957
2018-04-12 23:00:00;34.82553188649133;26.83;7.995531886491335
2018-04-13 00:00:00;34.76834377402371;29.04;5.728343774023713
2018-04-13 01:00:00;34.76930250075727;27.04;7.729302500757271
2018-04-13 02:00:00;34.77026122749082;25.01;9.760261227490819
2018-04-13 03:00:00;34.77121995422438;25.09;9.681219954224378
2018-04-13 04:00:00;39.99970831736466;28.57;11.429708317364657
2018-04-13 05:00:00;48.59009711176198;35.31;13.280097111761975
2018-04-13 06:00:00;48.59063396085398;42.32;6.270633960853978
2018-04-13 07:00:00;48.59117080994599;47.93;0.6611708099459932
2018-04-13 08:00:00;48.59170765903799;46.53;2.0617076590379924
2018-04-13 09:00:00;48.59224450813001;46.79;1.8022445081300091
2018-04-13 10:00:00;48.59278135722202;41.93;6.662781357222023
2018-04-13 11:00:00;48.59331820631402;40.48;8.11331820631402
2018-04-13 12:00:00;48.59072002047552;39.66;8.930720020475526
2018-04-13 13:00:00;48.05378506898752;36.83;11.223785068987524
2018-04-13 14:00:00;44.72490217456562;38.31;6.4149021745656185
2018-04-13 15:00:00;44.7259358260899;38.02;6.705935826089899
2018-04-13 16:00:00;48.596002451774055;38.96;9.636002451774054
2018-04-13 17:00:00;48.59653930086607;39.47;9.126539300866071
2018-04-13 18:00:00;48.59707614995807;40.03;8.56707614995807
2018-04-13 19:00:00;48.597612999050085;45.52;3.077612999050082
2018-04-13 20:00:00;48.598149848142086;46.49;2.1081498481420837
2018-04-13 21:00:00;45.362628871636126;44.74;0.6226288716361239
2018-04-13 22:00:00;39.698210595241406;42.89;-3.1917894047585946
2018-04-13 23:00:00;35.23013909801657;37.72;-2.489860901983427
2018-04-14 00:00:00;31.18449586420313;31.2;-0.0155041357968706
2018-04-14 01:00:00;31.18542922037624;29.2;1.9854292203762398
2018-04-14 02:00:00;31.186362576549342;29.0;2.1863625765493424
2018-04-14 03:00:00;31.187295932722463;29.92;1.2672959327224618
2018-04-14 04:00:00;30.59289104524436;29.88;0.712891045244362
2018-04-14 05:00:00;34.175878962594155;32.03;2.1458789625941534
2018-04-14 06:00:00;37.85123418343156;35.84;2.0112341834315544
2018-04-14 07:00:00;38.41645810025368;38.41;0.006458100253681209
2018-04-14 08:00:00;36.82384484334023;39.74;-2.9161551566597694
2018-04-14 09:00:00;33.59081653413844;39.92;-6.329183465861561
2018-04-14 10:00:00;30.59846659155419;35.46;-4.861533408445812
2018-04-14 11:00:00;31.194762782107325;32.74;-1.5452372178926765
2018-04-14 12:00:00;31.195696138280432;32.5;-1.3043038617195677
2018-04-14 13:00:00;31.19662949445354;29.08;2.116629494453541
2018-04-14 14:00:00;31.19756285062665;26.49;4.707562850626651
2018-04-14 15:00:00;31.198496206799756;28.99;2.208496206799758
2018-04-14 16:00:00;33.59746736018221;30.98;2.617467360182207
2018-04-14 17:00:00;39.096815923051054;33.41;5.686815923051057
2018-04-14 18:00:00;39.48643495560567;42.35;-2.863565044394335
2018-04-14 19:00:00;40.96564814090056;46.04;-5.074351859099437
2018-04-14 20:00:00;39.09978630114274;46.91;-7.810213698857254
2018-04-14 21:00:00;39.1007764271733;45.02;-5.919223572826702
2018-04-14 22:00:00;38.42413114169959;42.17;-3.745868858300412
2018-04-14 23:00:00;33.12927373641331;39.99;-6.860726263586692
2018-04-15 00:00:00;31.20689641235772;36.0;-4.793103587642278
2018-04-15 01:00:00;30.61240545732877;31.59;-0.9775945426712305
2018-04-15 02:00:00;30.61333471504707;30.73;-0.11666528495292994
2018-04-15 03:00:00;31.20969648087704;29.16;2.0496964808770386
2018-04-15 04:00:00;30.61519323048368;28.78;1.8351932304836787
2018-04-15 05:00:00;30.616122488201984;27.64;2.976122488201984
2018-04-15 06:00:00;30.61705174592029;29.02;1.5970517459202895
2018-04-15 07:00:00;31.81050624918561;28.97;2.840506249185612
2018-04-15 08:00:00;32.60656629734589;31.87;0.7365662973458917
2018-04-15 09:00:00;30.61983951907521;30.95;-0.3301604809247891
2018-04-15 10:00:00;30.620768776793515;30.17;0.4507687767935131
2018-04-15 11:00:00;30.62169803451182;32.0;-1.3783019654881805
2018-04-15 12:00:00;30.62262729223013;29.05;1.5726272922301305
2018-04-15 13:00:00;31.21903004260813;24.62;6.599030042608128
2018-04-15 14:00:00;30.62448580766674;19.11;11.514485807666741
2018-04-15 15:00:00;30.625415065385045;19.84;10.785415065385045
2018-04-15 16:00:00;32.417706721963846;22.65;9.767706721963847
2018-04-15 17:00:00;41.6325797529493;32.7;8.932579752949295
2018-04-15 18:00:00;44.31161526590505;39.1;5.211615265905046
2018-04-15 19:00:00;44.31214115778393;41.83;2.4821411577839285
2018-04-15 20:00:00;44.31266704966281;42.49;1.8226670496628046
2018-04-15 21:00:00;41.63465682452275;41.73;-0.09534317547724669
2018-04-15 22:00:00;38.96839223325973;40.6;-1.6316077667402737
2018-04-15 23:00:00;36.05296386066359;38.9;-2.84703613933641
2018-04-16 00:00:00;35.26809906015224;37.34;-2.0719009398477652
2018-04-16 01:00:00;35.26860309132346;33.49;1.7786030913234612
2018-04-16 02:00:00;35.269107122494695;32.77;2.499107122494692
2018-04-16 03:00:00;36.09076795424795;32.99;3.1007679542479494
2018-04-16 04:00:00;43.79399778680949;32.94;10.853997786809494
2018-04-16 05:00:00;56.026624491928295;37.4;18.626624491928297
2018-04-16 06:00:00;58.77611277270005;47.2;11.57611277270005
2018-04-16 07:00:00;58.7772645663234;56.1;2.6772645663234016
2018-04-16 08:00:00;58.47079416066627;64.99;-6.519205839333722
2018-04-16 09:00:00;58.47135741503557;58.97;-0.49864258496442915
2018-04-16 10:00:00;58.47192066940485;55.74;2.7319206694048503
2018-04-16 11:00:00;58.47248392377415;52.97;5.50248392377415
2018-04-16 12:00:00;56.822537694980745;51.81;5.012537694980743
2018-04-16 13:00:00;54.67879221215592;49.99;4.688792212155917
2018-04-16 14:00:00;52.99273890440398;46.3;6.692738904403981
2018-04-16 15:00:00;53.53886463761075;45.79;7.748864637610751
2018-04-16 16:00:00;55.17951932118852;44.51;10.669519321188524
2018-04-16 17:00:00;58.47586344998987;45.74;12.735863449989871
2018-04-16 18:00:00;58.78993429618038;48.49;10.299934296180375
2018-04-16 19:00:00;58.79108608980374;52.84;5.951086089803738
2018-04-16 20:00:00;58.477553213097735;55.0;3.4775532130977354
2018-04-16 21:00:00;57.41309365368114;49.19;8.22309365368114
2018-04-16 22:00:00;50.277408817599486;44.46;5.817408817599485
2018-04-16 23:00:00;46.49258811121496;42.0;4.492588111214957
2018-04-17 00:00:00;46.48612926503576;36.96;9.526129265035756
2018-04-17 01:00:00;46.48666057903495;36.71;9.776660579034946
2018-04-17 02:00:00;46.48719189303414;36.5;9.987191893034137
2018-04-17 03:00:00;46.48772320703332;35.5;10.98772320703332
2018-04-17 04:00:00;46.48825452103251;35.91;10.578254521032513
2018-04-17 05:00:00;58.78240485672252;35.24;23.54240485672252
2018-04-17 06:00:00;58.47577537748849;47.74;10.735775377488487
2018-04-17 07:00:00;58.78470844396925;54.88;3.9047084439692483
2018-04-17 08:00:00;58.78586023759261;56.0;2.7858602375926083
2018-04-17 09:00:00;56.72114286920476;51.93;4.791142869204762
2018-04-17 10:00:00;52.00190850312509;47.05;4.95190850312509
2018-04-17 11:00:00;47.57092216925561;42.71;4.860922169255609
2018-04-17 12:00:00;46.49250503302599;38.51;7.982505033025994
2018-04-17 13:00:00;46.49303634702518;37.33;9.163036347025184
2018-04-17 14:00:00;46.49356766102437;37.6;8.89356766102437
2018-04-17 15:00:00;47.57305843807363;37.23;10.343058438073633
2018-04-17 16:00:00;54.6893468004325;38.5;16.189346800432503
2018-04-17 17:00:00;58.481971175550655;43.65;14.831971175550656
2018-04-17 18:00:00;58.48253442991994;50.37;8.11253442991994
2018-04-17 19:00:00;58.483097684289234;55.06;3.423097684289232
2018-04-17 20:00:00;58.48366093865852;56.17;2.313660938658515
2018-04-17 21:00:00;57.38323136730479;52.78;4.603231367304787
2018-04-17 22:00:00;49.37582674892565;47.06;2.3158267489256446
2018-04-17 23:00:00;44.34640636027761;39.83;4.516406360277614
2018-04-18 00:00:00;44.34693225215649;33.38;10.96693225215649
2018-04-18 01:00:00;44.34745814403537;33.18;11.167458144035372
2018-04-18 02:00:00;44.34798403591425;32.54;11.807984035914252
2018-04-18 03:00:00;44.34850992779312;33.0;11.348509927793117
2018-04-18 04:00:00;44.8567311366822;33.3;11.556731136682203
2018-04-18 05:00:00;56.060963827171335;35.65;20.410963827171337
2018-04-18 06:00:00;56.06209107978201;44.83;11.232091079782009
2018-04-18 07:00:00;56.06321833239269;53.49;2.5732183323926847
2018-04-18 08:00:00;56.064345585003366;55.43;0.6343455850033664
2018-04-18 09:00:00;55.19494939162425;47.0;8.194949391624249
2018-04-18 10:00:00;52.02812469195214;44.03;7.998124691952135
2018-04-18 11:00:00;46.7896183908228;42.28;4.509618390822801
2018-04-18 12:00:00;44.35324295470305;36.17;8.183242954703047
2018-04-18 13:00:00;44.35376884658192;37.11;7.243768846581922
2018-04-18 14:00:00;44.3542947384608;35.42;8.9342947384608
2018-04-18 15:00:00;47.44030484691045;36.9;10.540304846910452
2018-04-18 16:00:00;51.92333768258016;35.0;16.92333768258016
2018-04-18 17:00:00;56.07449085849949;39.04;17.03449085849949
2018-04-18 18:00:00;56.07561811111017;46.28;9.795618111110166
2018-04-18 19:00:00;56.296860088094704;50.88;5.416860088094701
2018-04-18 20:00:00;56.077872616331526;50.91;5.167872616331529
2018-04-18 21:00:00;50.71522002578661;48.97;1.7452200257866082
2018-04-18 22:00:00;42.96946065942802;43.3;-0.3305393405719741
2018-04-18 23:00:00;39.54512133244786;37.4;2.1451213324478644
2018-04-19 00:00:00;39.60312537477129;35.8;3.803125374771291
2018-04-19 01:00:00;39.603639462422414;33.03;6.573639462422413
2018-04-19 02:00:00;39.60415355007353;31.37;8.234153550073533
2018-04-19 03:00:00;39.60466763772465;29.08;10.524667637724654
2018-04-19 04:00:00;39.60518172537577;30.71;8.895181725375771
2018-04-19 05:00:00;46.5737052685089;33.76;12.813705268508905
2018-04-19 06:00:00;50.22661144914061;43.27;6.95661144914061
2018-04-19 07:00:00;49.81909023117073;49.96;-0.14090976882926753
2018-04-19 08:00:00;49.819629891282986;49.96;-0.14037010871701483
2018-04-19 09:00:00;49.820169551395225;46.19;3.630169551395227
2018-04-19 10:00:00;48.196208186879154;43.0;5.196208186879154
2018-04-19 11:00:00;46.32611874467359;41.73;4.596118744673596
2018-04-19 12:00:00;44.40560566389131;36.52;7.885605663891305
2018-04-19 13:00:00;42.50478903976953;34.05;8.45478903976953
2018-04-19 14:00:00;43.35230071574278;35.35;8.002300715742777
2018-04-19 15:00:00;44.96369919966114;34.12;10.843699199661145
2018-04-19 16:00:00;49.82394717218098;37.99;11.833947172180977
2018-04-19 17:00:00;49.82448683229322;42.64;7.184486832293217
2018-04-19 18:00:00;49.82502649240547;47.81;2.015026492405468
2018-04-19 19:00:00;49.82556615251772;50.01;-0.18443384748227487
2018-04-19 20:00:00;49.5845946552766;50.31;-0.7254053447234057
2018-04-19 21:00:00;42.51289978760093;46.96;-4.4471002123990715
2018-04-19 22:00:00;36.95534623681793;39.6;-2.6446537631820703
2018-04-19 23:00:00;36.30703025766804;33.04;3.26703025766804
2018-04-20 00:00:00;36.11903750915231;32.18;3.939037509152307
2018-04-20 01:00:00;36.12000944551089;32.2;3.9200094455108854
2018-04-20 02:00:00;36.12098138186948;31.23;4.8909813818694765
2018-04-20 03:00:00;36.12195331822807;30.06;6.061953318228074
2018-04-20 04:00:00;36.122925254586654;30.51;5.612925254586653
2018-04-20 05:00:00;43.57228138011944;32.97;10.602281380119443
2018-04-20 06:00:00;45.720334900472416;42.28;3.440334900472415
2018-04-20 07:00:00;45.7208648484865;47.95;-2.2291351515135034
2018-04-20 08:00:00;45.721394796500576;48.93;-3.208605203499424
2018-04-20 09:00:00;45.72192474451466;45.92;-0.19807525548534244
2018-04-20 10:00:00;45.184830741767165;43.02;2.1648307417671617
2018-04-20 11:00:00;42.31933139277231;41.0;1.3193313927723125
2018-04-20 12:00:00;39.3037468984941;37.71;1.5937468984940963
2018-04-20 13:00:00;37.35424445386295;32.88;4.474244453862944
2018-04-20 14:00:00;36.7430144063918;33.47;3.273014406391802
2018-04-20 15:00:00;38.24183827825729;34.69;3.551838278257293
2018-04-20 16:00:00;42.95443448542157;33.51;9.444434485421574
2018-04-20 17:00:00;45.49704641911912;36.98;8.517046419119126
2018-04-20 18:00:00;45.72669427664141;42.34;3.386694276641407
2018-04-20 19:00:00;45.7272242246555;47.43;-1.7027757753444988
2018-04-20 20:00:00;45.727754172669584;48.71;-2.9822458273304164
2018-04-20 21:00:00;45.19064522114937;45.94;-0.7493547788506305
2018-04-20 22:00:00;40.3741723969488;40.94;-0.5658276030511971
2018-04-20 23:00:00;33.48207241180833;34.31;-0.8279275881916703
2018-04-21 00:00:00;27.19099658954149;34.36;-7.169003410458508
2018-04-21 01:00:00;23.371299871299875;30.07;-6.698700128700125
2018-04-21 02:00:00;21.9872267753744;27.59;-5.602773224625601
2018-04-21 03:00:00;21.988102215154143;27.08;-5.091897784845855
2018-04-21 04:00:00;22.561846100615387;27.6;-5.038153899384614
2018-04-21 05:00:00;23.7125183900319;29.51;-5.797481609968102
2018-04-21 06:00:00;27.19645235201868;32.06;-4.863547647981321
2018-04-21 07:00:00;27.78297073131642;34.1;-6.31702926868358
2018-04-21 08:00:00;27.783883948936644;34.94;-7.1561160510633535
2018-04-21 09:00:00;23.371299871299875;31.08;-7.708700128700123
2018-04-21 10:00:00;20.85241619692401;26.57;-5.717583803075989
2018-04-21 11:00:00;20.85328445312701;21.0;-0.14671554687298993
2018-04-21 12:00:00;20.85415270933001;21.01;-0.1558472906699926
2018-04-21 13:00:00;20.28605407625852;20.13;0.15605407625852052
2018-04-21 14:00:00;20.286918784702085;18.96;1.3269187847020838
2018-04-21 15:00:00;20.28778349314565;20.02;0.2677834931456502
2018-04-21 16:00:00;20.28864820158921;25.94;-5.65135179841079
2018-04-21 17:00:00;26.039602553471287;26.14;-0.10039744652871363
2018-04-21 18:00:00;26.040504099767123;38.26;-12.219495900232875
2018-04-21 19:00:00;25.460156582929063;41.24;-15.77984341707094
2018-04-21 20:00:00;26.04230719235881;41.25;-15.207692807641191
2018-04-21 21:00:00;26.04320873865466;40.08;-14.03679126134534
2018-04-21 22:00:00;25.46284974853475;36.07;-10.60715025146525
2018-04-21 23:00:00;19.382868286828685;35.0;-15.617131713171315
2018-04-22 00:00:00;13.44996218071799;29.02;-15.57003781928201
2018-04-22 01:00:00;10.258945500111569;19.37;-9.111054499888432
2018-04-22 02:00:00;7.534202800361179;18.67;-11.135797199638823
2018-04-22 03:00:00;7.572053757976171;16.65;-9.077946242023827
2018-04-22 04:00:00;7.535783649503003;14.98;-7.444216350496998
2018-04-22 05:00:00;7.572053757976171;12.94;-5.367946242023828
2018-04-22 06:00:00;7.537364498644827;14.93;-7.392635501355173
2018-04-22 07:00:00;7.572053757976171;18.46;-10.88794624202383
2018-04-22 08:00:00;7.538945347786651;18.53;-10.99105465221335
2018-04-22 09:00:00;7.539735772357574;15.96;-8.420264227642427
2018-04-22 10:00:00;5.62414024492535;15.68;-10.05585975507465
2018-04-22 11:00:00;5.62414024492535;13.99;-8.36585975507465
2018-04-22 12:00:00;7.542107046070306;13.83;-6.287892953929694
2018-04-22 13:00:00;7.572053757976171;4.0;3.572053757976171
2018-04-22 14:00:00;7.572053757976171;2.42;5.152053757976171
2018-04-22 15:00:00;7.572053757976171;3.03;4.542053757976172
2018-04-22 16:00:00;7.545268744353955;6.05;1.4952687443539547
2018-04-22 17:00:00;17.483831092723086;18.5;-1.0161689072769136
2018-04-22 18:00:00;18.04749999772878;28.36;-10.312500002271218
2018-04-22 19:00:00;18.04835080040033;35.0;-16.95164919959967
2018-04-22 20:00:00;18.04920160307188;36.96;-18.910798396928122
2018-04-22 21:00:00;18.050052405743436;32.35;-14.299947594256565
2018-04-22 22:00:00;16.92643796240012;32.34;-15.413562037599885
2018-04-22 23:00:00;14.136695571009092;24.1;-9.96330442899091
2018-04-23 00:00:00;14.474807385393742;18.49;-4.015192614606256
2018-04-23 01:00:00;14.475638148249065;16.08;-1.6043618517509337
2018-04-23 02:00:00;13.92149456430664;13.85;0.07149456430664003
2018-04-23 03:00:00;14.47729967395971;12.25;2.2272996739597097
2018-04-23 04:00:00;18.39537023806129;14.07;4.325370238061289
2018-04-23 05:00:00;36.581285232254096;22.2;14.381285232254097
2018-04-23 06:00:00;36.581792988157645;39.16;-2.578207011842352
2018-04-23 07:00:00;36.58230074406119;47.42;-10.837699255938809
2018-04-23 08:00:00;36.582808499964734;46.05;-9.467191500035263
2018-04-23 09:00:00;36.58331625586828;40.47;-3.886683744131716
2018-04-23 10:00:00;36.583824011771824;38.99;-2.4061759882281777
2018-04-23 11:00:00;36.584331767675366;37.99;-1.4056682323246363
2018-04-23 12:00:00;31.727750605019168;32.31;-0.5822493949808347
2018-04-23 13:00:00;28.766152512027745;28.49;0.27615251202774616
2018-04-23 14:00:00;28.767073679876603;26.46;2.307073679876602
2018-04-23 15:00:00;29.35735009013021;28.6;0.7573500901302097
2018-04-23 16:00:00;32.36222101550468;30.05;2.3122210155046794
2018-04-23 17:00:00;36.58737830309664;32.4;4.187378303096644
2018-04-23 18:00:00;36.58788605900018;39.72;-3.1321139409998153
2018-04-23 19:00:00;36.58839381490373;44.1;-7.511606185096269
2018-04-23 20:00:00;36.58890157080727;45.6;-9.011098429192728
2018-04-23 21:00:00;36.589409326710815;45.25;-8.660590673289185
2018-04-23 22:00:00;31.737167230062774;43.47;-11.732832769937225
2018-04-23 23:00:00;29.36475165092658;38.04;-8.67524834907342
2018-04-24 00:00:00;29.349451567394677;30.9;-1.5505484326053214
2018-04-24 01:00:00;28.761051874053216;30.0;-1.2389481259467843
2018-04-24 02:00:00;29.35130195759376;28.45;0.9013019575937591
2018-04-24 03:00:00;29.35222715269331;24.12;5.232227152693309
2018-04-24 04:00:00;28.763815377599784;23.4;5.363815377599785
2018-04-24 05:00:00;34.73087941463622;30.1;4.630879414636219
2018-04-24 06:00:00;36.58729890853718;36.37;0.21729890853718103
2018-04-24 07:00:00;36.58780666444072;40.28;-3.6921933355592813
2018-04-24 08:00:00;36.58831442034426;41.92;-5.3316855796557405
2018-04-24 09:00:00;31.135290452951715;37.55;-6.4147095470482824
2018-04-24 10:00:00;29.35870351839013;28.03;1.3287035183901281
2018-04-24 11:00:00;28.770263552541792;25.53;3.2402635525417907
2018-04-24 12:00:00;28.771184720390657;28.43;0.3411847203906575
2018-04-24 13:00:00;28.77210588823951;28.7;0.07210588823950914
2018-04-24 14:00:00;28.77302705608837;25.01;3.7630270560883687
2018-04-24 15:00:00;28.773948223937214;28.51;0.26394822393721284
2018-04-24 16:00:00;36.59237646757263;29.9;6.692376467572629
2018-04-24 17:00:00;36.59288422347617;36.37;0.22288422347617143
2018-04-24 18:00:00;39.78022876141223;41.53;-1.749771238587769
2018-04-24 19:00:00;42.984030359325;46.39;-3.4059696406750035
2018-04-24 20:00:00;39.24899562894503;50.03;-10.78100437105497
2018-04-24 21:00:00;36.59491524709035;47.09;-10.495084752909655
2018-04-24 22:00:00;36.5954230029939;44.9;-8.304576997006102
2018-04-24 23:00:00;29.96170468768473;40.18;-10.21829531231527
2018-04-25 00:00:00;21.419980595476325;28.68;-7.260019404523675
2018-04-25 01:00:00;20.389018616527192;24.09;-3.700981383472808
2018-04-25 02:00:00;20.95927620892492;18.8;2.1592762089249184
2018-04-25 03:00:00;20.39074803341432;22.87;-2.4792519665856823
2018-04-25 04:00:00;20.96101272133091;18.16;2.8010127213309097
2018-04-25 05:00:00;20.96188097753391;21.19;-0.2281190224660925
2018-04-25 06:00:00;26.731009809399467;31.38;-4.648990190600532
2018-04-25 07:00:00;26.148756627278683;35.9;-9.751243372721316
2018-04-25 08:00:00;22.107227057869245;32.45;-10.342772942130757
2018-04-25 09:00:00;20.965354002345897;28.15;-7.184645997654101
2018-04-25 10:00:00;20.966222258548896;18.84;2.1262222585488963
2018-04-25 11:00:00;20.96709051475189;20.1;0.8670905147518901
2018-04-25 12:00:00;20.967958770954887;21.14;-0.17204122904511365
2018-04-25 13:00:00;20.96882702715789;21.27;-0.3011729728421102
2018-04-25 14:00:00;20.96969528336089;22.07;-1.100304716639112
2018-04-25 15:00:00;20.97056353956389;21.28;-0.3094364604361104
2018-04-25 16:00:00;24.994828790932758;22.56;2.434828790932759
2018-04-25 17:00:00;35.13686767157062;24.59;10.54686767157062
2018-04-25 18:00:00;36.28725470017455;34.99;1.2972547001745482
2018-04-25 19:00:00;36.28822663653314;38.75;-2.461773363466861
2018-04-25 20:00:00;36.28919857289173;40.18;-3.890801427108272
2018-04-25 21:00:00;36.19742417863447;39.15;-2.952575821365528
2018-04-25 22:00:00;29.093288166146717;36.38;-7.2867118338532855
2018-04-25 23:00:00;29.09420933399557;32.1;-3.005790666004433
2018-04-26 00:00:00;28.747166376525307;25.03;3.717166376525306
2018-04-26 01:00:00;29.338371452105704;23.08;6.258371452105706
2018-04-26 02:00:00;29.33929261995456;21.59;7.749292619954559
2018-04-26 03:00:00;28.74991790304447;19.04;9.70991790304447
2018-04-26 04:00:00;28.750835078550857;21.08;7.6708350785508586
2018-04-26 05:00:00;40.87977573069482;22.06;18.81977573069482
2018-04-26 06:00:00;40.88077995213797;35.7;5.180779952137968
2018-04-26 07:00:00;40.88178417358112;44.5;-3.618215826418883
2018-04-26 08:00:00;40.88278839502427;44.93;-4.047211604975729
2018-04-26 09:00:00;40.88379261646742;38.97;1.9137926164674184
2018-04-26 10:00:00;38.9593127221337;33.97;4.989312722133704
2018-04-26 11:00:00;34.73333929137198;31.15;3.583339291371985
2018-04-26 12:00:00;32.32400054092281;23.71;8.61400054092281
2018-04-26 13:00:00;32.32494220342717;23.07;9.25494220342717
2018-04-26 14:00:00;32.32588386593153;21.14;11.18588386593153
2018-04-26 15:00:00;32.32682552843589;21.11;11.21682552843589
2018-04-26 16:00:00;32.92779986712338;21.05;11.877799867123382
2018-04-26 17:00:00;37.3683358087314;28.43;8.938335808731402
2018-04-26 18:00:00;40.89283060945576;35.98;4.91283060945576
2018-04-26 19:00:00;40.8938348308989;41.57;-0.6761651691010968
2018-04-26 20:00:00;40.89483905234206;42.0;-1.105160947657943
2018-04-26 21:00:00;40.03026712500651;40.98;-0.9497328749934866
2018-04-26 22:00:00;34.13868607236305;37.66;-3.521313927636946
2018-04-26 23:00:00;32.611194453560536;33.1;-0.4888055464394654
2018-04-27 00:00:00;32.24447310673315;34.96;-2.7155268932668477
2018-04-27 01:00:00;32.576159166159414;33.01;-0.43384083384058414
2018-04-27 02:00:00;32.24635643174187;32.43;-0.18364356825812678
2018-04-27 03:00:00;32.24729809424623;30.74;1.5072980942462344
2018-04-27 04:00:00;37.09421066139944;30.0;7.094210661399437
2018-04-27 05:00:00;40.8070155833325;35.55;5.257015583332503
2018-04-27 06:00:00;40.80801980477565;44.48;-3.67198019522435
2018-04-27 07:00:00;40.8090240262188;49.12;-8.310975973781197
2018-04-27 08:00:00;40.81002824766195;54.08;-13.269971752338051
2018-04-27 09:00:00;39.99915921086159;45.63;-5.630840789138411
2018-04-27 10:00:00;37.71393525281204;40.28;-2.5660647471879585
2018-04-27 11:00:00;35.22103354580325;40.17;-4.94896645419675
2018-04-27 12:00:00;34.164309832776055;37.66;-3.495690167223941
2018-04-27 13:00:00;33.109275103067375;35.05;-1.9407248969326218
2018-04-27 14:00:00;32.857375690715045;33.08;-0.22262430928495291
2018-04-27 15:00:00;33.11027340115598;33.06;0.05027340115597667
2018-04-27 16:00:00;38.40568235986672;33.57;4.835682359866716
2018-04-27 17:00:00;41.070299068846055;40.97;0.10029906884605566
2018-04-27 18:00:00;40.82007046209344;44.56;-3.739929537906562
2018-04-27 19:00:00;41.07133499498618;50.03;-8.95866500501382
2018-04-27 20:00:00;40.82207890497974;52.99;-12.167921095020262
2018-04-27 21:00:00;36.28504273406218;45.86;-9.574957265937819
2018-04-27 22:00:00;26.355754232650508;40.56;-14.204245767349494
2018-04-27 23:00:00;21.640155236189443;33.47;-11.829844763810556
2018-04-28 00:00:00;21.640155236189443;28.48;-6.839844763810557
2018-04-28 01:00:00;21.640155236189443;21.1;0.5401552361894417
2018-04-28 02:00:00;21.640155236189443;25.26;-3.6198447638105584
2018-04-28 03:00:00;21.640155236189443;24.73;-3.0898447638105573
2018-04-28 04:00:00;21.640155236189443;22.78;-1.139844763810558
2018-04-28 05:00:00;21.640155236189443;23.89;-2.2498447638105574
2018-04-28 06:00:00;21.640155236189443;28.59;-6.949844763810557
2018-04-28 07:00:00;25.20007761590341;28.01;-2.8099223840965912
2018-04-28 08:00:00;26.364769695608924;30.75;-4.385230304391076
2018-04-28 09:00:00;21.640155236189443;29.4;-7.759844763810555
2018-04-28 10:00:00;21.640155236189443;21.01;0.6301552361894416
2018-04-28 11:00:00;21.640155236189443;23.27;-1.6298447638105564
2018-04-28 12:00:00;21.640155236189443;26.4;-4.759844763810555
2018-04-28 13:00:00;21.640155236189443;20.4;1.2401552361894446
2018-04-28 14:00:00;21.640155236189443;23.33;-1.6898447638105552
2018-04-28 15:00:00;21.640155236189443;23.88;-2.239844763810556
2018-04-28 16:00:00;24.04996614961604;22.07;1.9799661496160397
2018-04-28 17:00:00;26.957001096831437;32.91;-5.9529989031685595
2018-04-28 18:00:00;27.5435089910856;36.08;-8.5364910089144
2018-04-28 19:00:00;26.95881190372699;42.17;-15.211188096273013
2018-04-28 20:00:00;27.545327578578004;45.95;-18.404672421422
2018-04-28 21:00:00;27.546236872324208;42.27;-14.723763127675795
2018-04-28 22:00:00;27.5471461660704;39.51;-11.962853833929596
2018-04-28 23:00:00;19.64661266126613;35.96;-16.31338733873387
2018-04-29 00:00:00;18.91195664951926;35.98;-17.068043350480735
2018-04-29 01:00:00;17.220727107869923;30.78;-13.559272892130078
2018-04-29 02:00:00;15.679586198789169;27.83;-12.15041380121083
2018-04-29 03:00:00;14.983013507292204;26.65;-11.666986492707794
2018-04-29 04:00:00;13.705696165706645;25.1;-11.394303834293357
2018-04-29 05:00:00;11.659611811573331;22.51;-10.85038818842667
2018-04-29 06:00:00;10.56073553181582;23.06;-12.49926446818418
2018-04-29 07:00:00;11.737964402972182;23.42;-11.68203559702782
2018-04-29 08:00:00;13.705696165706645;26.42;-12.714303834293357
2018-04-29 09:00:00;11.662858392977672;27.23;-15.567141607022329
2018-04-29 10:00:00;10.563957399361872;22.3;-11.736042600638129
2018-04-29 11:00:00;5.869921154168765;20.05;-14.180078845831236
2018-04-29 12:00:00;5.869921154168765;15.56;-9.690078845831236
2018-04-29 13:00:00;7.820249590603648;12.84;-5.019750409396352
2018-04-29 14:00:00;5.869921154168765;12.08;-6.2100788458312355
2018-04-29 15:00:00;7.820249590603648;12.95;-5.129750409396351
2018-04-29 16:00:00;5.869921154168765;15.97;-10.100078845831236
2018-04-29 17:00:00;8.382510959891139;18.57;-10.187489040108861
2018-04-29 18:00:00;8.38330434780956;21.45;-13.06669565219044
2018-04-29 19:00:00;8.38409773572798;21.25;-12.86590226427202
2018-04-29 20:00:00;8.384891123646401;20.72;-12.335108876353598
2018-04-29 21:00:00;0.0;19.93;-19.93
2018-04-29 22:00:00;0.0;18.6;-18.6
2018-04-29 23:00:00;0.0;12.05;-12.05
2018-04-30 00:00:00;0.0;15.02;-15.02
2018-04-30 01:00:00;0.0;4.91;-4.91
2018-04-30 02:00:00;0.0;4.76;-4.76
2018-04-30 03:00:00;0.0;1.77;-1.77
2018-04-30 04:00:00;0.0;2.65;-2.65
2018-04-30 05:00:00;0.0;3.78;-3.78
2018-04-30 06:00:00;0.0;5.01;-5.01
2018-04-30 07:00:00;0.0;18.24;-18.24
2018-04-30 08:00:00;0.0;20.34;-20.34
2018-04-30 09:00:00;0.0;14.97;-14.97
2018-04-30 10:00:00;0.0;4.9;-4.9
2018-04-30 11:00:00;0.0;6.52;-6.52
2018-04-30 12:00:00;0.0;0.88;-0.88
2018-04-30 13:00:00;0.0;3.6;-3.6
2018-04-30 14:00:00;0.0;2.32;-2.32
2018-04-30 15:00:00;0.0;5.83;-5.83
2018-04-30 16:00:00;0.0;8.07;-8.07
2018-04-30 17:00:00;0.0;17.14;-17.14
2018-04-30 18:00:00;7.895787452707669;28.09;-20.19421254729233
2018-04-30 19:00:00;11.81501641610507;33.81;-21.994983583894932
2018-04-30 20:00:00;9.852495009980046;34.43;-24.577504990019953
2018-04-30 21:00:00;0.1237978810105957;32.64;-32.516202118989405
2018-04-30 22:00:00;0.0;24.99;-24.99
2018-04-30 23:00:00;0.0;16.13;-16.13
2018-05-01 00:00:00;0.0;-0.02;0.02
2018-05-01 01:00:00;0.0;-5.34;5.34
2018-05-01 02:00:00;0.0;-5.2;5.2
2018-05-01 03:00:00;0.0;-14.88;14.88
2018-05-01 04:00:00;0.0;-19.41;19.41
2018-05-01 05:00:00;0.0;-13.71;13.71
2018-05-01 06:00:00;0.0;-4.98;4.98
2018-05-01 07:00:00;0.0;-3.39;3.39
2018-05-01 08:00:00;0.0;-16.67;16.67
2018-05-01 09:00:00;0.0;-12.49;12.49
2018-05-01 10:00:00;0.0;-6.62;6.62
2018-05-01 11:00:00;0.0;-0.92;0.92
2018-05-01 12:00:00;0.0;-16.7;16.7
2018-05-01 13:00:00;0.0;-35.86;35.86
2018-05-01 14:00:00;0.0;-58.96;58.96
2018-05-01 15:00:00;0.0;-48.6;48.6
2018-05-01 16:00:00;0.0;-22.01;22.01
2018-05-01 17:00:00;8.457668780211545;-4.38;12.837668780211544
2018-05-01 18:00:00;19.726882688268837;10.85;8.876882688268838
2018-05-01 19:00:00;22.428171672437102;22.64;-0.21182832756289827
2018-05-01 20:00:00;22.428292700978083;28.85;-6.421707299021918
2018-05-01 21:00:00;22.428413729519065;30.98;-8.551586270480936
2018-05-01 22:00:00;22.42853475806004;32.02;-9.591465241939964
2018-05-01 23:00:00;17.739265989666855;27.93;-10.190734010333145
2018-05-02 00:00:00;17.739265989666855;32.03;-14.290734010333146
2018-05-02 01:00:00;17.739265989666855;28.07;-10.330734010333146
2018-05-02 02:00:00;17.739265989666855;28.18;-10.440734010333145
2018-05-02 03:00:00;17.739265989666855;27.68;-9.940734010333145
2018-05-02 04:00:00;23.00395829765385;28.48;-5.476041702346151
2018-05-02 05:00:00;38.48516864879332;29.55;8.935168648793319
2018-05-02 06:00:00;45.43945068470107;44.68;0.759450684701072
2018-05-02 07:00:00;49.21859459718644;45.89;3.328594597186438
2018-05-02 08:00:00;49.21913916191237;49.78;-0.5608608380876277
2018-05-02 09:00:00;44.90326911832785;50.73;-5.826730881672148
2018-05-02 10:00:00;43.293383389998574;44.98;-1.6866166100014226
2018-05-02 11:00:00;39.020387125448;40.9;-1.879612874551995
2018-05-02 12:00:00;38.48879140443201;38.1;0.38879140443200555
2018-05-02 13:00:00;39.02142477355038;37.62;1.4014247735503815
2018-05-02 14:00:00;40.96531448022751;36.88;4.08531448022751
2018-05-02 15:00:00;42.22481919122581;37.37;4.854819191225815
2018-05-02 16:00:00;49.932241240600085;38.93;11.002241240600085
2018-05-02 17:00:00;49.93238995267999;44.53;5.4023899526799894
2018-05-02 18:00:00;49.9325386647599;47.0;2.932538664759903
2018-05-02 19:00:00;49.93268737683981;48.18;1.752687376839809
2018-05-02 20:00:00;50.30997363722428;49.59;0.7199736372242782
2018-05-02 21:00:00;49.93298480099962;47.06;2.8729848009996175
2018-05-02 22:00:00;45.44800731658317;45.25;0.1980073165831726
2018-05-02 23:00:00;39.559195393988254;37.35;2.209195393988253
2018-05-03 00:00:00;39.83411333973038;34.23;5.604113339730382
2018-05-03 01:00:00;39.36409343170407;32.12;7.244093431704073
2018-05-03 02:00:00;39.36461354970887;31.16;8.20461354970887
2018-05-03 03:00:00;39.83452787002172;30.53;9.304527870021715
2018-05-03 04:00:00;39.834666046785486;32.22;7.614666046785487
2018-05-03 05:00:00;49.38710617958929;34.25;15.137106179589289
2018-05-03 06:00:00;50.04247265093429;44.9;5.142472650934295
2018-05-03 07:00:00;50.04262212278167;49.91;0.13262212278167596
2018-05-03 08:00:00;50.04277159462906;50.01;0.032771594629060985
2018-05-03 09:00:00;50.04292106647644;48.54;1.5029210664764392
2018-05-03 10:00:00;50.04307053832382;44.28;5.7630705383238165
2018-05-03 11:00:00;47.94730423469449;39.93;8.017304234694492
2018-05-03 12:00:00;45.7916207099474;37.95;7.841620709947399
2018-05-03 13:00:00;45.79215687436047;37.37;8.422156874360475
2018-05-03 14:00:00;45.50753858937698;37.09;8.417538589376974
2018-05-03 15:00:00;46.79195191706303;36.46;10.33195191706303
2018-05-03 16:00:00;50.04396736940812;36.49;13.55396736940812
2018-05-03 17:00:00;49.57312625577797;38.9;10.673126255777973
2018-05-03 18:00:00;50.04426631310288;44.17;5.874266313102879
2018-05-03 19:00:00;50.04441578495026;46.99;3.0544157849502582
2018-05-03 20:00:00;50.04456525679764;48.15;1.894565256797641
2018-05-03 21:00:00;47.412891840060894;48.95;-1.537108159939109
2018-05-03 22:00:00;39.37501590980485;40.08;-0.704984090195147
2018-05-03 23:00:00;39.37553602780964;35.0;4.375536027809638
2018-05-04 00:00:00;39.22624664916546;34.24;4.986246649165459
2018-05-04 01:00:00;39.2263841763999;33.32;5.9063841763998965
2018-05-04 02:00:00;39.22652170363433;33.88;5.34652170363433
2018-05-04 03:00:00;39.22665923086877;33.72;5.50665923086877
2018-05-04 04:00:00;39.38151837987319;33.88;5.50151837987319
2018-05-04 05:00:00;49.583228123350125;36.76;12.823228123350127
2018-05-04 06:00:00;49.58377411378626;46.48;3.1037741137862653
2018-05-04 07:00:00;49.584320104222414;53.37;-3.7856798957775837
2018-05-04 08:00:00;49.58486609465855;57.52;-7.935133905341452
2018-05-04 09:00:00;49.5854120850947;49.69;-0.10458791490529507
2018-05-04 10:00:00;49.40085104228675;45.56;3.840851042286751
2018-05-04 11:00:00;45.51972217929504;42.56;2.959722179295035
2018-05-04 12:00:00;43.12366591152442;39.3;3.8236659115244223
2018-05-04 13:00:00;39.91880636394364;36.72;3.198806363943639
2018-05-04 14:00:00;39.38671955992117;36.49;2.8967195599211664
2018-05-04 15:00:00;41.09413547878765;34.94;6.154135478787651
2018-05-04 16:00:00;46.34846652457516;36.77;9.578466524575155
2018-05-04 17:00:00;49.58978000858387;39.2;10.38978000858387
2018-05-04 18:00:00;49.40204073892601;45.24;4.1620407389260095
2018-05-04 19:00:00;49.590871989456176;44.86;4.730871989456176
2018-05-04 20:00:00;49.59141797989231;43.59;6.0014179798923095
2018-05-04 21:00:00;43.12843014802161;41.23;1.8984301480216104
2018-05-04 22:00:00;34.337493040306946;38.92;-4.582506959693056
2018-05-04 23:00:00;32.50754521410036;33.96;-1.45245478589964
2018-05-05 00:00:00;23.055083655083656;33.59;-10.534916344916347
2018-05-05 01:00:00;23.055083655083656;30.6;-7.544916344916345
2018-05-05 02:00:00;23.055083655083656;28.03;-4.974916344916345
2018-05-05 03:00:00;23.055083655083656;25.98;-2.924916344916344
2018-05-05 04:00:00;23.055083655083656;25.52;-2.464916344916343
2018-05-05 05:00:00;23.055083655083656;27.02;-3.964916344916343
2018-05-05 06:00:00;28.968263275387383;29.09;-0.12173672461261731
2018-05-05 07:00:00;28.96839062578124;33.55;-4.581609374218758
2018-05-05 08:00:00;28.96851797617509;37.44;-8.471482023824908
2018-05-05 09:00:00;27.207149920573613;35.07;-7.862850079426387
2018-05-05 10:00:00;21.42955767349016;28.0;-6.570442326509841
2018-05-05 11:00:00;20.85939801710308;22.68;-1.820601982896921
2018-05-05 12:00:00;20.85951805252285;21.62;-0.7604819474771496
2018-05-05 13:00:00;20.85963808794262;19.34;1.5196380879426208
2018-05-05 14:00:00;20.85975812336239;17.87;2.989758123362389
2018-05-05 15:00:00;21.060748286944403;17.75;3.3107482869444027
2018-05-05 16:00:00;21.060748286944403;22.53;-1.4692517130555984
2018-05-05 17:00:00;26.62398786742673;23.31;3.3139878674267322
2018-05-05 18:00:00;26.6241130384103;34.94;-8.315886961589698
2018-05-05 19:00:00;26.0415383437067;37.32;-11.278461656293299
2018-05-05 20:00:00;26.624363380377424;37.43;-10.805636619622575
2018-05-05 21:00:00;26.0417876191802;35.11;-9.068212380819798
2018-05-05 22:00:00;17.092392659896674;32.97;-15.877607340103324
2018-05-05 23:00:00;13.14975272007914;25.03;-11.88024727992086
2018-05-06 00:00:00;9.707674795700145;20.84;-11.132325204299855
2018-05-06 01:00:00;8.072533934547064;21.64;-13.567466065452937
2018-05-06 02:00:00;8.07264361951275;22.96;-14.887356380487251
2018-05-06 03:00:00;8.072753304478429;21.51;-13.437246695521573
2018-05-06 04:00:00;8.072862989444108;21.57;-13.497137010555893
2018-05-06 05:00:00;8.072972674409787;17.94;-9.867027325590215
2018-05-06 06:00:00;9.231297405189624;16.0;-6.768702594810376
2018-05-06 07:00:00;10.255567513039036;17.32;-7.064432486960964
2018-05-06 08:00:00;10.255678867908134;21.1;-10.844321132091867
2018-05-06 09:00:00;9.708673189499862;21.06;-11.351326810500137
2018-05-06 10:00:00;7.5304252994141265;16.87;-9.339574700585874
2018-05-06 11:00:00;7.530534574700432;17.95;-10.419465425299567
2018-05-06 12:00:00;8.073740469169547;14.14;-6.066259530830454
2018-05-06 13:00:00;8.073850154135233;-3.19;11.263850154135232
2018-05-06 14:00:00;7.530862400559336;-6.69;14.220862400559337
2018-05-06 15:00:00;8.07406952406659;5.0;3.0740695240665907
2018-05-06 16:00:00;8.07417920903227;13.4;-5.325820790967731
2018-05-06 17:00:00;19.159824205519215;22.99;-3.830175794480784
2018-05-06 18:00:00;19.15994278144522;29.38;-10.220057218554778
2018-05-06 19:00:00;19.16006135737123;34.29;-15.129938642628769
2018-05-06 20:00:00;19.07325532553256;36.79;-17.71674467446744
2018-05-06 21:00:00;19.16029850922324;33.94;-14.779701490776759
2018-05-06 22:00:00;17.468476202154342;30.46;-12.991523797845659
2018-05-06 23:00:00;15.117956856521491;25.02;-9.902043143478508
2018-05-07 00:00:00;15.117956856521491;15.64;-0.5220431434785091
2018-05-07 01:00:00;15.117956856521491;16.15;-1.0320431434785071
2018-05-07 02:00:00;15.117956856521491;16.04;-0.9220431434785077
2018-05-07 03:00:00;15.117956856521491;16.87;-1.7520431434785095
2018-05-07 04:00:00;26.04565138901952;17.75;8.295651389019518
2018-05-07 05:00:00;40.48532605335975;26.7;13.78532605335975
2018-05-07 06:00:00;40.48584877873166;41.51;-1.0241512212683404
2018-05-07 07:00:00;40.47908406303564;48.07;-7.5909159369643575
2018-05-07 08:00:00;40.479222895493216;46.81;-6.330777104506787
2018-05-07 09:00:00;40.487416954847376;43.65;-3.1625830451526227
2018-05-07 10:00:00;38.003341925281006;38.36;-0.35665807471899313
2018-05-07 11:00:00;37.3892418358064;33.78;3.609241835806401
2018-05-07 12:00:00;36.77700888011986;33.22;3.5570088801198594
2018-05-07 13:00:00;34.121140274381546;33.27;0.8511402743815424
2018-05-07 14:00:00;34.1216477362251;32.46;1.661647736225099
2018-05-07 15:00:00;36.76793612371476;33.66;3.107936123714765
2018-05-07 16:00:00;40.491076032450735;34.8;5.691076032450738
2018-05-07 17:00:00;40.48047238761143;40.32;0.1604723876114278
2018-05-07 18:00:00;40.49212148319455;48.37;-7.8778785168054455
2018-05-07 19:00:00;41.56036905010798;58.18;-16.61963094989202
2018-05-07 20:00:00;40.48088888498417;48.81;-8.329111115015834
2018-05-07 21:00:00;37.832395127635415;39.97;-2.1376048723645837
2018-05-07 22:00:00;30.158514192522613;33.86;-3.701485807477386
2018-05-07 23:00:00;30.158642661331594;27.27;2.8886426613315948
2018-05-08 00:00:00;30.75359430567189;22.01;8.743594305671888
2018-05-08 01:00:00;27.210551363161905;20.09;7.120551363161905
2018-05-08 02:00:00;30.1594144273698;16.95;13.2094144273698
2018-05-08 03:00:00;30.15954233452642;17.73;12.42954233452642
2018-05-08 04:00:00;30.15967024168304;18.01;12.149670241683037
2018-05-08 05:00:00;35.4283554310819;26.3;9.128355431081896
2018-05-08 06:00:00;38.08207669182104;32.98;5.10207669182104
2018-05-08 07:00:00;38.61456861986422;37.03;1.5845686198642213
2018-05-08 08:00:00;38.083109202547;37.95;0.1331092025469971
2018-05-08 09:00:00;37.02101101708865;34.36;2.661011017088647
2018-05-08 10:00:00;30.75487899376171;31.04;-0.2851210062382883
2018-05-08 11:00:00;30.160565591779367;25.14;5.020565591779366
2018-05-08 12:00:00;30.755135931379677;20.73;10.025135931379676
2018-05-08 13:00:00;30.16082140609261;21.05;9.110821406092608
2018-05-08 14:00:00;30.755392868997635;20.83;9.925392868997637
2018-05-08 15:00:00;30.161077220405843;20.71;9.451077220405843
2018-05-08 16:00:00;34.375703257067315;21.08;13.295703257067316
2018-05-08 17:00:00;40.50157951340836;27.13;13.37157951340836
2018-05-08 18:00:00;40.50171769017214;36.91;3.591717690172146
2018-05-08 19:00:00;40.753295806197;39.94;0.8132958061970044
2018-05-08 20:00:00;40.501994043699696;39.93;0.5719940436996964
2018-05-08 21:00:00;37.406476072919865;35.96;1.4464760729198645
2018-05-08 22:00:00;33.322175607964766;28.93;4.3921756079647665
2018-05-08 23:00:00;31.950302046835333;26.49;5.460302046835334
2018-05-09 00:00:00;31.68829038589981;19.38;12.30829038589981
2018-05-09 01:00:00;31.688419421315444;22.04;9.648419421315445
2018-05-09 02:00:00;31.688548456731084;21.89;9.798548456731083
2018-05-09 03:00:00;31.68867749214673;22.09;9.59867749214673
2018-05-09 04:00:00;34.09563288294698;24.27;9.82563288294698
2018-05-09 05:00:00;43.57585446557282;29.02;14.555854465572818
2018-05-09 06:00:00;43.576383825183626;38.02;5.556383825183623
2018-05-09 07:00:00;44.017371094094;46.79;-2.7726289059059965
2018-05-09 08:00:00;44.01751261276044;54.38;-10.362487387239561
2018-05-09 09:00:00;43.57797190401602;45.0;-1.4220280959839826
2018-05-09 10:00:00;43.57850126362681;40.31;3.26850126362681
2018-05-09 11:00:00;40.90100672361186;39.2;1.7010067236118545
2018-05-09 12:00:00;39.30034927544213;35.55;3.750349275442133
2018-05-09 13:00:00;38.76805879085299;34.09;4.678058790852987
2018-05-09 14:00:00;38.768576327372806;33.14;5.628576327372805
2018-05-09 15:00:00;39.30190574759569;34.1;5.2019057475956885
2018-05-09 16:00:00;42.119637517506575;36.97;5.1496375175065765
2018-05-09 17:00:00;43.58220678090241;40.38;3.202206780902408
2018-05-09 18:00:00;43.582736140513205;45.76;-2.177263859486793
2018-05-09 19:00:00;43.58326550012401;52.87;-9.28673449987599
2018-05-09 20:00:00;44.019210836757786;52.59;-8.570789163242218
2018-05-09 21:00:00;43.38421652135743;41.09;2.294216521357427
2018-05-09 22:00:00;34.70399759238603;37.3;-2.596002407613966
2018-05-09 23:00:00;27.541812115349398;32.74;-5.198187884650604
2018-05-10 00:00:00;22.88956660069765;25.91;-3.0204333993023518
2018-05-10 01:00:00;22.31443590280616;26.78;-4.465564097193841
2018-05-10 02:00:00;21.740645733605746;23.02;-1.2793542663942539
2018-05-10 03:00:00;21.740765769025515;24.04;-2.299234230974484
2018-05-10 04:00:00;22.31479749261018;25.26;-2.9452025073898227
2018-05-10 05:00:00;21.741005839865053;25.94;-4.198994160134948
2018-05-10 06:00:00;21.741125875284823;22.67;-0.928874124715179
2018-05-10 07:00:00;22.381796131223105;25.24;-2.8582038687768936
2018-05-10 08:00:00;22.381796131223105;26.4;-4.018203868776894
2018-05-10 09:00:00;22.31540014228354;26.93;-4.61459985771646
2018-05-10 10:00:00;22.315520672218216;25.71;-3.3944793277817844
2018-05-10 11:00:00;21.74172605238367;26.19;-4.448273947616332
2018-05-10 12:00:00;22.31576173208756;23.05;-0.734238267912442
2018-05-10 13:00:00;21.741966123223207;20.88;0.8619661232232083
2018-05-10 14:00:00;20.380510051005107;16.92;3.4605100510051052
2018-05-10 15:00:00;21.742206194062742;16.98;4.762206194062742
2018-05-10 16:00:00;21.742326229482515;19.24;2.5023262294825166
2018-05-10 17:00:00;22.891624085894293;22.0;0.8916240858942928
2018-05-10 18:00:00;28.132311974022628;27.54;0.5923119740226284
2018-05-10 19:00:00;30.500346604494663;30.05;0.450346604494662
2018-05-10 20:00:00;31.69396794418784;31.87;-0.1760320558121613
2018-05-10 21:00:00;31.69409697960348;32.9;-1.2059030203965193
2018-05-10 22:00:00;31.69422601501912;32.03;-0.3357739849808823
2018-05-10 23:00:00;26.958194555466736;27.85;-0.891805444533265
2018-05-11 00:00:00;24.626479155839103;34.97;-10.343520844160896
2018-05-11 01:00:00;24.626601705261557;28.69;-4.063398294738445
2018-05-11 02:00:00;24.62672425468401;26.95;-2.323275745315989
2018-05-11 03:00:00;24.62684680410646;24.95;-0.3231531958935392
2018-05-11 04:00:00;34.10193781349538;27.08;7.021937813495384
2018-05-11 05:00:00;40.388718082869495;32.92;7.4687180828694935
2018-05-11 06:00:00;43.60179308650196;41.9;1.701793086501958
2018-05-11 07:00:00;43.60232244611275;47.44;-3.8376775538872465
2018-05-11 08:00:00;43.60285180572355;48.27;-4.66714819427645
2018-05-11 09:00:00;43.38928666833203;43.85;-0.4607133316679679
2018-05-11 10:00:00;43.60391052494515;41.79;1.8139105249451504
2018-05-11 11:00:00;42.75654711966508;42.0;0.756547119665079
2018-05-11 12:00:00;39.32525282989907;41.77;-2.444747170100932
2018-05-11 13:00:00;39.0019680814593;38.93;0.07196808145930333
2018-05-11 14:00:00;39.32629047800145;37.44;1.886290478001449
2018-05-11 15:00:00;39.8601403752406;38.18;1.6801403752405975
2018-05-11 16:00:00;43.60708668260994;41.3;2.307086682609942
2018-05-11 17:00:00;43.607616042220734;49.0;-5.392383957779266
2018-05-11 18:00:00;43.608145401831536;52.11;-8.501854598168464
2018-05-11 19:00:00;43.39069504249164;57.66;-14.269304957508353
2018-05-11 20:00:00;43.60920412105313;58.12;-14.510795878946865
2018-05-11 21:00:00;43.609733480663934;55.38;-11.770266519336069
2018-05-11 22:00:00;40.397582196159455;56.17;-15.772417803840547
2018-05-11 23:00:00;37.733666701065786;45.99;-8.256333298934216
2018-05-12 00:00:00;32.96609873335404;39.96;-6.993901266645963
2018-05-12 01:00:00;31.69770997124132;35.01;-3.312290028758678
2018-05-12 02:00:00;26.376407348121973;30.26;-3.883592651878029
2018-05-12 03:00:00;26.37653145713606;30.05;-3.67346854286394
2018-05-12 04:00:00;26.37665556615015;29.94;-3.5633444338498528
2018-05-12 05:00:00;28.726374444343907;29.94;-1.213625555656094
2018-05-12 06:00:00;32.44146255769758;32.05;0.3914625576975794
2018-05-12 07:00:00;33.50118682338864;36.14;-2.6388131766113574
2018-05-12 08:00:00;33.498209169379166;39.95;-6.451790830620837
2018-05-12 09:00:00;26.96243223851632;37.93;-10.967567761483679
2018-05-12 10:00:00;23.473224878911186;33.46;-9.986775121088815
2018-05-12 11:00:00;23.473346410200858;32.41;-8.936653589799139
2018-05-12 12:00:00;23.473467941490537;30.31;-6.836532058509462
2018-05-12 13:00:00;23.47358947278021;30.01;-6.536410527219793
2018-05-12 14:00:00;24.051727130335703;28.43;-4.378272869664297
2018-05-12 15:00:00;23.47383253535956;28.07;-4.596167464640441
2018-05-12 16:00:00;24.3902187902188;27.69;-3.2997812097812016
2018-05-12 17:00:00;29.911874169053934;30.05;-0.13812583094606623
2018-05-12 18:00:00;29.31922750603164;36.96;-7.64077249396836
2018-05-12 19:00:00;29.319354304488748;37.94;-8.62064569551125
2018-05-12 20:00:00;29.91225622023549;36.97;-7.0577437797645075
2018-05-12 21:00:00;24.3902187902188;34.65;-10.259781209781199
2018-05-12 22:00:00;18.89864714634101;32.33;-13.43135285365899
2018-05-12 23:00:00;14.402615938577842;19.5;-5.097384061422158
2018-05-13 00:00:00;8.510881472697506;26.68;-18.169118527302494
2018-05-13 01:00:00;8.510881472697506;20.89;-12.379118527302495
2018-05-13 02:00:00;8.510881472697506;17.06;-8.549118527302493
2018-05-13 03:00:00;8.510881472697506;14.92;-6.409118527302494
2018-05-13 04:00:00;8.510881472697506;14.88;-6.369118527302495
2018-05-13 05:00:00;8.510881472697506;13.77;-5.259118527302494
2018-05-13 06:00:00;8.510881472697506;14.03;-5.519118527302494
2018-05-13 07:00:00;10.473692614770467;15.37;-4.896307385229532
2018-05-13 08:00:00;11.07954499367835;17.74;-6.660455006321648
2018-05-13 09:00:00;10.473692614770467;19.42;-8.946307385229535
2018-05-13 10:00:00;8.885032337663002;17.22;-8.334967662336997
2018-05-13 11:00:00;8.510881472697506;15.68;-7.169118527302494
2018-05-13 12:00:00;8.510881472697506;10.0;-1.4891185273024945
2018-05-13 13:00:00;8.510881472697506;12.01;-3.4991185273024943
2018-05-13 14:00:00;8.510881472697506;0.56;7.950881472697505
2018-05-13 15:00:00;8.885580762491404;8.71;0.17558076249140342
2018-05-13 16:00:00;9.98099431913531;0.09;9.89099431913531
2018-05-13 17:00:00;18.386139319437028;17.33;1.0561393194370297
2018-05-13 18:00:00;21.178580070908563;23.49;-2.3114199290914357
2018-05-13 19:00:00;21.17869961585468;26.97;-5.79130038414532
2018-05-13 20:00:00;21.1788191608008;25.13;-3.9511808391992
2018-05-13 21:00:00;21.178938705746912;24.07;-2.891061294253088
2018-05-13 22:00:00;20.607736780557047;24.05;-3.442263219442953
2018-05-13 23:00:00;17.770336900137703;19.42;-1.6496630998622983
2018-05-14 00:00:00;16.71298418856169;19.78;-3.06701581143831
2018-05-14 01:00:00;16.71298418856169;16.28;0.4329841885616901
2018-05-14 02:00:00;16.71298418856169;14.13;2.5829841885616904
2018-05-14 03:00:00;16.71298418856169;14.87;1.842984188561692
2018-05-14 04:00:00;27.18913930775173;15.62;11.569139307751731
2018-05-14 05:00:00;42.12632342132069;26.0;16.12632342132069
2018-05-14 06:00:00;46.968403574177245;43.3;3.6684035741772476
2018-05-14 07:00:00;46.96894112059871;54.06;-7.091058879401295
2018-05-14 08:00:00;46.96947866702017;58.01;-11.040521332979829
2018-05-14 09:00:00;46.97001621344163;55.83;-8.859983786558367
2018-05-14 10:00:00;46.9705537598631;50.79;-3.819446240136898
2018-05-14 11:00:00;43.20195963088496;42.36;0.8419596308849577
2018-05-14 12:00:00;38.92386500527269;34.49;4.433865005272686
2018-05-14 13:00:00;36.79611208729669;27.93;8.866112087296692
2018-05-14 14:00:00;37.32802173782419;26.81;10.518021737824188
2018-05-14 15:00:00;38.92541761483212;26.51;12.41541761483212
2018-05-14 16:00:00;45.35543066818528;27.09;18.265430668185278
2018-05-14 17:00:00;46.97431658481335;36.74;10.23431658481335
2018-05-14 18:00:00;46.974854131234814;41.01;5.964854131234816
2018-05-14 19:00:00;46.97539167765628;43.1;3.875391677656282
2018-05-14 20:00:00;46.97592922407774;43.28;3.6959292240777373
2018-05-14 21:00:00;41.1267456343906;43.2;-2.073254365609401
2018-05-14 22:00:00;37.33213143370038;39.29;-1.9578685662996165
2018-05-14 23:00:00;37.332645145684914;32.25;5.082645145684914
2018-05-15 00:00:00;37.21068814450326;32.52;4.690688144503255
2018-05-15 01:00:00;37.2108218992806;30.24;6.970821899280605
2018-05-15 02:00:00;37.21095565405792;28.85;8.360955654057918
2018-05-15 03:00:00;37.21108940883525;28.02;9.19108940883525
2018-05-15 04:00:00;37.21122316361257;30.01;7.201223163612571
2018-05-15 05:00:00;47.9642904256666;32.58;15.384290425666599
2018-05-15 06:00:00;51.49825254532029;41.01;10.488252545320293
2018-05-15 07:00:00;51.49880140969043;54.6;-3.101198590309572
2018-05-15 08:00:00;51.49935027406056;58.6;-7.100649725939441
2018-05-15 09:00:00;51.91568642718823;54.55;-2.63431357281177
2018-05-15 10:00:00;51.50044800280084;51.2;0.3004480028008345
2018-05-15 11:00:00;49.325637673697486;48.9;0.4256376736974872
2018-05-15 12:00:00;50.589210386337086;41.67;8.919210386337085
2018-05-15 13:00:00;48.61777776868645;41.38;7.237777768686449
2018-05-15 14:00:00;49.9298421090815;41.07;8.859842109081498
2018-05-15 15:00:00;50.4144261118264;40.5;9.914426111826401
2018-05-15 16:00:00;51.50374118902168;39.91;11.593741189021685
2018-05-15 17:00:00;51.50429005339183;41.07;10.434290053391827
2018-05-15 18:00:00;51.91703167381467;47.9;4.017031673814671
2018-05-15 19:00:00;51.5053877821321;50.0;1.5053877821320967
2018-05-15 20:00:00;51.50593664650224;49.96;1.5459366465022413
2018-05-15 21:00:00;49.93087261746402;47.08;2.85087261746402
2018-05-15 22:00:00;43.46496132687224;46.33;-2.8650386731277564
2018-05-15 23:00:00;40.712596731865005;40.27;0.44259673186500237
2018-05-16 00:00:00;40.94063254799654;40.36;0.5806325479965437
2018-05-16 01:00:00;40.713639568722655;37.53;3.183639568722654
2018-05-16 02:00:00;40.71416098715147;33.98;6.734160987151476
2018-05-16 03:00:00;40.94104512969985;32.6;8.34104512969985
2018-05-16 04:00:00;40.94118265693429;33.3;7.641182656934291
2018-05-16 05:00:00;51.5108764258335;37.06;14.4508764258335
2018-05-16 06:00:00;51.51142529020363;45.95;5.56142529020363
2018-05-16 07:00:00;51.51197415457378;55.4;-3.8880258454262204
2018-05-16 08:00:00;51.919124279678016;60.21;-8.290875720321985
2018-05-16 09:00:00;51.513071883314055;54.1;-2.5869281166859466
2018-05-16 10:00:00;51.513620747684186;50.9;0.6136207476841875
2018-05-16 11:00:00;51.25481361037152;48.36;2.8948136103715214
2018-05-16 12:00:00;48.25465830921206;43.43;4.824658309212062
2018-05-16 13:00:00;46.67132744474247;40.5;6.171327444742467
2018-05-16 14:00:00;43.93801542901922;38.17;5.768015429019215
2018-05-16 15:00:00;40.72093942672615;35.97;4.750939426726148
2018-05-16 16:00:00;46.63386488190879;35.77;10.863864881908789
2018-05-16 17:00:00;49.885010179124734;37.14;12.745010179124733
2018-05-16 18:00:00;49.88555474385067;40.36;9.52555474385067
2018-05-16 19:00:00;48.25844063266918;42.03;6.228440632669177
2018-05-16 20:00:00;43.46804490611689;42.0;1.4680449061168872
2018-05-16 21:00:00;39.65530234402499;42.28;-2.6246976559750124
2018-05-16 22:00:00;30.554767993105187;37.99;-7.435232006894815
2018-05-16 23:00:00;31.15206273030065;33.08;-1.927937269699349
2018-05-17 00:00:00;30.83772910670738;29.72;1.1177291067073796
2018-05-17 01:00:00;30.837856457101225;27.03;3.8078564571012237
2018-05-17 02:00:00;27.86981216208083;22.43;5.43981216208083
2018-05-17 03:00:00;30.83811115788893;20.06;10.778111157888933
2018-05-17 04:00:00;30.241450182739307;23.09;7.151450182739307
2018-05-17 05:00:00;37.11212063752599;27.23;9.88212063752599
2018-05-17 06:00:00;41.382811153413925;36.19;5.192811153413928
2018-05-17 07:00:00;41.38333387878584;42.8;-1.4166661212141562
2018-05-17 08:00:00;41.38385660415774;45.12;-3.736143395842255
2018-05-17 09:00:00;41.38437932952965;43.25;-1.8656206704703493
2018-05-17 10:00:00;41.38490205490156;42.13;-0.7450979450984434
2018-05-17 11:00:00;39.246633181314095;40.93;-1.6833668186859043
2018-05-17 12:00:00;35.67368040938244;36.3;-0.6263195906175554
2018-05-17 13:00:00;33.2429513636019;35.73;-2.4870486363981
2018-05-17 14:00:00;33.40374424324759;32.02;1.383744243247584
2018-05-17 15:00:00;32.87554054836289;31.8;1.0755405483628913
2018-05-17 16:00:00;36.58601551717497;29.87;6.71601551717497
2018-05-17 17:00:00;40.318216714410106;33.54;6.778216714410107
2018-05-17 18:00:00;41.38908385787682;40.8;0.5890838578768225
2018-05-17 19:00:00;41.38960658324873;43.92;-2.5303934167512736
2018-05-17 20:00:00;41.39012930862064;43.95;-2.5598706913793663
2018-05-17 21:00:00;41.252119356546;43.93;-2.677880643454003
2018-05-17 22:00:00;35.526909060263336;41.44;-5.913090939736662
2018-05-17 23:00:00;32.640847631019795;35.99;-3.3491523689802065
2018-05-18 00:00:00;32.76373967051836;31.79;0.9737396705183627
2018-05-18 01:00:00;32.92958126400225;27.77;5.159581264002252
2018-05-18 02:00:00;32.763997741349634;27.39;5.373997741349633
2018-05-18 03:00:00;32.76412677676527;26.59;6.174126776765274
2018-05-18 04:00:00;34.51889077588972;28.99;5.5288907758897246
2018-05-18 05:00:00;49.08931856711092;32.22;16.869318567110923
2018-05-18 06:00:00;49.53860303212302;41.84;7.698603032123017
2018-05-18 07:00:00;49.53914617856508;50.72;-1.1808538214349156
2018-05-18 08:00:00;49.53968932500713;48.82;0.7196893250071312
2018-05-18 09:00:00;49.08990156194716;42.97;6.1199015619471595
2018-05-18 10:00:00;48.99771038947512;41.8;7.1977103894751195
2018-05-18 11:00:00;48.43552414911707;39.4;9.035524149117073
2018-05-18 12:00:00;45.2118749224121;38.05;7.161874922412103
2018-05-18 13:00:00;41.44999636364952;36.53;4.919996363649517
2018-05-18 14:00:00;41.45051908902143;34.58;6.870519089021428
2018-05-18 15:00:00;43.28211803916444;34.1;9.182118039164436
2018-05-18 16:00:00;47.91639337873756;36.44;11.476393378737562
2018-05-18 17:00:00;49.091067551619645;41.58;7.511067551619647
2018-05-18 18:00:00;49.54512078942774;46.47;3.075120789427743
2018-05-18 19:00:00;49.5456639358698;48.95;0.5956639358697942
2018-05-18 20:00:00;49.54620708231187;47.76;1.7862070823118685
2018-05-18 21:00:00;49.091650546455895;47.32;1.771650546455895
2018-05-18 22:00:00;43.91955098888095;44.96;-1.0404490111190512
2018-05-18 23:00:00;37.71597256147661;41.55;-3.8340274385233855
2018-05-19 00:00:00;35.19302285804559;41.91;-6.716977141954409
2018-05-19 01:00:00;33.47051011031204;35.18;-1.7094898896879585
2018-05-19 02:00:00;33.47101389454334;34.14;-0.6689861054566606
2018-05-19 03:00:00;32.9426480886122;34.64;-1.6973519113877984
2018-05-19 04:00:00;33.37131288235003;34.55;-1.1786871176499645
2018-05-19 05:00:00;34.531546526424535;34.91;-0.3784534735754619
2018-05-19 06:00:00;37.64850765712855;39.88;-2.231492342871455
2018-05-19 07:00:00;37.64864141190588;47.01;-9.36135858809412
2018-05-19 08:00:00;35.19407367980366;47.03;-11.835926320196343
2018-05-19 09:00:00;30.36880528507044;42.97;-12.601194714929559
2018-05-19 10:00:00;27.99537097170774;33.86;-5.86462902829226
2018-05-19 11:00:00;26.817920577807644;32.53;-5.712079422192357
2018-05-19 12:00:00;26.81804416256588;27.72;-0.9019558374341194
2018-05-19 13:00:00;26.818167747324114;28.01;-1.191832252675887
2018-05-19 14:00:00;26.81829133208235;27.03;-0.21170866791765164
2018-05-19 15:00:00;27.40645358559221;27.06;0.3464535855922115
2018-05-19 16:00:00;31.566008661267027;29.73;1.8360086612670266
2018-05-19 17:00:00;34.00788203207239;35.89;-1.8821179679276128
2018-05-19 18:00:00;33.97880610428428;42.96;-8.98119389571572
2018-05-19 19:00:00;34.0088920404025;43.59;-9.581107959597503
2018-05-19 20:00:00;33.97906647179701;42.66;-8.680933528202985
2018-05-19 21:00:00;33.97919665555337;41.03;-7.050803344446628
2018-05-19 22:00:00;28.58793211526928;37.58;-8.99206788473072
2018-05-19 23:00:00;22.74360504447929;30.7;-7.956394955520711
2018-05-20 00:00:00;15.9086389938132;29.94;-14.0313610061868
2018-05-20 01:00:00;11.447774461764162;24.84;-13.392225538235838
2018-05-20 02:00:00;7.921657440026838;22.7;-14.778342559973161
2018-05-20 03:00:00;2.0446617766911146;19.71;-17.665338223308886
2018-05-20 04:00:00;2.0446617766911146;18.01;-15.965338223308887
2018-05-20 05:00:00;2.0446617766911146;17.06;-15.015338223308884
2018-05-20 06:00:00;2.0446617766911146;17.42;-15.375338223308887
2018-05-20 07:00:00;2.0446617766911146;22.04;-19.995338223308885
2018-05-20 08:00:00;3.9980801930777226;22.99;-18.991919806922276
2018-05-20 09:00:00;0.0;21.46;-21.46
2018-05-20 10:00:00;0.0;18.51;-18.51
2018-05-20 11:00:00;0.0;16.19;-16.19
2018-05-20 12:00:00;0.0;16.58;-16.58
2018-05-20 13:00:00;0.0;9.31;-9.31
2018-05-20 14:00:00;0.0;0.0;0.0
2018-05-20 15:00:00;0.0;-4.9;4.9
2018-05-20 16:00:00;0.0;1.0;-1.0
2018-05-20 17:00:00;0.0;9.2;-9.2
2018-05-20 18:00:00;0.0;16.47;-16.47
2018-05-20 19:00:00;3.9980801930777226;23.02;-19.021919806922277
2018-05-20 20:00:00;0.0;23.06;-23.06
2018-05-20 21:00:00;0.0;22.37;-22.37
2018-05-20 22:00:00;0.0;18.04;-18.04
2018-05-20 23:00:00;0.0;15.27;-15.27
2018-05-21 00:00:00;0.0;3.91;-3.91
2018-05-21 01:00:00;0.0;-0.09;0.09
2018-05-21 02:00:00;0.0;-9.21;9.21
2018-05-21 03:00:00;0.0;-0.34;0.34
2018-05-21 04:00:00;0.0;-2.71;2.71
2018-05-21 05:00:00;0.0;-1.96;1.96
2018-05-21 06:00:00;0.0;13.53;-13.53
2018-05-21 07:00:00;0.0;20.17;-20.17
2018-05-21 08:00:00;0.0;20.04;-20.04
2018-05-21 09:00:00;0.0;14.16;-14.16
2018-05-21 10:00:00;0.0;1.34;-1.34
2018-05-21 11:00:00;0.0;-0.09;0.09
2018-05-21 12:00:00;0.0;-3.98;3.98
2018-05-21 13:00:00;0.0;-44.41;44.41
2018-05-21 14:00:00;0.0;-42.11;42.11
2018-05-21 15:00:00;0.0;-15.87;15.87
2018-05-21 16:00:00;0.0;0.0;0.0
2018-05-21 17:00:00;16.47612314350535;12.34;4.136123143505351
2018-05-21 18:00:00;25.65301782439182;21.01;4.643017824391819
2018-05-21 19:00:00;25.88931788931789;29.97;-4.080682110682108
2018-05-21 20:00:00;25.88931788931789;32.25;-6.360682110682109
2018-05-21 21:00:00;25.88931788931789;30.67;-4.780682110682111
2018-05-21 22:00:00;23.865077921290407;32.22;-8.354922078709592
2018-05-21 23:00:00;21.02325579170185;25.06;-4.036744208298149
2018-05-22 00:00:00;20.38651235240757;24.59;-4.2034876475924285
2018-05-22 01:00:00;20.38662997489673;22.91;-2.5233700251032687
2018-05-22 02:00:00;20.61047568145377;23.4;-2.7895243185462277
2018-05-22 03:00:00;24.653071372263668;24.07;0.5830713722636673
2018-05-22 04:00:00;35.157790629019104;27.71;7.447790629019103
2018-05-22 05:00:00;46.57533501041769;32.1;14.475335010417687
2018-05-22 06:00:00;52.38848565033805;47.06;5.328485650338045
2018-05-22 07:00:00;52.38863436241795;54.8;-2.411365637582044
2018-05-22 08:00:00;52.01266236030668;59.37;-7.35733763969332
2018-05-22 09:00:00;52.38893178657776;49.57;2.818931786577757
2018-05-22 10:00:00;51.0557855784745;44.97;6.0857855784745
2018-05-22 11:00:00;50.92286645928522;43.05;7.87286645928522
2018-05-22 12:00:00;50.92341244972137;41.05;9.873412449721371
2018-05-22 13:00:00;52.38952663489739;41.09;11.29952663489739
2018-05-22 14:00:00;52.01595554652751;42.4;9.615955546527509
2018-05-22 15:00:00;52.01650441089765;47.4;4.6165044108976545
2018-05-22 16:00:00;52.38997277113712;49.88;2.5099727711371145
2018-05-22 17:00:00;52.01760213963793;56.22;-4.202397860362069
2018-05-22 18:00:00;52.01815100400806;57.05;-5.031848995991936
2018-05-22 19:00:00;52.390418907376834;59.66;-7.269581092623163
2018-05-22 20:00:00;52.39056761945674;50.7;1.6905676194567363
2018-05-22 21:00:00;51.47378751834191;47.36;4.113787518341908
2018-05-22 22:00:00;45.179118405728914;41.94;3.2391184057289166
2018-05-22 23:00:00;41.36194704569088;37.84;3.5219470456908795
2018-05-23 00:00:00;41.30130999371795;37.91;3.391309993717954
2018-05-23 01:00:00;41.30144687750098;37.0;4.301446877500979
2018-05-23 02:00:00;41.17807340165752;36.04;5.138073401657522
2018-05-23 03:00:00;41.30172064506704;34.53;6.771720645067042
2018-05-23 04:00:00;41.715340489670886;35.24;6.475340489670884
2018-05-23 05:00:00;51.999207833228425;37.83;14.169207833228427
2018-05-23 06:00:00;52.326029253594655;46.37;5.956029253594657
2018-05-23 07:00:00;52.0003055619687;56.35;-4.3496944380313
2018-05-23 08:00:00;52.32632667775447;65.99;-13.663673322245522
2018-05-23 09:00:00;52.00140329070899;51.21;0.7914032907089918
2018-05-23 10:00:00;52.00195215507912;47.14;4.861952155079116
2018-05-23 11:00:00;50.36624875162199;43.05;7.316248751621991
2018-05-23 12:00:00;46.56757340124568;40.91;5.657573401245685
2018-05-23 13:00:00;47.056071116139854;41.34;5.716071116139851
2018-05-23 14:00:00;47.10982465186107;37.93;9.179824651861068
2018-05-23 15:00:00;47.11036081627414;36.99;10.120360816274136
2018-05-23 16:00:00;49.67231136287225;36.38;13.292311362872248
2018-05-23 17:00:00;50.99498823378458;40.44;10.554988233784584
2018-05-23 18:00:00;52.006343070040245;43.93;8.076343070040245
2018-05-23 19:00:00;52.006891934410376;46.85;5.156891934410375
2018-05-23 20:00:00;48.739720947915686;45.21;3.529720947915685
2018-05-23 21:00:00;47.70760447141699;41.92;5.787604471416991
2018-05-23 22:00:00;40.65272821213074;40.06;0.5927282121307371
2018-05-23 23:00:00;40.117944156816925;35.37;4.747944156816928
2018-05-24 00:00:00;40.79580245380134;35.64;5.155802453801343
2018-05-24 01:00:00;40.41073497491129;33.93;6.480734974911293
2018-05-24 02:00:00;40.41087058968722;32.22;8.190870589687222
2018-05-24 03:00:00;40.411006204463135;31.03;9.381006204463134
2018-05-24 04:00:00;40.41114181923906;31.56;8.851141819239064
2018-05-24 05:00:00;46.141482215350045;32.08;14.061482215350047
2018-05-24 06:00:00;51.07059342988339;40.83;10.24059342988339
2018-05-24 07:00:00;51.07113942031954;46.51;4.561139420319542
2018-05-24 08:00:00;51.07168541075568;50.0;1.071685410755677
2018-05-24 09:00:00;51.07223140119183;47.7;3.3722314011918257
2018-05-24 10:00:00;51.07277739162798;43.98;7.092777391627983
2018-05-24 11:00:00;49.40384658193784;42.97;6.433846581937843
2018-05-24 12:00:00;48.0923001772887;38.92;9.172300177288697
2018-05-24 13:00:00;46.142614364681606;35.95;10.192614364681603
2018-05-24 14:00:00;47.26910856218958;34.47;12.79910856218958
2018-05-24 15:00:00;47.811753891227895;34.9;12.911753891227896
2018-05-24 16:00:00;51.07605333424486;34.91;16.166053334244864
2018-05-24 17:00:00;51.076599324681;40.09;10.986599324680995
2018-05-24 18:00:00;51.07714531511715;42.69;8.387145315117152
2018-05-24 19:00:00;51.0776913055533;43.98;7.097691305553305
2018-05-24 20:00:00;51.07823729598944;43.74;7.338237295989437
2018-05-24 21:00:00;51.07878328642559;41.97;9.108783286425592
2018-05-24 22:00:00;44.57049042537463;39.86;4.71049042537463
2018-05-24 23:00:00;39.16304382607995;34.89;4.273043826079949
2018-05-25 00:00:00;38.87341342009563;35.97;2.9034134200956316
2018-05-25 01:00:00;39.08900970294764;34.17;4.9190097029476405
2018-05-25 02:00:00;39.089525958310624;33.4;5.689525958310625
2018-05-25 03:00:00;38.87381652734113;31.63;7.243816527341128
2018-05-25 04:00:00;38.87395089642296;33.01;5.863950896422963
2018-05-25 05:00:00;46.61731700866478;35.89;10.727317008664777
2018-05-25 06:00:00;49.32959490864119;43.4;5.929594908641192
2018-05-25 07:00:00;49.33013664416784;47.37;1.9601366441678394
2018-05-25 08:00:00;49.0941453919311;48.01;1.0841453919311022
2018-05-25 09:00:00;49.09429041815936;44.99;4.1042904181593585
2018-05-25 10:00:00;43.92102865313902;43.43;0.49102865313901845
2018-05-25 11:00:00;43.383257209762135;42.94;0.44325720976213745
2018-05-25 12:00:00;42.64309661104348;40.35;2.293096611043481
2018-05-25 13:00:00;42.010139766881984;33.92;8.090139766881983
2018-05-25 14:00:00;43.92314073043997;34.43;9.493140730439968
2018-05-25 15:00:00;44.46246663338139;36.33;8.13246663338139
2018-05-25 16:00:00;45.00229207496827;40.09;4.9122920749682635
2018-05-25 17:00:00;48.439922866486455;41.87;6.569922866486458
2018-05-25 18:00:00;49.0955956542136;44.06;5.035595654213594
2018-05-25 19:00:00;49.33663747048772;47.02;2.31663747048772
2018-05-25 20:00:00;47.787218870542056;46.02;1.7672188705420524
2018-05-25 21:00:00;45.19805061620696;45.18;0.018050616206963355
2018-05-25 22:00:00;38.56581183338021;44.63;-6.064188166619793
2018-05-25 23:00:00;35.37157444367975;40.59;-5.2184255563202555
2018-05-26 00:00:00;30.345663564061727;41.46;-11.114336435938274
2018-05-26 01:00:00;29.154129791294736;38.66;-9.505870208705261
2018-05-26 02:00:00;28.56077685288452;36.0;-7.439223147115481
2018-05-26 03:00:00;28.560901490621276;34.97;-6.4090985093787225
2018-05-26 04:00:00;28.561026128358023;34.27;-5.70897387164198
2018-05-26 05:00:00;29.15463047522899;33.81;-4.655369524771011
2018-05-26 06:00:00;34.313728714564405;37.33;-3.016271285435593
2018-05-26 07:00:00;35.790860838638146;39.62;-3.8291391613618515
2018-05-26 08:00:00;35.79099219135791;42.62;-6.829007808642089
2018-05-26 09:00:00;33.35438560784285;40.47;-7.115614392157148
2018-05-26 10:00:00;30.34692607690074;34.58;-4.2330739230992585
2018-05-26 11:00:00;28.561898592515288;33.02;-4.458101407484715
2018-05-26 12:00:00;28.56202323025204;30.87;-2.3079767697479596
2018-05-26 13:00:00;28.562147867988795;29.03;-0.4678521320112061
2018-05-26 14:00:00;27.97032973554253;29.94;-1.96967026445747
2018-05-26 15:00:00;28.56239714346229;29.06;-0.4976028565377071
2018-05-26 16:00:00;33.259082354489564;30.41;2.849082354489564
2018-05-26 17:00:00;35.792174365835734;35.08;0.712174365835736
2018-05-26 18:00:00;35.79230571855549;44.06;-8.267694281444513
2018-05-26 19:00:00;35.792437071275245;43.94;-8.147562928724753
2018-05-26 20:00:00;35.79256842399501;44.55;-8.75743157600499
2018-05-26 21:00:00;35.79269977671476;43.02;-7.227300223285241
2018-05-26 22:00:00;34.57093312062391;43.92;-9.349066879376089
2018-05-26 23:00:00;28.56339424535632;39.12;-10.556605754643677
2018-05-27 00:00:00;27.3811450134862;38.82;-11.4388549865138
2018-05-27 01:00:00;23.86962424855407;34.15;-10.280375751445927
2018-05-27 02:00:00;22.639537953795383;31.66;-9.020462046204617
2018-05-27 03:00:00;22.133104539547304;31.06;-8.926895460452695
2018-05-27 04:00:00;22.133223598011675;31.96;-9.826776401988326
2018-05-27 05:00:00;22.133342656476053;27.54;-5.406657343523946
2018-05-27 06:00:00;22.133461714940424;25.65;-3.5165382850595748
2018-05-27 07:00:00;22.133580773404795;26.45;-4.316419226595205
2018-05-27 08:00:00;22.133699831869173;27.09;-4.956300168130827
2018-05-27 09:00:00;22.639537953795383;29.01;-6.370462046204619
2018-05-27 10:00:00;22.133937948797914;26.22;-4.086062051202084
2018-05-27 11:00:00;22.13405700726229;26.37;-4.235942992737712
2018-05-27 12:00:00;22.134176065726663;28.7;-6.565823934273336
2018-05-27 13:00:00;22.134295124191038;26.24;-4.105704875808961
2018-05-27 14:00:00;22.13441418265541;23.79;-1.6555858173445905
2018-05-27 15:00:00;22.134533241119783;26.21;-4.075466758880218
2018-05-27 16:00:00;29.159011459653712;27.56;1.5990114596537133
2018-05-27 17:00:00;33.801310957679696;32.0;1.8013109576796964
2018-05-27 18:00:00;33.801814741910995;44.97;-11.168185258089004
2018-05-27 19:00:00;33.8023185261423;46.22;-12.417681473857698
2018-05-27 20:00:00;33.8028223103736;46.8;-12.997177689626398
2018-05-27 21:00:00;33.8033260946049;46.93;-13.126673905395101
2018-05-27 22:00:00;33.8038298788362;46.14;-12.336170121163804
2018-05-27 23:00:00;29.15988765653865;37.69;-8.530112343461347
2018-05-28 00:00:00;26.79517579494891;32.06;-5.264824205051092
2018-05-28 01:00:00;26.795298859861745;29.36;-2.5647011401382542
2018-05-28 02:00:00;26.795421924774573;27.6;-0.8045780752254288
2018-05-28 03:00:00;26.795544989687407;27.56;-0.7644550103125916
2018-05-28 04:00:00;36.99403011152838;28.51;8.48403011152838
2018-05-28 05:00:00;46.655821852134224;32.86;13.795821852134225
2018-05-28 06:00:00;51.0857330353634;47.63;3.4557330353633944
2018-05-28 07:00:00;51.54851189124364;50.5;1.048511891243642
2018-05-28 08:00:00;51.54905931487482;51.27;0.2790593148748144
2018-05-28 09:00:00;51.549606738506;50.91;0.6396067385060036
2018-05-28 10:00:00;49.91480363858005;49.93;-0.015196361419953064
2018-05-28 11:00:00;48.44944738422497;48.3;0.1494473842249704
2018-05-28 12:00:00;49.10516738527805;45.95;3.155167385278048
2018-05-28 13:00:00;48.44973600597462;47.01;1.4397360059746234
2018-05-28 14:00:00;49.37293375077364;47.35;2.022933750773639
2018-05-28 15:00:00;51.08705797471234;48.81;2.277057974712335
2018-05-28 16:00:00;51.08720519019556;49.95;1.1372051901955587
2018-05-28 17:00:00;51.55398612755547;52.01;-0.4560138724445295
2018-05-28 18:00:00;51.087499621162;51.46;-0.3725003788379979
2018-05-28 19:00:00;51.55508097481784;53.34;-1.7849190251821625
2018-05-28 20:00:00;51.08779405212843;49.98;1.1077940521284333
2018-05-28 21:00:00;48.29021633793327;47.07;1.220216337933273
2018-05-28 22:00:00;40.76116999793536;44.22;-3.458830002064637
2018-05-28 23:00:00;40.74271658702774;37.51;3.2327165870277454
2018-05-29 00:00:00;40.86498013845627;35.29;5.574980138456269
2018-05-29 01:00:00;40.86550025646107;33.9;6.96550025646107
2018-05-29 02:00:00;40.86602037446586;34.99;5.87602037446586
2018-05-29 03:00:00;40.44448298312911;34.37;6.074482983129116
2018-05-29 04:00:00;40.44461859790504;33.06;7.384618597905039
2018-05-29 05:00:00;48.42067586279664;37.09;11.330675862796639
2018-05-29 06:00:00;52.23581457682033;42.46;9.77581457682033
2018-05-29 07:00:00;52.23636344119046;52.69;-0.453636558809535
2018-05-29 08:00:00;52.23691230556061;58.15;-5.91308769443939
2018-05-29 09:00:00;52.093080236545866;51.83;0.26308023654586776
2018-05-29 10:00:00;50.05497282689089;49.05;1.0049728268908922
2018-05-29 11:00:00;45.1748083078073;45.72;-0.5451916921927022
2018-05-29 12:00:00;42.33722573952473;38.95;3.3872257395247303
2018-05-29 13:00:00;41.40806281859703;37.54;3.868062818597032
2018-05-29 14:00:00;41.40858423702585;38.14;3.2685842370258484
2018-05-29 15:00:00;41.9459063785222;40.49;1.4559063785222008
2018-05-29 16:00:00;44.248079123442295;41.3;2.948079123442298
2018-05-29 17:00:00;50.05877485198532;44.66;5.398774851985323
2018-05-29 18:00:00;52.09441187652055;49.07;3.0244118765205528
2018-05-29 19:00:00;52.24294981363214;50.01;2.232949813632139
2018-05-29 20:00:00;50.762789617140456;50.35;0.41278961714045437
2018-05-29 21:00:00;48.429298831960594;47.92;0.5092988319605922
2018-05-29 22:00:00;41.7060402978808;44.65;-2.9439597021192014
2018-05-29 23:00:00;41.41327700288524;38.17;3.243277002885236
2018-05-30 00:00:00;41.41379842131406;37.88;3.53379842131406
2018-05-30 01:00:00;41.41431983974288;36.22;5.194319839742882
2018-05-30 02:00:00;41.076081032932336;35.0;6.076081032932336
2018-05-30 03:00:00;41.076217279256966;33.4;7.676217279256967
2018-05-30 04:00:00;41.41588409502935;33.97;7.445884095029349
2018-05-30 05:00:00;51.42879457566133;37.81;13.618794575661326
2018-05-30 06:00:00;53.892178770983165;43.96;9.932178770983164
2018-05-30 07:00:00;53.89273200343406;53.0;0.8927320034340624
2018-05-30 08:00:00;53.89328523588497;56.89;-2.9967147641150333
2018-05-30 09:00:00;53.893838468335865;53.15;0.7438384683358663
2018-05-30 10:00:00;53.89439170078676;49.91;3.984391700786766
2018-05-30 11:00:00;53.439257451708364;47.97;5.469257451708366
2018-05-30 12:00:00;53.34719506317025;43.94;9.40719506317025
2018-05-30 13:00:00;52.7670712123056;43.93;8.837071212305602
2018-05-30 14:00:00;52.097371076464285;44.74;7.357371076464283
2018-05-30 15:00:00;53.89715786304127;44.98;8.917157863041275
2018-05-30 16:00:00;53.89771109549217;46.68;7.21771109549217
2018-05-30 17:00:00;54.11532024949076;49.93;4.185320249490758
2018-05-30 18:00:00;53.89881756039397;55.83;-1.931182439606026
2018-05-30 19:00:00;54.11562072832676;59.25;-5.1343792716732395
2018-05-30 20:00:00;53.899924025295775;58.91;-5.010075974704222
2018-05-30 21:00:00;54.11592120716276;55.32;-1.2040787928372367
2018-05-30 22:00:00;48.78747194152165;51.25;-2.462528058478348
2018-05-30 23:00:00;41.962633590423245;46.3;-4.337366409576752
2018-05-31 00:00:00;36.333944600308456;42.88;-6.5460553996915465
2018-05-31 01:00:00;36.33445454386879;38.71;-2.3755454561312135
2018-05-31 02:00:00;36.33496448742912;38.65;-2.31503551257088
2018-05-31 03:00:00;36.623408430305126;38.15;-1.5265915696948724
2018-05-31 04:00:00;36.33598437454979;37.91;-1.5740156254502082
2018-05-31 05:00:00;40.60509661934903;38.37;2.2350966193490294
2018-05-31 06:00:00;44.90432693754048;41.12;3.7843269375404844
2018-05-31 07:00:00;45.44440580479354;49.98;-4.535594195206457
2018-05-31 08:00:00;43.28972110751084;49.27;-5.98027889248916
2018-05-31 09:00:00;37.93586094592048;44.18;-6.244139054079518
2018-05-31 10:00:00;36.624336230369856;37.8;-1.175663769630141
2018-05-31 11:00:00;36.33955397947212;36.91;-0.570446020527875
2018-05-31 12:00:00;36.34006392303245;33.67;2.670063923032451
2018-05-31 13:00:00;36.62473385896902;35.88;0.7447338589690204
2018-05-31 14:00:00;36.62486640183542;38.05;-1.425133598164578
2018-05-31 15:00:00;37.24051966483135;39.14;-1.8994803351686471
2018-05-31 16:00:00;42.21924888241509;38.06;4.159248882415085
2018-05-31 17:00:00;46.066075488198976;44.15;1.9160754881989774
2018-05-31 18:00:00;46.06621769473855;48.49;-2.4237823052614544
2018-05-31 19:00:00;46.06635990127812;50.82;-4.753640098721881
2018-05-31 20:00:00;46.06650210781769;49.94;-3.873497892182307
2018-05-31 21:00:00;44.91228753830808;48.99;-4.077712461691924
2018-05-31 22:00:00;39.00971611140107;49.77;-10.760283888598934
2018-05-31 23:00:00;36.62605928763293;43.05;-6.42394071236707
2018-06-01 00:00:00;36.71201005663431;42.34;-5.627989943365691
2018-06-01 01:00:00;36.20736520889764;38.89;-2.682634791102359
2018-06-01 02:00:00;36.71320432328973;38.82;-2.10679567671027
2018-06-01 03:00:00;36.21037835006024;38.45;-2.239621649939764
2018-06-01 04:00:00;36.71439858994516;38.62;-1.9056014100548353
2018-06-01 05:00:00;41.51992823056395;40.19;1.3299282305639508
2018-06-01 06:00:00;46.3639975497678;49.0;-2.6360024502321977
2018-06-01 07:00:00;46.90527938912643;63.57;-16.664720610873573
2018-06-01 08:00:00;46.36524694203175;63.07;-16.704753057968247
2018-06-01 09:00:00;46.90653199352335;63.03;-16.12346800647665
2018-06-01 10:00:00;46.36649633429569;58.83;-12.463503665704309
2018-06-01 11:00:00;44.74816840866637;60.3;-15.551831591333624
2018-06-01 12:00:00;41.81586355424574;56.02;-14.204136445754266
2018-06-01 13:00:00;38.850755847765605;49.97;-11.119244152234394
2018-06-01 14:00:00;41.525423665126006;48.07;-6.5445763348739945
2018-06-01 15:00:00;42.06226050358713;49.08;-7.017739496412865
2018-06-01 16:00:00;46.91091610891259;49.89;-2.979083891087413
2018-06-01 17:00:00;46.91154241111105;56.91;-9.998457588888947
2018-06-01 18:00:00;46.91216871330951;56.29;-9.377831286690487
2018-06-01 19:00:00;46.37211859948344;55.27;-8.89788140051656
2018-06-01 20:00:00;46.37274329561541;54.49;-8.117256704384594
2018-06-01 21:00:00;46.37336799174738;56.06;-9.686632008252623
2018-06-01 22:00:00;45.0095322364158;55.14;-10.1304677635842
2018-06-01 23:00:00;38.70677803443684;48.85;-10.143221965563164
2018-06-02 00:00:00;34.60240728421903;38.43;-3.8275927157809733
2018-06-02 01:00:00;31.996707405177883;37.09;-5.09329259482212
2018-06-02 02:00:00;23.517433751743383;37.67;-14.152566248256619
2018-06-02 03:00:00;23.517433751743383;37.17;-13.652566248256619
2018-06-02 04:00:00;23.517433751743383;36.01;-12.492566248256615
2018-06-02 05:00:00;23.517433751743383;33.29;-9.772566248256616
2018-06-02 06:00:00;25.49176974531797;34.96;-9.46823025468203
2018-06-02 07:00:00;30.210635199032268;38.0;-7.789364800967732
2018-06-02 08:00:00;30.212076474828017;43.81;-13.597923525171986
2018-06-02 09:00:00;29.61844682619528;45.71;-16.09155317380472
2018-06-02 10:00:00;29.02638003642192;43.38;-14.353619963578083
2018-06-02 11:00:00;25.537966537966547;39.59;-14.052033462033457
2018-06-02 12:00:00;23.517433751743383;37.04;-13.522566248256616
2018-06-02 13:00:00;23.517433751743383;34.9;-11.382566248256616
2018-06-02 14:00:00;23.517433751743383;33.08;-9.562566248256616
2018-06-02 15:00:00;23.517433751743383;34.04;-10.522566248256616
2018-06-02 16:00:00;23.76078022516623;34.37;-10.609219774833768
2018-06-02 17:00:00;29.629927276278035;38.3;-8.670072723721962
2018-06-02 18:00:00;29.631362332538377;45.91;-16.27863766746162
2018-06-02 19:00:00;30.22793050858131;51.05;-20.822069491418688
2018-06-02 20:00:00;29.634232445059077;51.04;-21.405767554940923
2018-06-02 21:00:00;30.23081306017281;50.91;-20.679186939827186
2018-06-02 22:00:00;27.27205427945018;47.0;-19.72794572054982
2018-06-02 23:00:00;23.517433751743383;42.64;-19.122566248256618
2018-06-03 00:00:00;17.499265267736448;39.36;-21.860734732263552
2018-06-03 01:00:00;16.913408933778797;35.5;-18.586591066221203
2018-06-03 02:00:00;16.914719563363192;33.98;-17.065280436636804
2018-06-03 03:00:00;16.916030192947595;33.09;-16.17396980705241
2018-06-03 04:00:00;16.917340822531997;30.97;-14.052659177468001
2018-06-03 05:00:00;16.355144164089122;28.89;-12.534855835910879
2018-06-03 06:00:00;16.356449648576056;29.01;-12.653550351423945
2018-06-03 07:00:00;16.921272711285198;29.9;-12.9787272887148
2018-06-03 08:00:00;16.359060617549925;27.61;-11.250939382450074
2018-06-03 09:00:00;16.36036610203686;26.37;-10.009633897963141
2018-06-03 10:00:00;16.361671586523794;25.06;-8.698328413476204
2018-06-03 11:00:00;16.36297707101073;24.83;-8.46702292898927
2018-06-03 12:00:00;16.36428255549767;23.1;-6.735717444502331
2018-06-03 13:00:00;16.365588039984598;23.2;-6.834411960015402
2018-06-03 14:00:00;16.36689352447154;20.62;-4.253106475528462
2018-06-03 15:00:00;16.368199008958467;21.35;-4.981800991041535
2018-06-03 16:00:00;19.4983075004454;24.35;-4.851692499554602
2018-06-03 17:00:00;32.656905228259724;32.5;0.15690522825972408
2018-06-03 18:00:00;32.65837193081746;39.77;-7.111628069182544
2018-06-03 19:00:00;32.51056510613753;44.5;-11.989434893862473
2018-06-03 20:00:00;32.0594986767148;47.32;-15.260501323285197
2018-06-03 21:00:00;32.51173640393549;48.98;-16.46826359606451
2018-06-03 22:00:00;32.66423874104843;48.91;-16.245761258951568
2018-06-03 23:00:00;25.54888186116133;40.57;-15.02111813883867
2018-06-04 00:00:00;25.261167020217584;35.57;-10.308832979782416
2018-06-04 01:00:00;25.8470349654324;33.1;-7.252965034567602
2018-06-04 02:00:00;25.8484279438676;32.4;-6.5515720561324
2018-06-04 03:00:00;25.84982092230281;31.44;-5.59017907769719
2018-06-04 04:00:00;33.16870019207191;30.85;2.3187001920719084
2018-06-04 05:00:00;44.38111900602081;35.66;8.721119006020814
2018-06-04 06:00:00;48.16598972012863;45.81;2.355989720128626
2018-06-04 07:00:00;48.68647386048188;60.45;-11.76352613951812
2018-06-04 08:00:00;48.167248798597136;63.47;-15.302751201402863
2018-06-04 09:00:00;48.16787833783139;58.13;-9.962121662168613
2018-06-04 10:00:00;48.16850787706564;51.98;-3.8114921229343537
2018-06-04 11:00:00;47.38835524196008;50.08;-2.6916447580399208
2018-06-04 12:00:00;47.08597624525943;47.93;-0.8440237547405687
2018-06-04 13:00:00;46.74277305394422;45.94;0.8027730539442217
2018-06-04 14:00:00;45.453568940608335;45.19;0.26356894060833724
2018-06-04 15:00:00;44.81312984636644;46.16;-1.34687015363356
2018-06-04 16:00:00;44.81473069832786;45.88;-1.0652693016721457
2018-06-04 17:00:00;48.172914651705405;47.46;0.7129146517054039
2018-06-04 18:00:00;48.17354419093966;52.95;-4.776455809060344
2018-06-04 19:00:00;48.17417373017391;59.4;-11.225826269826086
2018-06-04 20:00:00;48.707903902809534;55.98;-7.272096097190463
2018-06-04 21:00:00;48.17543280864241;52.93;-4.754567191357587
2018-06-04 22:00:00;42.24009511880982;50.93;-8.68990488119018
2018-06-04 23:00:00;37.96049243793488;44.49;-6.52950756206512
2018-06-05 00:00:00;38.318484352940345;43.8;-5.481515647059652
2018-06-05 01:00:00;38.19078800688695;41.01;-2.8192119931130506
2018-06-05 02:00:00;38.31968450325782;39.44;-1.1203154967421796
2018-06-05 03:00:00;38.19381486074592;39.35;-1.1561851392540845
2018-06-05 04:00:00;38.32088465357528;39.05;-0.7291153464247202
2018-06-05 05:00:00;46.92753112506489;41.63;5.297531125064886
2018-06-05 06:00:00;51.27980101259857;50.26;1.0198010125985704
2018-06-05 07:00:00;51.03480395718289;63.14;-12.105196042817113
2018-06-05 08:00:00;51.03646892860593;64.74;-13.703531071394067
2018-06-05 09:00:00;51.28171435299655;63.02;-11.738285647003451
2018-06-05 10:00:00;51.039798871452;56.9;-5.860201128547999
2018-06-05 11:00:00;51.04146384287504;55.09;-4.048536157124964
2018-06-05 12:00:00;51.28362769339451;49.91;1.3736276933945106
2018-06-05 13:00:00;50.3812288084486;47.93;2.4512288084485974
2018-06-05 14:00:00;49.64899174871125;46.44;3.208991748711256
2018-06-05 15:00:00;48.5617045234731;47.82;0.7417045234730963
2018-06-05 16:00:00;50.74032784578122;47.93;2.8103278457812237
2018-06-05 17:00:00;51.28681659405781;53.63;-2.3431834059421917
2018-06-05 18:00:00;51.05311864283628;59.46;-8.40688135716372
2018-06-05 19:00:00;51.28809215432312;65.6;-14.311907845676878
2018-06-05 20:00:00;51.28872993445579;60.04;-8.751270065544212
2018-06-05 21:00:00;51.05811355710539;52.89;-1.8318864428946071
2018-06-05 22:00:00;43.15747128982675;50.23;-7.072528710173245
2018-06-05 23:00:00;39.40139262080852;44.93;-5.528607379191477
2018-06-06 00:00:00;39.18381358083611;44.99;-5.806186419163893
2018-06-06 01:00:00;39.184416626955766;41.16;-1.9755833730442305
2018-06-06 02:00:00;39.18501967307542;40.05;-0.8649803269245737
2018-06-06 03:00:00;38.65137168439147;39.21;-0.5586283156085301
2018-06-06 04:00:00;39.54669523395029;38.25;1.2966952339502882
2018-06-06 05:00:00;41.42986403352449;40.03;1.3998640335244872
2018-06-06 06:00:00;49.80851557197151;46.84;2.9685155719715084
2018-06-06 07:00:00;49.43079889345006;59.07;-9.63920110654994
2018-06-06 08:00:00;47.80203368079493;65.0;-17.197966319205072
2018-06-06 09:00:00;45.89972899087221;57.93;-12.030271009127787
2018-06-06 10:00:00;45.09798843348589;50.97;-5.872011566514111
2018-06-06 11:00:00;43.48147718234897;49.99;-6.508522817651034
2018-06-06 12:00:00;44.02064211598429;47.83;-3.8093578840157107
2018-06-06 13:00:00;44.560304503087394;47.14;-2.5796954969126062
2018-06-06 14:00:00;43.48332287262042;47.16;-3.676677127379577
2018-06-06 15:00:00;45.2651464061955;47.51;-2.2448535938045
2018-06-06 16:00:00;49.82508234190142;49.94;-0.11491765809857668
2018-06-06 17:00:00;49.826739018894415;52.19;-2.363260981105583
2018-06-06 18:00:00;49.82839569588741;61.25;-11.421604304112591
2018-06-06 19:00:00;49.8300523728804;63.31;-13.4799476271196
2018-06-06 20:00:00;49.83170904987338;59.45;-9.618290950126621
2018-06-06 21:00:00;48.35282340554815;50.93;-2.577176594451849
2018-06-06 22:00:00;39.57431399462117;47.43;-7.855686005378828
2018-06-06 23:00:00;39.575848370214;44.96;-5.384151629786004
2018-06-07 00:00:00;39.34597917675482;39.71;-0.36402082324518403
2018-06-07 01:00:00;39.34658222287448;39.24;0.10658222287447927
2018-06-07 02:00:00;39.34718526899414;39.21;0.13718526899413774
2018-06-07 03:00:00;39.33356705928461;37.64;1.6935670592846108
2018-06-07 04:00:00;39.3350943878481;38.25;1.0850943878481019
2018-06-07 05:00:00;48.512040657543885;39.99;8.522040657543883
2018-06-07 06:00:00;53.59535299453525;46.98;6.61535299453525
2018-06-07 07:00:00;53.59705199120049;57.0;-3.4029480087995125
2018-06-07 08:00:00;53.425564197779394;60.95;-7.524435802220609
2018-06-07 09:00:00;53.60044998453098;57.97;-4.369550015469017
2018-06-07 10:00:00;52.92883733772795;51.86;1.068837337727949
2018-06-07 11:00:00;51.785330527563865;48.91;2.875330527563868
2018-06-07 12:00:00;51.78596998183449;47.7;4.085969981834488
2018-06-07 13:00:00;52.33344281643028;46.64;5.693442816430277
2018-06-07 14:00:00;53.60894496785719;47.03;6.57894496785719
2018-06-07 15:00:00;53.61064396452242;48.63;4.9806439645224145
2018-06-07 16:00:00;53.61234296118767;54.23;-0.6176570388123253
2018-06-07 17:00:00;53.614041957852905;57.94;-4.325958042147093
2018-06-07 18:00:00;53.61574095451815;59.01;-5.394259045481846
2018-06-07 19:00:00;53.6174399511834;62.64;-9.022560048816601
2018-06-07 20:00:00;53.61913894784863;58.35;-4.7308610521513685
2018-06-07 21:00:00;53.62083794451388;52.97;0.6508379445138814
2018-06-07 22:00:00;48.30713427388927;50.97;-2.6628657261107307
2018-06-07 23:00:00;42.57780515698951;46.82;-4.242194843010488
2018-06-08 00:00:00;42.45575610616376;43.02;-0.5642438938362417
2018-06-08 01:00:00;42.45636824433748;43.24;-0.783631755662519
2018-06-08 02:00:00;42.20125412147853;42.53;-0.32874587852147386
2018-06-08 03:00:00;42.4575925206849;42.09;0.36759252068489445
2018-06-08 04:00:00;42.99590722160995;42.53;0.465907221609946
2018-06-08 05:00:00;53.30994744396996;41.97;11.339947443969962
2018-06-08 06:00:00;53.310591973807306;48.93;4.380591973807306
2018-06-08 07:00:00;53.311236503644665;57.09;-3.7787634963553387
2018-06-08 08:00:00;53.31188103348202;63.52;-10.208118966517986
2018-06-08 09:00:00;53.31252556331938;56.91;-3.5974744366806135
2018-06-08 10:00:00;53.31317009315674;54.13;-0.8168299068432603
2018-06-08 11:00:00;53.3138146229941;53.05;0.2638146229941043
2018-06-08 12:00:00;50.63344594594584;48.35;2.283445945945836
2018-06-08 13:00:00;50.03750473352624;45.96;4.07750473352624
2018-06-08 14:00:00;50.03813919154406;45.15;4.888139191544063
2018-06-08 15:00:00;49.976900221539154;47.1;2.8769002215391524
2018-06-08 16:00:00;53.31182443103965;48.33;4.981824431039655
2018-06-08 17:00:00;53.86590661178322;50.47;3.395906611783218
2018-06-08 18:00:00;53.86655285142877;54.66;-0.7934471485712251
2018-06-08 19:00:00;53.86719909107431;54.98;-1.112800908925685
2018-06-08 20:00:00;51.132301110718586;53.09;-1.957698889281417
2018-06-08 21:00:00;48.01678390755974;49.67;-1.6532160924402604
2018-06-08 22:00:00;42.86666394342086;50.37;-7.503336056579137
2018-06-08 23:00:00;37.1185512874747;48.45;-11.331448712525301
2018-06-09 00:00:00;33.93015741084287;45.07;-11.139842589157134
2018-06-09 01:00:00;31.75259710138195;41.79;-10.037402898618048
2018-06-09 02:00:00;31.75404465085873;39.73;-7.975955349141266
2018-06-09 03:00:00;32.357908472584406;38.56;-6.202091527415597
2018-06-09 04:00:00;31.756939749812283;37.97;-6.213060250187716
2018-06-09 05:00:00;31.75838729928905;38.3;-6.541612700710946
2018-06-09 06:00:00;36.012835638696124;38.9;-2.887164361303874
2018-06-09 07:00:00;39.79320076969522;43.88;-4.086799230304784
2018-06-09 08:00:00;40.35786736271501;46.54;-6.182132637284987
2018-06-09 09:00:00;39.79440985501397;46.55;-6.75559014498603
2018-06-09 10:00:00;37.24997231398118;42.57;-5.320027686018818
2018-06-09 11:00:00;33.93663067315405;39.78;-5.843369326845952
2018-06-09 12:00:00;31.768520145626496;39.55;-7.781479854373501
2018-06-09 13:00:00;32.37244725272011;38.78;-6.407552747279894
2018-06-09 14:00:00;31.771415244580048;38.15;-6.378584755419951
2018-06-09 15:00:00;34.46941087160742;38.83;-4.360589128392576
2018-06-09 16:00:00;39.74407731021154;39.0;0.7440773102115372
2018-06-09 17:00:00;40.33462090096626;39.98;0.3546209009662604
2018-06-09 18:00:00;40.33522694761157;47.99;-7.654773052388435
2018-06-09 19:00:00;40.33583299425686;48.96;-8.62416700574314
2018-06-09 20:00:00;40.33643904090216;48.91;-8.57356095909784
2018-06-09 21:00:00;40.33704508754746;48.03;-7.692954912452542
2018-06-09 22:00:00;37.66536973793872;48.0;-10.334630262061282
2018-06-09 23:00:00;33.41368494444406;43.47;-10.056315055555942
2018-06-10 00:00:00;27.02327833379254;43.48;-16.456721666207457
2018-06-10 01:00:00;24.67979689589375;39.96;-15.28020310410625
2018-06-10 02:00:00;22.513399339934;38.34;-15.826600660066003
2018-06-10 03:00:00;21.783209850087054;37.38;-15.596790149912948
2018-06-10 04:00:00;22.361694489347023;37.01;-14.648305510652975
2018-06-10 05:00:00;22.3630477872254;35.15;-12.786952212774597
2018-06-10 06:00:00;22.36440108510378;35.76;-13.395598914896219
2018-06-10 07:00:00;22.365754382982157;38.34;-15.974245617017846
2018-06-10 08:00:00;22.367107680860528;38.0;-15.632892319139472
2018-06-10 09:00:00;22.36846097873891;37.97;-15.60153902126109
2018-06-10 10:00:00;21.792644541266345;35.09;-13.297355458733659
2018-06-10 11:00:00;22.371167574495654;35.65;-13.278832425504344
2018-06-10 12:00:00;22.37252087237404;33.34;-10.967479127625964
2018-06-10 13:00:00;22.373874170252407;32.6;-10.226125829747595
2018-06-10 14:00:00;22.375227468130788;30.45;-8.074772531869211
2018-06-10 15:00:00;22.37658076600916;31.56;-9.18341923399084
2018-06-10 16:00:00;22.377934063887537;33.07;-10.692065936112463
2018-06-10 17:00:00;28.821612144105615;37.98;-9.158387855894382
2018-06-10 18:00:00;35.54757138946029;46.36;-10.812428610539712
2018-06-10 19:00:00;36.06807821420256;49.93;-13.861921785797442
2018-06-10 20:00:00;35.54875693799912;49.97;-14.421243062000876
2018-06-10 21:00:00;36.07106429936507;49.9;-13.82893570063493
2018-06-10 22:00:00;36.07255734194632;49.94;-13.867442658053676
2018-06-10 23:00:00;28.83011243775213;46.65;-17.819887562247867
2018-06-11 00:00:00;28.175470269581574;39.55;-11.374529730418423
2018-06-11 01:00:00;28.176880975375028;38.37;-10.19311902462497
2018-06-11 02:00:00;28.771120399845355;37.43;-8.658879600154645
2018-06-11 03:00:00;28.772537115453108;37.56;-8.787462884546894
2018-06-11 04:00:00;32.36424738072357;37.38;-5.015752619276434
2018-06-11 05:00:00;45.169280035915776;38.56;6.6092800359157735
2018-06-11 06:00:00;51.333217867492365;49.4;1.9332178674923668
2018-06-11 07:00:00;51.33489121681827;56.87;-5.535108783181727
2018-06-11 08:00:00;51.68819053742477;63.24;-11.551809462575235
2018-06-11 09:00:00;51.33823791547007;56.77;-5.431762084529936
2018-06-11 10:00:00;51.339911264795965;55.01;-3.6700887352040326
2018-06-11 11:00:00;51.34158461412187;51.4;-0.05841538587812778
2018-06-11 12:00:00;51.69074835450728;49.94;1.7507483545072802
2018-06-11 13:00:00;51.691387808777904;47.73;3.961387808777907
2018-06-11 14:00:00;51.14599474076687;47.58;3.565994740766868
2018-06-11 15:00:00;51.34827801142546;47.79;3.5582780114254575
2018-06-11 16:00:00;51.69330617158979;49.66;2.0333061715897927
2018-06-11 17:00:00;51.69394562586042;50.93;0.7639456258604227
2018-06-11 18:00:00;51.69458508013105;53.48;-1.7854149198689484
2018-06-11 19:00:00;51.35497140872906;54.94;-3.585028591270941
2018-06-11 20:00:00;51.35664475805496;54.7;-3.3433552419450407
2018-06-11 21:00:00;50.03216696602534;50.87;-0.837833033974654
2018-06-11 22:00:00;40.3846275935788;49.47;-9.0853724064212
2018-06-11 23:00:00;40.386169081531776;46.17;-5.783830918468226
2018-06-12 00:00:00;41.107852416933234;40.93;0.17785241693323428
2018-06-12 01:00:00;41.10940832926698;39.48;1.6294083292669796
2018-06-12 02:00:00;38.61193485960478;38.54;0.07193485960478085
2018-06-12 03:00:00;39.235278363630144;37.28;1.9552783636301427
2018-06-12 04:00:00;40.6695880558566;37.34;3.329588055856597
2018-06-12 05:00:00;44.43100585574246;38.02;6.411005855742459
2018-06-12 06:00:00;51.48158187880885;44.02;7.46158187880885
2018-06-12 07:00:00;51.48222133307949;55.02;-3.5377786669205165
2018-06-12 08:00:00;51.48286078735011;59.46;-7.977139212649888
2018-06-12 09:00:00;51.483500241620746;59.27;-7.786499758379257
2018-06-12 10:00:00;51.48413969589137;56.96;-5.475860304108629
2018-06-12 11:00:00;51.484779150162;59.17;-7.685220849838004
2018-06-12 12:00:00;51.48541860443263;58.15;-6.664581395567367
2018-06-12 13:00:00;51.48605805870325;56.52;-5.033941941296753
2018-06-12 14:00:00;51.48669751297388;53.9;-2.4133024870261153
2018-06-12 15:00:00;51.48733696724451;51.5;-0.012663032755490633
2018-06-12 16:00:00;51.48797642151514;50.98;0.5079764215151457
2018-06-12 17:00:00;51.48861587578577;51.62;-0.13138412421422885
2018-06-12 18:00:00;51.4892553300564;52.93;-1.440744669943598
2018-06-12 19:00:00;51.48989478432703;54.08;-2.5901052156729705
2018-06-12 20:00:00;51.49053423859765;52.78;-1.2894657614023544
2018-06-12 21:00:00;50.15793010752679;48.94;1.21793010752679
2018-06-12 22:00:00;43.03802263347335;50.29;-7.251977366526646
2018-06-12 23:00:00;40.68113166038629;46.27;-5.588868339613711
2018-06-13 00:00:00;40.68173921851943;39.5;1.1817392185194322
2018-06-13 01:00:00;40.68234677665257;38.4;2.282346776652574
2018-06-13 02:00:00;41.148306137610525;37.98;3.1683061376105286
2018-06-13 03:00:00;40.68356189291885;37.17;3.513561892918851
2018-06-13 04:00:00;40.684169451052;37.13;3.5541694510519974
2018-06-13 05:00:00;47.68894494510631;38.72;8.968944945106308
2018-06-13 06:00:00;54.232863781555736;44.44;9.792863781555738
2018-06-13 07:00:00;54.23351174010516;54.05;0.18351174010516047
2018-06-13 08:00:00;54.234159698654565;55.77;-1.5358403013454378
2018-06-13 09:00:00;54.23480765720399;54.68;-0.4451923427960125
2018-06-13 10:00:00;54.23545561575341;54.94;-0.7045443842465886
2018-06-13 11:00:00;54.23610357430283;55.0;-0.763896425697169
2018-06-13 12:00:00;54.23675153285224;53.03;1.2067515328522376
2018-06-13 13:00:00;54.237399491401646;51.1;3.137399491401645
2018-06-13 14:00:00;54.23804744995107;49.52;4.718047449951065
2018-06-13 15:00:00;54.23869540850049;48.91;5.328695408500494
2018-06-13 16:00:00;54.23934336704991;47.17;7.06934336704991
2018-06-13 17:00:00;54.23999132559932;49.03;5.209991325599319
2018-06-13 18:00:00;54.20248915131852;51.96;2.242489151318516
2018-06-13 19:00:00;54.24128724269816;53.06;1.1812872426981542
2018-06-13 20:00:00;54.24193520124757;52.91;1.3319352012475747
2018-06-13 21:00:00;54.24258315979699;52.97;1.2725831597969943
2018-06-13 22:00:00;46.07570148228724;51.24;-5.1642985177127585
2018-06-13 23:00:00;41.81107285411167;46.91;-5.098927145888325
2018-06-14 00:00:00;40.28234984399898;46.69;-6.407650156001019
2018-06-14 01:00:00;40.28295589064428;40.0;0.2829558906442813
2018-06-14 02:00:00;40.283561937289576;39.37;0.9135619372895789
2018-06-14 03:00:00;40.28416798393488;37.14;3.144167983934878
2018-06-14 04:00:00;40.284774030580174;36.04;4.244774030580174
2018-06-14 05:00:00;42.768155333458736;37.66;5.10815533345874
2018-06-14 06:00:00;50.54916264476897;40.26;10.289162644768972
2018-06-14 07:00:00;50.5497987595068;51.23;-0.6802012404931972
2018-06-14 08:00:00;49.889560210468645;55.38;-5.490439789531358
2018-06-14 09:00:00;48.91824360802694;49.76;-0.8417563919730569
2018-06-14 10:00:00;47.83297740810753;45.65;2.182977408107533
2018-06-14 11:00:00;42.77757898874847;43.76;-0.9824210112515246
2018-06-14 12:00:00;40.28962240374257;38.59;1.6996224037425662
2018-06-14 13:00:00;40.25810226239794;37.63;2.628102262397938
2018-06-14 14:00:00;40.29083449703316;37.16;3.130834497033163
2018-06-14 15:00:00;42.150105359185886;37.63;4.520105359185884
2018-06-14 16:00:00;46.211774643611605;38.4;7.8117746436116065
2018-06-14 17:00:00;50.55615990688508;43.95;6.606159906885075
2018-06-14 18:00:00;50.56731328102286;50.67;-0.10268671897713944
2018-06-14 19:00:00;50.55743213636074;53.26;-2.70256786363926
2018-06-14 20:00:00;50.57064322386893;50.97;-0.39935677613107146
2018-06-14 21:00:00;50.5587043658364;48.95;1.6087043658363953
2018-06-14 22:00:00;45.13473770472105;47.51;-2.375262295278951
2018-06-14 23:00:00;40.29628891684085;39.91;0.3862889168408543
2018-06-15 00:00:00;40.19412614694358;39.1;1.0941261469435801
2018-06-15 01:00:00;40.19567481350027;38.75;1.4456748135002684
2018-06-15 02:00:00;40.556556071357306;37.8;2.756556071357309
2018-06-15 03:00:00;40.19877214661364;36.23;3.968772146613645
2018-06-15 04:00:00;42.70276822220308;37.06;5.642768222203081
2018-06-15 05:00:00;50.81808351976133;39.58;11.238083519761332
2018-06-15 06:00:00;50.818721299894;50.36;0.4587212998940018
2018-06-15 07:00:00;50.81935908002664;59.92;-9.100640919973358
2018-06-15 08:00:00;50.81999686015931;61.9;-11.080003139840692
2018-06-15 09:00:00;50.82063464029197;60.08;-9.259365359708028
2018-06-15 10:00:00;50.82127242042462;56.24;-5.418727579575382
2018-06-15 11:00:00;50.82191020055728;55.37;-4.548089799442721
2018-06-15 12:00:00;50.49547226097393;53.46;-2.9645277390260674
2018-06-15 13:00:00;48.10532344542847;49.24;-1.1346765545715343
2018-06-15 14:00:00;47.56396250403954;47.76;-0.19603749596046072
2018-06-15 15:00:00;48.64909704170779;47.91;0.7390970417077938
2018-06-15 16:00:00;50.82509910122057;48.06;2.765099101220571
2018-06-15 17:00:00;50.82573688135322;49.94;0.8857368813532247
2018-06-15 18:00:00;50.826374661485886;53.97;-3.143625338514113
2018-06-15 19:00:00;50.82701244161855;56.35;-5.522987558381452
2018-06-15 20:00:00;50.8276502217512;56.1;-5.2723497782488025
2018-06-15 21:00:00;50.82828800188386;53.93;-3.101711998116137
2018-06-15 22:00:00;45.40611674290192;50.92;-5.51388325709808
2018-06-15 23:00:00;39.49959021115251;46.68;-7.180409788847491
2018-06-16 00:00:00;35.77054541727632;43.92;-8.149454582723685
2018-06-16 01:00:00;34.68019411393635;40.57;-5.889805886063648
2018-06-16 02:00:00;33.12093335858451;38.03;-4.909066641415492
2018-06-16 03:00:00;29.86780220199277;37.15;-7.282197798007228
2018-06-16 04:00:00;29.86923725825311;36.09;-6.220762741746892
2018-06-16 05:00:00;31.064605786059538;36.48;-5.415394213940459
2018-06-16 06:00:00;35.29725019035221;37.92;-2.622749809647793
2018-06-16 07:00:00;37.370454863823625;39.76;-2.3895451361763733
2018-06-16 08:00:00;37.1399551526706;42.91;-5.770044847329395
2018-06-16 09:00:00;36.83928764743639;43.0;-6.160712352563607
2018-06-16 10:00:00;34.693571437441534;41.39;-6.6964285625584665
2018-06-16 11:00:00;30.47548403925998;39.92;-9.44451596074002
2018-06-16 12:00:00;28.69303718879972;37.16;-8.466962811200275
2018-06-16 13:00:00;28.102940650605543;35.6;-7.497059349394458
2018-06-16 14:00:00;28.104357366213296;32.64;-4.535642633786704
2018-06-16 15:00:00;28.105774081821043;34.59;-6.484225918178961
2018-06-16 16:00:00;33.65847232826417;35.06;-1.4015276717358347
2018-06-16 17:00:00;35.31367365874601;38.82;-3.5063263412539882
2018-06-16 18:00:00;35.315166701327264;44.91;-9.594833298672732
2018-06-16 19:00:00;35.78183560108126;46.8;-11.018164398918735
2018-06-16 20:00:00;35.31815278648977;46.08;-10.76184721351023
2018-06-16 21:00:00;35.78302404148178;45.66;-9.876975958518216
2018-06-16 22:00:00;34.72194436228386;46.31;-11.588055637716145
2018-06-16 23:00:00;31.690171378511813;44.24;-12.549828621488189
2018-06-17 00:00:00;23.19296586016616;41.57;-18.37703413983384
2018-06-17 01:00:00;17.714627264555798;37.85;-20.135372735444204
2018-06-17 02:00:00;12.11240074999581;30.29;-18.17759925000419
2018-06-17 03:00:00;11.23656686626747;20.73;-9.49343313373253
2018-06-17 04:00:00;11.23656686626747;19.82;-8.58343313373253
2018-06-17 05:00:00;11.23656686626747;17.65;-6.4134331337325285
2018-06-17 06:00:00;11.23656686626747;15.87;-4.633433133732529
2018-06-17 07:00:00;11.23656686626747;18.7;-7.463433133732529
2018-06-17 08:00:00;11.23656686626747;20.01;-8.773433133732532
2018-06-17 09:00:00;11.23656686626747;18.06;-6.823433133732529
2018-06-17 10:00:00;11.23656686626747;16.49;-5.253433133732528
2018-06-17 11:00:00;11.23656686626747;18.6;-7.363433133732531
2018-06-17 12:00:00;11.23656686626747;14.72;-3.4834331337325306
2018-06-17 13:00:00;11.23656686626747;4.99;6.24656686626747
2018-06-17 14:00:00;11.23656686626747;0.05;11.18656686626747
2018-06-17 15:00:00;11.23656686626747;1.16;10.07656686626747
2018-06-17 16:00:00;11.575897080845095;9.71;1.8658970808450945
2018-06-17 17:00:00;23.46246585284059;16.78;6.68246585284059
2018-06-17 18:00:00;30.520163588928348;32.98;-2.459836411071649
2018-06-17 19:00:00;34.134513514341656;43.95;-9.815486485658347
2018-06-17 20:00:00;34.135993269705644;45.62;-11.484006730294354
2018-06-17 21:00:00;34.137473025069646;45.85;-11.712526974930356
2018-06-17 22:00:00;33.53256460744518;47.11;-13.577435392554818
2018-06-17 23:00:00;26.97221927927981;45.5;-18.52778072072019
2018-06-18 00:00:00;26.895239157272663;37.91;-11.014760842727334
2018-06-18 01:00:00;26.30975912707573;37.01;-10.700240872924269
2018-06-18 02:00:00;26.898048650776584;35.4;-8.501951349223415
2018-06-18 03:00:00;26.899453397528536;32.49;-5.590546602471466
2018-06-18 04:00:00;29.858043819422424;32.88;-3.021956180577579
2018-06-18 05:00:00;42.71340849339977;34.99;7.723408493399766
2018-06-18 06:00:00;45.40632709965347;46.98;-1.57367290034653
2018-06-18 07:00:00;45.4069486082376;54.05;-8.643051391762398
2018-06-18 08:00:00;45.40757011682173;52.06;-6.6524298831782716
2018-06-18 09:00:00;44.6625216938352;46.98;-2.3174783061647943
2018-06-18 10:00:00;45.40881313398999;45.93;-0.5211868660100123
2018-06-18 11:00:00;45.40943464257412;45.59;-0.1805653574258841
2018-06-18 12:00:00;44.02818156111477;43.9;0.12818156111477208
2018-06-18 13:00:00;45.31027525270269;43.5;1.810275252702688
2018-06-18 14:00:00;45.41129916832651;43.77;1.6412991683265048
2018-06-18 15:00:00;45.41192067691064;44.98;0.43192067691064295
2018-06-18 16:00:00;45.412542185494765;44.07;1.3425421854947643
2018-06-18 17:00:00;45.31670963473707;45.54;-0.22329036526292612
2018-06-18 18:00:00;45.41378520266303;49.98;-4.5662147973369684
2018-06-18 19:00:00;45.41440671124716;51.09;-5.675593288752843
2018-06-18 20:00:00;45.41502821983129;50.81;-5.39497178016871
2018-06-18 21:00:00;43.798718072982176;50.0;-6.201281927017824
2018-06-18 22:00:00;36.84247542073973;49.93;-13.087524579260268
2018-06-18 23:00:00;35.92245701950292;44.96;-9.03754298049708
2018-06-19 00:00:00;35.7816880369895;39.26;-3.4783119630104977
2018-06-19 01:00:00;35.78318781306572;36.75;-0.966812186934277
2018-06-19 02:00:00;35.78468758914193;34.03;1.7546875891419305
2018-06-19 03:00:00;36.25716217671443;26.82;9.43716217671443
2018-06-19 04:00:00;35.78768714129436;27.64;8.147687141294362
2018-06-19 05:00:00;43.9041363631205;34.35;9.554136363120499
2018-06-19 06:00:00;51.32918123437784;41.74;9.58918123437784
2018-06-19 07:00:00;51.05766012183103;50.0;1.0576601218310273
2018-06-19 08:00:00;51.3304601429191;52.84;-1.5095398570809024
2018-06-19 09:00:00;51.06102374576707;49.44;1.6210237457670758
2018-06-19 10:00:00;51.33173905146035;46.97;4.361739051460354
2018-06-19 11:00:00;51.06438736970313;46.99;4.074387369703125
2018-06-19 12:00:00;51.06606918167115;46.97;4.0960691816711545
2018-06-19 13:00:00;50.40568033614616;47.09;3.3156803361461584
2018-06-19 14:00:00;51.069432805607214;46.91;4.159432805607217
2018-06-19 15:00:00;49.70126736239872;50.02;-0.31873263760128623
2018-06-19 16:00:00;51.33557577708413;52.73;-1.394424222915866
2018-06-19 17:00:00;51.07447824151128;54.34;-3.265521758488724
2018-06-19 18:00:00;51.33685468562538;55.04;-3.7031453143746162
2018-06-19 19:00:00;51.07784186544734;59.01;-7.932158134552658
2018-06-19 20:00:00;51.33813359416664;57.79;-6.451866405833357
2018-06-19 21:00:00;51.08120548938338;54.9;-3.8187945106166197
2018-06-19 22:00:00;51.33941250270789;55.83;-4.490587497292111
2018-06-19 23:00:00;43.21850891151856;48.96;-5.741491088481439
2018-06-20 00:00:00;40.5639944523166;45.91;-5.346005547683397
2018-06-20 01:00:00;40.56460201044974;41.09;-0.5253979895502638
2018-06-20 02:00:00;40.56520956858288;40.34;0.22520956858287633
2018-06-20 03:00:00;40.56581712671603;38.96;1.6058171267160262
2018-06-20 04:00:00;40.56642468484917;38.11;2.4564246848491678
2018-06-20 05:00:00;49.19482310630326;39.96;9.23482310630326
2018-06-20 06:00:00;51.37300254365612;47.38;3.993002543656118
2018-06-20 07:00:00;51.37364199792675;57.07;-5.696358002073254
2018-06-20 08:00:00;51.37428145219737;53.43;-2.055718547802627
2018-06-20 09:00:00;50.285059549279225;50.75;-0.46494045072077483
2018-06-20 10:00:00;49.19798715582851;46.91;2.2879871558285103
2018-06-20 11:00:00;47.57102221805055;46.07;1.5010222180505508
2018-06-20 12:00:00;46.48918088818915;44.07;2.4191808881891532
2018-06-20 13:00:00;44.33095627555125;42.92;1.41095627555125
2018-06-20 14:00:00;43.25513308555128;42.93;0.32513308555127907
2018-06-20 15:00:00;43.79372493858383;42.15;1.64372493858383
2018-06-20 16:00:00;47.24912156617917;41.95;5.299121566179167
2018-06-20 17:00:00;51.38003654063303;44.18;7.200036540633029
2018-06-20 18:00:00;51.1915996269646;52.76;-1.568400373035395
2018-06-20 19:00:00;51.19328143893262;59.06;-7.86671856106738
2018-06-20 20:00:00;51.194963250900656;52.99;-1.7950367490993457
2018-06-20 21:00:00;51.19664506286868;53.37;-2.1733549371313146
2018-06-20 22:00:00;49.20558087468911;54.08;-4.874419125310887
2018-06-20 23:00:00;42.77022546662678;46.64;-3.869774533373217
2018-06-21 00:00:00;39.96587042106508;38.79;1.1758704210650777
2018-06-21 01:00:00;40.05573730343807;38.0;2.0557373034380717
2018-06-21 02:00:00;40.057285969994766;35.04;5.0172859699947665
2018-06-21 03:00:00;39.967688561000976;37.09;2.877688561000973
2018-06-21 04:00:00;40.06038330310813;35.88;4.18038330310813
2018-06-21 05:00:00;50.21634545666092;35.0;15.216345456660918
2018-06-21 06:00:00;50.33422831993023;43.89;6.444228319930232
2018-06-21 07:00:00;50.76210016091679;56.28;-5.5178998390832135
2018-06-21 08:00:00;49.02159400030067;57.47;-8.448405999699332
2018-06-21 09:00:00;37.836190099976896;42.94;-5.103809900023101
2018-06-21 10:00:00;24.42306417832513;36.73;-12.306935821674866
2018-06-21 11:00:00;17.54572920014135;25.0;-7.4542707998586515
2018-06-21 12:00:00;17.54704501553879;15.95;1.5970450155387894
2018-06-21 13:00:00;17.548360830936222;18.39;-0.8416391690637788
2018-06-21 14:00:00;18.11586330665932;14.66;3.455863306659321
2018-06-21 15:00:00;18.117184349070584;14.35;3.7671843490705843
2018-06-21 16:00:00;19.254609950610096;14.56;4.694609950610095
2018-06-21 17:00:00;22.1185812687958;19.54;2.5785812687958014
2018-06-21 18:00:00;22.11994009634997;19.82;2.299940096349971
2018-06-21 19:00:00;22.697795527114693;23.7;-1.0022044728853068
2018-06-21 20:00:00;22.122657751458323;26.5;-4.377342248541677
2018-06-21 21:00:00;22.700524332324107;27.02;-4.319475667675892
2018-06-21 22:00:00;18.70390165686799;27.06;-8.356098343132007
2018-06-21 23:00:00;16.43268994261305;22.02;-5.587310057386951
2018-06-22 00:00:00;16.292221391680748;15.86;0.43222139168074847
2018-06-22 01:00:00;15.730423800186518;15.21;0.5204238001865171
2018-06-22 02:00:00;16.29482215093556;13.09;3.204822150935559
2018-06-22 03:00:00;16.29612253056296;4.56;11.736122530562962
2018-06-22 04:00:00;16.29742291019037;4.45;11.847422910190371
2018-06-22 05:00:00;20.274626704124355;15.59;4.684626704124355
2018-06-22 06:00:00;21.36668466846685;27.13;-5.76331533153315
2018-06-22 07:00:00;20.85034247176904;29.66;-8.80965752823096
2018-06-22 08:00:00;20.27863763100451;28.02;-7.741362368995489
2018-06-22 09:00:00;20.27997460663123;25.04;-4.7600253933687675
2018-06-22 10:00:00;20.281311582257956;28.09;-7.808688417742044
2018-06-22 11:00:00;19.71087691988965;27.54;-7.8291230801103495
2018-06-22 12:00:00;15.373526502589169;23.37;-7.9964734974108325
2018-06-22 13:00:00;15.373526502589169;20.32;-4.946473497410832
2018-06-22 14:00:00;15.373526502589169;19.08;-3.7064734974108298
2018-06-22 15:00:00;15.373526502589169;16.21;-0.8364734974108323
2018-06-22 16:00:00;15.373526502589169;18.16;-2.7864734974108316
2018-06-22 17:00:00;19.36212364154641;17.86;1.5021236415464116
2018-06-22 18:00:00;19.36212364154641;20.14;-0.7778763584535895
2018-06-22 19:00:00;19.36212364154641;28.99;-9.627876358453587
2018-06-22 20:00:00;19.36212364154641;28.08;-8.717876358453587
2018-06-22 21:00:00;19.36212364154641;25.09;-5.727876358453589
2018-06-22 22:00:00;13.516424476187265;25.67;-12.153575523812737
2018-06-22 23:00:00;7.472840127495385;20.2;-12.727159872504615
2018-06-23 00:00:00;7.472840127495385;24.04;-16.567159872504615
2018-06-23 01:00:00;7.472840127495385;18.87;-11.397159872504616
2018-06-23 02:00:00;7.472840127495385;18.44;-10.967159872504617
2018-06-23 03:00:00;7.472840127495385;15.83;-8.357159872504615
2018-06-23 04:00:00;7.472840127495385;15.08;-7.6071598725046154
2018-06-23 05:00:00;7.472840127495385;13.33;-5.8571598725046154
2018-06-23 06:00:00;7.472840127495385;17.04;-9.567159872504615
2018-06-23 07:00:00;9.43891806426111;18.12;-8.681081935738892
2018-06-23 08:00:00;9.43891806426111;22.9;-13.46108193573889
2018-06-23 09:00:00;9.43891806426111;23.46;-14.021081935738891
2018-06-23 10:00:00;9.43891806426111;22.69;-13.251081935738892
2018-06-23 11:00:00;7.472840127495385;23.32;-15.847159872504616
2018-06-23 12:00:00;7.472840127495385;23.08;-15.607159872504614
2018-06-23 13:00:00;7.472840127495385;19.31;-11.837159872504614
2018-06-23 14:00:00;7.472840127495385;18.77;-11.297159872504615
2018-06-23 15:00:00;7.472840127495385;18.75;-11.277159872504615
2018-06-23 16:00:00;7.472840127495385;20.07;-12.597159872504616
2018-06-23 17:00:00;15.373526502589169;24.14;-8.766473497410832
2018-06-23 18:00:00;15.783531696146865;32.79;-17.006468303853133
2018-06-23 19:00:00;15.784827010682474;35.65;-19.865172989317525
2018-06-23 20:00:00;15.786122325218091;37.59;-21.803877674781912
2018-06-23 21:00:00;15.787417639753716;37.05;-21.26258236024628
2018-06-23 22:00:00;15.373526502589169;39.84;-24.466473497410835
2018-06-23 23:00:00;15.790008268824952;33.13;-17.33999173117505
2018-06-24 00:00:00;15.373526502589169;39.66;-24.286473497410828
2018-06-24 01:00:00;11.881396265216082;32.99;-21.10860373478392
2018-06-24 02:00:00;12.994537725598484;32.29;-19.295462274401515
2018-06-24 03:00:00;12.439314444557358;31.02;-18.580685555442642
2018-06-24 04:00:00;12.440580178236164;30.24;-17.799419821763834
2018-06-24 05:00:00;12.441845911914964;26.32;-13.878154088085036
2018-06-24 06:00:00;11.887700937173548;25.1;-13.212299062826453
2018-06-24 07:00:00;12.44437737927257;23.48;-11.03562262072743
2018-06-24 08:00:00;12.445643112951377;24.59;-12.144356887048623
2018-06-24 09:00:00;12.446908846630183;27.74;-15.293091153369815
2018-06-24 10:00:00;12.448174580308985;25.03;-12.581825419691016
2018-06-24 11:00:00;12.449440313987784;30.08;-17.630559686012212
2018-06-24 12:00:00;11.89526654352251;28.65;-16.75473345647749
2018-06-24 13:00:00;11.896527477914006;27.05;-15.153472522085995
2018-06-24 14:00:00;12.453237515024204;24.09;-11.636762484975796
2018-06-24 15:00:00;12.454503248703002;23.92;-11.465496751297
2018-06-24 16:00:00;17.505865931110996;25.08;-7.574134068889002
2018-06-24 17:00:00;26.149311285871665;28.01;-1.8606887141283366
2018-06-24 18:00:00;31.490590646085373;38.06;-6.569409353914629
2018-06-24 19:00:00;31.492038195562152;43.74;-12.24796180443785
2018-06-24 20:00:00;31.49348574503893;43.83;-12.336514254961067
2018-06-24 21:00:00;30.895298853047144;46.64;-15.744701146952856
2018-06-24 22:00:00;31.49638084399248;46.01;-14.513619156007518
2018-06-24 23:00:00;25.57189263217375;42.8;-17.228107367826247
2018-06-25 00:00:00;24.597943276487307;39.12;-14.52205672351269
2018-06-25 01:00:00;24.59931896756976;33.1;-8.50068103243024
2018-06-25 02:00:00;24.600694658652216;31.57;-6.969305341347784
2018-06-25 03:00:00;24.60207034973468;32.06;-7.457929650265321
2018-06-25 04:00:00;29.910205763780503;32.06;-2.149794236219499
2018-06-25 05:00:00;42.45302502815797;34.26;8.193025028157969
2018-06-25 06:00:00;49.94459502017581;48.38;1.5645950201758083
2018-06-25 07:00:00;49.946251697168805;54.95;-5.003748302831198
2018-06-25 08:00:00;49.9479083741618;56.21;-6.2620916258382024
2018-06-25 09:00:00;49.94956505115479;52.0;-2.050434948845208
2018-06-25 10:00:00;48.635786011333934;51.75;-3.114213988666066
2018-06-25 11:00:00;47.33158526152506;52.11;-4.778414738474936
2018-06-25 12:00:00;43.47056950107884;49.91;-6.439430498921155
2018-06-25 13:00:00;40.847705406397296;47.93;-7.082294593602704
2018-06-25 14:00:00;41.38457553302758;46.72;-5.33542446697242
2018-06-25 15:00:00;42.20516218705713;45.05;-2.8448378129428704
2018-06-25 16:00:00;44.07434440563453;42.7;1.374344405634524
2018-06-25 17:00:00;46.23469699146849;45.94;0.2946969914684914
2018-06-25 18:00:00;49.30547239079177;47.75;1.5554723907917705
2018-06-25 19:00:00;49.307120855586206;49.95;-0.6428791444137971
2018-06-25 20:00:00;47.34620404736846;50.6;-3.253795952631542
2018-06-25 21:00:00;46.77839597587274;48.87;-2.091604024127257
2018-06-25 22:00:00;43.00114710671568;47.85;-4.848852893284324
2018-06-25 23:00:00;40.85378098772871;43.99;-3.1362190122712903
2018-06-26 00:00:00;39.55786548826608;43.02;-3.4621345117339217
2018-06-26 01:00:00;39.55939986385889;40.79;-1.2306001361411063
2018-06-26 02:00:00;39.560934239451726;39.54;0.020934239451726455
2018-06-26 03:00:00;39.562468615044544;39.98;-0.4175313849554527
2018-06-26 04:00:00;40.26366123021688;40.16;0.10366123021688622
2018-06-26 05:00:00;48.8937308943715;41.96;6.9337308943715
2018-06-26 06:00:00;52.71146912428919;48.94;3.7714691242891902
2018-06-26 07:00:00;52.71211195334204;55.59;-2.877888046657965
2018-06-26 08:00:00;52.71275478239488;58.95;-6.237245217605121
2018-06-26 09:00:00;53.16170108569887;57.47;-4.308298914301126
2018-06-26 10:00:00;53.16340008236411;55.62;-2.4565999176358844
2018-06-26 11:00:00;52.71468326955343;56.27;-3.5553167304465703
2018-06-26 12:00:00;52.71532609860628;51.97;0.7453260986062844
2018-06-26 13:00:00;51.62261007498069;50.27;1.3526100749806886
2018-06-26 14:00:00;49.84045630439638;48.75;1.0904563043963833
2018-06-26 15:00:00;50.53272739721959;48.93;1.6027273972195886
2018-06-26 16:00:00;53.17359406235556;47.83;5.343594062355564
2018-06-26 17:00:00;52.718540243870514;49.99;2.728540243870512
2018-06-26 18:00:00;53.17699205568605;52.09;1.0869920556860464
2018-06-26 19:00:00;53.17869105235128;54.88;-1.7013089476487195
2018-06-26 20:00:00;52.72046873102906;53.4;-0.6795312689709405
2018-06-26 21:00:00;52.72111156008191;50.94;1.7811115600819107
2018-06-26 22:00:00;47.2765108636175;50.63;-3.3534891363824997
2018-06-26 23:00:00;42.10689778614895;44.42;-2.313102213851053
2018-06-27 00:00:00;41.88429714801031;43.17;-1.28570285198969
2018-06-27 01:00:00;41.88490775185053;41.94;-0.05509224814947089
2018-06-27 02:00:00;41.88551835569076;41.62;0.2655183556907659
2018-06-27 03:00:00;41.88612895953099;41.1;0.7861289595309913
2018-06-27 04:00:00;41.88673956337122;39.91;1.9767395633712255
2018-06-27 05:00:00;48.55071831029219;43.48;5.070718310292193
2018-06-27 06:00:00;52.72689702155754;50.78;1.9468970215575396
2018-06-27 07:00:00;53.1990790123342;56.78;-3.580920987665799
2018-06-27 08:00:00;52.72818267966324;60.99;-8.26181732033676
2018-06-27 09:00:00;49.99938259145817;55.07;-5.070617408541828
2018-06-27 10:00:00;50.000017049476;50.98;-0.979982950523997
2018-06-27 11:00:00;50.53627821369746;50.03;0.5062782136974562
2018-06-27 12:00:00;47.82742855790512;46.97;0.8574285579051235
2018-06-27 13:00:00;45.66254353537766;42.67;2.9925435353776564
2018-06-27 14:00:00;44.67775397475745;40.99;3.687753974757449
2018-06-27 15:00:00;45.12368011490737;41.14;3.983680114907372
2018-06-27 16:00:00;47.82994022408309;40.95;6.879940224083086
2018-06-27 17:00:00;50.54926638040313;48.42;2.1292663804031307
2018-06-27 18:00:00;52.73461097019172;51.96;0.7746109701917163
2018-06-27 19:00:00;52.73525379924457;55.01;-2.2747462007554304
2018-06-27 20:00:00;51.88104162513709;52.6;-0.7189583748629147
2018-06-27 21:00:00;47.83307980680556;50.02;-2.186920193194446
2018-06-27 22:00:00;42.97253450166807;48.93;-5.957465498331928
2018-06-27 23:00:00;41.51276304266626;44.2;-2.687236957333745
2018-06-28 00:00:00;41.8268706246021;39.09;2.7368706246020977
2018-06-28 01:00:00;41.48492521498456;38.52;2.9649252149845537
2018-06-28 02:00:00;41.48553429216374;37.45;4.035534292163739
2018-06-28 03:00:00;41.83153836160332;35.45;6.381538361603319
2018-06-28 04:00:00;41.48675244652208;36.03;5.456752446522081
2018-06-28 05:00:00;48.506950106443526;37.23;11.276950106443529
2018-06-28 06:00:00;52.87113599340338;47.13;5.741135993403375
2018-06-28 07:00:00;52.87177882245622;52.32;0.551778822456221
2018-06-28 08:00:00;52.32505279612276;58.5;-6.174947203877238
2018-06-28 09:00:00;52.32569393334353;51.08;1.2456939333435315
2018-06-28 10:00:00;49.0536578042758;49.04;0.013657804275801766
2018-06-28 11:00:00;49.59838253316647;48.56;1.0383825331664696
2018-06-28 12:00:00;50.14364663164089;44.92;5.223646631640889
2018-06-28 13:00:00;50.14428108965872;43.34;6.804281089658716
2018-06-28 14:00:00;52.32889961944738;40.99;11.338899619447375
2018-06-28 15:00:00;52.32954075666815;44.58;7.749540756668154
2018-06-28 16:00:00;52.33018189388893;45.08;7.250181893888929
2018-06-28 17:00:00;52.3308230311097;47.95;4.380823031109699
2018-06-28 18:00:00;52.87884994203755;48.94;3.9388499420375496
2018-06-28 19:00:00;52.8794927710904;49.98;2.899492771090401
2018-06-28 20:00:00;52.33274644277202;48.92;3.4127464427720184
2018-06-28 21:00:00;50.264366813363;44.94;5.3243668133629996
2018-06-28 22:00:00;45.692830016210834;45.94;-0.24716998378916344
2018-06-28 23:00:00;39.35497291380707;41.46;-2.1050270861929334
2018-06-29 00:00:00;37.62966182904303;39.0;-1.3703381709569697
2018-06-29 01:00:00;37.63026042967186;37.89;-0.25973957032814354
2018-06-29 02:00:00;37.63085903030069;36.02;1.6108590303006878
2018-06-29 03:00:00;37.63145763092952;33.98;3.651457630929521
2018-06-29 04:00:00;37.63205623155834;33.96;3.6720562315583365
2018-06-29 05:00:00;45.68394446634691;38.47;7.213944466346909
2018-06-29 06:00:00;47.316251779484894;44.83;2.4862517794848955
2018-06-29 07:00:00;47.30872399453904;52.39;-5.081276005460964
2018-06-29 08:00:00;47.3093502967375;55.87;-8.560649703262499
2018-06-29 09:00:00;46.76828166496064;52.06;-5.291718335039363
2018-06-29 10:00:00;45.68705200926756;50.1;-4.412947990732441
2018-06-29 11:00:00;42.825922340384864;49.09;-6.26407765961514
2018-06-29 12:00:00;39.238616556664056;47.31;-8.071383443335947
2018-06-29 13:00:00;37.104427706274286;40.59;-3.485572293725717
2018-06-29 14:00:00;37.63804223784663;38.72;-1.0819577621533654
2018-06-29 15:00:00;38.70603933096994;38.59;0.11603933096994012
2018-06-29 16:00:00;44.610933376889584;37.59;7.02093337688958
2018-06-29 17:00:00;45.69140256935647;43.79;1.9014025693564705
2018-06-29 18:00:00;46.686319265006574;47.23;-0.5436807349934227
2018-06-29 19:00:00;46.23333192692566;50.97;-4.736668073074341
2018-06-29 20:00:00;44.61340679049135;50.95;-6.336593209508656
2018-06-29 21:00:00;43.47776546502002;49.86;-6.382234534979979
2018-06-29 22:00:00;39.06961413694151;49.99;-10.920385863058492
2018-06-29 23:00:00;34.14738991585606;44.35;-10.202610084143942
2018-06-30 00:00:00;28.74236107300801;43.42;-14.677638926991992
2018-06-30 01:00:00;24.626227485142707;42.02;-17.393772514857297
2018-06-30 02:00:00;22.306290474206307;40.1;-17.793709525793695
2018-06-30 03:00:00;22.307643772084678;39.25;-16.942356227915322
2018-06-30 04:00:00;22.30899706996305;37.76;-15.45100293003695
2018-06-30 05:00:00;23.45949305681888;38.23;-14.770506943181118
2018-06-30 06:00:00;27.56690476925247;41.16;-13.593095230747526
2018-06-30 07:00:00;28.159529294115487;46.03;-17.870470705884514
2018-06-30 08:00:00;28.16093999990894;48.36;-20.19906000009106
2018-06-30 09:00:00;24.637233013802398;46.95;-22.312766986197605
2018-06-30 10:00:00;21.446954695469557;40.04;-18.593045304530442
2018-06-30 11:00:00;21.74150851507466;36.02;-14.278491484925343
2018-06-30 12:00:00;21.74285632810027;32.47;-10.727143671899729
2018-06-30 13:00:00;21.446954695469557;30.42;-8.973045304530444
2018-06-30 14:00:00;21.74555195415149;26.47;-4.724448045848508
2018-06-30 15:00:00;21.7468997671771;30.41;-8.663100232822899
2018-06-30 16:00:00;23.45949305681888;33.91;-10.450506943181118
2018-06-30 17:00:00;26.992587831527477;40.89;-13.897412168472524
2018-06-30 18:00:00;26.993986669370003;46.31;-19.31601333063
2018-06-30 19:00:00;26.995385507212525;48.13;-21.134614492787478
2018-06-30 20:00:00;26.99678434505505;48.16;-21.163215654944945
2018-06-30 21:00:00;26.998183182897584;47.51;-20.511816817102414
2018-06-30 22:00:00;21.446954695469557;47.8;-26.35304530453044
2018-06-30 23:00:00;16.05821609657001;43.96;-27.90178390342999
2018-07-01 00:00:00;13.466130983238294;33.3;-19.833869016761703
2018-07-01 01:00:00;10.478054879549363;26.42;-15.941945120450638
2018-07-01 02:00:00;11.030637292616936;26.11;-15.079362707383064
2018-07-01 03:00:00;11.03008680397472;22.12;-11.08991319602528
2018-07-01 04:00:00;10.476409605064152;23.42;-12.94359039493585
2018-07-01 05:00:00;10.47586118023575;21.44;-10.964138819764251
2018-07-01 06:00:00;13.466130983238294;23.43;-9.963869016761706
2018-07-01 07:00:00;13.466130983238294;29.37;-15.903869016761707
2018-07-01 08:00:00;11.02733436076364;29.98;-18.95266563923636
2018-07-01 09:00:00;11.026783872121428;26.08;-15.05321612787857
2018-07-01 10:00:00;10.47311905609374;20.71;-10.236880943906261
2018-07-01 11:00:00;10.472570631265338;20.75;-10.277429368734662
2018-07-01 12:00:00;10.472022206436936;21.02;-10.547977793563064
2018-07-01 13:00:00;11.024581917552574;16.66;-5.635418082447426
2018-07-01 14:00:00;11.024031428910355;14.01;-2.9859685710896446
2018-07-01 15:00:00;11.023480940268144;16.28;-5.256519059731858
2018-07-01 16:00:00;17.443102333509678;19.04;-1.596897666490321
2018-07-01 17:00:00;29.360123178261325;28.37;0.9901231782613245
2018-07-01 18:00:00;33.936246804172235;42.19;-8.253753195827763
2018-07-01 19:00:00;33.936246804172235;48.37;-14.433753195827762
2018-07-01 20:00:00;33.936246804172235;49.67;-15.733753195827767
2018-07-01 21:00:00;33.936246804172235;46.28;-12.343753195827766
2018-07-01 22:00:00;32.35264918611855;48.04;-15.687350813881451
2018-07-01 23:00:00;26.399967583684568;41.0;-14.600032416315432
2018-07-02 00:00:00;27.065667058498363;36.81;-9.74433294150164
2018-07-02 01:00:00;26.47647028614443;38.06;-11.583529713855572
2018-07-02 02:00:00;27.064436409370032;38.06;-10.99556359062997
2018-07-02 03:00:00;27.653891137184814;38.03;-10.376108862815187
2018-07-02 04:00:00;36.09361288412367;38.08;-1.986387115876326
2018-07-02 05:00:00;45.20494968047601;39.07;6.134949680476012
2018-07-02 06:00:00;52.74084137565165;49.49;3.250841375651646
2018-07-02 07:00:00;56.112233799527054;55.95;0.1622337995270513
2018-07-02 08:00:00;52.26973153125476;54.92;-2.6502684687452387
2018-07-02 09:00:00;52.068906532205446;52.14;-0.0710934677945545
2018-07-02 10:00:00;50.07448510370115;49.48;0.5944851037011532
2018-07-02 11:00:00;50.08636385743445;48.03;2.056363857434448
2018-07-02 12:00:00;48.99793420318916;46.86;2.137934203189161
2018-07-02 13:00:00;48.45451820492739;43.56;4.894518204927387
2018-07-02 14:00:00;49.541881370628815;44.46;5.081881370628814
2018-07-02 15:00:00;52.26973153125476;46.69;5.579731531254765
2018-07-02 16:00:00;54.46200784297165;49.49;4.972007842971649
2018-07-02 17:00:00;58.87444850165761;52.13;6.744448501657608
2018-07-02 18:00:00;59.58054739225112;55.38;4.200547392251117
2018-07-02 19:00:00;59.579764012552765;60.18;-0.6002359874472347
2018-07-02 20:00:00;59.57898063285442;59.02;0.5589806328544142
2018-07-02 21:00:00;58.87444850165761;54.96;3.91444850165761
2018-07-02 22:00:00;53.40123480317133;54.5;-1.0987651968286727
2018-07-02 23:00:00;49.541881370628815;48.29;1.2518813706288157
2018-07-03 00:00:00;48.52460044952816;42.23;6.294600449528161
2018-07-03 01:00:00;46.97055885217531;41.44;5.530558852175311
2018-07-03 02:00:00;46.96984781947744;41.71;5.259847819477436
2018-07-03 03:00:00;47.43898521640077;42.38;5.058985216400771
2018-07-03 04:00:00;47.43898521640077;43.02;4.41898521640077
2018-07-03 05:00:00;52.341104899400975;44.2;8.141104899400972
2018-07-03 06:00:00;60.05769473151102;50.24;9.817694731511018
2018-07-03 07:00:00;60.61340110905728;58.0;2.6134011090572784
2018-07-03 08:00:00;57.28842501293105;61.89;-4.60157498706895
2018-07-03 09:00:00;56.30274338983179;55.95;0.35274338983178666
2018-07-03 10:00:00;56.30198043898349;52.9;3.401980438983493
2018-07-03 11:00:00;53.43648947431477;47.76;5.676489474314771
2018-07-03 12:00:00;52.341104899400975;42.72;9.621104899400976
2018-07-03 13:00:00;50.15699367615744;41.73;8.426993676157444
2018-07-03 14:00:00;52.88851611305684;41.43;11.458516113056838
2018-07-03 15:00:00;54.93261333248013;42.72;12.212613332480132
2018-07-03 16:00:00;57.84106069114331;44.81;13.03106069114331
2018-07-03 17:00:00;61.16973684041747;52.99;8.179736840417469
2018-07-03 18:00:00;61.16973684041747;55.94;5.229736840417473
2018-07-03 19:00:00;61.16973684041747;61.67;-0.5002631595825306
2018-07-03 20:00:00;61.16973684041747;63.03;-1.86026315958253
2018-07-03 21:00:00;60.61340110905728;60.01;0.6034011090572804
2018-07-03 22:00:00;55.08382742026853;54.9;0.18382742026852839
2018-07-03 23:00:00;52.89899964687407;50.55;2.34899964687407
2018-07-04 00:00:00;50.41656315381525;48.0;2.416563153815247
2018-07-04 01:00:00;48.43946105025161;46.23;2.209461050251612
2018-07-04 02:00:00;48.59468269412894;45.8;2.7946826941289444
2018-07-04 03:00:00;48.438025024813214;44.99;3.4480250248132123
2018-07-04 04:00:00;50.22762349488045;45.44;4.7876234948804495
2018-07-04 05:00:00;56.80929708474165;46.26;10.549297084741653
2018-07-04 06:00:00;61.24424784152959;52.55;8.694247841529595
2018-07-04 07:00:00;61.24424784152959;59.98;1.2642478415295955
2018-07-04 08:00:00;61.24424784152959;62.64;-1.3957521584704082
2018-07-04 09:00:00;61.24424784152959;58.06;3.18424784152959
2018-07-04 10:00:00;60.64971374424336;56.53;4.119713744243356
2018-07-04 11:00:00;61.24424784152959;55.91;5.334247841529596
2018-07-04 12:00:00;61.24424784152959;51.92;9.32424784152959
2018-07-04 13:00:00;61.24424784152959;50.99;10.25424784152959
2018-07-04 14:00:00;61.24424784152959;49.58;11.664247841529594
2018-07-04 15:00:00;61.24424784152959;50.95;10.29424784152959
2018-07-04 16:00:00;61.24424784152959;53.53;7.714247841529591
2018-07-04 17:00:00;60.687707948243975;54.95;5.737707948243973
2018-07-04 18:00:00;61.24424784152959;57.97;3.2742478415295935
2018-07-04 19:00:00;61.24424784152959;60.38;0.8642478415295898
2018-07-04 20:00:00;61.24424784152959;59.93;1.3142478415295926
2018-07-04 21:00:00;61.24424784152959;58.01;3.2342478415295943
2018-07-04 22:00:00;57.36152999570849;55.49;1.8715299957084852
2018-07-04 23:00:00;52.96007782115544;50.93;2.0300778211554373
2018-07-05 00:00:00;51.77560333886907;49.13;2.6456033388690656
2018-07-05 01:00:00;48.46776941971872;45.48;2.987769419718724
2018-07-05 02:00:00;48.46705140699952;44.31;4.157051406999521
2018-07-05 03:00:00;48.612203255279134;42.99;5.622203255279132
2018-07-05 04:00:00;50.79071791939784;43.11;7.680717919397843
2018-07-05 05:00:00;59.04027577771826;44.65;14.390275777718259
2018-07-05 06:00:00;60.70628465804064;51.89;8.816284658040637
2018-07-05 07:00:00;61.262875591807614;57.71;3.552875591807613
2018-07-05 08:00:00;61.262875591807614;61.21;0.05287559180761292
2018-07-05 09:00:00;61.262875591807614;60.94;0.32287559180761605
2018-07-05 10:00:00;61.262875591807614;56.62;4.642875591807616
2018-07-05 11:00:00;61.262875591807614;55.43;5.832875591807614
2018-07-05 12:00:00;60.67919036664593;52.1;8.579190366645932
2018-07-05 13:00:00;59.9752407191906;50.7;9.275240719190599
2018-07-05 14:00:00;59.59498987950824;49.76;9.834989879508242
2018-07-05 15:00:00;59.04027577771826;51.07;7.970275777718257
2018-07-05 16:00:00;59.2728454180392;52.02;7.2528454180392
2018-07-05 17:00:00;58.57508006928612;52.97;5.6050800692861245
2018-07-05 18:00:00;58.5743049910178;54.83;3.744304991017799
2018-07-05 19:00:00;57.37980624140285;55.41;1.9698062414028499
2018-07-05 20:00:00;58.57275483448117;55.1;3.472754834481165
2018-07-05 21:00:00;57.37980624140285;53.79;3.5898062414028473
2018-07-05 22:00:00;51.09306770349944;52.05;-0.956932296500554
2018-07-05 23:00:00;46.49692644177805;50.21;-3.71307355822195
2018-07-06 00:00:00;42.17742644572195;48.39;-6.212573554278052
2018-07-06 01:00:00;42.71528950730317;42.98;-0.2647104926968282
2018-07-06 02:00:00;42.17742644572195;42.06;0.11742644572194649
2018-07-06 03:00:00;42.71528950730317;41.83;0.8852895073031704
2018-07-06 04:00:00;42.71528950730317;42.0;0.7152895073031686
2018-07-06 05:00:00;47.92961487794727;41.92;6.009614877947271
2018-07-06 06:00:00;53.57999156364136;49.69;3.8899915636413596
2018-07-06 07:00:00;53.57999156364136;55.01;-1.4300084363586407
2018-07-06 08:00:00;53.57999156364136;56.6;-3.020008436358644
2018-07-06 09:00:00;53.57999156364136;55.96;-2.3800084363586436
2018-07-06 10:00:00;53.23241807850819;55.94;-2.7075819214918084
2018-07-06 11:00:00;51.222904714027145;54.88;-3.657095285972858
2018-07-06 12:00:00;45.974700799925216;51.35;-5.375299200074785
2018-07-06 13:00:00;40.56672371280332;50.18;-9.613276287196683
2018-07-06 14:00:00;39.6158719316656;41.51;-1.8941280683343962
2018-07-06 15:00:00;37.89162788269931;39.5;-1.6083721173006893
2018-07-06 16:00:00;41.103147147895335;39.42;1.6831471478953333
2018-07-06 17:00:00;44.041664034614506;42.67;1.3716640346145041
2018-07-06 18:00:00;46.49418003981189;47.98;-1.4858199601881097
2018-07-06 19:00:00;46.49418003981189;50.42;-3.9258199601881145
2018-07-06 20:00:00;47.57842899203382;50.17;-2.5915710079661807
2018-07-06 21:00:00;47.03604564854328;50.57;-3.533954351456721
2018-07-06 22:00:00;42.12821452381751;49.99;-7.86178547618249
2018-07-06 23:00:00;39.49529154045548;46.5;-7.004708459544517
2018-07-07 00:00:00;35.75977181046413;47.71;-11.95022818953587
2018-07-07 01:00:00;33.63499400907912;41.9;-8.265005990920876
2018-07-07 02:00:00;29.835124530107954;39.08;-9.244875469892044
2018-07-07 03:00:00;26.86808431855504;39.08;-12.211915681444957
2018-07-07 04:00:00;26.2992277992278;38.05;-11.750772200772197
2018-07-07 05:00:00;29.23687625010123;36.72;-7.48312374989877
2018-07-07 06:00:00;33.63499400907912;39.08;-5.445005990920876
2018-07-07 07:00:00;33.44423270799146;41.4;-7.955767292008538
2018-07-07 08:00:00;31.028874406914102;43.49;-12.4611255930859
2018-07-07 09:00:00;22.24965496549656;39.82;-17.57034503450344
2018-07-07 10:00:00;20.235970069481567;26.58;-6.344029930518431
2018-07-07 11:00:00;20.235970069481567;22.26;-2.0240299305184344
2018-07-07 12:00:00;17.609816974320285;20.72;-3.1101830256797136
2018-07-07 13:00:00;16.229679408855535;15.76;0.4696794088555354
2018-07-07 14:00:00;18.17711605731307;2.34;15.837116057313072
2018-07-07 15:00:00;20.235970069481567;11.93;8.305970069481567
2018-07-07 16:00:00;20.235970069481567;19.86;0.37597006948156775
2018-07-07 17:00:00;24.27066278576193;21.48;2.7906627857619313
2018-07-07 18:00:00;26.2992277992278;32.07;-5.7707722007722
2018-07-07 19:00:00;26.2992277992278;39.03;-12.7307722007722
2018-07-07 20:00:00;26.2992277992278;42.19;-15.890772200772197
2018-07-07 21:00:00;26.2992277992278;46.95;-20.650772200772202
2018-07-07 22:00:00;26.2992277992278;42.93;-16.6307722007722
2018-07-07 23:00:00;26.2992277992278;39.05;-12.750772200772197
2018-07-08 00:00:00;26.2992277992278;40.25;-13.9507722007722
2018-07-08 01:00:00;25.6787064233411;34.58;-8.901293576658897
2018-07-08 02:00:00;24.508012976027377;32.19;-7.681987023972621
2018-07-08 03:00:00;24.27066278576193;30.64;-6.369337214238069
2018-07-08 04:00:00;22.76227089946334;28.41;-5.647729100536662
2018-07-08 05:00:00;24.27066278576193;29.93;-5.659337214238068
2018-07-08 06:00:00;24.27066278576193;30.69;-6.41933721423807
2018-07-08 07:00:00;26.2992277992278;32.69;-6.390772200772197
2018-07-08 08:00:00;26.2992277992278;33.71;-7.4107722007722
2018-07-08 09:00:00;21.02707760623718;32.36;-11.332922393762818
2018-07-08 10:00:00;21.026489493791413;28.16;-7.133510506208587
2018-07-08 11:00:00;21.02590138134564;28.41;-7.38409861865436
2018-07-08 12:00:00;21.02531326889987;27.51;-6.484686731100133
2018-07-08 13:00:00;21.02472515645409;21.74;-0.7152748435459095
2018-07-08 14:00:00;21.024137044008324;19.75;1.2741370440083237
2018-07-08 15:00:00;21.023548931562555;20.95;0.07354893156255571
2018-07-08 16:00:00;24.49957588060029;25.98;-1.4804241193997107
2018-07-08 17:00:00;35.22792182625253;29.55;5.677921826252533
2018-07-08 18:00:00;42.09810009155153;43.71;-1.6118999084484713
2018-07-08 19:00:00;44.33181630132204;50.17;-5.838183698677959
2018-07-08 20:00:00;44.64705822790266;50.1;-5.45294177209734
2018-07-08 21:00:00;44.33181630132204;50.0;-5.668183698677957
2018-07-08 22:00:00;40.83277249725423;50.83;-9.997227502745766
2018-07-08 23:00:00;35.75977181046413;49.94;-14.180228189535868
2018-07-09 00:00:00;35.32666573362533;42.88;-7.553334266374669
2018-07-09 01:00:00;35.32666573362533;40.8;-5.473334266374664
2018-07-09 02:00:00;35.32666573362533;40.09;-4.76333426637467
2018-07-09 03:00:00;35.32666573362533;39.73;-4.403334266374664
2018-07-09 04:00:00;36.92427034234284;39.87;-2.9457296576571608
2018-07-09 05:00:00;44.906208141783736;42.6;2.306208141783735
2018-07-09 06:00:00;49.31412140888099;50.14;-0.8258785911190074
2018-07-09 07:00:00;49.31412140888099;53.52;-4.20587859111901
2018-07-09 08:00:00;47.49456435332654;54.71;-7.215435646673463
2018-07-09 09:00:00;46.1940945097617;52.52;-6.325905490238306
2018-07-09 10:00:00;43.356114862123285;50.11;-6.753885137876715
2018-07-09 11:00:00;42.81750716480272;46.92;-4.102492835197282
2018-07-09 12:00:00;39.06072657578457;40.34;-1.2792734242154324
2018-07-09 13:00:00;39.06072657578457;39.54;-0.4792734242154282
2018-07-09 14:00:00;41.07996839850982;40.32;0.7599683985098196
2018-07-09 15:00:00;41.71071096323;41.8;-0.08928903676999767
2018-07-09 16:00:00;46.18916520020304;40.36;5.829165200203043
2018-07-09 17:00:00;48.22618647647258;49.6;-1.3738135235274243
2018-07-09 18:00:00;49.31412140888099;52.61;-3.2958785911190063
2018-07-09 19:00:00;48.79578204228096;53.06;-4.26421795771904
2018-07-09 20:00:00;47.486031960952126;52.99;-5.5039680390478765
2018-07-09 21:00:00;48.13864779638314;51.94;-3.801352203616858
2018-07-09 22:00:00;44.97490570151784;52.59;-7.615094298482163
2018-07-09 23:00:00;42.27938789313487;49.37;-7.09061210686513
2018-07-10 00:00:00;39.44556595526549;43.98;-4.53443404473451
2018-07-10 01:00:00;39.16117733521623;43.3;-4.138822664783767
2018-07-10 02:00:00;38.81962532867068;44.78;-5.960374671329319
2018-07-10 03:00:00;39.16117733521623;43.28;-4.118822664783771
2018-07-10 04:00:00;39.16117733521623;41.7;-2.5388226647837726
2018-07-10 05:00:00;47.24467493520248;44.54;2.7046749352024833
2018-07-10 06:00:00;52.15018149131693;50.61;1.540181491316929
2018-07-10 07:00:00;57.10093085690544;56.82;0.2809308569054423
2018-07-10 08:00:00;56.548511543020766;58.34;-1.7914884569792378
2018-07-10 09:00:00;57.10093085690544;58.9;-1.799069143094556
2018-07-10 10:00:00;56.548511543020766;58.41;-1.861488456979231
2018-07-10 11:00:00;53.79524469763123;58.26;-4.464755302368765
2018-07-10 12:00:00;53.79524469763123;57.32;-3.524755302368767
2018-07-10 13:00:00;51.60294948781345;57.02;-5.417050512186556
2018-07-10 14:00:00;51.05627135648983;55.97;-4.913728643510169
2018-07-10 15:00:00;49.96455944505413;55.15;-5.18544055494587
2018-07-10 16:00:00;52.15018149131693;54.37;-2.219818508683069
2018-07-10 17:00:00;53.79524469763123;56.0;-2.204755302368767
2018-07-10 18:00:00;56.44699256271606;57.05;-0.6030074372839351
2018-07-10 19:00:00;55.07771489895958;57.5;-2.4222851010404227
2018-07-10 20:00:00;53.04486842885069;56.08;-3.035131571149307
2018-07-10 21:00:00;53.24632465354984;54.75;-1.5036753464501587
2018-07-10 22:00:00;51.03513233496607;55.99;-4.95486766503393
2018-07-10 23:00:00;48.39198006585956;50.69;-2.2980199341404344
2018-07-11 00:00:00;45.78700442337151;45.5;0.28700442337151344
2018-07-11 01:00:00;45.078161206262095;44.4;0.6781612062620965
2018-07-11 02:00:00;45.14024906294308;43.36;1.7802490629430778
2018-07-11 03:00:00;45.13955159092303;43.0;2.139551590923027
2018-07-11 04:00:00;49.04533167091464;43.39;5.6553316709146415
2018-07-11 05:00:00;54.8948042796101;43.8;11.094804279610102
2018-07-11 06:00:00;56.548511543020766;51.44;5.108511543020768
2018-07-11 07:00:00;57.10093085690544;56.99;0.11093085690544058
2018-07-11 08:00:00;57.10093085690544;57.51;-0.40906914309455544
2018-07-11 09:00:00;56.548511543020766;57.75;-1.2014884569792343
2018-07-11 10:00:00;57.10093085690544;56.94;0.16093085690544484
2018-07-11 11:00:00;57.10093085690544;56.69;0.41093085690544484
2018-07-11 12:00:00;57.10093085690544;55.99;1.1109308569054406
2018-07-11 13:00:00;57.10093085690544;54.99;2.1109308569054406
2018-07-11 14:00:00;57.10093085690544;53.67;3.430930856905441
2018-07-11 15:00:00;57.10093085690544;52.38;4.72093085690544
2018-07-11 16:00:00;55.744711126468495;52.66;3.0847111264684983
2018-07-11 17:00:00;57.10093085690544;55.23;1.8709308569054457
2018-07-11 18:00:00;57.10093085690544;56.91;0.19093085690544598
2018-07-11 19:00:00;56.548511543020766;57.77;-1.2214884569792375
2018-07-11 20:00:00;56.42725876362935;56.85;-0.42274123637065486
2018-07-11 21:00:00;56.42649977135678;55.54;0.8864997713567817
2018-07-11 22:00:00;53.79524469763123;55.65;-1.8547553023687655
2018-07-11 23:00:00;51.05627135648983;51.58;-0.523728643510168
2018-07-12 00:00:00;46.72655351984681;48.77;-2.043446480153193
2018-07-12 01:00:00;45.18614021096298;46.1;-0.9138597890370193
2018-07-12 02:00:00;45.18544273894294;47.51;-2.324557261057059
2018-07-12 03:00:00;45.18474526692289;45.02;0.1647452669228855
2018-07-12 04:00:00;45.10225415736909;44.43;0.672254157369089
2018-07-12 05:00:00;53.76102141244407;44.49;9.271021412444071
2018-07-12 06:00:00;57.126448811969766;51.05;6.076448811969769
2018-07-12 07:00:00;57.126448811969766;57.94;-0.8135511880302317
2018-07-12 08:00:00;57.126448811969766;58.9;-1.7735511880302326
2018-07-12 09:00:00;56.5739610780579;56.97;-0.39603892194210033
2018-07-12 10:00:00;56.5739610780579;58.31;-1.7360389219421037
2018-07-12 11:00:00;54.920050738414005;58.3;-3.379949261585992
2018-07-12 12:00:00;52.72295241898321;56.51;-3.787047581016786
2018-07-12 13:00:00;52.72295241898321;54.92;-2.1970475810167898
2018-07-12 14:00:00;51.73770928837256;53.93;-2.192290711627443
2018-07-12 15:00:00;53.753585808448726;53.35;0.4035858084487245
2018-07-12 16:00:00;55.110614627192376;53.46;1.6506146271923754
2018-07-12 17:00:00;57.126448811969766;55.44;1.6864488119697683
2018-07-12 18:00:00;57.126448811969766;56.32;0.8064488119697657
2018-07-12 19:00:00;57.126448811969766;58.64;-1.5135511880302346
2018-07-12 20:00:00;56.5739610780579;57.07;-0.49603892194210175
2018-07-12 21:00:00;57.126448811969766;55.92;1.2064488119697643
2018-07-12 22:00:00;55.470766778930816;54.85;0.6207667789308147
2018-07-12 23:00:00;50.3996799101526;51.16;-0.7603200898473972
2018-07-13 00:00:00;45.49825143960997;49.32;-3.821748560390027
2018-07-13 01:00:00;45.4415159999195;43.91;1.531515999919506
2018-07-13 02:00:00;44.957696450727134;43.14;1.8176964507271336
2018-07-13 03:00:00;44.957696450727134;43.21;1.7476964507271333
2018-07-13 04:00:00;47.12297451798461;43.5;3.622974517984609
2018-07-13 05:00:00;53.66968036947047;44.17;9.499680369470468
2018-07-13 06:00:00;56.97334108158377;51.79;5.1833410815837695
2018-07-13 07:00:00;56.97334108158377;57.69;-0.7166589184162291
2018-07-13 08:00:00;56.97334108158377;57.98;-1.0066589184162282
2018-07-13 09:00:00;55.31888404001665;56.53;-1.2111159599833528
2018-07-13 10:00:00;53.66968036947047;55.0;-1.3303196305295302
2018-07-13 11:00:00;53.12109166437728;52.91;0.21109166437728533
2018-07-13 12:00:00;50.38654058700719;51.42;-1.033459412992812
2018-07-13 13:00:00;49.34318858762827;45.29;4.05318858762827
2018-07-13 14:00:00;49.29655545300922;44.2;5.096555453009216
2018-07-13 15:00:00;50.00174360266915;45.43;4.571743602669152
2018-07-13 16:00:00;50.66348624424481;49.48;1.1834862442448113
2018-07-13 17:00:00;50.93234641918023;52.63;-1.6976535808197752
2018-07-13 18:00:00;53.33735675769438;55.85;-2.5126432423056215
2018-07-13 19:00:00;52.573068345876166;57.96;-5.386931654123835
2018-07-13 20:00:00;51.32553482202275;56.37;-5.044465177977244
2018-07-13 21:00:00;51.47870010596958;55.1;-3.6212998940304217
2018-07-13 22:00:00;50.38654058700719;55.36;-4.97345941299281
2018-07-13 23:00:00;48.67844009563325;51.79;-3.11155990436675
2018-07-14 00:00:00;45.49825143960997;52.05;-6.551748560390024
2018-07-14 01:00:00;42.262394318566045;50.0;-7.737605681433955
2018-07-14 02:00:00;40.11489745012685;48.19;-8.07510254987315
2018-07-14 03:00:00;39.08243377275196;45.3;-6.217566227248035
2018-07-14 04:00:00;39.04398478254597;43.42;-4.376015217454032
2018-07-14 05:00:00;40.11489745012685;42.49;-2.375102549873155
2018-07-14 06:00:00;42.262394318566045;43.06;-0.7976056814339572
2018-07-14 07:00:00;43.49622288795933;48.18;-4.683777112040673
2018-07-14 08:00:00;43.49553200414043;51.25;-7.754467995859571
2018-07-14 09:00:00;42.8004708885528;51.22;-8.419529111447197
2018-07-14 10:00:00;42.85705530606801;48.99;-6.132944693931989
2018-07-14 11:00:00;42.262394318566045;45.15;-2.8876056814339535
2018-07-14 12:00:00;38.45348563532893;46.29;-7.836514364671068
2018-07-14 13:00:00;37.83180704489848;41.25;-3.4181929551015173
2018-07-14 14:00:00;37.974925462510924;41.62;-3.645074537489073
2018-07-14 15:00:00;37.21136211642556;42.29;-5.078637883574437
2018-07-14 16:00:00;42.262394318566045;41.6;0.6623943185660437
2018-07-14 17:00:00;43.8780923589896;48.72;-4.841907641010401
2018-07-14 18:00:00;45.41278264786703;53.02;-7.60721735213297
2018-07-14 19:00:00;45.49825143960997;54.76;-9.261748560390025
2018-07-14 20:00:00;46.03931351308209;55.82;-9.780686486917908
2018-07-14 21:00:00;44.41764469477124;54.22;-9.802355305228758
2018-07-14 22:00:00;40.65105743444527;55.01;-14.358942565554727
2018-07-14 23:00:00;40.11489745012685;52.4;-12.285102549873152
2018-07-15 00:00:00;37.82451718724701;49.82;-11.99548281275299
2018-07-15 01:00:00;36.90769229891099;47.64;-10.732307701089013
2018-07-15 02:00:00;36.90769229891099;45.01;-8.10230770108901
2018-07-15 03:00:00;36.90769229891099;42.41;-5.502307701089009
2018-07-15 04:00:00;36.90769229891099;42.29;-5.382307701089012
2018-07-15 05:00:00;36.90769229891099;42.4;-5.492307701089011
2018-07-15 06:00:00;36.90769229891099;41.49;-4.5823077010890145
2018-07-15 07:00:00;36.90769229891099;42.24;-5.3323077010890145
2018-07-15 08:00:00;36.90769229891099;42.25;-5.3423077010890125
2018-07-15 09:00:00;37.19948705658456;43.36;-6.160512943415441
2018-07-15 10:00:00;37.19882733103784;42.14;-4.94117266896216
2018-07-15 11:00:00;36.90769229891099;43.09;-6.182307701089016
2018-07-15 12:00:00;36.90769229891099;41.29;-4.382307701089012
2018-07-15 13:00:00;37.19684815439768;42.09;-4.8931518456023255
2018-07-15 14:00:00;36.90769229891099;40.7;-3.7923077010890154
2018-07-15 15:00:00;36.90769229891099;41.11;-4.202307701089012
2018-07-15 16:00:00;37.19486897775752;42.3;-5.105131022242475
2018-07-15 17:00:00;41.7248022971466;42.03;-0.3051977028533983
2018-07-15 18:00:00;44.957696450727134;51.72;-6.762303549272865
2018-07-15 19:00:00;46.68897293289098;54.25;-7.561027067109023
2018-07-15 20:00:00;47.66558135180448;55.78;-8.114418648195524
2018-07-15 21:00:00;47.99044074494862;55.9;-7.909559255051377
2018-07-15 22:00:00;44.41764469477124;56.39;-11.97235530522876
2018-07-15 23:00:00;42.8004708885528;53.26;-10.459529111447196
2018-07-16 00:00:00;40.22930668338075;50.58;-10.35069331661925
2018-07-16 01:00:00;38.62278892828263;43.85;-5.22721107171737
2018-07-16 02:00:00;38.08821017105472;42.03;-3.941789828945282
2018-07-16 03:00:00;38.71464950987564;41.79;-3.0753504901243573
2018-07-16 04:00:00;41.30267110822866;41.71;-0.4073288917713427
2018-07-16 05:00:00;48.871507560302;44.33;4.541507560302001
2018-07-16 06:00:00;53.2427465681449;53.05;0.19274656814490498
2018-07-16 07:00:00;53.2427465681449;58.09;-4.847253431855101
2018-07-16 08:00:00;53.2427465681449;59.4;-6.157253431855096
2018-07-16 09:00:00;52.93709051993974;58.87;-5.93290948006026
2018-07-16 10:00:00;53.2427465681449;57.43;-4.187253431855098
2018-07-16 11:00:00;52.14662219046903;57.74;-5.5933778095309705
2018-07-16 12:00:00;50.264456294723125;56.11;-5.845543705276874
2018-07-16 13:00:00;52.14662219046903;54.94;-2.7933778095309663
2018-07-16 14:00:00;50.92677895518384;55.46;-4.533221044816159
2018-07-16 15:00:00;51.05273064399527;55.41;-4.357269356004728
2018-07-16 16:00:00;53.2427465681449;55.91;-2.6672534318550944
2018-07-16 17:00:00;53.2427465681449;57.36;-4.117253431855097
2018-07-16 18:00:00;52.93043232006632;59.34;-6.40956767993368
2018-07-16 19:00:00;53.2427465681449;62.82;-9.577253431855098
2018-07-16 20:00:00;53.2427465681449;59.22;-5.977253431855097
2018-07-16 21:00:00;53.2427465681449;56.92;-3.6772534318550996
2018-07-16 22:00:00;51.05273064399527;57.08;-6.02726935600473
2018-07-16 23:00:00;48.32754379905917;51.84;-3.512456200940832
2018-07-17 00:00:00;43.9020636163306;46.52;-2.6179363836694023
2018-07-17 01:00:00;42.23972443375248;44.44;-2.2002755662475195
2018-07-17 02:00:00;42.23904001483734;42.54;-0.3009599851626561
2018-07-17 03:00:00;42.23835559592221;42.35;-0.11164440407779352
2018-07-17 04:00:00;43.36294653935303;42.6;0.762946539353031
2018-07-17 05:00:00;51.998785250166655;43.8;8.198785250166658
2018-07-17 06:00:00;53.14613826221179;52.2;0.9461382622117895
2018-07-17 07:00:00;53.14613826221179;57.96;-4.8138617377882085
2018-07-17 08:00:00;53.33943604999563;59.44;-6.100563950004364
2018-07-17 09:00:00;53.14613826221179;57.97;-4.8238617377882065
2018-07-17 10:00:00;53.14613826221179;56.05;-2.9038617377882048
2018-07-17 11:00:00;52.59804902472735;56.0;-3.401950975272648
2018-07-17 12:00:00;52.05052106757575;53.79;-1.7394789324242481
2018-07-17 13:00:00;50.660422897877766;51.99;-1.3295771021222365
2018-07-17 14:00:00;49.865934561021554;52.34;-2.4740654389784495
2018-07-17 15:00:00;49.321147791229706;52.48;-3.1588522087702913
2018-07-17 16:00:00;50.41126102356024;52.42;-2.0087389764397585
2018-07-17 17:00:00;52.59804902472735;53.76;-1.1619509752726458
2018-07-17 18:00:00;51.32172374637896;56.18;-4.858276253621042
2018-07-17 19:00:00;50.41126102356024;58.56;-8.148738976439759
2018-07-17 20:00:00;51.50354998233836;56.94;-5.436450017661635
2018-07-17 21:00:00;53.329769764801696;55.21;-1.8802302351983045
2018-07-17 22:00:00;50.65386420597002;54.44;-3.786135794029981
2018-07-17 23:00:00;46.06352939985392;51.32;-5.256470600146081
2018-07-18 00:00:00;42.38814677037532;44.04;-1.6518532296246775
2018-07-18 01:00:00;41.85024033663464;42.23;-0.3797596633653555
2018-07-18 02:00:00;42.38814677037532;41.91;0.47814677037532505
2018-07-18 03:00:00;42.38814677037532;41.0;1.3881467703753216
2018-07-18 04:00:00;42.38814677037532;40.89;1.498146770375321
2018-07-18 05:00:00;47.79456684426505;41.28;6.5145668442650475
2018-07-18 06:00:00;51.61004945249024;48.93;2.6800494524902376
2018-07-18 07:00:00;52.70510907694667;53.68;-0.97489092305333
2018-07-18 08:00:00;52.15730009301272;55.93;-3.7726999069872775
2018-07-18 09:00:00;49.59815155745778;54.12;-4.521848442542215
2018-07-18 10:00:00;49.42654352646032;53.68;-4.2534564735396785
2018-07-18 11:00:00;48.28149634115534;53.69;-5.4085036588446584
2018-07-18 12:00:00;47.79456684426505;52.31;-4.515433155734954
2018-07-18 13:00:00;46.16731177173316;48.88;-2.712688228266842
2018-07-18 14:00:00;45.67723629072181;44.43;1.2472362907218084
2018-07-18 15:00:00;46.97296721500408;46.26;0.7129672150040847
2018-07-18 16:00:00;49.42654352646032;47.91;1.5165435264603246
2018-07-18 17:00:00;51.06335278147895;53.68;-2.6166472185210523
2018-07-18 18:00:00;52.92307545308619;55.26;-2.3369245469138065
2018-07-18 19:00:00;53.25348082435969;57.97;-4.7165191756403075
2018-07-18 20:00:00;53.25348082435969;56.87;-3.616519175640306
2018-07-18 21:00:00;53.25348082435969;55.14;-1.8865191756403092
2018-07-18 22:00:00;49.42654352646032;54.03;-4.60345647353968
2018-07-18 23:00:00;46.16731177173316;49.88;-3.712688228266842
2018-07-19 00:00:00;43.99657697810859;43.08;0.9165769781085942
2018-07-19 01:00:00;42.0838877389572;42.6;-0.5161122610427995
2018-07-19 02:00:00;42.083206507334026;41.7;0.38320650733402317
2018-07-19 03:00:00;42.08252527571084;41.7;0.38252527571084016
2018-07-19 04:00:00;46.809791781351855;41.39;5.419791781351854
2018-07-19 05:00:00;51.16603344382119;43.05;8.116033443821195
2018-07-19 06:00:00;52.80860046075867;51.05;1.7586004607586716
2018-07-19 07:00:00;53.18560886593496;56.32;-3.1343911340650408
2018-07-19 08:00:00;53.18486906594903;57.98;-4.795130934050967
2018-07-19 09:00:00;53.18412926596309;55.95;-2.765870734036916
2018-07-19 10:00:00;53.18338946597716;54.08;-0.896610534022841
2018-07-19 11:00:00;53.18264966599123;53.03;0.15264966599122687
2018-07-19 12:00:00;52.80860046075867;52.6;0.20860046075866734
2018-07-19 13:00:00;52.2605198176018;51.29;0.9705198176018044
2018-07-19 14:00:00;52.80860046075867;51.74;1.0686004607586668
2018-07-19 15:00:00;53.17969046604749;52.51;0.6696904660474914
2018-07-19 16:00:00;52.80860046075867;52.73;0.07860046075867189
2018-07-19 17:00:00;53.17821086607561;55.26;-2.0817891339243886
2018-07-19 18:00:00;53.17747106608967;57.99;-4.812528933910329
2018-07-19 19:00:00;53.17673126610374;59.38;-6.203268733896266
2018-07-19 20:00:00;53.17599146611781;58.47;-5.294008533882192
2018-07-19 21:00:00;51.83251364007077;57.53;-5.697486359929229
2018-07-19 22:00:00;50.07375128094733;56.15;-6.076248719052671
2018-07-19 23:00:00;46.56012898212177;51.9;-5.339871017878231
2018-07-20 00:00:00;43.72442031985148;48.82;-5.095579680148518
2018-07-20 01:00:00;42.09772619832727;45.6;-3.502273801672729
2018-07-20 02:00:00;42.09772619832727;44.49;-2.3922738016727294
2018-07-20 03:00:00;42.09772619832727;44.05;-1.9522738016727246
2018-07-20 04:00:00;44.795289625947774;44.93;-0.13471037405222575
2018-07-20 05:00:00;50.775004589983695;45.04;5.735004589983696
2018-07-20 06:00:00;52.96562187068034;52.47;0.49562187068033836
2018-07-20 07:00:00;52.96562187068034;57.61;-4.644378129319662
2018-07-20 08:00:00;52.96562187068034;57.93;-4.9643781293196625
2018-07-20 09:00:00;52.96562187068034;57.98;-5.01437812931966
2018-07-20 10:00:00;53.51468105891958;57.06;-3.5453189410804242
2018-07-20 11:00:00;52.231043934152574;56.69;-4.458956065847424
2018-07-20 12:00:00;51.32182479358182;55.1;-3.778175206418183
2018-07-20 13:00:00;51.32182479358182;54.07;-2.748175206418182
2018-07-20 14:00:00;51.869198163193175;54.03;-2.160801836806826
2018-07-20 15:00:00;50.8917492617632;55.06;-4.1682507382368
2018-07-20 16:00:00;51.869198163193175;56.07;-4.200801836806825
2018-07-20 17:00:00;52.96562187068034;57.91;-4.944378129319659
2018-07-20 18:00:00;53.51468105891958;58.5;-4.985318941080422
2018-07-20 19:00:00;52.89722338395095;58.95;-6.0527766160490515
2018-07-20 20:00:00;49.68300648218815;57.98;-8.296993517811849
2018-07-20 21:00:00;49.13782008978494;56.1;-6.962179910215063
2018-07-20 22:00:00;48.5931698858378;56.02;-7.4268301141622
2018-07-20 23:00:00;46.41984887663931;52.57;-6.150151123360693
2018-07-21 00:00:00;44.34903052925792;50.33;-5.980969470742082
2018-07-21 01:00:00;43.17526896605115;44.87;-1.6947310339488482
2018-07-21 02:00:00;42.09772619832727;44.73;-2.6322738016727243
2018-07-21 03:00:00;40.48504496947768;45.52;-5.034955030522326
2018-07-21 04:00:00;40.48504496947768;44.67;-4.184955030522325
2018-07-21 05:00:00;41.55968502323429;44.4;-2.840314976765711
2018-07-21 06:00:00;44.795289625947774;44.06;0.7352896259477717
2018-07-21 07:00:00;47.505461543526486;46.69;0.8154615435264887
2018-07-21 08:00:00;47.5822189428804;52.52;-4.937781057119601
2018-07-21 09:00:00;49.13782008978494;55.04;-5.902179910215061
2018-07-21 10:00:00;48.89241268642896;55.09;-6.1975873135710415
2018-07-21 11:00:00;49.13782008978494;55.18;-6.0421799102150615
2018-07-21 12:00:00;48.5931698858378;54.72;-6.126830114162196
2018-07-21 13:00:00;47.57868097621926;50.46;-2.8813190237807405
2018-07-21 14:00:00;48.23257789794734;45.0;3.232577897947337
2018-07-21 15:00:00;48.04905173479536;45.1;2.9490517347953613
2018-07-21 16:00:00;48.2311558325516;47.09;1.141155832551597
2018-07-21 17:00:00;48.04905173479536;53.12;-5.070948265204635
2018-07-21 18:00:00;48.8866966411334;55.02;-6.1333033588666055
2018-07-21 19:00:00;50.20715759168968;55.22;-5.01284240831032
2018-07-21 20:00:00;49.54463053571794;54.96;-5.415369464282058
2018-07-21 21:00:00;49.543912522998745;54.68;-5.136087477001254
2018-07-21 22:00:00;48.22688963636439;54.49;-6.263110363635612
2018-07-21 23:00:00;45.62177677086424;51.18;-5.558223229135763
2018-07-22 00:00:00;40.48504496947768;47.07;-6.584955030522323
2018-07-22 01:00:00;37.39363014030217;45.3;-7.906369859697826
2018-07-22 02:00:00;36.773982102632615;44.25;-7.4760178973673845
2018-07-22 03:00:00;36.73857948948616;43.87;-7.131420510513834
2018-07-22 04:00:00;36.772674446376;42.85;-6.077325553624
2018-07-22 05:00:00;36.73857948948616;42.2;-5.46142051051384
2018-07-22 06:00:00;36.73857948948616;42.07;-5.331420510513837
2018-07-22 07:00:00;36.73857948948616;42.4;-5.661420510513835
2018-07-22 08:00:00;36.77005913386277;43.61;-6.839940866137226
2018-07-22 09:00:00;36.76940530573447;44.74;-7.970594694265529
2018-07-22 10:00:00;36.73857948948616;44.5;-7.761420510513837
2018-07-22 11:00:00;36.76809764947785;44.78;-8.01190235052215
2018-07-22 12:00:00;36.73857948948616;43.06;-6.321420510513839
2018-07-22 13:00:00;36.76678999322124;41.98;-5.213210006778759
2018-07-22 14:00:00;36.76613616509293;41.25;-4.483863834907069
2018-07-22 15:00:00;36.765482336964624;41.4;-4.634517663035375
2018-07-22 16:00:00;36.76482850883632;42.87;-6.105171491163681
2018-07-22 17:00:00;41.13695449572935;45.34;-4.203045504270655
2018-07-22 18:00:00;44.25478354577679;47.96;-3.705216454223212
2018-07-22 19:00:00;45.87781842201864;55.14;-9.262181577981359
2018-07-22 20:00:00;44.96177753553855;56.95;-11.988222464461451
2018-07-22 21:00:00;44.795289625947774;56.85;-12.054710374052227
2018-07-22 22:00:00;44.96038921096277;56.78;-11.819610789037235
2018-07-22 23:00:00;43.03678200249809;52.85;-9.813217997501908
2018-07-23 00:00:00;40.75737624886516;51.81;-11.052623751134846
2018-07-23 01:00:00;38.2497226267259;48.59;-10.340277373274105
2018-07-23 02:00:00;36.83780512108039;45.8;-8.962194878919604
2018-07-23 03:00:00;37.90640532539293;44.5;-6.593594674607068
2018-07-23 04:00:00;43.2774866235507;44.68;-1.4025133764492992
2018-07-23 05:00:00;49.13359835965233;47.45;1.6835983596523292
2018-07-23 06:00:00;53.80978166510834;53.06;0.7497816651083369
2018-07-23 07:00:00;58.59241218744279;58.95;-0.35758781255721317
2018-07-23 08:00:00;58.037751086399744;59.94;-1.9022489136002534
2018-07-23 09:00:00;55.82515983639722;59.05;-3.224840163602778
2018-07-23 10:00:00;53.80682246516459;57.99;-4.1831775348354086
2018-07-23 11:00:00;53.07268192289966;57.98;-4.907318077100335
2018-07-23 12:00:00;53.62202362106748;57.27;-3.647976378932526
2018-07-23 13:00:00;52.45556313337261;56.86;-4.4044368666273925
2018-07-23 14:00:00;51.97569763334506;55.26;-3.2843023666549414
2018-07-23 15:00:00;53.07268192289966;55.2;-2.127318077100341
2018-07-23 16:00:00;55.8461489573943;55.82;0.026148957394298122
2018-07-23 17:00:00;59.70358488196087;57.91;1.793584881960875
2018-07-23 18:00:00;59.70358488196087;59.91;-0.20641511803912493
2018-07-23 19:00:00;59.70358488196087;61.45;-1.7464151180391312
2018-07-23 20:00:00;59.70358488196087;60.1;-0.39641511803912977
2018-07-23 21:00:00;59.305383935140775;59.02;0.2853839351407714
2018-07-23 22:00:00;55.157656060980095;57.98;-2.822343939019902
2018-07-23 23:00:00;52.52390808034632;53.95;-1.426091919653686
2018-07-24 00:00:00;50.00824129632622;50.88;-0.8717587036737839
2018-07-24 01:00:00;48.2407869262908;47.47;0.7707869262908034
2018-07-24 02:00:00;47.15314961006016;46.55;0.6031496100601643
2018-07-24 03:00:00;47.37405291467357;45.09;2.284052914673566
2018-07-24 04:00:00;50.66944737743386;45.57;5.099447377433862
2018-07-24 05:00:00;57.57483573667157;47.42;10.154835736671565
2018-07-24 06:00:00;59.54295006458664;53.97;5.572950064586642
2018-07-24 07:00:00;59.542179071403744;60.63;-1.0878209285962583
2018-07-24 08:00:00;59.54140807822085;62.9;-3.3585919217791513
2018-07-24 09:00:00;59.79571114643901;61.32;-1.5242888535609893
2018-07-24 10:00:00;58.84014898796248;59.57;-0.7298510120375212
2018-07-24 11:00:00;58.12913231487153;58.46;-0.3308676851284673
2018-07-24 12:00:00;57.02114576513896;57.41;-0.38885423486103576
2018-07-24 13:00:00;56.06860095165819;55.36;0.708600951658191
2018-07-24 14:00:00;54.81235539334369;55.92;-1.107644606656315
2018-07-24 15:00:00;56.46805753392846;57.67;-1.201942466071543
2018-07-24 16:00:00;59.535240132757686;58.19;1.345240132757688
2018-07-24 17:00:00;59.53446913957479;61.86;-2.3255308604252107
2018-07-24 18:00:00;59.53369814639189;64.17;-4.63630185360811
2018-07-24 19:00:00;59.79571114643901;65.51;-5.714288853560994
2018-07-24 20:00:00;59.79571114643901;64.22;-4.424288853560988
2018-07-24 21:00:00;59.5313851668432;63.89;-4.3586148331568
2018-07-24 22:00:00;55.363667085968416;60.44;-5.076332914031582
2018-07-24 23:00:00;52.6128906015438;54.91;-2.297109398456193
2018-07-25 00:00:00;47.35926498599761;53.64;-6.2807350140023885
2018-07-25 01:00:00;47.15314961006016;50.66;-3.506850389939835
2018-07-25 02:00:00;47.15314961006016;49.08;-1.9268503899398368
2018-07-25 03:00:00;47.3571524247582;48.7;-1.3428475752418052
2018-07-25 04:00:00;50.96923659147194;48.82;2.14923659147194
2018-07-25 05:00:00;54.68919269054985;49.79;4.899192690549853
2018-07-25 06:00:00;59.52444622819712;55.71;3.81444622819712
2018-07-25 07:00:00;59.79571114643901;62.96;-3.16428885356099
2018-07-25 08:00:00;59.52290424183133;65.0;-5.477095758168673
2018-07-25 09:00:00;59.52213324864844;65.07;-5.547866751351556
2018-07-25 10:00:00;58.68404041869883;62.93;-4.245959581301172
2018-07-25 11:00:00;58.820975214638224;61.43;-2.6090247853617754
2018-07-25 12:00:00;57.57483573667157;58.66;-1.08516426332843
2018-07-25 13:00:00;56.05057222149801;56.27;-0.2194277785019949
2018-07-25 14:00:00;55.363667085968416;56.42;-1.0563329140315858
2018-07-25 15:00:00;54.681757086554526;57.95;-3.2682429134454765
2018-07-25 16:00:00;56.73618141334282;58.47;-1.7338185866571791
2018-07-25 17:00:00;59.51596530318527;61.4;-1.8840346968147301
2018-07-25 18:00:00;59.79571114643901;65.8;-6.004288853560986
2018-07-25 19:00:00;59.51442331681948;66.9;-7.385576683180524
2018-07-25 20:00:00;59.79571114643901;65.45;-5.654288853560992
2018-07-25 21:00:00;59.79571114643901;64.37;-4.574288853560994
2018-07-25 22:00:00;56.46805753392846;62.02;-5.551942466071544
2018-07-25 23:00:00;50.63842053934626;54.43;-3.791579460653743
2018-07-26 00:00:00;46.45098358820308;50.02;-3.569016411796923
2018-07-26 01:00:00;46.93075362754287;48.4;-1.4692463724571283
2018-07-26 02:00:00;46.930049440463065;47.5;-0.5699505595369345
2018-07-26 03:00:00;46.45098358820308;46.75;-0.29901641179692007
2018-07-26 04:00:00;48.235540628992815;46.35;1.885540628992814
2018-07-26 05:00:00;54.237465471473456;47.34;6.897465471473453
2018-07-26 06:00:00;57.6646692486739;52.28;5.384669248673902
2018-07-26 07:00:00;59.07051212620819;60.77;-1.69948787379181
2018-07-26 08:00:00;59.05451108015266;64.08;-5.025488919847341
2018-07-26 09:00:00;59.05374008696976;62.96;-3.9062599130302402
2018-07-26 10:00:00;57.4071463176774;60.0;-2.5928536823225983
2018-07-26 11:00:00;55.197761785257015;59.67;-4.472238214742987
2018-07-26 12:00:00;54.646890206068704;52.43;2.2168902060687046
2018-07-26 13:00:00;54.096599085217065;53.94;0.1565990852170671
2018-07-26 14:00:00;53.55352293982027;54.71;-1.156477060179732
2018-07-26 15:00:00;53.55278313983433;56.63;-3.07721686016567
2018-07-26 16:00:00;55.197761785257015;55.45;-0.252238214742988
2018-07-26 17:00:00;56.85390596346637;57.59;-0.7360940365336361
2018-07-26 18:00:00;58.51544447318773;61.0;-2.4845555268122723
2018-07-26 19:00:00;58.51544447318773;61.95;-3.434555526812275
2018-07-26 20:00:00;57.96099085448344;60.61;-2.6490091455165583
2018-07-26 21:00:00;55.197761785257015;59.8;-4.602238214742982
2018-07-26 22:00:00;50.2007839575921;54.32;-4.119216042407899
2018-07-26 23:00:00;43.6880903004391;47.16;-3.4719096995608965
2018-07-27 00:00:00;42.639651673993846;47.5;-4.860348326006154
2018-07-27 01:00:00;42.639651673993846;46.51;-3.8703483260061518
2018-07-27 02:00:00;42.97770652072194;45.0;-2.022293479278062
2018-07-27 03:00:00;42.639651673993846;45.0;-2.3603483260061537
2018-07-27 04:00:00;43.17867622130114;44.72;-1.5413237786988603
2018-07-27 05:00:00;51.87274814553157;47.02;4.852748145531564
2018-07-27 06:00:00;54.06789866735174;52.51;1.5578986673517434
2018-07-27 07:00:00;53.51825914432451;60.91;-7.391740855675486
2018-07-27 08:00:00;53.51825914432451;62.01;-8.491740855675488
2018-07-27 09:00:00;54.06789866735174;61.09;-7.022101332648262
2018-07-27 10:00:00;52.78952436403197;58.91;-6.1204756359680275
2018-07-27 11:00:00;51.32536550607638;58.47;-7.144634493923618
2018-07-27 12:00:00;51.32536550607638;55.04;-3.7146344939236187
2018-07-27 13:00:00;49.6865196733625;52.02;-2.333480326637506
2018-07-27 14:00:00;49.6865196733625;46.76;2.926519673362499
2018-07-27 15:00:00;50.23225555885683;50.56;-0.32774444114317447
2018-07-27 16:00:00;50.77853608091985;54.07;-3.291463919080151
2018-07-27 17:00:00;50.77767540130423;58.02;-7.242324598695774
2018-07-27 18:00:00;50.11312837773573;60.09;-9.976871622264277
2018-07-27 19:00:00;50.23225555885683;61.21;-10.977744441143173
2018-07-27 20:00:00;50.77853608091985;59.9;-9.12146391908015
2018-07-27 21:00:00;49.6865196733625;55.83;-6.143480326637501
2018-07-27 22:00:00;46.42330828903528;53.03;-6.606691710964718
2018-07-27 23:00:00;40.48840994692633;50.85;-10.36159005307367
2018-07-28 00:00:00;35.67556087300923;46.09;-10.414439126990771
2018-07-28 01:00:00;33.62286394915654;44.24;-10.617136050843463
2018-07-28 02:00:00;29.999775859946983;42.26;-12.260224140053015
2018-07-28 03:00:00;30.59878468988621;42.06;-11.461215310113793
2018-07-28 04:00:00;30.598158834968388;42.24;-11.641841165031614
2018-07-28 05:00:00;30.597532980050573;42.51;-11.912467019949425
2018-07-28 06:00:00;35.45381888056396;44.48;-9.026181119436039
2018-07-28 07:00:00;37.27572486309814;47.08;-9.804275136901857
2018-07-28 08:00:00;37.92324371763937;50.83;-12.906756282360625
2018-07-28 09:00:00;36.68354799583139;50.97;-14.28645200416861
2018-07-28 10:00:00;34.226728001498856;45.8;-11.573271998501141
2018-07-28 11:00:00;32.40237941314905;45.04;-12.63762058685095
2018-07-28 12:00:00;30.593151995625853;43.37;-12.776848004374145
2018-07-28 13:00:00;29.992920784425603;42.4;-12.407079215574395
2018-07-28 14:00:00;30.59190028579021;42.09;-11.498099714209793
2018-07-28 15:00:00;30.59127443087239;41.81;-11.218725569127614
2018-07-28 16:00:00;31.79470661497717;42.4;-10.60529338502283
2018-07-28 17:00:00;37.27572486309814;45.11;-7.834275136901859
2018-07-28 18:00:00;38.53896114434953;50.0;-11.461038855650472
2018-07-28 19:00:00;38.53829843001758;52.88;-14.341701569982419
2018-07-28 20:00:00;38.53763571568562;52.84;-14.302364284314386
2018-07-28 21:00:00;38.53697300135367;53.09;-14.553026998646331
2018-07-28 22:00:00;38.53631028702172;53.45;-14.913689712978282
2018-07-28 23:00:00;38.535647572689776;50.59;-12.054352427310228
2018-07-29 00:00:00;32.39413751343725;47.4;-15.005862486562748
2018-07-29 01:00:00;24.07412292057091;42.78;-18.70587707942909
2018-07-29 02:00:00;21.77938713700339;41.63;-19.850612862996613
2018-07-29 03:00:00;20.01982780757665;42.21;-22.19017219242335
2018-07-29 04:00:00;20.594256380528677;42.5;-21.905743619471323
2018-07-29 05:00:00;20.593672959215407;42.5;-21.906327040784593
2018-07-29 06:00:00;20.59308953790214;42.09;-21.496910462097862
2018-07-29 07:00:00;20.59250611658888;40.49;-19.897493883411123
2018-07-29 08:00:00;20.01692228907683;40.55;-20.533077710923166
2018-07-29 09:00:00;20.591339273962337;40.59;-19.998660726037667
2018-07-29 10:00:00;20.59075585264907;41.57;-20.97924414735093
2018-07-29 11:00:00;20.590172431335805;40.57;-19.979827568664195
2018-07-29 12:00:00;20.58958901002254;40.61;-20.02041098997746
2018-07-29 13:00:00;20.01401677057701;40.98;-20.96598322942299
2018-07-29 14:00:00;20.01343566687704;36.76;-16.746564333122958
2018-07-29 15:00:00;20.58783874608273;37.4;-16.812161253917267
2018-07-29 16:00:00;26.4116538533661;41.53;-15.1183461466339
2018-07-29 17:00:00;40.48840994692633;42.01;-1.5215900530736661
2018-07-29 18:00:00;45.33974181828087;50.73;-5.390258181719126
2018-07-29 19:00:00;47.50893869830414;55.76;-8.251061301695856
2018-07-29 20:00:00;48.052537829186186;57.43;-9.377462170813814
2018-07-29 21:00:00;47.50893869830414;57.94;-10.431061301695856
2018-07-29 22:00:00;45.881269030949625;57.22;-11.338730969050374
2018-07-29 23:00:00;42.639651673993846;53.65;-11.010348326006152
2018-07-30 00:00:00;38.876637337893385;49.87;-10.993362662106613
2018-07-30 01:00:00;37.88782621971851;46.58;-8.692173780281486
2018-07-30 02:00:00;37.887166494171794;45.04;-7.152833505828205
2018-07-30 03:00:00;37.88650676862507;44.26;-6.37349323137493
2018-07-30 04:00:00;46.13137715178773;44.81;1.321377151787729
2018-07-30 05:00:00;52.05966417770518;45.04;7.019664177705181
2018-07-30 06:00:00;56.12631825985866;52.56;3.5663182598586545
2018-07-30 07:00:00;59.037436559945206;59.21;-0.17256344005479463
2018-07-30 08:00:00;59.59181224009688;60.99;-1.3981877599031236
2018-07-30 09:00:00;58.8917029168986;61.08;-2.1882970831013964
2018-07-30 10:00:00;57.37433751830898;57.36;0.014337518308977337
2018-07-30 11:00:00;55.71667216574424;57.06;-1.34332783425576
2018-07-30 12:00:00;55.71667216574424;55.91;-0.19332783425575428
2018-07-30 13:00:00;55.43632887775821;54.47;0.9663288777582082
2018-07-30 14:00:00;56.80780989917108;53.55;3.257809899171086
2018-07-30 15:00:00;58.48245830993555;54.54;3.942458309935553
2018-07-30 16:00:00;59.037436559945206;55.94;3.0974365599452085
2018-07-30 17:00:00;59.037436559945206;61.45;-2.4125634400547966
2018-07-30 18:00:00;59.58406145741373;62.8;-3.215938542586265
2018-07-30 19:00:00;59.037436559945206;64.63;-5.592563440054789
2018-07-30 20:00:00;59.5825113008771;63.46;-3.8774886991228996
2018-07-30 21:00:00;59.037436559945206;62.06;-3.022563440054796
2018-07-30 22:00:00;54.614516582471424;60.37;-5.755483417528573
2018-07-30 23:00:00;47.41876488313608;51.46;-4.041235116863923
2018-07-31 00:00:00;47.391129400989975;47.02;0.3711294009899717
2018-07-31 01:00:00;46.951990478089634;45.98;0.9719904780896371
2018-07-31 02:00:00;46.951990478089634;45.25;1.701990478089634
2018-07-31 03:00:00;47.3890066209933;44.34;3.0490066209932962
2018-07-31 04:00:00;46.951990478089634;44.03;2.921990478089633
2018-07-31 05:00:00;54.71401494858318;46.07;8.644014948583177
2018-07-31 06:00:00;61.25243992606283;51.91;9.34243992606283
2018-07-31 07:00:00;61.25243992606283;62.48;-1.2275600739371697
2018-07-31 08:00:00;61.25243992606283;65.77;-4.517560073937169
2018-07-31 09:00:00;60.95033254419398;65.9;-4.949667455806029
2018-07-31 10:00:00;58.47146292218483;62.03;-3.558537077815174
2018-07-31 11:00:00;55.70582339867894;60.73;-5.024176601321059
2018-07-31 12:00:00;55.15448214159317;56.65;-1.4955178584068278
2018-07-31 13:00:00;54.05354845841909;54.46;-0.406451541580914
2018-07-31 14:00:00;52.95491586545842;52.87;0.08491586545842011
2018-07-31 15:00:00;55.15448214159317;53.1;2.0544821415931693
2018-07-31 16:00:00;58.47146292218483;54.02;4.451462922184824
2018-07-31 17:00:00;60.94406550660717;61.01;-0.06593449339283097
2018-07-31 18:00:00;61.25243992606283;65.06;-3.807560073937175
2018-07-31 19:00:00;61.25243992606283;65.96;-4.707560073937167
2018-07-31 20:00:00;61.25243992606283;65.32;-4.067560073937166
2018-07-31 21:00:00;59.02641137119088;65.32;-6.293588628809111
2018-07-31 22:00:00;54.02241114817535;63.68;-9.657588851824649
2018-07-31 23:00:00;50.66691829068533;52.93;-2.263081709314669
2018-08-01 00:00:00;48.48776013847193;47.13;1.3577601384719244
2018-08-01 01:00:00;48.48811565482087;47.0;1.4881156548208665
2018-08-01 02:00:00;48.4884711711698;44.89;3.5984711711697983
2018-08-01 03:00:00;48.48882668751873;44.12;4.368826687518734
2018-08-01 04:00:00;49.31304707125394;44.21;5.10304707125394
2018-08-01 05:00:00;58.63437881367008;45.96;12.674378813670081
2018-08-01 06:00:00;61.45310237910677;49.4;12.053102379106768
2018-08-01 07:00:00;61.44812741328919;58.83;2.6181274132891943
2018-08-01 08:00:00;62.57478256247765;60.52;2.054782562477648
2018-08-01 09:00:00;62.57665616543112;62.0;0.5766561654311175
2018-08-01 10:00:00;62.5785297683846;60.43;2.1485297683845985
2018-08-01 11:00:00;62.58040337133807;59.1;3.4804033713380704
2018-08-01 12:00:00;62.02295596439427;58.22;3.802955964394272
2018-08-01 13:00:00;59.79394165978634;57.8;1.9939416597863442
2018-08-01 14:00:00;60.03817175400573;57.99;2.048171754005729
2018-08-01 15:00:00;60.354415929166834;58.0;2.3544159291668336
2018-08-01 16:00:00;62.5897713861054;58.24;4.349771386105395
2018-08-01 17:00:00;62.591644989058864;63.03;-0.4383550109411374
2018-08-01 18:00:00;62.59351859201234;65.0;-2.4064814079876626
2018-08-01 19:00:00;62.59539219496581;65.87;-3.2746078050341936
2018-08-01 20:00:00;62.59726579791928;64.0;-1.4027342020807225
2018-08-01 21:00:00;62.59913940087274;63.59;-0.9908605991272665
2018-08-01 22:00:00;62.04164051570828;62.54;-0.4983594842917185
2018-08-01 23:00:00;57.03763367033829;53.77;3.2676336703382844
2018-08-02 00:00:00;50.66144360769427;47.77;2.8914436076942636
2018-08-02 01:00:00;49.42003468659718;46.13;3.290034686597174
2018-08-02 02:00:00;49.42179208520397;46.78;2.641792085203967
2018-08-02 03:00:00;49.423549483810746;45.21;4.213549483810745
2018-08-02 04:00:00;52.16044826289577;45.3;6.860448262895773
2018-08-02 05:00:00;59.53786736912772;46.81;12.727867369127715
2018-08-02 06:00:00;62.1310991578716;53.06;9.0710991578716
2018-08-02 07:00:00;62.36848735826827;62.21;0.15848735826826754
2018-08-02 08:00:00;62.69446532138048;64.66;-1.9655346786195196
2018-08-02 09:00:00;62.69633892433396;65.7;-3.003661075666045
2018-08-02 10:00:00;62.369668754452846;65.7;-3.330331245547157
2018-08-02 11:00:00;62.70008613024089;64.99;-2.289913869759104
2018-08-02 12:00:00;60.94921051514488;64.15;-3.200789484855129
2018-08-02 13:00:00;58.244478860799646;62.85;-4.605521139200356
2018-08-02 14:00:00;60.470940922765735;61.08;-0.6090590772342637
2018-08-02 15:00:00;62.14791525405423;61.94;0.20791525405423528
2018-08-02 16:00:00;62.70945414500823;63.07;-0.36054585499176994
2018-08-02 17:00:00;62.7113277479617;66.42;-3.708672252038305
2018-08-02 18:00:00;62.37281914427837;67.98;-5.607180855721637
2018-08-02 19:00:00;62.37321294300656;69.41;-7.03678705699344
2018-08-02 20:00:00;62.7169485568221;67.72;-5.003051443177895
2018-08-02 21:00:00;62.71882215977558;67.1;-4.381177840224417
2018-08-02 22:00:00;59.544420811182334;65.44;-5.895579188817663
2018-08-02 23:00:00;52.19427593122225;56.01;-3.8157240687777474
2018-08-03 00:00:00;47.295602122713305;52.37;-5.0743978772866924
2018-08-03 01:00:00;47.2973415409929;51.14;-3.8426584590070973
2018-08-03 02:00:00;47.299080959272494;49.09;-1.790919040727509
2018-08-03 03:00:00;47.30082037755208;48.35;-1.049179622447923
2018-08-03 04:00:00;49.4815008979005;48.47;1.011500897900504
2018-08-03 05:00:00;54.9691185709162;49.98;4.9891185709162045
2018-08-03 06:00:00;57.49571070513158;58.7;-1.204289294868424
2018-08-03 07:00:00;59.96000490682775;68.6;-8.639995093172246
2018-08-03 08:00:00;59.58739658799153;69.98;-10.392603412008476
2018-08-03 09:00:00;59.96370119412025;70.26;-10.296298805879758
2018-08-03 10:00:00;57.74284751605828;70.46;-12.71715248394171
2018-08-03 11:00:00;54.75027498767491;70.0;-15.249725012325086
2018-08-03 12:00:00;52.71906199904368;65.93;-13.210938000956325
2018-08-03 13:00:00;52.71942819510447;62.92;-10.200571804895532
2018-08-03 14:00:00;53.39432178409621;60.38;-6.985678215903789
2018-08-03 15:00:00;54.07187682044544;61.09;-7.018123179554564
2018-08-03 16:00:00;54.4377666086352;65.92;-11.482233391364801
2018-08-03 17:00:00;59.421844838282304;69.72;-10.298155161717695
2018-08-03 18:00:00;59.59125155390602;70.51;-10.918748446093986
2018-08-03 19:00:00;59.4255311074587;75.49;-16.064468892541292
2018-08-03 20:00:00;56.65335567062971;70.35;-13.696644329370287
2018-08-03 21:00:00;53.39689805505252;70.01;-16.613101944947488
2018-08-03 22:00:00;54.44856208357852;66.98;-12.531437916421481
2018-08-03 23:00:00;48.42418424830999;58.61;-10.185815751690008
2018-08-04 00:00:00;44.17917777520286;55.84;-11.660822224797144
2018-08-04 01:00:00;42.899310547207456;51.51;-8.610689452792542
2018-08-04 02:00:00;42.26271937646786;49.94;-7.677280623532141
2018-08-04 03:00:00;43.548753027442025;49.5;-5.951246972557975
2018-08-04 04:00:00;45.46944229585591;48.75;-3.280557704144087
2018-08-04 05:00:00;45.71702847308989;48.73;-3.012971526910107
2018-08-04 06:00:00;47.4202816697636;49.96;-2.539718330236404
2018-08-04 07:00:00;47.34952408938065;51.63;-4.2804759106193515
2018-08-04 08:00:00;47.420985856843416;54.89;-7.469014143156585
2018-08-04 09:00:00;46.80945999279434;56.46;-9.650540007205663
2018-08-04 10:00:00;45.471524782719584;53.79;-8.318475217280415
2018-08-04 11:00:00;44.82631683775482;51.68;-6.853683162245183
2018-08-04 12:00:00;42.48464515150043;51.11;-8.625354848499569
2018-08-04 13:00:00;41.94733503271615;49.33;-7.382664967283851
2018-08-04 14:00:00;42.9037385527581;45.65;-2.746261447241899
2018-08-04 15:00:00;43.54313865992624;45.05;-1.5068613400737547
2018-08-04 16:00:00;45.73601637217288;45.1;0.6360163721728753
2018-08-04 17:00:00;46.82333983710494;49.7;-2.876660162895064
2018-08-04 18:00:00;47.36865769045616;52.76;-5.3913423095438375
2018-08-04 19:00:00;47.42485888578236;56.26;-8.835141114217635
2018-08-04 20:00:00;47.42521097932226;54.47;-7.04478902067774
2018-08-04 21:00:00;46.287204845786135;53.09;-6.802795154213868
2018-08-04 22:00:00;43.58122065390132;52.09;-8.508779346098684
2018-08-04 23:00:00;35.53263557454099;49.53;-13.997364425459011
2018-08-05 00:00:00;32.94992634334647;52.01;-19.06007365665353
2018-08-05 01:00:00;32.95024333948923;50.03;-17.079756660510775
2018-08-05 02:00:00;32.343678255195826;49.41;-17.06632174480417
2018-08-05 03:00:00;32.95087733177475;47.86;-14.909122668225251
2018-08-05 04:00:00;32.95119432791751;46.07;-13.118805672082487
2018-08-05 05:00:00;32.95151132406027;45.07;-12.11848867593973
2018-08-05 06:00:00;32.951828320203035;45.68;-12.728171679796965
2018-08-05 07:00:00;32.95214531634579;47.44;-14.487854683654206
2018-08-05 08:00:00;32.95246231248856;49.44;-16.48753768751144
2018-08-05 09:00:00;32.3458876526641;49.78;-17.434112347335898
2018-08-05 10:00:00;32.95309630477407;46.09;-13.136903695225932
2018-08-05 11:00:00;32.95341330091684;45.6;-12.646586699083159
2018-08-05 12:00:00;32.95373029705959;45.04;-12.086269702940406
2018-08-05 13:00:00;32.95404729320236;43.54;-10.585952706797642
2018-08-05 14:00:00;32.954364289345115;35.85;-2.8956357106548865
2018-08-05 15:00:00;32.95468128548788;43.52;-10.565318714512124
2018-08-05 16:00:00;36.01543807872756;44.41;-8.394561921272434
2018-08-05 17:00:00;41.456182312077104;49.0;-7.543817687922896
2018-08-05 18:00:00;46.13046710812298;52.54;-6.409532891877021
2018-08-05 19:00:00;50.73088657790408;62.03;-11.299113422095921
2018-08-05 20:00:00;51.39813328220691;64.95;-13.55186671779309
2018-08-05 21:00:00;51.784519374497066;65.69;-13.905480625502932
2018-08-05 22:00:00;46.78196639904678;67.59;-20.808033600953223
2018-08-05 23:00:00;45.48436678504556;63.0;-17.51563321495444
2018-08-06 00:00:00;42.27831507569891;50.05;-7.771684924301084
2018-08-06 01:00:00;40.93152525522773;47.99;-7.058474744772269
2018-08-06 02:00:00;40.93321287431407;47.02;-6.08678712568593
2018-08-06 03:00:00;40.93490049340043;46.02;-5.085099506599576
2018-08-06 04:00:00;46.88406415596383;45.08;1.8040641559638289
2018-08-06 05:00:00;52.74286474299472;47.1;5.642864742994718
2018-08-06 06:00:00;54.7751842610593;54.38;0.39518426105929905
2018-08-06 07:00:00;58.21755500883001;64.94;-6.722444991169986
2018-08-06 08:00:00;58.425920828927374;68.01;-9.58407917107263
2018-08-06 09:00:00;57.872654616039895;68.34;-10.467345383960108
2018-08-06 10:00:00;56.1449589339421;65.94;-9.795041066057898
2018-08-06 11:00:00;55.66193497955516;64.45;-8.78806502044484
2018-08-06 12:00:00;55.11163606098518;62.36;-7.248363939014823
2018-08-06 13:00:00;54.5619145704834;59.72;-5.158085429516596
2018-08-06 14:00:00;54.09813971994614;60.42;-6.321860280053862
2018-08-06 15:00:00;57.32910631931896;63.06;-5.730893680681042
2018-08-06 16:00:00;58.44058640884581;66.99;-8.549413591154185
2018-08-06 17:00:00;58.22136976307152;71.71;-13.488630236928472
2018-08-06 18:00:00;58.22175123849566;76.42;-18.19824876150434
2018-08-06 19:00:00;58.22213271391983;85.96;-27.737867286080167
2018-08-06 20:00:00;58.222514189343975;79.19;-20.967485810656022
2018-08-06 21:00:00;58.22289566476813;74.82;-16.59710433523186
2018-08-06 22:00:00;54.78113274425557;71.61;-16.828867255744427
2018-08-06 23:00:00;49.09547588574674;63.05;-13.95452411425326
2018-08-07 00:00:00;47.41056236411345;58.11;-10.699437635886547
2018-08-07 01:00:00;46.32543511180294;52.42;-6.094564888197063
2018-08-07 02:00:00;46.3271656771872;51.01;-4.682834322812795
2018-08-07 03:00:00;46.32889624257147;49.75;-3.421103757428533
2018-08-07 04:00:00;50.1440272634368;49.53;0.614027263436796
2018-08-07 05:00:00;54.64225201995146;51.51;3.1322520199514585
2018-08-07 06:00:00;57.30192210588428;57.99;-0.6880778941157217
2018-08-07 07:00:00;58.4132556341098;68.85;-10.436744365890192
2018-08-07 08:00:00;58.41508883159961;71.73;-13.314911168400393
2018-08-07 09:00:00;58.08230060834493;70.68;-12.597699391655077
2018-08-07 10:00:00;58.08268208376909;69.0;-10.917317916230907
2018-08-07 11:00:00;57.3110389407183;67.94;-10.6289610592817
2018-08-07 12:00:00;56.69946243937439;66.92;-10.220537560625608
2018-08-07 13:00:00;55.327306906702354;65.75;-10.422693093297646
2018-08-07 14:00:00;57.3165090416187;66.11;-8.793490958381298
2018-08-07 15:00:00;56.01291501185478;66.99;-10.977084988145215
2018-08-07 16:00:00;57.87464962318778;69.12;-11.245350376812226
2018-08-07 17:00:00;58.08535241173814;72.59;-14.50464758826186
2018-08-07 18:00:00;58.43342080649766;77.87;-19.436579193502347
2018-08-07 19:00:00;58.43525400398746;79.96;-21.524745996012534
2018-08-07 20:00:00;58.43708720147727;78.28;-19.842912798522732
2018-08-07 21:00:00;54.01472409309223;70.2;-16.185275906907776
2018-08-07 22:00:00;50.1757423980151;66.91;-16.734257601984893
2018-08-07 23:00:00;47.97178898053502;53.04;-5.068211019464982
2018-08-08 00:00:00;45.2802411237941;47.77;-2.4897588762059044
2018-08-08 01:00:00;44.08168609398257;46.41;-2.328313906017428
2018-08-08 02:00:00;44.08202991206866;45.49;-1.4079700879313393
2018-08-08 03:00:00;44.08237373015476;43.9;0.1823737301547581
2018-08-08 04:00:00;44.08271754824085;43.9;0.18271754824085207
2018-08-08 05:00:00;48.63044079464837;46.66;1.9704407946483755
2018-08-08 06:00:00;55.13344881384495;51.15;3.9834488138449515
2018-08-08 07:00:00;55.68742338575984;58.71;-3.022576614240158
2018-08-08 08:00:00;55.6892322030504;65.06;-9.3707677969496
2018-08-08 09:00:00;55.69104102034095;65.04;-9.34895897965906
2018-08-08 10:00:00;52.93775291960034;59.12;-6.182247080399655
2018-08-08 11:00:00;54.0398470647606;55.79;-1.7501529352393987
2018-08-08 12:00:00;49.107905828737664;50.54;-1.4320941712623352
2018-08-08 13:00:00;46.02111883976384;46.9;-0.8788811602361619
2018-08-08 14:00:00;44.221269870710685;49.44;-5.2187301292893125
2018-08-08 15:00:00;44.08649954718789;50.97;-6.8835004528121075
2018-08-08 16:00:00;46.39292716178916;54.56;-8.167072838210842
2018-08-08 17:00:00;47.97815732052506;62.96;-14.981842679474944
2018-08-08 18:00:00;52.95203353606599;65.7;-12.747966463934013
2018-08-08 19:00:00;55.70912919324651;67.85;-12.140870806753483
2018-08-08 20:00:00;55.71093801053708;67.68;-11.96906198946293
2018-08-08 21:00:00;55.71274682782763;68.0;-12.28725317217237
2018-08-08 22:00:00;53.5090932427009;68.01;-14.500906757299106
2018-08-08 23:00:00;51.9562251155764;64.97;-13.013774884423597
2018-08-09 00:00:00;47.98063389718785;50.57;-2.58936610281215
2018-08-09 01:00:00;45.86563674741112;47.47;-1.6043632525888754
2018-08-09 02:00:00;44.24182739728068;46.14;-1.8981726027193204
2018-08-09 03:00:00;44.090625364221;45.07;-0.9793746357790027
2018-08-09 04:00:00;46.95709156881964;45.08;1.877091568819644
2018-08-09 05:00:00;52.422286664919454;47.76;4.662286664919456
2018-08-09 06:00:00;53.98104565777231;55.5;-1.518954342227687
2018-08-09 07:00:00;55.7308350007332;64.11;-8.379164999266798
2018-08-09 08:00:00;55.73264381802376;65.08;-9.347356181976238
2018-08-09 09:00:00;55.73445263531431;64.88;-9.145547364685683
2018-08-09 10:00:00;53.53057054414113;64.67;-11.139429455858874
2018-08-09 11:00:00;49.30007846468769;64.59;-15.289921535312317
2018-08-09 12:00:00;47.9848794571812;62.77;-14.785120542818802
2018-08-09 13:00:00;45.34394780325207;60.0;-14.656052196747929
2018-08-09 14:00:00;44.80377353750715;57.56;-12.756226462492855
2018-08-09 15:00:00;43.45397393250017;56.03;-12.576026067499832
2018-08-09 16:00:00;39.41545438243135;54.39;-14.974545617568651
2018-08-09 17:00:00;38.40277921745551;56.54;-18.13722078254449
2018-08-09 18:00:00;41.03124869218273;58.76;-17.72875130781727
2018-08-09 19:00:00;41.5713801997971;56.9;-15.328619800202901
2018-08-09 20:00:00;41.57307201735532;52.36;-10.786927982644677
2018-08-09 21:00:00;39.96084824289905;50.0;-10.039151757100953
2018-08-09 22:00:00;35.67934674976911;49.54;-13.86065325023089
2018-08-09 23:00:00;31.05244889519065;45.78;-14.72755110480935
2018-08-10 00:00:00;31.251239192737096;32.68;-1.428760807262904
2018-08-10 01:00:00;31.251552120196003;24.4;6.851552120196004
2018-08-10 02:00:00;29.449454336772693;18.68;10.769454336772693
2018-08-10 03:00:00;31.252177975113824;18.43;12.822177975113824
2018-08-10 04:00:00;30.6500739992786;18.49;12.160073999278602
2018-08-10 05:00:00;38.44763233423451;29.4;9.047632334234514
2018-08-10 06:00:00;39.24177048864032;43.81;-4.568229511359682
2018-08-10 07:00:00;38.987290907120126;49.69;-10.702709092879871
2018-08-10 08:00:00;38.98896193865221;52.02;-13.031038061347793
2018-08-10 09:00:00;39.24276456013824;52.77;-13.527235439861762
2018-08-10 10:00:00;38.99230400171639;51.08;-12.087695998283607
2018-08-10 11:00:00;39.2434272744702;50.6;-11.356572725529801
2018-08-10 12:00:00;38.45930088251179;48.66;-10.200699117488206
2018-08-10 13:00:00;38.46096781797997;45.55;-7.089032182020027
2018-08-10 14:00:00;38.46263475344815;44.05;-5.5873652465518475
2018-08-10 15:00:00;38.464301688916336;44.7;-6.235698311083667
2018-08-10 16:00:00;39.24508406030008;48.04;-8.79491593969992
2018-08-10 17:00:00;39.24541541746605;52.96;-13.714584582533952
2018-08-10 18:00:00;39.0056722539731;59.36;-20.354327746026897
2018-08-10 19:00:00;39.0073432855052;61.95;-22.942656714494802
2018-08-10 20:00:00;39.00901431703729;61.5;-22.49098568296271
2018-08-10 21:00:00;39.010685348569375;58.99;-19.979314651430627
2018-08-10 22:00:00;37.37627968236704;57.0;-19.62372031763296
2018-08-10 23:00:00;26.78528894548542;53.79;-27.00471105451458
2018-08-11 00:00:00;24.738025802580264;49.43;-24.691974197419736
2018-08-11 01:00:00;25.30502310169274;45.8;-20.494976898307257
2018-08-11 02:00:00;25.30532319024216;44.02;-18.714676809757844
2018-08-11 03:00:00;25.894220763962757;41.39;-15.495779236037244
2018-08-11 04:00:00;26.48458385851326;40.64;-14.15541614148674
2018-08-11 05:00:00;26.48488642986571;41.01;-14.525113570134287
2018-08-11 06:00:00;27.66977996754944;41.52;-13.850220032450562
2018-08-11 07:00:00;31.260939943963272;44.22;-12.959060056036726
2018-08-11 08:00:00;31.86534579501741;47.97;-16.104654204982587
2018-08-11 09:00:00;24.720264071592407;47.63;-22.909735928407596
2018-08-11 10:00:00;24.13482950059977;45.02;-20.885170499400232
2018-08-11 11:00:00;24.135127146760706;42.04;-17.904872853239294
2018-08-11 12:00:00;24.135424792921636;37.44;-13.304575207078361
2018-08-11 13:00:00;24.13572243908257;27.62;-3.4842775609174303
2018-08-11 14:00:00;24.1360200852435;23.44;0.6960200852435001
2018-08-11 15:00:00;23.55198844048658;28.19;-4.638011559513423
2018-08-11 16:00:00;23.552284880301595;33.89;-10.337715119698405
2018-08-11 17:00:00;28.863830278478765;41.09;-12.226169721521238
2018-08-11 18:00:00;30.061064974279205;49.6;-19.538935025720797
2018-08-11 19:00:00;30.06137524681442;57.98;-27.918624753185576
2018-08-11 20:00:00;30.06168551934964;58.92;-28.85831448065036
2018-08-11 21:00:00;30.06199579188485;60.53;-30.46800420811515
2018-08-11 22:00:00;30.06230606442008;60.68;-30.61769393557992
2018-08-11 23:00:00;30.06261633695529;58.39;-28.32738366304471
2018-08-12 00:00:00;30.06292660949051;48.22;-18.15707339050949
2018-08-12 01:00:00;28.270165152961457;45.0;-16.729834847038543
2018-08-12 02:00:00;26.491240428267105;42.8;-16.308759571732892
2018-08-12 03:00:00;23.55554571826678;42.05;-18.494454281733216
2018-08-12 04:00:00;21.811099924886;40.99;-19.178900075114
2018-08-12 05:00:00;21.811392803629623;40.93;-19.118607196370377
2018-08-12 06:00:00;22.698628184571533;41.47;-18.771371815428466
2018-08-12 07:00:00;22.39219739325689;40.97;-18.57780260674311
2018-08-12 08:00:00;22.39249144947977;41.1;-18.70750855052023
2018-08-12 09:00:00;22.39278550570266;39.9;-17.50721449429734
2018-08-12 10:00:00;22.393079561925543;35.07;-12.676920438074458
2018-08-12 11:00:00;22.393373618148438;34.65;-12.25662638185156
2018-08-12 12:00:00;22.39366767437132;33.11;-10.71633232562868
2018-08-12 13:00:00;21.813735833578622;27.62;-5.8062641664213785
2018-08-12 14:00:00;22.394255786817087;21.96;0.43425578681708643
2018-08-12 15:00:00;22.39454984303997;24.83;-2.4354501569600266
2018-08-12 16:00:00;30.66876965979144;27.33;3.338769659791442
2018-08-12 17:00:00;39.62124293637127;42.56;-2.938757063628735
2018-08-12 18:00:00;43.395627652263016;51.19;-7.7943723477369815
2018-08-12 19:00:00;47.73904802737779;57.55;-9.810951972622206
2018-08-12 20:00:00;48.831446344343696;61.35;-12.518553655656305
2018-08-12 21:00:00;48.833194706560256;63.02;-14.186805293439747
2018-08-12 22:00:00;45.02678146899134;62.1;-17.073218531008663
2018-08-12 23:00:00;42.32375212148983;57.73;-15.406247878510165
2018-08-13 00:00:00;38.62911546594579;50.6;-11.970884534054214
2018-08-13 01:00:00;38.8141307625669;47.08;-8.265869237433101
2018-08-13 02:00:00;38.81446062534026;44.97;-6.155539374659739
2018-08-13 03:00:00;38.814790488113616;44.18;-5.365209511886384
2018-08-13 04:00:00;46.7385562341149;44.06;2.6785562341149003
2018-08-13 05:00:00;50.41276219499027;47.26;3.1527621949902738
2018-08-13 06:00:00;53.09275863402414;53.69;-0.5972413659758544
2018-08-13 07:00:00;53.86117837703931;60.79;-6.92882162296069
2018-08-13 08:00:00;53.862968152159326;61.93;-8.067031847840674
2018-08-13 09:00:00;53.86475792727934;62.23;-8.365242072720655
2018-08-13 10:00:00;54.41798425256862;61.38;-6.96201574743138
2018-08-13 11:00:00;53.86833747751939;62.0;-8.13166252248061
2018-08-13 12:00:00;53.31926015970488;61.91;-8.590739840295115
2018-08-13 13:00:00;53.87191702775944;59.81;-5.938082972240565
2018-08-13 14:00:00;52.22279605192912;58.05;-5.827203948070874
2018-08-13 15:00:00;51.75108448405462;56.16;-4.408915515945374
2018-08-13 16:00:00;53.87728635311949;58.13;-4.252713646880515
2018-08-13 17:00:00;53.879076128239504;60.14;-6.260923871760497
2018-08-13 18:00:00;53.880865903359535;59.91;-6.029134096640462
2018-08-13 19:00:00;54.43413473435544;62.09;-7.6558652656445645
2018-08-13 20:00:00;53.88444545359957;59.9;-6.0155545464004305
2018-08-13 21:00:00;53.8862352287196;59.99;-6.103764771280403
2018-08-13 22:00:00;49.75523228985511;56.7;-6.944767710144895
2018-08-13 23:00:00;45.68438307483496;50.83;-5.1456169251650365
2018-08-14 00:00:00;43.3350216610157;49.41;-6.074978338984295
2018-08-14 01:00:00;42.69641081896489;47.88;-5.18358918103511
2018-08-14 02:00:00;43.014707881738;46.88;-3.865292118262005
2018-08-14 03:00:00;43.01640815922328;45.7;-2.683591840776721
2018-08-14 04:00:00;42.69742792978431;45.77;-3.072572070215692
2018-08-14 05:00:00;49.54377333462566;48.22;1.3237733346256633
2018-08-14 06:00:00;53.19445274488839;53.47;-0.2755472551116114
2018-08-14 07:00:00;53.93981966399291;61.71;-7.770180336007094
2018-08-14 08:00:00;53.94160943911292;64.07;-10.12839056088707
2018-08-14 09:00:00;53.94339921423294;64.39;-10.44660078576706
2018-08-14 10:00:00;53.19591752913153;64.03;-10.834082470868474
2018-08-14 11:00:00;53.87320874567463;63.53;-9.65679125432537
2018-08-14 12:00:00;51.19911045575805;59.9;-8.700889544241946
2018-08-14 13:00:00;48.53034277830663;51.83;-3.2996572216933657
2018-08-14 14:00:00;44.624142466298885;48.0;-3.375857533701115
2018-08-14 15:00:00;46.56749833307553;45.6;0.9674983330755254
2018-08-14 16:00:00;48.47037227334592;45.81;2.6603722733459207
2018-08-14 17:00:00;53.40662040287186;50.92;2.486620402871857
2018-08-14 18:00:00;53.95950719031312;59.89;-5.930492809686882
2018-08-14 19:00:00;53.96129696543315;63.53;-9.568703034566852
2018-08-14 20:00:00;53.963086740553166;63.44;-9.476913259446832
2018-08-14 21:00:00;49.57181923487596;63.49;-13.918180765124042
2018-08-14 22:00:00;46.5699394851457;62.15;-15.580060514854296
2018-08-14 23:00:00;44.62723682907373;51.77;-7.142763170926273
2018-08-15 00:00:00;43.05211398641429;48.73;-5.677886013585706
2018-08-15 01:00:00;42.70454770552023;48.05;-5.34545229447977
2018-08-15 02:00:00;43.05551454138485;47.85;-4.794485458615149
2018-08-15 03:00:00;43.057214818870136;46.01;-2.9527851811298618
2018-08-15 04:00:00;43.05891509635543;44.43;-1.3710849036445723
2018-08-15 05:00:00;45.77036849664003;46.05;-0.27963150335996545
2018-08-15 06:00:00;51.23090797580088;49.32;1.9109079758008818
2018-08-15 07:00:00;51.78156055368163;53.14;-1.3584394463183713
2018-08-15 08:00:00;51.18878007715757;58.25;-7.061219922842433
2018-08-15 09:00:00;49.196686757488365;57.85;-8.653313242511636
2018-08-15 10:00:00;47.88088565019349;53.69;-5.8091143498065065
2018-08-15 11:00:00;49.04966209010205;54.4;-5.350337909897945
2018-08-15 12:00:00;45.9248774526376;52.23;-6.305122547362394
2018-08-15 13:00:00;43.98875916152252;49.01;-5.021240838477475
2018-08-15 14:00:00;44.70036220512343;48.25;-3.549637794876567
2018-08-15 15:00:00;48.51048148529325;47.96;0.5504814852932469
2018-08-15 16:00:00;49.1991753719309;48.66;0.5391753719309023
2018-08-15 17:00:00;51.79927185070533;53.0;-1.2007281492946689
2018-08-15 18:00:00;54.0024617931936;62.21;-8.207538206806397
2018-08-15 19:00:00;54.004251568313634;64.28;-10.275748431686367
2018-08-15 20:00:00;54.00604134343365;65.0;-10.993958656566349
2018-08-15 21:00:00;52.90595025125052;64.83;-11.924049748749475
2018-08-15 22:00:00;48.54201806828838;63.83;-15.28798193171162
2018-08-15 23:00:00;44.63548846313997;55.75;-11.114511536860029
2018-08-16 00:00:00;42.68654104680283;49.88;-7.193458953197172
2018-08-16 01:00:00;42.68688008374264;47.97;-5.283119916257355
2018-08-16 02:00:00;42.68721912068244;47.39;-4.702780879317558
2018-08-16 03:00:00;43.08785082666661;46.82;-3.73214917333339
2018-08-16 04:00:00;43.08955110415189;46.51;-3.4204488958481107
2018-08-16 05:00:00;49.07067432682749;48.5;0.5706743268274934
2018-08-16 06:00:00;49.83868397894986;55.0;-5.1613160210501405
2018-08-16 07:00:00;54.01502286453194;62.11;-8.094977135468056
2018-08-16 08:00:00;51.83904028101573;63.63;-11.790959718984276
2018-08-16 09:00:00;47.44059205902308;61.29;-13.849407940976917
2018-08-16 10:00:00;46.353587363764426;55.01;-8.656412636235572
2018-08-16 11:00:00;45.90644355658529;53.03;-7.123556443414714
2018-08-16 12:00:00;46.35703970905224;51.02;-4.662960290947765
2018-08-16 13:00:00;47.20913855636434;50.72;-3.5108614436356618
2018-08-16 14:00:00;47.44926696171721;50.46;-3.010733038282794
2018-08-16 15:00:00;49.63495448276543;50.8;-1.1650455172345673
2018-08-16 16:00:00;54.03113084061212;51.88;2.151130840612119
2018-08-16 17:00:00;54.03292061573214;62.44;-8.40707938426786
2018-08-16 18:00:00;54.03471039085216;65.7;-11.665289609147841
2018-08-16 19:00:00;54.036500165972186;67.01;-12.97349983402782
2018-08-16 20:00:00;54.0382899410922;67.06;-13.0217100589078
2018-08-16 21:00:00;54.04007971621222;66.2;-12.159920283787784
2018-08-16 22:00:00;50.74252314519548;64.39;-13.647476854804523
2018-08-16 23:00:00;49.10214484672542;60.03;-10.927855153274578
2018-08-17 00:00:00;45.868437939148855;50.66;-4.791562060851142
2018-08-17 01:00:00;42.781031998074425;49.39;-6.608968001925575
2018-08-17 02:00:00;42.78137103501423;47.44;-4.658628964985766
2018-08-17 03:00:00;42.78171007195404;46.5;-3.7182899280459623
2018-08-17 04:00:00;49.69269257761072;47.02;2.672692577610718
2018-08-17 05:00:00;54.09008460124549;48.08;6.010084601245495
2018-08-17 06:00:00;53.96322836378312;56.64;-2.676771636216884
2018-08-17 07:00:00;54.09366415148554;62.88;-8.786335848514462
2018-08-17 08:00:00;53.96396444119921;64.44;-10.476035558800788
2018-08-17 09:00:00;53.96433247990725;64.39;-10.425667520092752
2018-08-17 10:00:00;53.54756551759058;63.05;-9.50243448240942
2018-08-17 11:00:00;53.965068557323335;62.82;-8.854931442676666
2018-08-17 12:00:00;53.2880498214134;61.96;-8.671950178586599
2018-08-17 13:00:00;51.27197269889908;59.27;-7.998027301100926
2018-08-17 14:00:00;50.805846287675294;55.24;-4.434153712324708
2018-08-17 15:00:00;49.1649795860985;54.32;-5.155020413901504
2018-08-17 16:00:00;53.55827597993981;57.21;-3.6517240200601933
2018-08-17 17:00:00;54.111561902685736;63.0;-8.888438097314264
2018-08-17 18:00:00;54.11335167780575;64.46;-10.346648322194241
2018-08-17 19:00:00;53.968012866987685;64.6;-10.63198713301231
2018-08-17 20:00:00;54.1169312280458;64.57;-10.453068771954193
2018-08-17 21:00:00;52.46589088206839;64.48;-12.01410911793161
2018-08-17 22:00:00;51.27521969358267;63.9;-12.624780306417328
2018-08-17 23:00:00;44.27963033125634;54.58;-10.300369668743656
2018-08-18 00:00:00;40.499255285620045;57.28;-16.780744714379956
2018-08-18 01:00:00;37.74735172911923;55.41;-17.662648270880766
2018-08-18 02:00:00;36.20897035092048;49.31;-13.101029649079521
2018-08-18 03:00:00;32.21955400844672;47.55;-15.330445991553276
2018-08-18 04:00:00;32.21986828047882;47.3;-15.080131719521177
2018-08-18 05:00:00;35.14508016837355;47.05;-11.904919831626444
2018-08-18 06:00:00;36.50787329685836;47.89;-11.382126703141644
2018-08-18 07:00:00;38.99796223059998;49.5;-10.502037769400019
2018-08-18 08:00:00;39.974312090885945;53.89;-13.915687909114055
2018-08-18 09:00:00;36.755607818010745;56.41;-19.65439218198925
2018-08-18 10:00:00;32.82904475108758;53.6;-20.770955248912422
2018-08-18 11:00:00;32.222068184703495;53.51;-21.287931815296503
2018-08-18 12:00:00;32.22238245673559;47.42;-15.197617543264414
2018-08-18 13:00:00;32.22269672876769;46.06;-13.837303271232315
2018-08-18 14:00:00;31.617387851805383;45.57;-13.952612148194618
2018-08-18 15:00:00;32.22332527283188;46.03;-13.806674727168122
2018-08-18 16:00:00;36.76716306849905;48.0;-11.232836931500948
2018-08-18 17:00:00;40.25767871504188;55.13;-14.872321284958126
2018-08-18 18:00:00;40.52948240388908;62.14;-21.610517596110924
2018-08-18 19:00:00;40.53116168823736;64.45;-23.91883831176264
2018-08-18 20:00:00;40.25867731052321;64.9;-24.641322689476794
2018-08-18 21:00:00;40.53452025693392;65.04;-24.50547974306609
2018-08-18 22:00:00;40.5361995412822;64.98;-24.443800458717803
2018-08-18 23:00:00;40.53787882563048;62.14;-21.602121174369522
2018-08-19 00:00:00;38.92565768483222;55.56;-16.634342315167785
2018-08-19 01:00:00;35.89620858193977;48.8;-12.90379141806023
2018-08-19 02:00:00;34.64566980214069;46.08;-11.43433019785931
2018-08-19 03:00:00;29.28571428571429;46.0;-16.71428571428571
2018-08-19 04:00:00;29.28571428571429;46.05;-16.76428571428571
2018-08-19 05:00:00;29.28571428571429;46.1;-16.814285714285713
2018-08-19 06:00:00;29.28571428571429;45.3;-16.01428571428571
2018-08-19 07:00:00;29.81559741698293;45.0;-15.184402583017071
2018-08-19 08:00:00;31.01902513195996;46.06;-15.040974868040042
2018-08-19 09:00:00;29.28571428571429;47.02;-17.734285714285715
2018-08-19 10:00:00;29.28571428571429;46.02;-16.734285714285715
2018-08-19 11:00:00;29.28571428571429;45.22;-15.93428571428571
2018-08-19 12:00:00;29.28571428571429;43.63;-14.344285714285714
2018-08-19 13:00:00;27.225638226911656;42.77;-15.544361773088347
2018-08-19 14:00:00;27.43041346613366;40.04;-12.609586533866338
2018-08-19 15:00:00;29.28571428571429;41.55;-12.264285714285709
2018-08-19 16:00:00;29.28571428571429;44.02;-14.734285714285715
2018-08-19 17:00:00;37.76042829168537;47.09;-9.329571708314631
2018-08-19 18:00:00;43.269677140721065;56.31;-13.040322859278938
2018-08-19 19:00:00;46.52782584950242;62.26;-15.732174150497578
2018-08-19 20:00:00;46.52955202214633;63.41;-16.880447977853663
2018-08-19 21:00:00;45.98724228732723;64.23;-18.242757712672777
2018-08-19 22:00:00;43.27647825066221;63.63;-20.353521749337794
2018-08-19 23:00:00;40.26766466985518;62.26;-21.99233533014482
2018-08-20 00:00:00;37.84565609586653;46.1;-8.25434390413347
2018-08-20 01:00:00;36.60401061664814;46.55;-9.945989383351858
2018-08-20 02:00:00;36.85620320666178;44.15;-7.293796793338217
2018-08-20 03:00:00;36.85785395673154;43.8;-6.942146043268458
2018-08-20 04:00:00;46.11344552748352;43.6;2.513445527483519
2018-08-20 05:00:00;55.36014523024187;47.09;8.270145230241866
2018-08-20 06:00:00;59.25021324057674;55.57;3.680213240576741
2018-08-20 07:00:00;63.17112433321623;63.43;-0.25887566678377283
2018-08-20 08:00:00;63.878175477747;64.46;-0.5818245222529939
2018-08-20 09:00:00;59.60854945819543;64.43;-4.82145054180458
2018-08-20 10:00:00;58.700215758517885;61.42;-2.7197842414821167
2018-08-20 11:00:00;60.31308744505005;60.32;-0.0069125549499489125
2018-08-20 12:00:00;60.3134729416415;59.91;0.40347294164150327
2018-08-20 13:00:00;59.8210186861124;56.34;3.4810186861123995
2018-08-20 14:00:00;60.38146799575486;52.86;7.521467995754861
2018-08-20 15:00:00;61.50246361057267;54.09;7.412463610572665
2018-08-20 16:00:00;64.31367233690989;54.43;9.883672336909889
2018-08-20 17:00:00;66.57519478397347;62.38;4.19519478397347
2018-08-20 18:00:00;66.57709455746684;66.78;-0.20290544253316511
2018-08-20 19:00:00;67.14564906018379;67.03;0.11564906018378451
2018-08-20 20:00:00;66.58089410445355;67.01;-0.4291058955464564
2018-08-20 21:00:00;66.01682768435877;66.15;-0.13317231564123233
2018-08-20 22:00:00;60.95550260277968;63.48;-2.5244973972203155
2018-08-20 23:00:00;54.77005684285181;61.97;-7.199943157148191
2018-08-21 00:00:00;52.75840453490494;58.09;-5.331595465095063
2018-08-21 01:00:00;52.760180289446026;52.41;0.35018028944602975
2018-08-21 02:00:00;52.76195604398711;51.79;0.9719560439871131
2018-08-21 03:00:00;52.76373179852819;50.27;2.493731798528188
2018-08-21 04:00:00;52.76550755306928;51.16;1.6055075530692804
2018-08-21 05:00:00;59.97870865161568;54.69;5.288708651615686
2018-08-21 06:00:00;66.73247171212287;65.0;1.732471712122873
2018-08-21 07:00:00;66.73437148561624;72.61;-5.875628514383763
2018-08-21 08:00:00;66.7362712591096;75.1;-8.363728740890394
2018-08-21 09:00:00;64.23964571484542;75.1;-10.860354285154571
2018-08-21 10:00:00;63.914949470964;71.96;-8.045050529035997
2018-08-21 11:00:00;61.108505240450285;71.01;-9.90149475954972
2018-08-21 12:00:00;58.87534052819901;68.91;-10.034659471800985
2018-08-21 13:00:00;59.99341387248809;67.7;-7.706586127511912
2018-08-21 14:00:00;62.797105121936646;67.92;-5.122894878063356
2018-08-21 15:00:00;63.92431748573135;67.65;-3.725682514268655
2018-08-21 16:00:00;66.75146944705646;69.0;-2.248530552943535
2018-08-21 17:00:00;66.75336922054983;73.53;-6.776630779450173
2018-08-21 18:00:00;66.75526899404318;74.9;-8.144731005956828
2018-08-21 19:00:00;66.75716876753654;76.52;-9.762831232463455
2018-08-21 20:00:00;66.7590685410299;75.54;-8.780931458970102
2018-08-21 21:00:00;62.81014847057418;73.07;-10.259851529425816
2018-08-21 22:00:00;59.45147486002945;68.93;-9.478525139970557
2018-08-21 23:00:00;53.35048825788216;61.85;-8.49951174211784
2018-08-22 00:00:00;52.80102264389098;52.42;0.3810226438909794
2018-08-22 01:00:00;52.80279839843206;54.0;-1.19720160156794
2018-08-22 02:00:00;52.804574152973146;51.14;1.6645741529731453
2018-08-22 03:00:00;52.80634990751423;49.67;3.13634990751423
2018-08-22 04:00:00;53.07011079056336;50.53;2.540110790563361
2018-08-22 05:00:00;60.67158539721959;55.08;5.591585397219589
2018-08-22 06:00:00;63.52622758068134;66.06;-2.533772419318659
2018-08-22 07:00:00;66.77996604945686;70.0;-3.22003395054314
2018-08-22 08:00:00;66.78186582295021;72.2;-5.418134177049794
2018-08-22 09:00:00;63.958042338893776;72.14;-8.181957661106225
2018-08-22 10:00:00;60.59119311976963;68.99;-8.398806880230367
2018-08-22 11:00:00;58.56605952012141;67.89;-9.323940479878594
2018-08-22 12:00:00;57.86982922013014;60.93;-3.060170779869857
2018-08-22 13:00:00;57.25100691357554;57.39;-0.13899308642446329
2018-08-22 14:00:00;58.922875522558485;57.1;1.8228755225584834
2018-08-22 15:00:00;61.7207444944061;62.28;-0.559255505593903
2018-08-22 16:00:00;66.79706401089709;68.48;-1.6829359891029156
2018-08-22 17:00:00;66.79896378439044;74.95;-8.151036215609565
2018-08-22 18:00:00;66.23428986071008;77.15;-10.915710139289928
2018-08-22 19:00:00;66.23618434177027;83.93;-17.693815658229738
2018-08-22 20:00:00;66.80466310487051;80.52;-13.715336895129482
2018-08-22 21:00:00;65.1088788124173;75.8;-10.691121187582695
2018-08-22 22:00:00;61.73371675443804;73.62;-11.886283245561962
2018-08-22 23:00:00;57.82525420618381;67.27;-9.444745793816189
2018-08-23 00:00:00;55.14804310684243;56.97;-1.8219568931575694
2018-08-23 01:00:00;53.37652338160208;58.01;-4.633476618397921
2018-08-23 02:00:00;52.82612297712714;53.44;-0.6138770228728561
2018-08-23 03:00:00;53.10516384357632;52.23;0.875163843576324
2018-08-23 04:00:00;57.26368349726128;52.75;4.513683497261283
2018-08-23 05:00:00;63.99114295270134;55.51;8.48114295270134
2018-08-23 06:00:00;66.82364018475995;66.67;0.15364018475995067
2018-08-23 07:00:00;66.49795686066983;69.91;-3.412043139330166
2018-08-23 08:00:00;66.49835494602354;73.77;-7.2716450539764566
2018-08-23 09:00:00;66.49875303137723;71.92;-5.421246968622768
2018-08-23 10:00:00;65.69684766293341;69.92;-4.223152337066594
2018-08-23 11:00:00;62.874831115594034;64.98;-2.1051688844059697
2018-08-23 12:00:00;60.06942373547277;58.61;1.4594237354727682
2018-08-23 13:00:00;58.39460195919625;53.4;4.9946019591962525
2018-08-23 14:00:00;59.31638596641756;54.01;5.306385966417565
2018-08-23 15:00:00;61.43831184993896;60.93;0.5083118499389627
2018-08-23 16:00:00;66.27501813126342;66.68;-0.40498186873658426
2018-08-23 17:00:00;66.84447947642195;69.91;-3.0655205235780443
2018-08-23 18:00:00;66.84637395748214;72.86;-6.013626042517856
2018-08-23 19:00:00;66.50273388491419;73.97;-7.467266115085806
2018-08-23 20:00:00;66.50313197026789;74.19;-7.686868029732111
2018-08-23 21:00:00;58.61790245855602;72.82;-14.202097541443976
2018-08-23 22:00:00;53.96666457765973;69.73;-15.763335422340276
2018-08-23 23:00:00;51.76049721058985;59.63;-7.869502789410156
2018-08-24 00:00:00;49.18846937816828;50.42;-1.2315306218317232
2018-08-24 01:00:00;49.19020879644788;51.45;-2.259791203552126
2018-08-24 02:00:00;48.87624956866773;51.37;-2.4937504313322663
2018-08-24 03:00:00;48.87659830467775;49.95;-1.0734016953222536
2018-08-24 04:00:00;49.74421963922726;49.62;0.1242196392272632
2018-08-24 05:00:00;56.93228537873495;51.1;5.832285378734952
2018-08-24 06:00:00;61.930510280681546;61.11;0.8205102806815461
2018-08-24 07:00:00;61.40914675986069;66.9;-5.490853240139316
2018-08-24 08:00:00;61.93127723161452;68.76;-6.828722768385482
2018-08-24 09:00:00;61.412833029037095;68.84;-7.427166970962908
2018-08-24 10:00:00;58.39861078092824;68.32;-9.921389219071756
2018-08-24 11:00:00;56.94310949190475;59.0;-2.0568905080952504
2018-08-24 12:00:00;48.66106342506755;51.43;-2.7689365749324466
2018-08-24 13:00:00;47.56786281965271;49.29;-1.7221371803472891
2018-08-24 14:00:00;48.6645333861452;48.84;-0.17546661385480178
2018-08-24 15:00:00;49.76340230581077;48.07;1.6934023058107712
2018-08-24 16:00:00;54.73019763345375;48.05;6.680197633453751
2018-08-24 17:00:00;56.95393360507455;50.98;5.973933605074556
2018-08-24 18:00:00;56.95573762393618;62.32;-5.36426237606382
2018-08-24 19:00:00;60.512905058943424;68.47;-7.9570949410565746
2018-08-24 20:00:00;60.51328455507971;68.0;-7.486715444920293
2018-08-24 21:00:00;57.51817685477347;67.14;-9.621823145226529
2018-08-24 22:00:00;53.6334679606789;64.27;-10.636532039321096
2018-08-24 23:00:00;50.876773658638285;58.73;-7.853226341361712
2018-08-25 00:00:00;43.22788505917482;57.44;-14.212114940825181
2018-08-25 01:00:00;39.98167864005449;55.97;-15.988321359945509
2018-08-25 02:00:00;38.36596345754354;53.57;-15.204036542456457
2018-08-25 03:00:00;38.36761822442466;51.26;-12.892381775575338
2018-08-25 04:00:00;40.46800490908275;50.86;-10.391995090917248
2018-08-25 05:00:00;41.73981357898109;51.03;-9.290186421018909
2018-08-25 06:00:00;43.23803596452411;51.16;-7.921964035475888
2018-08-25 07:00:00;46.91064991202335;53.57;-6.659350087976648
2018-08-25 08:00:00;48.69576303584406;58.05;-9.354236964155938
2018-08-25 09:00:00;47.05563842660116;61.26;-14.204361573398835
2018-08-25 10:00:00;45.96545155861421;55.49;-9.52454844138579
2018-08-25 11:00:00;44.333218390653045;50.52;-6.1867816093469585
2018-08-25 12:00:00;41.62187433700219;48.72;-7.098125662997809
2018-08-25 13:00:00;41.0824397659984;41.37;-0.2875602340015959
2018-08-25 14:00:00;41.10603208972978;40.29;0.8160320897297808
2018-08-25 15:00:00;41.08579006154965;40.81;0.2757900615496496
2018-08-25 16:00:00;44.958580825137446;46.27;-1.3114191748625572
2018-08-25 17:00:00;47.57034404147586;50.04;-2.469655958524136
2018-08-25 18:00:00;48.229267452545486;60.62;-12.390732547454512
2018-08-25 19:00:00;48.22961453368943;66.01;-17.780385466310577
2018-08-25 20:00:00;48.168707650849385;67.34;-19.17129234915062
2018-08-25 21:00:00;42.17862979603943;65.0;-22.82137020396057
2018-08-25 22:00:00;37.32951489804307;60.98;-23.650485101956924
2018-08-25 23:00:00;37.329836070065525;49.88;-12.550163929934477
2018-08-26 00:00:00;33.618167166349046;48.49;-14.871832833650956
2018-08-26 01:00:00;33.00598372835955;46.0;-12.994016271640447
2018-08-26 02:00:00;33.00629532270143;42.09;-9.08370467729857
2018-08-26 03:00:00;32.395810945613;46.12;-13.724189054386997
2018-08-26 04:00:00;32.39612121814822;44.93;-12.533878781851783
2018-08-26 05:00:00;32.39643149068343;45.92;-13.523568509316569
2018-08-26 06:00:00;37.33208427422271;46.51;-9.17791572577729
2018-08-26 07:00:00;39.21328795547401;47.68;-8.466712044525991
2018-08-26 08:00:00;37.33948321403527;49.05;-11.710516785964728
2018-08-26 09:00:00;32.397672580824306;47.35;-14.952327419175695
2018-08-26 10:00:00;32.39798285335952;40.48;-8.082017146640474
2018-08-26 11:00:00;32.398293125894746;37.8;-5.401706874105251
2018-08-26 12:00:00;32.39860339842996;40.43;-8.031396601570037
2018-08-26 13:00:00;32.39891367096518;31.53;0.8689136709651777
2018-08-26 14:00:00;33.010034454804;32.09;0.9200344548039965
2018-08-26 15:00:00;32.39953421603561;43.01;-10.610465783964386
2018-08-26 16:00:00;36.09071635740473;46.0;-9.90928364259527
2018-08-26 17:00:00;41.129343903715885;49.07;-7.9406560962841155
2018-08-26 18:00:00;41.13101905149151;59.97;-18.838980948508485
2018-08-26 19:00:00;43.300633214178106;68.1;-24.79936678582189
2018-08-26 20:00:00;41.13436934704277;70.0;-28.86563065295723
2018-08-26 21:00:00;41.116257835703976;68.01;-26.89374216429603
2018-08-26 22:00:00;39.21816984633763;63.26;-24.041830153662367
2018-08-26 23:00:00;32.402016396317364;50.15;-17.747983603682634
2018-08-27 00:00:00;33.01315039822282;29.08;3.9331503982228213
2018-08-27 01:00:00;32.402636941387804;27.12;5.282636941387803
2018-08-27 02:00:00;32.15508365508366;27.59;4.565083655083658
2018-08-27 03:00:00;32.15508365508366;21.42;10.735083655083656
2018-08-27 04:00:00;32.40356775899346;19.98;12.42356775899346
2018-08-27 05:00:00;41.75571872294791;24.53;17.22571872294791
2018-08-27 06:00:00;48.902753505429565;43.23;5.672753505429569
2018-08-27 07:00:00;49.32588342225603;51.82;-2.4941165777439736
2018-08-27 08:00:00;48.90345097744961;52.83;-3.9265490225503896
2018-08-27 09:00:00;46.27380833468649;51.09;-4.816191665313511
2018-08-27 10:00:00;46.274150544144064;50.52;-4.245849455855939
2018-08-27 11:00:00;44.959166330304186;50.09;-5.130833669695818
2018-08-27 12:00:00;43.03787686204545;49.02;-5.982123137954552
2018-08-27 13:00:00;42.39725208435034;46.7;-4.302747915649661
2018-08-27 14:00:00;45.62373538094365;46.97;-1.346264619056349
2018-08-27 15:00:00;48.90589212951978;48.1;0.8058921295197763
2018-08-27 16:00:00;53.7506677603905;49.05;4.700667760390502
2018-08-27 17:00:00;57.03534067538477;53.46;3.5753406753847656
2018-08-27 18:00:00;61.562126930681536;57.58;3.982126930681538
2018-08-27 19:00:00;61.56397006526974;63.71;-2.146029934730258
2018-08-27 20:00:00;61.56581319985794;65.23;-3.664186800142062
2018-08-27 21:00:00;55.42259079176178;60.89;-5.467409208238223
2018-08-27 22:00:00;49.5717391296924;54.64;-5.068260870307597
2018-08-27 23:00:00;48.805066809790056;49.0;-0.19493319020994448
2018-08-28 00:00:00;48.5174927206551;54.05;-5.532507279344898
2018-08-28 01:00:00;48.90877597453905;53.31;-4.401224025460955
2018-08-28 02:00:00;48.90912305568301;55.04;-6.130876944316988
2018-08-28 03:00:00;50.170674731681565;54.2;-4.029325268318438
2018-08-28 04:00:00;57.37344736723406;53.97;3.403447367234058
2018-08-28 05:00:00;66.95181159928097;54.87;12.081811599280975
2018-08-28 06:00:00;69.2358555972618;64.69;4.545855597261806
2018-08-28 07:00:00;69.23776604482977;70.0;-0.7622339551702311
2018-08-28 08:00:00;69.23967649239773;72.18;-2.9403235076022725
2018-08-28 09:00:00;69.24158693996571;72.24;-2.998413060034281
2018-08-28 10:00:00;69.24349738753368;70.53;-1.2865026124663217
2018-08-28 11:00:00;69.24540783510164;69.95;-0.704592164898358
2018-08-28 12:00:00;68.10473130003385;63.21;4.894731300033847
2018-08-28 13:00:00;66.33316978340721;67.0;-0.6668302165927855
2018-08-28 14:00:00;68.10853084702056;62.93;5.178530847020561
2018-08-28 15:00:00;67.54020870096316;67.14;0.4002087009631623
2018-08-28 16:00:00;69.25496007294149;68.74;0.5149600729414914
2018-08-28 17:00:00;69.25687052050947;71.95;-2.693129479490537
2018-08-28 18:00:00;69.25878096807743;74.97;-5.7112190319225675
2018-08-28 19:00:00;69.2606914156454;79.52;-10.2593085843546
2018-08-28 20:00:00;69.26260186321336;82.51;-13.247398136786643
2018-08-28 21:00:00;65.27767335990424;73.82;-8.542326640095752
2018-08-28 22:00:00;60.203263504472986;69.92;-9.716736495527016
2018-08-28 23:00:00;55.67167423525078;58.82;-3.1483257647492238
2018-08-29 00:00:00;54.61680594483797;56.16;-1.5431940551620258
2018-08-29 01:00:00;55.04220625424189;54.87;0.1722062542418925
2018-08-29 02:00:00;54.61753107597921;53.54;1.0775310759792092
2018-08-29 03:00:00;55.0457764083583;51.15;3.8957764083583015
2018-08-29 04:00:00;55.04756148541651;51.25;3.7975614854165087
2018-08-29 05:00:00;63.75598224288279;54.1;9.655982242882786
2018-08-29 06:00:00;68.55800767071375;66.68;1.8780076707137425
2018-08-29 07:00:00;68.15563859696309;71.95;-3.794361403036916
2018-08-29 08:00:00;69.13315604944002;73.66;-4.526843950559979
2018-08-29 09:00:00;66.85403171940857;72.13;-5.275968280591428
2018-08-29 10:00:00;64.02051756007391;68.17;-4.149482439926089
2018-08-29 11:00:00;59.52080391600974;62.56;-3.0391960839902623
2018-08-29 12:00:00;57.84518786804483;53.2;4.645187868044829
2018-08-29 13:00:00;60.18452690462026;52.01;8.174526904620265
2018-08-29 14:00:00;64.5936883425323;54.95;9.6436883425323
2018-08-29 15:00:00;67.43457849938682;68.29;-0.8554215006131898
2018-08-29 16:00:00;69.14843962998377;70.07;-0.9215603700162234
2018-08-29 17:00:00;69.15035007755174;73.28;-4.129649922448266
2018-08-29 18:00:00;69.1522605251197;75.02;-5.867739474880295
2018-08-29 19:00:00;69.15417097268767;74.9;-5.74582902731234
2018-08-29 20:00:00;65.73846033988339;74.1;-8.361539660116605
2018-08-29 21:00:00;61.60791448398301;70.74;-9.132085516016986
2018-08-29 22:00:00;55.635193166898645;55.04;0.5951931668986461
2018-08-29 23:00:00;53.41853610759097;51.14;2.2785361075909663
2018-08-30 00:00:00;53.4356124007102;51.14;2.2956124007101977
2018-08-30 01:00:00;53.4359714070698;49.09;4.345971407069797
2018-08-30 02:00:00;52.93762135087694;48.48;4.457621350876941
2018-08-30 03:00:00;53.492718954187296;48.03;5.462718954187295
2018-08-30 04:00:00;54.04841150756183;48.4;5.648411507561832
2018-08-30 05:00:00;64.12651243217456;51.09;13.036512432174561
2018-08-30 06:00:00;67.53476714512438;57.0;10.534767145124377
2018-08-30 07:00:00;67.53666162618455;66.14;1.396661626184553
2018-08-30 08:00:00;67.53855610724474;69.4;-1.8614438927552612
2018-08-30 09:00:00;67.54045058830494;68.31;-0.769549411695067
2018-08-30 10:00:00;66.97283421299856;64.6;2.372834212998569
2018-08-30 11:00:00;66.97472343103121;56.99;9.984723431031206
2018-08-30 12:00:00;63.00954905464169;52.03;10.979549054641687
2018-08-30 13:00:00;60.75938002169245;51.64;9.11938002169245
2018-08-30 14:00:00;59.63911213349992;51.13;8.509112133499919
2018-08-30 15:00:00;59.66977429676746;51.05;8.61977429676746
2018-08-30 16:00:00;63.581647031745874;51.03;12.551647031745873
2018-08-30 17:00:00;65.28165978743627;56.72;8.56165978743627
2018-08-30 18:00:00;66.98794795725978;67.1;-0.11205204274021696
2018-08-30 19:00:00;67.55939539890676;70.92;-3.360604601093243
2018-08-30 20:00:00;66.14502125712993;71.91;-5.7649787428700705
2018-08-30 21:00:00;61.89881542237468;65.27;-3.371184577625314
2018-08-30 22:00:00;59.093571178516726;57.54;1.5535711785167265
2018-08-30 23:00:00;54.08215084384244;52.63;1.452150843842439
2018-08-31 00:00:00;52.983529621058594;52.57;0.4135296210585935
2018-08-31 01:00:00;53.46280382959133;52.8;0.6628038295913328
2018-08-31 02:00:00;53.46316283595093;52.66;0.8031628359509355
2018-08-31 03:00:00;53.46352184231053;53.04;0.42352184231052803
2018-08-31 04:00:00;54.828826459122126;52.09;2.738826459122123
2018-08-31 05:00:00;62.53937053817928;53.58;8.959370538179279
2018-08-31 06:00:00;67.01815247289095;63.98;3.0381524728909497
2018-08-31 07:00:00;67.58968405897997;70.8;-3.2103159410200277
2018-08-31 08:00:00;67.59157854004013;73.32;-5.728421459959861
2018-08-31 09:00:00;67.59347302110032;71.98;-4.386526978899681
2018-08-31 10:00:00;66.45676307603394;71.19;-4.733236923966061
2018-08-31 11:00:00;66.17090990056022;71.06;-4.889090099439784
2018-08-31 12:00:00;65.32472987235413;69.09;-3.765270127645877
2018-08-31 13:00:00;63.62808053267386;67.25;-3.621919467326137
2018-08-31 14:00:00;61.93749883621035;66.77;-4.832501163789644
2018-08-31 15:00:00;63.984931992497856;65.6;-1.6150680075021384
2018-08-31 16:00:00;64.76534765027012;66.7;-1.9346523497298875
2018-08-31 17:00:00;67.60862886958178;70.07;-2.4613711304182146
2018-08-31 18:00:00;67.61052335064196;70.2;-2.5894766493580477
2018-08-31 19:00:00;67.61241783170215;71.36;-3.7475821682978534
2018-08-31 20:00:00;63.98686968816864;71.97;-7.98313031183136
2018-08-31 21:00:00;60.40681270115961;70.38;-9.973187298840386
2018-08-31 22:00:00;58.02583864730886;62.21;-4.184161352691142
2018-08-31 23:00:00;53.57771164296389;56.88;-3.3022883570361117
2018-09-01 00:00:00;50.81747896244741;57.58;-6.762521037552588
2018-09-01 01:00:00;48.61894763163137;55.99;-7.37105236836863
2018-09-01 02:00:00;46.42915924925388;55.56;-9.130840750746124
2018-09-01 03:00:00;46.97689558335203;54.02;-7.043104416647971
2018-09-01 04:00:00;49.72020716516912;52.69;-2.9697928348308764
2018-09-01 05:00:00;50.77794645892944;52.78;-2.002053541070559
2018-09-01 06:00:00;51.44998013822229;54.94;-3.4900198617777107
2018-09-01 07:00:00;53.03223007465703;57.95;-4.917769925342974
2018-09-01 08:00:00;51.92772296413005;60.91;-8.982277035869949
2018-09-01 09:00:00;50.27479043331992;66.5;-16.22520956668008
2018-09-01 10:00:00;48.78556068755886;64.68;-15.894439312441143
2018-09-01 11:00:00;49.45026174096037;64.86;-15.409738259039628
2018-09-01 12:00:00;48.787784320754405;62.71;-13.922215679245596
2018-09-01 13:00:00;46.98565078079356;57.72;-10.734349219206436
2018-09-01 14:00:00;48.79000795394995;56.42;-7.629992046050049
2018-09-01 15:00:00;48.08279079858533;55.57;-7.487209201414672
2018-09-01 16:00:00;49.45584732938758;56.05;-6.5941526706124165
2018-09-01 17:00:00;51.46244675341392;61.52;-10.057553246586082
2018-09-01 18:00:00;56.23305361813416;68.49;-12.256946381865838
2018-09-01 19:00:00;56.93073659347054;70.0;-13.069263406529458
2018-09-01 20:00:00;51.46584673937527;71.14;-19.674153260624728
2018-09-01 21:00:00;48.136527614541;68.58;-20.443472385458996
2018-09-01 22:00:00;43.57263372282103;56.58;-13.007366277178967
2018-09-01 23:00:00;41.54877478931717;51.07;-9.521225210682829
2018-09-02 00:00:00;40.46658047729717;50.2;-9.733419522702832
2018-09-02 01:00:00;40.46743024395583;48.28;-7.812569756044169
2018-09-02 02:00:00;40.468280010614485;48.16;-7.691719989385511
2018-09-02 03:00:00;41.01041359559202;46.98;-5.969586404407977
2018-09-02 04:00:00;40.46997954393183;46.37;-5.9000204560681695
2018-09-02 05:00:00;41.01211730507407;46.91;-5.897882694925926
2018-09-02 06:00:00;40.47167907724916;46.9;-6.428320922750835
2018-09-02 07:00:00;41.01382101455612;47.01;-5.996178985443876
2018-09-02 08:00:00;41.65929411847722;49.66;-8.000705881522777
2018-09-02 09:00:00;43.58441640408043;54.67;-11.085583595919573
2018-09-02 10:00:00;44.27465481577381;54.45;-10.175345184226195
2018-09-02 11:00:00;44.82035085244859;55.65;-10.829649147551407
2018-09-02 12:00:00;41.01808028826125;53.82;-12.801919711738748
2018-09-02 13:00:00;41.01893214300228;53.52;-12.501067856997722
2018-09-02 14:00:00;40.47847721051853;50.5;-10.021522789481473
2018-09-02 15:00:00;41.02063585248433;50.0;-8.979364147515668
2018-09-02 16:00:00;46.8418335090206;46.96;-0.11816649097939802
2018-09-02 17:00:00;50.149937943557646;53.28;-3.1300620564423554
2018-09-02 18:00:00;51.40626305387849;62.1;-10.693736946121511
2018-09-02 19:00:00;51.40715662742257;67.72;-16.312843372577426
2018-09-02 20:00:00;51.40805020096666;69.39;-17.981949799033337
2018-09-02 21:00:00;51.408943774510746;62.36;-10.951056225489253
2018-09-02 22:00:00;48.825586085078655;54.74;-5.914413914921347
2018-09-02 23:00:00;42.65440244855016;51.01;-8.35559755144984
2018-09-03 00:00:00;40.8083969344509;49.49;-8.681603065549105
2018-09-03 01:00:00;40.49009164998895;48.97;-8.479908350011051
2018-09-03 02:00:00;40.81010064393296;47.42;-6.609899356067039
2018-09-03 03:00:00;40.81095249867398;47.5;-6.689047501326023
2018-09-03 04:00:00;47.340715907247656;47.07;0.2707159072476557
2018-09-03 05:00:00;59.13607545685379;50.4;8.73607545685379
2018-09-03 06:00:00;64.58584382050863;67.04;-2.4541561794913775
2018-09-03 07:00:00;64.85657179729975;72.0;-7.14342820270025
2018-09-03 08:00:00;64.85782651044994;73.55;-8.692173489550058
2018-09-03 09:00:00;65.15509126288433;73.91;-8.75490873711567
2018-09-03 10:00:00;65.1560463840344;73.51;-8.353953615965608
2018-09-03 11:00:00;62.89551549271363;73.6;-10.704484507286367
2018-09-03 12:00:00;61.26517102259745;71.12;-9.854828977402555
2018-09-03 13:00:00;61.20832474539385;68.63;-7.421675254606143
2018-09-03 14:00:00;61.20926179474611;67.05;-5.840738205253885
2018-09-03 15:00:00;61.268837001423535;64.97;-3.7011629985764642
2018-09-03 16:00:00;60.08834322713513;66.96;-6.871656772864867
2018-09-03 17:00:00;64.59632128646102;70.81;-6.213678713538982
2018-09-03 18:00:00;64.87037364195187;72.3;-7.429626358048125
2018-09-03 19:00:00;65.1646424743849;72.99;-7.82535752561509
2018-09-03 20:00:00;64.59917877717531;72.91;-8.310821222824686
2018-09-03 21:00:00;59.53256147244288;67.04;-7.507438527557127
2018-09-03 22:00:00;54.99421577403294;53.61;1.3842157740329384
2018-09-03 23:00:00;51.60213649297528;52.26;-0.6578635070247145
2018-09-04 00:00:00;51.64837329024131;54.77;-3.1216267097586936
2018-09-04 01:00:00;51.64951212761239;54.09;-2.4404878723876138
2018-09-04 02:00:00;51.65065096498347;52.18;-0.52934903501653
2018-09-04 03:00:00;51.65178980235456;51.24;0.411789802354555
2018-09-04 04:00:00;51.77489214553534;51.69;0.08489214553534197
2018-09-04 05:00:00;61.334335823116255;54.6;6.734335823116254
2018-09-04 06:00:00;65.76101671269072;67.09;-1.3289832873092848
2018-09-04 07:00:00;65.76197447258625;73.02;-7.25802552741375
2018-09-04 08:00:00;65.76293223248177;74.68;-8.917067767518233
2018-09-04 09:00:00;65.66876753355447;74.91;-9.241232466445524
2018-09-04 10:00:00;65.67002900214712;73.92;-8.249970997852884
2018-09-04 11:00:00;61.341667780768425;73.46;-12.118332219231569
2018-09-04 12:00:00;62.37381042100421;71.06;-8.686189578995794
2018-09-04 13:00:00;64.06817108235775;69.02;-4.951828917642246
2018-09-04 14:00:00;63.49542831517397;68.81;-5.314571684826035
2018-09-04 15:00:00;63.50491900193094;68.55;-5.045080998069054
2018-09-04 16:00:00;65.77059431164604;70.01;-4.239405688353969
2018-09-04 17:00:00;65.67885928229559;72.94;-7.261140717704407
2018-09-04 18:00:00;65.68012075088824;73.99;-8.30987924911176
2018-09-04 19:00:00;65.77346759133265;75.0;-9.226532408667353
2018-09-04 20:00:00;65.77442535122817;75.0;-9.225574648771826
2018-09-04 21:00:00;61.256635970917344;73.06;-11.803364029082658
2018-09-04 22:00:00;56.223889046986805;66.93;-10.706110953013201
2018-09-04 23:00:00;52.34835534546104;57.99;-5.641644654538965
2018-09-05 00:00:00;51.79280980066406;55.72;-3.9271901993359393
2018-09-05 01:00:00;51.7937056834205;54.47;-2.676294316579501
2018-09-05 02:00:00;51.79460156617694;53.56;-1.7653984338230657
2018-09-05 03:00:00;51.795497448933375;52.66;-0.8645025510666215
2018-09-05 04:00:00;52.9011186772066;53.18;-0.27888132279340283
2018-09-05 05:00:00;62.95366877543814;55.32;7.633668775438139
2018-09-05 06:00:00;65.6952583739999;71.54;-5.844741626000101
2018-09-05 07:00:00;65.78496071007903;75.65;-9.865039289920972
2018-09-05 08:00:00;65.78591846997456;76.76;-10.974081530025444
2018-09-05 09:00:00;65.21961615009197;75.35;-10.130383849908029
2018-09-05 10:00:00;62.39453755734617;71.96;-9.565462442653825
2018-09-05 11:00:00;60.7078762322983;70.97;-10.262123767701702
2018-09-05 12:00:00;59.58699067821111;64.97;-5.38300932178889
2018-09-05 13:00:00;60.709745278983455;57.56;3.1497452789834526
2018-09-05 14:00:00;60.66413983519548;60.37;0.29413983519548026
2018-09-05 15:00:00;61.83604572913935;67.0;-5.16395427086065
2018-09-05 16:00:00;65.7078730599263;69.95;-4.242126940073703
2018-09-05 17:00:00;65.79453830903435;75.36;-9.565461690965648
2018-09-05 18:00:00;65.71039599711158;76.76;-11.04960400288843
2018-09-05 19:00:00;65.79645382882542;79.62;-13.823546171174584
2018-09-05 20:00:00;61.84074367441195;79.33;-17.48925632558805
2018-09-05 21:00:00;59.595356285854805;73.66;-14.064643714145191
2018-09-05 22:00:00;55.09646286590038;68.82;-13.723537134099615
2018-09-05 23:00:00;51.813415104062095;58.84;-7.0265848959379085
2018-09-06 00:00:00;51.814310986818526;55.11;-3.295689013181473
2018-09-06 01:00:00;51.815206869574965;53.63;-1.8147931304250378
2018-09-06 02:00:00;51.8161027523314;52.38;-0.5638972476685993
2018-09-06 03:00:00;52.36912661817821;52.31;0.05912661817820464
2018-09-06 04:00:00;52.370024822113066;52.38;-0.009975177886936137
2018-09-06 05:00:00;63.54091607662269;54.64;8.900916076622693
2018-09-06 06:00:00;65.80698918767628;68.98;-3.1730108123237244
2018-09-06 07:00:00;65.7267950888159;73.78;-8.053204911184096
2018-09-06 08:00:00;65.72805655740854;74.95;-9.221943442591467
2018-09-06 09:00:00;64.67590883864392;73.78;-9.10409116135608
2018-09-06 10:00:00;64.11091599917845;70.07;-5.959084000821548
2018-09-06 11:00:00;62.41809112137112;68.91;-6.491908878628877
2018-09-06 12:00:00;61.85577709928426;66.88;-5.024222900715735
2018-09-06 13:00:00;62.11656925356594;64.76;-2.6434307464340634
2018-09-06 14:00:00;62.83478975421757;68.4;-5.565210245782438
2018-09-06 15:00:00;64.11566543438076;69.51;-5.394334565619246
2018-09-06 16:00:00;65.73814830614964;71.09;-5.351851693850364
2018-09-06 17:00:00;65.73940977474228;73.73;-7.990590225257719
2018-09-06 18:00:00;65.74067124333493;73.89;-8.14932875666507
2018-09-06 19:00:00;65.74193271192756;74.03;-8.28806728807244
2018-09-06 20:00:00;65.7431941805202;74.3;-8.556805819479791
2018-09-06 21:00:00;62.99145717482007;66.94;-3.9485428251799277
2018-09-06 22:00:00;57.94038889654638;58.93;-0.989611103453619
2018-09-06 23:00:00;51.83491629021656;54.65;-2.815083709783437
2018-09-07 00:00:00;51.98671876786223;56.38;-4.393281232137774
2018-09-07 01:00:00;51.987612341406304;54.74;-2.7523876585936975
2018-09-07 02:00:00;51.9885059149504;53.55;-1.5614940850495955
2018-09-07 03:00:00;51.98939948849448;53.37;-1.38060051150552
2018-09-07 04:00:00;52.86754761837378;53.66;-0.7924523816262194
2018-09-07 05:00:00;63.74172848231071;55.88;7.86172848231071
2018-09-07 06:00:00;65.55111559756087;66.98;-1.428884402439138
2018-09-07 07:00:00;65.55235701458729;74.14;-8.587642985412714
2018-09-07 08:00:00;65.55359843161371;79.99;-14.436401568386287
2018-09-07 09:00:00;66.0163606598916;74.2;-8.1836393401084
2018-09-07 10:00:00;65.55608126566653;72.68;-7.123918734333472
2018-09-07 11:00:00;65.44950931934443;71.3;-5.850490680655568
2018-09-07 12:00:00;61.48837295299794;65.63;-4.1416270470020535
2018-09-07 13:00:00;56.30620115327603;58.92;-2.6137988467239737
2018-09-07 14:00:00;54.77235383380269;55.59;-0.8176461661973136
2018-09-07 15:00:00;54.92905257737714;55.15;-0.2209474226228565
2018-09-07 16:00:00;59.24266939061224;54.68;4.562669390612243
2018-09-07 17:00:00;59.809036959376414;60.52;-0.7109630406235894
2018-09-07 18:00:00;61.94482256836741;67.22;-5.275177431632592
2018-09-07 19:00:00;62.62359200651441;71.14;-8.516407993485593
2018-09-07 20:00:00;59.10713021615639;72.01;-12.902869783843613
2018-09-07 21:00:00;54.25025643039558;59.56;-5.3097435696044215
2018-09-07 22:00:00;46.22015221005866;57.8;-11.57984778994134
2018-09-07 23:00:00;41.68938059144145;53.34;-11.650619408558555
2018-09-08 00:00:00;39.42907007301859;52.67;-13.240929926981408
2018-09-08 01:00:00;36.01052630892884;50.04;-14.02947369107116
2018-09-08 02:00:00;34.45057915057916;48.57;-14.119420849420841
2018-09-08 03:00:00;34.45057915057916;46.88;-12.429420849420843
2018-09-08 04:00:00;34.45057915057916;46.89;-12.439420849420841
2018-09-08 05:00:00;36.014553181233424;47.01;-10.995446818766574
2018-09-08 06:00:00;41.60210268946777;50.45;-8.847897310532232
2018-09-08 07:00:00;43.62728421501865;53.47;-9.842715784981351
2018-09-08 08:00:00;41.059744403657206;55.83;-14.770255596342793
2018-09-08 09:00:00;34.45057915057916;51.9;-17.44942084942084
2018-09-08 10:00:00;34.45057915057916;43.1;-8.649420849420842
2018-09-08 11:00:00;34.45057915057916;32.4;2.0505791505791606
2018-09-08 12:00:00;34.45057915057916;32.18;2.2705791505791595
2018-09-08 13:00:00;34.45057915057916;27.02;7.43057915057916
2018-09-08 14:00:00;34.45057915057916;26.56;7.8905791505791605
2018-09-08 15:00:00;34.45057915057916;39.35;-4.899420849420842
2018-09-08 16:00:00;43.24190389476935;46.27;-3.0280961052306523
2018-09-08 17:00:00;43.24276207578579;55.68;-12.437237924214209
2018-09-08 18:00:00;44.33370267174132;69.6;-25.266297328258673
2018-09-08 19:00:00;44.33456512273655;72.3;-27.965434877263448
2018-09-08 20:00:00;43.64108303193375;72.1;-28.45891696806624
2018-09-08 21:00:00;43.64214447938876;68.68;-25.037855520611245
2018-09-08 22:00:00;43.24705298086796;59.94;-16.692947019132035
2018-09-08 23:00:00;41.073814544915344;53.65;-12.576185455084655
2018-09-09 00:00:00;37.828341489014086;54.88;-17.051658510985916
2018-09-09 01:00:00;34.45057915057916;49.04;-14.58942084942084
2018-09-09 02:00:00;34.45057915057916;41.93;-7.4794208494208405
2018-09-09 03:00:00;34.45057915057916;36.92;-2.4694208494208425
2018-09-09 04:00:00;34.45057915057916;33.59;0.8605791505791558
2018-09-09 05:00:00;34.45057915057916;34.02;0.4305791505791561
2018-09-09 06:00:00;34.45057915057916;41.42;-6.9694208494208425
2018-09-09 07:00:00;37.83420363914903;45.06;-7.225796360850971
2018-09-09 08:00:00;37.83504108916832;47.48;-9.644958910831676
2018-09-09 09:00:00;34.45057915057916;48.07;-13.619420849420841
2018-09-09 10:00:00;34.45057915057916;43.29;-8.83942084942084
2018-09-09 11:00:00;34.45057915057916;43.6;-9.149420849420842
2018-09-09 12:00:00;34.45057915057916;43.4;-8.94942084942084
2018-09-09 13:00:00;34.45057915057916;37.89;-3.4394208494208414
2018-09-09 14:00:00;34.45057915057916;31.2;3.25057915057916
2018-09-09 15:00:00;34.45057915057916;42.0;-7.549420849420841
2018-09-09 16:00:00;39.18746027572524;46.01;-6.822539724274755
2018-09-09 17:00:00;45.44579815211456;55.75;-10.304201847885437
2018-09-09 18:00:00;52.0456946217719;68.14;-16.0943053782281
2018-09-09 19:00:00;51.58535202449746;71.9;-20.314647975502545
2018-09-09 20:00:00;51.5864744940634;74.11;-22.523525505936597
2018-09-09 21:00:00;50.244041700516185;69.68;-19.435958299483822
2018-09-09 22:00:00;44.96598933938556;67.38;-22.414010660614437
2018-09-09 23:00:00;42.1803492779228;53.11;-10.929650722077199
2018-09-10 00:00:00;41.10238431085898;53.47;-12.367615689141019
2018-09-10 01:00:00;41.10341313190425;50.9;-9.796586868095751
2018-09-10 02:00:00;41.10444195294952;49.52;-8.415558047050482
2018-09-10 03:00:00;41.10547077399478;48.06;-6.954529226005221
2018-09-10 04:00:00;48.99875535933915;47.51;1.4887553593391516
2018-09-10 05:00:00;59.01961906847638;51.85;7.169619068476379
2018-09-10 06:00:00;60.65791134926879;70.24;-9.582088650731208
2018-09-10 07:00:00;60.71092694730498;74.3;-13.589073052695014
2018-09-10 08:00:00;60.66026925059163;75.19;-14.529730749408365
2018-09-10 09:00:00;60.66144820125307;71.95;-11.28855179874693
2018-09-10 10:00:00;60.71370802641674;70.3;-9.586291973583258
2018-09-10 11:00:00;60.71463505278732;67.34;-6.625364947212681
2018-09-10 12:00:00;57.9029387536706;57.43;0.4729387536705971
2018-09-10 13:00:00;56.22389713097056;56.82;-0.596102869029437
2018-09-10 14:00:00;59.02789590701355;58.14;0.8878959070135508
2018-09-10 15:00:00;59.24960901068012;63.02;-3.7703909893198855
2018-09-10 16:00:00;60.71927018464024;67.92;-7.2007298153597645
2018-09-10 17:00:00;60.6708798065445;72.98;-12.309120193455506
2018-09-10 18:00:00;60.67205875720593;75.4;-14.727941242794074
2018-09-10 19:00:00;61.2865455173479;77.36;-16.073454482652096
2018-09-10 20:00:00;60.674416658528784;79.93;-19.255583341471223
2018-09-10 21:00:00;60.67559560919022;74.94;-14.26440439080978
2018-09-10 22:00:00;57.15120750068956;69.93;-12.778792499310448
2018-09-10 23:00:00;49.63648552305123;58.94;-9.30351447694877
2018-09-11 00:00:00;46.0286634606218;59.04;-13.011336539378199
2018-09-11 01:00:00;46.02953022429986;51.91;-5.880469775700135
2018-09-11 02:00:00;46.03039698797791;48.59;-2.5596030120220945
2018-09-11 03:00:00;46.03126375165596;46.9;-0.8687362483440353
2018-09-11 04:00:00;46.03213051533402;48.0;-1.9678694846659823
2018-09-11 05:00:00;56.52168817376943;48.74;7.781688173769425
2018-09-11 06:00:00;58.22956039942798;64.81;-6.580439600572021
2018-09-11 07:00:00;58.23047761496576;72.5;-14.269522385034243
2018-09-11 08:00:00;56.55139766968358;73.77;-17.218602330316415
2018-09-11 09:00:00;48.37708147423761;71.94;-23.562918525762385
2018-09-11 10:00:00;46.03733109740234;57.35;-11.312668902597665
2018-09-11 11:00:00;46.0381978610804;49.41;-3.3718021389195982
2018-09-11 12:00:00;46.03906462475845;49.08;-3.0409353752415456
2018-09-11 13:00:00;46.39906330332262;47.06;-0.660936696677382
2018-09-11 14:00:00;46.04079815211457;46.53;-0.48920184788543253
2018-09-11 15:00:00;46.04166491579262;48.03;-1.9883350842073781
2018-09-11 16:00:00;53.21515200565799;45.96;7.25515200565799
2018-09-11 17:00:00;58.23964977034352;51.94;6.299649770343521
2018-09-11 18:00:00;58.2405669858813;68.74;-10.499433014118694
2018-09-11 19:00:00;58.24148420141909;72.99;-14.748515798580904
2018-09-11 20:00:00;58.24240141695685;73.39;-15.147598583043148
2018-09-11 21:00:00;54.888708366415614;69.92;-15.031291633584388
2018-09-11 22:00:00;50.39477082877234;66.6;-16.205229171227657
2018-09-11 23:00:00;46.04859902521706;53.9;-7.8514009747829405
2018-09-12 00:00:00;45.90183415417652;56.96;-11.058165845823481
2018-09-12 01:00:00;46.39484368541683;51.61;-5.215156314583169
2018-09-12 02:00:00;46.395712621651;51.11;-4.714287378348999
2018-09-12 03:00:00;45.90504761270181;49.52;-3.614952387298196
2018-09-12 04:00:00;51.35346477724764;50.05;1.3034647772476404
2018-09-12 05:00:00;62.349976053222974;56.1;6.249976053222973
2018-09-12 06:00:00;65.9856944599923;72.16;-6.174305540007694
2018-09-12 07:00:00;65.98692933407358;76.04;-10.053070665926427
2018-09-12 08:00:00;65.98816420815484;76.04;-10.051835791845164
2018-09-12 09:00:00;62.54316927564759;73.36;-10.816830724352407
2018-09-12 10:00:00;60.21345976496312;59.08;1.1334597649631206
2018-09-12 11:00:00;54.68945926614025;55.96;-1.2705407338597539
2018-09-12 12:00:00;53.26319199708964;53.04;0.22319199708964277
2018-09-12 13:00:00;54.13482052924935;53.09;1.0448205292493498
2018-09-12 14:00:00;59.16581807379736;53.97;5.195818073797362
2018-09-12 15:00:00;63.68146864703215;58.16;5.521468647032151
2018-09-12 16:00:00;65.99804320080501;68.79;-2.791956799194992
2018-09-12 17:00:00;65.99927807488629;71.99;-5.990721925113704
2018-09-12 18:00:00;65.95793363203235;74.98;-9.022066367967653
2018-09-12 19:00:00;65.95888612893712;78.78;-12.821113871062877
2018-09-12 20:00:00;65.95983862584188;80.08;-14.120161374158116
2018-09-12 21:00:00;63.68712150239814;73.42;-9.73287849760186
2018-09-12 22:00:00;58.11205175344267;70.91;-12.797948246557326
2018-09-12 23:00:00;52.477988113942544;65.61;-13.132011886057455
2018-09-13 00:00:00;52.45539500210522;59.48;-7.024604997894777
2018-09-13 01:00:00;52.45629088486166;59.4;-6.94370911513834
2018-09-13 02:00:00;51.90398061985803;56.71;-4.806019380141969
2018-09-13 03:00:00;52.458082650374536;53.45;-0.9919173496254672
2018-09-13 04:00:00;51.90576776694621;54.48;-2.5742322330537846
2018-09-13 05:00:00;66.59610610872839;58.77;7.826106108728389
2018-09-13 06:00:00;68.77631997436802;74.48;-5.703680025631982
2018-09-13 07:00:00;68.77728843667775;81.34;-12.562711563322253
2018-09-13 08:00:00;68.77825689898748;83.91;-15.131743101012518
2018-09-13 09:00:00;68.77922536129721;79.94;-11.16077463870279
2018-09-13 10:00:00;68.78019382360694;78.89;-10.109806176393064
2018-09-13 11:00:00;68.78116228591666;77.75;-8.968837714083335
2018-09-13 12:00:00;68.08614318562314;76.66;-8.573856814376853
2018-09-13 13:00:00;67.63963490992985;75.32;-7.68036509007014
2018-09-13 14:00:00;68.21196911952927;74.93;-6.718030880470735
2018-09-13 15:00:00;68.78503613515556;74.08;-5.2949638648444335
2018-09-13 16:00:00;68.78600459746528;72.93;-4.143995402534728
2018-09-13 17:00:00;68.78697305977501;75.7;-6.913026940224995
2018-09-13 18:00:00;68.83979108661357;77.73;-8.89020891338643
2018-09-13 19:00:00;68.78890998439446;79.2;-10.411090015605538
2018-09-13 20:00:00;68.7898784467042;82.43;-13.640121553295813
2018-09-13 21:00:00;65.93747488084074;74.98;-9.042525119159265
2018-09-13 22:00:00;60.11755097652697;71.63;-11.512449023473025
2018-09-13 23:00:00;53.02983572233903;62.36;-9.33016427766097
2018-09-14 00:00:00;52.74332314639076;57.63;-4.886676853609245
2018-09-14 01:00:00;52.74422368356333;55.38;-2.635776316436676
2018-09-14 02:00:00;52.7451242207359;54.08;-1.3348757792640953
2018-09-14 03:00:00;52.74602475790848;52.06;0.6860247579084771
2018-09-14 04:00:00;52.74692529508104;52.07;0.6769252950810412
2018-09-14 05:00:00;61.66576984547751;56.1;5.5657698454775115
2018-09-14 06:00:00;66.44129275448816;70.91;-4.468707245511837
2018-09-14 07:00:00;66.44256795457117;75.95;-9.507432045428828
2018-09-14 08:00:00;66.75763249686747;78.45;-11.69236750313253
2018-09-14 09:00:00;66.44511835473718;78.46;-12.014881645262818
2018-09-14 10:00:00;66.19134973118847;77.45;-11.258650268811536
2018-09-14 11:00:00;64.98495063885642;75.96;-10.975049361143576
2018-09-14 12:00:00;62.79852492719732;72.08;-9.281475072802678
2018-09-14 13:00:00;60.54973265623256;65.18;-4.63026734376745
2018-09-14 14:00:00;60.68047183969567;59.03;1.650471839695669
2018-09-14 15:00:00;59.99079241550032;57.78;2.210792415500322
2018-09-14 16:00:00;62.10611525634033;58.0;4.106115256340331
2018-09-14 17:00:00;66.1980726240204;62.27;3.9280726240203947
2018-09-14 18:00:00;66.45659515548424;72.91;-6.4534048445157595
2018-09-14 19:00:00;66.45787035556725;74.91;-8.452129644432745
2018-09-14 20:00:00;62.806082607073705;74.74;-11.93391739292629
2018-09-14 21:00:00;56.08829464245012;62.74;-6.651705357549879
2018-09-14 22:00:00;47.0806427349891;56.21;-9.129357265010903
2018-09-14 23:00:00;40.73968034503352;55.82;-15.08031965496648
2018-09-15 00:00:00;38.580946887551605;51.25;-12.669053112448395
2018-09-15 01:00:00;38.12366800749635;48.6;-10.476331992503653
2018-09-15 02:00:00;38.12470594389444;46.04;-7.915294056105559
2018-09-15 03:00:00;38.583477577701785;44.26;-5.676522422298213
2018-09-15 04:00:00;38.584321141085184;43.86;-5.275678858914816
2018-09-15 05:00:00;38.12781975308872;44.04;-5.9121802469112765
2018-09-15 06:00:00;42.5580377511037;46.62;-4.0619622488963
2018-09-15 07:00:00;42.55910890394547;49.06;-6.500891096054531
2018-09-15 08:00:00;44.48915877680845;50.38;-5.890841223191551
2018-09-15 09:00:00;40.6510287482587;52.02;-11.3689712517413
2018-09-15 10:00:00;38.13300943507919;48.08;-9.94699056492081
2018-09-15 11:00:00;38.13404737147728;46.01;-7.875952628522718
2018-09-15 12:00:00;38.59106964815234;46.67;-8.07893035184766
2018-09-15 13:00:00;38.59191321153574;44.77;-6.178086788464263
2018-09-15 14:00:00;38.13716118067156;43.02;-4.882838819328441
2018-09-15 15:00:00;38.59360033830252;45.79;-7.196399661697477
2018-09-15 16:00:00;44.00851631231321;43.48;0.528516312313215
2018-09-15 17:00:00;48.4167044583875;50.1;-1.6832955416125017
2018-09-15 18:00:00;48.41782157607295;59.82;-11.402178423927047
2018-09-15 19:00:00;48.92756238874213;71.14;-22.21243761125787
2018-09-15 20:00:00;48.42005581144383;74.64;-26.21994418855617
2018-09-15 21:00:00;48.92933129778928;67.11;-18.180668702210717
2018-09-15 22:00:00;47.10720030898746;64.62;-17.512799691012546
2018-09-15 23:00:00;41.937390565760055;61.55;-19.612609434239943
2018-09-16 00:00:00;37.52251495925862;58.9;-21.377485040741377
2018-09-16 01:00:00;30.766630712265687;50.02;-19.253369287734316
2018-09-16 02:00:00;28.859565823782678;46.13;-17.270434176217325
2018-09-16 03:00:00;28.859565823782678;42.54;-13.680434176217322
2018-09-16 04:00:00;28.859565823782678;40.91;-12.050434176217319
2018-09-16 05:00:00;28.96305764508895;38.14;-9.176942354911052
2018-09-16 06:00:00;28.859565823782678;40.02;-11.160434176217326
2018-09-16 07:00:00;28.859565823782678;41.22;-12.360434176217321
2018-09-16 08:00:00;28.859565823782678;44.41;-15.550434176217319
2018-09-16 09:00:00;28.859565823782678;45.75;-16.890434176217322
2018-09-16 10:00:00;28.859565823782678;45.21;-16.350434176217323
2018-09-16 11:00:00;28.859565823782678;43.22;-14.360434176217321
2018-09-16 12:00:00;28.859565823782678;42.34;-13.480434176217326
2018-09-16 13:00:00;28.859565823782678;32.08;-3.2204341762173208
2018-09-16 14:00:00;28.859565823782678;26.11;2.749565823782678
2018-09-16 15:00:00;28.859565823782678;30.47;-1.6104341762173213
2018-09-16 16:00:00;41.31580253288251;42.34;-1.0241974671174958
2018-09-16 17:00:00;48.94702038826068;49.09;-0.14297961173932094
2018-09-16 18:00:00;48.4446324005236;62.25;-13.805367599476398
2018-09-16 19:00:00;48.94878929730781;70.78;-21.83121070269219
2018-09-16 20:00:00;48.44686663589449;74.45;-26.003133364105516
2018-09-16 21:00:00;47.13265131740256;60.72;-13.587348682597437
2018-09-16 22:00:00;42.94753137410657;59.96;-17.012468625893433
2018-09-16 23:00:00;38.17141308180865;49.02;-10.848586918191351
2018-09-17 00:00:00;38.4414110152508;45.29;-6.848588984749199
2018-09-17 01:00:00;38.44225253095303;44.14;-5.697747469046973
2018-09-17 02:00:00;38.44309404665526;43.33;-4.886905953344737
2018-09-17 03:00:00;38.44393556235749;41.74;-3.2960644376425137
2018-09-17 04:00:00;49.33382533918119;42.91;6.423825339181192
2018-09-17 05:00:00;60.38990139684891;49.05;11.339901396848916
2018-09-17 06:00:00;62.13494170453138;69.9;-7.765058295468627
2018-09-17 07:00:00;62.135881293585896;75.47;-13.334118706414102
2018-09-17 08:00:00;62.13682088264042;75.91;-13.773179117359575
2018-09-17 09:00:00;62.13776047169494;75.91;-13.772239528305057
2018-09-17 10:00:00;62.13870006074946;71.94;-9.80129993925054
2018-09-17 11:00:00;59.69049496673959;61.8;-2.1095050332604046
2018-09-17 12:00:00;56.53593804859475;54.66;1.8759380485947545
2018-09-17 13:00:00;55.97983974129247;51.78;4.199839741292472
2018-09-17 14:00:00;59.33213807704506;54.05;5.282138077045062
2018-09-17 15:00:00;62.14339800602206;57.05;5.093398006022063
2018-09-17 16:00:00;62.14433759507658;68.0;-5.855662404923422
2018-09-17 17:00:00;62.1452771841311;75.0;-12.854722815868897
2018-09-17 18:00:00;63.84036770180734;78.49;-14.649632298192657
2018-09-17 19:00:00;62.54552644427774;91.31;-28.76447355572226
2018-09-17 20:00:00;62.14809595129466;81.82;-19.671904048705336
2018-09-17 21:00:00;59.7025266401312;73.72;-14.017473359868802
2018-09-17 22:00:00;51.00154628794999;64.5;-13.498453712050008
2018-09-17 23:00:00;44.96988585922836;50.03;-5.060114140771638
2018-09-18 00:00:00;45.021605882158326;50.0;-4.978394117841674
2018-09-18 01:00:00;43.93231984331888;47.93;-3.9976801566811204
2018-09-18 02:00:00;42.397151530461336;44.46;-2.0628484695386646
2018-09-18 03:00:00;44.32993503929048;42.86;1.4699350392904833
2018-09-18 04:00:00;45.5709371359861;43.88;1.690937135986097
2018-09-18 05:00:00;52.71743553864276;46.03;6.6874355386427595
2018-09-18 06:00:00;57.05598128846983;60.74;-3.6840187115301717
2018-09-18 07:00:00;57.16480206603632;74.5;-17.335197933963677
2018-09-18 08:00:00;57.05833918979268;74.98;-17.92166081020732
2018-09-18 09:00:00;57.05951814045412;71.99;-14.930481859545878
2018-09-18 10:00:00;52.94458769434118;64.29;-11.345412305658826
2018-09-18 11:00:00;47.2178310448804;53.49;-6.272168955119604
2018-09-18 12:00:00;45.03200704629498;49.02;-3.9879929537050245
2018-09-18 13:00:00;45.03287380997303;47.98;-2.947126190026964
2018-09-18 14:00:00;45.03374057365109;48.1;-3.066259426348914
2018-09-18 15:00:00;49.41667243344575;49.01;0.406672433445749
2018-09-18 16:00:00;56.3748516661822;48.48;7.8948516661822055
2018-09-18 17:00:00;57.06894974574555;67.04;-9.971050254254457
2018-09-18 18:00:00;57.070128696406975;74.94;-17.869871303593023
2018-09-18 19:00:00;57.07130764706841;77.65;-20.578692352931597
2018-09-18 20:00:00;55.50503405225894;75.91;-20.404965947741054
2018-09-18 21:00:00;52.28042803119318;71.98;-19.699571968806822
2018-09-18 22:00:00;48.27360895899592;55.75;-7.476391041004078
2018-09-18 23:00:00;45.041541446753584;50.04;-4.998458553246415
2018-09-19 00:00:00;45.042408210431645;49.44;-4.397591789568352
2018-09-19 01:00:00;45.0432749741097;48.13;-3.0867250258903027
2018-09-19 02:00:00;45.59005373313787;46.65;-1.0599462668621271
2018-09-19 03:00:00;45.045008501465794;43.09;1.955008501465791
2018-09-19 04:00:00;45.59179160560621;44.26;1.3317916056062131
2018-09-19 05:00:00;59.98369130974725;48.4;11.583691309747252
2018-09-19 06:00:00;60.5462779739245;63.15;-2.603722026075502
2018-09-19 07:00:00;59.98555033366807;75.99;-16.004449666331922
2018-09-19 08:00:00;60.548141995754605;77.02;-16.47185800424539
2018-09-19 09:00:00;60.549074006669656;75.84;-15.290925993330347
2018-09-19 10:00:00;57.088991906989854;71.96;-14.87100809301014
2018-09-19 11:00:00;49.61434398659838;57.65;-8.03565601340162
2018-09-19 12:00:00;48.28910087716165;50.0;-1.7108991228383488
2018-09-19 13:00:00;47.7886604130918;49.08;-1.291339586908201
2018-09-19 14:00:00;47.78953814956433;49.06;-1.270461850435673
2018-09-19 15:00:00;47.79041588603686;49.04;-1.249584113963138
2018-09-19 16:00:00;53.85684048756093;49.07;4.78684048756093
2018-09-19 17:00:00;59.99484545327218;63.09;-3.0951545467278265
2018-09-19 18:00:00;59.99577496523258;72.29;-12.294225034767429
2018-09-19 19:00:00;60.558394115820136;75.99;-15.43160588417986
2018-09-19 20:00:00;59.9976339891534;73.0;-13.0023660108466
2018-09-19 21:00:00;55.527783867656304;56.57;-1.0422161323436967
2018-09-19 22:00:00;47.79656004134458;49.02;-1.223439958655426
2018-09-19 23:00:00;47.79743777781711;44.57;3.2274377778171086
2018-09-20 00:00:00;47.896914636120165;47.03;0.8669146361201641
2018-09-20 01:00:00;47.898010847082574;44.07;3.8280108470825738
2018-09-20 02:00:00;47.61154517501743;42.32;5.291545175017433
2018-09-20 03:00:00;47.90020326900739;42.12;5.780203269007394
2018-09-20 04:00:00;47.90129947996981;45.02;2.8812994799698046
2018-09-20 05:00:00;60.913394250263714;49.3;11.613394250263717
2018-09-20 06:00:00;61.514814406967695;66.89;-5.375185593032306
2018-09-20 07:00:00;61.51574893031028;75.7;-14.184251069689722
2018-09-20 08:00:00;61.516683453652846;75.94;-14.423316546347152
2018-09-20 09:00:00;61.51761797699543;73.56;-12.04238202300457
2018-09-20 10:00:00;56.70440343389785;65.0;-8.295596566102148
2018-09-20 11:00:00;48.71802239291864;53.26;-4.541977607081357
2018-09-20 12:00:00;48.71890235737311;46.34;2.378902357373107
2018-09-20 13:00:00;48.71978232182759;45.81;2.909782321827585
2018-09-20 14:00:00;48.72066228628206;45.59;3.1306622862820532
2018-09-20 15:00:00;53.693119215524526;47.56;6.133119215524523
2018-09-20 16:00:00;61.5241596403935;52.0;9.5241596403935
2018-09-20 17:00:00;60.96166768191616;66.95;-5.988332318083842
2018-09-20 18:00:00;64.35319544356094;75.01;-10.65680455643907
2018-09-20 19:00:00;61.52696321042124;79.65;-18.123036789578762
2018-09-20 20:00:00;61.52789773376382;78.89;-17.362102266236178
2018-09-20 21:00:00;60.9326449276903;69.46;-8.527355072309696
2018-09-20 22:00:00;48.58280688161775;58.74;-10.157193118382253
2018-09-20 23:00:00;36.75782156629536;47.23;-10.472178433704634
2018-09-21 00:00:00;32.671373520593484;54.48;-21.808626479406513
2018-09-21 01:00:00;32.06028990760068;43.82;-11.759710092399317
2018-09-21 02:00:00;32.06127132422549;32.58;-0.5187286757745113
2018-09-21 03:00:00;32.0622527408503;31.95;0.11225274085029824
2018-09-21 04:00:00;32.063234157475094;28.81;3.253234157475095
2018-09-21 05:00:00;39.52586664911958;34.89;4.635866649119578
2018-09-21 06:00:00;40.79668694736776;54.8;-14.003313052632237
2018-09-21 07:00:00;40.797729502283296;64.99;-24.1922704977167
2018-09-21 08:00:00;40.79877205719884;62.54;-21.74122794280116
2018-09-21 09:00:00;39.53000008360048;46.48;-6.94999991639952
2018-09-21 10:00:00;37.01459687311955;32.03;4.98459687311955
2018-09-21 11:00:00;32.68221451387308;32.54;0.14221451387307837
2018-09-21 12:00:00;32.07108549047351;28.79;3.281085490473508
2018-09-21 13:00:00;32.07206690709832;26.48;5.592066907098317
2018-09-21 14:00:00;33.91451640313119;26.98;6.9345164031311874
2018-09-21 15:00:00;37.64596712351473;31.59;6.05596712351473
2018-09-21 16:00:00;40.80711249652317;28.72;12.087112496523169
2018-09-21 17:00:00;40.55552625864455;40.07;0.4855262586445477
2018-09-21 18:00:00;40.80919760635425;53.82;-13.010802393645747
2018-09-21 19:00:00;40.8102401612698;64.92;-24.1097598387302
2018-09-21 20:00:00;39.541367028422975;59.07;-19.528632971577025
2018-09-21 21:00:00;31.469438264805383;40.03;-8.560561735194618
2018-09-21 22:00:00;21.116295144288927;31.76;-10.643704855711075
2018-09-21 23:00:00;21.116295144288927;27.04;-5.9237048557110725
2018-09-22 00:00:00;21.116295144288927;17.3;3.816295144288926
2018-09-22 01:00:00;21.116295144288927;14.14;6.976295144288926
2018-09-22 02:00:00;21.116295144288927;2.48;18.636295144288926
2018-09-22 03:00:00;21.116295144288927;2.39;18.726295144288926
2018-09-22 04:00:00;21.116295144288927;22.1;-0.9837048557110748
2018-09-22 05:00:00;21.116295144288927;25.72;-4.603704855711072
2018-09-22 06:00:00;26.651863875072262;27.37;-0.7181361249277387
2018-09-22 07:00:00;26.65280963748239;32.89;-6.237190362517609
2018-09-22 08:00:00;26.65375539989252;33.93;-7.2762446001074785
2018-09-22 09:00:00;26.654701162302644;31.68;-5.025298837697356
2018-09-22 10:00:00;21.116295144288927;27.14;-6.023704855711074
2018-09-22 11:00:00;21.116295144288927;27.13;-6.013704855711072
2018-09-22 12:00:00;21.116295144288927;1.79;19.326295144288927
2018-09-22 13:00:00;21.116295144288927;-6.74;27.85629514428893
2018-09-22 14:00:00;21.116295144288927;-6.79;27.906295144288926
2018-09-22 15:00:00;24.283576140014112;-0.02;24.303576140014112
2018-09-22 16:00:00;37.87046024555126;23.89;13.980460245551257
2018-09-22 17:00:00;37.87129769557054;32.31;5.561297695570538
2018-09-22 18:00:00;37.872135145589816;54.97;-17.097864854410183
2018-09-22 19:00:00;38.30281699178087;63.99;-25.68718300821913
2018-09-22 20:00:00;37.87381004562837;61.11;-23.236189954371632
2018-09-22 21:00:00;37.87464749564764;47.08;-9.205352504352355
2018-09-22 22:00:00;33.61904761904762;40.05;-6.430952380952377
2018-09-22 23:00:00;31.494848658802617;33.91;-2.4151513411973795
2018-09-23 00:00:00;30.279579963387647;28.85;1.4295799633876456
2018-09-23 01:00:00;30.28054920028665;35.05;-4.769450799713347
2018-09-23 02:00:00;30.281518437185653;37.67;-7.3884815628143485
2018-09-23 03:00:00;30.282487674084663;37.47;-7.1875123259153355
2018-09-23 04:00:00;29.677744766199396;37.44;-7.762255233800602
2018-09-23 05:00:00;31.51324965132497;36.08;-4.566750348675029
2018-09-23 06:00:00;36.43466400561444;36.09;0.3446640056144332
2018-09-23 07:00:00;37.88302199584044;43.14;-5.2569780041595635
2018-09-23 08:00:00;37.88385944585972;55.1;-17.21614055414028
2018-09-23 09:00:00;37.884696895879;58.15;-20.265303104120996
2018-09-23 10:00:00;37.88553434589828;61.99;-24.104465654101723
2018-09-23 11:00:00;37.88637179591755;64.0;-26.113628204082453
2018-09-23 12:00:00;34.57769674824041;61.98;-27.402303251759584
2018-09-23 13:00:00;31.51324965132497;56.06;-24.546750348675033
2018-09-23 14:00:00;31.51324965132497;47.64;-16.12675034867503
2018-09-23 15:00:00;31.51048582433937;40.23;-8.719514175660628
2018-09-23 16:00:00;33.61904761904762;37.24;-3.6209523809523816
2018-09-23 17:00:00;37.35187557698153;40.54;-3.188124423018472
2018-09-23 18:00:00;37.8922339460525;54.13;-16.237766053947503
2018-09-23 19:00:00;33.61904761904762;50.3;-16.680952380952377
2018-09-23 20:00:00;27.885334794060483;48.61;-20.724665205939516
2018-09-23 21:00:00;24.31149817279744;35.13;-10.818501827202564
2018-09-23 22:00:00;23.1789724791994;31.55;-8.371027520800602
2018-09-23 23:00:00;23.1789724791994;25.17;-1.9910275208006034
2018-09-24 00:00:00;22.97616034204381;26.15;-3.17383965795619
2018-09-24 01:00:00;22.97708011520506;18.58;4.3970801152050605
2018-09-24 02:00:00;21.21745358451043;3.97;17.24745358451043
2018-09-24 03:00:00;23.56853217781548;4.4;19.16853217781548
2018-09-24 04:00:00;22.97983943468881;19.69;3.2898394346888082
2018-09-24 05:00:00;36.30545443651726;29.99;6.3154544365172605
2018-09-24 06:00:00;39.7184661191874;46.03;-6.311533880812604
2018-09-24 07:00:00;39.7193096825708;57.98;-18.260690317429194
2018-09-24 08:00:00;40.08623636169607;50.86;-10.773763638303926
2018-09-24 09:00:00;34.44554069020423;40.85;-6.404459309795769
2018-09-24 10:00:00;31.98573837791521;35.42;-3.43426162208479
2018-09-24 11:00:00;31.37573788528509;30.14;1.23573788528509
2018-09-24 12:00:00;31.376711148363245;29.97;1.4067111483632466
2018-09-24 13:00:00;31.377684411441383;28.75;2.6276844114413827
2018-09-24 14:00:00;31.378657674519527;27.57;3.8086576745195266
2018-09-24 15:00:00;37.56728290251727;32.74;4.827282902517268
2018-09-24 16:00:00;44.5923802938806;29.97;14.622380293880603
2018-09-24 17:00:00;48.46053399671258;49.32;-0.8594660032874231
2018-09-24 18:00:00;48.46141173318512;62.98;-14.518588266814874
2018-09-24 19:00:00;48.46228946965765;76.94;-28.47771053034235
2018-09-24 20:00:00;46.81549647094271;67.98;-21.164503529057292
2018-09-24 21:00:00;42.44598316365111;60.89;-18.444016836348894
2018-09-24 22:00:00;38.64946466225736;55.86;-17.21053533774264
2018-09-24 23:00:00;38.20411851458656;46.09;-7.885881485413442
2018-09-25 00:00:00;38.4382325116721;41.16;-2.721767488327899
2018-09-25 01:00:00;38.439256834818025;43.45;-5.010743165181978
2018-09-25 02:00:00;38.440281157963945;44.28;-5.839718842036056
2018-09-25 03:00:00;39.03339684246743;44.96;-5.926603157532568
2018-09-25 04:00:00;47.45929264433353;44.49;2.969292644333528
2018-09-25 05:00:00;59.02878377008589;54.09;4.938783770085884
2018-09-25 06:00:00;61.15426835156391;67.53;-6.375731648436094
2018-09-25 07:00:00;61.15547151890308;76.93;-15.77452848109693
2018-09-25 08:00:00;61.10157511500695;75.01;-13.908424884993053
2018-09-25 09:00:00;61.102507125922;68.61;-7.507492874077997
2018-09-25 10:00:00;59.41593781407857;65.35;-5.934062185921427
2018-09-25 11:00:00;59.97871642123742;66.99;-7.011283578762573
2018-09-25 12:00:00;58.29599471091463;60.88;-2.5840052890853755
2018-09-25 13:00:00;57.636816756272296;55.86;1.7768167562722965
2018-09-25 14:00:00;57.63798980432035;56.9;0.7379898043203497
2018-09-25 15:00:00;59.42056058427177;60.03;-0.6094394157282323
2018-09-25 16:00:00;61.16630002495553;64.31;-3.14369997504447
2018-09-25 17:00:00;62.23827874208067;71.45;-9.211721257919336
2018-09-25 18:00:00;63.37021020819084;77.2;-13.829789791809162
2018-09-25 19:00:00;61.1118272350725;89.01;-27.89817276492751
2018-09-25 20:00:00;61.11275924598753;79.73;-18.61724075401247
2018-09-25 21:00:00;56.25612079282112;74.39;-18.13387920717888
2018-09-25 22:00:00;47.2195057536646;63.53;-16.310494246335402
2018-09-25 23:00:00;41.7608948596632;50.01;-8.249105140336795
2018-09-26 00:00:00;41.80435787773294;44.05;-2.245642122267057
2018-09-26 01:00:00;41.80521183084345;42.14;-0.3347881691565533
2018-09-26 02:00:00;39.76163842721808;34.04;5.721638427218082
2018-09-26 03:00:00;41.80691973706447;29.84;11.966919737064469
2018-09-26 04:00:00;41.807773690174976;32.1;9.707773690174974
2018-09-26 05:00:00;52.76692900303105;43.01;9.756929003031054
2018-09-26 06:00:00;52.84250722309338;57.08;-4.23749277690662
2018-09-26 07:00:00;52.76872541090074;64.3;-11.531274589099255
2018-09-26 08:00:00;52.76962361483558;62.98;-10.210376385164416
2018-09-26 09:00:00;49.46010154097068;52.92;-3.4598984590293185
2018-09-26 10:00:00;43.987605283061946;46.11;-2.1223947169380537
2018-09-26 11:00:00;41.813751361948526;38.05;3.763751361948529
2018-09-26 12:00:00;41.81460531505903;32.94;8.874605315059036
2018-09-26 13:00:00;41.81545926816953;31.98;9.835459268169533
2018-09-26 14:00:00;41.81631322128004;30.82;10.99631322128004
2018-09-26 15:00:00;45.54901162158738;34.78;10.769011621587381
2018-09-26 16:00:00;51.50401724843466;37.75;13.754017248434657
2018-09-26 17:00:00;52.77770745024921;52.09;0.6877074502492064
2018-09-26 18:00:00;52.77860565418406;64.9;-12.121394345815943
2018-09-26 19:00:00;52.7795038581189;69.0;-16.2204961418811
2018-09-26 20:00:00;50.571085730856176;59.18;-8.608914269143824
2018-09-26 21:00:00;44.54207106072366;48.08;-3.537928939276341
2018-09-26 22:00:00;41.8231448461641;43.08;-1.2568551538359003
2018-09-26 23:00:00;41.823998799274605;37.84;3.9839987992746018
2018-09-27 00:00:00;41.88451486759091;32.99;8.894514867590907
2018-09-27 01:00:00;41.64868084089865;32.47;9.17868084089865
2018-09-27 02:00:00;41.88663776250093;38.04;3.846637762500933
2018-09-27 03:00:00;41.65038874711966;38.05;3.6003887471196663
2018-09-27 04:00:00;52.04866035659563;38.03;14.018660356595632
2018-09-27 05:00:00;61.52799128096299;47.09;14.43799128096299
2018-09-27 06:00:00;62.09216348459405;66.4;-4.307836515405953
2018-09-27 07:00:00;62.09310307364857;73.97;-11.876896926351428
2018-09-27 08:00:00;62.094042662703096;71.82;-9.725957337296897
2018-09-27 09:00:00;62.094982251757614;64.96;-2.86501774824238
2018-09-27 10:00:00;55.93556280482598;59.93;-3.9944371951740223
2018-09-27 11:00:00;50.40013138738072;54.57;-4.1698686126192825
2018-09-27 12:00:00;48.75127152187793;47.05;1.7012715218779348
2018-09-27 13:00:00;49.05247847552744;44.37;4.682478475527439
2018-09-27 14:00:00;52.39875471713989;46.3;6.09875471713989
2018-09-27 15:00:00;58.58684919823168;46.19;12.396849198231685
2018-09-27 16:00:00;62.101559375139246;53.91;8.19155937513925
2018-09-27 17:00:00;61.53923587319011;62.85;-1.310764126809893
2018-09-27 18:00:00;63.23196603857277;73.04;-9.808033961427235
2018-09-27 19:00:00;61.54110997189463;78.26;-16.718890028105378
2018-09-27 20:00:00;60.41747507304424;71.96;-11.542524926955757
2018-09-27 21:00:00;53.08341323249668;59.97;-6.886586767503317
2018-09-27 22:00:00;46.021331006393545;47.58;-1.558668993606453
2018-09-27 23:00:00;45.77816018978151;43.54;2.23816018978151
2018-09-28 00:00:00;46.15083834937598;42.92;3.230838349375979
2018-09-28 01:00:00;45.62393285236532;43.18;2.4439328523653217
2018-09-28 02:00:00;45.62480178859949;42.98;2.6448017885994943
2018-09-28 03:00:00;46.15411166732535;42.96;3.194111667325352
2018-09-28 04:00:00;46.15520277330847;44.52;1.635202773308464
2018-09-28 05:00:00;58.31045848940048;44.01;14.300458489400484
2018-09-28 06:00:00;57.78116044068001;63.13;-5.348839559319991
2018-09-28 07:00:00;58.31284036121365;72.37;-14.057159638786352
2018-09-28 08:00:00;57.78299973813272;76.97;-19.187000261867276
2018-09-28 09:00:00;58.31522223302682;68.96;-10.64477776697317
2018-09-28 10:00:00;56.92346723412517;58.18;-1.2565327658748302
2018-09-28 11:00:00;52.81252394566408;51.96;0.8525239456640819
2018-09-28 12:00:00;47.8228826464776;48.02;-0.19711735352240112
2018-09-28 13:00:00;46.16502272715655;43.28;2.885022727156546
2018-09-28 14:00:00;45.63522902340954;43.01;2.6252290234095454
2018-09-28 15:00:00;47.8255158558952;43.07;4.755515855895197
2018-09-28 16:00:00;52.7847911234435;39.44;13.3447911234435
2018-09-28 17:00:00;58.32474972027951;48.37;9.954749720279516
2018-09-28 18:00:00;57.79219622539624;59.92;-2.1278037746037626
2018-09-28 19:00:00;57.79311587412259;65.62;-7.826884125877413
2018-09-28 20:00:00;55.55354004826667;60.46;-4.906459951733332
2018-09-28 21:00:00;50.579874724897536;52.92;-2.3401252751024657
2018-09-28 22:00:00;44.55061893630455;45.68;-1.1293810636954476
2018-09-28 23:00:00;41.01941596438699;45.3;-4.2805840356130105
2018-09-29 00:00:00;40.38526315777645;43.97;-3.584736842223549
2018-09-29 01:00:00;40.74885642530711;43.5;-2.7511435746928896
2018-09-29 02:00:00;40.74970619196578;43.52;-2.770293808034225
2018-09-29 03:00:00;40.750555958624446;43.51;-2.759444041375552
2018-09-29 04:00:00;43.58600171028623;43.54;0.04600171028623379
2018-09-29 05:00:00;48.38653740463658;46.39;1.9965374046365767
2018-09-29 06:00:00;51.13939058412235;54.4;-3.2606094158776457
2018-09-29 07:00:00;51.14028186032785;55.38;-4.239718139672149
2018-09-29 08:00:00;51.14117313653336;59.9;-8.758826863466638
2018-09-29 09:00:00;45.6517388118588;54.94;-9.288261188141199
2018-09-29 10:00:00;40.395735304964845;43.56;-3.1642646950351576
2018-09-29 11:00:00;40.39678251968368;40.29;0.10678251968368357
2018-09-29 12:00:00;40.75820385855247;36.1;4.6582038585524685
2018-09-29 13:00:00;40.39887694912136;32.84;7.558876949121355
2018-09-29 14:00:00;40.3999241638402;27.26;13.139924163840195
2018-09-29 15:00:00;40.40097137855905;33.36;7.04097137855905
2018-09-29 16:00:00;50.04579231366387;36.57;13.475792313663867
2018-09-29 17:00:00;51.14919462238289;52.64;-1.4908053776171073
2018-09-29 18:00:00;51.1500858985884;60.04;-8.889914101411598
2018-09-29 19:00:00;51.1509771747939;68.91;-17.759022825206095
2018-09-29 20:00:00;51.15186845099941;59.91;-8.758131549000588
2018-09-29 21:00:00;46.20878560845388;54.58;-8.371214391546118
2018-09-29 22:00:00;38.06395194276526;47.72;-9.656048057234742
2018-09-29 23:00:00;35.39630295651004;32.93;2.4663029565100416
2018-09-30 00:00:00;34.778987952014994;36.19;-1.411012047985004
2018-09-30 01:00:00;35.398325081240515;24.98;10.418325081240514
2018-09-30 02:00:00;35.399336143605765;27.98;7.419336143605765
2018-09-30 03:00:00;35.400347205971;28.78;6.620347205971001
2018-09-30 04:00:00;35.40135826833625;27.95;7.451358268336254
2018-09-30 05:00:00;35.40236933070149;27.18;8.22236933070149
2018-09-30 06:00:00;36.45470321115788;34.18;2.2747032111578775
2018-09-30 07:00:00;36.99372367448135;40.02;-3.0262763255186513
2018-09-30 08:00:00;37.53321685940932;36.53;1.0032168594093207
2018-09-30 09:00:00;35.406413580162464;37.63;-2.223586419837538
2018-09-30 10:00:00;34.78905513277648;32.06;2.7290551327764803
2018-09-30 11:00:00;35.40843570489295;31.14;4.268435704892951
2018-09-30 12:00:00;35.40944676725819;30.91;4.499446767258188
2018-09-30 13:00:00;35.41045782962344;29.32;6.090457829623439
2018-09-30 14:00:00;35.41146889198868;26.73;8.681468891988683
2018-09-30 15:00:00;34.79408872315722;33.92;0.8740887231572216
2018-09-30 16:00:00;45.678675835118106;39.12;6.558675835118109
2018-09-30 17:00:00;54.492264685632286;55.8;-1.3077353143677115
2018-09-30 18:00:00;54.49316992583612;64.62;-10.126830074163884
2018-09-30 19:00:00;54.49407516603996;74.21;-19.71592483396003
2018-09-30 20:00:00;54.23830966897963;71.31;-17.07169033102037
2018-09-30 21:00:00;51.17415035613701;65.31;-14.13584964386299
2018-09-30 22:00:00;47.87379136188445;65.08;-17.206208638115548
2018-09-30 23:00:00;46.77864259158415;60.87;-14.091357408415845
2018-10-01 00:00:00;43.09433572599939;59.53;-16.435664274000608
2018-10-01 01:00:00;43.09550291203744;56.1;-13.004497087962562
2018-10-01 02:00:00;43.096670098075485;51.41;-8.313329901924511
2018-10-01 03:00:00;43.32476620785825;47.38;-4.055233792141756
2018-10-01 04:00:00;47.22787324516964;47.59;-0.3621267548303635
2018-10-01 05:00:00;54.60454517436707;51.61;2.994545174367069
2018-10-01 06:00:00;55.289724743390174;69.13;-13.840275256609821
2018-10-01 07:00:00;56.66921275463798;77.32;-20.65078724536201
2018-10-01 08:00:00;55.976717538392506;84.97;-28.993282461607492
2018-10-01 09:00:00;55.20740078166834;79.56;-24.35259921833166
2018-10-01 10:00:00;55.28609908768394;73.7;-18.413900912316066
2018-10-01 11:00:00;55.28519267375739;71.63;-16.344807326242602
2018-10-01 12:00:00;54.09950288936578;63.15;-9.050497110634218
2018-10-01 13:00:00;50.780017599860194;60.24;-9.459982400139808
2018-10-01 14:00:00;50.2297816400658;56.18;-5.950218359934198
2018-10-01 15:00:00;50.23098763673965;53.0;-2.7690123632603516
2018-10-01 16:00:00;55.280660604124606;53.37;1.9106606041246081
2018-10-01 17:00:00;55.27975419019805;60.42;-5.140245809801954
2018-10-01 18:00:00;55.27884777627149;69.93;-14.651152223728516
2018-10-01 19:00:00;55.27794136234493;75.0;-19.722058637655067
2018-10-01 20:00:00;51.34051191645608;65.83;-14.489488083543918
2018-10-01 21:00:00;46.94109258260154;53.86;-6.918907417398458
2018-10-01 22:00:00;40.40520805212396;46.46;-6.054791947876041
2018-10-01 23:00:00;38.24337831245192;42.5;-4.256621687548083
2018-10-02 00:00:00;37.950641375609806;45.1;-7.149358624390196
2018-10-02 01:00:00;37.57283170258183;44.1;-6.5271682974181715
2018-10-02 02:00:00;37.57203576262026;44.06;-6.487964237379742
2018-10-02 03:00:00;37.95405834691776;43.77;-5.815941653082241
2018-10-02 04:00:00;39.45967771760953;44.29;-4.830322282390469
2018-10-02 05:00:00;47.75560733087561;48.13;-0.37439266912438995
2018-10-02 06:00:00;47.85677894209878;57.7;-9.843221057901225
2018-10-02 07:00:00;47.85592341845486;68.21;-20.354076581545137
2018-10-02 08:00:00;47.85506789481093;70.36;-22.50493210518907
2018-10-02 09:00:00;46.11547939825667;54.53;-8.414520601743334
2018-10-02 10:00:00;41.210320320103705;48.49;-7.279679679896297
2018-10-02 11:00:00;36.93893073916553;46.19;-9.25106926083447
2018-10-02 12:00:00;35.07131967267267;44.15;-9.078680327327326
2018-10-02 13:00:00;33.21973463921745;30.79;2.4297346392174504
2018-10-02 14:00:00;33.21896223447847;27.75;5.468962234478468
2018-10-02 15:00:00;32.60471417990868;30.74;1.8647141799086846
2018-10-02 16:00:00;34.44951805338697;26.77;7.679518053386968
2018-10-02 17:00:00;38.18789006659407;38.68;-0.4921099334059278
2018-10-02 18:00:00;40.71747533897104;48.52;-7.802524661028961
2018-10-02 19:00:00;37.55850478327356;49.03;-11.471495216726439
2018-10-02 20:00:00;29.015271527152724;45.43;-16.414728472847276
2018-10-02 21:00:00;22.41362738289561;32.04;-9.62637261710439
2018-10-02 22:00:00;14.600486495554438;26.22;-11.61951350444556
2018-10-02 23:00:00;14.600486495554438;1.08;13.520486495554438
2018-10-03 00:00:00;14.600486495554438;2.13;12.47048649555444
2018-10-03 01:00:00;14.600486495554438;0.1;14.500486495554439
2018-10-03 02:00:00;14.600486495554438;0.05;14.550486495554438
2018-10-03 03:00:00;14.600486495554438;0.07;14.530486495554438
2018-10-03 04:00:00;14.600486495554438;-0.08;14.680486495554439
2018-10-03 05:00:00;14.600486495554438;-0.09;14.690486495554438
2018-10-03 06:00:00;14.600486495554438;-4.97;19.570486495554437
2018-10-03 07:00:00;16.636597210457964;-0.06;16.696597210457963
2018-10-03 08:00:00;18.331825421455555;0.7;17.631825421455556
2018-10-03 09:00:00;17.178776737423355;0.91;16.268776737423355
2018-10-03 10:00:00;15.458811878211495;-0.03;15.488811878211495
2018-10-03 11:00:00;14.600486495554438;0.03;14.570486495554439
2018-10-03 12:00:00;14.600486495554438;-0.04;14.640486495554438
2018-10-03 13:00:00;14.600486495554438;0.0;14.600486495554438
2018-10-03 14:00:00;14.600486495554438;0.03;14.570486495554439
2018-10-03 15:00:00;18.680039920159683;5.75;12.930039920159683
2018-10-03 16:00:00;31.10766478685344;20.28;10.82766478685344
2018-10-03 17:00:00;41.246148319766505;43.2;-1.9538516802334982
2018-10-03 18:00:00;47.82598009091767;63.23;-15.40401990908233
2018-10-03 19:00:00;47.80085651172428;71.44;-23.63914348827572
2018-10-03 20:00:00;45.20190908708793;67.95;-22.748090912912076
2018-10-03 21:00:00;43.42662012350007;56.88;-13.45337987649993
2018-10-03 22:00:00;41.33212266897269;62.85;-21.517877331027314
2018-10-03 23:00:00;40.69387953313021;48.72;-8.026120466869791
2018-10-04 00:00:00;37.91972887552745;53.24;-15.320271124472555
2018-10-04 01:00:00;37.918929455798576;46.1;-8.181070544201425
2018-10-04 02:00:00;40.443727539765725;45.6;-5.156272460234277
2018-10-04 03:00:00;42.35790221761781;46.88;-4.52209778238219
2018-10-04 04:00:00;48.87943899212627;47.53;1.3494389921262666
2018-10-04 05:00:00;58.80435785385576;50.88;7.92435785385576
2018-10-04 06:00:00;60.490776794605935;74.69;-14.199223205394063
2018-10-04 07:00:00;60.49204099570292;80.15;-19.657959004297084
2018-10-04 08:00:00;59.93093213169247;81.0;-21.069067868307528
2018-10-04 09:00:00;60.49456939789688;82.09;-21.59543060210312
2018-10-04 10:00:00;59.93345377273539;78.96;-19.026546227264603
2018-10-04 11:00:00;59.93471459325684;75.34;-15.405285406743161
2018-10-04 12:00:00;59.11391540550477;63.05;-3.9360845944952274
2018-10-04 13:00:00;57.1348821350216;54.49;2.6448821350215965
2018-10-04 14:00:00;59.11205650450594;54.4;4.712056504505938
2018-10-04 15:00:00;59.37800772267295;57.61;1.768007722672948
2018-10-04 16:00:00;60.50341880557577;66.96;-6.456581194424224
2018-10-04 17:00:00;60.50468300667275;77.23;-16.725316993327255
2018-10-04 18:00:00;59.94354033690705;80.25;-20.30645966309295
2018-10-04 19:00:00;59.9448011574285;88.08;-28.135198842571498
2018-10-04 20:00:00;59.94606197794995;80.67;-20.72393802205005
2018-10-04 21:00:00;54.25203680481708;72.22;-17.967963195182918
2018-10-04 22:00:00;47.18151239900375;53.98;-6.798487600996246
2018-10-04 23:00:00;46.883034272744894;52.25;-5.366965727255106
2018-10-05 00:00:00;46.87354117382962;49.57;-2.696458826170378
2018-10-05 01:00:00;46.87268963430065;51.16;-4.287310365699348
2018-10-05 02:00:00;46.87183809477168;48.91;-2.038161905228314
2018-10-05 03:00:00;46.63580885422903;47.36;-0.7241911457709662
2018-10-05 04:00:00;46.87013501571374;48.28;-1.4098649842862585
2018-10-05 05:00:00;56.03456762529756;54.18;1.8545676252975625
2018-10-05 06:00:00;59.087753084135095;63.62;-4.532246915864903
2018-10-05 07:00:00;59.08682363363568;78.87;-19.783176366364323
2018-10-05 08:00:00;59.08589418313626;79.74;-20.654105816863733
2018-10-05 09:00:00;58.83586638988446;74.5;-15.664133610115542
2018-10-05 10:00:00;54.9161836426888;55.42;-0.5038163573112016
2018-10-05 11:00:00;50.845030854823406;50.21;0.6350308548234054
2018-10-05 12:00:00;48.29285878162461;46.64;1.6528587816246088
2018-10-05 13:00:00;46.862471159953;50.72;-3.857528840046996
2018-10-05 14:00:00;49.946593692816826;48.24;1.7065936928168242
2018-10-05 15:00:00;56.60499011796409;48.55;8.054990117964095
2018-10-05 16:00:00;59.07845857914092;54.98;4.0984585791409245
2018-10-05 17:00:00;59.40708537440146;74.99;-15.582914625598534
2018-10-05 18:00:00;59.07659967814209;78.66;-19.58340032185791
2018-10-05 19:00:00;59.07567022764268;82.96;-23.88432977235731
2018-10-05 20:00:00;55.59475028779817;79.9;-24.305249712201835
2018-10-05 21:00:00;51.50818653591172;65.08;-13.57181346408828
2018-10-05 22:00:00;49.95621705153884;59.86;-9.903782948461156
2018-10-05 23:00:00;45.017851402678765;54.7;-9.682148597321238
2018-10-06 00:00:00;43.38209053961193;50.1;-6.717909460388071
2018-10-06 01:00:00;41.75093304603209;52.98;-11.229066953967909
2018-10-06 02:00:00;41.67062233609623;51.52;-9.849377663903773
2018-10-06 03:00:00;41.21014553636341;51.0;-9.789854463636587
2018-10-06 04:00:00;44.24208904546285;50.0;-5.757910954537152
2018-10-06 05:00:00;48.3131530896033;46.91;1.4031530896033004
2018-10-06 06:00:00;50.15898905298875;53.03;-2.87101094701125
2018-10-06 07:00:00;50.15811721296369;62.37;-12.21188278703631
2018-10-06 08:00:00;50.51986874031064;63.98;-13.460131259689355
2018-10-06 09:00:00;48.3179282208924;70.72;-22.4020717791076
2018-10-06 10:00:00;49.48856586255778;64.79;-15.301434137442229
2018-10-06 11:00:00;47.50122933857218;59.06;-11.558770661427822
2018-10-06 12:00:00;42.944712266644544;58.0;-15.055287733355456
2018-10-06 13:00:00;41.66159183661282;51.51;-9.848408163387177
2018-10-06 14:00:00;43.94359878131019;50.2;-6.25640121868981
2018-10-06 15:00:00;47.497807243996505;49.23;-1.7321927560034922
2018-10-06 16:00:00;51.49146209276629;54.81;-3.3185379072337113
2018-10-06 17:00:00;52.189090318189;59.93;-7.740909681810997
2018-10-06 18:00:00;52.19030564053318;72.06;-19.86969435946682
2018-10-06 19:00:00;50.816998316235626;82.27;-31.45300168376437
2018-10-06 20:00:00;46.83607343455495;70.6;-23.763926565445047
2018-10-06 21:00:00;44.22787760037183;61.39;-17.162122399628167
2018-10-06 22:00:00;37.229309618585226;57.02;-19.790690381414777
2018-10-06 23:00:00;32.84607464607465;46.46;-13.613925353925353
2018-10-07 00:00:00;32.84607464607465;50.49;-17.643925353925354
2018-10-07 01:00:00;32.84607464607465;47.11;-14.263925353925352
2018-10-07 02:00:00;32.84607464607465;45.75;-12.903925353925352
2018-10-07 03:00:00;32.84607464607465;43.02;-10.173925353925355
2018-10-07 04:00:00;32.84607464607465;42.5;-9.653925353925352
2018-10-07 05:00:00;32.84607464607465;43.8;-10.95392535392535
2018-10-07 06:00:00;32.84607464607465;44.6;-11.753925353925354
2018-10-07 07:00:00;34.73524108932783;46.56;-11.824758910672173
2018-10-07 08:00:00;39.07586637182214;50.71;-11.634133628177864
2018-10-07 09:00:00;37.45625567359154;55.98;-18.523744326408455
2018-10-07 10:00:00;38.47425343530023;55.09;-16.615746564699776
2018-10-07 11:00:00;39.07929993196724;55.13;-16.05070006803276
2018-10-07 12:00:00;36.920357213857386;54.06;-17.139642786142616
2018-10-07 13:00:00;34.730547177444194;50.9;-16.169452822555805
2018-10-07 14:00:00;35.969545943137334;49.91;-13.940454056862663
2018-10-07 15:00:00;41.00227213192903;49.05;-8.047727868070965
2018-10-07 16:00:00;47.25648926170914;50.21;-2.953510738290859
2018-10-07 17:00:00;54.18189758873965;55.48;-1.298102411260345
2018-10-07 18:00:00;53.88329655562803;70.0;-16.11670344437197
2018-10-07 19:00:00;53.88452134899264;80.94;-27.055478651007355
2018-10-07 20:00:00;53.88574614235725;77.07;-23.184253857642744
2018-10-07 21:00:00;53.88697093572186;71.47;-17.583029064278136
2018-10-07 22:00:00;48.13094749183527;68.3;-20.169052508164725
2018-10-07 23:00:00;42.89219911981475;59.91;-17.01780088018525
2018-10-08 00:00:00;42.66643216421721;55.59;-12.92356783578279
2018-10-08 01:00:00;42.66759360000831;50.3;-7.632406399991687
2018-10-08 02:00:00;42.66875503579941;50.16;-7.49124496420059
2018-10-08 03:00:00;42.66991647159052;47.32;-4.650083528409482
2018-10-08 04:00:00;46.97091478159673;47.94;-0.969085218403265
2018-10-08 05:00:00;55.03640021778124;51.14;3.896400217781242
2018-10-08 06:00:00;62.053139222547806;62.79;-0.7368607774521934
2018-10-08 07:00:00;62.05219537934406;79.98;-17.92780462065594
2018-10-08 08:00:00;62.05125153614033;82.42;-20.368748463859674
2018-10-08 09:00:00;61.521956793719085;81.58;-20.058043206280914
2018-10-08 10:00:00;60.622169527654975;66.89;-6.267830472345025
2018-10-08 11:00:00;55.91069856390267;52.06;3.850698563902668
2018-10-08 12:00:00;53.66047267434311;51.57;2.0904726743431112
2018-10-08 13:00:00;52.30046319428058;49.96;2.3404631942805807
2018-10-08 14:00:00;56.47295113343684;52.07;4.4029511334368365
2018-10-08 15:00:00;59.20256313202205;52.81;6.3925631320220475
2018-10-08 16:00:00;62.043700790510414;61.52;0.5237007905104107
2018-10-08 17:00:00;61.53209759251577;74.9;-13.367902407484237
2018-10-08 18:00:00;62.041813104102935;85.37;-23.32818689589707
2018-10-08 19:00:00;62.0408692608992;102.01;-39.969130739100805
2018-10-08 20:00:00;60.6128275371936;85.77;-25.157172462806393
2018-10-08 21:00:00;58.16105797706453;78.1;-19.938942022935464
2018-10-08 22:00:00;52.58553501090382;58.01;-5.42446498909618
2018-10-08 23:00:00;48.93812508673956;52.95;-4.011874913260442
2018-10-09 00:00:00;49.00523269466643;56.77;-7.764767305333571
2018-10-09 01:00:00;49.00642950769954;57.43;-8.423570492300456
2018-10-09 02:00:00;49.00762632073266;55.11;-6.1023736792673375
2018-10-09 03:00:00;49.00882313376577;52.35;-3.3411768662342283
2018-10-09 04:00:00;50.9270846181983;54.86;-3.932915381801699
2018-10-09 05:00:00;59.87442883859045;57.99;1.8844288385904449
2018-10-09 06:00:00;61.83213082208803;74.27;-12.437869177911963
2018-10-09 07:00:00;61.8334018390143;91.37;-29.536598160985704
2018-10-09 08:00:00;61.83467285594056;96.68;-34.845327144059446
2018-10-09 09:00:00;61.83594387286682;91.95;-30.114056127133182
2018-10-09 10:00:00;61.83721488979309;82.54;-20.702785110206918
2018-10-09 11:00:00;57.34252344800749;64.7;-7.357476551992512
2018-10-09 12:00:00;55.11091676379527;54.31;0.8009167637952643
2018-10-09 13:00:00;57.76034583959111;53.35;4.410345839591109
2018-10-09 14:00:00;59.86602104717522;55.64;4.226021047175216
2018-10-09 15:00:00;59.0287054141684;62.41;-3.381294585831597
2018-10-09 16:00:00;61.84484099135068;68.97;-7.1251590086493195
2018-10-09 17:00:00;61.84611200827695;83.2;-21.353887991723056
2018-10-09 18:00:00;61.99594590344287;90.0;-28.004054096557127
2018-10-09 19:00:00;61.84865404212948;110.28;-48.43134595787052
2018-10-09 20:00:00;61.849925059055735;92.55;-30.700074940944262
2018-10-09 21:00:00;60.72324995636029;80.51;-19.786750043639714
2018-10-09 22:00:00;56.36221004797199;69.76;-13.397789952028013
2018-10-09 23:00:00;51.239837232187625;60.56;-9.320162767812377
2018-10-10 00:00:00;49.0264975686179;53.7;-4.673502431382104
2018-10-10 01:00:00;49.025629865758034;55.13;-6.104370134241968
2018-10-10 02:00:00;49.02476216289818;54.88;-5.855237837101825
2018-10-10 03:00:00;49.02389446003831;54.05;-5.026105539961684
2018-10-10 04:00:00;54.41062743631949;54.64;-0.2293725636805135
2018-10-10 05:00:00;61.07101750796628;55.46;5.611017507966281
2018-10-10 06:00:00;61.63600978170834;72.16;-10.523990218291658
2018-10-10 07:00:00;61.637280798634606;88.0;-26.362719201365394
2018-10-10 08:00:00;61.63855181556087;93.22;-31.581448184439132
2018-10-10 09:00:00;62.09906104077327;86.84;-24.74093895922673
2018-10-10 10:00:00;61.641093849413394;80.81;-19.168906150586608
2018-10-10 11:00:00;57.85742713415546;73.69;-15.83257286584454
2018-10-10 12:00:00;53.80915095706985;55.27;-1.4608490429301497
2018-10-10 13:00:00;53.255369170442;53.61;-0.35463082955799763
2018-10-10 14:00:00;54.40160800664286;51.99;2.411608006642858
2018-10-10 15:00:00;58.274671689041824;53.68;4.594671689041824
2018-10-10 16:00:00;61.64871995097099;57.47;4.178719950970994
2018-10-10 17:00:00;61.64999096789725;69.3;-7.650009032102744
2018-10-10 18:00:00;59.96193182886735;70.68;-10.718068171132657
2018-10-10 19:00:00;52.70826169827964;72.88;-20.171738301720353
2018-10-10 20:00:00;46.64820497122688;53.71;-7.061795028773119
2018-10-10 21:00:00;41.84771402166945;51.18;-9.332285978330553
2018-10-10 22:00:00;40.65423788123993;46.74;-6.085762118760073
2018-10-10 23:00:00;40.655390797115466;33.04;7.615390797115467
2018-10-11 00:00:00;40.49116719758188;35.01;5.4811671975818825
2018-10-11 01:00:00;40.693904831095786;31.71;8.983904831095785
2018-10-11 02:00:00;40.693076438180846;29.97;10.723076438180847
2018-10-11 03:00:00;40.69224804526591;30.05;10.642248045265912
2018-10-11 04:00:00;40.69141965235097;35.85;4.841419652350972
2018-10-11 05:00:00;46.47237793516312;44.08;2.3923779351631183
2018-10-11 06:00:00;52.527826990280346;49.98;2.547826990280349
2018-10-11 07:00:00;52.52904861027892;72.96;-20.430951389721073
2018-10-11 08:00:00;52.530270230277495;71.52;-18.9897297697225
2018-10-11 09:00:00;51.97894427575791;59.8;-7.821055724242086
2018-10-11 10:00:00;49.775657284237184;49.21;0.565657284237183
2018-10-11 11:00:00;47.12053784074521;48.61;-1.489462159254792
2018-10-11 12:00:00;47.775311188170846;47.02;0.7553111881708432
2018-10-11 13:00:00;48.432412944194695;46.9;1.5324129441946965
2018-10-11 14:00:00;50.881628097223405;49.25;1.6316280972234054
2018-10-11 15:00:00;52.5388215702675;59.95;-7.411178429732502
2018-10-11 16:00:00;52.54004319026606;65.06;-12.51995680973394
2018-10-11 17:00:00;52.54126481026464;72.85;-20.30873518973535
2018-10-11 18:00:00;52.54248643026321;81.3;-28.757513569736787
2018-10-11 19:00:00;52.543708050261785;88.5;-35.956291949738215
2018-10-11 20:00:00;49.08659533158944;76.34;-27.25340466841056
2018-10-11 21:00:00;43.77130335545323;58.62;-14.84869664454677
2018-10-11 22:00:00;41.59988817880443;52.04;-10.440111821195572
2018-10-11 23:00:00;41.60104961459552;47.86;-6.258950385404482
2018-10-12 00:00:00;41.52011377243041;45.85;-4.329886227569588
2018-10-12 01:00:00;41.52127235429266;45.88;-4.35872764570734
2018-10-12 02:00:00;41.83331461864734;45.6;-3.7666853813526586
2018-10-12 03:00:00;41.8324862257324;45.64;-3.8075137742675977
2018-10-12 04:00:00;41.52474809987941;45.8;-4.275251900120587
2018-10-12 05:00:00;53.04074463230832;49.64;3.4007446323083173
2018-10-12 06:00:00;53.679050671932295;56.65;-2.9709493280677037
2018-10-12 07:00:00;53.67814872896462;69.87;-16.191851271035382
2018-10-12 08:00:00;53.67724678599696;71.47;-17.792753214003042
2018-10-12 09:00:00;53.6763448430293;69.71;-16.033655156970696
2018-10-12 10:00:00;53.67544290006164;69.52;-15.844557099938356
2018-10-12 11:00:00;51.940890271071886;61.95;-10.009109728928117
2018-10-12 12:00:00;50.285633201411294;49.25;1.0356332014112937
2018-10-12 13:00:00;49.6382028770571;48.75;0.8882028770570969
2018-10-12 14:00:00;51.944536238104426;47.84;4.104536238104423
2018-10-12 15:00:00;53.670933185223326;53.32;0.35093318522332595
2018-10-12 16:00:00;53.67003124225567;56.95;-3.279968757744335
2018-10-12 17:00:00;55.03471448199065;67.32;-12.285285518009346
2018-10-12 18:00:00;53.66822735632033;69.94;-16.271772643679668
2018-10-12 19:00:00;53.66732541335267;79.08;-25.412674586647327
2018-10-12 20:00:00;49.19374137176421;65.0;-15.806258628235788
2018-10-12 21:00:00;46.33632178955716;53.58;-7.243678210442837
2018-10-12 22:00:00;38.02397806906557;50.0;-11.97602193093443
2018-10-12 23:00:00;33.07131758358776;43.88;-10.808682416412239
2018-10-13 00:00:00;31.242367135117117;47.8;-16.55763286488288
2018-10-13 01:00:00;31.241597979411917;43.97;-12.728402020588081
2018-10-13 02:00:00;30.63475601407328;42.08;-11.44524398592672
2018-10-13 03:00:00;30.63399008018296;39.14;-8.50600991981704
2018-10-13 04:00:00;31.45238095238096;42.74;-11.287619047619042
2018-10-13 05:00:00;37.393002898754034;43.91;-6.516997101245963
2018-10-13 06:00:00;39.27388068303567;48.34;-9.066119316964333
2018-10-13 07:00:00;38.84784857282637;58.18;-19.332151427173628
2018-10-13 08:00:00;39.27225338608113;62.9;-23.627746613918866
2018-10-13 09:00:00;38.30995542676875;62.43;-24.120044573231247
2018-10-13 10:00:00;37.23215884489933;52.55;-15.317841155100666
2018-10-13 11:00:00;31.84159156621875;44.05;-12.208408433781248
2018-10-13 12:00:00;31.23313726665468;37.4;-6.166862733345319
2018-10-13 13:00:00;31.23236811094948;34.1;-2.8676318890505215
2018-10-13 14:00:00;31.23159895524428;31.95;-0.7184010447557192
2018-10-13 15:00:00;34.2860258708213;37.42;-3.1339741291787035
2018-10-13 16:00:00;38.85814925326167;50.23;-11.371850746738325
2018-10-13 17:00:00;38.85929377331004;60.46;-21.600706226689958
2018-10-13 18:00:00;38.8604382933584;64.54;-25.679561706641607
2018-10-13 19:00:00;33.055737866493715;55.85;-22.794262133506287
2018-10-13 20:00:00;28.212915141170388;40.59;-12.377084858829615
2018-10-13 21:00:00;25.229378229110992;31.52;-6.2906217708890075
2018-10-13 22:00:00;20.549718671314366;24.72;-4.170281328685633
2018-10-13 23:00:00;19.96933020989709;20.29;-0.3206697901029081
2018-10-14 00:00:00;20.548288635067223;20.76;-0.21171136493277842
2018-10-14 01:00:00;20.54757361694365;21.44;-0.8924263830563497
2018-10-14 02:00:00;19.967193510699776;20.89;-0.9228064893002248
2018-10-14 03:00:00;19.966481277634006;19.52;0.4464812776340068
2018-10-14 04:00:00;20.545428562572937;20.72;-0.17457143742706194
2018-10-14 05:00:00;20.54471354444936;20.79;-0.24528645555064088
2018-10-14 06:00:00;21.124970629281385;22.07;-0.9450293707186148
2018-10-14 07:00:00;23.46162674664653;25.86;-2.398373253353469
2018-10-14 08:00:00;25.82064210766052;27.69;-1.8693578923394796
2018-10-14 09:00:00;25.81990100812298;26.71;-0.8900989918770215
2018-10-14 10:00:00;25.81915990858544;26.94;-1.1208400914145606
2018-10-14 11:00:00;21.121981730377616;25.76;-4.6380182696223855
2018-10-14 12:00:00;20.53970841758435;20.73;-0.19029158241565014
2018-10-14 13:00:00;19.959358946976284;20.75;-0.790641053023716
2018-10-14 14:00:00;19.958646713910507;13.92;6.038646713910508
2018-10-14 15:00:00;22.869415541163924;19.54;3.3294155411639252
2018-10-14 16:00:00;37.36490034678916;20.74;16.624900346789165
2018-10-14 17:00:00;39.87635472645197;42.82;-2.9436452735480287
2018-10-14 18:00:00;39.875537441291584;56.56;-16.684462558708418
2018-10-14 19:00:00;37.80897724976796;68.09;-30.28102275023204
2018-10-14 20:00:00;31.81610220983247;40.54;-8.72389779016753
2018-10-14 21:00:00;37.36088569650845;32.9;4.4608856965084485
2018-10-14 22:00:00;35.49562828140568;31.32;4.175628281405679
2018-10-14 23:00:00;31.81378499561554;27.0;4.8137849956155385
2018-10-15 00:00:00;31.54607464607465;34.93;-3.383925353925349
2018-10-15 01:00:00;31.54607464607465;30.86;0.6860746460746512
2018-10-15 02:00:00;31.54607464607465;29.05;2.49607464607465
2018-10-15 03:00:00;35.55600438114362;30.06;5.496004381143624
2018-10-15 04:00:00;43.26628359788653;33.0;10.266283597886527
2018-10-15 05:00:00;57.12324341379358;42.0;15.123243413793581
2018-10-15 06:00:00;66.40190862890388;60.02;6.381908628903879
2018-10-15 07:00:00;67.21696947676894;79.38;-12.163030523231058
2018-10-15 08:00:00;64.37361412470972;79.05;-14.67638587529028
2018-10-15 09:00:00;62.6764052996887;74.72;-12.043594700311296
2018-10-15 10:00:00;63.24317305235722;62.39;0.8531730523572207
2018-10-15 11:00:00;61.33427270164941;52.89;8.44427270164941
2018-10-15 12:00:00;60.987759404676495;48.52;12.467759404676492
2018-10-15 13:00:00;60.42618273129428;49.82;10.606182731294282
2018-10-15 14:00:00;62.76144692031318;51.45;11.31144692031318
2018-10-15 15:00:00;66.39300019403163;55.26;11.13300019403163
2018-10-15 16:00:00;67.7998163835219;71.86;-4.060183616478099
2018-10-15 17:00:00;67.23003176698916;80.28;-13.049968233010844
2018-10-15 18:00:00;67.23133799601116;90.0;-22.768662003988837
2018-10-15 19:00:00;67.80374595702982;107.32;-39.516254042970175
2018-10-15 20:00:00;67.2339504540552;75.31;-8.076049545944798
2018-10-15 21:00:00;64.1975868313628;70.49;-6.2924131686371965
2018-10-15 22:00:00;60.61352436092055;59.05;1.5635243609205531
2018-10-15 23:00:00;53.17879596157459;59.07;-5.891204038425407
2018-10-16 00:00:00;53.53802360183167;56.06;-2.5219763981683343
2018-10-16 01:00:00;53.06676731517752;53.55;-0.4832326848224753
2018-10-16 02:00:00;53.06585638574589;52.01;1.0558563857458907
2018-10-16 03:00:00;53.06494545631426;51.0;2.0649454563142626
2018-10-16 04:00:00;54.42069753357024;52.2;2.220697533570238
2018-10-16 05:00:00;64.74303520682201;57.02;7.723035206822011
2018-10-16 06:00:00;67.58542465932274;77.73;-10.144575340677264
2018-10-16 07:00:00;67.0171039820724;86.98;-19.962896017927605
2018-10-16 08:00:00;67.58805167305952;95.01;-27.42194832694048
2018-10-16 09:00:00;67.01972369774434;86.02;-19.000276302255656
2018-10-16 10:00:00;67.59067868679631;78.82;-11.229321313203684
2018-10-16 11:00:00;64.1846600282233;75.93;-11.745339971776701
2018-10-16 12:00:00;63.05569234722889;70.91;-7.854307652771105
2018-10-16 13:00:00;64.23165742231286;69.36;-5.128342577687135
2018-10-16 14:00:00;65.68412137280893;68.61;-2.925878627191068
2018-10-16 15:00:00;67.02758284476018;69.19;-2.1624171552398224
2018-10-16 16:00:00;67.59855972800666;74.04;-6.4414402719933435
2018-10-16 17:00:00;67.59987323487505;80.95;-13.350126765124955
2018-10-16 18:00:00;67.03151241826811;89.97;-22.93848758173189
2018-10-16 19:00:00;67.60250024861185;105.12;-37.51749975138816
2018-10-16 20:00:00;67.60381375548023;84.96;-17.356186244519762
2018-10-16 21:00:00;63.50213654968552;76.02;-12.51786345031448
2018-10-16 22:00:00;58.01470540100304;59.99;-1.9752945989969604
2018-10-16 23:00:00;53.046726867681656;56.5;-3.453273132318344
2018-10-17 00:00:00;53.045815938250016;55.01;-1.9641840617499824
2018-10-17 01:00:00;53.04490500881839;52.33;0.7149050088183913
2018-10-17 02:00:00;53.569951166599736;50.33;3.239951166599738
2018-10-17 03:00:00;53.57117914986004;50.0;3.5711791498600434
2018-10-17 04:00:00;55.76589343012827;51.52;4.24589343012827
2018-10-17 05:00:00;65.90862262632734;55.75;10.158622626327343
2018-10-17 06:00:00;67.04723071229978;73.6;-6.552769287700215
2018-10-17 07:00:00;67.61826233103255;88.77;-21.151737668967442
2018-10-17 08:00:00;67.61957583790095;89.99;-22.37042416209904
2018-10-17 09:00:00;65.66510883974713;87.6;-21.93489116025286
2018-10-17 10:00:00;64.78060361133075;80.48;-15.699396388669257
2018-10-17 11:00:00;62.52104487914531;74.24;-11.718955120854687
2018-10-17 12:00:00;61.958790137170205;59.75;2.2087901371702046
2018-10-17 13:00:00;62.76818518874007;57.85;4.918185188740068
2018-10-17 14:00:00;64.93179513108583;60.01;4.921795131085837
2018-10-17 15:00:00;67.62877038597969;70.81;-3.1812296140203102
2018-10-17 16:00:00;67.0603292906595;79.94;-12.879670709340502
2018-10-17 17:00:00;67.63139739971649;82.94;-15.308602600283507
2018-10-17 18:00:00;67.63271090658488;89.94;-22.307289093415122
2018-10-17 19:00:00;67.06425886416741;112.66;-45.59574113583258
2018-10-17 20:00:00;67.06556872200339;86.14;-19.07443127799661
2018-10-17 21:00:00;63.09809310573328;75.57;-12.471906894266716
2018-10-17 22:00:00;60.284805277566406;58.46;1.824805277566405
2018-10-17 23:00:00;53.70166534250161;58.16;-4.4583346574983835
2018-10-18 00:00:00;53.265270911447686;55.35;-2.084729088552315
2018-10-18 01:00:00;53.26649570481229;53.36;-0.09350429518770653
2018-10-18 02:00:00;53.26772049817691;50.75;2.5177204981769066
2018-10-18 03:00:00;53.26894529154152;48.88;4.388945291541518
2018-10-18 04:00:00;53.60269814428054;48.9;4.702698144280539
2018-10-18 05:00:00;62.21204351402407;52.32;9.892043514024067
2018-10-18 06:00:00;67.31598512640214;61.06;6.2559851264021376
2018-10-18 07:00:00;67.31729498423812;79.86;-12.542705015761882
2018-10-18 08:00:00;67.31860484207408;82.99;-15.671395157925915
2018-10-18 09:00:00;67.31991469991006;80.97;-13.650085300089941
2018-10-18 10:00:00;65.61405533767187;74.59;-8.975944662328132
2018-10-18 11:00:00;63.37269392045607;61.52;1.852693920456069
2018-10-18 12:00:00;62.22098886055881;55.28;6.940988860558811
2018-10-18 13:00:00;61.09575308689987;55.04;6.05575308689987
2018-10-18 14:00:00;61.659954397193445;55.12;6.539954397193448
2018-10-18 15:00:00;64.48590602826306;55.28;9.205906028263058
2018-10-18 16:00:00;66.75929697119943;60.45;6.30929697119943
2018-10-18 17:00:00;67.33039356259785;71.69;-4.3596064374021495
2018-10-18 18:00:00;67.33170342043381;80.15;-12.818296579566194
2018-10-18 19:00:00;66.19412873025263;83.86;-17.66587126974737
2018-10-18 20:00:00;61.93091133507538;75.48;-13.549088664924625
2018-10-18 21:00:00;56.32201533960258;60.07;-3.747984660397421
2018-10-18 22:00:00;53.292216365469166;58.76;-5.467783634530832
2018-10-18 23:00:00;53.29344115883377;54.21;-0.9165588411662284
2018-10-19 00:00:00;53.4962320770765;52.47;1.0262320770765
2018-10-19 01:00:00;53.495325663149934;51.85;1.645325663149933
2018-10-19 02:00:00;53.49441924922338;50.61;2.8844192492233773
2018-10-19 03:00:00;53.49351283529682;49.96;3.5335128352968184
2018-10-19 04:00:00;55.7479992563142;50.25;5.497999256314202
2018-10-19 05:00:00;67.01669482586307;54.34;12.676694825863066
2018-10-19 06:00:00;67.58850649012417;72.63;-5.041493509875821
2018-10-19 07:00:00;67.58981634796014;80.96;-13.370183652039856
2018-10-19 08:00:00;67.02061351292915;84.09;-17.069386487070858
2018-10-19 09:00:00;67.02191974195117;84.28;-17.258080258048835
2018-10-19 10:00:00;67.02322597097319;81.94;-14.916774029026811
2018-10-19 11:00:00;67.59505577930405;75.19;-7.59494422069595
2018-10-19 12:00:00;65.43708379710073;69.16;-3.7229162028992704
2018-10-19 13:00:00;65.88822130662348;62.72;3.1682213066234794
2018-10-19 14:00:00;66.45863118471928;60.29;6.168631184719281
2018-10-19 15:00:00;67.60029521064793;60.92;6.680295210647927
2018-10-19 16:00:00;67.60160506848389;70.63;-3.028394931516104
2018-10-19 17:00:00;67.60291492631987;80.71;-13.107085073680125
2018-10-19 18:00:00;67.03367580314935;81.96;-14.926324196850643
2018-10-19 19:00:00;67.03498203217137;83.95;-16.915017967828632
2018-10-19 20:00:00;66.46644690627306;79.48;-13.01355309372694
2018-10-19 21:00:00;62.49836380669592;68.95;-6.451636193304083
2018-10-19 22:00:00;55.77027701800062;59.99;-4.219722981999382
2018-10-19 23:00:00;51.45176510826019;55.38;-3.9282348917398124
2018-10-20 00:00:00;50.11451178768996;64.75;-14.635488212310037
2018-10-20 01:00:00;47.47012629887454;56.55;-9.079873701125457
2018-10-20 02:00:00;46.38991686874835;53.01;-6.620083131251647
2018-10-20 03:00:00;46.391101652310375;51.28;-4.888898347689626
2018-10-20 04:00:00;46.3922864358724;50.75;-4.3577135641276
2018-10-20 05:00:00;50.77700158135235;49.97;0.8070015813523526
2018-10-20 06:00:00;53.46903965927975;52.4;1.0690396592797526
2018-10-20 07:00:00;54.83029654264036;56.03;-1.1997034573596395
2018-10-20 08:00:00;54.66977292940445;61.97;-7.300227070595547
2018-10-20 09:00:00;54.14605137214119;70.93;-16.78394862785882
2018-10-20 10:00:00;49.69332891393962;66.39;-16.696671086060384
2018-10-20 11:00:00;48.11871990690589;61.54;-13.421280093094111
2018-10-20 12:00:00;47.497576350219504;54.48;-6.982423649780493
2018-10-20 13:00:00;46.9505894289426;50.86;-3.9094105710574
2018-10-20 14:00:00;48.59794893387048;50.6;-2.0020510661295248
2018-10-20 15:00:00;50.80177581264021;51.71;-0.9082241873597923
2018-10-20 16:00:00;54.82205713127269;54.99;-0.1679428687273088
2018-10-20 17:00:00;58.5868726086976;61.24;-2.653127391302405
2018-10-20 18:00:00;58.588126722019055;75.8;-17.211873277980942
2018-10-20 19:00:00;57.57643520447335;79.95;-22.373564795526654
2018-10-20 20:00:00;54.68454720718628;71.69;-17.00545279281372
2018-10-20 21:00:00;52.46700058132065;62.29;-9.822999418679352
2018-10-20 22:00:00;46.961279342759006;60.01;-13.048720657240992
2018-10-20 23:00:00;44.19906511922329;55.9;-11.700934880776707
2018-10-21 00:00:00;42.91278020974952;53.26;-10.347219790250477
2018-10-21 01:00:00;42.27239318872007;48.02;-5.74760681127993
2018-10-21 02:00:00;42.27155722136177;48.07;-5.798442778638233
2018-10-21 03:00:00;42.27072125400348;50.5;-8.229278745996517
2018-10-21 04:00:00;42.269885286645184;50.33;-8.060114713354814
2018-10-21 05:00:00;42.269049319286886;50.5;-8.230950680713114
2018-10-21 06:00:00;42.268213351928594;52.02;-9.751786648071409
2018-10-21 07:00:00;44.23880081998265;56.03;-11.791199180017351
2018-10-21 08:00:00;44.83735047937024;59.0;-14.162649520629763
2018-10-21 09:00:00;44.19058919572814;61.03;-16.839410804271864
2018-10-21 10:00:00;42.26486948249541;60.94;-18.675130517504584
2018-10-21 11:00:00;42.26403351513712;60.79;-18.525966484862877
2018-10-21 12:00:00;42.263197547778816;51.63;-9.366802452221187
2018-10-21 13:00:00;42.26236158042053;47.02;-4.757638419579472
2018-10-21 14:00:00;42.26152561306223;47.51;-5.248474386937765
2018-10-21 15:00:00;42.260689645703934;44.97;-2.709310354296065
2018-10-21 16:00:00;46.128905503638016;52.06;-5.931094496361986
2018-10-21 17:00:00;53.437315171850216;58.58;-5.142684828149783
2018-10-21 18:00:00;53.43640875792366;68.95;-15.513591242076345
2018-10-21 19:00:00;53.4355023439971;74.94;-21.504497656002897
2018-10-21 20:00:00;49.18376334709425;70.1;-20.916236652905745
2018-10-21 21:00:00;48.08907734605384;57.94;-9.850922653946157
2018-10-21 22:00:00;44.179570495184464;59.9;-15.720429504815534
2018-10-21 23:00:00;42.254001906837566;48.08;-5.825998093162433
2018-10-22 00:00:00;42.19378122593197;46.35;-4.15621877406803
2018-10-22 01:00:00;42.19294525857367;46.32;-4.127054741426328
2018-10-22 02:00:00;42.60383294889916;43.21;-0.6061670511008401
2018-10-22 03:00:00;42.19127332385708;39.75;2.4412733238570823
2018-10-22 04:00:00;42.60616155652878;41.81;0.7961615565287801
2018-10-22 05:00:00;54.70039148362438;45.53;9.170391483624378
2018-10-22 06:00:00;56.93015336403119;59.32;-2.3898466359688086
2018-10-22 07:00:00;56.931397549294765;75.18;-18.248602450705242
2018-10-22 08:00:00;56.932641734558345;76.39;-19.457358265441655
2018-10-22 09:00:00;56.93388591982192;69.86;-12.926114080178081
2018-10-22 10:00:00;55.81962111768672;58.21;-2.3903788823132786
2018-10-22 11:00:00;51.93548582609365;54.46;-2.524514173906354
2018-10-22 12:00:00;50.28027022697166;47.02;3.260270226971656
2018-10-22 13:00:00;51.33294538889918;46.0;5.3329453888991765
2018-10-22 14:00:00;54.71491080049863;46.37;8.344910800498631
2018-10-22 15:00:00;55.39855724282624;49.01;6.388557242826245
2018-10-22 16:00:00;56.94259521666696;55.8;1.1425952166669617
2018-10-22 17:00:00;56.94383940193053;68.82;-11.876160598069461
2018-10-22 18:00:00;56.94508358719411;78.91;-21.964916412805884
2018-10-22 19:00:00;56.946327772457686;82.65;-25.70367222754232
2018-10-22 20:00:00;56.94757195772127;69.02;-12.072428042278723
2018-10-22 21:00:00;49.18960555123788;53.58;-4.390394448762116
2018-10-22 22:00:00;40.90336603405234;50.69;-9.786633965947658
2018-10-22 23:00:00;35.27509821297609;42.86;-7.5849017870239095
2018-10-23 00:00:00;31.131905844679963;45.65;-14.518094155320036
2018-10-23 01:00:00;31.131130163341915;28.85;2.2811301633419134
2018-10-23 02:00:00;31.73575942266361;30.94;0.7957594226636076
2018-10-23 03:00:00;31.129578800665826;30.09;1.0395788006658258
2018-10-23 04:00:00;31.12880311932777;24.99;6.138803119327772
2018-10-23 05:00:00;37.25917810432206;30.96;6.29917810432206
2018-10-23 06:00:00;39.72493499327837;41.21;-1.4850650067216336
2018-10-23 07:00:00;39.72608509689179;43.54;-3.8139149031082127
2018-10-23 08:00:00;39.18658397617526;43.66;-4.47341602382474
2018-10-23 09:00:00;39.7283853041186;43.1;-3.371614695881398
2018-10-23 10:00:00;39.729535407732;42.83;-3.100464592267997
2018-10-23 11:00:00;38.64984924565915;41.99;-3.340150754340854
2018-10-23 12:00:00;36.63242530727351;39.92;-3.287574692726494
2018-10-23 13:00:00;35.394951604021244;38.78;-3.3850483959787567
2018-10-23 14:00:00;34.778519548727694;40.52;-5.741480451272309
2018-10-23 15:00:00;35.39335276456351;34.98;0.41335276456351266
2018-10-23 16:00:00;38.65557184590098;28.15;10.505571845900981
2018-10-23 17:00:00;39.73758613302585;34.98;4.757586133025853
2018-10-23 18:00:00;39.73873623663926;35.09;4.648736236639259
2018-10-23 19:00:00;38.65900540604608;39.95;-1.2909945939539256
2018-10-23 20:00:00;27.689163786307688;32.13;-4.4408362136923145
2018-10-23 21:00:00;22.22077479283858;30.07;-7.849225207161421
2018-10-23 22:00:00;21.63857746985285;22.53;-0.8914225301471497
2018-10-23 23:00:00;22.21931623955541;6.03;16.18931623955541
2018-10-24 00:00:00;21.497540349557955;4.07;17.427540349557955
2018-10-24 01:00:00;21.496816844024178;0.98;20.516816844024177
2018-10-24 02:00:00;21.4960933384904;0.04;21.4560933384904
2018-10-24 03:00:00;21.495369832956623;0.97;20.525369832956624
2018-10-24 04:00:00;21.49464632742284;10.05;11.444646327422838
2018-10-24 05:00:00;34.02115356163293;19.55;14.471153561632928
2018-10-24 06:00:00;45.36479461487323;42.57;2.7947946148732328
2018-10-24 07:00:00;48.68037234271026;51.48;-2.79962765728974
2018-10-24 08:00:00;48.68156915574337;52.89;-4.2084308442566325
2018-10-24 09:00:00;48.68276596877648;53.17;-4.487234031223522
2018-10-24 10:00:00;46.01111590283266;53.19;-7.178884097167341
2018-10-24 11:00:00;42.783418794858896;54.88;-12.096581205141106
2018-10-24 12:00:00;43.21556505492341;51.71;-8.494434945076591
2018-10-24 13:00:00;43.216732240961456;53.66;-10.443267759038541
2018-10-24 14:00:00;46.49402270669699;55.85;-9.355977293303013
2018-10-24 15:00:00;48.68994684697514;62.31;-13.620053153024863
2018-10-24 16:00:00;48.69114366000825;64.7;-16.008856339991752
2018-10-24 17:00:00;50.89592647939004;66.24;-15.344073520609953
2018-10-24 18:00:00;49.95084799728196;75.16;-25.209152002718035
2018-10-24 19:00:00;48.62500741698279;80.75;-32.12499258301721
2018-10-24 20:00:00;48.69593091214069;64.55;-15.854069087859308
2018-10-24 21:00:00;47.05020645162801;57.16;-10.10979354837199
2018-10-24 22:00:00;39.969390401003125;51.6;-11.630609598996877
2018-10-24 23:00:00;38.88853978214594;42.2;-3.311460217854062
2018-10-25 00:00:00;38.65433060133248;41.93;-3.2756693986675174
2018-10-25 01:00:00;38.65351331617208;30.66;7.993513316172081
2018-10-25 02:00:00;36.16193152329744;29.58;6.581931523297442
2018-10-25 03:00:00;38.651878745851306;26.49;12.161878745851308
2018-10-25 04:00:00;38.651061460690926;25.59;13.061061460690926
2018-10-25 05:00:00;39.90701943653531;30.83;9.07701943653531
2018-10-25 06:00:00;45.66245850841393;44.59;1.0724585084139235
2018-10-25 07:00:00;48.02908677361709;55.06;-7.030913226382914
2018-10-25 08:00:00;47.61857388088154;58.97;-11.351426119118457
2018-10-25 09:00:00;46.387057894876;54.51;-8.122942105123997
2018-10-25 10:00:00;46.30934869865053;47.29;-0.980651301349468
2018-10-25 11:00:00;46.30848509387691;46.71;-0.40151490612309004
2018-10-25 12:00:00;45.29699116637004;44.52;0.7769911663700384
2018-10-25 13:00:00;45.29817002542651;43.92;1.3781700254265061
2018-10-25 14:00:00;43.71791474343314;44.12;-0.40208525656685623
2018-10-25 15:00:00;45.30052774353945;45.2;0.10052774353944471
2018-10-25 16:00:00;50.24013206013463;50.38;-0.1398679398653755
2018-10-25 17:00:00;51.34485456846405;64.69;-13.345145431535947
2018-10-25 18:00:00;50.919755624466816;74.08;-23.160244375533182
2018-10-25 19:00:00;50.91886249238939;74.18;-23.26113750761062
2018-10-25 20:00:00;49.58676462234215;66.09;-16.50323537765785
2018-10-25 21:00:00;47.60723996055576;59.26;-11.652760039444239
2018-10-25 22:00:00;43.67219254960927;59.09;-15.417807450390733
2018-10-25 23:00:00;40.4139499924073;52.02;-11.606050007592707
2018-10-26 00:00:00;40.501308734128486;47.81;-7.308691265871516
2018-10-26 01:00:00;40.502461650004015;49.97;-9.467538349995984
2018-10-26 02:00:00;40.50361456587955;48.25;-7.746385434120448
2018-10-26 03:00:00;40.50476748175509;47.9;-7.39523251824491
2018-10-26 04:00:00;43.76670245867321;50.1;-6.333297541326793
2018-10-26 05:00:00;52.00292387599952;54.23;-2.227076124000476
2018-10-26 06:00:00;52.004139198343694;68.65;-16.645860801656312
2018-10-26 07:00:00;51.81424834954256;77.55;-25.735751650457438
2018-10-26 08:00:00;52.00656984303206;82.28;-30.27343015696794
2018-10-26 09:00:00;52.00778516537624;78.89;-26.88221483462376
2018-10-26 10:00:00;52.00900048772042;75.22;-23.210999512279578
2018-10-26 11:00:00;51.810658285946566;69.09;-17.279341714053437
2018-10-26 12:00:00;48.702501231567375;57.2;-8.497498768432628
2018-10-26 13:00:00;48.703698044600486;50.46;-1.7563019553995147
2018-10-26 14:00:00;50.35683877025646;47.85;2.506838770256458
2018-10-26 15:00:00;52.015077099441314;49.17;2.845077099441312
2018-10-26 16:00:00;52.01629242178549;55.27;-3.2537075782145166
2018-10-26 17:00:00;51.805273190552576;67.37;-15.564726809447428
2018-10-26 18:00:00;52.01872306647385;71.01;-18.99127693352616
2018-10-26 19:00:00;49.79979635042758;65.98;-16.180203649572427
2018-10-26 20:00:00;47.0650414937352;56.68;-9.614958506264799
2018-10-26 21:00:00;43.78659386230426;49.95;-6.163406137695745
2018-10-26 22:00:00;38.83237793885819;43.79;-4.957622061141812
2018-10-26 23:00:00;38.83156065369779;39.96;-1.1284393463022084
2018-10-27 00:00:00;38.83074336853741;30.55;8.280743368537411
2018-10-27 01:00:00;38.90626822161512;25.52;13.386268221615122
2018-10-27 02:00:00;38.82910879821664;25.14;13.689108798216637
2018-10-27 03:00:00;38.82829151305626;27.86;10.968291513056258
2018-10-27 04:00:00;38.82747422789588;24.39;14.437474227895876
2018-10-27 05:00:00;38.82665694273548;30.11;8.716656942735483
2018-10-27 06:00:00;38.91199082185695;37.43;1.4819908218569537
2018-10-27 07:00:00;44.88946131343024;46.51;-1.620538686569759
2018-10-27 08:00:00;49.12539125121468;47.13;1.9953912512146772
2018-10-27 09:00:00;49.12451101736493;50.24;-1.1154889826350711
2018-10-27 10:00:00;49.12363078351517;50.7;-1.576369216484835
2018-10-27 11:00:00;49.12275054966541;48.9;0.2227505496654132
2018-10-27 12:00:00;49.121870315815656;50.86;-1.7381296841843437
2018-10-27 13:00:00;49.120990081965886;50.23;-1.1090099180341113
2018-10-27 14:00:00;48.73361837042823;55.28;-6.546381629571769
2018-10-27 15:00:00;49.11922961426637;58.74;-9.620770385733636
2018-10-27 16:00:00;48.73601199649445;58.96;-10.223988003505553
2018-10-27 17:00:00;50.44564697673137;69.74;-19.294353023268627
2018-10-27 18:00:00;49.11658891271709;79.72;-30.603411087282907
2018-10-27 19:00:00;49.115708678867335;76.25;-27.134291321132665
2018-10-27 20:00:00;48.74079924862689;61.16;-12.419200751373104
2018-10-27 21:00:00;43.25255129314101;54.45;-11.197448706858992
2018-10-27 22:00:00;40.01250760853073;50.19;-10.177492391469265
2018-10-27 23:00:00;36.31838417906512;44.92;-8.601615820934882
2018-10-28 00:00:00;35.69882038018692;44.53;-8.831179619813078
2018-10-28 01:00:00;35.698020960458045;43.58;-7.881979039541953
2018-10-28 02:00:00;35.697221540729174;41.62;-5.922778459270823
2018-10-28 03:00:00;36.31517245884055;40.12;-3.8048275411594474
2018-10-28 04:00:00;35.69562270127144;39.05;-3.354377298728558
2018-10-28 05:00:00;35.69482328154257;40.34;-4.645176718457435
2018-10-28 06:00:00;36.31276366867213;39.95;-3.6372363313278697
2018-10-28 07:00:00;38.40020256934928;42.7;-4.29979743065072
2018-10-28 08:00:00;40.0240086446648;45.83;-5.805991355335202
2018-10-28 09:00:00;41.32800504069422;47.97;-6.6419949593057765
2018-10-28 10:00:00;41.32717287779312;47.0;-5.672827122206883
2018-10-28 11:00:00;43.88306994353546;46.87;-2.986930056464537
2018-10-28 12:00:00;43.23989606922655;46.25;-3.0101039307734467
2018-10-28 13:00:00;38.40705306063178;42.64;-4.232946939368219
2018-10-28 14:00:00;38.40819480917887;41.31;-2.901805190821129
2018-10-28 15:00:00;38.409336557725965;45.58;-7.170663442274034
2018-10-28 16:00:00;38.79805196212203;47.2;-8.401948037877972
2018-10-28 17:00:00;43.23567766125508;48.37;-5.134322338744916
2018-10-28 18:00:00;43.83924757779821;47.94;-4.100752422201786
2018-10-28 19:00:00;41.66382765324767;46.3;-4.636172346752325
2018-10-28 20:00:00;38.16864376422115;45.0;-6.831356235778848
2018-10-28 21:00:00;35.68203256588066;44.27;-8.587967434119342
2018-10-28 22:00:00;35.6812331461518;42.58;-6.898766853848201
2018-10-28 23:00:00;35.680433726422926;27.93;7.750433726422926
2018-10-29 00:00:00;35.426446821060935;23.0;12.426446821060935
2018-10-29 01:00:00;36.042296801965726;24.25;11.792296801965726
2018-10-29 02:00:00;36.041490330618;23.45;12.591490330617997
2018-10-29 03:00:00;35.42403803089252;24.27;11.154038030892519
2018-10-29 04:00:00;36.03987738792253;25.32;10.71987738792253
2018-10-29 05:00:00;37.534853442641406;30.83;6.704853442641408
2018-10-29 06:00:00;48.78718330781422;51.33;-2.542816692185781
2018-10-29 07:00:00;50.10968397283033;64.34;-14.230316027169671
2018-10-29 08:00:00;50.108790840752896;62.56;-12.451209159247107
2018-10-29 09:00:00;50.107897708675466;56.55;-6.442102291324531
2018-10-29 10:00:00;50.10700457659804;58.34;-8.232995423401967
2018-10-29 11:00:00;50.1061114445206;55.93;-5.8238885554793995
2018-10-29 12:00:00;50.10521831244317;55.94;-5.834781687556827
2018-10-29 13:00:00;50.10432518036574;53.94;-3.8356748196342565
2018-10-29 14:00:00;50.10343204828831;52.69;-2.586567951711686
2018-10-29 15:00:00;50.10253891621088;50.0;0.10253891621088229
2018-10-29 16:00:00;50.10164578413345;52.23;-2.128354215866544
2018-10-29 17:00:00;50.10075265205602;56.22;-6.1192473479439755
2018-10-29 18:00:00;50.09985951997859;48.68;1.419859519978587
2018-10-29 19:00:00;50.09896638790116;45.63;4.468966387901155
2018-10-29 20:00:00;48.1167725481384;45.64;2.476772548138399
2018-10-29 21:00:00;42.96669100390904;40.75;2.216691003909041
2018-10-29 22:00:00;37.01550792114708;30.33;6.685507921147085
2018-10-29 23:00:00;31.74533212368076;23.16;8.585332123680761
2018-10-30 00:00:00;31.5215057930534;26.02;5.501505793053401
2018-10-30 01:00:00;31.52072011297316;20.09;11.430720112973159
2018-10-30 02:00:00;32.12419671069763;18.65;13.474196710697633
2018-10-30 03:00:00;31.51914875281268;19.13;12.38914875281268
2018-10-30 04:00:00;31.518363072732438;19.15;12.36836307273244
2018-10-30 05:00:00;31.5175773926522;22.11;9.4075773926522
2018-10-30 06:00:00;39.919312720609;33.68;6.239312720609
2018-10-30 07:00:00;39.92046563648454;44.89;-4.969534363515457
2018-10-30 08:00:00;39.92161855236008;44.81;-4.888381447639922
2018-10-30 09:00:00;39.92277146823562;35.89;4.032771468235616
2018-10-30 10:00:00;39.92392438411115;30.51;9.413924384111152
2018-10-30 11:00:00;39.92507729998668;30.37;9.555077299986682
2018-10-30 12:00:00;40.13141658183266;29.95;10.18141658183266
2018-10-30 13:00:00;39.92738313173776;34.55;5.377383131737766
2018-10-30 14:00:00;39.9285360476133;42.78;-2.851463952386702
2018-10-30 15:00:00;38.25159519171771;45.75;-7.498404808282288
2018-10-30 16:00:00;38.87459891473776;45.43;-6.55540108526224
2018-10-30 17:00:00;39.93199479523991;46.36;-6.42800520476009
2018-10-30 18:00:00;39.933147711115446;46.12;-6.186852288884552
2018-10-30 19:00:00;39.93430062699098;44.91;-4.975699373009014
2018-10-30 20:00:00;37.62556252733962;44.02;-6.394437472660385
2018-10-30 21:00:00;28.50830066790249;32.02;-3.511699332097514
2018-10-30 22:00:00;27.845173745173746;29.3;-1.454826254826255
2018-10-30 23:00:00;27.845173745173746;21.66;6.185173745173746
2018-10-31 00:00:00;26.726698929464412;20.64;6.086698929464411
2018-10-31 01:00:00;27.845173745173746;16.61;11.235173745173746
2018-10-31 02:00:00;27.845173745173746;17.22;10.625173745173747
2018-10-31 03:00:00;27.845173745173746;21.2;6.6451737451737465
2018-10-31 04:00:00;27.845173745173746;26.18;1.665173745173746
2018-10-31 05:00:00;30.89619670469844;25.78;5.116196704698439
2018-10-31 06:00:00;41.02915240951036;44.09;-3.0608475904896437
2018-10-31 07:00:00;46.4713907435924;44.94;1.5313907435924037
2018-10-31 08:00:00;48.1151011600402;44.82;3.295101160040197
2018-10-31 09:00:00;45.38141043123472;44.19;1.191410431234722
2018-10-31 10:00:00;44.29232550085533;43.83;0.46232550085532864
2018-10-31 11:00:00;44.293501419822704;44.04;0.2535014198227046
2018-10-31 12:00:00;45.852740724459935;45.22;0.6327407244599357
2018-10-31 13:00:00;49.76854932537946;49.18;0.5885493253794607
2018-10-31 14:00:00;49.76975532205331;61.65;-11.880244677946692
2018-10-31 15:00:00;49.77096131872716;69.16;-19.389038681272837
2018-10-31 16:00:00;49.77216731540101;75.45;-25.67783268459899
2018-10-31 17:00:00;51.97785515726133;82.07;-30.092144842738662
2018-10-31 18:00:00;49.77457930874871;74.02;-24.245420691251283
2018-10-31 19:00:00;49.77395977735867;62.2;-12.426040222641333
2018-10-31 20:00:00;49.77306226145967;50.08;-0.30693773854032713
2018-10-31 21:00:00;47.144634679243794;44.42;2.724634679243792
2018-10-31 22:00:00;45.197545869311895;41.29;3.907545869311896
2018-10-31 23:00:00;40.50747027097683;35.06;5.4474702709768295
2018-11-01 00:00:00;39.08996367301147;40.86;-1.7700363269885315
2018-11-01 01:00:00;39.088866651103295;41.1;-2.0111333488967063
2018-11-01 02:00:00;39.08776962919512;40.59;-1.502230370804881
2018-11-01 03:00:00;38.61410039827631;40.09;-1.4758996017236967
2018-11-01 04:00:00;38.61468513140815;39.11;-0.4953148685918478
2018-11-01 05:00:00;39.08447856347061;39.07;0.01447856347061105
2018-11-01 06:00:00;39.08338154156244;38.03;1.0533815415624375
2018-11-01 07:00:00;41.75454708279533;43.4;-1.645452917204672
2018-11-01 08:00:00;41.78383616258843;45.33;-3.5461638374115694
2018-11-01 09:00:00;45.58975977291979;45.05;0.539759772919794
2018-11-01 10:00:00;45.59037532074628;45.37;0.2203753207462853
2018-11-01 11:00:00;45.58512511081047;45.91;-0.32487488918952323
2018-11-01 12:00:00;45.59160641639926;50.15;-4.55839358360074
2018-11-01 13:00:00;44.94779026116565;55.37;-10.422209738834347
2018-11-01 14:00:00;43.94814559738498;53.07;-9.121854402615021
2018-11-01 15:00:00;47.54033708325176;53.09;-5.549662916748247
2018-11-01 16:00:00;48.860857306658;50.38;-1.5191426933420047
2018-11-01 17:00:00;48.859709906194986;62.99;-14.130290093805016
2018-11-01 18:00:00;49.40734664219511;70.69;-21.28265335780489
2018-11-01 19:00:00;49.4061963069062;65.0;-15.593803693093797
2018-11-01 20:00:00;45.02992334573322;53.98;-8.950076654266773
2018-11-01 21:00:00;40.686945471481806;45.8;-5.113054528518191
2018-11-01 22:00:00;36.765486547775424;44.63;-7.864513452224578
2018-11-01 23:00:00;36.374253197501545;40.86;-4.485746802498454
2018-11-02 00:00:00;36.471199421721366;42.22;-5.748800578278633
2018-11-02 01:00:00;36.47011561820857;40.98;-4.50988438179143
2018-11-02 02:00:00;37.006420056471285;40.8;-3.7935799435287123
2018-11-02 03:00:00;37.00533363482465;40.55;-3.5446663651753454
2018-11-02 04:00:00;37.00424721317802;40.82;-3.8157527868219816
2018-11-02 05:00:00;36.46578040415737;45.06;-8.594219595842631
2018-11-02 06:00:00;40.236245023465024;48.41;-8.173754976534973
2018-11-02 07:00:00;45.66474074343449;54.12;-8.455259256565505
2018-11-02 08:00:00;49.49528977503177;59.9;-10.404710224968227
2018-11-02 09:00:00;47.82216626957472;54.06;-6.2378337304252796
2018-11-02 10:00:00;48.943986470203065;50.22;-1.2760135297969342
2018-11-02 11:00:00;47.82341531701397;50.03;-2.2065846829860334
2018-11-02 12:00:00;46.7511506260117;50.65;-3.8988493739882983
2018-11-02 13:00:00;48.94054426881403;54.98;-6.039455731185967
2018-11-02 14:00:00;50.58803267026979;63.07;-12.48196732973021
2018-11-02 15:00:00;50.58687642005725;66.03;-15.44312357994275
2018-11-02 16:00:00;50.5857201698447;70.99;-20.404279830155296
2018-11-02 17:00:00;52.23822674635434;81.09;-28.85177325364566
2018-11-02 18:00:00;50.58340766941961;78.96;-28.376592330580387
2018-11-02 19:00:00;51.12765968834076;72.01;-20.88234031165924
2018-11-02 20:00:00;50.58109516899452;59.09;-8.50890483100548
2018-11-02 21:00:00;50.57993891878196;52.15;-1.5700610812180358
2018-11-02 22:00:00;48.48529688699508;49.84;-1.3547031130049234
2018-11-02 23:00:00;43.949072129133725;48.42;-4.4709278708662765
2018-11-03 00:00:00;40.14560322511819;46.51;-6.364396774881811
2018-11-03 01:00:00;40.1461933293359;46.04;-5.893806670664098
2018-11-03 02:00:00;40.146783433553615;44.55;-4.403216566446382
2018-11-03 03:00:00;40.14737353777132;44.65;-4.502626462228676
2018-11-03 04:00:00;40.14796364198904;44.71;-4.562036358010964
2018-11-03 05:00:00;40.21088982370366;44.81;-4.5991101762963424
2018-11-03 06:00:00;44.54888702777463;50.01;-5.461112972225365
2018-11-03 07:00:00;46.18333027554939;55.84;-9.656669724450616
2018-11-03 08:00:00;48.37035405239181;61.5;-13.12964594760819
2018-11-03 09:00:00;47.18446304100258;65.03;-17.84553695899742
2018-11-03 10:00:00;48.49282777667197;63.36;-14.867172223328026
2018-11-03 11:00:00;49.150895097579046;56.3;-7.149104902420952
2018-11-03 12:00:00;46.72389120046401;50.36;-3.6361087995359895
2018-11-03 13:00:00;45.24262284359241;48.79;-3.5473771564075918
2018-11-03 14:00:00;46.1753996386326;48.87;-2.6946003613673994
2018-11-03 15:00:00;48.36234268837292;56.84;-8.477657311627084
2018-11-03 16:00:00;50.00794619465772;61.41;-11.402053805342277
2018-11-03 17:00:00;50.55681391453105;69.58;-19.02318608546895
2018-11-03 18:00:00;50.5556576643185;62.24;-11.6843423356815
2018-11-03 19:00:00;50.55450141410595;54.45;-3.895498585894053
2018-11-03 20:00:00;46.16860194984679;45.67;0.49860194984678685
2018-11-03 21:00:00;41.41789397522682;43.74;-2.322106024773184
2018-11-03 22:00:00;40.158585517907895;42.33;-2.1714144820921035
2018-11-03 23:00:00;37.043687886563546;41.44;-4.396312113436451
2018-11-04 00:00:00;37.04426474392449;42.44;-5.395735256075511
2018-11-04 01:00:00;37.04484160128543;42.06;-5.015158398714576
2018-11-04 02:00:00;37.04541845864637;41.9;-4.854581541353632
2018-11-04 03:00:00;37.0459953160073;41.19;-4.144004683992698
2018-11-04 04:00:00;37.48982163657067;41.04;-3.550178363429332
2018-11-04 05:00:00;37.04714903072919;41.34;-4.292850969270816
2018-11-04 06:00:00;37.04772588809013;41.95;-4.902274111909875
2018-11-04 07:00:00;37.04830274545106;43.13;-6.081697254548942
2018-11-04 08:00:00;37.048879602812;45.48;-8.431120397187996
2018-11-04 09:00:00;42.69317290824875;48.26;-5.56682709175125
2018-11-04 10:00:00;45.06199413820306;46.76;-1.6980058617969362
2018-11-04 11:00:00;45.60597547875814;51.06;-5.4540245212418625
2018-11-04 12:00:00;43.971524701774825;48.82;-4.848475298225175
2018-11-04 13:00:00;44.51402907228962;46.01;-1.4959709277103812
2018-11-04 14:00:00;43.33339371841695;45.87;-2.5366062815830475
2018-11-04 15:00:00;45.056357795062496;51.01;-5.953642204937502
2018-11-04 16:00:00;46.14594298722741;52.3;-6.15405701277259
2018-11-04 17:00:00;48.332586193445664;62.99;-14.657413806554338
2018-11-04 18:00:00;48.331441712871545;67.17;-18.838558287128457
2018-11-04 19:00:00;48.33029723229742;57.69;-9.35970276770258
2018-11-04 20:00:00;46.68754529973375;48.04;-1.3524547002662501
2018-11-04 21:00:00;43.41745524675399;45.0;-1.5825447532460117
2018-11-04 22:00:00;43.959866795830514;44.78;-0.8201332041694869
2018-11-04 23:00:00;39.62453944647191;42.93;-3.3054605535280928
2018-11-05 00:00:00;38.08846568353575;40.54;-2.4515343164642474
2018-11-05 01:00:00;38.087373987489606;42.66;-4.572626012510391
2018-11-05 02:00:00;38.086282291443474;43.13;-5.043717708556528
2018-11-05 03:00:00;38.08519059539734;41.72;-3.634809404602656
2018-11-05 04:00:00;38.0840988993512;40.58;-2.495901100648801
2018-11-05 05:00:00;47.85718408477831;42.53;5.32718408477831
2018-11-05 06:00:00;56.69072062312941;54.22;2.4707206231294094
2018-11-05 07:00:00;58.92193141353823;67.64;-8.718068586461769
2018-11-05 08:00:00;59.48039324171348;69.91;-10.429606758286518
2018-11-05 09:00:00;59.47918738835943;67.5;-8.020812611640572
2018-11-05 10:00:00;59.47798153500538;68.28;-8.802018464994624
2018-11-05 11:00:00;59.47677568165134;68.31;-8.833224318348663
2018-11-05 12:00:00;56.12703943291694;65.83;-9.70296056708306
2018-11-05 13:00:00;56.82502257892576;67.17;-10.34497742107424
2018-11-05 14:00:00;59.4731581215892;68.21;-8.736841878410793
2018-11-05 15:00:00;59.47195226823516;70.94;-11.468047731764841
2018-11-05 16:00:00;59.47074641488111;69.8;-10.329253585118884
2018-11-05 17:00:00;59.46954056152707;68.81;-9.340459438472934
2018-11-05 18:00:00;59.46833470817302;59.33;0.1383347081730193
2018-11-05 19:00:00;59.467128854818974;58.57;0.8971288548189733
2018-11-05 20:00:00;57.788936062064906;53.9;3.888936062064907
2018-11-05 21:00:00;54.09658917976908;50.84;3.2565891797690796
2018-11-05 22:00:00;48.9340901412096;48.18;0.7540901412096019
2018-11-05 23:00:00;46.79575734951678;44.06;2.735757349516774
2018-11-06 00:00:00;46.94339772468681;46.37;0.5733977246868136
2018-11-06 01:00:00;46.942261915289;46.12;0.8222619152890047
2018-11-06 02:00:00;46.94112610589117;44.78;2.161126105891171
2018-11-06 03:00:00;46.93999029649335;43.53;3.4099902964933477
2018-11-06 04:00:00;46.938854487095526;43.93;3.008854487095526
2018-11-06 05:00:00;47.32650089816897;48.18;-0.8534991018310265
2018-11-06 06:00:00;54.65896755515713;57.1;-2.441032444842868
2018-11-06 07:00:00;59.49455415430214;67.95;-8.45544584569786
2018-11-06 08:00:00;59.49523134331447;70.1;-10.604768656685522
2018-11-06 09:00:00;59.49590853232676;68.25;-8.754091467673241
2018-11-06 10:00:00;59.49658572133908;64.72;-5.223414278660918
2018-11-06 11:00:00;59.49726291035138;63.86;-4.362737089648618
2018-11-06 12:00:00;59.1009848031829;60.73;-1.6290151968171003
2018-11-06 13:00:00;59.49861728837601;62.41;-2.911382711623986
2018-11-06 14:00:00;59.09857954557273;63.14;-4.041420454427268
2018-11-06 15:00:00;59.49997166640063;64.34;-4.840028333599371
2018-11-06 16:00:00;59.50064885541294;66.89;-7.38935114458706
2018-11-06 17:00:00;59.501326044425255;74.68;-15.178673955574752
2018-11-06 18:00:00;59.50200323343756;72.94;-13.437996766562435
2018-11-06 19:00:00;59.50268042244988;70.97;-11.467319577550121
2018-11-06 20:00:00;59.503357611462185;59.26;0.24335761146218715
2018-11-06 21:00:00;53.31252694781958;52.0;1.3125269478195776
2018-11-06 22:00:00;48.01344864825999;47.99;0.02344864825998627
2018-11-06 23:00:00;45.82437884513031;44.95;0.874378845130309
2018-11-07 00:00:00;45.84837415711779;44.51;1.3383741571177907
2018-11-07 01:00:00;45.84898098340538;43.53;2.318980983405382
2018-11-07 02:00:00;43.91169176899738;41.59;2.3216917689973755
2018-11-07 03:00:00;43.91229011743973;40.64;3.2722901174397307
2018-11-07 04:00:00;45.70132454063796;41.77;3.9313245406379593
2018-11-07 05:00:00;45.851408288555774;43.77;2.081408288555771
2018-11-07 06:00:00;54.4948440838473;50.79;3.7048440838472985
2018-11-07 07:00:00;60.09631298862615;61.99;-1.8936870113738493
2018-11-07 08:00:00;60.65706132539427;64.18;-3.52293867460574
2018-11-07 09:00:00;60.09390128191805;63.01;-2.9160987180819475
2018-11-07 10:00:00;60.65464313491198;61.56;-0.9053568650880237
2018-11-07 11:00:00;60.09148957520996;58.36;1.731489575209963
2018-11-07 12:00:00;60.09028372185591;58.35;1.74028372185591
2018-11-07 13:00:00;60.08907786850187;60.03;0.05907786850186625
2018-11-07 14:00:00;60.087872015147816;62.94;-2.8521279848521814
2018-11-07 15:00:00;60.08666616179377;65.61;-5.523333838206227
2018-11-07 16:00:00;60.08546030843973;67.7;-7.6145396915602745
2018-11-07 17:00:00;60.08425445508568;70.99;-10.905745544914318
2018-11-07 18:00:00;60.08304860173164;68.61;-8.52695139826836
2018-11-07 19:00:00;60.08184274837759;66.05;-5.968157251622408
2018-11-07 20:00:00;60.08063689502355;62.82;-2.739363104976448
2018-11-07 21:00:00;56.72133983711389;49.3;7.421339837113891
2018-11-07 22:00:00;51.80071427524693;51.23;0.5707142752469352
2018-11-07 23:00:00;47.82060648046735;44.86;2.960606480467348
2018-11-08 00:00:00;47.768966464539695;45.0;2.7689664645396945
2018-11-08 01:00:00;47.76783065514187;44.83;2.937830655141873
2018-11-08 02:00:00;47.76669484574405;44.31;3.456694845744046
2018-11-08 03:00:00;47.66877319364326;44.33;3.338773193643263
2018-11-08 04:00:00;47.76442322694841;44.57;3.194423226948409
2018-11-08 05:00:00;47.66999260539566;46.78;0.8899926053956619
2018-11-08 06:00:00;59.982337336131394;56.92;3.0623373361313924
2018-11-08 07:00:00;64.92430248432512;67.0;-2.075697515674875
2018-11-08 08:00:00;65.06640788662968;68.95;-3.8835921133703266
2018-11-08 09:00:00;64.49730458599261;68.82;-4.322695414007384
2018-11-08 10:00:00;63.928898509681765;67.71;-3.7811014903182283
2018-11-08 11:00:00;63.36118397319022;67.43;-4.068816026809785
2018-11-08 12:00:00;63.35996173419217;64.97;-1.6100382658078303
2018-11-08 13:00:00;64.92845312292026;65.67;-0.7415468770797418
2018-11-08 14:00:00;65.62756445695221;67.49;-1.8624355430477806
2018-11-08 15:00:00;65.05778188539739;68.49;-3.4322181146026054
2018-11-08 16:00:00;65.62509311363175;72.63;-7.004906886368246
2018-11-08 17:00:00;69.05004197364376;92.18;-23.12995802635625
2018-11-08 18:00:00;69.04878559010682;90.06;-21.011214409893185
2018-11-08 19:00:00;65.62138609865104;75.82;-10.19861390134895
2018-11-08 20:00:00;65.62015042699082;69.07;-3.4498495730091747
2018-11-08 21:00:00;65.05038817005543;62.63;2.420388170055425
2018-11-08 22:00:00;62.05072916206287;59.32;2.7307291620628718
2018-11-08 23:00:00;53.01560946933262;53.91;-0.8943905306673798
2018-11-09 00:00:00;52.04364857986231;50.77;1.2736485798623036
2018-11-09 01:00:00;52.04248934931863;50.6;1.4424893493186275
2018-11-09 02:00:00;52.041330118774944;48.12;3.9213301187749465
2018-11-09 03:00:00;52.04017088823127;47.64;4.400170888231273
2018-11-09 04:00:00;52.03901165768759;47.84;4.199011657687585
2018-11-09 05:00:00;52.03785242714391;51.0;1.0378524271439105
2018-11-09 06:00:00;60.40320266723075;62.16;-1.7567973327692457
2018-11-09 07:00:00;65.49106598700448;69.06;-3.568934012995527
2018-11-09 08:00:00;65.48983031534425;72.56;-7.0701696846557525
2018-11-09 09:00:00;65.48859464368401;66.3;-0.8114053563159871
2018-11-09 10:00:00;65.48735897202377;67.69;-2.2026410279762274
2018-11-09 11:00:00;65.48612330036354;65.99;-0.5038766996364501
2018-11-09 12:00:00;63.910299519117785;63.75;0.1602995191177854
2018-11-09 13:00:00;65.36307642669567;62.15;3.2130764266956717
2018-11-09 14:00:00;65.48241628538284;62.84;2.6424162853828363
2018-11-09 15:00:00;65.4811806137226;64.81;0.6711806137225977
2018-11-09 16:00:00;65.47994494206237;67.4;-1.9200550579376312
2018-11-09 17:00:00;65.47870927040213;69.72;-4.241290729597864
2018-11-09 18:00:00;65.47747359874191;68.16;-2.6825264012580874
2018-11-09 19:00:00;65.47623792708167;66.44;-0.9637620729183283
2018-11-09 20:00:00;61.7624410358997;60.42;1.3424410358996965
2018-11-09 21:00:00;54.23683203577629;52.94;1.2968320357762906
2018-11-09 22:00:00;48.7385331245466;47.28;1.458533124546598
2018-11-09 23:00:00;38.45266701071079;42.71;-4.2573329892892104
2018-11-10 00:00:00;32.28018328868454;42.69;-10.409816711315457
2018-11-10 01:00:00;30.46252590864158;40.49;-10.027474091358421
2018-11-10 02:00:00;30.4630663687171;38.79;-8.326933631282898
2018-11-10 03:00:00;30.46360682879262;38.92;-8.456393171207381
2018-11-10 04:00:00;30.46414728886814;38.2;-7.735852711131862
2018-11-10 05:00:00;30.46468774894366;38.23;-7.765312251056336
2018-11-10 06:00:00;30.465228209019187;38.78;-8.314771790980814
2018-11-10 07:00:00;30.465768669094714;40.31;-9.844231330905288
2018-11-10 08:00:00;37.80673256246258;42.71;-4.903267437537423
2018-11-10 09:00:00;38.458384247344405;43.23;-4.771615752655592
2018-11-10 10:00:00;38.45895597100776;43.69;-5.231044028992237
2018-11-10 11:00:00;38.45952769467112;43.75;-5.290472305328883
2018-11-10 12:00:00;38.46009941833449;43.74;-5.279900581665515
2018-11-10 13:00:00;38.46067114199784;42.87;-4.409328858002155
2018-11-10 14:00:00;38.461242865661205;45.07;-6.608757134338795
2018-11-10 15:00:00;38.461814589324575;49.31;-10.848185410675427
2018-11-10 16:00:00;38.46238631298793;49.44;-10.977613687012067
2018-11-10 17:00:00;38.462958036651294;50.91;-12.447041963348703
2018-11-10 18:00:00;38.46352976031466;49.75;-11.286470239685343
2018-11-10 19:00:00;38.46410148397801;47.78;-9.315898516021988
2018-11-10 20:00:00;38.464673207641376;42.93;-4.465326792358624
2018-11-10 21:00:00;35.35608860620174;41.21;-5.853911393798263
2018-11-10 22:00:00;32.292225371350426;41.19;-8.897774628649572
2018-11-10 23:00:00;26.492499249925;39.58;-13.087500750074998
2018-11-11 00:00:00;24.51573438709764;34.58;-10.064265612902357
2018-11-11 01:00:00;24.51625303099996;30.67;-6.153746969000043
2018-11-11 02:00:00;24.434972385533584;37.93;-13.495027614466416
2018-11-11 03:00:00;24.434972385533584;35.84;-11.40502761446642
2018-11-11 04:00:00;24.517808962706937;34.05;-9.53219103729306
2018-11-11 05:00:00;24.51832760660927;34.15;-9.63167239339073
2018-11-11 06:00:00;24.5188462505116;33.96;-9.4411537494884
2018-11-11 07:00:00;24.51936489441393;37.98;-13.460635105586068
2018-11-11 08:00:00;24.51988353831625;40.05;-15.530116461683747
2018-11-11 09:00:00;24.52040218221857;41.26;-16.739597817781426
2018-11-11 10:00:00;24.520920826120907;42.08;-17.55907917387909
2018-11-11 11:00:00;24.521439470023232;42.25;-17.728560529976768
2018-11-11 12:00:00;24.52195811392556;41.14;-16.61804188607444
2018-11-11 13:00:00;24.434972385533584;38.59;-14.15502761446642
2018-11-11 14:00:00;25.11222960513393;40.41;-15.297770394866067
2018-11-11 15:00:00;30.48306339151143;42.38;-11.896936608488573
2018-11-11 16:00:00;34.75030018796141;44.75;-9.999699812038592
2018-11-11 17:00:00;34.75085704451885;46.51;-11.759142955481146
2018-11-11 18:00:00;34.751413901076305;45.12;-10.368586098923693
2018-11-11 19:00:00;34.75197075763376;43.85;-9.098029242366245
2018-11-11 20:00:00;31.69645085947686;43.04;-11.343549140523137
2018-11-11 21:00:00;30.48630615196456;41.64;-11.153693848035442
2018-11-11 22:00:00;32.305362188804125;42.67;-10.364637811195877
2018-11-11 23:00:00;31.09191880169596;38.58;-7.488081198304037
2018-11-12 00:00:00;27.472557172546274;36.1;-8.627442827453727
2018-11-12 01:00:00;27.473084328098096;37.8;-10.3269156719019
2018-11-12 02:00:00;27.47361148364992;38.33;-10.85638851635008
2018-11-12 03:00:00;28.071669847155345;39.2;-11.128330152844658
2018-11-12 04:00:00;37.23097452538478;38.57;-1.3390254746152195
2018-11-12 05:00:00;44.21036428866333;43.54;0.670364288663329
2018-11-12 06:00:00;54.15806420058398;64.68;-10.521935799416028
2018-11-12 07:00:00;57.78473367004652;69.87;-12.085266329953484
2018-11-12 08:00:00;57.78354376880833;68.71;-10.926456231191665
2018-11-12 09:00:00;57.78235386757014;61.15;-3.3676461324298614
2018-11-12 10:00:00;57.78116396633193;58.71;-0.9288360336680697
2018-11-12 11:00:00;57.77997406509374;54.76;3.0199740650937414
2018-11-12 12:00:00;57.77878416385553;63.58;-5.801215836144465
2018-11-12 13:00:00;58.30332063473609;65.07;-6.766679365263904
2018-11-12 14:00:00;57.77640436137915;67.05;-9.273595638620847
2018-11-12 15:00:00;57.775214460140944;67.87;-10.09478553985906
2018-11-12 16:00:00;57.77402455890275;67.63;-9.855975441097243
2018-11-12 17:00:00;57.77283465766455;66.76;-8.987165342335452
2018-11-12 18:00:00;58.30660278738485;63.48;-5.17339721261515
2018-11-12 19:00:00;57.77045485518816;59.16;-1.3895451448118337
2018-11-12 20:00:00;57.76926495394996;51.64;6.129264953949956
2018-11-12 21:00:00;54.16761780336989;46.9;7.267617803369895
2018-11-12 22:00:00;49.439058567704286;45.34;4.099058567704283
2018-11-12 23:00:00;45.04874930673357;41.81;3.238749306733567
2018-11-13 00:00:00;44.963083609960606;44.54;0.42308360996060657
2018-11-13 01:00:00;44.96196196417634;46.31;-1.348038035823663
2018-11-13 02:00:00;44.96084031839208;45.31;-0.3491596816079223
2018-11-13 03:00:00;44.95971867260782;44.88;0.07971867260781806
2018-11-13 04:00:00;44.95859702682356;46.03;-1.0714029731764398
2018-11-13 05:00:00;44.957475381039295;47.28;-2.3225246189607063
2018-11-13 06:00:00;52.65737830706656;62.14;-9.482621692933442
2018-11-13 07:00:00;57.10735176057476;67.91;-10.802648239425238
2018-11-13 08:00:00;56.68952551211933;69.89;-13.200474487880669
2018-11-13 09:00:00;56.69017530310697;64.69;-7.999824696893029
2018-11-13 10:00:00;56.69082509409462;64.2;-7.5091749059053825
2018-11-13 11:00:00;56.69147488508226;54.43;2.261474885082258
2018-11-13 12:00:00;56.00175295843309;48.52;7.481752958433084
2018-11-13 13:00:00;53.9478474741847;47.91;6.0378474741847015
2018-11-13 14:00:00;53.75723064733568;48.31;5.4472306473356795
2018-11-13 15:00:00;56.69407404903285;49.94;6.754074049032852
2018-11-13 16:00:00;57.09667090861974;52.75;4.346670908619743
2018-11-13 17:00:00;56.69537363100815;64.3;-7.604626368991845
2018-11-13 18:00:00;56.69602342199578;62.16;-5.463976578004214
2018-11-13 19:00:00;55.976772256787086;57.97;-1.9932277432129126
2018-11-13 20:00:00;50.98179748871152;49.23;1.7517974887115244
2018-11-13 21:00:00;46.03304024348995;46.69;-0.656959756510048
2018-11-13 22:00:00;44.93840740270686;45.52;-0.5815925972931453
2018-11-13 23:00:00;44.93728575692259;43.68;1.2572857569225917
2018-11-14 00:00:00;44.93616411113833;43.14;1.7961641111383315
2018-11-14 01:00:00;44.93504246535407;43.13;1.8050424653540702
2018-11-14 02:00:00;44.93392081956981;43.15;1.7839208195698149
2018-11-14 03:00:00;44.93279917378555;45.28;-0.34720082621445414
2018-11-14 04:00:00;45.31828647153083;45.78;-0.46171352846916847
2018-11-14 05:00:00;50.58637639224207;48.52;2.06637639224207
2018-11-14 06:00:00;61.0068102603236;60.08;0.9268102603235988
2018-11-14 07:00:00;66.68905178997038;69.75;-3.060948210029622
2018-11-14 08:00:00;70.67836653185589;71.04;-0.36163346814412023
2018-11-14 09:00:00;72.70735105071925;69.87;2.837351050719249
2018-11-14 10:00:00;72.70585515139676;67.14;5.565855151396761
2018-11-14 11:00:00;72.70435925207425;66.03;6.674359252074254
2018-11-14 12:00:00;72.40222761934955;62.23;10.172227619349549
2018-11-14 13:00:00;72.97879602939071;64.18;8.7987960293907
2018-11-14 14:00:00;72.69987155410678;65.9;6.7998715541067725
2018-11-14 15:00:00;72.69837565478427;70.1;2.5983756547842773
2018-11-14 16:00:00;72.69687975546178;73.98;-1.2831202445382246
2018-11-14 17:00:00;72.69538385613927;83.47;-10.774616143860726
2018-11-14 18:00:00;72.69388795681678;80.13;-7.436112043183215
2018-11-14 19:00:00;72.69239205749429;74.9;-2.2076079425057173
2018-11-14 20:00:00;72.69089615817178;68.88;3.8108961581717864
2018-11-14 21:00:00;66.69884203576895;63.0;3.6988420357689478
2018-11-14 22:00:00;61.5509607595632;54.85;6.700960759563202
2018-11-14 23:00:00;57.61889118497278;50.3;7.3188911849727845
2018-11-15 00:00:00;57.56538008366462;51.67;5.8953800836646195
2018-11-15 01:00:00;57.56603988510868;50.8;6.7660398851086825
2018-11-15 02:00:00;57.56669968655274;51.27;6.296699686552735
2018-11-15 03:00:00;57.5673594879968;50.29;7.277359487996797
2018-11-15 04:00:00;57.56801928944085;51.03;6.538019289440847
2018-11-15 05:00:00;57.70374888486245;53.17;4.533748884862447
2018-11-15 06:00:00;67.29457378718214;65.05;2.244573787182148
2018-11-15 07:00:00;73.0203779340411;73.16;-0.13962206595890336
2018-11-15 08:00:00;72.5525045028301;74.44;-1.887495497169894
2018-11-15 09:00:00;73.01737349900588;73.27;-0.2526265009941113
2018-11-15 10:00:00;72.54950639930489;70.0;2.5495063993048888
2018-11-15 11:00:00;72.54800734754228;68.4;4.148007347542276
2018-11-15 12:00:00;69.57297837152296;67.19;2.3829783715229667
2018-11-15 13:00:00;72.44578004151165;67.51;4.935780041511649
2018-11-15 14:00:00;72.54351019225446;68.43;4.113510192254452
2018-11-15 15:00:00;72.54201114049185;73.1;-0.5579888595081428
2018-11-15 16:00:00;72.54051208872926;74.47;-1.9294879112707406
2018-11-15 17:00:00;73.00535575886506;79.7;-6.694644241134938
2018-11-15 18:00:00;72.53751398520404;73.1;-0.562486014795951
2018-11-15 19:00:00;72.53601493344144;70.35;2.1860149334414416
2018-11-15 20:00:00;68.41852078880018;61.38;7.038520788800177
2018-11-15 21:00:00;61.61069171120124;53.52;8.090691711201238
2018-11-15 22:00:00;55.50982615174749;53.06;2.4498261517474873
2018-11-15 23:00:00;50.10928674931957;49.14;0.969286749319572
2018-11-16 00:00:00;50.1099112730392;46.42;3.6899112730392005
2018-11-16 01:00:00;50.11053579675883;49.67;0.44053579675883014
2018-11-16 02:00:00;50.11116032047846;48.14;1.971160320478461
2018-11-16 03:00:00;49.91569706139082;48.91;1.0056970613908263
2018-11-16 04:00:00;50.112409367917714;49.11;1.0024093679177142
2018-11-16 05:00:00;52.11904785419173;50.4;1.7190478541917287
2018-11-16 06:00:00;60.47486880898258;63.48;-3.005131191017419
2018-11-16 07:00:00;63.237405761084766;68.32;-5.082594238915227
2018-11-16 08:00:00;63.2380938295865;72.64;-9.401906170413504
2018-11-16 09:00:00;63.23878189808821;68.76;-5.521218101911792
2018-11-16 10:00:00;62.72238076085856;69.17;-6.447619239141439
2018-11-16 11:00:00;61.593672868911554;63.5;-1.906327131088446
2018-11-16 12:00:00;60.3902681847696;60.19;0.20026818476960528
2018-11-16 13:00:00;62.154645648833615;63.35;-1.1953543511663867
2018-11-16 14:00:00;63.2422222405968;66.86;-3.6177777594031966
2018-11-16 15:00:00;63.24291030909852;68.04;-4.797089690901487
2018-11-16 16:00:00;63.24359837760024;69.97;-6.726401622399756
2018-11-16 17:00:00;63.24428644610197;67.76;-4.515713553898038
2018-11-16 18:00:00;58.77800352355988;58.41;0.3680035235598851
2018-11-16 19:00:00;55.42906491735666;52.03;3.399064917356661
2018-11-16 20:00:00;49.89614136147947;46.53;3.366141361479471
2018-11-16 21:00:00;42.78665974022365;45.77;-2.983340259776355
2018-11-16 22:00:00;40.615983235891015;45.23;-4.614016764108982
2018-11-16 23:00:00;39.14816940956278;43.8;-4.651830590437214
2018-11-17 00:00:00;39.53197025514292;43.71;-4.178029744857078
2018-11-17 01:00:00;39.14932312428467;38.43;0.7193231242846707
2018-11-17 02:00:00;39.1498999816456;43.81;-4.660100018354399
2018-11-17 03:00:00;39.150476839006544;42.03;-2.8795231609934575
2018-11-17 04:00:00;39.52758216751023;42.87;-3.3424178324897653
2018-11-17 05:00:00;39.52648514560206;41.16;-1.6335148543979372
2018-11-17 06:00:00;39.15220741108936;44.22;-5.067792588910642
2018-11-17 07:00:00;43.319148397152496;46.19;-2.8708516028475017
2018-11-17 08:00:00;48.145793879636784;46.17;1.9757938796367824
2018-11-17 09:00:00;48.14640942746327;46.9;1.24640942746327
2018-11-17 10:00:00;46.58831957918615;46.82;-0.2316804208138521
2018-11-17 11:00:00;46.18473154311339;46.9;-0.7152684568866121
2018-11-17 12:00:00;46.039329752202754;46.4;-0.36067024779724477
2018-11-17 13:00:00;48.77717683967326;46.4;2.377176839673261
2018-11-17 14:00:00;49.87543532627921;46.89;2.985435326279209
2018-11-17 15:00:00;49.47046444073873;52.83;-3.3595355592612677
2018-11-17 16:00:00;49.873134655701406;59.66;-9.78686534429859
2018-11-17 17:00:00;49.47170744635901;58.2;-8.72829255364099
2018-11-17 18:00:00;49.8708339851236;60.62;-10.749166014876394
2018-11-17 19:00:00;49.86968364983469;58.12;-8.250316350165306
2018-11-17 20:00:00;49.86853331454579;51.62;-1.7514666854542043
2018-11-17 21:00:00;47.12308845046902;48.18;-1.0569115495309802
2018-11-17 22:00:00;47.4977634503412;53.45;-5.9522365496587994
2018-11-17 23:00:00;44.24933345956485;45.39;-1.1406665404351486
2018-11-18 00:00:00;40.0462375840902;46.23;-6.183762415909797
2018-11-18 01:00:00;38.53626436658415;43.86;-5.3237356334158505
2018-11-18 02:00:00;38.53683864562352;42.94;-4.403161354376479
2018-11-18 03:00:00;38.962246656450105;43.93;-4.967753343549894
2018-11-18 04:00:00;40.041838766595845;44.28;-4.238161233404156
2018-11-18 05:00:00;40.58180883621266;43.38;-2.798191163787344
2018-11-18 06:00:00;41.693389355906106;45.33;-3.636610644093892
2018-11-18 07:00:00;42.33086744479213;49.07;-6.739132555207867
2018-11-18 08:00:00;42.20464654965359;47.5;-5.295353450346411
2018-11-18 09:00:00;44.37876223864967;49.42;-5.041237761350331
2018-11-18 10:00:00;43.61269675379594;47.96;-4.3473032462040635
2018-11-18 11:00:00;44.90190079432468;48.4;-3.4980992056753166
2018-11-18 12:00:00;44.92047845549563;50.15;-5.229521544504365
2018-11-18 13:00:00;44.37427565551262;48.28;-3.905724344487382
2018-11-18 14:00:00;44.37315400972837;48.4;-4.026845990271632
2018-11-18 15:00:00;46.85380445446608;51.59;-4.736195545533924
2018-11-18 16:00:00;48.8245505125948;51.67;-2.8454494874052045
2018-11-18 17:00:00;49.29447715263636;53.67;-4.375522847363641
2018-11-18 18:00:00;47.51001570882672;53.18;-5.669984291173279
2018-11-18 19:00:00;46.00429661364569;49.52;-3.5157033863543106
2018-11-18 20:00:00;43.27785348318904;46.96;-3.6821465168109597
2018-11-18 21:00:00;39.80360072788613;46.15;-6.346399272113871
2018-11-18 22:00:00;39.175281705526935;46.47;-7.294718294473064
2018-11-18 23:00:00;38.94035960650257;44.16;-5.2196403934974285
2018-11-19 00:00:00;38.52459096276988;40.82;-2.2954090372301224
2018-11-19 01:00:00;38.52516524180926;41.71;-3.184834758190739
2018-11-19 02:00:00;38.92717813067166;38.57;0.35717813067166304
2018-11-19 03:00:00;38.52631379988799;38.95;-0.42368620011201585
2018-11-19 04:00:00;38.92498942567691;41.55;-2.6250105743230847
2018-11-19 05:00:00;38.92389507317954;44.72;-5.796104926820462
2018-11-19 06:00:00;48.14743920276829;48.08;0.0674392027682913
2018-11-19 07:00:00;48.80702991553693;55.01;-6.202970084463068
2018-11-19 08:00:00;49.26688790850329;54.99;-5.723112091496709
2018-11-19 09:00:00;48.80826693750713;54.12;-5.31173306249287
2018-11-19 10:00:00;48.80888544849224;52.28;-3.4711145515077604
2018-11-19 11:00:00;48.809503959477325;52.7;-3.8904960405226774
2018-11-19 12:00:00;48.164319267463966;51.5;-3.3356807325360336
2018-11-19 13:00:00;48.81074098144751;51.59;-2.7792590185524944
2018-11-19 14:00:00;49.26000350572523;52.16;-2.8999964942747667
2018-11-19 15:00:00;49.25885610526222;53.64;-4.381143894737782
2018-11-19 16:00:00;49.257708704799214;53.63;-4.372291295200789
2018-11-19 17:00:00;49.25656130433621;56.43;-7.1734386956637906
2018-11-19 18:00:00;49.2554139038732;53.11;-3.854586096126802
2018-11-19 19:00:00;48.8144520473581;51.56;-2.7455479526418998
2018-11-19 20:00:00;47.05943201276816;47.17;-0.11056798723183903
2018-11-19 21:00:00;42.15351050523092;45.1;-2.9464894947690823
2018-11-19 22:00:00;37.28912830451869;42.44;-5.150871695481307
2018-11-19 23:00:00;34.8156710121745;35.33;-0.5143289878255004
2018-11-20 00:00:00;34.36665661269572;25.01;9.35665661269572
2018-11-20 01:00:00;34.98286314011351;33.0;1.9828631401135084
2018-11-20 02:00:00;32.531225294378075;29.85;2.6812252943780734
2018-11-20 03:00:00;32.53177266177198;30.8;1.7317726617719806
2018-11-20 04:00:00;34.368874426916264;31.66;2.708874426916264
2018-11-20 05:00:00;34.36942888047139;32.02;2.349428880471386
2018-11-20 06:00:00;40.60938542035343;45.26;-4.6506145796465646
2018-11-20 07:00:00;47.049811676099466;51.74;-4.690188323900536
2018-11-20 08:00:00;48.47534722263362;51.66;-3.1846527773663738
2018-11-20 09:00:00;50.12437938615078;49.78;0.3443793861507771
2018-11-20 10:00:00;49.0270005612572;48.94;0.08700056125720579
2018-11-20 11:00:00;48.36680461318143;48.78;-0.4131953868185718
2018-11-20 12:00:00;47.052845807537466;48.44;-1.387154192462532
2018-11-20 13:00:00;45.74806532897542;49.05;-3.3019346710245756
2018-11-20 14:00:00;45.74866647692255;50.11;-4.361333523077448
2018-11-20 15:00:00;47.05466628640025;56.55;-9.495333713599749
2018-11-20 16:00:00;50.35957466204706;60.78;-10.420425337952942
2018-11-20 17:00:00;50.115176703839545;67.95;-17.834823296160458
2018-11-20 18:00:00;50.36081766766734;58.47;-8.109182332332658
2018-11-20 19:00:00;50.36143917047748;52.85;-2.4885608295225197
2018-11-20 20:00:00;48.37231812949992;54.0;-5.6276818705000835
2018-11-20 21:00:00;47.71445379249005;50.06;-2.3455462075099547
2018-11-20 22:00:00;45.72017810844317;48.28;-2.5598218915568296
2018-11-20 23:00:00;41.36363125003099;44.65;-3.2863687499690073
2018-11-21 00:00:00;39.7216019774816;44.52;-4.7983980225184055
2018-11-21 01:00:00;39.72217625652097;42.83;-3.107823743479031
2018-11-21 02:00:00;39.88090001347545;42.43;-2.5490999865245527
2018-11-21 03:00:00;39.72332481459969;42.17;-2.4466751854003093
2018-11-21 04:00:00;40.99035853923323;43.22;-2.2296414607667714
2018-11-21 05:00:00;48.0535347111817;44.42;3.633534711181696
2018-11-21 06:00:00;57.46791651587032;50.74;6.727916515870319
2018-11-21 07:00:00;64.78719654959949;57.31;7.477196549599483
2018-11-21 08:00:00;65.42057073947517;58.99;6.430570739475165
2018-11-21 09:00:00;64.78473197781884;54.2;10.584731977818834
2018-11-21 10:00:00;66.88942932662646;55.75;11.139429326626455
2018-11-21 11:00:00;67.62825180871597;58.25;9.378251808715973
2018-11-21 12:00:00;66.8908279331691;58.26;8.630827933169108
2018-11-21 13:00:00;65.34758597217642;59.56;5.787585972176416
2018-11-21 14:00:00;67.63126530342132;69.74;-2.1087346965786793
2018-11-21 15:00:00;67.63196843359138;66.6;1.0319684335913877
2018-11-21 16:00:00;67.62200479442134;69.99;-2.3679952055786515
2018-11-21 17:00:00;67.62075539156241;70.94;-3.319244608437586
2018-11-21 18:00:00;67.63407782410162;67.04;0.5940778241016176
2018-11-21 19:00:00;67.61825658584455;61.16;6.458256585844552
2018-11-21 20:00:00;67.61700718298563;59.9;7.717007182985633
2018-11-21 21:00:00;62.505781759884975;51.65;10.855781759884977
2018-11-21 22:00:00;59.12831854807746;50.41;8.718318548077463
2018-11-21 23:00:00;53.55058803317218;48.53;5.0205880331721815
2018-11-22 00:00:00;53.21141235473036;49.34;3.87141235473036
2018-11-22 01:00:00;53.71027809948838;49.73;3.9802780994883804
2018-11-22 02:00:00;53.70910983504829;48.81;4.899109835048286
2018-11-22 03:00:00;53.70794157060819;50.66;3.047941570608195
2018-11-22 04:00:00;53.89383961076972;53.63;0.26383961076971474
2018-11-22 05:00:00;57.04660144817729;50.68;6.366601448177292
2018-11-22 06:00:00;66.63645067385166;66.98;-0.34354932614834865
2018-11-22 07:00:00;77.83277428875245;82.93;-5.09722571124756
2018-11-22 08:00:00;83.54062699705906;82.0;1.5406269970590643
2018-11-22 09:00:00;83.0601975272634;87.4;-4.339802472736608
2018-11-22 10:00:00;82.58034709444912;84.0;-1.4196529055508762
2018-11-22 11:00:00;83.05706059849904;92.93;-9.872939401500972
2018-11-22 12:00:00;83.05549213411685;90.87;-7.814507865883158
2018-11-22 13:00:00;82.57565205372237;95.16;-12.584347946277632
2018-11-22 14:00:00;83.0523552053525;95.53;-12.477644794647503
2018-11-22 15:00:00;83.05078674097031;94.37;-11.319213259029695
2018-11-22 16:00:00;83.04921827658814;103.0;-19.950781723411865
2018-11-22 17:00:00;83.04764981220595;128.26;-45.212350187794044
2018-11-22 18:00:00;83.52490769265657;109.94;-26.41509230734343
2018-11-22 19:00:00;83.0445128834416;84.08;-1.0354871165584
2018-11-22 20:00:00;83.04294441905941;80.1;2.9429444190594154
2018-11-22 21:00:00;76.86747617370033;70.45;6.417476173700322
2018-11-22 22:00:00;67.7578023911582;60.69;7.067802391158196
2018-11-22 23:00:00;65.90712812801401;55.74;10.167128128014006
2018-11-23 00:00:00;65.9078199011132;59.63;6.277819901113197
2018-11-23 01:00:00;65.90851167421239;57.36;8.548511674212392
2018-11-23 02:00:00;65.90920344731158;55.0;10.909203447311583
2018-11-23 03:00:00;65.90989522041076;55.98;9.929895220410764
2018-11-23 04:00:00;65.91058699350995;52.89;13.020586993509951
2018-11-23 05:00:00;65.91127876660914;59.53;6.381278766609142
2018-11-23 06:00:00;73.09929862375824;73.01;0.08929862375823916
2018-11-23 07:00:00;86.38938291906173;95.0;-8.610617080938269
2018-11-23 08:00:00;86.38778986625388;106.0;-19.612210133746117
2018-11-23 09:00:00;86.38619681344603;98.0;-11.613803186553966
2018-11-23 10:00:00;85.90232147226742;97.17;-11.267678527732585
2018-11-23 11:00:00;86.38301070783034;98.93;-12.54698929216967
2018-11-23 12:00:00;85.89914248610525;98.28;-12.380857513894753
2018-11-23 13:00:00;85.89755299302416;94.9;-9.002447006975842
2018-11-23 14:00:00;85.89596349994308;93.6;-7.704036500056915
2018-11-23 15:00:00;85.894374006862;94.43;-8.535625993138012
2018-11-23 16:00:00;85.89278451378091;97.09;-11.197215486219093
2018-11-23 17:00:00;85.89119502069983;109.2;-23.308804979300177
2018-11-23 18:00:00;85.88960552761874;96.02;-10.130394472381255
2018-11-23 19:00:00;85.88801603453766;86.11;-0.22198396546234278
2018-11-23 20:00:00;76.83240674403068;75.56;1.2724067440306754
2018-11-23 21:00:00;70.59450366619538;63.48;7.114503666195382
2018-11-23 22:00:00;65.92303890929537;58.66;7.263038909295375
2018-11-23 23:00:00;60.87458891157629;52.12;8.754588911576292
2018-11-24 00:00:00;58.67396769182433;63.03;-4.356032308175671
2018-11-24 01:00:00;55.29046727212963;55.3;-0.009532727870364965
2018-11-24 02:00:00;53.09843422717934;52.03;1.0684342271793383
2018-11-24 03:00:00;53.09726898964223;52.83;0.26726898964223267
2018-11-24 04:00:00;53.09610375210514;50.36;2.7361037521051372
2018-11-24 05:00:00;52.56740086990629;50.13;2.437400869906284
2018-11-24 06:00:00;54.75931054576303;50.36;4.399310545763029
2018-11-24 07:00:00;62.03951791163743;53.35;8.68951791163743
2018-11-24 08:00:00;65.43617127349859;63.17;2.2661712734985855
2018-11-24 09:00:00;66.00365703231415;72.2;-6.196342967685851
2018-11-24 10:00:00;66.66609221114734;73.49;-6.823907788852651
2018-11-24 11:00:00;66.66678772895145;73.17;-6.503212271048554
2018-11-24 12:00:00;66.66748324675554;73.01;-6.3425167532444675
2018-11-24 13:00:00;64.86198398028341;66.93;-2.0680160197165947
2018-11-24 14:00:00;65.20279977244128;64.57;0.6327997724412882
2018-11-24 15:00:00;65.42752157187695;65.04;0.38752157187694536
2018-11-24 16:00:00;66.67026531797195;68.11;-1.439734682028046
2018-11-24 17:00:00;66.67096083577604;74.5;-7.829039164223957
2018-11-24 18:00:00;66.67165635358015;70.8;-4.12834364641985
2018-11-24 19:00:00;66.67235187138425;71.79;-5.117648128615755
2018-11-24 20:00:00;64.85335797905111;61.97;2.8833579790511124
2018-11-24 21:00:00;61.45859146208704;56.21;5.248591462087042
2018-11-24 22:00:00;60.3315448316666;55.04;5.291544831666599
2018-11-24 23:00:00;55.85259220498261;49.31;6.542592204982604
2018-11-25 00:00:00;51.965487460454746;51.94;0.025487460454748145
2018-11-25 01:00:00;49.8954226766084;49.86;0.03542267660839826
2018-11-25 02:00:00;49.20493789905833;50.34;-1.1350621009416741
2018-11-25 03:00:00;48.65383255338835;48.46;0.19383255338834715
2018-11-25 04:00:00;48.65269097787984;48.07;0.5826909778798424
2018-11-25 05:00:00;49.20150445733596;48.07;1.1315044573359572
2018-11-25 06:00:00;49.20035997676183;49.09;0.11035997676182774
2018-11-25 07:00:00;51.23639813838884;47.97;3.266398138388844
2018-11-25 08:00:00;54.62480752527124;54.16;0.46480752527124025
2018-11-25 09:00:00;57.51514369601436;59.06;-1.5448563039856396
2018-11-25 10:00:00;58.63329583210705;60.84;-2.2067041678929513
2018-11-25 11:00:00;60.89858824723481;63.26;-2.3614117527651857
2018-11-25 12:00:00;60.89925489544755;52.96;7.939254895447547
2018-11-25 13:00:00;58.78305860038837;49.87;8.913058600388375
2018-11-25 14:00:00;58.08406541528712;58.76;-0.675934584712877
2018-11-25 15:00:00;58.62731467626628;50.93;7.697314676266281
2018-11-25 16:00:00;60.19325657333453;61.47;-1.276743426665469
2018-11-25 17:00:00;61.614353534825725;67.65;-6.035646465174281
2018-11-25 18:00:00;61.43313201534863;65.45;-4.01686798465137
2018-11-25 19:00:00;58.78699718356688;52.95;5.836997183566879
2018-11-25 20:00:00;54.71468465030921;52.45;2.2646846503092064
2018-11-25 21:00:00;50.284678608659455;50.19;0.0946786086594571
2018-11-25 22:00:00;48.63214261872675;50.62;-1.987857381273244
2018-11-25 23:00:00;49.1809038070017;47.88;1.3009038070016956
2018-11-26 00:00:00;48.976173399499295;49.45;-0.4738266005007077
2018-11-26 01:00:00;48.72316947916461;47.91;0.813169479164614
2018-11-26 02:00:00;48.97388443835104;46.42;2.553884438351041
2018-11-26 03:00:00;48.72439470501316;45.07;3.6543947050131607
2018-11-26 04:00:00;48.72500731793745;44.8;3.9250073179374496
2018-11-26 05:00:00;48.97045099662867;48.8;0.17045099662867358
2018-11-26 06:00:00;59.63742343460317;56.94;2.6974234346031736
2018-11-26 07:00:00;66.86427236799162;79.27;-12.405727632008379
2018-11-26 08:00:00;70.29436988568484;83.08;-12.785630114315154
2018-11-26 09:00:00;77.4103053336487;81.21;-3.7996946663513
2018-11-26 10:00:00;77.40877401097764;80.25;-2.8412259890223623
2018-11-26 11:00:00;77.87909737660613;86.99;-9.11090262339387
2018-11-26 12:00:00;77.40571136563553;86.93;-9.524288634364481
2018-11-26 13:00:00;77.40418004296447;92.42;-15.015819957035532
2018-11-26 14:00:00;77.40264872029343;94.74;-17.337351279706567
2018-11-26 15:00:00;77.87295887122512;95.0;-17.127041128774877
2018-11-26 16:00:00;77.87142424487988;100.02;-22.14857575512012
2018-11-26 17:00:00;77.39805475228026;105.02;-27.621945247719736
2018-11-26 18:00:00;77.39652342960922;94.05;-16.65347657039078
2018-11-26 19:00:00;77.39499210693816;85.0;-7.605007893061838
2018-11-26 20:00:00;74.10529268447966;77.61;-3.504707315520335
2018-11-26 21:00:00;69.70421847765213;70.96;-1.25578152234786
2018-11-26 22:00:00;64.00601364312286;59.92;4.086013643122854
2018-11-26 23:00:00;61.18231403256407;56.19;4.9923140325640745
2018-11-27 00:00:00;61.203033172790704;54.18;7.023033172790704
2018-11-27 01:00:00;61.765034376294736;52.55;9.215034376294739
2018-11-27 02:00:00;61.20060846357752;52.57;8.630608463577516
2018-11-27 03:00:00;61.76260311311049;51.01;10.752603113110489
2018-11-27 04:00:00;61.19818375436434;51.55;9.64818375436434
2018-11-27 05:00:00;61.76017184992625;54.97;6.790171849926253
2018-11-27 06:00:00;68.57049922334629;71.9;-3.329500776653717
2018-11-27 07:00:00;80.24345647480436;93.03;-12.78654352519564
2018-11-27 08:00:00;80.71699406633913;100.0;-19.283005933660874
2018-11-27 09:00:00;80.71543931467454;99.0;-18.28456068532546
2018-11-27 10:00:00;80.2388023921998;93.37;-13.131197607800203
2018-11-27 11:00:00;80.23725103133161;95.0;-14.76274896866839
2018-11-27 12:00:00;80.7107750596808;88.98;-8.269224940319205
2018-11-27 13:00:00;80.23414830959524;88.21;-7.9758516904047525
2018-11-27 14:00:00;80.23259694872705;85.99;-5.757403051272945
2018-11-27 15:00:00;80.23104558785886;86.94;-6.708954412141139
2018-11-27 16:00:00;80.2294942269907;87.19;-6.960505773009302
2018-11-27 17:00:00;81.65478072350683;98.27;-16.615219276493164
2018-11-27 18:00:00;80.70144654969334;92.43;-11.728553450306663
2018-11-27 19:00:00;77.85775072414368;82.76;-4.90224927585632
2018-11-27 20:00:00;74.30864029985783;70.16;4.148640299857831
2018-11-27 21:00:00;65.13368502943162;57.55;7.583685029431621
2018-11-27 22:00:00;60.61387244338063;54.43;6.183872443380629
2018-11-27 23:00:00;53.91212227878806;50.09;3.8221222787880578
2018-11-28 00:00:00;50.80106978533602;48.97;1.8310697853360196
2018-11-28 01:00:00;50.80169128814615;47.57;3.231691288146152
2018-11-28 02:00:00;50.590851116471775;47.01;3.580851116471777
2018-11-28 03:00:00;50.58969783130505;46.28;4.309697831305051
2018-11-28 04:00:00;50.58854454613834;46.73;3.85854454613834
2018-11-28 05:00:00;52.14727468450778;48.95;3.197274684507775
2018-11-28 06:00:00;61.142287412347066;55.78;5.362287412347065
2018-11-28 07:00:00;64.01193544314005;67.76;-3.7480645568599584
2018-11-28 08:00:00;64.01261984651082;70.0;-5.987380153489184
2018-11-28 09:00:00;63.98523262919271;65.29;-1.3047673708072978
2018-11-28 10:00:00;64.01398865325235;55.22;8.793988653252356
2018-11-28 11:00:00;64.01467305662312;53.54;10.474673056623125
2018-11-28 12:00:00;63.293239124538296;52.88;10.413239124538293
2018-11-28 13:00:00;60.595736014763474;52.88;7.715736014763472
2018-11-28 14:00:00;63.97908803607321;53.21;10.769088036073207
2018-11-28 15:00:00;61.86078631119472;57.25;4.6107863111947225
2018-11-28 16:00:00;61.717624744202055;60.73;0.9876247442020585
2018-11-28 17:00:00;60.5908996337989;62.25;-1.659100366201102
2018-11-28 18:00:00;61.71519348101782;51.63;10.085193481017818
2018-11-28 19:00:00;57.22743152612446;50.42;6.807431526124461
2018-11-28 20:00:00;52.83210854143971;47.79;5.04210854143971
2018-11-28 21:00:00;49.46769446353464;46.21;3.2576944635346408
2018-11-28 22:00:00;46.17603244915613;44.91;1.2660324491561354
2018-11-28 23:00:00;40.73279905079157;38.47;2.262799050791571
2018-11-29 00:00:00;40.689228044919865;40.95;-0.26077195508013773
2018-11-29 01:00:00;40.59099734012617;36.84;3.750997340126169
2018-11-29 02:00:00;40.58989494013655;35.1;5.489894940136551
2018-11-29 03:00:00;40.69096642173548;37.57;3.1209664217354813
2018-11-29 04:00:00;40.5876901401573;39.94;0.6476901401573016
2018-11-29 05:00:00;40.58658774016768;43.69;-3.103412259832318
2018-11-29 06:00:00;47.665544825385126;52.51;-4.844455174614872
2018-11-29 07:00:00;51.5140541059825;59.71;-8.195945894017498
2018-11-29 08:00:00;51.11250254944986;61.87;-10.75749745055014
2018-11-29 09:00:00;51.11312707316948;53.75;-2.63687292683052
2018-11-29 10:00:00;51.1137515968891;57.96;-6.8462484031108986
2018-11-29 11:00:00;51.50941718380778;56.55;-5.04058281619222
2018-11-29 12:00:00;51.11500064432837;55.8;-4.6849993556716285
2018-11-29 13:00:00;51.11562516804799;56.56;-5.444374831952011
2018-11-29 14:00:00;51.50593949217674;55.67;-4.164060507823258
2018-11-29 15:00:00;51.11687421548724;56.67;-5.553125784512758
2018-11-29 16:00:00;51.50362103108939;57.09;-5.586378968910616
2018-11-29 17:00:00;51.118123262926495;59.36;-8.241876737073504
2018-11-29 18:00:00;50.398679209141626;58.7;-8.301320790858377
2018-11-29 19:00:00;47.14434807257433;55.68;-8.535651927425668
2018-11-29 20:00:00;46.49069858264197;47.88;-1.389301417358034
2018-11-29 21:00:00;43.82561367667087;45.63;-1.8043863233291333
2018-11-29 22:00:00;40.56784694034406;43.78;-3.2121530596559396
2018-11-29 23:00:00;40.56674454035444;40.31;0.2567445403544397
2018-11-30 00:00:00;40.70313505944476;36.13;4.573135059444759
2018-11-30 01:00:00;40.56453974037519;37.68;2.884539740375189
2018-11-30 02:00:00;40.56343734038556;37.53;3.033437340385561
2018-11-30 03:00:00;40.562334940395935;37.86;2.702334940395936
2018-11-30 04:00:00;40.56123254040631;39.51;1.0512325404063105
2018-11-30 05:00:00;41.34098392053648;43.05;-1.7090160794635167
2018-11-30 06:00:00;50.38483978714101;50.52;-0.1351602128589917
2018-11-30 07:00:00;57.033917887756445;66.84;-9.806082112243558
2018-11-30 08:00:00;60.76930993819859;68.02;-7.250690061801407
2018-11-30 09:00:00;60.95131198582423;68.03;-7.078688014175768
2018-11-30 10:00:00;60.95009963121764;68.19;-7.239900368782358
2018-11-30 11:00:00;60.948887276611046;67.98;-7.031112723388958
2018-11-30 12:00:00;60.94767492200445;67.2;-6.25232507799555
2018-11-30 13:00:00;60.94646256739786;67.24;-6.293537432602136
2018-11-30 14:00:00;60.94525021279127;65.3;-4.354749787208725
2018-11-30 15:00:00;60.944037858184686;64.95;-4.005962141815317
2018-11-30 16:00:00;60.94282550357809;67.24;-6.297174496421903
2018-11-30 17:00:00;60.9416131489715;72.34;-11.398386851028505
2018-11-30 18:00:00;60.94040079436491;68.92;-7.97959920563509
2018-11-30 19:00:00;60.93918843975832;63.5;-2.5608115602416817
2018-11-30 20:00:00;60.937976085151725;66.27;-5.332023914848271
2018-11-30 21:00:00;57.57529831605459;57.55;0.025298316054595205
2018-11-30 22:00:00;55.20215174852262;53.91;1.2921517485226204
2018-11-30 23:00:00;48.47694520975534;44.29;4.1869452097553435
2018-12-01 00:00:00;42.7079872712164;44.33;-1.622012728783595
2018-12-01 01:00:00;39.45774026772641;42.09;-2.632259732273596
2018-12-01 02:00:00;38.91774481214428;42.03;-3.112255187855723
2018-12-01 03:00:00;38.91774481214428;42.05;-3.132255187855719
2018-12-01 04:00:00;39.45302585884167;44.56;-5.106974141158332
2018-12-01 05:00:00;39.45302585884167;43.37;-3.9169741411583274
2018-12-01 06:00:00;42.1650381877395;42.89;-0.7249618122605028
2018-12-01 07:00:00;47.16194603491464;45.6;1.5619460349146408
2018-12-01 08:00:00;49.26388171929021;53.91;-4.646118280709786
2018-12-01 09:00:00;49.26388171929021;61.23;-11.966118280709786
2018-12-01 10:00:00;49.80264486526846;57.39;-7.587355134731538
2018-12-01 11:00:00;48.16589464166571;58.4;-10.23410535833429
2018-12-01 12:00:00;48.714613809088696;58.15;-9.435386190911302
2018-12-01 13:00:00;49.13889991437395;51.88;-2.7411000856260515
2018-12-01 14:00:00;49.26388171929021;51.02;-1.7561182807097921
2018-12-01 15:00:00;49.26388171929021;52.3;-3.036118280709786
2018-12-01 16:00:00;47.07008590491972;51.23;-4.159914095080275
2018-12-01 17:00:00;48.714613809088696;58.35;-9.635386190911305
2018-12-01 18:00:00;47.81858438313428;49.6;-1.781415616865722
2018-12-01 19:00:00;44.55809411806587;45.37;-0.8119058819341305
2018-12-01 20:00:00;39.45774026772641;37.55;1.9077402677264104
2018-12-01 21:00:00;33.24601881169659;32.05;1.1960188116965895
2018-12-01 22:00:00;31.41833725036275;34.35;-2.931662749637251
2018-12-01 23:00:00;22.49776641391877;25.0;-2.5022335860812284
2018-12-02 00:00:00;22.49776641391877;30.26;-7.76223358608123
2018-12-02 01:00:00;22.49776641391877;24.35;-1.8522335860812298
2018-12-02 02:00:00;22.49776641391877;22.58;-0.08223358608122666
2018-12-02 03:00:00;22.49776641391877;21.22;1.2777664139187728
2018-12-02 04:00:00;22.49776641391877;20.82;1.6777664139187713
2018-12-02 05:00:00;22.49776641391877;19.65;2.847766413918773
2018-12-02 06:00:00;22.49776641391877;17.07;5.427766413918771
2018-12-02 07:00:00;22.49776641391877;20.86;1.6377664139187722
2018-12-02 08:00:00;22.49776641391877;24.38;-1.8822335860812274
2018-12-02 09:00:00;29.00439558153188;30.76;-1.7556044184681205
2018-12-02 10:00:00;33.24601881169659;36.96;-3.713981188303414
2018-12-02 11:00:00;36.94820405672653;39.11;-2.161795943273468
2018-12-02 12:00:00;36.94820405672653;39.16;-2.211795943273465
2018-12-02 13:00:00;36.94820405672653;36.27;0.6782040567265284
2018-12-02 14:00:00;36.76252580596159;31.76;5.002525805961586
2018-12-02 15:00:00;36.94820405672653;30.54;6.408204056726532
2018-12-02 16:00:00;36.94820405672653;30.31;6.638204056726533
2018-12-02 17:00:00;36.94820405672653;38.37;-1.421795943273466
2018-12-02 18:00:00;36.94820405672653;38.39;-1.441795943273469
2018-12-02 19:00:00;36.76252580596159;36.28;0.48252580596158623
2018-12-02 20:00:00;36.94820405672653;36.86;0.08820405672653209
2018-12-02 21:00:00;33.85863979184481;33.41;0.44863979184481195
2018-12-02 22:00:00;36.76252580596159;37.04;-0.2774741940384118
2018-12-02 23:00:00;31.41833725036275;28.37;3.0483372503627493
2018-12-03 00:00:00;29.30300938028295;21.56;7.7430093802829525
2018-12-03 01:00:00;29.30300938028295;21.25;8.053009380282951
2018-12-03 02:00:00;28.701336425906053;21.56;7.141336425906054
2018-12-03 03:00:00;29.30300938028295;21.2;8.103009380282952
2018-12-03 04:00:00;29.30300938028295;20.64;8.66300938028295
2018-12-03 05:00:00;30.51110826957665;25.96;4.551108269576648
2018-12-03 06:00:00;44.26648286836036;47.66;-3.3935171316396335
2018-12-03 07:00:00;48.01939693027812;53.67;-5.650603069721882
2018-12-03 08:00:00;48.01939693027812;53.69;-5.670603069721878
2018-12-03 09:00:00;48.01939693027812;51.23;-3.210603069721877
2018-12-03 10:00:00;46.375071530716205;49.58;-3.204928469283793
2018-12-03 11:00:00;45.28152816280787;49.3;-4.018471837192131
2018-12-03 12:00:00;46.375071530716205;49.2;-2.8249284692837975
2018-12-03 13:00:00;48.01939693027812;49.33;-1.3106030697218785
2018-12-03 14:00:00;48.01939693027812;49.69;-1.6706030697218779
2018-12-03 15:00:00;48.01939693027812;55.58;-7.5606030697218785
2018-12-03 16:00:00;48.01939693027812;52.17;-4.150603069721882
2018-12-03 17:00:00;48.84883811529373;60.04;-11.191161884706268
2018-12-03 18:00:00;48.01939693027812;64.89;-16.87060306972188
2018-12-03 19:00:00;48.01939693027812;61.6;-13.580603069721882
2018-12-03 20:00:00;48.01939693027812;55.46;-7.440603069721881
2018-12-03 21:00:00;41.69618588308648;47.56;-5.863814116913524
2018-12-03 22:00:00;39.79003089695668;46.03;-6.239969103043322
2018-12-03 23:00:00;37.2758649700663;41.95;-4.6741350299337014
2018-12-04 00:00:00;37.13795010169903;36.22;0.9179501016990343
2018-12-04 01:00:00;37.08929256507031;31.54;5.54929256507031
2018-12-04 02:00:00;37.08929256507031;31.06;6.02929256507031
2018-12-04 03:00:00;37.08929256507031;27.97;9.11929256507031
2018-12-04 04:00:00;37.13795010169903;31.88;5.257950101699034
2018-12-04 05:00:00;37.13795010169903;39.87;-2.7320498983009642
2018-12-04 06:00:00;45.22389446898904;47.76;-2.5361055310109606
2018-12-04 07:00:00;52.92257075189265;49.4;3.5225707518926512
2018-12-04 08:00:00;57.93142607149178;54.99;2.941426071491776
2018-12-04 09:00:00;58.49103404043423;49.84;8.651034040434226
2018-12-04 10:00:00;58.91645300674622;48.81;10.106453006746214
2018-12-04 11:00:00;56.81408523492326;47.03;9.78408523492326
2018-12-04 12:00:00;55.14268809607907;46.61;8.53268809607907
2018-12-04 13:00:00;54.75741902496164;47.18;7.577419024961642
2018-12-04 14:00:00;58.21612868214137;50.97;7.246128682141368
2018-12-04 15:00:00;64.12271175564842;61.79;2.3327117556484254
2018-12-04 16:00:00;64.12271175564842;65.23;-1.1072882443515795
2018-12-04 17:00:00;64.12271175564842;70.84;-6.717288244351579
2018-12-04 18:00:00;64.12271175564842;72.43;-8.307288244351582
2018-12-04 19:00:00;64.12271175564842;70.36;-6.237288244351575
2018-12-04 20:00:00;64.12271175564842;68.14;-4.017288244351576
2018-12-04 21:00:00;62.46346141619843;60.9;1.5634614161984288
2018-12-04 22:00:00;60.32603844876871;53.87;6.456038448768716
2018-12-04 23:00:00;53.47671283130297;50.88;2.596712831302966
2018-12-05 00:00:00;50.66311596501829;48.7;1.9631159650182894
2018-12-05 01:00:00;51.214824347988845;46.95;4.264824347988842
2018-12-05 02:00:00;50.66311596501829;47.1;3.563115965018291
2018-12-05 03:00:00;51.214824347988845;46.33;4.884824347988847
2018-12-05 04:00:00;51.214824347988845;47.08;4.134824347988847
2018-12-05 05:00:00;54.53719689479832;47.08;7.457196894798322
2018-12-05 06:00:00;61.24747809266832;57.08;4.167478092668318
2018-12-05 07:00:00;64.63754158964878;67.03;-2.3924584103512245
2018-12-05 08:00:00;64.63754158964878;69.94;-5.302458410351221
2018-12-05 09:00:00;64.49133504377055;68.17;-3.678664956229454
2018-12-05 10:00:00;64.49133504377055;68.66;-4.168664956229449
2018-12-05 11:00:00;64.63754158964878;68.79;-4.15245841035123
2018-12-05 12:00:00;64.49133504377055;67.06;-2.568664956229455
2018-12-05 13:00:00;64.49133504377055;67.78;-3.2886649562294537
2018-12-05 14:00:00;64.63754158964878;68.7;-4.062458410351226
2018-12-05 15:00:00;64.63754158964878;68.77;-4.132458410351219
2018-12-05 16:00:00;64.49133504377055;67.54;-3.0486649562294588
2018-12-05 17:00:00;64.63754158964878;69.45;-4.812458410351226
2018-12-05 18:00:00;64.49133504377055;68.09;-3.598664956229456
2018-12-05 19:00:00;64.63754158964878;63.03;1.6075415896487755
2018-12-05 20:00:00;60.1227694112139;53.41;6.712769411213905
2018-12-05 21:00:00;55.31416227133938;49.21;6.104162271339376
2018-12-05 22:00:00;51.24076035693624;48.57;2.670760356936242
2018-12-05 23:00:00;49.01136617715365;46.54;2.471366177153648
2018-12-06 00:00:00;48.98712872761223;41.01;7.977128727612232
2018-12-06 01:00:00;48.98712872761223;42.26;6.727128727612232
2018-12-06 02:00:00;48.43856509460967;41.74;6.69856509460967
2018-12-06 03:00:00;48.98712872761223;41.98;7.007128727612233
2018-12-06 04:00:00;48.98712872761223;42.07;6.91712872761223
2018-12-06 05:00:00;48.43856509460967;47.7;0.7385650946096689
2018-12-06 06:00:00;58.95948349797692;54.04;4.91948349797692
2018-12-06 07:00:00;61.42183886349609;64.04;-2.6181611365039146
2018-12-06 08:00:00;61.42183886349609;67.17;-5.74816113650391
2018-12-06 09:00:00;61.76475377477022;66.95;-5.185246225229783
2018-12-06 10:00:00;61.42183886349609;67.29;-5.868161136503915
2018-12-06 11:00:00;61.42183886349609;67.07;-5.6481611365039015
2018-12-06 12:00:00;61.76475377477022;66.11;-4.345246225229779
2018-12-06 13:00:00;61.42183886349609;65.23;-3.8081611365039123
2018-12-06 14:00:00;61.76475377477022;64.23;-2.4652462252297838
2018-12-06 15:00:00;61.42183886349609;60.85;0.5718388634960903
2018-12-06 16:00:00;61.42183886349609;61.99;-0.5681611365039103
2018-12-06 17:00:00;61.42183886349609;58.55;2.8718388634960945
2018-12-06 18:00:00;60.07965789298625;55.84;4.239657892986244
2018-12-06 19:00:00;56.72668538805392;53.18;3.5466853880539233
2018-12-06 20:00:00;51.73827233253982;51.06;0.6782723325398194
2018-12-06 21:00:00;45.15848833276962;49.08;-3.9215116672303765
2018-12-06 22:00:00;40.67951041072008;46.62;-5.94048958927992
2018-12-06 23:00:00;35.67767502486896;37.87;-2.1923249751310365
2018-12-07 00:00:00;35.06080825225035;35.83;-0.7691917477496517
2018-12-07 01:00:00;35.67767502486896;32.17;3.507675024868959
2018-12-07 02:00:00;35.06080825225035;29.88;5.180808252250348
2018-12-07 03:00:00;35.06080825225035;28.59;6.470808252250347
2018-12-07 04:00:00;35.06080825225035;26.43;8.630808252250347
2018-12-07 05:00:00;35.67767502486896;33.44;2.237675024868963
2018-12-07 06:00:00;44.06933942437441;48.57;-4.500660575625588
2018-12-07 07:00:00;44.51439055649912;61.13;-16.61560944350088
2018-12-07 08:00:00;44.51439055649912;59.95;-15.43560944350088
2018-12-07 09:00:00;44.51439055649912;54.5;-9.985609443500877
2018-12-07 10:00:00;44.51439055649912;53.23;-8.715609443500874
2018-12-07 11:00:00;44.51439055649912;52.8;-8.285609443500874
2018-12-07 12:00:00;44.51439055649912;51.69;-7.175609443500875
2018-12-07 13:00:00;44.51439055649912;49.79;-5.275609443500876
2018-12-07 14:00:00;44.51439055649912;48.04;-3.5256094435008762
2018-12-07 15:00:00;44.51439055649912;46.03;-1.5156094435008782
2018-12-07 16:00:00;44.51439055649912;48.06;-3.5456094435008794
2018-12-07 17:00:00;44.51439055649912;49.0;-4.485609443500877
2018-12-07 18:00:00;44.51439055649912;48.53;-4.015609443500878
2018-12-07 19:00:00;42.439455472949234;47.22;-4.780544527050765
2018-12-07 20:00:00;35.67767502486896;40.49;-4.812324975131041
2018-12-07 21:00:00;25.689798979898;32.47;-6.780201020101998
2018-12-07 22:00:00;19.585286209833427;27.18;-7.594713790166573
2018-12-07 23:00:00;13.507171494720204;16.85;-3.3428285052797975
2018-12-08 00:00:00;3.5423596533720847;10.56;-7.017640346627916
2018-12-08 01:00:00;1.567562523329599;6.53;-4.962437476670401
2018-12-08 02:00:00;3.5423596533720847;1.34;2.202359653372085
2018-12-08 03:00:00;3.5423596533720847;-0.08;3.6223596533720848
2018-12-08 04:00:00;3.5423596533720847;0.06;3.4823596533720846
2018-12-08 05:00:00;3.5423596533720847;0.09;3.452359653372085
2018-12-08 06:00:00;3.5423596533720847;1.71;1.8323596533720847
2018-12-08 07:00:00;1.567562523329599;15.74;-14.172437476670401
2018-12-08 08:00:00;3.5423596533720847;15.88;-12.337640346627916
2018-12-08 09:00:00;3.5423596533720847;12.39;-8.847640346627916
2018-12-08 10:00:00;3.5423596533720847;6.91;-3.3676403466279154
2018-12-08 11:00:00;1.567562523329599;10.45;-8.8824374766704
2018-12-08 12:00:00;3.5423596533720847;19.03;-15.487640346627916
2018-12-08 13:00:00;3.5423596533720847;19.6;-16.057640346627917
2018-12-08 14:00:00;3.5423596533720847;20.25;-16.707640346627915
2018-12-08 15:00:00;3.5423596533720847;20.97;-17.427640346627914
2018-12-08 16:00:00;3.5423596533720847;20.94;-17.397640346627917
2018-12-08 17:00:00;3.5423596533720847;20.81;-17.267640346627914
2018-12-08 18:00:00;3.5423596533720847;25.46;-21.917640346627916
2018-12-08 19:00:00;3.5423596533720847;21.05;-17.507640346627916
2018-12-08 20:00:00;3.5423596533720847;15.84;-12.297640346627915
2018-12-08 21:00:00;3.5423596533720847;0.05;3.492359653372085
2018-12-08 22:00:00;3.5423596533720847;10.69;-7.147640346627915
2018-12-08 23:00:00;3.5423596533720847;8.5;-4.957640346627915
2018-12-09 00:00:00;1.567562523329599;-0.78;2.347562523329599
2018-12-09 01:00:00;3.5423596533720847;-1.72;5.2623596533720844
2018-12-09 02:00:00;3.5423596533720847;-8.48;12.022359653372085
2018-12-09 03:00:00;1.567562523329599;-5.08;6.647562523329599
2018-12-09 04:00:00;3.5423596533720847;-9.0;12.542359653372085
2018-12-09 05:00:00;1.567562523329599;-6.21;7.777562523329599
2018-12-09 06:00:00;3.5423596533720847;-16.62;20.162359653372086
2018-12-09 07:00:00;3.5423596533720847;-10.93;14.472359653372084
2018-12-09 08:00:00;3.5423596533720847;-4.74;8.282359653372085
2018-12-09 09:00:00;3.5423596533720847;8.33;-4.787640346627915
2018-12-09 10:00:00;3.5423596533720847;20.51;-16.967640346627917
2018-12-09 11:00:00;9.5023813479537;25.62;-16.117618652046303
2018-12-09 12:00:00;9.5023813479537;25.21;-15.707618652046301
2018-12-09 13:00:00;9.5023813479537;20.52;-11.0176186520463
2018-12-09 14:00:00;7.509599034611373;19.39;-11.880400965388628
2018-12-09 15:00:00;11.501509813789635;19.33;-7.828490186210363
2018-12-09 16:00:00;15.012784684794624;17.79;-2.7772153152053747
2018-12-09 17:00:00;14.446654555262054;21.39;-6.943345444737947
2018-12-09 18:00:00;14.446654555262054;30.93;-16.483345444737946
2018-12-09 19:00:00;15.012784684794624;19.44;-4.427215315205377
2018-12-09 20:00:00;15.012784684794624;11.69;3.322784684794625
2018-12-09 21:00:00;12.755182926829091;3.74;9.015182926829091
2018-12-09 22:00:00;13.507171494720204;19.49;-5.9828285052797945
2018-12-09 23:00:00;11.501509813789635;14.19;-2.6884901862103643
2018-12-10 00:00:00;10.793526056377026;4.96;5.833526056377026
2018-12-10 01:00:00;10.793526056377026;2.19;8.603526056377026
2018-12-10 02:00:00;10.793526056377026;0.12;10.673526056377026
2018-12-10 03:00:00;12.80521724542862;0.91;11.89521724542862
2018-12-10 04:00:00;10.793526056377026;0.06;10.733526056377025
2018-12-10 05:00:00;17.586549952466203;21.17;-3.5834500475337983
2018-12-10 06:00:00;30.53461254762705;44.51;-13.97538745237295
2018-12-10 07:00:00;39.596656151958335;55.97;-16.373343848041664
2018-12-10 08:00:00;42.984478209802646;51.18;-8.195521790197354
2018-12-10 09:00:00;42.84896646530665;52.48;-9.631033534693344
2018-12-10 10:00:00;42.984478209802646;48.89;-5.905521790197355
2018-12-10 11:00:00;42.84896646530665;39.49;3.3589664653066507
2018-12-10 12:00:00;42.84896646530665;38.09;4.758966465306649
2018-12-10 13:00:00;42.984478209802646;43.21;-0.2255217901973552
2018-12-10 14:00:00;42.84896646530665;47.94;-5.091033534693345
2018-12-10 15:00:00;42.84896646530665;51.3;-8.451033534693345
2018-12-10 16:00:00;42.84896646530665;50.59;-7.741033534693351
2018-12-10 17:00:00;42.984478209802646;50.68;-7.695521790197354
2018-12-10 18:00:00;42.984478209802646;49.14;-6.155521790197355
2018-12-10 19:00:00;42.84896646530665;49.39;-6.541033534693348
2018-12-10 20:00:00;42.84896646530665;47.73;-4.881033534693344
2018-12-10 21:00:00;40.678781451299976;39.63;1.0487814512999734
2018-12-10 22:00:00;39.80137136291639;39.59;0.21137136291638825
2018-12-10 23:00:00;36.89976784478725;38.65;-1.7502321552127498
2018-12-11 00:00:00;33.75765796508246;35.64;-1.8823420349175422
2018-12-11 01:00:00;33.75765796508246;31.87;1.8876579650824574
2018-12-11 02:00:00;34.37337027379381;35.26;-0.8866297262061877
2018-12-11 03:00:00;34.37337027379381;35.03;-0.6566297262061909
2018-12-11 04:00:00;33.75765796508246;33.49;0.26765796508245643
2018-12-11 05:00:00;38.845616934812064;33.02;5.825616934812061
2018-12-11 06:00:00;47.08838620635688;44.63;2.4583862063568773
2018-12-11 07:00:00;55.84870235546559;52.66;3.188702355465594
2018-12-11 08:00:00;58.642512793257694;57.62;1.0225127932576967
2018-12-11 09:00:00;61.43976699199851;54.06;7.379766991998508
2018-12-11 10:00:00;63.71174594067138;53.55;10.16174594067138
2018-12-11 11:00:00;66.55159418252357;59.75;6.801594182523573
2018-12-11 12:00:00;71.13260551872041;62.73;8.402605518720414
2018-12-11 13:00:00;70.55738684115346;65.06;5.497386841153457
2018-12-11 14:00:00;72.8628447091281;65.91;6.952844709128101
2018-12-11 15:00:00;73.03289812593363;67.65;5.382898125933622
2018-12-11 16:00:00;75.3748765260407;69.93;5.444876526040687
2018-12-11 17:00:00;75.3748765260407;81.36;-5.985123473959305
2018-12-11 18:00:00;75.84480330217892;75.93;-0.08519669782108963
2018-12-11 19:00:00;75.3748765260407;70.74;4.634876526040699
2018-12-11 20:00:00;75.3748765260407;68.04;7.334876526040688
2018-12-11 21:00:00;72.56601100323316;64.07;8.496011003233164
2018-12-11 22:00:00;67.12167142840514;58.48;8.64167142840514
2018-12-11 23:00:00;60.7283258663199;52.4;8.3283258663199
2018-12-12 00:00:00;59.76443903608258;50.02;9.744439036082575
2018-12-12 01:00:00;59.314629865212346;48.7;10.614629865212343
2018-12-12 02:00:00;59.76443903608258;49.01;10.75443903608258
2018-12-12 03:00:00;59.76443903608258;48.28;11.484439036082577
2018-12-12 04:00:00;59.76443903608258;48.69;11.07443903608258
2018-12-12 05:00:00;63.59304386815253;52.29;11.303043868152528
2018-12-12 06:00:00;75.84480330217892;66.47;9.374803302178918
2018-12-12 07:00:00;82.95778464542894;85.05;-2.092215354571053
2018-12-12 08:00:00;82.47972454660702;90.12;-7.640275453392988
2018-12-12 09:00:00;82.47972454660702;89.68;-7.20027545339299
2018-12-12 10:00:00;82.47972454660702;86.88;-4.400275453392979
2018-12-12 11:00:00;82.47972454660702;81.06;1.4197245466070143
2018-12-12 12:00:00;82.95778464542894;75.95;7.007784645428941
2018-12-12 13:00:00;82.47972454660702;76.41;6.06972454660702
2018-12-12 14:00:00;82.47972454660702;79.41;3.06972454660702
2018-12-12 15:00:00;82.47972454660702;82.24;0.2397245466070217
2018-12-12 16:00:00;82.47972454660702;82.18;0.29972454660700976
2018-12-12 17:00:00;82.47972454660702;89.86;-7.380275453392983
2018-12-12 18:00:00;82.95778464542894;83.45;-0.4922153545710586
2018-12-12 19:00:00;82.47972454660702;77.27;5.209724546607021
2018-12-12 20:00:00;73.44114065220147;69.99;3.451140652201474
2018-12-12 21:00:00;73.96817135094133;61.9;12.068171350941334
2018-12-12 22:00:00;66.55159418252357;52.6;13.951594182523571
2018-12-12 23:00:00;65.4135646604746;50.43;14.983564660474606
2018-12-13 00:00:00;65.40864257046697;52.89;12.518642570466966
2018-12-13 01:00:00;65.40864257046697;50.56;14.848642570466964
2018-12-13 02:00:00;65.40864257046697;49.75;15.658642570466967
2018-12-13 03:00:00;65.40864257046697;49.04;16.368642570466967
2018-12-13 04:00:00;65.40864257046697;48.24;17.168642570466965
2018-12-13 05:00:00;65.40864257046697;50.91;14.49864257046697
2018-12-13 06:00:00;69.83084805436503;61.5;8.330848054365035
2018-12-13 07:00:00;83.48269477789123;75.96;7.522694777891232
2018-12-13 08:00:00;84.92381238568035;76.49;8.433812385680355
2018-12-13 09:00:00;84.92381238568035;75.9;9.023812385680344
2018-12-13 10:00:00;84.92381238568035;75.37;9.553812385680345
2018-12-13 11:00:00;84.92381238568035;74.0;10.92381238568035
2018-12-13 12:00:00;84.92381238568035;72.98;11.943812385680346
2018-12-13 13:00:00;84.92381238568035;72.98;11.943812385680346
2018-12-13 14:00:00;84.92381238568035;74.4;10.523812385680344
2018-12-13 15:00:00;85.40535537015205;78.77;6.635355370152055
2018-12-13 16:00:00;84.92381238568035;81.33;3.5938123856803514
2018-12-13 17:00:00;85.40535537015205;88.71;-3.3046446298479424
2018-12-13 18:00:00;84.44285721771412;77.24;7.202857217714126
2018-12-13 19:00:00;84.92381238568035;77.5;7.42381238568035
2018-12-13 20:00:00;77.2964972791852;60.78;16.516497279185202
2018-12-13 21:00:00;69.83084805436503;54.29;15.540848054365036
2018-12-13 22:00:00;67.53864445010649;58.32;9.218644450106488
2018-12-13 23:00:00;67.53864445010649;51.92;15.618644450106487
2018-12-14 00:00:00;66.967415218768;49.69;17.277415218768
2018-12-14 01:00:00;67.53864445010649;48.83;18.70864445010649
2018-12-14 02:00:00;67.53864445010649;48.39;19.148644450106488
2018-12-14 03:00:00;67.53864445010649;48.94;18.59864445010649
2018-12-14 04:00:00;66.967415218768;49.69;17.277415218768
2018-12-14 05:00:00;67.53864445010649;54.13;13.408644450106486
2018-12-14 06:00:00;77.2964972791852;64.98;12.3164972791852
2018-12-14 07:00:00;93.68547278122723;77.75;15.935472781227233
2018-12-14 08:00:00;94.1783044249872;90.08;4.098304424987205
2018-12-14 09:00:00;93.68547278122723;88.93;4.755472781227226
2018-12-14 10:00:00;94.1783044249872;83.9;10.278304424987198
2018-12-14 11:00:00;93.68547278122723;84.33;9.355472781227235
2018-12-14 12:00:00;93.68547278122723;83.3;10.385472781227236
2018-12-14 13:00:00;94.1783044249872;81.81;12.368304424987201
2018-12-14 14:00:00;93.19330543933022;83.3;9.89330543933022
2018-12-14 15:00:00;94.1783044249872;83.04;11.138304424987197
2018-12-14 16:00:00;94.1783044249872;84.84;9.3383044249872
2018-12-14 17:00:00;94.1783044249872;97.29;-3.111695575012803
2018-12-14 18:00:00;93.68547278122723;83.35;10.335472781227239
2018-12-14 19:00:00;94.1783044249872;75.65;18.528304424987198
2018-12-14 20:00:00;80.14008062282792;72.51;7.6300806228279185
2018-12-14 21:00:00;76.35290810372965;60.79;15.562908103729647
2018-12-14 22:00:00;70.98140808207016;59.42;11.561408082070159
2018-12-14 23:00:00;67.61919167424303;52.88;14.739191674243024
2018-12-15 00:00:00;64.67864637048075;58.07;6.6086463704807485
2018-12-15 01:00:00;64.12190122756283;52.83;11.291901227562832
2018-12-15 02:00:00;62.42289164684426;52.12;10.302891646844266
2018-12-15 03:00:00;61.293583469618;52.74;8.553583469617998
2018-12-15 04:00:00;61.293583469618;51.25;10.043583469618
2018-12-15 05:00:00;61.85790469885989;50.78;11.07790469885989
2018-12-15 06:00:00;65.82710071664678;51.07;14.757100716646782
2018-12-15 07:00:00;68.11059627643361;52.21;15.90059627643361
2018-12-15 08:00:00;69.25669193779987;54.76;14.496691937799874
2018-12-15 09:00:00;75.03264831329975;68.4;6.63264831329974
2018-12-15 10:00:00;77.2964972791852;66.98;10.3164972791852
2018-12-15 11:00:00;73.06663614999653;68.93;4.136636149996519
2018-12-15 12:00:00;73.29169864730225;64.95;8.341698647302252
2018-12-15 13:00:00;71.55782469403825;58.71;12.847824694038245
2018-12-15 14:00:00;69.11058434914354;55.35;13.760584349143535
2018-12-15 15:00:00;68.11059627643361;53.89;14.22059627643361
2018-12-15 16:00:00;67.53864445010649;53.66;13.878644450106492
2018-12-15 17:00:00;68.36308037357871;60.32;8.04308037357871
2018-12-15 18:00:00;64.12190122756283;52.87;11.251901227562833
2018-12-15 19:00:00;60.1669168051354;48.29;11.876916805135401
2018-12-15 20:00:00;57.55394507410625;50.3;7.253945074106255
2018-12-15 21:00:00;54.10175171590228;46.92;7.18175171590228
2018-12-15 22:00:00;48.052087187630015;43.64;4.412087187630014
2018-12-15 23:00:00;46.078788791804605;36.72;9.358788791804606
2018-12-16 00:00:00;46.078788791804605;36.96;9.118788791804604
2018-12-16 01:00:00;46.078788791804605;38.81;7.268788791804603
2018-12-16 02:00:00;46.078788791804605;38.1;7.978788791804604
2018-12-16 03:00:00;46.29026039905303;38.58;7.710260399053034
2018-12-16 04:00:00;46.078788791804605;38.23;7.848788791804608
2018-12-16 05:00:00;46.29026039905303;38.42;7.870260399053031
2018-12-16 06:00:00;46.078788791804605;38.41;7.668788791804609
2018-12-16 07:00:00;46.078788791804605;37.08;8.998788791804607
2018-12-16 08:00:00;49.58761786862861;42.76;6.827617868628614
2018-12-16 09:00:00;53.41944026891915;47.42;5.999440268919152
2018-12-16 10:00:00;57.55394507410625;47.59;9.963945074106249
2018-12-16 11:00:00;63.22861251830568;50.55;12.678612518305684
2018-12-16 12:00:00;65.25800369685766;55.87;9.388003696857659
2018-12-16 13:00:00;66.39690260990582;54.24;12.15690260990582
2018-12-16 14:00:00;66.87886016933253;52.25;14.628860169332526
2018-12-16 15:00:00;66.87886016933253;53.58;13.298860169332528
2018-12-16 16:00:00;68.11059627643361;58.45;9.660596276433608
2018-12-16 17:00:00;73.53457828406614;67.01;6.524578284066138
2018-12-16 18:00:00;73.87122002628016;71.1;2.7712200262801616
2018-12-16 19:00:00;73.53457828406614;64.95;8.58457828406614
2018-12-16 20:00:00;69.83084805436503;61.61;8.220848054365035
2018-12-16 21:00:00;68.36308037357871;60.6;7.76308037357871
2018-12-16 22:00:00;66.14202901457944;50.63;15.512029014579433
2018-12-16 23:00:00;62.988549726500736;49.82;13.168549726500736
2018-12-17 00:00:00;60.71805753392846;52.08;8.63805753392846
2018-12-17 01:00:00;60.71805753392846;50.08;10.63805753392846
2018-12-17 02:00:00;58.46664822113878;49.92;8.546648221138781
2018-12-17 03:00:00;58.46664822113878;49.05;9.416648221138786
2018-12-17 04:00:00;58.46664822113878;49.47;8.996648221138784
2018-12-17 05:00:00;64.68355531411689;52.03;12.653555314116886
2018-12-17 06:00:00;69.83246738510937;65.15;4.682467385109362
2018-12-17 07:00:00;75.04215951612969;78.1;-3.057840483870308
2018-12-17 08:00:00;75.04215951612969;83.7;-8.657840483870316
2018-12-17 09:00:00;75.04215951612969;83.76;-8.717840483870319
2018-12-17 10:00:00;75.04215951612969;82.0;-6.957840483870314
2018-12-17 11:00:00;75.04215951612969;80.96;-5.917840483870307
2018-12-17 12:00:00;75.04215951612969;79.02;-3.9778404838703096
2018-12-17 13:00:00;75.04215951612969;79.01;-3.9678404838703187
2018-12-17 14:00:00;75.04215951612969;79.03;-3.9878404838703148
2018-12-17 15:00:00;75.04215951612969;78.98;-3.9378404838703176
2018-12-17 16:00:00;75.04215951612969;79.05;-4.007840483870311
2018-12-17 17:00:00;75.04215951612969;80.9;-5.857840483870319
2018-12-17 18:00:00;75.04215951612969;81.38;-6.337840483870309
2018-12-17 19:00:00;75.04215951612969;79.0;-3.9578404838703136
2018-12-17 20:00:00;71.5620497813435;75.04;-3.4779502186565026
2018-12-17 21:00:00;71.40530077427037;66.6;4.805300774270378
2018-12-17 22:00:00;65.25279459922155;58.12;7.132794599221548
2018-12-17 23:00:00;59.5910583168903;52.95;6.641058316890295
2018-12-18 00:00:00;59.5910583168903;51.16;8.4310583168903
2018-12-18 01:00:00;59.02853220451071;51.02;8.008532204510708
2018-12-18 02:00:00;59.5910583168903;49.83;9.7610583168903
2018-12-18 03:00:00;59.5910583168903;48.93;10.661058316890298
2018-12-18 04:00:00;59.5910583168903;49.0;10.591058316890297
2018-12-18 05:00:00;60.15423169585324;51.03;9.12423169585324
2018-12-18 06:00:00;70.98476183231536;58.81;12.174761832315355
2018-12-18 07:00:00;75.04215951612969;71.23;3.8121595161296824
2018-12-18 08:00:00;75.04215951612969;74.63;0.41215951612969093
2018-12-18 09:00:00;75.04215951612969;72.04;3.00215951612968
2018-12-18 10:00:00;75.04215951612969;69.68;5.36215951612968
2018-12-18 11:00:00;75.04215951612969;68.57;6.472159516129693
2018-12-18 12:00:00;75.04215951612969;66.12;8.922159516129682
2018-12-18 13:00:00;75.04215951612969;66.43;8.61215951612968
2018-12-18 14:00:00;75.04215951612969;66.87;8.172159516129682
2018-12-18 15:00:00;75.04215951612969;66.15;8.89215951612968
2018-12-18 16:00:00;75.04215951612969;65.9;9.14215951612968
2018-12-18 17:00:00;75.04215951612969;67.14;7.902159516129686
2018-12-18 18:00:00;74.46015754754107;61.05;13.410157547541075
2018-12-18 19:00:00;66.9031100435506;55.07;11.833110043550597
2018-12-18 20:00:00;61.09295345809174;53.53;7.562953458091741
2018-12-18 21:00:00;55.479426093783054;50.26;5.219426093783056
2018-12-18 22:00:00;52.060824510510045;48.42;3.6408245105100434
2018-12-18 23:00:00;46.806865065945146;43.81;2.996865065945144
2018-12-19 00:00:00;46.7209609630384;40.02;6.700960963038398
2018-12-19 01:00:00;46.806865065945146;37.97;8.836865065945148
2018-12-19 02:00:00;46.806865065945146;37.03;9.776865065945145
2018-12-19 03:00:00;46.063999783755854;35.14;10.923999783755853
2018-12-19 04:00:00;46.806865065945146;39.91;6.89686506594515
2018-12-19 05:00:00;46.806865065945146;42.41;4.39686506594515
2018-12-19 06:00:00;52.060824510510045;47.3;4.760824510510048
2018-12-19 07:00:00;60.3809988153779;52.45;7.930998815377897
2018-12-19 08:00:00;65.25279459922155;56.37;8.882794599221548
2018-12-19 09:00:00;67.53682780894056;57.97;9.566827808940559
2018-12-19 10:00:00;66.96474639885471;58.35;8.614746398854713
2018-12-19 11:00:00;68.683172618623;69.7;-1.0168273813769986
2018-12-19 12:00:00;68.683172618623;69.19;-0.5068273813769935
2018-12-19 13:00:00;68.683172618623;69.89;-1.2068273813769963
2018-12-19 14:00:00;68.683172618623;69.76;-1.0768273813770008
2018-12-19 15:00:00;68.683172618623;69.03;-0.34682738137699687
2018-12-19 16:00:00;68.683172618623;69.35;-0.66682738137699
2018-12-19 17:00:00;68.683172618623;69.63;-0.9468273813769912
2018-12-19 18:00:00;68.683172618623;69.8;-1.116827381376993
2018-12-19 19:00:00;68.683172618623;69.08;-0.396827381376994
2018-12-19 20:00:00;68.683172618623;66.96;1.7231726186230105
2018-12-19 21:00:00;64.69969650163723;55.58;9.119696501637236
2018-12-19 22:00:00;61.09295345809174;51.63;9.46295345809174
2018-12-19 23:00:00;55.66668418056294;50.08;5.586684180562941
2018-12-20 00:00:00;54.10409253414531;47.62;6.4840925341453115
2018-12-20 01:00:00;54.55101960380065;48.18;6.371019603800647
2018-12-20 02:00:00;54.55101960380065;48.35;6.2010196038006455
2018-12-20 03:00:00;54.10409253414531;47.5;6.604092534145309
2018-12-20 04:00:00;54.55101960380065;47.72;6.831019603800648
2018-12-20 05:00:00;55.108548069592615;47.19;7.918548069592617
2018-12-20 06:00:00;64.68355531411689;54.37;10.31355531411689
2018-12-20 07:00:00;68.683172618623;66.29;2.393172618622998
2018-12-20 08:00:00;68.683172618623;68.49;0.19317261862300938
2018-12-20 09:00:00;68.683172618623;68.4;0.2831726186229986
2018-12-20 10:00:00;68.683172618623;66.6;2.08317261862301
2018-12-20 11:00:00;68.683172618623;66.53;2.153172618623003
2018-12-20 12:00:00;68.683172618623;64.8;3.883172618623007
2018-12-20 13:00:00;68.683172618623;64.79;3.893172618622998
2018-12-20 14:00:00;67.64445705986658;64.07;3.574457059866589
2018-12-20 15:00:00;68.683172618623;64.33;4.353172618623006
2018-12-20 16:00:00;68.683172618623;60.78;7.903172618623003
2018-12-20 17:00:00;68.683172618623;57.97;10.713172618623005
2018-12-20 18:00:00;68.38933404806181;57.73;10.659334048061815
2018-12-20 19:00:00;63.247411361938056;55.75;7.497411361938056
2018-12-20 20:00:00;58.46664822113878;49.6;8.866648221138782
2018-12-20 21:00:00;55.108548069592615;47.79;7.318548069592616
2018-12-20 22:00:00;53.994094060070566;49.83;4.164094060070568
2018-12-20 23:00:00;46.25791074044454;45.85;0.40791074044453524
2018-12-21 00:00:00;41.88529760794452;45.76;-3.8747023920554753
2018-12-21 01:00:00;38.97831140125102;45.03;-6.0516885987489815
2018-12-21 02:00:00;39.16900439879208;42.9;-3.7309956012079155
2018-12-21 03:00:00;38.97831140125102;38.03;0.9483114012510185
2018-12-21 04:00:00;38.97831140125102;39.98;-1.0016885987489772
2018-12-21 05:00:00;39.16900439879208;42.8;-3.630995601207914
2018-12-21 06:00:00;45.40927036502299;47.55;-2.1407296349770064
2018-12-21 07:00:00;49.00814002281304;62.77;-13.761859977186965
2018-12-21 08:00:00;49.37174979261666;62.81;-13.43825020738334
2018-12-21 09:00:00;49.00814002281304;56.91;-7.901859977186959
2018-12-21 10:00:00;49.37174979261666;58.12;-8.748250207383336
2018-12-21 11:00:00;49.00814002281304;59.31;-10.301859977186965
2018-12-21 12:00:00;48.70554685885978;61.93;-13.224453141140216
2018-12-21 13:00:00;46.25791074044454;56.34;-10.082089259555467
2018-12-21 14:00:00;42.975335310562535;54.34;-11.364664689437468
2018-12-21 15:00:00;40.25403128787862;52.8;-12.545968712121379
2018-12-21 16:00:00;39.61230509299441;53.19;-13.577694907005586
2018-12-21 17:00:00;39.61230509299441;54.42;-14.80769490700559
2018-12-21 18:00:00;35.4929214929215;53.13;-17.637078507078506
2018-12-21 19:00:00;31.25136513651366;49.71;-18.458634863486342
2018-12-21 20:00:00;23.69552739289989;45.33;-21.634472607100108
2018-12-21 21:00:00;20.754211705781245;40.03;-19.275788294218756
2018-12-21 22:00:00;20.754211705781245;37.73;-16.975788294218752
2018-12-21 23:00:00;20.754211705781245;30.06;-9.305788294218754
2018-12-22 00:00:00;20.754211705781245;-5.36;26.114211705781244
2018-12-22 01:00:00;20.754211705781245;3.57;17.184211705781244
2018-12-22 02:00:00;20.754211705781245;-0.06;20.814211705781243
2018-12-22 03:00:00;20.754211705781245;-0.1;20.854211705781246
2018-12-22 04:00:00;20.754211705781245;-0.77;21.524211705781244
2018-12-22 05:00:00;20.754211705781245;9.32;11.434211705781244
2018-12-22 06:00:00;21.339746192878437;16.58;4.759746192878438
2018-12-22 07:00:00;29.686336625192265;34.56;-4.873663374807737
2018-12-22 08:00:00;39.16900439879208;45.36;-6.190995601207916
2018-12-22 09:00:00;40.886173269956096;47.92;-7.033826730043906
2018-12-22 10:00:00;40.886173269956096;48.44;-7.553826730043902
2018-12-22 11:00:00;40.886173269956096;53.08;-12.193826730043902
2018-12-22 12:00:00;40.886173269956096;51.92;-11.033826730043906
2018-12-22 13:00:00;40.886173269956096;52.61;-11.723826730043903
2018-12-22 14:00:00;41.3410405105976;51.97;-10.628959489402398
2018-12-22 15:00:00;40.886173269956096;53.78;-12.893826730043905
2018-12-22 16:00:00;40.886173269956096;55.04;-14.153826730043903
2018-12-22 17:00:00;40.886173269956096;56.52;-15.633826730043907
2018-12-22 18:00:00;40.886173269956096;57.07;-16.183826730043904
2018-12-22 19:00:00;40.886173269956096;58.4;-17.513826730043903
2018-12-22 20:00:00;40.886173269956096;51.92;-11.033826730043906
2018-12-22 21:00:00;39.16900439879208;50.11;-10.940995601207916
2018-12-22 22:00:00;38.34624399084543;47.08;-8.733756009154568
2018-12-22 23:00:00;29.686336625192265;39.94;-10.253663374807733
2018-12-23 00:00:00;26.073921347338985;43.33;-17.256078652661014
2018-12-23 01:00:00;26.073921347338985;32.1;-6.026078652661017
2018-12-23 02:00:00;26.67218041121742;28.34;-1.6678195887825815
2018-12-23 03:00:00;26.073921347338985;24.72;1.3539213473389857
2018-12-23 04:00:00;26.073921347338985;23.0;3.0739213473389846
2018-12-23 05:00:00;26.073921347338985;14.81;11.263921347338984
2018-12-23 06:00:00;26.67218041121742;12.03;14.642180411217419
2018-12-23 07:00:00;26.67218041121742;24.01;2.6621804112174168
2018-12-23 08:00:00;26.073921347338985;29.9;-3.826078652661014
2018-12-23 09:00:00;29.08039524233063;39.16;-10.079604757669365
2018-12-23 10:00:00;30.29387135929811;40.38;-10.086128640701894
2018-12-23 11:00:00;33.367351888909106;46.14;-12.772648111090895
2018-12-23 12:00:00;35.4929214929215;49.59;-14.097078507078507
2018-12-23 13:00:00;35.4929214929215;48.0;-12.507078507078504
2018-12-23 14:00:00;35.4929214929215;46.39;-10.897078507078504
2018-12-23 15:00:00;35.4929214929215;51.6;-16.107078507078505
2018-12-23 16:00:00;35.4929214929215;55.99;-20.497078507078506
2018-12-23 17:00:00;35.4929214929215;63.36;-27.867078507078503
2018-12-23 18:00:00;35.4929214929215;64.8;-29.3070785070785
2018-12-23 19:00:00;35.4929214929215;64.72;-29.227078507078502
2018-12-23 20:00:00;35.4929214929215;60.92;-25.427078507078505
2018-12-23 21:00:00;35.4929214929215;53.99;-18.497078507078506
2018-12-23 22:00:00;35.4929214929215;54.42;-18.927078507078505
2018-12-23 23:00:00;31.25136513651366;52.32;-21.06863486348634
2018-12-24 00:00:00;28.476027837379835;43.01;-14.533972162620163
2018-12-24 01:00:00;27.873215349815567;39.93;-12.056784650184433
2018-12-24 02:00:00;27.873215349815567;36.85;-8.976784650184435
2018-12-24 03:00:00;27.873215349815567;33.17;-5.296784650184435
2018-12-24 04:00:00;27.873215349815567;34.37;-6.496784650184431
2018-12-24 05:00:00;27.873215349815567;38.04;-10.166784650184432
2018-12-24 06:00:00;27.873215349815567;39.99;-12.116784650184435
2018-12-24 07:00:00;33.356146087270176;49.09;-15.733853912729828
2018-12-24 08:00:00;35.4929214929215;52.9;-17.407078507078502
2018-12-24 09:00:00;35.4929214929215;53.39;-17.897078507078504
2018-12-24 10:00:00;35.21394315868288;53.1;-17.88605684131712
2018-12-24 11:00:00;35.21394315868288;52.88;-17.666056841317122
2018-12-24 12:00:00;35.21394315868288;52.97;-17.75605684131712
2018-12-24 13:00:00;35.4929214929215;52.46;-16.967078507078504
2018-12-24 14:00:00;35.21394315868288;52.44;-17.226056841317117
2018-12-24 15:00:00;35.4929214929215;52.9;-17.407078507078502
2018-12-24 16:00:00;35.21394315868288;53.24;-18.02605684131712
2018-12-24 17:00:00;35.4929214929215;52.61;-17.117078507078503
2018-12-24 18:00:00;35.4929214929215;51.31;-15.817078507078506
2018-12-24 19:00:00;35.21394315868288;50.74;-15.526056841317121
2018-12-24 20:00:00;33.356146087270176;49.76;-16.403853912729822
2018-12-24 21:00:00;31.51379997744176;48.53;-17.01620002255824
2018-12-24 22:00:00;31.51379997744176;48.38;-16.866200022558242
2018-12-24 23:00:00;24.957991505207428;31.88;-6.922008494792571
2018-12-25 00:00:00;18.74086622621266;23.79;-5.049133773787339
2018-12-25 01:00:00;18.74086622621266;0.09;18.65086622621266
2018-12-25 02:00:00;18.74086622621266;-0.04;18.78086622621266
2018-12-25 03:00:00;18.74086622621266;7.94;10.800866226212658
2018-12-25 04:00:00;18.74086622621266;12.48;6.260866226212659
2018-12-25 05:00:00;18.74086622621266;0.72;18.02086622621266
2018-12-25 06:00:00;19.005544940752007;-7.3;26.305544940752007
2018-12-25 07:00:00;18.74086622621266;-5.68;24.42086622621266
2018-12-25 08:00:00;18.74086622621266;20.34;-1.5991337737873401
2018-12-25 09:00:00;18.74086622621266;24.85;-6.109133773787342
2018-12-25 10:00:00;18.74086622621266;14.93;3.81086622621266
2018-12-25 11:00:00;21.339746192878437;24.68;-3.340253807121563
2018-12-25 12:00:00;23.69552739289989;26.49;-2.794472607100108
2018-12-25 13:00:00;19.005544940752007;5.81;13.195544940752008
2018-12-25 14:00:00;19.587126241497025;3.91;15.677126241497024
2018-12-25 15:00:00;21.339746192878437;17.99;3.3497461928784382
2018-12-25 16:00:00;23.69552739289989;25.4;-1.704472607100108
2018-12-25 17:00:00;23.69552739289989;29.49;-5.794472607100108
2018-12-25 18:00:00;23.69552739289989;41.79;-18.09447260710011
2018-12-25 19:00:00;23.69552739289989;42.4;-18.704472607100108
2018-12-25 20:00:00;23.69552739289989;42.53;-18.83447260710011
2018-12-25 21:00:00;22.877484015897707;36.23;-13.35251598410229
2018-12-25 22:00:00;22.51487625757135;39.94;-17.42512374242865
2018-12-25 23:00:00;18.74086622621266;27.4;-8.659133773787339
2018-12-26 00:00:00;18.74086622621266;25.04;-6.299133773787339
2018-12-26 01:00:00;18.74086622621266;24.57;-5.8291337737873405
2018-12-26 02:00:00;19.005544940752007;21.71;-2.7044550592479943
2018-12-26 03:00:00;18.74086622621266;23.68;-4.93913377378734
2018-12-26 04:00:00;18.74086622621266;20.99;-2.2491337737873387
2018-12-26 05:00:00;19.005544940752007;28.51;-9.504455059247995
2018-12-26 06:00:00;22.877484015897707;28.99;-6.112515984102291
2018-12-26 07:00:00;29.08039524233063;46.48;-17.399604757669366
2018-12-26 08:00:00;32.12623423098697;49.35;-17.223765769013035
2018-12-26 09:00:00;33.367351888909106;51.1;-17.732648111090896
2018-12-26 10:00:00;35.4929214929215;53.14;-17.647078507078504
2018-12-26 11:00:00;35.4929214929215;54.88;-19.387078507078506
2018-12-26 12:00:00;38.34624399084543;54.25;-15.90375600915457
2018-12-26 13:00:00;34.59292443510601;51.81;-17.21707556489399
2018-12-26 14:00:00;35.4929214929215;51.33;-15.837078507078502
2018-12-26 15:00:00;38.62722535054007;51.92;-13.292774649459929
2018-12-26 16:00:00;38.97831140125102;58.13;-19.151688598748983
2018-12-26 17:00:00;40.79728629424853;66.59;-25.792713705751474
2018-12-26 18:00:00;40.79728629424853;68.42;-27.622713705751472
2018-12-26 19:00:00;40.25403128787862;69.8;-29.54596871212138
2018-12-26 20:00:00;40.25403128787862;62.3;-22.04596871212138
2018-12-26 21:00:00;38.97831140125102;59.93;-20.95168859874898
2018-12-26 22:00:00;39.61230509299441;62.34;-22.727694907005592
2018-12-26 23:00:00;36.46135220711472;52.4;-15.938647792885277
2018-12-27 00:00:00;33.367351888909106;47.41;-14.042648111090891
2018-12-27 01:00:00;32.12623423098697;47.1;-14.973765769013035
2018-12-27 02:00:00;32.12623423098697;46.74;-14.613765769013035
2018-12-27 03:00:00;32.12623423098697;45.03;-12.903765769013035
2018-12-27 04:00:00;32.12623423098697;46.02;-13.893765769013037
2018-12-27 05:00:00;37.71607792434021;49.18;-11.463922075659788
2018-12-27 06:00:00;42.43006129339026;51.03;-8.599938706609741
2018-12-27 07:00:00;45.40927036502299;58.89;-13.48072963497701
2018-12-27 08:00:00;50.71136579979695;64.96;-14.248634200203043
2018-12-27 09:00:00;49.37174979261666;64.61;-15.238250207383338
2018-12-27 10:00:00;49.55984395571313;59.01;-9.45015604428687
2018-12-27 11:00:00;49.00814002281304;58.45;-9.441859977186965
2018-12-27 12:00:00;51.38484730214778;66.14;-14.755152697852218
2018-12-27 13:00:00;50.66494373965994;65.0;-14.33505626034006
2018-12-27 14:00:00;51.772328339089725;65.51;-13.73767166091028
2018-12-27 15:00:00;51.772328339089725;68.11;-16.337671660910274
2018-12-27 16:00:00;51.772328339089725;69.22;-17.447671660910274
2018-12-27 17:00:00;51.772328339089725;70.74;-18.96767166091027
2018-12-27 18:00:00;51.772328339089725;71.97;-20.197671660910274
2018-12-27 19:00:00;51.772328339089725;71.25;-19.477671660910275
2018-12-27 20:00:00;51.772328339089725;70.0;-18.227671660910275
2018-12-27 21:00:00;51.772328339089725;62.56;-10.787671660910277
2018-12-27 22:00:00;50.11211042613876;64.62;-14.507889573861242
2018-12-27 23:00:00;48.04170274301244;56.81;-8.768297256987559
2018-12-28 00:00:00;44.10638602860486;50.04;-5.93361397139514
2018-12-28 01:00:00;41.52609985899525;50.0;-8.473900141004748
2018-12-28 02:00:00;40.886173269956096;49.19;-8.303826730043902
2018-12-28 03:00:00;41.3410405105976;48.51;-7.168959489402397
2018-12-28 04:00:00;40.886173269956096;48.07;-7.183826730043904
2018-12-28 05:00:00;42.81207179099074;49.82;-7.007928209009258
2018-12-28 06:00:00;46.806865065945146;52.03;-5.223134934054855
2018-12-28 07:00:00;49.55984395571313;62.63;-13.070156044286875
2018-12-28 08:00:00;51.772328339089725;65.77;-13.997671660910271
2018-12-28 09:00:00;51.772328339089725;67.1;-15.32767166091027
2018-12-28 10:00:00;51.772328339089725;66.27;-14.497671660910271
2018-12-28 11:00:00;51.772328339089725;66.36;-14.587671660910274
2018-12-28 12:00:00;51.772328339089725;63.42;-11.647671660910277
2018-12-28 13:00:00;50.66494373965994;63.92;-13.255056260340062
2018-12-28 14:00:00;51.772328339089725;64.64;-12.867671660910275
2018-12-28 15:00:00;51.772328339089725;63.35;-11.577671660910276
2018-12-28 16:00:00;51.772328339089725;66.01;-14.23767166091028
2018-12-28 17:00:00;51.772328339089725;67.98;-16.20767166091028
2018-12-28 18:00:00;51.772328339089725;70.16;-18.38767166091027
2018-12-28 19:00:00;51.772328339089725;68.93;-17.15767166091028
2018-12-28 20:00:00;51.772328339089725;66.0;-14.227671660910275
2018-12-28 21:00:00;51.772328339089725;59.91;-8.137671660910271
2018-12-28 22:00:00;49.55984395571313;54.0;-4.440156044286873
2018-12-28 23:00:00;43.52112344006679;51.01;-7.48887655993321
2018-12-29 00:00:00;40.886173269956096;56.69;-15.803826730043902
2018-12-29 01:00:00;40.79728629424853;49.87;-9.072713705751468
2018-12-29 02:00:00;39.711271856113626;48.9;-9.188728143886372
2018-12-29 03:00:00;37.71607792434021;47.15;-9.433922075659787
2018-12-29 04:00:00;36.46135220711472;46.79;-10.328647792885278
2018-12-29 05:00:00;40.24825044152355;47.21;-6.961749558476448
2018-12-29 06:00:00;44.06742949994388;48.01;-3.942570500056121
2018-12-29 07:00:00;44.10638602860486;50.02;-5.913613971395144
2018-12-29 08:00:00;42.1680569571104;52.26;-10.091943042889596
2018-12-29 09:00:00;45.40927036502299;60.41;-15.000729634977006
2018-12-29 10:00:00;46.063999783755854;62.01;-15.946000216244144
2018-12-29 11:00:00;43.52112344006679;60.09;-16.568876559933216
2018-12-29 12:00:00;44.10638602860486;58.97;-14.86361397139514
2018-12-29 13:00:00;43.52112344006679;54.91;-11.388876559933209
2018-12-29 14:00:00;41.88529760794452;51.14;-9.254702392055478
2018-12-29 15:00:00;41.52609985899525;50.79;-9.263900141004747
2018-12-29 16:00:00;41.88529760794452;51.28;-9.394702392055478
2018-12-29 17:00:00;41.3410405105976;52.89;-11.5489594894024
2018-12-29 18:00:00;39.61230509299441;52.0;-12.387694907005589
2018-12-29 19:00:00;35.83674478808179;48.35;-12.513255211918214
2018-12-29 20:00:00;29.1446641724568;39.76;-10.615335827543198
2018-12-29 21:00:00;25.47714396332052;25.45;0.02714396332051905
2018-12-29 22:00:00;22.877484015897707;24.84;-1.9625159841022928
2018-12-29 23:00:00;10.558761206193964;-3.71;14.268761206193965
2018-12-30 00:00:00;8.530975832929645;13.75;-5.219024167070355
2018-12-30 01:00:00;8.530975832929645;0.02;8.510975832929645
2018-12-30 02:00:00;8.530975832929645;5.88;2.650975832929645
2018-12-30 03:00:00;8.530975832929645;2.09;6.440975832929645
2018-12-30 04:00:00;8.530975832929645;1.36;7.170975832929645
2018-12-30 05:00:00;8.530975832929645;-9.9;18.430975832929647
2018-12-30 06:00:00;8.530975832929645;-16.77;25.300975832929645
2018-12-30 07:00:00;8.530975832929645;-19.43;27.960975832929645
2018-12-30 08:00:00;16.69195278282186;30.94;-14.24804721717814
2018-12-30 09:00:00;20.805189620758487;42.1;-21.294810379241515
2018-12-30 10:00:00;21.926629124499726;49.54;-27.613370875500273
2018-12-30 11:00:00;24.881830671321456;51.16;-26.27816932867854
2018-12-30 12:00:00;27.873215349815567;51.16;-23.28678465018443
2018-12-30 13:00:00;27.04696408628696;49.64;-22.59303591371304
2018-12-30 14:00:00;31.25136513651366;46.19;-14.938634863486339
2018-12-30 15:00:00;33.367351888909106;47.64;-14.272648111090895
2018-12-30 16:00:00;33.97366611857197;48.33;-14.356333881428029
2018-12-30 17:00:00;40.24825044152355;58.4;-18.151749558476446
2018-12-30 18:00:00;41.52609985899525;62.43;-20.903900141004748
2018-12-30 19:00:00;41.52609985899525;62.94;-21.413900141004746
2018-12-30 20:00:00;41.52609985899525;62.42;-20.89390014100475
2018-12-30 21:00:00;41.52609985899525;54.28;-12.753900141004749
2018-12-30 22:00:00;41.3410405105976;55.63;-14.288959489402401
2018-12-30 23:00:00;39.711271856113626;55.0;-15.288728143886374
2018-12-31 00:00:00;35.21394315868288;50.94;-15.726056841317117
2018-12-31 01:00:00;32.74034258849649;49.57;-16.82965741150351
2018-12-31 02:00:00;33.356146087270176;48.32;-14.963853912729824
2018-12-31 03:00:00;32.74034258849649;45.89;-13.149657411503512
2018-12-31 04:00:00;33.356146087270176;45.47;-12.113853912729823
2018-12-31 05:00:00;33.367351888909106;47.11;-13.742648111090894
2018-12-31 06:00:00;37.08778869289837;49.12;-12.032211307101626
2018-12-31 07:00:00;40.79728629424853;53.79;-12.99271370575147
2018-12-31 08:00:00;41.52609985899525;57.47;-15.943900141004747
2018-12-31 09:00:00;43.52112344006679;61.52;-17.998876559933215
2018-12-31 10:00:00;44.06742949994388;62.64;-18.572570500056123
2018-12-31 11:00:00;42.43006129339026;64.56;-22.129938706609742
2018-12-31 12:00:00;42.81207179099074;65.01;-22.197928209009262
2018-12-31 13:00:00;42.43006129339026;63.91;-21.479938706609737
2018-12-31 14:00:00;42.81207179099074;59.68;-16.867928209009257
2018-12-31 15:00:00;43.52112344006679;56.6;-13.078876559933214
2018-12-31 16:00:00;43.45817207628054;63.28;-19.82182792371946
2018-12-31 17:00:00;43.52112344006679;68.01;-24.488876559933217
2018-12-31 18:00:00;43.52112344006679;66.98;-23.458876559933216
2018-12-31 19:00:00;40.25403128787862;58.28;-18.025968712121383
2018-12-31 20:00:00;37.71607792434021;50.01;-12.293922075659786
2018-12-31 21:00:00;34.59292443510601;45.06;-10.467075564893989
2018-12-31 22:00:00;34.59292443510601;48.93;-14.337075564893986
2018-12-31 23:00:00;34.59292443510601;30.31;4.282924435106015
