Start date;End date;Germany/Luxembourg [€/MWh] Calculated resolutions;Belgium [€/MWh] Calculated resolutions;Denmark 1 [€/MWh] Calculated resolutions;Denmark 2 [€/MWh] Calculated resolutions;France [€/MWh] Calculated resolutions;Netherlands [€/MWh] Calculated resolutions;Norway 2 [€/MWh] Calculated resolutions;Austria [€/MWh] Calculated resolutions;Poland [€/MWh] Calculated resolutions;Sweden 4 [€/MWh] Calculated resolutions;Switzerland [€/MWh] Calculated resolutions;Czech Republic [€/MWh] Calculated resolutions;DE/AT/LU [€/MWh] Calculated resolutions;Northern Italy [€/MWh] Calculated resolutions;Slovenia [€/MWh] Calculated resolutions;Hungary [€/MWh] Calculated resolutions
Jan 1, 2018 12:00 AM;Jan 1, 2018 1:00 AM;-;14.16;21.80;26.33;6.74;27.20;26.33;-;-;26.33;36.99;-10.00;-5.27;45.73;4.90;4.29
Jan 1, 2018 1:00 AM;Jan 1, 2018 2:00 AM;-;4.74;26.43;26.43;4.74;27.30;26.43;-;-;26.43;31.08;-19.00;-29.99;44.16;3.00;0.22
Jan 1, 2018 2:00 AM;Jan 1, 2018 3:00 AM;-;3.66;26.10;26.10;3.66;30.10;26.10;-;-;26.10;29.17;-20.10;-56.65;42.24;1.00;0.21
Jan 1, 2018 3:00 AM;Jan 1, 2018 4:00 AM;-;1.26;24.70;24.70;1.26;20.87;24.70;-;-;24.70;21.96;-26.90;-63.14;39.29;1.00;0.07
Jan 1, 2018 4:00 AM;Jan 1, 2018 5:00 AM;-;-20.10;24.74;24.74;-20.10;25.56;24.74;-;-;24.74;14.96;-27.50;-64.62;36.00;-42.50;-17.44
Jan 1, 2018 5:00 AM;Jan 1, 2018 6:00 AM;-;-31.82;18.01;18.01;-31.82;25.58;24.76;-;-;18.01;-5.92;-34.00;-67.00;41.99;-67.00;-25.97
Jan 1, 2018 6:00 AM;Jan 1, 2018 7:00 AM;-;-28.66;10.18;10.18;-28.66;25.81;24.98;-;-;17.78;-6.10;-35.00;-72.54;42.25;-72.54;0.03
Jan 1, 2018 7:00 AM;Jan 1, 2018 8:00 AM;-;-13.71;17.80;17.80;-13.71;29.90;25.71;-;-;17.80;-10.02;-30.00;-76.01;44.97;-76.01;0.03
Jan 1, 2018 8:00 AM;Jan 1, 2018 9:00 AM;-;-19.33;19.76;19.76;-4.14;26.33;25.48;-;-;19.76;-5.71;-35.00;-71.45;45.00;-50.00;0.08
Jan 1, 2018 9:00 AM;Jan 1, 2018 10:00 AM;-;-15.78;20.73;20.73;2.03;26.38;25.54;-;-;20.73;-1.88;-21.00;-66.88;44.94;0.15;0.11
Jan 1, 2018 10:00 AM;Jan 1, 2018 11:00 AM;-;-12.05;24.76;24.76;-15.51;29.90;26.07;-;-;24.76;-10.48;-4.01;-62.00;45.04;0.15;0.21
Jan 1, 2018 11:00 AM;Jan 1, 2018 12:00 PM;-;-0.42;25.68;25.68;-0.42;34.90;26.12;-;-;25.68;-6.79;-2.00;-56.08;46.67;0.15;0.21
Jan 1, 2018 12:00 PM;Jan 1, 2018 1:00 PM;-;2.30;16.56;19.99;2.30;35.80;26.16;-;-;24.09;8.57;-4.01;-49.96;46.99;-19.01;0.21
Jan 1, 2018 1:00 PM;Jan 1, 2018 2:00 PM;-;2.30;13.21;25.01;2.30;40.40;26.19;-;-;25.01;8.53;-2.01;-24.29;44.16;-17.01;0.21
Jan 1, 2018 2:00 PM;Jan 1, 2018 3:00 PM;-;13.76;9.15;25.81;5.00;34.15;26.19;-;-;25.81;8.52;1.85;-5.59;45.26;-5.59;2.15
Jan 1, 2018 3:00 PM;Jan 1, 2018 4:00 PM;-;15.43;13.29;26.46;8.56;31.00;26.46;-;-;26.46;8.60;6.03;0.23;47.84;0.23;6.03
Jan 1, 2018 4:00 PM;Jan 1, 2018 5:00 PM;-;25.46;27.03;27.03;9.42;30.00;27.03;-;-;27.03;16.98;15.00;11.02;50.10;11.02;15.00
Jan 1, 2018 5:00 PM;Jan 1, 2018 6:00 PM;-;32.70;27.43;27.43;12.46;34.30;27.43;-;-;27.43;37.43;22.38;23.50;54.30;23.50;22.38
Jan 1, 2018 6:00 PM;Jan 1, 2018 7:00 PM;-;32.70;27.29;27.29;15.93;30.50;27.29;-;-;27.29;41.19;25.99;22.91;51.91;22.91;25.99
Jan 1, 2018 7:00 PM;Jan 1, 2018 8:00 PM;-;23.42;26.96;26.96;22.02;32.00;26.96;-;-;26.96;44.61;26.54;21.02;51.38;21.02;26.54
Jan 1, 2018 8:00 PM;Jan 1, 2018 9:00 PM;-;20.34;26.70;26.70;20.00;32.00;26.70;-;-;26.70;40.67;28.70;21.05;49.20;21.05;28.70
Jan 1, 2018 9:00 PM;Jan 1, 2018 10:00 PM;-;21.95;26.47;26.47;21.95;27.34;26.47;-;-;26.47;39.42;26.00;21.95;45.73;21.95;26.00
Jan 1, 2018 10:00 PM;Jan 1, 2018 11:00 PM;-;23.52;26.09;26.09;23.52;27.40;26.09;-;-;26.09;36.06;25.02;23.52;44.84;23.52;25.02
Jan 1, 2018 11:00 PM;Jan 2, 2018 12:00 AM;-;16.35;24.88;24.88;16.35;23.79;25.02;-;-;24.88;32.98;17.35;18.96;38.11;18.96;17.35
Jan 2, 2018 12:00 AM;Jan 2, 2018 1:00 AM;-;13.02;18.12;18.12;14.43;25.07;25.90;-;-;25.28;36.39;17.99;18.12;19.19;18.12;17.99
Jan 2, 2018 1:00 AM;Jan 2, 2018 2:00 AM;-;8.45;14.99;14.99;10.26;23.19;25.52;-;-;23.16;36.54;16.91;14.99;14.99;14.99;16.91
Jan 2, 2018 2:00 AM;Jan 2, 2018 3:00 AM;-;5.09;17.79;17.79;7.48;25.03;25.86;-;-;24.78;30.97;13.92;13.63;11.00;11.00;13.92
Jan 2, 2018 3:00 AM;Jan 2, 2018 4:00 AM;-;1.64;24.51;24.51;4.52;24.76;25.58;-;-;25.03;19.98;10.27;12.15;10.00;10.00;10.27
Jan 2, 2018 4:00 AM;Jan 2, 2018 5:00 AM;-;1.41;11.83;17.82;4.24;24.91;25.73;-;-;25.73;21.60;12.70;11.83;11.83;11.83;12.70
Jan 2, 2018 5:00 AM;Jan 2, 2018 6:00 AM;-;8.36;14.55;26.84;8.36;25.98;26.84;-;-;26.84;38.40;17.99;14.55;14.99;14.55;17.99
Jan 2, 2018 6:00 AM;Jan 2, 2018 7:00 AM;-;22.58;22.58;27.80;22.58;22.58;27.80;-;-;27.80;41.04;27.65;22.58;40.60;22.58;27.65
Jan 2, 2018 7:00 AM;Jan 2, 2018 8:00 AM;-;41.92;41.92;41.92;41.92;41.92;30.50;-;-;30.50;44.92;35.97;41.92;46.99;41.92;35.97
Jan 2, 2018 8:00 AM;Jan 2, 2018 9:00 AM;-;47.95;47.95;47.95;47.95;47.95;31.93;-;-;31.93;49.05;39.80;47.95;47.95;47.95;39.80
Jan 2, 2018 9:00 AM;Jan 2, 2018 10:00 AM;-;49.90;38.02;38.02;49.90;49.90;33.53;-;-;33.53;51.26;43.64;49.90;49.90;49.90;43.64
Jan 2, 2018 10:00 AM;Jan 2, 2018 11:00 AM;-;50.00;35.04;35.04;50.00;50.00;35.04;-;-;35.04;51.22;43.64;50.00;50.00;50.00;43.64
Jan 2, 2018 11:00 AM;Jan 2, 2018 12:00 PM;-;49.70;35.22;35.22;49.70;49.70;35.22;-;-;35.22;49.04;44.47;49.70;49.70;49.70;44.47
Jan 2, 2018 12:00 PM;Jan 2, 2018 1:00 PM;-;48.16;34.56;34.56;48.16;48.16;34.56;-;-;34.56;48.10;44.00;48.16;48.16;48.16;44.00
Jan 2, 2018 1:00 PM;Jan 2, 2018 2:00 PM;-;47.24;34.10;34.10;47.24;47.24;34.10;-;-;34.10;47.02;42.28;47.24;47.24;47.24;42.28
Jan 2, 2018 2:00 PM;Jan 2, 2018 3:00 PM;-;46.10;35.98;35.98;46.10;46.10;35.98;-;-;35.98;46.06;41.82;46.10;46.10;46.10;41.82
Jan 2, 2018 3:00 PM;Jan 2, 2018 4:00 PM;-;43.86;38.05;38.05;43.86;43.86;38.05;-;-;38.05;50.29;41.50;43.86;47.60;43.86;41.50
Jan 2, 2018 4:00 PM;Jan 2, 2018 5:00 PM;-;43.64;41.67;41.67;43.64;43.64;41.67;-;-;41.67;52.57;45.62;43.64;50.45;43.64;45.62
Jan 2, 2018 5:00 PM;Jan 2, 2018 6:00 PM;-;47.37;42.39;42.39;47.37;47.37;42.39;-;-;42.39;58.37;48.34;47.37;54.90;47.37;48.34
Jan 2, 2018 6:00 PM;Jan 2, 2018 7:00 PM;-;46.08;45.06;45.06;46.08;46.08;37.79;-;-;37.79;57.79;46.00;46.08;57.18;46.08;46.00
Jan 2, 2018 7:00 PM;Jan 2, 2018 8:00 PM;-;41.08;41.08;41.08;41.08;41.08;33.70;-;-;34.08;57.36;42.17;41.08;54.90;41.08;42.17
Jan 2, 2018 8:00 PM;Jan 2, 2018 9:00 PM;-;34.94;34.94;31.55;34.94;34.94;30.88;-;-;30.88;53.24;38.65;34.94;51.20;34.94;38.65
Jan 2, 2018 9:00 PM;Jan 2, 2018 10:00 PM;-;25.46;25.46;28.85;25.46;25.46;28.85;-;-;28.85;50.94;34.00;25.46;48.82;27.65;34.00
Jan 2, 2018 10:00 PM;Jan 2, 2018 11:00 PM;-;24.71;21.30;27.99;23.25;27.09;27.99;-;-;27.99;47.10;30.00;21.30;45.14;45.14;30.00
Jan 2, 2018 11:00 PM;Jan 3, 2018 12:00 AM;-;19.89;18.97;27.60;15.49;28.51;27.60;-;-;27.60;42.92;21.77;9.94;40.09;40.09;21.77
Jan 3, 2018 12:00 AM;Jan 3, 2018 1:00 AM;-;15.13;18.11;18.11;12.14;27.74;26.86;-;-;27.12;34.30;9.60;7.93;42.75;10.10;9.60
Jan 3, 2018 1:00 AM;Jan 3, 2018 2:00 AM;-;9.25;1.38;1.38;5.48;25.76;26.61;-;-;26.61;29.04;5.30;0.03;35.02;35.02;5.30
Jan 3, 2018 2:00 AM;Jan 3, 2018 3:00 AM;-;8.55;0.02;0.02;5.00;21.10;26.12;-;-;26.26;25.54;0.31;0.02;28.85;28.85;1.09
Jan 3, 2018 3:00 AM;Jan 3, 2018 4:00 AM;-;5.64;-5.99;-5.99;0.99;23.60;26.09;-;-;26.23;23.43;-1.97;-5.99;28.00;28.00;0.21
Jan 3, 2018 4:00 AM;Jan 3, 2018 5:00 AM;-;4.11;-9.21;-9.21;-0.25;25.31;26.15;-;-;26.42;30.76;0.99;-9.21;35.02;35.02;0.99
Jan 3, 2018 5:00 AM;Jan 3, 2018 6:00 AM;-;7.37;-4.64;-4.64;3.87;25.68;26.53;-;-;27.47;36.42;9.91;-4.64;44.49;44.49;9.91
Jan 3, 2018 6:00 AM;Jan 3, 2018 7:00 AM;-;14.89;9.90;18.51;12.25;27.45;26.57;-;-;28.31;45.55;22.49;8.02;50.65;50.65;22.49
Jan 3, 2018 7:00 AM;Jan 3, 2018 8:00 AM;-;25.73;26.97;28.95;19.42;37.00;26.97;-;-;28.95;55.03;35.00;11.03;67.00;67.00;35.00
Jan 3, 2018 8:00 AM;Jan 3, 2018 9:00 AM;-;29.59;27.57;29.20;22.57;39.90;27.57;-;-;29.20;58.75;39.47;13.28;70.00;70.00;39.47
Jan 3, 2018 9:00 AM;Jan 3, 2018 10:00 AM;-;29.21;27.72;29.28;22.37;43.10;27.72;-;-;29.28;58.25;40.60;13.18;68.00;68.00;40.60
Jan 3, 2018 10:00 AM;Jan 3, 2018 11:00 AM;-;30.00;27.99;29.42;18.65;43.20;27.99;-;-;29.42;57.94;39.14;13.71;55.70;55.70;39.14
Jan 3, 2018 11:00 AM;Jan 3, 2018 12:00 PM;-;30.00;28.52;29.25;19.35;45.00;28.52;-;-;29.25;56.81;34.56;15.42;53.30;53.30;34.56
Jan 3, 2018 12:00 PM;Jan 3, 2018 1:00 PM;-;26.39;29.23;29.23;18.93;41.40;29.23;-;-;29.23;53.27;35.10;15.84;52.61;52.61;35.10
Jan 3, 2018 1:00 PM;Jan 3, 2018 2:00 PM;-;30.00;29.49;29.49;17.26;42.80;29.49;-;-;29.49;52.93;36.00;16.00;50.65;50.65;36.00
Jan 3, 2018 2:00 PM;Jan 3, 2018 3:00 PM;-;30.00;29.86;29.86;16.76;39.40;29.86;-;-;29.86;54.47;36.09;15.75;53.30;53.30;36.09
Jan 3, 2018 3:00 PM;Jan 3, 2018 4:00 PM;-;32.87;30.51;30.51;18.09;37.00;30.51;-;-;30.51;56.20;40.00;15.14;54.90;39.00;40.78
Jan 3, 2018 4:00 PM;Jan 3, 2018 5:00 PM;-;37.50;30.95;31.33;19.51;43.10;30.95;-;-;31.33;57.50;42.00;16.00;59.00;59.00;51.93
Jan 3, 2018 5:00 PM;Jan 3, 2018 6:00 PM;-;34.55;31.28;31.59;24.13;59.90;31.28;-;-;31.59;58.06;40.68;15.11;70.00;70.00;59.66
Jan 3, 2018 6:00 PM;Jan 3, 2018 7:00 PM;-;36.67;30.78;30.78;36.67;36.67;30.78;-;-;30.78;58.06;39.10;13.37;67.18;67.18;48.83
Jan 3, 2018 7:00 PM;Jan 3, 2018 8:00 PM;-;26.27;30.15;30.15;26.27;41.70;30.15;-;-;30.15;58.05;38.00;11.06;62.60;62.60;41.84
Jan 3, 2018 8:00 PM;Jan 3, 2018 9:00 PM;-;27.32;29.37;29.37;26.06;47.36;29.37;-;-;29.37;52.94;34.08;10.06;57.71;57.71;39.00
Jan 3, 2018 9:00 PM;Jan 3, 2018 10:00 PM;-;21.23;28.93;28.93;19.88;35.80;28.93;-;-;28.93;48.36;21.72;9.30;53.30;53.30;35.84
Jan 3, 2018 10:00 PM;Jan 3, 2018 11:00 PM;-;20.22;28.13;28.13;17.26;35.10;28.13;-;-;28.13;45.51;10.42;9.87;49.70;49.70;32.80
Jan 3, 2018 11:00 PM;Jan 4, 2018 12:00 AM;-;20.95;27.31;27.31;13.87;35.10;27.31;-;-;27.31;41.03;0.37;4.97;44.15;44.15;24.16
Jan 4, 2018 12:00 AM;Jan 4, 2018 1:00 AM;-;19.00;27.05;27.05;11.76;32.40;27.05;-;-;27.05;38.27;-5.00;-0.36;32.50;32.50;24.89
Jan 4, 2018 1:00 AM;Jan 4, 2018 2:00 AM;-;9.20;26.78;26.78;3.46;27.80;26.78;-;-;26.78;31.06;-5.05;-5.57;23.23;23.23;16.74
Jan 4, 2018 2:00 AM;Jan 4, 2018 3:00 AM;-;8.66;26.47;26.47;2.11;31.00;26.47;-;-;26.47;24.94;-16.50;-7.85;18.22;18.22;6.44
Jan 4, 2018 3:00 AM;Jan 4, 2018 4:00 AM;-;7.70;26.49;26.49;2.63;28.00;26.49;-;-;26.49;23.67;-12.30;-5.29;17.30;17.30;4.29
Jan 4, 2018 4:00 AM;Jan 4, 2018 5:00 AM;-;9.80;26.60;26.60;4.99;27.47;26.60;-;-;26.60;28.08;-4.70;-1.75;18.39;18.39;10.73
Jan 4, 2018 5:00 AM;Jan 4, 2018 6:00 AM;-;14.69;17.31;27.01;11.08;27.90;27.01;-;-;27.01;39.21;5.00;6.01;33.67;33.67;29.40
Jan 4, 2018 6:00 AM;Jan 4, 2018 7:00 AM;-;24.24;19.96;28.04;22.34;28.97;28.04;-;-;28.04;46.97;15.00;19.96;44.39;44.39;46.14
Jan 4, 2018 7:00 AM;Jan 4, 2018 8:00 AM;-;33.59;33.59;30.43;33.59;33.59;30.43;-;-;30.43;56.38;28.00;33.59;49.78;49.78;49.79
Jan 4, 2018 8:00 AM;Jan 4, 2018 9:00 AM;-;40.45;40.45;40.45;40.45;40.45;32.83;-;-;36.30;57.50;35.90;40.45;50.25;50.25;49.14
Jan 4, 2018 9:00 AM;Jan 4, 2018 10:00 AM;-;41.97;41.97;41.97;41.97;41.97;34.97;-;-;34.97;57.55;39.93;41.97;50.80;50.80;51.29
Jan 4, 2018 10:00 AM;Jan 4, 2018 11:00 AM;-;44.91;37.55;37.55;44.91;44.91;37.55;-;-;37.55;56.69;42.76;44.91;50.00;50.00;50.24
Jan 4, 2018 11:00 AM;Jan 4, 2018 12:00 PM;-;49.54;36.02;36.02;47.14;49.00;36.02;-;-;36.02;54.92;43.99;48.22;50.10;50.10;51.29
Jan 4, 2018 12:00 PM;Jan 4, 2018 1:00 PM;-;46.04;35.53;35.53;46.04;46.04;35.53;-;-;35.53;53.21;44.00;46.04;46.85;46.85;49.14
Jan 4, 2018 1:00 PM;Jan 4, 2018 2:00 PM;-;51.34;35.30;35.30;34.36;47.50;35.30;-;-;35.30;52.32;43.80;42.00;46.50;46.50;47.61
Jan 4, 2018 2:00 PM;Jan 4, 2018 3:00 PM;-;51.68;35.83;35.83;32.51;47.32;35.83;-;-;35.83;54.20;44.00;41.08;48.42;48.42;47.00
Jan 4, 2018 3:00 PM;Jan 4, 2018 4:00 PM;-;53.52;42.04;42.04;32.77;48.80;37.83;-;-;37.83;55.97;45.00;42.04;50.57;50.57;49.14
Jan 4, 2018 4:00 PM;Jan 4, 2018 5:00 PM;-;53.18;42.53;42.53;33.81;48.80;39.03;-;-;39.03;56.61;49.99;42.53;51.25;51.25;52.54
Jan 4, 2018 5:00 PM;Jan 4, 2018 6:00 PM;-;53.08;51.43;51.43;50.08;52.40;37.91;-;-;37.91;54.90;51.00;51.43;55.00;55.00;60.03
Jan 4, 2018 6:00 PM;Jan 4, 2018 7:00 PM;-;49.96;49.96;49.96;49.96;49.96;35.03;-;-;35.03;54.46;50.71;49.96;55.00;55.00;58.20
Jan 4, 2018 7:00 PM;Jan 4, 2018 8:00 PM;-;46.73;46.73;46.73;46.73;46.73;31.87;-;-;31.87;54.15;48.32;46.73;54.10;54.10;56.68
Jan 4, 2018 8:00 PM;Jan 4, 2018 9:00 PM;-;41.57;41.57;41.57;41.57;41.57;30.78;-;-;30.78;54.50;41.10;41.57;51.97;51.97;51.29
Jan 4, 2018 9:00 PM;Jan 4, 2018 10:00 PM;-;37.09;37.09;37.09;37.09;37.09;30.27;-;-;30.27;52.10;29.33;37.09;47.97;47.97;40.89
Jan 4, 2018 10:00 PM;Jan 4, 2018 11:00 PM;-;33.92;32.49;32.49;33.92;33.92;29.63;-;-;29.63;47.66;26.00;33.92;44.89;44.89;35.53
Jan 4, 2018 11:00 PM;Jan 5, 2018 12:00 AM;-;31.50;28.05;28.05;31.50;31.50;28.05;-;-;28.05;44.03;19.40;28.05;37.10;37.10;34.06
Jan 5, 2018 12:00 AM;Jan 5, 2018 1:00 AM;-;16.83;5.96;27.38;16.67;17.10;28.14;-;-;27.38;36.66;9.32;5.96;44.15;5.96;28.47
Jan 5, 2018 1:00 AM;Jan 5, 2018 2:00 AM;-;11.73;-0.94;26.93;11.73;11.73;27.51;-;-;26.93;30.00;5.05;-0.94;39.80;4.99;20.90
Jan 5, 2018 2:00 AM;Jan 5, 2018 3:00 AM;-;6.86;26.50;26.50;6.86;6.86;26.50;-;-;26.50;23.98;0.96;-0.03;31.98;0.30;17.84
Jan 5, 2018 3:00 AM;Jan 5, 2018 4:00 AM;-;0.55;26.50;26.50;0.55;0.55;26.50;-;-;26.50;23.10;0.55;0.55;30.12;1.00;13.14
Jan 5, 2018 4:00 AM;Jan 5, 2018 5:00 AM;-;13.91;26.88;26.88;2.45;34.00;26.88;-;-;26.88;25.28;3.29;-11.81;34.50;4.99;16.16
Jan 5, 2018 5:00 AM;Jan 5, 2018 6:00 AM;-;17.20;27.66;27.66;13.51;26.77;27.66;-;-;27.66;36.51;5.01;8.92;40.70;40.70;31.69
Jan 5, 2018 6:00 AM;Jan 5, 2018 7:00 AM;-;25.80;24.98;28.65;23.96;29.60;28.65;-;-;28.65;42.47;19.20;21.68;48.99;43.45;38.71
Jan 5, 2018 7:00 AM;Jan 5, 2018 8:00 AM;-;35.65;30.44;30.44;33.39;39.90;30.44;-;-;30.44;50.82;29.77;30.44;55.35;30.44;38.14
Jan 5, 2018 8:00 AM;Jan 5, 2018 9:00 AM;-;39.00;36.20;36.20;37.79;40.99;32.53;-;-;32.96;54.31;38.73;36.20;60.60;36.20;39.89
Jan 5, 2018 9:00 AM;Jan 5, 2018 10:00 AM;-;37.40;36.30;36.30;36.93;38.06;33.52;-;-;35.43;54.37;40.30;36.30;57.50;36.30;40.30
Jan 5, 2018 10:00 AM;Jan 5, 2018 11:00 AM;-;39.23;38.95;38.95;39.11;39.40;33.31;-;-;37.59;53.68;40.70;38.95;55.35;38.95;40.70
Jan 5, 2018 11:00 AM;Jan 5, 2018 12:00 PM;-;39.40;39.40;39.40;39.40;39.40;32.98;-;-;37.55;53.10;41.80;39.40;51.54;39.40;41.80
Jan 5, 2018 12:00 PM;Jan 5, 2018 1:00 PM;-;41.69;41.69;41.69;41.69;41.69;32.88;-;-;37.55;51.83;40.70;41.69;51.53;41.69;40.70
Jan 5, 2018 1:00 PM;Jan 5, 2018 2:00 PM;-;47.00;42.41;42.41;47.00;47.00;32.84;-;-;37.52;49.99;39.74;43.69;50.21;43.69;39.74
Jan 5, 2018 2:00 PM;Jan 5, 2018 3:00 PM;-;44.08;42.38;42.38;44.08;44.08;32.87;-;-;32.94;50.15;39.46;44.08;52.09;44.08;39.46
Jan 5, 2018 3:00 PM;Jan 5, 2018 4:00 PM;-;47.10;47.10;47.10;47.10;47.10;33.50;-;-;37.51;52.03;39.60;47.10;55.35;47.10;39.60
Jan 5, 2018 4:00 PM;Jan 5, 2018 5:00 PM;-;47.77;47.77;47.77;47.77;47.77;35.10;-;-;37.60;52.91;44.80;47.77;56.70;47.77;44.80
Jan 5, 2018 5:00 PM;Jan 5, 2018 6:00 PM;-;56.35;56.35;56.35;56.35;56.35;37.30;-;-;37.56;54.25;50.08;56.35;72.20;56.35;50.08
Jan 5, 2018 6:00 PM;Jan 5, 2018 7:00 PM;-;57.42;57.42;57.42;57.42;57.42;34.00;-;-;34.00;52.62;50.29;57.42;72.20;57.42;50.29
Jan 5, 2018 7:00 PM;Jan 5, 2018 8:00 PM;-;53.99;53.92;53.92;53.99;53.99;32.25;-;-;32.25;50.03;46.57;53.99;69.41;53.99;46.57
Jan 5, 2018 8:00 PM;Jan 5, 2018 9:00 PM;-;42.36;42.36;42.36;42.36;42.36;31.51;-;-;31.51;43.00;42.00;42.36;55.35;42.36;42.00
Jan 5, 2018 9:00 PM;Jan 5, 2018 10:00 PM;-;39.90;39.90;39.90;39.90;39.90;31.25;-;-;31.25;39.99;37.08;39.90;51.55;39.90;37.08
Jan 5, 2018 10:00 PM;Jan 5, 2018 11:00 PM;-;39.97;35.98;35.98;39.97;39.97;30.44;-;-;30.44;43.11;35.50;39.97;49.78;39.97;35.50
Jan 5, 2018 11:00 PM;Jan 6, 2018 12:00 AM;-;36.27;35.24;35.24;36.27;36.27;29.64;-;-;29.64;39.49;31.23;36.27;46.07;36.27;31.23
Jan 6, 2018 12:00 AM;Jan 6, 2018 1:00 AM;-;29.45;29.45;29.45;29.45;29.45;29.45;-;-;29.45;35.20;27.50;29.45;46.99;29.45;27.50
Jan 6, 2018 1:00 AM;Jan 6, 2018 2:00 AM;-;28.55;28.55;28.55;28.55;28.55;28.55;-;-;28.55;29.26;27.10;28.55;46.01;28.55;27.10
Jan 6, 2018 2:00 AM;Jan 6, 2018 3:00 AM;-;28.18;28.18;28.18;28.18;28.18;28.18;-;-;28.18;24.32;24.90;28.18;44.72;28.18;24.90
Jan 6, 2018 3:00 AM;Jan 6, 2018 4:00 AM;-;29.66;28.00;28.00;25.27;28.93;28.00;-;-;28.00;22.68;23.57;27.33;44.08;27.33;23.57
Jan 6, 2018 4:00 AM;Jan 6, 2018 5:00 AM;-;30.31;27.08;28.15;24.34;29.18;28.15;-;-;28.15;22.47;23.90;27.08;42.67;27.08;23.90
Jan 6, 2018 5:00 AM;Jan 6, 2018 6:00 AM;-;30.23;28.70;28.70;27.42;29.65;28.70;-;-;28.70;29.31;24.42;28.70;30.00;28.70;24.42
Jan 6, 2018 6:00 AM;Jan 6, 2018 7:00 AM;-;30.00;30.00;30.00;30.00;30.00;29.48;-;-;29.48;35.16;27.20;30.00;38.70;30.00;27.20
Jan 6, 2018 7:00 AM;Jan 6, 2018 8:00 AM;-;31.36;31.36;31.36;31.36;31.36;30.35;-;-;30.35;35.36;27.84;31.36;45.00;31.36;27.84
Jan 6, 2018 8:00 AM;Jan 6, 2018 9:00 AM;-;34.19;34.19;34.19;34.19;34.19;30.38;-;-;30.38;36.75;34.41;34.19;44.72;34.19;34.41
Jan 6, 2018 9:00 AM;Jan 6, 2018 10:00 AM;-;41.11;41.11;41.11;41.11;41.11;30.90;-;-;30.90;38.01;37.17;41.11;46.80;41.11;37.17
Jan 6, 2018 10:00 AM;Jan 6, 2018 11:00 AM;-;44.00;43.16;43.16;44.00;44.00;31.89;-;-;31.89;38.09;39.10;44.00;50.00;44.00;39.10
Jan 6, 2018 11:00 AM;Jan 6, 2018 12:00 PM;-;43.74;43.17;43.17;43.74;43.74;32.86;-;-;32.86;39.02;40.55;43.74;50.22;43.74;40.55
Jan 6, 2018 12:00 PM;Jan 6, 2018 1:00 PM;-;44.43;43.14;43.14;44.43;44.43;32.17;-;-;32.17;39.07;39.94;44.01;50.22;44.01;39.94
Jan 6, 2018 1:00 PM;Jan 6, 2018 2:00 PM;-;42.90;39.96;39.96;42.90;42.90;31.79;-;-;31.79;39.05;39.45;42.90;49.41;42.90;39.45
Jan 6, 2018 2:00 PM;Jan 6, 2018 3:00 PM;-;38.70;36.04;36.04;38.70;38.70;31.77;-;-;31.77;38.28;38.21;38.70;49.41;38.70;38.21
Jan 6, 2018 3:00 PM;Jan 6, 2018 4:00 PM;-;37.40;34.91;34.91;37.40;37.40;33.05;-;-;33.05;38.35;39.89;37.40;49.78;37.40;39.89
Jan 6, 2018 4:00 PM;Jan 6, 2018 5:00 PM;-;43.66;40.52;40.52;37.99;42.40;36.47;-;-;39.54;39.71;41.70;40.52;50.44;40.52;41.70
Jan 6, 2018 5:00 PM;Jan 6, 2018 6:00 PM;-;47.00;43.91;43.91;44.22;46.38;36.53;-;-;41.39;46.93;46.00;45.46;56.85;45.46;46.00
Jan 6, 2018 6:00 PM;Jan 6, 2018 7:00 PM;-;49.98;43.87;43.87;49.98;49.98;34.45;-;-;34.45;51.90;45.02;49.98;56.00;49.98;45.02
Jan 6, 2018 7:00 PM;Jan 6, 2018 8:00 PM;-;45.90;35.09;35.09;45.90;45.90;31.93;-;-;31.93;51.84;42.68;45.90;53.48;45.90;42.68
Jan 6, 2018 8:00 PM;Jan 6, 2018 9:00 PM;-;40.90;31.06;31.06;40.90;40.90;31.06;-;-;31.06;48.35;36.52;40.90;50.44;40.90;36.52
Jan 6, 2018 9:00 PM;Jan 6, 2018 10:00 PM;-;33.69;30.72;30.72;33.69;33.69;30.72;-;-;30.72;45.18;31.96;33.69;49.78;33.69;31.96
Jan 6, 2018 10:00 PM;Jan 6, 2018 11:00 PM;-;36.26;29.98;29.98;36.26;36.26;29.98;-;-;29.98;45.36;32.00;36.26;46.93;36.26;32.00
Jan 6, 2018 11:00 PM;Jan 7, 2018 12:00 AM;-;29.03;29.03;29.03;29.03;29.03;29.03;-;-;29.03;38.03;27.00;29.03;44.89;29.03;27.00
Jan 7, 2018 12:00 AM;Jan 7, 2018 1:00 AM;-;21.87;21.87;27.58;21.87;21.87;28.10;-;-;27.58;25.05;21.16;21.87;46.15;21.87;21.16
Jan 7, 2018 1:00 AM;Jan 7, 2018 2:00 AM;-;15.98;15.98;25.90;15.98;15.98;27.71;-;-;25.90;17.89;15.92;15.98;40.00;15.98;15.92
Jan 7, 2018 2:00 AM;Jan 7, 2018 3:00 AM;-;15.99;15.99;25.89;15.99;15.99;27.38;-;-;25.89;17.39;14.80;15.99;37.10;15.99;14.80
Jan 7, 2018 3:00 AM;Jan 7, 2018 4:00 AM;-;14.00;26.16;26.16;14.00;14.00;26.86;-;-;26.16;14.43;13.23;14.00;32.00;14.00;13.23
Jan 7, 2018 4:00 AM;Jan 7, 2018 5:00 AM;-;12.51;26.60;26.60;12.51;12.51;26.60;-;-;26.60;14.45;14.20;12.51;35.00;12.51;14.20
Jan 7, 2018 5:00 AM;Jan 7, 2018 6:00 AM;-;13.21;27.14;27.14;13.21;13.21;27.14;-;-;27.14;31.15;12.78;13.21;27.10;13.21;12.78
Jan 7, 2018 6:00 AM;Jan 7, 2018 7:00 AM;-;12.17;27.43;27.43;12.17;12.17;27.43;-;-;27.43;30.85;12.90;12.17;37.31;12.17;12.90
Jan 7, 2018 7:00 AM;Jan 7, 2018 8:00 AM;-;13.02;27.69;27.69;13.02;13.02;27.69;-;-;27.69;16.50;14.50;13.02;44.04;13.02;14.50
Jan 7, 2018 8:00 AM;Jan 7, 2018 9:00 AM;-;17.52;27.93;27.93;18.41;24.46;27.93;-;-;27.93;25.14;18.00;20.52;45.00;20.52;18.86
Jan 7, 2018 9:00 AM;Jan 7, 2018 10:00 AM;-;19.58;28.33;28.33;19.58;30.00;28.33;-;-;28.33;23.91;23.20;23.22;46.55;23.22;27.00
Jan 7, 2018 10:00 AM;Jan 7, 2018 11:00 AM;-;22.14;28.79;28.79;22.14;29.74;28.79;-;-;28.79;22.54;26.85;24.81;49.72;24.81;27.82
Jan 7, 2018 11:00 AM;Jan 7, 2018 12:00 PM;-;28.44;28.95;28.95;28.44;29.91;28.95;-;-;28.95;24.15;29.44;28.95;49.41;28.95;29.79
Jan 7, 2018 12:00 PM;Jan 7, 2018 1:00 PM;-;29.52;28.96;28.96;29.26;29.91;28.96;-;-;28.96;23.69;27.07;28.96;49.41;28.96;27.07
Jan 7, 2018 1:00 PM;Jan 7, 2018 2:00 PM;-;27.08;28.27;28.27;27.08;29.20;28.27;-;-;28.27;23.02;25.43;27.08;47.60;27.08;25.43
Jan 7, 2018 2:00 PM;Jan 7, 2018 3:00 PM;-;20.32;28.29;28.29;20.32;29.23;28.29;-;-;28.29;20.66;23.68;23.46;47.53;23.46;23.68
Jan 7, 2018 3:00 PM;Jan 7, 2018 4:00 PM;-;21.20;26.75;28.62;19.86;29.57;28.62;-;-;28.62;20.30;25.00;23.70;49.41;23.70;25.00
Jan 7, 2018 4:00 PM;Jan 7, 2018 5:00 PM;-;27.40;27.21;29.38;21.41;31.00;29.38;-;-;29.38;24.15;30.66;27.21;51.68;27.21;33.40
Jan 7, 2018 5:00 PM;Jan 7, 2018 6:00 PM;-;33.59;30.88;30.88;28.87;32.49;30.88;-;-;30.88;32.27;34.46;30.88;54.84;54.84;40.44
Jan 7, 2018 6:00 PM;Jan 7, 2018 7:00 PM;-;34.34;34.34;34.34;34.34;34.34;31.51;-;-;31.51;46.39;34.40;34.34;52.76;52.76;39.07
Jan 7, 2018 7:00 PM;Jan 7, 2018 8:00 PM;-;32.33;32.33;32.33;32.33;32.33;31.12;-;-;31.12;46.92;32.00;32.33;52.76;52.76;36.97
Jan 7, 2018 8:00 PM;Jan 7, 2018 9:00 PM;-;31.44;29.96;29.96;31.44;31.44;29.96;-;-;29.96;45.45;29.00;31.44;51.00;31.44;30.87
Jan 7, 2018 9:00 PM;Jan 7, 2018 10:00 PM;-;28.94;28.94;28.94;28.94;28.94;28.94;-;-;28.94;42.58;26.08;28.94;49.41;28.94;26.08
Jan 7, 2018 10:00 PM;Jan 7, 2018 11:00 PM;-;29.69;29.69;29.13;29.69;29.69;28.90;-;-;28.90;45.05;26.00;29.69;45.00;29.69;26.68
Jan 7, 2018 11:00 PM;Jan 8, 2018 12:00 AM;-;27.01;27.01;27.57;27.01;27.01;27.80;-;-;27.57;33.30;20.70;27.01;41.50;27.01;21.02
Jan 8, 2018 12:00 AM;Jan 8, 2018 1:00 AM;-;18.91;18.91;25.03;18.91;18.91;27.38;-;-;25.03;21.95;23.80;18.91;39.36;18.91;23.80
Jan 8, 2018 1:00 AM;Jan 8, 2018 2:00 AM;-;15.15;15.15;23.96;15.15;15.15;26.25;-;-;23.96;19.67;19.67;15.15;28.70;15.15;19.67
Jan 8, 2018 2:00 AM;Jan 8, 2018 3:00 AM;-;15.11;23.92;23.92;15.11;15.11;25.66;-;-;23.92;19.63;16.39;15.11;23.69;15.11;16.39
Jan 8, 2018 3:00 AM;Jan 8, 2018 4:00 AM;-;13.42;25.48;25.48;13.42;13.42;25.65;-;-;25.48;19.30;15.42;13.42;20.99;13.42;15.42
Jan 8, 2018 4:00 AM;Jan 8, 2018 5:00 AM;-;12.91;23.09;26.12;12.91;12.91;26.12;-;-;26.12;26.67;18.15;12.91;25.00;12.91;18.15
Jan 8, 2018 5:00 AM;Jan 8, 2018 6:00 AM;-;17.10;17.10;27.96;17.10;17.10;27.96;-;-;27.96;31.38;25.30;17.10;30.88;17.87;26.51
Jan 8, 2018 6:00 AM;Jan 8, 2018 7:00 AM;-;30.03;30.03;29.62;30.03;30.03;29.62;-;-;29.62;46.38;37.51;30.03;45.94;45.94;37.51
Jan 8, 2018 7:00 AM;Jan 8, 2018 8:00 AM;-;42.93;42.93;42.93;42.93;42.93;32.73;-;-;41.90;54.98;48.02;42.93;50.00;50.00;48.02
Jan 8, 2018 8:00 AM;Jan 8, 2018 9:00 AM;-;44.95;44.95;44.95;44.95;44.95;41.67;-;-;43.87;55.18;49.02;44.95;52.25;44.95;49.02
Jan 8, 2018 9:00 AM;Jan 8, 2018 10:00 AM;-;46.20;42.57;42.57;44.66;46.20;42.57;-;-;42.57;55.18;47.10;42.57;52.31;42.57;47.10
Jan 8, 2018 10:00 AM;Jan 8, 2018 11:00 AM;-;50.00;41.98;41.98;46.60;50.00;39.48;-;-;41.98;55.87;45.30;41.98;52.31;41.98;45.30
Jan 8, 2018 11:00 AM;Jan 8, 2018 12:00 PM;-;59.53;41.54;41.54;51.88;59.53;35.87;-;-;41.54;55.14;44.50;41.54;52.30;41.54;44.50
Jan 8, 2018 12:00 PM;Jan 8, 2018 1:00 PM;-;43.80;42.90;42.90;43.42;43.80;33.09;-;-;41.87;55.04;44.00;42.90;51.86;42.90;44.00
Jan 8, 2018 1:00 PM;Jan 8, 2018 2:00 PM;-;44.00;42.90;42.90;43.54;44.00;32.91;-;-;41.87;55.08;42.49;42.90;51.86;42.90;42.49
Jan 8, 2018 2:00 PM;Jan 8, 2018 3:00 PM;-;46.61;40.91;40.91;44.19;46.61;34.35;-;-;39.93;55.02;41.00;40.91;53.00;40.91;41.00
Jan 8, 2018 3:00 PM;Jan 8, 2018 4:00 PM;-;40.97;40.97;40.97;40.97;40.97;38.01;-;-;40.97;55.96;42.69;40.97;53.00;40.97;42.69
Jan 8, 2018 4:00 PM;Jan 8, 2018 5:00 PM;-;53.89;39.69;39.69;47.66;51.31;39.69;-;-;39.69;55.48;44.42;39.69;52.94;39.69;44.42
Jan 8, 2018 5:00 PM;Jan 8, 2018 6:00 PM;-;64.93;40.26;40.26;54.12;64.86;40.26;-;-;40.26;55.74;43.99;40.26;55.00;40.26;46.29
Jan 8, 2018 6:00 PM;Jan 8, 2018 7:00 PM;-;70.00;37.99;37.99;55.00;37.50;32.95;-;-;37.08;55.93;41.97;37.99;55.00;37.99;41.97
Jan 8, 2018 7:00 PM;Jan 8, 2018 8:00 PM;-;50.00;31.92;31.16;52.93;36.00;31.16;-;-;31.16;55.90;40.10;31.92;52.93;31.92;40.10
Jan 8, 2018 8:00 PM;Jan 8, 2018 9:00 PM;-;50.00;28.02;29.68;37.57;42.15;29.68;-;-;29.68;55.72;36.97;28.02;52.25;29.00;36.97
Jan 8, 2018 9:00 PM;Jan 8, 2018 10:00 PM;-;40.70;24.78;28.92;34.12;35.90;28.92;-;-;28.92;53.46;28.00;22.35;50.62;22.35;28.00
Jan 8, 2018 10:00 PM;Jan 8, 2018 11:00 PM;-;50.00;28.49;28.49;31.19;33.00;28.49;-;-;28.49;50.48;24.00;22.70;47.00;22.70;24.00
Jan 8, 2018 11:00 PM;Jan 9, 2018 12:00 AM;-;45.19;28.09;28.09;45.19;30.00;28.09;-;-;28.09;46.29;13.30;4.89;45.19;5.00;13.30
Jan 9, 2018 12:00 AM;Jan 9, 2018 1:00 AM;-;56.13;27.17;27.17;36.01;35.10;27.63;-;-;27.17;41.33;13.38;13.09;39.35;13.09;13.38
Jan 9, 2018 1:00 AM;Jan 9, 2018 2:00 AM;-;36.50;22.10;22.10;36.04;34.40;27.47;-;-;25.29;36.93;10.27;12.62;36.40;12.62;10.27
Jan 9, 2018 2:00 AM;Jan 9, 2018 3:00 AM;-;34.20;9.79;9.79;34.20;34.20;27.35;-;-;25.30;31.64;7.51;9.79;35.90;9.79;7.51
Jan 9, 2018 3:00 AM;Jan 9, 2018 4:00 AM;-;31.75;4.99;4.99;30.71;34.30;27.38;-;-;26.58;30.42;5.73;4.99;34.00;4.99;5.73
Jan 9, 2018 4:00 AM;Jan 9, 2018 5:00 AM;-;28.49;9.24;9.24;27.86;30.10;27.47;-;-;27.26;31.02;7.09;9.24;35.35;9.24;7.09
Jan 9, 2018 5:00 AM;Jan 9, 2018 6:00 AM;-;36.50;14.66;14.66;36.50;36.50;28.25;-;-;28.25;39.03;13.19;14.66;38.90;14.66;13.19
Jan 9, 2018 6:00 AM;Jan 9, 2018 7:00 AM;-;47.20;28.17;28.99;39.03;41.50;28.99;-;-;28.99;50.08;27.13;28.17;49.00;28.17;27.13
Jan 9, 2018 7:00 AM;Jan 9, 2018 8:00 AM;-;75.75;32.36;31.54;55.90;50.00;31.54;-;-;31.54;54.09;38.88;32.36;55.90;32.36;38.88
Jan 9, 2018 8:00 AM;Jan 9, 2018 9:00 AM;-;55.00;32.53;32.53;58.99;40.00;32.53;-;-;32.53;56.08;38.00;32.53;62.36;32.53;38.00
Jan 9, 2018 9:00 AM;Jan 9, 2018 10:00 AM;-;60.84;32.26;32.26;58.90;47.90;32.26;-;-;32.26;56.13;37.00;32.38;68.75;32.38;37.00
Jan 9, 2018 10:00 AM;Jan 9, 2018 11:00 AM;-;68.03;32.13;32.13;60.08;52.70;32.13;-;-;32.13;55.94;37.55;32.35;63.00;32.35;37.55
Jan 9, 2018 11:00 AM;Jan 9, 2018 12:00 PM;-;64.51;32.32;32.32;61.35;60.92;32.32;-;-;32.32;56.08;38.25;34.04;63.30;34.04;38.25
Jan 9, 2018 12:00 PM;Jan 9, 2018 1:00 PM;-;58.93;32.04;32.04;58.02;55.90;32.04;-;-;32.04;53.87;40.00;35.99;59.39;35.99;40.00
Jan 9, 2018 1:00 PM;Jan 9, 2018 2:00 PM;-;61.78;31.80;31.80;55.97;59.66;31.80;-;-;31.80;53.30;39.07;39.58;59.39;39.58;39.07
Jan 9, 2018 2:00 PM;Jan 9, 2018 3:00 PM;-;55.53;31.47;31.47;49.08;55.53;31.47;-;-;31.47;54.44;41.29;40.62;62.36;40.62;41.29
Jan 9, 2018 3:00 PM;Jan 9, 2018 4:00 PM;-;48.03;31.40;31.40;45.02;52.70;31.40;-;-;31.40;54.57;43.00;40.98;70.30;40.98;43.00
Jan 9, 2018 4:00 PM;Jan 9, 2018 5:00 PM;-;50.26;32.25;32.25;47.10;54.84;32.25;-;-;32.25;54.56;44.84;42.88;68.81;42.88;44.84
Jan 9, 2018 5:00 PM;Jan 9, 2018 6:00 PM;-;64.32;32.87;32.87;55.55;76.59;32.87;-;-;32.87;54.75;49.39;44.06;73.30;44.06;49.39
Jan 9, 2018 6:00 PM;Jan 9, 2018 7:00 PM;-;50.94;32.44;32.44;56.74;42.91;32.44;-;-;32.44;53.89;49.72;42.91;74.43;42.91;49.72
Jan 9, 2018 7:00 PM;Jan 9, 2018 8:00 PM;-;48.94;31.50;31.50;54.68;40.98;31.50;-;-;31.50;52.48;46.29;40.98;69.00;40.98;46.29
Jan 9, 2018 8:00 PM;Jan 9, 2018 9:00 PM;-;46.05;30.59;30.59;49.48;40.90;30.59;-;-;30.59;50.51;41.77;40.90;59.39;40.90;41.77
Jan 9, 2018 9:00 PM;Jan 9, 2018 10:00 PM;-;42.91;30.15;30.15;42.91;42.91;30.15;-;-;30.15;52.01;36.84;38.00;52.48;38.00;36.84
Jan 9, 2018 10:00 PM;Jan 9, 2018 11:00 PM;-;39.36;29.23;29.23;39.36;39.36;29.23;-;-;29.23;49.13;35.00;32.60;49.00;32.60;35.00
Jan 9, 2018 11:00 PM;Jan 10, 2018 12:00 AM;-;39.60;28.56;28.56;39.60;39.60;28.56;-;-;28.56;44.04;28.91;30.61;45.98;30.61;28.91
Jan 10, 2018 12:00 AM;Jan 10, 2018 1:00 AM;-;32.27;28.87;28.87;31.26;34.40;28.87;-;-;28.87;40.08;27.38;30.00;43.32;30.00;27.38
Jan 10, 2018 1:00 AM;Jan 10, 2018 2:00 AM;-;29.08;28.30;28.30;28.73;30.00;28.30;-;-;28.30;38.30;25.99;28.30;38.00;28.30;25.99
Jan 10, 2018 2:00 AM;Jan 10, 2018 3:00 AM;-;28.37;27.95;27.95;28.18;28.87;27.95;-;-;27.95;36.37;25.50;27.95;36.42;27.95;25.50
Jan 10, 2018 3:00 AM;Jan 10, 2018 4:00 AM;-;29.38;26.91;26.91;24.73;28.72;27.81;-;-;27.57;35.55;25.24;26.91;36.00;26.91;25.24
Jan 10, 2018 4:00 AM;Jan 10, 2018 5:00 AM;-;33.42;26.63;27.37;19.42;31.97;28.32;-;-;28.04;35.76;26.90;26.63;35.90;26.63;26.90
Jan 10, 2018 5:00 AM;Jan 10, 2018 6:00 AM;-;31.27;30.91;30.17;30.60;31.16;30.17;-;-;30.17;39.46;30.47;30.91;40.43;30.91;30.47
Jan 10, 2018 6:00 AM;Jan 10, 2018 7:00 AM;-;34.87;34.87;34.87;34.87;34.87;33.02;-;-;33.54;49.51;40.23;34.87;47.01;34.87;40.23
Jan 10, 2018 7:00 AM;Jan 10, 2018 8:00 AM;-;45.09;44.01;44.01;45.09;45.09;44.01;-;-;44.01;52.15;50.77;45.09;51.79;45.09;50.77
Jan 10, 2018 8:00 AM;Jan 10, 2018 9:00 AM;-;49.38;47.98;47.98;49.29;49.57;47.98;-;-;47.98;52.02;51.37;49.16;55.86;49.16;51.37
Jan 10, 2018 9:00 AM;Jan 10, 2018 10:00 AM;-;49.29;47.98;47.98;49.14;49.56;47.98;-;-;47.98;50.81;49.53;48.94;58.58;48.94;49.53
Jan 10, 2018 10:00 AM;Jan 10, 2018 11:00 AM;-;48.95;48.04;48.04;48.56;49.63;48.04;-;-;48.04;50.60;48.64;48.04;55.86;48.04;48.64
Jan 10, 2018 11:00 AM;Jan 10, 2018 12:00 PM;-;52.49;47.78;47.78;50.46;56.01;47.78;-;-;47.78;51.53;48.93;47.78;53.79;47.78;48.93
Jan 10, 2018 12:00 PM;Jan 10, 2018 1:00 PM;-;48.28;47.09;47.09;47.81;49.10;47.09;-;-;47.09;50.75;48.00;47.19;51.86;47.19;48.00
Jan 10, 2018 1:00 PM;Jan 10, 2018 2:00 PM;-;45.45;44.15;44.15;45.36;45.61;44.15;-;-;44.15;49.92;47.51;45.24;51.75;45.24;47.51
Jan 10, 2018 2:00 PM;Jan 10, 2018 3:00 PM;-;47.10;45.97;45.97;47.10;47.10;45.59;-;-;45.97;49.61;47.67;47.10;52.33;47.10;47.67
Jan 10, 2018 3:00 PM;Jan 10, 2018 4:00 PM;-;47.98;46.83;46.83;47.98;47.98;46.45;-;-;46.83;50.96;49.57;47.98;54.75;47.98;49.57
Jan 10, 2018 4:00 PM;Jan 10, 2018 5:00 PM;-;48.90;48.90;48.90;48.90;48.90;48.90;-;-;48.90;52.43;51.63;48.90;58.44;48.90;51.63
Jan 10, 2018 5:00 PM;Jan 10, 2018 6:00 PM;-;51.90;51.90;51.90;51.90;51.90;51.90;-;-;51.90;55.02;55.23;51.90;63.99;51.90;55.23
Jan 10, 2018 6:00 PM;Jan 10, 2018 7:00 PM;-;52.69;52.69;52.69;52.69;52.69;51.00;-;-;52.69;55.30;54.35;52.69;61.34;52.69;54.35
Jan 10, 2018 7:00 PM;Jan 10, 2018 8:00 PM;-;49.10;49.10;49.10;49.10;49.10;44.94;-;-;44.94;52.95;51.18;49.10;58.58;49.10;51.18
Jan 10, 2018 8:00 PM;Jan 10, 2018 9:00 PM;-;44.00;40.00;40.00;44.00;44.00;39.72;-;-;39.72;50.10;48.80;44.00;54.99;44.00;48.80
Jan 10, 2018 9:00 PM;Jan 10, 2018 10:00 PM;-;36.99;35.81;35.81;36.99;36.99;35.81;-;-;35.81;44.69;44.60;36.99;52.33;36.99;44.60
Jan 10, 2018 10:00 PM;Jan 10, 2018 11:00 PM;-;38.43;33.24;33.24;38.43;38.43;31.92;-;-;31.92;44.24;40.99;38.43;50.03;38.43;40.99
Jan 10, 2018 11:00 PM;Jan 11, 2018 12:00 AM;-;37.90;33.86;33.86;37.90;37.90;30.34;-;-;30.34;40.64;36.95;37.90;45.50;37.90;36.95
Jan 11, 2018 12:00 AM;Jan 11, 2018 1:00 AM;-;37.33;31.01;31.01;37.33;37.33;31.01;-;-;31.01;41.12;34.50;37.33;43.32;37.33;34.50
Jan 11, 2018 1:00 AM;Jan 11, 2018 2:00 AM;-;36.30;30.03;30.03;36.30;36.30;30.03;-;-;30.03;39.55;33.19;36.30;39.00;36.30;33.19
Jan 11, 2018 2:00 AM;Jan 11, 2018 3:00 AM;-;34.20;29.86;29.86;34.20;34.20;29.86;-;-;29.86;38.10;32.01;34.20;38.00;34.20;32.01
Jan 11, 2018 3:00 AM;Jan 11, 2018 4:00 AM;-;33.00;29.97;29.97;33.00;33.00;29.97;-;-;29.97;37.99;30.92;33.00;38.20;33.00;29.30
Jan 11, 2018 4:00 AM;Jan 11, 2018 5:00 AM;-;33.05;30.95;30.95;33.05;33.05;30.95;-;-;30.95;37.61;31.30;33.05;37.80;33.05;31.30
Jan 11, 2018 5:00 AM;Jan 11, 2018 6:00 AM;-;37.09;33.24;33.24;37.09;37.09;33.24;-;-;33.24;39.88;34.10;37.09;40.71;37.09;34.10
Jan 11, 2018 6:00 AM;Jan 11, 2018 7:00 AM;-;41.50;41.50;41.50;41.50;41.50;37.07;-;-;39.44;48.78;43.22;41.50;49.00;41.50;43.22
Jan 11, 2018 7:00 AM;Jan 11, 2018 8:00 AM;-;53.07;51.37;51.37;53.07;53.07;51.37;-;-;51.37;53.58;52.77;53.07;53.78;53.07;52.77
Jan 11, 2018 8:00 AM;Jan 11, 2018 9:00 AM;-;57.41;55.65;55.65;57.22;57.58;55.65;-;-;55.65;56.40;56.34;57.02;59.61;57.02;56.34
Jan 11, 2018 9:00 AM;Jan 11, 2018 10:00 AM;-;59.69;55.11;55.11;59.02;59.32;55.11;-;-;55.11;56.48;55.70;55.91;59.02;55.91;55.70
Jan 11, 2018 10:00 AM;Jan 11, 2018 11:00 AM;-;59.77;55.13;55.13;57.58;61.86;55.13;-;-;55.13;56.47;55.83;55.13;57.58;55.13;55.83
Jan 11, 2018 11:00 AM;Jan 11, 2018 12:00 PM;-;58.82;54.57;54.57;57.45;60.13;54.57;-;-;54.57;56.05;55.80;55.91;57.45;55.91;55.80
Jan 11, 2018 12:00 PM;Jan 11, 2018 1:00 PM;-;54.61;52.86;52.86;54.61;54.61;52.86;-;-;52.86;55.26;54.10;54.61;54.61;54.61;54.10
Jan 11, 2018 1:00 PM;Jan 11, 2018 2:00 PM;-;54.83;46.87;46.87;54.83;54.83;46.87;-;-;46.87;54.29;53.09;54.83;54.83;54.83;53.09
Jan 11, 2018 2:00 PM;Jan 11, 2018 3:00 PM;-;54.74;49.91;49.91;54.74;54.74;49.91;-;-;49.91;54.01;52.46;54.74;54.74;54.74;52.46
Jan 11, 2018 3:00 PM;Jan 11, 2018 4:00 PM;-;54.01;52.28;52.28;54.01;54.01;52.28;-;-;52.28;53.36;53.30;54.01;61.27;54.01;53.30
Jan 11, 2018 4:00 PM;Jan 11, 2018 5:00 PM;-;54.96;54.81;54.81;54.96;54.96;54.81;-;-;54.81;54.60;54.99;54.96;63.50;54.96;54.99
Jan 11, 2018 5:00 PM;Jan 11, 2018 6:00 PM;-;57.87;56.38;56.38;57.47;58.24;56.38;-;-;56.38;57.44;58.18;57.04;72.44;57.04;58.18
Jan 11, 2018 6:00 PM;Jan 11, 2018 7:00 PM;-;57.81;56.10;56.10;57.66;57.96;56.10;-;-;56.10;57.44;58.94;57.48;73.02;57.48;58.94
Jan 11, 2018 7:00 PM;Jan 11, 2018 8:00 PM;-;54.90;40.35;40.35;54.90;54.90;40.06;-;-;40.06;54.68;55.27;54.90;68.92;54.90;55.27
Jan 11, 2018 8:00 PM;Jan 11, 2018 9:00 PM;-;50.00;39.96;39.96;50.00;50.00;35.14;-;-;35.14;51.09;48.66;50.00;55.84;50.00;48.66
Jan 11, 2018 9:00 PM;Jan 11, 2018 10:00 PM;-;43.13;34.01;34.01;43.13;43.13;33.14;-;-;33.14;46.56;42.27;43.13;50.33;43.13;42.27
Jan 11, 2018 10:00 PM;Jan 11, 2018 11:00 PM;-;42.40;40.10;40.10;42.40;42.40;31.05;-;-;31.05;47.94;39.00;42.40;48.98;42.40;39.00
Jan 11, 2018 11:00 PM;Jan 12, 2018 12:00 AM;-;37.92;30.06;30.06;37.92;37.92;30.06;-;-;30.06;42.29;35.02;37.92;44.69;37.92;35.02
Jan 12, 2018 12:00 AM;Jan 12, 2018 1:00 AM;-;37.68;30.00;30.00;35.64;40.75;30.00;-;-;30.00;37.09;35.79;33.09;47.19;30.77;35.79
Jan 12, 2018 1:00 AM;Jan 12, 2018 2:00 AM;-;35.69;29.42;29.42;34.69;36.60;29.42;-;-;29.42;35.15;34.60;33.45;44.26;19.09;34.60
Jan 12, 2018 2:00 AM;Jan 12, 2018 3:00 AM;-;34.00;29.20;29.20;34.00;34.00;29.20;-;-;29.20;34.71;33.20;34.00;43.50;18.65;33.20
Jan 12, 2018 3:00 AM;Jan 12, 2018 4:00 AM;-;33.08;29.18;29.18;33.08;33.08;29.18;-;-;29.18;38.13;32.00;33.08;39.16;17.28;32.00
Jan 12, 2018 4:00 AM;Jan 12, 2018 5:00 AM;-;33.81;29.60;29.60;33.46;34.50;29.60;-;-;29.60;37.55;32.00;33.03;39.10;29.00;32.00
Jan 12, 2018 5:00 AM;Jan 12, 2018 6:00 AM;-;35.10;31.22;31.22;35.10;35.10;31.22;-;-;31.22;38.89;35.30;35.10;41.89;31.10;35.30
Jan 12, 2018 6:00 AM;Jan 12, 2018 7:00 AM;-;39.93;33.22;33.22;39.93;39.93;33.22;-;-;33.22;46.99;40.49;39.93;49.00;39.93;40.49
Jan 12, 2018 7:00 AM;Jan 12, 2018 8:00 AM;-;48.50;44.19;44.19;48.50;48.50;44.19;-;-;44.19;52.34;50.16;48.50;52.24;48.50;50.16
Jan 12, 2018 8:00 AM;Jan 12, 2018 9:00 AM;-;50.70;47.08;47.08;49.56;51.85;47.08;-;-;47.08;53.57;51.99;48.23;55.21;48.23;51.99
Jan 12, 2018 9:00 AM;Jan 12, 2018 10:00 AM;-;57.38;44.35;44.35;52.36;63.00;44.35;-;-;44.35;53.55;51.77;45.99;56.02;45.99;51.77
Jan 12, 2018 10:00 AM;Jan 12, 2018 11:00 AM;-;57.44;43.57;43.57;52.38;63.08;43.57;-;-;43.57;53.28;51.83;45.95;54.61;45.95;51.83
Jan 12, 2018 11:00 AM;Jan 12, 2018 12:00 PM;-;56.81;43.44;43.44;52.45;61.67;43.44;-;-;43.44;53.05;51.58;46.91;53.17;46.91;51.58
Jan 12, 2018 12:00 PM;Jan 12, 2018 1:00 PM;-;55.04;39.58;39.58;52.08;59.00;39.58;-;-;39.58;52.05;50.29;48.49;52.08;48.49;50.29
Jan 12, 2018 1:00 PM;Jan 12, 2018 2:00 PM;-;52.94;37.63;37.63;51.03;57.08;37.63;-;-;37.63;50.55;48.53;48.45;51.41;48.45;48.53
Jan 12, 2018 2:00 PM;Jan 12, 2018 3:00 PM;-;48.02;36.73;36.73;47.14;49.90;36.73;-;-;36.73;50.05;46.50;45.96;52.18;45.96;46.50
Jan 12, 2018 3:00 PM;Jan 12, 2018 4:00 PM;-;45.92;35.20;35.20;45.92;45.92;35.20;-;-;35.20;49.76;46.14;45.92;52.28;45.92;46.14
Jan 12, 2018 4:00 PM;Jan 12, 2018 5:00 PM;-;46.50;39.56;44.07;46.50;46.50;39.56;-;-;44.07;49.55;47.30;46.50;52.53;46.50;47.30
Jan 12, 2018 5:00 PM;Jan 12, 2018 6:00 PM;-;50.52;41.05;45.89;50.52;50.52;41.05;-;-;45.89;50.43;50.33;50.52;54.84;50.52;50.33
Jan 12, 2018 6:00 PM;Jan 12, 2018 7:00 PM;-;55.15;38.48;43.53;52.44;47.00;38.48;-;-;43.53;49.98;49.13;47.00;55.34;47.00;49.13
Jan 12, 2018 7:00 PM;Jan 12, 2018 8:00 PM;-;51.99;33.11;33.11;51.99;39.90;33.11;-;-;33.11;48.95;45.53;44.91;54.53;44.91;45.53
Jan 12, 2018 8:00 PM;Jan 12, 2018 9:00 PM;-;44.80;31.56;31.56;44.17;41.04;31.56;-;-;31.56;43.01;40.32;43.01;52.00;43.01;40.32
Jan 12, 2018 9:00 PM;Jan 12, 2018 10:00 PM;-;44.80;31.45;31.45;42.19;44.80;31.45;-;-;31.45;36.94;35.50;38.79;50.00;38.79;35.50
Jan 12, 2018 10:00 PM;Jan 12, 2018 11:00 PM;-;48.91;30.36;30.36;42.57;44.90;30.36;-;-;30.36;39.33;34.97;35.02;45.15;35.02;34.97
Jan 12, 2018 11:00 PM;Jan 13, 2018 12:00 AM;-;42.15;29.54;29.54;38.04;42.00;29.54;-;-;29.54;39.27;32.10;33.24;43.57;31.10;32.10
Jan 13, 2018 12:00 AM;Jan 13, 2018 1:00 AM;-;43.15;30.15;30.15;43.15;43.15;30.15;-;-;30.15;39.21;33.92;39.03;44.59;39.03;33.92
Jan 13, 2018 1:00 AM;Jan 13, 2018 2:00 AM;-;38.42;29.63;29.63;38.42;38.42;29.63;-;-;29.63;37.67;31.87;30.97;42.25;30.97;31.87
Jan 13, 2018 2:00 AM;Jan 13, 2018 3:00 AM;-;36.11;29.16;29.16;36.11;36.11;29.16;-;-;29.16;37.10;31.09;29.87;36.11;29.87;31.09
Jan 13, 2018 3:00 AM;Jan 13, 2018 4:00 AM;-;33.80;28.93;28.93;33.80;33.80;28.93;-;-;28.93;35.76;31.49;28.93;33.80;28.93;31.49
Jan 13, 2018 4:00 AM;Jan 13, 2018 5:00 AM;-;32.04;28.79;28.79;32.04;32.04;28.79;-;-;28.79;35.06;31.00;28.79;32.55;28.79;31.00
Jan 13, 2018 5:00 AM;Jan 13, 2018 6:00 AM;-;32.55;28.98;28.98;32.55;32.55;28.98;-;-;28.98;35.01;31.43;28.98;32.55;28.98;31.43
Jan 13, 2018 6:00 AM;Jan 13, 2018 7:00 AM;-;32.00;29.35;29.35;32.00;32.00;29.35;-;-;29.35;36.96;31.00;29.35;43.56;29.35;31.00
Jan 13, 2018 7:00 AM;Jan 13, 2018 8:00 AM;-;33.76;30.28;30.28;33.76;33.76;30.28;-;-;30.28;37.58;31.50;31.43;52.10;31.43;31.50
Jan 13, 2018 8:00 AM;Jan 13, 2018 9:00 AM;-;41.54;30.85;30.85;39.28;42.40;30.85;-;-;30.85;38.49;34.56;36.43;52.93;36.43;34.56
Jan 13, 2018 9:00 AM;Jan 13, 2018 10:00 AM;-;48.15;31.51;31.51;44.51;49.00;31.51;-;-;31.51;44.78;38.93;39.92;53.29;39.92;38.93
Jan 13, 2018 10:00 AM;Jan 13, 2018 11:00 AM;-;50.59;31.81;31.81;45.62;51.00;31.81;-;-;31.81;44.64;40.00;39.34;52.51;39.34;40.00
Jan 13, 2018 11:00 AM;Jan 13, 2018 12:00 PM;-;47.80;31.89;31.89;44.77;47.39;31.89;-;-;31.89;44.11;39.70;40.96;47.73;40.96;39.70
Jan 13, 2018 12:00 PM;Jan 13, 2018 1:00 PM;-;47.63;31.88;31.88;44.70;47.66;31.88;-;-;31.88;43.68;39.30;41.02;44.70;41.02;39.30
Jan 13, 2018 1:00 PM;Jan 13, 2018 2:00 PM;-;39.40;31.85;31.85;39.14;39.40;31.85;-;-;31.85;42.10;37.26;38.81;43.78;38.81;37.26
Jan 13, 2018 2:00 PM;Jan 13, 2018 3:00 PM;-;36.83;31.39;31.39;34.77;37.00;31.39;-;-;31.39;38.40;35.17;32.16;45.00;32.16;35.17
Jan 13, 2018 3:00 PM;Jan 13, 2018 4:00 PM;-;36.90;31.33;31.33;34.68;37.40;31.33;-;-;31.33;38.12;34.77;31.88;48.73;31.88;34.77
Jan 13, 2018 4:00 PM;Jan 13, 2018 5:00 PM;-;36.69;33.92;33.92;35.88;36.90;33.92;-;-;33.92;39.27;38.99;34.86;52.83;34.86;38.99
Jan 13, 2018 5:00 PM;Jan 13, 2018 6:00 PM;-;56.25;37.96;37.96;48.56;56.98;37.96;-;-;37.96;46.05;41.81;38.90;60.00;38.90;41.81
Jan 13, 2018 6:00 PM;Jan 13, 2018 7:00 PM;-;61.00;36.71;36.71;50.57;65.91;36.71;-;-;36.71;50.07;41.56;37.62;60.00;37.62;41.56
Jan 13, 2018 7:00 PM;Jan 13, 2018 8:00 PM;-;59.46;32.07;32.07;51.02;54.90;32.07;-;-;32.07;50.10;39.14;32.86;56.34;32.86;39.14
Jan 13, 2018 8:00 PM;Jan 13, 2018 9:00 PM;-;45.10;30.59;30.59;38.64;45.10;30.59;-;-;30.59;50.08;33.80;30.59;52.76;30.59;33.80
Jan 13, 2018 9:00 PM;Jan 13, 2018 10:00 PM;-;41.20;29.80;29.80;36.15;41.20;29.80;-;-;29.80;48.00;31.00;29.80;50.50;29.80;31.00
Jan 13, 2018 10:00 PM;Jan 13, 2018 11:00 PM;-;46.00;29.34;29.34;38.59;46.00;29.34;-;-;29.34;46.10;31.89;29.34;46.66;29.34;31.89
Jan 13, 2018 11:00 PM;Jan 14, 2018 12:00 AM;-;38.00;28.80;28.80;38.00;38.00;28.80;-;-;28.80;44.01;27.98;28.80;44.10;28.80;27.98
Jan 14, 2018 12:00 AM;Jan 14, 2018 1:00 AM;-;38.10;23.25;23.25;38.10;38.10;28.90;-;-;28.90;46.30;21.50;23.25;42.04;23.25;21.50
Jan 14, 2018 1:00 AM;Jan 14, 2018 2:00 AM;-;33.83;24.81;24.81;33.83;33.83;28.44;-;-;28.44;42.37;18.65;22.82;36.07;22.82;18.65
Jan 14, 2018 2:00 AM;Jan 14, 2018 3:00 AM;-;33.00;24.95;24.95;33.00;33.00;28.36;-;-;28.06;39.41;16.98;24.01;35.02;24.01;16.98
Jan 14, 2018 3:00 AM;Jan 14, 2018 4:00 AM;-;30.00;25.99;25.99;30.00;30.00;28.25;-;-;27.97;37.63;16.40;22.37;33.18;22.37;16.40
Jan 14, 2018 4:00 AM;Jan 14, 2018 5:00 AM;-;27.01;25.31;25.31;27.01;27.01;27.87;-;-;27.87;36.79;16.40;22.35;32.81;22.35;16.40
Jan 14, 2018 5:00 AM;Jan 14, 2018 6:00 AM;-;28.48;26.77;26.77;28.48;28.48;28.01;-;-;28.01;37.08;17.34;21.66;32.55;21.66;17.34
Jan 14, 2018 6:00 AM;Jan 14, 2018 7:00 AM;-;29.74;28.35;28.35;29.74;29.74;28.35;-;-;28.35;36.18;17.08;20.45;36.10;20.45;17.08
Jan 14, 2018 7:00 AM;Jan 14, 2018 8:00 AM;-;32.70;28.55;28.55;32.70;32.70;28.55;-;-;28.55;36.20;20.23;22.02;43.56;22.02;20.23
Jan 14, 2018 8:00 AM;Jan 14, 2018 9:00 AM;-;35.10;28.83;28.83;35.10;35.10;28.83;-;-;28.83;37.32;25.51;28.09;45.92;28.09;25.51
Jan 14, 2018 9:00 AM;Jan 14, 2018 10:00 AM;-;36.90;29.41;29.41;36.90;36.90;29.41;-;-;29.41;37.98;28.50;29.41;47.93;29.41;28.50
Jan 14, 2018 10:00 AM;Jan 14, 2018 11:00 AM;-;39.02;29.74;29.74;37.20;41.50;29.74;-;-;29.74;37.55;28.83;29.74;51.50;29.74;28.83
Jan 14, 2018 11:00 AM;Jan 14, 2018 12:00 PM;-;39.25;30.13;30.13;35.88;43.30;30.13;-;-;30.13;38.96;31.50;30.13;51.03;30.13;31.50
Jan 14, 2018 12:00 PM;Jan 14, 2018 1:00 PM;-;40.88;29.81;29.81;40.88;40.88;29.81;-;-;29.81;39.98;30.76;29.81;51.03;29.81;30.76
Jan 14, 2018 1:00 PM;Jan 14, 2018 2:00 PM;-;37.04;29.44;29.44;37.04;37.04;29.44;-;-;29.44;37.31;29.60;29.44;48.73;29.44;29.60
Jan 14, 2018 2:00 PM;Jan 14, 2018 3:00 PM;-;34.90;29.94;29.94;34.90;34.90;29.94;-;-;29.94;34.15;29.45;29.94;49.13;29.94;29.45
Jan 14, 2018 3:00 PM;Jan 14, 2018 4:00 PM;-;33.86;31.32;31.32;33.07;35.00;31.32;-;-;31.32;34.92;30.05;32.09;51.10;32.09;30.05
Jan 14, 2018 4:00 PM;Jan 14, 2018 5:00 PM;-;34.86;33.27;33.97;34.84;34.90;33.27;-;-;33.97;35.95;33.80;34.80;55.33;34.80;41.58
Jan 14, 2018 5:00 PM;Jan 14, 2018 6:00 PM;-;37.99;33.98;37.08;37.99;37.99;33.98;-;-;37.08;47.15;36.79;37.99;61.00;61.00;48.51
Jan 14, 2018 6:00 PM;Jan 14, 2018 7:00 PM;-;59.20;32.50;36.33;49.27;71.15;32.50;-;-;36.33;51.38;38.11;37.22;62.50;60.50;44.21
Jan 14, 2018 7:00 PM;Jan 14, 2018 8:00 PM;-;62.23;31.38;33.38;49.79;62.23;31.38;-;-;33.38;51.83;36.65;34.72;58.84;58.84;41.05
Jan 14, 2018 8:00 PM;Jan 14, 2018 9:00 PM;-;56.00;30.55;30.55;45.14;54.56;30.55;-;-;30.55;50.74;33.42;32.65;58.32;58.32;40.09
Jan 14, 2018 9:00 PM;Jan 14, 2018 10:00 PM;-;41.60;29.69;29.69;36.57;41.60;29.69;-;-;29.69;48.95;30.63;30.42;53.00;53.00;33.60
Jan 14, 2018 10:00 PM;Jan 14, 2018 11:00 PM;-;44.05;29.33;29.33;38.86;44.05;29.33;-;-;29.33;47.41;30.44;32.51;48.73;32.51;32.87
Jan 14, 2018 11:00 PM;Jan 15, 2018 12:00 AM;-;38.33;28.82;28.82;38.33;38.33;28.82;-;-;28.82;43.25;25.85;29.53;43.65;29.53;25.85
Jan 15, 2018 12:00 AM;Jan 15, 2018 1:00 AM;-;34.00;23.15;26.90;29.20;34.00;28.52;-;-;26.90;39.09;21.40;23.15;42.00;23.15;21.40
Jan 15, 2018 1:00 AM;Jan 15, 2018 2:00 AM;-;34.11;24.02;24.02;31.16;33.00;28.13;-;-;24.61;36.64;21.50;24.02;35.15;24.02;21.50
Jan 15, 2018 2:00 AM;Jan 15, 2018 3:00 AM;-;32.40;23.10;23.10;28.26;32.40;28.11;-;-;23.10;35.50;20.00;23.10;32.55;23.10;20.00
Jan 15, 2018 3:00 AM;Jan 15, 2018 4:00 AM;-;25.45;20.29;20.29;23.16;28.97;28.04;-;-;20.89;32.27;19.40;20.29;32.78;20.29;19.40
Jan 15, 2018 4:00 AM;Jan 15, 2018 5:00 AM;-;26.50;22.81;22.81;24.86;28.79;27.87;-;-;27.15;33.17;20.00;22.81;32.55;22.81;20.00
Jan 15, 2018 5:00 AM;Jan 15, 2018 6:00 AM;-;27.87;25.17;28.74;26.67;29.69;28.74;-;-;28.74;36.21;25.15;25.17;36.10;25.17;25.51
Jan 15, 2018 6:00 AM;Jan 15, 2018 7:00 AM;-;40.70;33.65;30.08;40.70;40.70;30.08;-;-;30.08;49.13;38.00;40.70;48.36;48.36;38.00
Jan 15, 2018 7:00 AM;Jan 15, 2018 8:00 AM;-;54.83;32.35;32.35;54.19;54.90;32.35;-;-;32.35;51.84;48.72;49.91;54.19;54.19;48.72
Jan 15, 2018 8:00 AM;Jan 15, 2018 9:00 AM;-;52.92;33.50;33.50;52.87;52.50;33.50;-;-;33.50;52.56;47.00;52.73;61.35;61.35;47.91
Jan 15, 2018 9:00 AM;Jan 15, 2018 10:00 AM;-;50.04;32.57;32.57;47.69;51.10;32.57;-;-;32.57;52.26;43.82;43.70;56.00;56.00;45.31
Jan 15, 2018 10:00 AM;Jan 15, 2018 11:00 AM;-;54.31;31.54;31.54;49.68;54.31;31.54;-;-;31.54;52.37;42.86;32.32;54.59;54.59;42.86
Jan 15, 2018 11:00 AM;Jan 15, 2018 12:00 PM;-;49.91;30.30;30.30;49.91;49.91;30.30;-;-;30.30;53.02;41.00;30.30;53.77;53.77;41.00
Jan 15, 2018 12:00 PM;Jan 15, 2018 1:00 PM;-;50.22;29.43;29.43;50.22;40.70;29.43;-;-;29.43;52.61;39.84;29.43;51.65;51.65;39.84
Jan 15, 2018 1:00 PM;Jan 15, 2018 2:00 PM;-;49.34;29.29;29.29;49.34;40.70;29.29;-;-;29.29;52.52;39.00;29.29;51.40;51.40;39.00
Jan 15, 2018 2:00 PM;Jan 15, 2018 3:00 PM;-;40.34;29.42;29.42;38.35;44.90;29.42;-;-;29.42;52.60;39.19;29.42;53.77;53.77;39.19
Jan 15, 2018 3:00 PM;Jan 15, 2018 4:00 PM;-;37.47;28.08;29.24;37.47;39.74;29.24;-;-;29.24;52.50;44.42;28.08;56.33;56.33;44.42
Jan 15, 2018 4:00 PM;Jan 15, 2018 5:00 PM;-;38.24;24.89;29.35;37.08;36.60;29.35;-;-;29.35;52.37;54.74;24.10;61.35;61.35;54.74
Jan 15, 2018 5:00 PM;Jan 15, 2018 6:00 PM;-;47.90;30.01;30.01;42.92;48.37;30.01;-;-;30.01;52.27;56.00;30.01;65.00;65.00;59.11
Jan 15, 2018 6:00 PM;Jan 15, 2018 7:00 PM;-;53.55;28.04;29.39;53.55;40.70;29.39;-;-;29.39;52.24;56.00;28.04;60.00;60.00;56.00
Jan 15, 2018 7:00 PM;Jan 15, 2018 8:00 PM;-;52.25;18.08;29.16;52.25;40.70;29.16;-;-;29.16;51.90;50.09;18.08;56.69;56.69;50.09
Jan 15, 2018 8:00 PM;Jan 15, 2018 9:00 PM;-;45.93;13.59;28.86;45.93;43.00;28.86;-;-;28.86;51.37;44.42;13.59;54.00;54.00;44.42
Jan 15, 2018 9:00 PM;Jan 15, 2018 10:00 PM;-;36.71;10.69;19.18;36.71;36.71;28.78;-;-;28.03;50.02;27.82;10.69;52.65;52.65;27.82
Jan 15, 2018 10:00 PM;Jan 15, 2018 11:00 PM;-;36.60;10.01;10.01;40.57;36.60;28.83;-;-;24.71;48.02;12.01;10.01;51.60;51.60;12.01
Jan 15, 2018 11:00 PM;Jan 16, 2018 12:00 AM;-;36.21;-1.16;-1.16;36.21;33.80;28.76;-;-;16.53;43.43;8.00;-1.16;47.27;47.27;8.00
Jan 16, 2018 12:00 AM;Jan 16, 2018 1:00 AM;-;33.60;-9.61;-9.61;29.81;30.10;28.59;-;-;26.14;39.57;11.96;-9.61;44.81;44.81;20.92
Jan 16, 2018 1:00 AM;Jan 16, 2018 2:00 AM;-;21.16;-6.62;-6.62;17.10;30.30;28.39;-;-;23.78;35.00;10.21;-6.62;42.65;42.65;10.21
Jan 16, 2018 2:00 AM;Jan 16, 2018 3:00 AM;-;18.59;-2.33;-2.33;9.26;31.50;28.32;-;-;20.39;33.52;3.06;-2.33;37.00;4.89;3.06
Jan 16, 2018 3:00 AM;Jan 16, 2018 4:00 AM;-;14.56;-4.92;-4.92;5.87;26.97;27.72;-;-;21.51;33.68;2.00;-4.92;32.01;4.89;3.01
Jan 16, 2018 4:00 AM;Jan 16, 2018 5:00 AM;-;14.70;-0.08;-0.08;8.20;28.35;27.44;-;-;23.69;32.51;4.67;-0.08;32.01;4.99;4.67
Jan 16, 2018 5:00 AM;Jan 16, 2018 6:00 AM;-;21.21;10.59;10.59;16.48;28.84;27.91;-;-;27.91;34.84;10.84;10.59;40.00;40.00;19.99
Jan 16, 2018 6:00 AM;Jan 16, 2018 7:00 AM;-;30.19;27.72;29.07;29.09;31.20;29.07;-;-;29.07;45.51;26.00;27.72;47.10;32.05;38.38
Jan 16, 2018 7:00 AM;Jan 16, 2018 8:00 AM;-;38.92;38.92;37.57;38.92;38.92;31.65;-;-;31.65;51.33;36.48;38.92;54.38;54.38;53.21
Jan 16, 2018 8:00 AM;Jan 16, 2018 9:00 AM;-;45.48;42.13;42.13;44.07;47.40;32.76;-;-;32.76;52.43;40.02;42.13;66.01;66.01;58.17
Jan 16, 2018 9:00 AM;Jan 16, 2018 10:00 AM;-;49.06;35.03;35.03;44.94;52.85;33.00;-;-;33.00;52.18;45.00;39.27;68.00;68.00;57.57
Jan 16, 2018 10:00 AM;Jan 16, 2018 11:00 AM;-;47.40;32.92;32.92;44.57;50.00;32.92;-;-;32.92;52.55;45.00;40.68;66.00;66.00;57.02
Jan 16, 2018 11:00 AM;Jan 16, 2018 12:00 PM;-;47.90;32.97;32.97;43.73;51.74;32.97;-;-;32.97;52.61;46.00;37.99;59.15;59.15;55.20
Jan 16, 2018 12:00 PM;Jan 16, 2018 1:00 PM;-;42.96;32.89;32.89;40.69;45.30;32.89;-;-;32.89;51.97;47.80;37.56;54.80;54.80;53.47
Jan 16, 2018 1:00 PM;Jan 16, 2018 2:00 PM;-;42.48;32.90;32.90;40.15;44.90;32.90;-;-;32.90;52.01;50.00;36.92;54.69;54.69;51.53
Jan 16, 2018 2:00 PM;Jan 16, 2018 3:00 PM;-;40.48;32.89;32.89;38.63;42.40;32.89;-;-;32.89;52.53;48.00;36.06;58.04;58.04;49.38
Jan 16, 2018 3:00 PM;Jan 16, 2018 4:00 PM;-;39.20;33.78;33.78;37.28;41.20;33.78;-;-;33.78;52.60;47.00;34.61;60.00;60.00;50.67
Jan 16, 2018 4:00 PM;Jan 16, 2018 5:00 PM;-;41.16;36.94;36.94;39.39;42.96;36.94;-;-;36.94;52.32;50.50;36.94;58.04;58.04;51.53
Jan 16, 2018 5:00 PM;Jan 16, 2018 6:00 PM;-;49.95;42.18;42.18;47.07;53.00;42.18;-;-;42.18;51.94;50.00;43.21;58.04;58.04;57.57
Jan 16, 2018 6:00 PM;Jan 16, 2018 7:00 PM;-;50.72;44.34;44.34;48.45;53.42;44.34;-;-;44.34;51.62;47.00;45.43;55.69;45.43;49.38
Jan 16, 2018 7:00 PM;Jan 16, 2018 8:00 PM;-;45.02;33.99;33.99;44.34;45.02;33.99;-;-;33.99;51.52;44.00;43.45;54.37;43.45;47.04
Jan 16, 2018 8:00 PM;Jan 16, 2018 9:00 PM;-;39.90;34.81;34.81;39.90;39.90;31.78;-;-;34.81;50.05;34.50;39.90;51.58;51.58;41.10
Jan 16, 2018 9:00 PM;Jan 16, 2018 10:00 PM;-;35.00;30.72;30.72;33.18;37.60;30.69;-;-;30.69;49.49;29.00;30.72;49.40;30.72;29.23
Jan 16, 2018 10:00 PM;Jan 16, 2018 11:00 PM;-;35.90;30.10;29.38;33.39;38.00;29.38;-;-;29.38;46.07;27.00;30.10;44.23;30.10;27.00
Jan 16, 2018 11:00 PM;Jan 17, 2018 12:00 AM;-;35.20;24.62;25.34;30.47;35.20;28.40;-;-;27.88;40.90;18.74;24.62;43.20;24.62;18.74
Jan 17, 2018 12:00 AM;Jan 17, 2018 1:00 AM;-;26.52;28.14;28.14;24.54;29.78;28.14;-;-;28.14;39.01;18.00;22.08;38.12;22.08;18.00
Jan 17, 2018 1:00 AM;Jan 17, 2018 2:00 AM;-;22.80;27.75;27.75;19.32;28.66;27.75;-;-;27.75;36.92;16.30;14.82;34.20;14.82;16.30
Jan 17, 2018 2:00 AM;Jan 17, 2018 3:00 AM;-;22.15;27.53;27.53;18.36;30.30;27.53;-;-;27.53;31.94;13.53;13.49;31.00;13.49;13.53
Jan 17, 2018 3:00 AM;Jan 17, 2018 4:00 AM;-;18.41;27.47;27.47;15.76;24.79;27.47;-;-;27.47;28.91;12.49;12.35;29.81;12.35;12.49
Jan 17, 2018 4:00 AM;Jan 17, 2018 5:00 AM;-;18.74;27.91;27.91;15.25;27.02;27.91;-;-;27.91;28.06;12.18;10.77;31.00;10.77;12.18
Jan 17, 2018 5:00 AM;Jan 17, 2018 6:00 AM;-;23.40;27.62;28.09;22.39;25.71;29.05;-;-;29.05;36.92;19.70;21.09;40.00;21.09;19.70
Jan 17, 2018 6:00 AM;Jan 17, 2018 7:00 AM;-;33.52;31.94;31.47;32.83;35.00;31.47;-;-;31.47;46.70;31.00;31.94;49.16;31.94;31.00
Jan 17, 2018 7:00 AM;Jan 17, 2018 8:00 AM;-;48.69;40.00;40.00;44.95;51.19;39.04;-;-;39.04;50.73;44.05;40.00;50.19;50.00;44.53
Jan 17, 2018 8:00 AM;Jan 17, 2018 9:00 AM;-;48.95;44.95;44.95;47.26;50.48;44.95;-;-;44.95;51.06;45.11;44.95;55.00;55.00;51.01
Jan 17, 2018 9:00 AM;Jan 17, 2018 10:00 AM;-;49.23;42.49;42.49;46.39;51.44;42.49;-;-;42.49;50.95;52.85;42.49;52.88;52.88;52.85
Jan 17, 2018 10:00 AM;Jan 17, 2018 11:00 AM;-;43.38;39.88;39.88;41.90;44.55;39.88;-;-;39.88;51.03;52.77;39.88;52.50;52.50;52.77
Jan 17, 2018 11:00 AM;Jan 17, 2018 12:00 PM;-;45.85;38.99;38.99;42.96;48.44;38.99;-;-;38.99;50.40;51.00;38.99;51.65;51.65;52.73
Jan 17, 2018 12:00 PM;Jan 17, 2018 1:00 PM;-;45.57;34.75;34.75;40.94;48.59;34.75;-;-;34.75;49.94;46.00;34.75;49.80;49.80;52.75
Jan 17, 2018 1:00 PM;Jan 17, 2018 2:00 PM;-;44.08;32.54;32.54;40.52;44.08;32.54;-;-;32.54;49.95;51.27;32.54;50.00;50.00;51.67
Jan 17, 2018 2:00 PM;Jan 17, 2018 3:00 PM;-;42.18;32.38;32.38;41.29;42.18;32.38;-;-;32.38;50.88;50.65;32.31;51.00;51.00;50.65
Jan 17, 2018 3:00 PM;Jan 17, 2018 4:00 PM;-;40.41;33.11;33.11;40.41;40.41;33.11;-;-;33.11;51.52;51.00;33.11;51.65;51.65;51.00
Jan 17, 2018 4:00 PM;Jan 17, 2018 5:00 PM;-;42.24;38.04;38.04;41.76;42.24;38.04;-;-;38.04;50.98;50.44;38.04;53.05;53.05;50.44
Jan 17, 2018 5:00 PM;Jan 17, 2018 6:00 PM;-;51.25;38.90;38.90;46.01;55.43;38.90;-;-;38.90;50.71;52.96;38.90;59.72;59.72;52.96
Jan 17, 2018 6:00 PM;Jan 17, 2018 7:00 PM;-;50.75;38.44;38.44;52.22;49.00;38.44;-;-;38.44;51.50;48.00;38.44;56.53;56.53;48.00
Jan 17, 2018 7:00 PM;Jan 17, 2018 8:00 PM;-;43.38;34.26;34.26;52.23;35.80;34.26;-;-;34.26;51.31;48.00;34.26;55.35;55.35;51.83
Jan 17, 2018 8:00 PM;Jan 17, 2018 9:00 PM;-;40.29;31.20;31.20;41.29;39.90;31.20;-;-;31.20;50.08;35.18;31.20;50.00;50.00;49.61
Jan 17, 2018 9:00 PM;Jan 17, 2018 10:00 PM;-;45.75;30.57;30.57;39.10;44.68;30.57;-;-;30.57;48.88;26.20;22.36;48.80;48.80;30.04
Jan 17, 2018 10:00 PM;Jan 17, 2018 11:00 PM;-;37.45;29.92;29.92;40.76;37.00;29.92;-;-;29.92;45.71;23.80;19.24;45.14;45.14;23.80
Jan 17, 2018 11:00 PM;Jan 18, 2018 12:00 AM;-;47.48;29.33;29.33;40.94;33.00;29.33;-;-;29.33;42.93;15.00;8.91;43.50;23.99;15.00
Jan 18, 2018 12:00 AM;Jan 18, 2018 1:00 AM;-;25.44;29.12;29.12;19.68;33.70;29.12;-;-;29.12;42.14;15.50;12.66;43.56;12.66;15.50
Jan 18, 2018 1:00 AM;Jan 18, 2018 2:00 AM;-;22.39;28.60;28.60;16.52;29.54;28.60;-;-;28.60;39.13;11.74;9.29;40.20;9.29;11.74
Jan 18, 2018 2:00 AM;Jan 18, 2018 3:00 AM;-;21.62;28.46;28.46;16.35;31.96;28.46;-;-;28.46;37.03;10.32;9.73;39.00;9.73;10.32
Jan 18, 2018 3:00 AM;Jan 18, 2018 4:00 AM;-;14.93;28.34;28.34;12.58;24.95;28.34;-;-;28.34;37.07;10.00;9.33;37.27;9.33;10.00
Jan 18, 2018 4:00 AM;Jan 18, 2018 5:00 AM;-;12.77;28.75;28.75;7.46;11.40;28.75;-;-;28.75;37.09;11.98;9.73;39.00;9.73;11.98
Jan 18, 2018 5:00 AM;Jan 18, 2018 6:00 AM;-;14.96;29.92;29.92;14.96;14.96;29.92;-;-;29.92;43.55;16.61;14.96;43.46;14.96;16.61
Jan 18, 2018 6:00 AM;Jan 18, 2018 7:00 AM;-;37.85;31.20;31.20;34.58;42.24;31.20;-;-;31.20;49.74;29.26;30.45;49.00;30.45;29.26
Jan 18, 2018 7:00 AM;Jan 18, 2018 8:00 AM;-;44.03;42.93;42.93;43.56;44.35;42.93;-;-;42.93;50.51;40.99;42.93;54.84;42.93;40.99
Jan 18, 2018 8:00 AM;Jan 18, 2018 9:00 AM;-;47.35;42.15;42.15;45.11;47.35;42.15;-;-;42.15;50.70;44.21;42.15;60.42;42.15;44.21
Jan 18, 2018 9:00 AM;Jan 18, 2018 10:00 AM;-;51.68;42.00;42.00;47.51;52.59;42.00;-;-;42.00;50.77;43.45;42.00;55.98;42.00;43.45
Jan 18, 2018 10:00 AM;Jan 18, 2018 11:00 AM;-;48.32;40.91;40.91;45.13;49.02;40.91;-;-;40.91;50.80;44.00;40.91;53.56;40.91;44.00
Jan 18, 2018 11:00 AM;Jan 18, 2018 12:00 PM;-;47.48;39.34;39.34;43.98;48.69;39.34;-;-;39.34;50.81;44.00;39.34;51.65;39.34;44.00
Jan 18, 2018 12:00 PM;Jan 18, 2018 1:00 PM;-;39.66;37.41;37.41;38.90;40.00;37.41;-;-;37.41;50.65;44.65;37.27;49.10;37.27;44.65
Jan 18, 2018 1:00 PM;Jan 18, 2018 2:00 PM;-;38.23;35.82;35.82;38.69;37.00;35.82;-;-;35.82;50.70;46.00;31.55;49.16;31.55;46.00
Jan 18, 2018 2:00 PM;Jan 18, 2018 3:00 PM;-;37.07;34.85;34.85;37.57;36.00;34.85;-;-;34.85;50.88;44.00;31.51;50.80;31.51;44.00
Jan 18, 2018 3:00 PM;Jan 18, 2018 4:00 PM;-;39.58;36.73;36.73;36.13;39.58;36.73;-;-;36.73;51.29;41.00;31.54;50.77;31.54;41.00
Jan 18, 2018 4:00 PM;Jan 18, 2018 5:00 PM;-;42.74;39.36;39.36;38.41;45.34;39.36;-;-;39.36;51.06;44.36;32.57;52.56;32.57;44.36
Jan 18, 2018 5:00 PM;Jan 18, 2018 6:00 PM;-;56.70;42.15;42.15;49.47;60.42;42.15;-;-;42.15;50.84;49.96;39.97;55.61;41.85;49.96
Jan 18, 2018 6:00 PM;Jan 18, 2018 7:00 PM;-;60.54;42.04;42.04;52.51;64.99;42.04;-;-;42.04;50.92;43.00;42.04;52.69;42.04;43.09
Jan 18, 2018 7:00 PM;Jan 18, 2018 8:00 PM;-;56.70;41.49;41.49;50.09;56.70;41.49;-;-;41.49;50.69;42.01;41.49;51.34;41.49;42.01
Jan 18, 2018 8:00 PM;Jan 18, 2018 9:00 PM;-;44.90;38.93;38.93;42.31;44.90;38.93;-;-;38.93;50.09;39.00;38.93;48.86;38.93;39.00
Jan 18, 2018 9:00 PM;Jan 18, 2018 10:00 PM;-;39.21;34.30;34.30;37.09;41.73;34.30;-;-;34.30;49.50;34.14;34.30;46.78;34.30;34.14
Jan 18, 2018 10:00 PM;Jan 18, 2018 11:00 PM;-;42.59;32.57;32.57;38.25;49.90;32.57;-;-;32.57;46.00;32.94;32.57;44.46;32.57;32.94
Jan 18, 2018 11:00 PM;Jan 19, 2018 12:00 AM;-;38.30;30.45;30.45;34.81;43.76;30.45;-;-;30.45;42.95;27.80;30.45;43.46;30.45;27.80
Jan 19, 2018 12:00 AM;Jan 19, 2018 1:00 AM;-;32.21;30.00;30.00;31.24;34.00;30.00;-;-;30.00;39.12;27.92;30.00;43.56;30.00;27.92
Jan 19, 2018 1:00 AM;Jan 19, 2018 2:00 AM;-;30.47;29.97;29.97;30.25;30.97;29.97;-;-;29.97;37.65;26.46;29.97;38.32;29.97;26.46
Jan 19, 2018 2:00 AM;Jan 19, 2018 3:00 AM;-;29.49;29.49;29.49;29.49;29.49;29.49;-;-;29.49;35.06;25.74;29.49;33.46;29.49;25.74
Jan 19, 2018 3:00 AM;Jan 19, 2018 4:00 AM;-;29.56;29.56;29.56;29.56;29.56;29.56;-;-;29.56;34.54;24.99;29.56;34.30;29.56;24.99
Jan 19, 2018 4:00 AM;Jan 19, 2018 5:00 AM;-;30.02;30.02;30.02;30.02;30.02;30.02;-;-;30.02;34.70;26.50;30.02;33.30;30.02;26.50
Jan 19, 2018 5:00 AM;Jan 19, 2018 6:00 AM;-;31.76;31.76;31.76;31.76;31.76;31.76;-;-;31.76;37.88;29.38;31.76;38.33;31.76;29.38
Jan 19, 2018 6:00 AM;Jan 19, 2018 7:00 AM;-;40.02;40.02;39.13;40.02;40.02;38.74;-;-;39.13;42.99;38.82;40.02;44.07;40.02;38.82
Jan 19, 2018 7:00 AM;Jan 19, 2018 8:00 AM;-;48.96;48.96;49.85;48.96;48.96;49.85;-;-;49.85;49.47;47.74;48.96;53.76;48.96;47.74
Jan 19, 2018 8:00 AM;Jan 19, 2018 9:00 AM;-;51.94;51.94;51.94;51.94;51.94;51.94;-;-;51.94;50.03;49.31;51.94;62.82;51.94;49.31
Jan 19, 2018 9:00 AM;Jan 19, 2018 10:00 AM;-;51.34;50.36;50.36;50.92;52.03;50.36;-;-;50.36;50.44;47.80;50.36;58.05;50.36;47.80
Jan 19, 2018 10:00 AM;Jan 19, 2018 11:00 AM;-;50.67;49.58;49.58;50.20;51.22;49.58;-;-;49.58;50.02;46.20;49.58;56.25;49.58;46.20
Jan 19, 2018 11:00 AM;Jan 19, 2018 12:00 PM;-;47.89;46.88;46.88;47.45;48.42;46.88;-;-;46.88;48.35;44.74;46.88;56.14;46.88;44.74
Jan 19, 2018 12:00 PM;Jan 19, 2018 1:00 PM;-;43.89;42.99;42.99;43.51;44.41;42.99;-;-;42.99;48.12;43.00;42.99;48.87;42.99;43.00
Jan 19, 2018 1:00 PM;Jan 19, 2018 2:00 PM;-;41.67;41.67;41.67;41.67;41.67;41.67;-;-;41.67;48.01;40.98;41.67;48.80;41.67;40.98
Jan 19, 2018 2:00 PM;Jan 19, 2018 3:00 PM;-;39.49;39.49;39.49;39.49;39.49;39.49;-;-;39.49;44.11;40.51;39.49;50.90;39.49;40.51
Jan 19, 2018 3:00 PM;Jan 19, 2018 4:00 PM;-;41.78;41.78;41.78;41.78;41.78;40.44;-;-;41.78;44.14;41.41;41.78;54.94;41.78;41.41
Jan 19, 2018 4:00 PM;Jan 19, 2018 5:00 PM;-;44.30;44.30;44.30;44.30;44.30;42.89;-;-;44.30;45.51;44.00;44.30;57.42;44.30;44.00
Jan 19, 2018 5:00 PM;Jan 19, 2018 6:00 PM;-;49.57;49.57;49.57;49.57;49.57;47.98;-;-;49.57;48.91;49.00;49.57;66.36;49.57;49.00
Jan 19, 2018 6:00 PM;Jan 19, 2018 7:00 PM;-;49.74;49.74;49.74;49.74;49.74;48.15;-;-;49.74;49.38;50.00;49.74;66.36;49.74;50.00
Jan 19, 2018 7:00 PM;Jan 19, 2018 8:00 PM;-;44.79;44.79;44.79;44.79;44.79;41.47;-;-;44.79;48.06;47.62;44.79;62.56;44.79;47.62
Jan 19, 2018 8:00 PM;Jan 19, 2018 9:00 PM;-;39.79;38.83;38.83;39.79;39.79;38.51;-;-;38.83;44.13;42.50;39.79;53.30;39.79;43.80
Jan 19, 2018 9:00 PM;Jan 19, 2018 10:00 PM;-;37.84;36.94;36.94;37.84;37.84;36.52;-;-;36.94;44.12;37.62;37.84;48.80;37.84;37.70
Jan 19, 2018 10:00 PM;Jan 19, 2018 11:00 PM;-;37.54;35.84;35.84;37.54;37.54;35.08;-;-;35.84;47.11;36.50;37.54;46.78;37.54;37.26
Jan 19, 2018 11:00 PM;Jan 20, 2018 12:00 AM;-;34.71;32.61;32.61;34.71;34.71;32.61;-;-;32.61;42.77;32.48;33.41;43.56;33.41;32.48
Jan 20, 2018 12:00 AM;Jan 20, 2018 1:00 AM;-;38.76;29.71;30.83;34.75;38.76;30.83;-;-;30.83;41.56;30.10;29.71;43.03;29.71;30.10
Jan 20, 2018 1:00 AM;Jan 20, 2018 2:00 AM;-;31.78;27.84;29.72;30.03;34.20;29.72;-;-;29.72;36.18;28.01;27.84;42.58;27.84;28.01
Jan 20, 2018 2:00 AM;Jan 20, 2018 3:00 AM;-;30.10;28.37;29.30;29.33;31.10;29.30;-;-;29.30;35.05;28.00;28.37;41.72;28.37;28.00
Jan 20, 2018 3:00 AM;Jan 20, 2018 4:00 AM;-;27.75;29.01;29.01;26.06;29.97;29.01;-;-;29.01;32.59;26.11;23.92;41.77;23.92;26.11
Jan 20, 2018 4:00 AM;Jan 20, 2018 5:00 AM;-;27.59;28.98;28.98;25.72;29.94;28.98;-;-;28.98;32.54;25.00;23.37;41.31;23.37;25.00
Jan 20, 2018 5:00 AM;Jan 20, 2018 6:00 AM;-;28.68;29.23;29.23;27.50;30.20;29.23;-;-;29.23;33.78;25.96;26.01;41.50;26.01;25.96
Jan 20, 2018 6:00 AM;Jan 20, 2018 7:00 AM;-;30.20;29.68;29.68;29.94;30.66;29.68;-;-;29.68;36.44;27.56;29.62;48.27;29.62;27.56
Jan 20, 2018 7:00 AM;Jan 20, 2018 8:00 AM;-;33.04;30.85;30.85;32.07;34.20;30.85;-;-;30.85;44.98;28.40;30.85;50.61;30.85;28.40
Jan 20, 2018 8:00 AM;Jan 20, 2018 9:00 AM;-;39.88;33.07;33.07;36.86;45.16;31.97;-;-;33.07;46.96;34.30;33.07;55.71;33.07;42.35
Jan 20, 2018 9:00 AM;Jan 20, 2018 10:00 AM;-;38.00;38.00;38.00;38.00;38.00;32.44;-;-;37.09;47.12;37.60;38.00;53.34;38.00;44.29
Jan 20, 2018 10:00 AM;Jan 20, 2018 11:00 AM;-;42.47;41.66;41.66;42.11;43.00;32.67;-;-;37.95;47.08;38.90;41.66;50.41;41.66;44.29
Jan 20, 2018 11:00 AM;Jan 20, 2018 12:00 PM;-;41.93;41.68;41.68;41.82;42.09;32.78;-;-;40.68;46.93;39.54;41.68;47.00;47.00;43.27
Jan 20, 2018 12:00 PM;Jan 20, 2018 1:00 PM;-;48.29;41.93;41.93;45.48;52.47;32.71;-;-;37.07;45.08;39.50;41.93;45.48;41.93;39.91
Jan 20, 2018 1:00 PM;Jan 20, 2018 2:00 PM;-;43.90;41.45;41.45;42.81;45.50;32.50;-;-;34.01;43.30;37.97;41.45;44.75;41.45;37.97
Jan 20, 2018 2:00 PM;Jan 20, 2018 3:00 PM;-;39.00;39.00;39.00;39.00;39.00;32.52;-;-;33.96;45.00;36.60;39.00;45.57;39.00;36.60
Jan 20, 2018 3:00 PM;Jan 20, 2018 4:00 PM;-;40.01;40.01;40.01;40.01;40.01;32.58;-;-;38.24;46.86;37.35;40.01;48.71;40.01;37.35
Jan 20, 2018 4:00 PM;Jan 20, 2018 5:00 PM;-;44.48;41.80;41.80;39.80;43.32;32.77;-;-;40.80;47.14;41.50;41.80;50.60;41.80;42.01
Jan 20, 2018 5:00 PM;Jan 20, 2018 6:00 PM;-;45.07;44.68;44.68;44.38;44.90;32.96;-;-;44.68;48.01;45.60;44.68;62.34;50.00;49.23
Jan 20, 2018 6:00 PM;Jan 20, 2018 7:00 PM;-;49.38;49.38;49.38;49.38;49.38;32.93;-;-;48.20;48.06;46.90;49.38;66.98;49.38;48.30
Jan 20, 2018 7:00 PM;Jan 20, 2018 8:00 PM;-;43.98;43.98;43.98;43.98;43.98;32.74;-;-;36.97;47.80;43.80;43.98;66.99;43.98;44.80
Jan 20, 2018 8:00 PM;Jan 20, 2018 9:00 PM;-;39.16;39.16;39.16;39.16;39.16;32.16;-;-;32.16;47.10;41.00;39.16;53.34;39.16;41.14
Jan 20, 2018 9:00 PM;Jan 20, 2018 10:00 PM;-;36.37;36.37;36.37;36.37;36.37;32.26;-;-;32.65;46.83;38.59;36.37;50.10;36.37;38.59
Jan 20, 2018 10:00 PM;Jan 20, 2018 11:00 PM;-;36.33;36.33;36.33;36.33;36.33;32.19;-;-;32.34;45.59;37.00;36.33;45.01;36.33;37.00
Jan 20, 2018 11:00 PM;Jan 21, 2018 12:00 AM;-;33.96;32.67;32.67;33.39;34.90;31.71;-;-;31.75;39.79;34.00;32.67;41.85;32.67;34.00
Jan 21, 2018 12:00 AM;Jan 21, 2018 1:00 AM;-;32.23;31.88;31.88;32.07;32.49;31.45;-;-;31.73;36.54;28.61;31.88;38.75;31.88;28.61
Jan 21, 2018 1:00 AM;Jan 21, 2018 2:00 AM;-;30.69;30.41;30.41;30.57;30.90;30.41;-;-;30.41;32.95;26.47;30.41;34.99;30.41;26.47
Jan 21, 2018 2:00 AM;Jan 21, 2018 3:00 AM;-;29.24;29.24;29.24;29.24;29.24;29.24;-;-;29.24;29.53;25.00;29.24;30.00;29.24;25.00
Jan 21, 2018 3:00 AM;Jan 21, 2018 4:00 AM;-;28.00;28.71;28.71;27.50;27.88;28.71;-;-;28.71;29.03;24.07;27.71;27.71;27.71;24.07
Jan 21, 2018 4:00 AM;Jan 21, 2018 5:00 AM;-;33.01;28.80;28.80;19.99;29.75;28.80;-;-;28.80;27.91;24.20;25.56;25.56;25.56;24.20
Jan 21, 2018 5:00 AM;Jan 21, 2018 6:00 AM;-;31.25;29.05;29.05;25.00;29.66;29.05;-;-;29.05;28.30;24.99;27.68;27.68;27.68;24.99
Jan 21, 2018 6:00 AM;Jan 21, 2018 7:00 AM;-;28.47;29.48;29.48;28.47;28.47;29.48;-;-;29.48;32.48;26.50;28.47;28.47;28.47;26.50
Jan 21, 2018 7:00 AM;Jan 21, 2018 8:00 AM;-;31.16;30.31;30.75;30.78;31.83;30.75;-;-;30.75;39.78;28.87;30.31;32.56;30.31;28.87
Jan 21, 2018 8:00 AM;Jan 21, 2018 9:00 AM;-;32.49;32.49;32.04;32.49;32.49;31.45;-;-;32.04;40.74;32.60;32.49;36.13;32.49;32.74
Jan 21, 2018 9:00 AM;Jan 21, 2018 10:00 AM;-;35.30;35.30;35.30;35.30;35.30;31.60;-;-;34.45;40.35;37.23;35.30;44.00;35.30;37.23
Jan 21, 2018 10:00 AM;Jan 21, 2018 11:00 AM;-;38.88;38.88;38.88;38.88;38.88;31.83;-;-;37.95;38.05;40.00;38.88;46.40;38.88;40.00
Jan 21, 2018 11:00 AM;Jan 21, 2018 12:00 PM;-;41.60;40.93;40.93;41.30;42.00;32.13;-;-;39.95;39.33;41.00;40.93;45.54;40.93;41.00
Jan 21, 2018 12:00 PM;Jan 21, 2018 1:00 PM;-;43.75;40.93;40.93;42.08;43.75;32.15;-;-;39.62;39.50;40.51;40.93;43.13;40.93;40.51
Jan 21, 2018 1:00 PM;Jan 21, 2018 2:00 PM;-;37.77;37.77;37.77;37.77;37.77;32.06;-;-;36.86;38.10;37.97;37.77;37.77;37.77;37.97
Jan 21, 2018 2:00 PM;Jan 21, 2018 3:00 PM;-;33.84;33.84;33.84;33.84;33.84;32.25;-;-;33.84;36.26;35.19;33.84;38.74;33.84;35.19
Jan 21, 2018 3:00 PM;Jan 21, 2018 4:00 PM;-;35.29;34.62;34.62;34.12;35.00;32.39;-;-;34.62;36.95;35.65;34.62;43.43;34.62;35.65
Jan 21, 2018 4:00 PM;Jan 21, 2018 5:00 PM;-;41.33;38.04;38.04;35.58;39.90;32.84;-;-;38.04;38.71;38.70;38.04;48.15;38.04;38.70
Jan 21, 2018 5:00 PM;Jan 21, 2018 6:00 PM;-;52.48;42.93;42.93;35.77;48.30;33.01;-;-;42.93;46.93;43.00;42.93;53.34;42.93;43.00
Jan 21, 2018 6:00 PM;Jan 21, 2018 7:00 PM;-;48.08;48.08;48.08;48.08;48.08;32.66;-;-;48.08;47.82;43.56;48.08;51.90;48.08;43.56
Jan 21, 2018 7:00 PM;Jan 21, 2018 8:00 PM;-;48.99;42.92;42.92;46.27;52.80;32.44;-;-;42.92;47.29;41.41;42.92;53.34;42.92;41.41
Jan 21, 2018 8:00 PM;Jan 21, 2018 9:00 PM;-;43.68;37.46;37.46;40.90;47.79;36.56;-;-;36.56;46.94;37.60;37.46;50.41;37.46;37.60
Jan 21, 2018 9:00 PM;Jan 21, 2018 10:00 PM;-;34.03;32.53;32.53;33.36;35.00;32.53;-;-;32.53;45.58;33.22;32.53;49.91;32.53;33.22
Jan 21, 2018 10:00 PM;Jan 21, 2018 11:00 PM;-;33.35;32.50;32.18;32.97;33.84;32.18;-;-;32.18;42.08;31.79;32.50;45.08;32.50;31.79
Jan 21, 2018 11:00 PM;Jan 22, 2018 12:00 AM;-;31.62;30.20;30.52;30.99;32.40;30.52;-;-;30.52;38.98;28.90;30.20;37.00;30.20;28.90
Jan 22, 2018 12:00 AM;Jan 22, 2018 1:00 AM;-;27.06;27.06;29.26;27.06;27.06;29.26;-;-;29.26;35.60;26.57;27.06;27.06;27.06;26.57
Jan 22, 2018 1:00 AM;Jan 22, 2018 2:00 AM;-;20.00;28.58;28.58;20.00;20.00;28.58;-;-;28.58;29.15;20.90;20.00;20.00;20.00;20.90
Jan 22, 2018 2:00 AM;Jan 22, 2018 3:00 AM;-;16.22;28.38;28.38;16.22;16.22;28.38;-;-;28.38;26.99;20.00;16.22;16.22;16.22;18.90
Jan 22, 2018 3:00 AM;Jan 22, 2018 4:00 AM;-;13.39;28.38;28.38;12.50;13.16;28.38;-;-;28.53;26.91;15.90;12.88;12.88;12.88;13.92
Jan 22, 2018 4:00 AM;Jan 22, 2018 5:00 AM;-;26.00;28.38;28.38;7.59;21.27;28.38;-;-;28.94;32.68;15.40;15.52;15.84;15.52;15.40
Jan 22, 2018 5:00 AM;Jan 22, 2018 6:00 AM;-;29.27;25.97;29.73;21.12;27.48;28.88;-;-;29.73;36.03;22.01;25.01;33.00;25.01;22.01
Jan 22, 2018 6:00 AM;Jan 22, 2018 7:00 AM;-;33.08;33.08;33.20;33.08;33.08;31.55;-;-;33.20;46.72;34.10;33.08;44.65;33.08;34.10
Jan 22, 2018 7:00 AM;Jan 22, 2018 8:00 AM;-;42.95;42.95;42.95;42.95;42.95;41.58;-;-;42.95;48.44;43.00;42.95;48.15;48.15;43.00
Jan 22, 2018 8:00 AM;Jan 22, 2018 9:00 AM;-;45.06;45.06;47.40;45.06;45.06;45.06;-;-;47.40;48.30;46.47;45.06;51.68;45.06;46.47
Jan 22, 2018 9:00 AM;Jan 22, 2018 10:00 AM;-;46.83;45.90;45.90;46.44;47.42;45.90;-;-;45.90;48.46;46.81;45.90;50.39;50.39;46.81
Jan 22, 2018 10:00 AM;Jan 22, 2018 11:00 AM;-;45.87;44.98;44.98;45.49;46.47;44.98;-;-;44.98;48.59;46.07;44.98;48.95;44.98;46.07
Jan 22, 2018 11:00 AM;Jan 22, 2018 12:00 PM;-;48.39;46.84;48.39;48.39;48.39;46.84;-;-;48.39;48.43;45.30;48.39;48.39;48.39;45.30
Jan 22, 2018 12:00 PM;Jan 22, 2018 1:00 PM;-;47.00;45.50;47.00;47.00;47.00;45.50;-;-;47.00;48.54;44.96;47.00;47.00;47.00;44.96
Jan 22, 2018 1:00 PM;Jan 22, 2018 2:00 PM;-;47.39;45.87;47.39;47.39;47.39;45.87;-;-;47.39;48.38;44.54;47.39;47.39;47.39;44.54
Jan 22, 2018 2:00 PM;Jan 22, 2018 3:00 PM;-;46.34;44.85;46.34;46.34;46.34;44.85;-;-;46.34;48.58;43.50;46.34;48.95;46.34;43.50
Jan 22, 2018 3:00 PM;Jan 22, 2018 4:00 PM;-;43.94;43.94;43.94;43.94;43.94;42.54;-;-;43.94;48.63;43.77;43.94;50.20;43.94;43.77
Jan 22, 2018 4:00 PM;Jan 22, 2018 5:00 PM;-;43.65;43.65;43.99;43.65;43.65;42.25;-;-;43.99;48.07;45.17;43.65;55.69;43.65;45.17
Jan 22, 2018 5:00 PM;Jan 22, 2018 6:00 PM;-;49.50;49.50;50.72;49.50;49.50;49.50;-;-;50.72;49.02;50.99;49.50;66.98;51.00;50.99
Jan 22, 2018 6:00 PM;Jan 22, 2018 7:00 PM;-;51.00;51.00;51.00;51.00;51.00;49.37;-;-;51.00;48.91;49.95;51.00;67.00;51.00;49.95
Jan 22, 2018 7:00 PM;Jan 22, 2018 8:00 PM;-;48.05;48.05;48.05;48.05;48.05;46.51;-;-;48.05;48.02;46.68;48.05;57.32;48.05;46.68
Jan 22, 2018 8:00 PM;Jan 22, 2018 9:00 PM;-;42.82;42.82;42.82;42.82;42.82;41.45;-;-;42.82;47.56;41.14;42.82;50.94;42.82;41.14
Jan 22, 2018 9:00 PM;Jan 22, 2018 10:00 PM;-;38.99;38.99;38.99;38.99;38.99;37.74;-;-;38.99;47.09;38.00;38.99;49.91;38.99;38.00
Jan 22, 2018 10:00 PM;Jan 22, 2018 11:00 PM;-;37.99;36.20;36.20;37.99;37.99;36.20;-;-;36.20;48.01;35.37;37.99;47.10;37.99;35.37
Jan 22, 2018 11:00 PM;Jan 23, 2018 12:00 AM;-;35.84;33.50;33.50;35.84;35.84;33.50;-;-;33.50;45.14;31.13;35.84;44.65;35.84;31.13
Jan 23, 2018 12:00 AM;Jan 23, 2018 1:00 AM;-;34.20;33.38;33.38;34.20;34.20;32.67;-;-;33.38;41.17;33.00;34.20;47.00;34.20;33.00
Jan 23, 2018 1:00 AM;Jan 23, 2018 2:00 AM;-;32.52;31.74;31.74;32.52;32.52;31.48;-;-;31.74;40.10;31.15;32.52;43.76;32.52;31.15
Jan 23, 2018 2:00 AM;Jan 23, 2018 3:00 AM;-;31.54;30.78;30.78;31.54;31.54;30.78;-;-;30.78;39.20;30.42;31.54;43.23;31.54;30.42
Jan 23, 2018 3:00 AM;Jan 23, 2018 4:00 AM;-;30.38;30.38;30.38;30.38;30.38;30.38;-;-;30.38;38.63;29.33;30.38;43.28;30.38;29.33
Jan 23, 2018 4:00 AM;Jan 23, 2018 5:00 AM;-;30.97;30.97;30.97;30.97;30.97;30.97;-;-;30.97;38.56;29.64;30.97;43.16;30.97;29.64
Jan 23, 2018 5:00 AM;Jan 23, 2018 6:00 AM;-;32.48;32.48;32.48;32.48;32.48;31.81;-;-;32.48;41.02;34.00;32.48;44.06;32.48;34.00
Jan 23, 2018 6:00 AM;Jan 23, 2018 7:00 AM;-;40.00;39.49;39.49;40.00;40.00;34.42;-;-;39.04;47.88;42.10;40.00;52.62;40.00;43.45
Jan 23, 2018 7:00 AM;Jan 23, 2018 8:00 AM;-;48.93;48.48;48.93;48.93;48.93;47.36;-;-;48.93;50.10;50.48;48.93;66.13;48.93;50.48
Jan 23, 2018 8:00 AM;Jan 23, 2018 9:00 AM;-;52.74;51.05;52.74;52.74;52.74;51.05;-;-;52.74;51.24;54.00;52.74;72.59;52.74;54.00
Jan 23, 2018 9:00 AM;Jan 23, 2018 10:00 AM;-;50.79;44.64;50.79;50.79;50.79;41.81;-;-;50.79;50.26;51.92;50.79;64.17;50.79;51.92
Jan 23, 2018 10:00 AM;Jan 23, 2018 11:00 AM;-;48.20;36.64;47.04;48.20;48.20;35.85;-;-;47.04;48.85;48.47;48.20;52.55;48.20;48.47
Jan 23, 2018 11:00 AM;Jan 23, 2018 12:00 PM;-;44.91;33.65;43.83;44.91;44.91;33.65;-;-;43.83;48.55;47.90;44.91;48.91;44.91;47.90
Jan 23, 2018 12:00 PM;Jan 23, 2018 1:00 PM;-;41.94;32.94;40.06;41.94;41.94;32.94;-;-;40.06;48.00;45.56;41.94;45.90;41.94;45.56
Jan 23, 2018 1:00 PM;Jan 23, 2018 2:00 PM;-;41.83;32.85;37.28;41.83;41.83;32.85;-;-;37.28;48.02;42.91;41.83;45.80;41.83;42.91
Jan 23, 2018 2:00 PM;Jan 23, 2018 3:00 PM;-;39.00;32.66;36.59;39.00;39.00;32.66;-;-;36.59;48.56;40.06;39.00;46.44;39.00;40.06
Jan 23, 2018 3:00 PM;Jan 23, 2018 4:00 PM;-;37.50;32.59;36.60;37.50;37.50;32.59;-;-;36.60;48.62;39.70;37.50;48.15;37.50;39.70
Jan 23, 2018 4:00 PM;Jan 23, 2018 5:00 PM;-;35.63;33.67;34.54;35.63;35.63;33.67;-;-;34.54;48.60;41.81;35.63;52.55;35.63;41.81
Jan 23, 2018 5:00 PM;Jan 23, 2018 6:00 PM;-;40.94;37.02;37.02;40.94;40.94;37.02;-;-;37.02;48.46;46.00;40.94;59.38;40.94;46.00
Jan 23, 2018 6:00 PM;Jan 23, 2018 7:00 PM;-;44.35;32.99;32.99;42.90;44.35;32.99;-;-;32.99;48.80;43.99;40.98;58.00;40.98;43.99
Jan 23, 2018 7:00 PM;Jan 23, 2018 8:00 PM;-;45.52;32.69;32.69;40.97;37.40;32.06;-;-;32.69;48.59;37.97;34.59;54.99;34.59;37.97
Jan 23, 2018 8:00 PM;Jan 23, 2018 9:00 PM;-;38.25;30.99;30.99;36.48;38.25;30.93;-;-;30.99;48.41;35.11;33.25;50.19;33.25;35.11
Jan 23, 2018 9:00 PM;Jan 23, 2018 10:00 PM;-;32.56;29.62;29.62;31.31;34.00;29.62;-;-;29.62;47.94;27.27;29.62;47.09;31.00;27.27
Jan 23, 2018 10:00 PM;Jan 23, 2018 11:00 PM;-;32.06;28.03;28.03;30.31;33.90;28.72;-;-;28.72;47.35;24.14;28.03;47.00;28.03;24.14
Jan 23, 2018 11:00 PM;Jan 24, 2018 12:00 AM;-;33.01;13.64;13.64;24.35;33.01;28.11;-;-;28.11;42.93;14.01;13.64;43.28;13.64;14.01
Jan 24, 2018 12:00 AM;Jan 24, 2018 1:00 AM;-;27.50;13.46;13.46;21.22;28.05;27.16;-;-;27.16;46.24;27.65;13.46;44.66;44.66;27.65
Jan 24, 2018 1:00 AM;Jan 24, 2018 2:00 AM;-;26.72;11.21;11.21;19.79;27.81;26.92;-;-;26.92;42.71;16.19;11.21;41.96;11.21;16.19
Jan 24, 2018 2:00 AM;Jan 24, 2018 3:00 AM;-;15.25;10.34;10.34;12.94;27.17;26.30;-;-;25.21;42.42;11.63;10.34;39.50;10.34;11.63
Jan 24, 2018 3:00 AM;Jan 24, 2018 4:00 AM;-;14.36;9.26;9.26;11.40;24.87;25.69;-;-;25.62;41.97;10.94;9.26;40.00;9.26;10.94
Jan 24, 2018 4:00 AM;Jan 24, 2018 5:00 AM;-;14.25;11.23;11.23;11.23;25.08;25.91;-;-;25.91;41.93;16.17;11.23;40.00;11.23;16.17
Jan 24, 2018 5:00 AM;Jan 24, 2018 6:00 AM;-;18.91;16.74;16.74;16.74;26.51;27.39;-;-;27.39;42.94;33.09;16.74;42.73;31.10;33.09
Jan 24, 2018 6:00 AM;Jan 24, 2018 7:00 AM;-;29.05;28.83;28.83;28.92;29.50;28.56;-;-;28.83;48.64;47.76;28.83;49.08;49.08;47.76
Jan 24, 2018 7:00 AM;Jan 24, 2018 8:00 AM;-;43.30;40.92;40.92;42.49;43.30;30.93;-;-;31.94;49.54;52.00;40.92;50.32;50.32;52.00
Jan 24, 2018 8:00 AM;Jan 24, 2018 9:00 AM;-;48.60;32.39;32.39;45.58;48.60;32.39;-;-;32.39;49.51;52.94;40.00;61.66;61.66;52.94
Jan 24, 2018 9:00 AM;Jan 24, 2018 10:00 AM;-;50.98;31.88;31.88;43.52;50.98;31.88;-;-;31.88;48.98;54.51;32.66;51.88;51.88;54.51
Jan 24, 2018 10:00 AM;Jan 24, 2018 11:00 AM;-;45.00;30.57;30.57;39.91;45.00;30.57;-;-;30.57;49.52;51.23;30.57;48.60;48.60;51.23
Jan 24, 2018 11:00 AM;Jan 24, 2018 12:00 PM;-;50.97;29.90;29.90;37.92;50.97;29.90;-;-;29.90;49.58;48.17;29.90;48.10;48.10;48.17
Jan 24, 2018 12:00 PM;Jan 24, 2018 1:00 PM;-;47.00;29.82;29.82;36.84;47.00;29.82;-;-;29.82;47.93;49.08;29.82;46.36;46.36;49.08
Jan 24, 2018 1:00 PM;Jan 24, 2018 2:00 PM;-;45.33;29.06;29.40;35.73;45.33;29.06;-;-;29.40;48.14;51.30;29.06;47.58;47.58;51.30
Jan 24, 2018 2:00 PM;Jan 24, 2018 3:00 PM;-;41.13;28.83;28.83;31.33;41.13;28.83;-;-;29.36;48.60;49.08;25.05;48.49;48.49;49.08
Jan 24, 2018 3:00 PM;Jan 24, 2018 4:00 PM;-;35.20;28.73;28.73;29.45;38.00;28.73;-;-;29.35;48.71;48.22;26.11;50.31;50.31;48.22
Jan 24, 2018 4:00 PM;Jan 24, 2018 5:00 PM;-;35.20;29.00;29.33;31.32;37.11;29.00;-;-;29.33;49.44;57.00;29.00;61.66;61.66;57.00
Jan 24, 2018 5:00 PM;Jan 24, 2018 6:00 PM;-;41.06;29.70;29.70;34.53;48.50;29.70;-;-;29.70;49.51;64.09;29.70;72.87;72.87;64.09
Jan 24, 2018 6:00 PM;Jan 24, 2018 7:00 PM;-;47.00;29.27;29.27;43.72;47.00;29.15;-;-;29.27;49.52;50.46;29.27;72.87;72.87;60.80
Jan 24, 2018 7:00 PM;Jan 24, 2018 8:00 PM;-;46.65;28.37;28.37;41.33;46.65;28.50;-;-;29.04;48.71;49.00;28.37;70.83;70.83;59.08
Jan 24, 2018 8:00 PM;Jan 24, 2018 9:00 PM;-;35.33;25.06;25.06;30.89;38.79;28.45;-;-;28.45;48.62;35.40;25.06;54.82;54.82;48.67
Jan 24, 2018 9:00 PM;Jan 24, 2018 10:00 PM;-;29.39;18.26;18.26;24.64;34.70;28.15;-;-;28.15;48.32;19.47;18.26;49.65;49.65;41.29
Jan 24, 2018 10:00 PM;Jan 24, 2018 11:00 PM;-;28.95;16.49;16.49;23.53;33.50;27.56;-;-;25.04;47.83;15.14;16.49;49.21;49.21;39.50
Jan 24, 2018 11:00 PM;Jan 25, 2018 12:00 AM;-;26.25;11.83;11.83;19.81;32.90;27.22;-;-;15.59;45.54;10.54;11.83;46.89;46.89;37.12
Jan 25, 2018 12:00 AM;Jan 25, 2018 1:00 AM;-;18.35;4.72;4.72;12.22;28.08;27.18;-;-;21.76;43.96;13.74;4.72;47.26;47.26;35.53
Jan 25, 2018 1:00 AM;Jan 25, 2018 2:00 AM;-;19.35;5.45;5.45;13.14;29.44;26.81;-;-;15.85;41.85;18.00;5.45;44.80;44.80;31.58
Jan 25, 2018 2:00 AM;Jan 25, 2018 3:00 AM;-;15.36;3.87;3.87;10.31;27.10;26.23;-;-;15.18;40.28;16.58;3.87;43.28;43.28;16.58
Jan 25, 2018 3:00 AM;Jan 25, 2018 4:00 AM;-;12.14;4.69;4.69;9.03;24.64;25.45;-;-;17.80;40.26;11.55;4.69;42.86;42.86;11.55
Jan 25, 2018 4:00 AM;Jan 25, 2018 5:00 AM;-;11.65;4.74;4.74;8.76;23.30;24.07;-;-;22.52;40.21;23.06;4.74;43.01;43.01;23.06
Jan 25, 2018 5:00 AM;Jan 25, 2018 6:00 AM;-;14.41;13.99;13.99;14.24;15.10;26.00;-;-;26.00;43.30;16.00;13.99;44.67;44.67;37.14
Jan 25, 2018 6:00 AM;Jan 25, 2018 7:00 AM;-;30.68;28.12;28.12;29.54;32.10;28.12;-;-;28.12;48.23;34.26;28.12;50.82;50.82;45.71
Jan 25, 2018 7:00 AM;Jan 25, 2018 8:00 AM;-;40.94;39.48;39.48;40.94;40.94;30.20;-;-;30.20;48.92;40.52;40.94;58.98;58.98;53.78
Jan 25, 2018 8:00 AM;Jan 25, 2018 9:00 AM;-;41.33;33.68;33.68;41.30;41.35;30.95;-;-;30.95;48.75;41.00;41.27;71.54;71.54;59.90
Jan 25, 2018 9:00 AM;Jan 25, 2018 10:00 AM;-;40.20;30.96;30.96;40.09;40.29;30.96;-;-;30.96;48.77;40.50;39.94;67.00;67.00;55.88
Jan 25, 2018 10:00 AM;Jan 25, 2018 11:00 AM;-;39.89;30.86;30.86;39.76;40.00;30.86;-;-;30.86;48.62;40.29;39.58;51.57;51.57;49.97
Jan 25, 2018 11:00 AM;Jan 25, 2018 12:00 PM;-;39.87;30.49;30.49;39.84;39.90;30.49;-;-;30.49;48.69;40.57;39.80;51.06;51.06;51.40
Jan 25, 2018 12:00 PM;Jan 25, 2018 1:00 PM;-;41.39;30.22;30.22;40.83;41.86;30.22;-;-;30.22;48.48;41.46;40.05;49.47;49.47;50.67
Jan 25, 2018 1:00 PM;Jan 25, 2018 2:00 PM;-;41.13;30.29;30.29;41.13;41.13;30.29;-;-;30.29;48.41;42.61;41.13;49.09;49.09;48.30
Jan 25, 2018 2:00 PM;Jan 25, 2018 3:00 PM;-;43.98;30.43;30.43;43.98;43.98;30.43;-;-;30.43;48.09;43.02;43.98;50.57;50.57;46.61
Jan 25, 2018 3:00 PM;Jan 25, 2018 4:00 PM;-;45.29;30.85;30.85;45.29;45.29;30.85;-;-;30.85;48.27;43.63;45.29;51.56;47.03;47.53
Jan 25, 2018 4:00 PM;Jan 25, 2018 5:00 PM;-;45.47;21.01;31.83;45.47;45.47;31.83;-;-;31.83;48.09;46.02;45.47;58.00;58.00;57.14
Jan 25, 2018 5:00 PM;Jan 25, 2018 6:00 PM;-;49.37;44.21;45.65;49.37;49.37;33.38;-;-;45.65;49.86;48.99;49.37;72.59;72.59;62.07
Jan 25, 2018 6:00 PM;Jan 25, 2018 7:00 PM;-;53.59;33.19;44.51;53.23;53.92;33.19;-;-;44.51;52.07;49.23;52.76;71.23;71.23;61.48
Jan 25, 2018 7:00 PM;Jan 25, 2018 8:00 PM;-;49.93;32.14;32.14;49.93;49.93;32.14;-;-;32.14;49.96;47.41;49.93;65.00;65.00;55.65
Jan 25, 2018 8:00 PM;Jan 25, 2018 9:00 PM;-;43.71;31.48;31.48;43.71;43.71;31.48;-;-;31.48;47.64;46.09;43.71;51.22;51.22;52.70
Jan 25, 2018 9:00 PM;Jan 25, 2018 10:00 PM;-;38.98;30.72;30.72;38.98;38.98;30.72;-;-;30.72;46.50;40.50;38.98;48.66;48.66;44.13
Jan 25, 2018 10:00 PM;Jan 25, 2018 11:00 PM;-;38.62;29.71;29.71;38.62;38.62;29.71;-;-;29.71;45.16;39.46;38.62;46.87;38.62;40.49
Jan 25, 2018 11:00 PM;Jan 26, 2018 12:00 AM;-;38.00;28.98;28.98;35.31;37.41;28.98;-;-;28.98;42.90;35.35;34.90;44.01;34.90;36.82
Jan 26, 2018 12:00 AM;Jan 26, 2018 1:00 AM;-;37.23;29.28;29.28;37.23;37.23;29.28;-;-;29.28;44.81;34.63;37.23;46.24;37.23;40.85
Jan 26, 2018 1:00 AM;Jan 26, 2018 2:00 AM;-;35.03;28.99;28.99;35.03;35.03;28.99;-;-;28.99;41.56;33.13;35.03;43.39;35.03;37.21
Jan 26, 2018 2:00 AM;Jan 26, 2018 3:00 AM;-;34.10;28.94;28.94;34.10;34.10;28.94;-;-;28.94;39.94;32.74;34.10;42.63;34.10;32.74
Jan 26, 2018 3:00 AM;Jan 26, 2018 4:00 AM;-;33.01;29.10;29.10;33.01;33.01;29.10;-;-;29.10;40.28;31.62;33.01;41.04;33.01;31.62
Jan 26, 2018 4:00 AM;Jan 26, 2018 5:00 AM;-;33.07;29.55;29.55;32.80;33.00;29.55;-;-;29.55;39.29;32.22;32.91;42.23;32.91;32.22
Jan 26, 2018 5:00 AM;Jan 26, 2018 6:00 AM;-;34.90;30.10;30.10;34.90;34.90;30.10;-;-;30.10;41.92;35.74;34.90;43.01;34.90;40.03
Jan 26, 2018 6:00 AM;Jan 26, 2018 7:00 AM;-;39.91;38.95;38.95;39.91;39.91;31.21;-;-;38.95;47.76;43.66;39.91;47.30;39.91;49.97
Jan 26, 2018 7:00 AM;Jan 26, 2018 8:00 AM;-;51.27;33.57;48.21;51.27;51.27;33.57;-;-;48.21;51.03;53.00;51.27;51.27;51.27;56.48
Jan 26, 2018 8:00 AM;Jan 26, 2018 9:00 AM;-;54.72;37.01;51.39;54.72;54.72;35.58;-;-;51.39;51.16;53.02;54.72;57.10;54.72;65.51
Jan 26, 2018 9:00 AM;Jan 26, 2018 10:00 AM;-;54.52;36.39;53.21;54.52;54.52;34.51;-;-;53.21;50.59;51.67;54.52;54.52;54.52;58.48
Jan 26, 2018 10:00 AM;Jan 26, 2018 11:00 AM;-;54.02;35.53;52.72;54.02;54.02;35.53;-;-;52.72;50.10;50.42;54.02;54.02;54.02;54.67
Jan 26, 2018 11:00 AM;Jan 26, 2018 12:00 PM;-;53.18;34.09;51.90;53.18;53.18;34.09;-;-;51.90;49.02;50.00;53.18;53.18;53.18;53.28
Jan 26, 2018 12:00 PM;Jan 26, 2018 1:00 PM;-;50.23;33.35;49.02;50.23;50.23;33.35;-;-;49.02;48.16;49.50;50.23;50.23;50.23;52.91
Jan 26, 2018 1:00 PM;Jan 26, 2018 2:00 PM;-;49.20;32.93;48.02;49.20;49.20;32.93;-;-;48.02;48.07;48.15;49.20;49.20;49.20;51.92
Jan 26, 2018 2:00 PM;Jan 26, 2018 3:00 PM;-;48.96;32.82;47.78;48.96;48.96;32.82;-;-;47.78;48.02;47.00;48.96;48.96;48.96;51.22
Jan 26, 2018 3:00 PM;Jan 26, 2018 4:00 PM;-;48.25;32.65;47.09;48.25;48.25;32.65;-;-;47.09;48.08;46.94;48.25;50.50;50.50;52.91
Jan 26, 2018 4:00 PM;Jan 26, 2018 5:00 PM;-;48.25;33.54;47.09;48.25;48.25;33.54;-;-;47.09;47.83;48.30;48.25;53.86;53.86;59.83
Jan 26, 2018 5:00 PM;Jan 26, 2018 6:00 PM;-;51.15;48.50;49.92;51.15;51.15;38.45;-;-;49.92;50.26;51.37;51.15;65.00;51.15;66.41
Jan 26, 2018 6:00 PM;Jan 26, 2018 7:00 PM;-;54.70;47.10;52.74;54.70;54.70;35.21;-;-;52.74;52.08;52.64;54.70;64.18;54.70;63.63
Jan 26, 2018 7:00 PM;Jan 26, 2018 8:00 PM;-;52.09;43.03;44.28;52.09;52.09;33.25;-;-;44.28;49.98;49.72;52.09;57.34;52.09;61.48
Jan 26, 2018 8:00 PM;Jan 26, 2018 9:00 PM;-;46.00;33.17;33.17;46.00;46.00;32.45;-;-;32.45;47.82;46.60;46.00;50.50;50.50;52.92
Jan 26, 2018 9:00 PM;Jan 26, 2018 10:00 PM;-;40.44;31.55;31.55;40.44;40.44;31.55;-;-;31.55;46.13;41.01;40.44;48.32;48.32;49.95
Jan 26, 2018 10:00 PM;Jan 26, 2018 11:00 PM;-;40.43;30.65;30.65;40.43;40.43;30.65;-;-;30.65;46.83;39.70;40.43;46.92;46.92;49.29
Jan 26, 2018 11:00 PM;Jan 27, 2018 12:00 AM;-;39.00;30.19;30.19;39.00;39.00;30.19;-;-;30.19;42.97;35.60;39.00;43.99;39.00;43.37
Jan 27, 2018 12:00 AM;Jan 27, 2018 1:00 AM;-;36.81;30.80;30.80;36.81;36.81;30.80;-;-;30.80;42.52;34.30;36.81;46.96;36.81;35.05
Jan 27, 2018 1:00 AM;Jan 27, 2018 2:00 AM;-;33.80;30.22;30.22;33.80;33.80;30.22;-;-;30.22;41.39;32.70;33.80;45.20;33.80;32.70
Jan 27, 2018 2:00 AM;Jan 27, 2018 3:00 AM;-;32.87;30.01;30.01;32.87;32.87;30.01;-;-;30.01;40.01;30.30;32.87;42.33;32.87;30.30
Jan 27, 2018 3:00 AM;Jan 27, 2018 4:00 AM;-;32.53;29.99;29.99;32.53;32.53;29.99;-;-;29.99;39.22;30.17;32.53;41.35;32.53;30.17
Jan 27, 2018 4:00 AM;Jan 27, 2018 5:00 AM;-;32.53;30.23;30.23;32.53;32.53;30.23;-;-;30.23;38.09;30.30;32.53;41.35;32.53;30.30
Jan 27, 2018 5:00 AM;Jan 27, 2018 6:00 AM;-;31.79;30.78;30.78;31.79;31.79;30.78;-;-;30.78;38.08;30.95;31.79;41.66;31.79;30.95
Jan 27, 2018 6:00 AM;Jan 27, 2018 7:00 AM;-;32.51;30.76;30.76;32.51;32.51;30.76;-;-;30.76;39.04;30.22;32.51;46.00;32.51;30.93
Jan 27, 2018 7:00 AM;Jan 27, 2018 8:00 AM;-;34.65;33.51;33.51;34.65;34.65;30.76;-;-;30.76;45.94;34.50;34.65;49.93;34.65;36.21
Jan 27, 2018 8:00 AM;Jan 27, 2018 9:00 AM;-;43.45;38.00;38.00;43.45;43.45;31.55;-;-;37.22;46.57;37.51;43.45;49.99;49.99;45.33
Jan 27, 2018 9:00 AM;Jan 27, 2018 10:00 AM;-;47.19;40.01;40.01;47.19;47.19;32.71;-;-;40.01;46.90;41.50;47.19;50.00;50.00;48.08
Jan 27, 2018 10:00 AM;Jan 27, 2018 11:00 AM;-;47.04;38.03;38.03;47.04;47.04;34.35;-;-;38.03;47.05;42.01;47.04;49.79;49.79;49.07
Jan 27, 2018 11:00 AM;Jan 27, 2018 12:00 PM;-;43.93;33.95;33.95;43.93;43.93;33.95;-;-;33.95;47.03;41.88;43.93;46.73;46.73;49.07
Jan 27, 2018 12:00 PM;Jan 27, 2018 1:00 PM;-;41.92;32.77;32.77;41.92;41.92;32.77;-;-;32.77;47.07;39.33;41.92;43.93;43.93;43.78
Jan 27, 2018 1:00 PM;Jan 27, 2018 2:00 PM;-;38.06;31.99;31.99;38.06;38.06;31.99;-;-;31.99;46.99;36.10;38.06;42.90;38.06;38.17
Jan 27, 2018 2:00 PM;Jan 27, 2018 3:00 PM;-;32.50;31.46;31.46;32.50;32.50;31.46;-;-;31.46;46.55;33.25;32.50;43.46;32.50;37.22
Jan 27, 2018 3:00 PM;Jan 27, 2018 4:00 PM;-;32.10;31.08;31.08;32.10;32.11;31.08;-;-;31.08;47.05;32.20;32.10;45.29;32.10;38.14
Jan 27, 2018 4:00 PM;Jan 27, 2018 5:00 PM;-;32.06;31.29;31.29;32.06;32.06;31.29;-;-;31.29;47.38;33.27;32.06;47.30;32.10;44.81
Jan 27, 2018 5:00 PM;Jan 27, 2018 6:00 PM;-;37.00;35.84;35.84;37.00;37.00;32.39;-;-;35.84;48.03;35.00;37.00;50.03;50.03;61.50
Jan 27, 2018 6:00 PM;Jan 27, 2018 7:00 PM;-;39.70;32.63;32.63;39.70;39.70;31.54;-;-;32.63;47.90;33.90;39.70;51.67;51.67;63.47
Jan 27, 2018 7:00 PM;Jan 27, 2018 8:00 PM;-;36.55;31.96;31.96;35.66;38.85;30.77;-;-;31.96;47.66;30.00;34.07;52.26;52.26;59.57
Jan 27, 2018 8:00 PM;Jan 27, 2018 9:00 PM;-;37.62;27.89;30.00;39.11;33.60;29.63;-;-;30.00;47.34;22.50;27.89;50.04;50.04;50.00
Jan 27, 2018 9:00 PM;Jan 27, 2018 10:00 PM;-;31.47;11.91;19.91;31.47;31.47;28.92;-;-;29.04;47.23;13.76;11.91;47.10;47.10;41.02
Jan 27, 2018 10:00 PM;Jan 27, 2018 11:00 PM;-;36.29;10.98;10.98;36.29;30.00;28.69;-;-;28.69;45.96;11.16;10.98;44.80;44.80;38.14
Jan 27, 2018 11:00 PM;Jan 28, 2018 12:00 AM;-;37.96;0.10;0.10;37.96;30.00;28.23;-;-;28.23;42.72;3.00;0.10;42.33;42.33;30.09
Jan 28, 2018 12:00 AM;Jan 28, 2018 1:00 AM;-;36.60;-0.04;-0.04;36.60;31.40;28.21;-;-;28.21;42.13;11.23;-0.04;46.04;46.04;43.91
Jan 28, 2018 1:00 AM;Jan 28, 2018 2:00 AM;-;28.64;-12.02;-12.02;28.64;28.64;27.72;-;-;27.72;39.13;11.08;-12.02;43.66;43.66;37.91
Jan 28, 2018 2:00 AM;Jan 28, 2018 3:00 AM;-;26.58;-15.00;-15.00;26.58;26.58;26.88;-;-;26.88;38.06;11.20;-19.43;42.06;42.06;27.65
Jan 28, 2018 3:00 AM;Jan 28, 2018 4:00 AM;-;14.61;-12.19;-12.19;14.61;29.17;27.08;-;-;26.59;37.85;11.04;-12.19;41.25;41.25;22.05
Jan 28, 2018 4:00 AM;Jan 28, 2018 5:00 AM;-;14.97;-9.14;-9.14;14.97;27.60;26.72;-;-;26.72;37.38;11.00;-9.14;38.69;38.69;21.43
Jan 28, 2018 5:00 AM;Jan 28, 2018 6:00 AM;-;13.01;0.04;0.04;13.01;32.00;27.12;-;-;27.09;37.15;1.99;0.04;40.70;40.70;27.40
Jan 28, 2018 6:00 AM;Jan 28, 2018 7:00 AM;-;11.83;-0.25;-0.25;9.25;31.00;27.43;-;-;27.43;38.03;11.04;-0.25;42.31;42.31;30.56
Jan 28, 2018 7:00 AM;Jan 28, 2018 8:00 AM;-;13.61;2.09;2.09;11.45;33.80;27.50;-;-;27.50;40.25;5.00;2.09;43.46;43.46;38.15
Jan 28, 2018 8:00 AM;Jan 28, 2018 9:00 AM;-;19.28;10.34;10.34;17.20;33.80;27.89;-;-;27.89;42.07;8.00;10.34;43.99;43.99;39.02
Jan 28, 2018 9:00 AM;Jan 28, 2018 10:00 AM;-;27.37;11.65;11.65;27.12;32.60;28.07;-;-;28.07;43.78;18.99;11.65;45.42;45.42;39.52
Jan 28, 2018 10:00 AM;Jan 28, 2018 11:00 AM;-;30.89;14.04;14.04;30.57;33.00;28.68;-;-;28.68;45.31;20.99;14.04;45.40;45.40;40.08
Jan 28, 2018 11:00 AM;Jan 28, 2018 12:00 PM;-;27.40;11.69;11.69;27.40;33.00;28.73;-;-;28.73;44.70;29.66;11.69;44.61;44.61;40.29
Jan 28, 2018 12:00 PM;Jan 28, 2018 1:00 PM;-;27.19;11.64;11.64;27.19;33.80;28.67;-;-;28.67;42.87;22.99;11.64;43.46;43.46;40.05
Jan 28, 2018 1:00 PM;Jan 28, 2018 2:00 PM;-;24.92;6.32;6.32;24.92;33.70;28.53;-;-;28.53;41.47;25.99;6.32;42.62;42.62;32.10
Jan 28, 2018 2:00 PM;Jan 28, 2018 3:00 PM;-;22.41;10.32;10.32;20.64;33.70;28.19;-;-;28.19;41.59;16.99;10.32;42.97;42.97;34.57
Jan 28, 2018 3:00 PM;Jan 28, 2018 4:00 PM;-;17.89;10.09;10.09;15.43;33.00;28.58;-;-;28.58;43.91;12.00;10.09;43.55;43.55;37.51
Jan 28, 2018 4:00 PM;Jan 28, 2018 5:00 PM;-;17.54;10.80;28.82;14.81;31.00;28.82;-;-;28.82;46.79;22.00;10.80;46.64;46.64;40.29
Jan 28, 2018 5:00 PM;Jan 28, 2018 6:00 PM;-;28.02;29.25;29.25;23.12;33.80;29.25;-;-;29.25;47.66;22.50;11.80;47.78;47.78;52.53
Jan 28, 2018 6:00 PM;Jan 28, 2018 7:00 PM;-;35.87;26.90;29.31;35.87;35.87;29.31;-;-;29.31;47.68;27.00;18.55;53.14;53.14;50.58
Jan 28, 2018 7:00 PM;Jan 28, 2018 8:00 PM;-;40.77;26.67;29.03;40.77;40.00;29.03;-;-;29.03;47.65;26.00;14.17;53.70;53.70;42.22
Jan 28, 2018 8:00 PM;Jan 28, 2018 9:00 PM;-;35.78;28.80;28.80;35.78;35.78;28.80;-;-;28.80;47.49;19.68;10.47;51.70;51.70;44.15
Jan 28, 2018 9:00 PM;Jan 28, 2018 10:00 PM;-;32.40;28.58;28.58;32.40;32.40;28.58;-;-;28.58;47.04;14.99;10.41;49.93;49.93;40.06
Jan 28, 2018 10:00 PM;Jan 28, 2018 11:00 PM;-;33.70;27.96;27.96;33.70;33.70;27.96;-;-;27.96;44.78;13.54;10.85;47.45;32.10;21.39
Jan 28, 2018 11:00 PM;Jan 29, 2018 12:00 AM;-;29.90;27.58;27.58;35.91;29.90;27.58;-;-;27.58;42.37;9.25;0.50;43.46;29.00;9.25
Jan 29, 2018 12:00 AM;Jan 29, 2018 1:00 AM;-;28.59;23.61;23.61;28.59;28.59;27.67;-;-;27.67;42.05;11.79;-0.05;40.40;29.10;11.79
Jan 29, 2018 1:00 AM;Jan 29, 2018 2:00 AM;-;28.25;23.23;23.23;28.25;28.25;26.99;-;-;26.90;39.74;11.07;-4.09;37.39;29.10;11.07
Jan 29, 2018 2:00 AM;Jan 29, 2018 3:00 AM;-;23.19;0.11;0.11;23.19;23.19;26.15;-;-;26.15;39.16;10.72;-20.25;36.60;3.61;10.72
Jan 29, 2018 3:00 AM;Jan 29, 2018 4:00 AM;-;14.39;-4.37;-4.37;14.39;14.39;27.43;-;-;27.43;39.01;6.64;-20.09;35.00;3.60;6.64
Jan 29, 2018 4:00 AM;Jan 29, 2018 5:00 AM;-;10.01;-10.01;-10.01;10.01;10.01;27.74;-;-;27.74;39.06;12.65;-19.96;36.60;32.10;12.65
Jan 29, 2018 5:00 AM;Jan 29, 2018 6:00 AM;-;19.44;-0.90;-0.90;19.44;19.44;28.56;-;-;28.56;42.03;34.00;-0.90;41.29;41.29;34.00
Jan 29, 2018 6:00 AM;Jan 29, 2018 7:00 AM;-;33.46;12.43;12.43;33.46;33.46;28.89;-;-;29.77;47.47;52.94;12.43;49.69;49.69;52.94
Jan 29, 2018 7:00 AM;Jan 29, 2018 8:00 AM;-;49.53;30.33;30.78;49.53;36.19;30.33;-;-;30.78;49.03;57.22;29.98;55.74;55.74;57.22
Jan 29, 2018 8:00 AM;Jan 29, 2018 9:00 AM;-;49.12;30.49;30.90;49.12;42.80;30.49;-;-;30.90;49.10;54.45;29.32;56.55;56.55;54.45
Jan 29, 2018 9:00 AM;Jan 29, 2018 10:00 AM;-;50.18;29.97;30.60;50.18;42.90;29.97;-;-;30.60;49.02;47.85;28.04;55.00;55.00;47.85
Jan 29, 2018 10:00 AM;Jan 29, 2018 11:00 AM;-;49.44;29.77;30.56;49.44;42.90;29.77;-;-;30.56;49.05;47.37;28.09;51.60;51.60;47.37
Jan 29, 2018 11:00 AM;Jan 29, 2018 12:00 PM;-;47.40;29.72;30.52;47.40;47.20;29.72;-;-;30.52;48.74;47.00;28.07;49.71;49.71;47.00
Jan 29, 2018 12:00 PM;Jan 29, 2018 1:00 PM;-;43.22;29.52;29.52;43.22;43.22;29.52;-;-;30.41;47.96;46.63;18.97;47.46;47.46;46.63
Jan 29, 2018 1:00 PM;Jan 29, 2018 2:00 PM;-;38.92;29.55;30.34;38.92;38.92;29.55;-;-;30.34;48.01;44.15;22.94;48.00;48.00;44.15
Jan 29, 2018 2:00 PM;Jan 29, 2018 3:00 PM;-;38.21;29.62;30.34;38.21;38.21;29.62;-;-;30.34;47.99;42.49;29.62;49.24;49.24;42.49
Jan 29, 2018 3:00 PM;Jan 29, 2018 4:00 PM;-;36.23;30.52;30.52;36.23;36.23;30.52;-;-;30.52;48.28;42.87;30.52;51.80;51.80;42.87
Jan 29, 2018 4:00 PM;Jan 29, 2018 5:00 PM;-;36.95;30.48;30.60;36.28;36.95;30.48;-;-;30.60;48.67;42.00;30.48;55.78;55.78;42.00
Jan 29, 2018 5:00 PM;Jan 29, 2018 6:00 PM;-;48.09;31.98;31.98;38.40;48.09;31.98;-;-;31.98;48.47;45.87;31.98;60.14;60.14;45.87
Jan 29, 2018 6:00 PM;Jan 29, 2018 7:00 PM;-;49.72;33.44;33.44;46.63;72.66;32.70;-;-;33.44;48.47;40.29;34.26;62.70;62.70;40.29
Jan 29, 2018 7:00 PM;Jan 29, 2018 8:00 PM;-;49.99;29.93;30.67;49.99;49.99;30.67;-;-;30.67;49.01;38.41;29.93;55.79;55.79;38.41
Jan 29, 2018 8:00 PM;Jan 29, 2018 9:00 PM;-;41.32;29.77;29.77;41.32;52.81;29.77;-;-;29.77;47.99;39.00;29.77;52.18;52.18;39.00
Jan 29, 2018 9:00 PM;Jan 29, 2018 10:00 PM;-;36.69;22.04;22.04;36.69;36.69;29.14;-;-;29.14;47.07;31.21;22.04;49.24;49.24;31.21
Jan 29, 2018 10:00 PM;Jan 29, 2018 11:00 PM;-;34.00;14.08;14.08;34.00;34.00;28.67;-;-;28.67;46.69;16.11;14.08;49.00;49.00;26.58
Jan 29, 2018 11:00 PM;Jan 30, 2018 12:00 AM;-;40.95;10.47;10.47;40.95;34.90;28.13;-;-;28.13;43.21;9.50;10.47;45.50;29.00;20.08
Jan 30, 2018 12:00 AM;Jan 30, 2018 1:00 AM;-;45.00;13.97;13.97;31.84;33.90;27.96;-;-;27.96;42.29;13.30;13.97;43.43;13.97;21.02
Jan 30, 2018 1:00 AM;Jan 30, 2018 2:00 AM;-;39.00;13.91;13.91;30.61;33.70;27.76;-;-;27.76;39.96;13.21;13.91;40.06;13.91;13.21
Jan 30, 2018 2:00 AM;Jan 30, 2018 3:00 AM;-;36.42;13.01;13.01;27.26;32.80;27.40;-;-;27.40;38.97;11.26;13.01;37.70;13.01;11.26
Jan 30, 2018 3:00 AM;Jan 30, 2018 4:00 AM;-;24.34;13.80;13.80;19.95;33.60;27.54;-;-;27.54;38.53;11.21;13.80;36.07;13.80;11.21
Jan 30, 2018 4:00 AM;Jan 30, 2018 5:00 AM;-;21.42;15.50;15.50;18.95;33.00;27.88;-;-;27.88;38.58;12.98;15.50;36.07;15.50;12.98
Jan 30, 2018 5:00 AM;Jan 30, 2018 6:00 AM;-;35.00;24.02;26.93;29.84;32.80;28.70;-;-;28.70;40.22;18.50;24.02;39.30;24.02;24.92
Jan 30, 2018 6:00 AM;Jan 30, 2018 7:00 AM;-;44.00;33.51;31.09;38.90;34.00;30.97;-;-;31.09;47.92;34.00;34.00;45.96;34.00;37.08
Jan 30, 2018 7:00 AM;Jan 30, 2018 8:00 AM;-;47.35;34.57;34.57;45.97;44.59;32.43;-;-;34.57;49.55;46.13;44.59;49.00;49.00;49.96
Jan 30, 2018 8:00 AM;Jan 30, 2018 9:00 AM;-;49.92;33.42;33.42;49.92;49.92;33.42;-;-;33.42;53.08;45.07;44.85;51.98;44.85;45.07
Jan 30, 2018 9:00 AM;Jan 30, 2018 10:00 AM;-;49.59;32.83;32.83;49.59;49.59;32.83;-;-;32.83;52.57;41.30;41.37;52.70;41.37;41.30
Jan 30, 2018 10:00 AM;Jan 30, 2018 11:00 AM;-;46.95;32.93;32.93;46.95;46.95;32.93;-;-;32.93;52.02;39.72;38.93;49.50;38.93;39.72
Jan 30, 2018 11:00 AM;Jan 30, 2018 12:00 PM;-;45.05;32.43;32.43;45.05;45.05;32.43;-;-;32.43;48.92;38.58;38.95;48.79;42.54;38.58
Jan 30, 2018 12:00 PM;Jan 30, 2018 1:00 PM;-;48.77;32.33;32.33;43.36;37.92;32.33;-;-;32.33;47.58;39.10;37.92;46.57;43.50;39.96
Jan 30, 2018 1:00 PM;Jan 30, 2018 2:00 PM;-;41.25;32.19;32.19;41.25;41.25;32.19;-;-;32.19;47.59;39.21;37.02;46.75;37.02;39.21
Jan 30, 2018 2:00 PM;Jan 30, 2018 3:00 PM;-;39.98;32.16;32.16;39.98;39.98;32.16;-;-;32.16;48.41;39.37;39.98;48.26;39.98;39.37
Jan 30, 2018 3:00 PM;Jan 30, 2018 4:00 PM;-;41.92;32.37;32.37;41.92;41.92;32.37;-;-;32.37;48.49;42.72;41.92;48.90;41.92;42.72
Jan 30, 2018 4:00 PM;Jan 30, 2018 5:00 PM;-;44.95;32.86;32.86;44.95;44.95;32.86;-;-;32.86;48.45;45.99;44.95;52.88;44.95;45.99
Jan 30, 2018 5:00 PM;Jan 30, 2018 6:00 PM;-;52.39;43.64;43.64;52.39;52.39;43.64;-;-;43.64;50.38;51.30;52.39;55.62;52.39;51.30
Jan 30, 2018 6:00 PM;Jan 30, 2018 7:00 PM;-;57.97;42.36;42.36;57.97;57.97;42.36;-;-;42.36;53.99;53.14;57.97;57.97;57.97;53.14
Jan 30, 2018 7:00 PM;Jan 30, 2018 8:00 PM;-;53.78;36.50;36.50;53.78;53.78;36.50;-;-;36.50;52.10;50.80;53.78;53.78;53.78;50.80
Jan 30, 2018 8:00 PM;Jan 30, 2018 9:00 PM;-;44.98;33.17;33.17;44.98;44.98;33.17;-;-;33.17;47.61;45.00;44.98;48.80;44.98;47.08
Jan 30, 2018 9:00 PM;Jan 30, 2018 10:00 PM;-;38.97;32.37;32.37;38.97;38.97;32.37;-;-;32.37;47.55;40.29;38.97;46.75;38.97;40.29
Jan 30, 2018 10:00 PM;Jan 30, 2018 11:00 PM;-;38.53;31.12;31.12;38.53;38.53;31.12;-;-;31.12;47.50;38.00;38.53;45.00;38.53;39.07
Jan 30, 2018 11:00 PM;Jan 31, 2018 12:00 AM;-;38.64;30.11;30.11;35.82;34.10;30.11;-;-;30.11;45.41;31.44;34.10;44.00;34.10;35.79
Jan 31, 2018 12:00 AM;Jan 31, 2018 1:00 AM;-;37.82;29.61;29.61;33.66;34.40;29.61;-;-;29.61;43.26;31.00;29.61;45.15;29.61;34.16
Jan 31, 2018 1:00 AM;Jan 31, 2018 2:00 AM;-;31.00;28.98;28.98;29.93;31.00;28.98;-;-;28.98;41.26;30.17;28.98;42.90;28.98;30.17
Jan 31, 2018 2:00 AM;Jan 31, 2018 3:00 AM;-;27.46;27.24;27.24;27.37;27.97;28.10;-;-;28.10;39.99;26.88;27.24;43.94;27.24;26.88
Jan 31, 2018 3:00 AM;Jan 31, 2018 4:00 AM;-;20.70;17.97;17.97;19.53;27.09;27.99;-;-;27.99;39.65;23.77;17.97;43.94;17.97;23.77
Jan 31, 2018 4:00 AM;Jan 31, 2018 5:00 AM;-;21.74;19.53;19.53;20.70;26.96;27.85;-;-;27.85;39.36;23.59;19.53;45.15;19.53;23.59
Jan 31, 2018 5:00 AM;Jan 31, 2018 6:00 AM;-;26.41;26.37;28.04;26.39;26.49;28.06;-;-;28.06;42.69;28.00;26.37;45.60;26.37;30.04
Jan 31, 2018 6:00 AM;Jan 31, 2018 7:00 AM;-;31.74;31.74;30.07;31.74;31.74;30.04;-;-;30.07;47.42;34.48;31.74;48.53;48.53;39.59
Jan 31, 2018 7:00 AM;Jan 31, 2018 8:00 AM;-;35.53;31.35;31.35;35.53;35.53;31.35;-;-;31.35;49.11;44.00;35.53;55.39;44.98;45.50
Jan 31, 2018 8:00 AM;Jan 31, 2018 9:00 AM;-;38.44;31.82;31.82;37.37;40.10;31.82;-;-;31.82;49.87;47.30;35.97;60.86;60.86;53.07
Jan 31, 2018 9:00 AM;Jan 31, 2018 10:00 AM;-;37.80;30.89;30.89;35.04;42.40;30.89;-;-;30.89;49.85;50.80;31.42;60.86;60.86;50.80
Jan 31, 2018 10:00 AM;Jan 31, 2018 11:00 AM;-;37.05;30.71;30.71;34.31;41.31;30.71;-;-;30.71;48.52;46.90;30.71;54.69;39.64;46.90
Jan 31, 2018 11:00 AM;Jan 31, 2018 12:00 PM;-;40.11;30.03;30.03;35.76;47.37;30.03;-;-;30.03;48.80;43.99;30.03;50.88;50.88;45.98
Jan 31, 2018 12:00 PM;Jan 31, 2018 1:00 PM;-;35.73;29.61;29.61;33.43;40.10;29.61;-;-;29.61;48.08;45.98;29.61;48.64;48.64;45.98
Jan 31, 2018 1:00 PM;Jan 31, 2018 2:00 PM;-;32.94;29.38;29.38;32.94;36.80;29.38;-;-;29.38;48.06;44.95;28.05;48.78;48.78;44.95
Jan 31, 2018 2:00 PM;Jan 31, 2018 3:00 PM;-;32.34;29.63;29.63;32.00;35.69;29.63;-;-;29.63;48.27;42.99;29.63;48.95;48.95;42.99
Jan 31, 2018 3:00 PM;Jan 31, 2018 4:00 PM;-;36.00;29.63;29.63;36.00;36.00;29.63;-;-;29.63;48.46;40.90;29.03;49.28;29.50;40.90
Jan 31, 2018 4:00 PM;Jan 31, 2018 5:00 PM;-;32.47;30.16;30.26;32.47;34.90;30.26;-;-;30.26;48.42;41.67;30.16;57.00;32.01;47.01
Jan 31, 2018 5:00 PM;Jan 31, 2018 6:00 PM;-;36.97;32.15;32.15;34.93;40.10;32.05;-;-;32.05;48.48;44.00;32.25;61.56;61.56;58.96
Jan 31, 2018 6:00 PM;Jan 31, 2018 7:00 PM;-;48.79;33.53;33.53;43.14;40.50;33.15;-;-;33.53;49.05;40.01;34.36;60.00;60.00;57.52
Jan 31, 2018 7:00 PM;Jan 31, 2018 8:00 PM;-;52.70;32.52;31.90;44.95;40.10;31.49;-;-;31.74;49.07;40.07;32.52;54.00;54.00;49.42
Jan 31, 2018 8:00 PM;Jan 31, 2018 9:00 PM;-;37.42;29.30;29.92;37.42;37.42;29.92;-;-;29.92;47.56;39.00;29.30;49.50;32.00;40.18
Jan 31, 2018 9:00 PM;Jan 31, 2018 10:00 PM;-;34.00;28.06;28.85;34.00;40.15;28.85;-;-;28.85;46.28;29.00;28.06;47.80;29.50;29.00
Jan 31, 2018 10:00 PM;Jan 31, 2018 11:00 PM;-;36.92;28.32;28.32;33.64;34.20;28.32;-;-;28.32;45.00;26.60;28.32;45.45;28.32;26.60
Jan 31, 2018 11:00 PM;Feb 1, 2018 12:00 AM;-;38.01;24.98;24.98;33.33;34.00;27.38;-;-;27.38;43.79;20.29;24.98;43.88;24.98;20.29
Feb 1, 2018 12:00 AM;Feb 1, 2018 1:00 AM;-;31.87;23.94;23.94;28.60;30.00;28.27;-;-;27.05;40.99;22.63;23.94;43.05;23.94;22.63
Feb 1, 2018 1:00 AM;Feb 1, 2018 2:00 AM;-;25.81;24.22;24.22;25.37;29.06;28.13;-;-;26.06;39.55;21.52;24.22;39.85;24.22;21.52
Feb 1, 2018 2:00 AM;Feb 1, 2018 3:00 AM;-;25.63;24.06;24.06;25.17;28.93;28.00;-;-;25.56;38.10;20.06;24.06;37.33;24.06;20.06
Feb 1, 2018 3:00 AM;Feb 1, 2018 4:00 AM;-;22.44;20.09;20.09;21.92;27.89;26.99;-;-;26.79;38.17;17.22;20.09;37.50;20.09;17.22
Feb 1, 2018 4:00 AM;Feb 1, 2018 5:00 AM;-;23.29;22.23;22.23;22.79;26.10;26.96;-;-;26.96;38.18;19.50;22.23;37.90;22.23;19.50
Feb 1, 2018 5:00 AM;Feb 1, 2018 6:00 AM;-;26.76;25.25;27.39;26.21;29.81;28.85;-;-;28.85;41.32;24.70;25.25;40.16;25.25;24.70
Feb 1, 2018 6:00 AM;Feb 1, 2018 7:00 AM;-;32.80;32.80;30.66;32.80;32.80;30.66;-;-;30.66;46.86;34.41;32.80;46.45;32.80;34.41
Feb 1, 2018 7:00 AM;Feb 1, 2018 8:00 AM;-;48.65;34.11;34.11;47.72;41.05;32.64;-;-;34.11;49.59;39.05;41.05;51.00;41.05;39.05
Feb 1, 2018 8:00 AM;Feb 1, 2018 9:00 AM;-;49.46;32.73;32.73;47.91;49.46;32.73;-;-;32.73;50.09;40.31;41.17;52.23;41.17;40.31
Feb 1, 2018 9:00 AM;Feb 1, 2018 10:00 AM;-;48.92;32.48;32.48;47.56;48.92;32.48;-;-;32.48;50.08;40.45;40.92;50.05;40.92;40.45
Feb 1, 2018 10:00 AM;Feb 1, 2018 11:00 AM;-;51.16;32.41;32.41;48.59;51.16;32.41;-;-;32.41;49.93;40.99;37.19;50.61;37.19;40.99
Feb 1, 2018 11:00 AM;Feb 1, 2018 12:00 PM;-;50.48;31.57;31.57;47.39;47.88;31.57;-;-;31.57;49.90;43.89;32.35;49.70;49.70;43.89
Feb 1, 2018 12:00 PM;Feb 1, 2018 1:00 PM;-;48.77;31.08;31.08;45.86;40.00;31.08;-;-;31.08;48.47;45.10;31.08;48.91;48.91;45.10
Feb 1, 2018 1:00 PM;Feb 1, 2018 2:00 PM;-;47.64;31.45;31.45;45.20;37.40;31.45;-;-;31.45;47.72;44.08;32.22;48.93;48.93;44.08
Feb 1, 2018 2:00 PM;Feb 1, 2018 3:00 PM;-;49.70;31.60;31.60;46.88;36.90;31.60;-;-;31.60;48.00;40.45;32.38;49.58;46.68;40.45
Feb 1, 2018 3:00 PM;Feb 1, 2018 4:00 PM;-;40.10;31.52;31.52;40.10;40.10;31.52;-;-;31.52;48.85;40.81;40.10;49.71;40.10;40.81
Feb 1, 2018 4:00 PM;Feb 1, 2018 5:00 PM;-;43.81;32.10;32.10;43.05;44.42;32.10;-;-;32.10;50.05;40.89;42.04;50.23;42.04;40.89
Feb 1, 2018 5:00 PM;Feb 1, 2018 6:00 PM;-;46.32;32.98;32.98;46.32;46.32;32.98;-;-;32.98;50.07;45.71;46.32;52.94;46.32;45.71
Feb 1, 2018 6:00 PM;Feb 1, 2018 7:00 PM;-;56.12;33.16;33.16;50.45;44.98;33.16;-;-;33.16;53.05;47.00;44.98;53.89;44.98;47.00
Feb 1, 2018 7:00 PM;Feb 1, 2018 8:00 PM;-;55.81;32.26;32.26;49.26;36.00;32.26;-;-;32.26;51.88;44.70;42.92;52.46;42.92;44.70
Feb 1, 2018 8:00 PM;Feb 1, 2018 9:00 PM;-;46.07;31.43;31.43;42.99;35.10;31.43;-;-;31.43;48.72;40.70;39.98;49.11;39.98;40.70
Feb 1, 2018 9:00 PM;Feb 1, 2018 10:00 PM;-;36.95;31.46;31.46;36.95;36.95;31.46;-;-;31.46;46.40;36.06;36.95;47.05;36.95;36.06
Feb 1, 2018 10:00 PM;Feb 1, 2018 11:00 PM;-;42.92;31.23;30.84;39.14;34.90;30.84;-;-;30.84;44.59;34.93;32.20;44.77;32.20;34.93
Feb 1, 2018 11:00 PM;Feb 2, 2018 12:00 AM;-;42.59;28.97;29.36;37.97;32.80;29.36;-;-;29.36;43.54;31.00;28.97;43.05;28.97;31.00
Feb 2, 2018 12:00 AM;Feb 2, 2018 1:00 AM;-;32.47;30.12;30.12;32.45;32.40;30.12;-;-;30.12;40.88;30.78;30.72;41.04;30.72;30.78
Feb 2, 2018 1:00 AM;Feb 2, 2018 2:00 AM;-;31.80;29.87;29.87;31.80;31.80;29.87;-;-;29.87;39.03;29.78;30.09;38.89;30.09;29.78
Feb 2, 2018 2:00 AM;Feb 2, 2018 3:00 AM;-;31.23;29.79;29.79;31.23;31.23;29.79;-;-;29.79;37.19;28.94;29.79;37.60;29.79;28.94
Feb 2, 2018 3:00 AM;Feb 2, 2018 4:00 AM;-;29.74;29.74;29.74;29.74;29.74;29.74;-;-;29.74;36.18;27.77;29.74;33.35;29.74;27.77
Feb 2, 2018 4:00 AM;Feb 2, 2018 5:00 AM;-;30.10;30.10;30.10;30.10;30.10;30.10;-;-;30.10;35.85;29.14;30.10;37.60;30.10;29.14
Feb 2, 2018 5:00 AM;Feb 2, 2018 6:00 AM;-;33.24;32.18;32.18;33.24;33.24;32.18;-;-;32.18;39.67;32.72;32.97;40.49;32.97;32.72
Feb 2, 2018 6:00 AM;Feb 2, 2018 7:00 AM;-;37.40;33.66;33.66;37.40;37.40;33.66;-;-;33.66;45.07;39.90;37.40;44.64;37.40;39.90
Feb 2, 2018 7:00 AM;Feb 2, 2018 8:00 AM;-;45.79;37.42;43.04;45.79;45.79;37.42;-;-;43.04;51.03;49.31;45.79;53.00;45.79;49.31
Feb 2, 2018 8:00 AM;Feb 2, 2018 9:00 AM;-;49.62;41.33;46.05;49.23;49.98;41.33;-;-;46.05;52.23;50.00;48.72;56.61;48.72;50.00
Feb 2, 2018 9:00 AM;Feb 2, 2018 10:00 AM;-;48.87;38.06;46.80;48.48;49.20;38.06;-;-;46.80;51.83;48.82;47.96;58.45;47.96;48.82
Feb 2, 2018 10:00 AM;Feb 2, 2018 11:00 AM;-;49.38;41.20;46.79;48.76;49.90;41.20;-;-;46.79;50.23;47.00;47.94;58.23;47.94;47.00
Feb 2, 2018 11:00 AM;Feb 2, 2018 12:00 PM;-;47.09;36.16;44.32;47.09;47.09;36.16;-;-;44.32;50.01;45.88;47.09;58.23;47.09;45.88
Feb 2, 2018 12:00 PM;Feb 2, 2018 1:00 PM;-;44.90;34.75;43.07;44.90;44.90;34.75;-;-;43.07;48.55;44.70;44.90;52.40;44.90;44.70
Feb 2, 2018 1:00 PM;Feb 2, 2018 2:00 PM;-;40.95;35.20;39.97;40.95;40.95;35.20;-;-;39.97;48.08;43.31;40.95;51.76;40.95;43.31
Feb 2, 2018 2:00 PM;Feb 2, 2018 3:00 PM;-;40.90;35.57;39.92;40.90;40.90;35.57;-;-;39.92;48.01;43.27;40.90;54.00;40.90;43.27
Feb 2, 2018 3:00 PM;Feb 2, 2018 4:00 PM;-;41.11;35.23;40.12;41.11;41.11;35.23;-;-;40.12;48.08;43.94;41.11;53.15;41.11;43.94
Feb 2, 2018 4:00 PM;Feb 2, 2018 5:00 PM;-;43.29;37.89;42.25;43.29;43.29;37.89;-;-;42.25;49.02;45.35;43.29;52.78;43.29;45.35
Feb 2, 2018 5:00 PM;Feb 2, 2018 6:00 PM;-;48.02;48.02;48.02;48.02;48.02;48.02;-;-;48.02;50.88;49.83;48.02;55.56;48.02;49.83
Feb 2, 2018 6:00 PM;Feb 2, 2018 7:00 PM;-;47.96;46.80;46.80;47.96;47.96;46.80;-;-;46.80;53.93;52.89;47.96;56.69;47.96;52.89
Feb 2, 2018 7:00 PM;Feb 2, 2018 8:00 PM;-;46.43;37.25;43.08;46.43;46.43;37.25;-;-;43.08;52.22;49.90;46.43;55.56;46.43;49.90
Feb 2, 2018 8:00 PM;Feb 2, 2018 9:00 PM;-;43.39;34.14;34.14;43.39;43.39;34.14;-;-;34.14;47.47;44.46;43.39;51.25;43.39;44.46
Feb 2, 2018 9:00 PM;Feb 2, 2018 10:00 PM;-;40.06;33.38;33.38;40.06;40.06;33.38;-;-;33.38;44.93;41.33;40.06;46.36;40.06;41.33
Feb 2, 2018 10:00 PM;Feb 2, 2018 11:00 PM;-;40.08;32.90;32.90;40.08;40.08;32.90;-;-;32.90;43.96;40.00;40.08;44.47;40.08;40.00
Feb 2, 2018 11:00 PM;Feb 3, 2018 12:00 AM;-;39.30;31.92;31.92;39.30;39.30;31.92;-;-;31.92;42.68;36.53;36.08;42.44;36.08;36.53
Feb 3, 2018 12:00 AM;Feb 3, 2018 1:00 AM;-;37.27;32.91;32.91;37.27;37.27;32.91;-;-;32.91;42.09;32.92;35.39;42.70;35.39;32.92
Feb 3, 2018 1:00 AM;Feb 3, 2018 2:00 AM;-;35.48;32.23;32.23;35.48;35.48;32.23;-;-;32.23;40.08;31.38;34.04;40.54;34.04;31.38
Feb 3, 2018 2:00 AM;Feb 3, 2018 3:00 AM;-;34.02;32.00;32.00;34.02;34.02;32.00;-;-;32.00;38.05;31.04;34.02;36.54;34.02;31.04
Feb 3, 2018 3:00 AM;Feb 3, 2018 4:00 AM;-;35.02;31.99;31.99;35.02;35.02;31.99;-;-;31.99;35.06;30.60;34.09;35.02;34.09;28.86
Feb 3, 2018 4:00 AM;Feb 3, 2018 5:00 AM;-;33.73;32.25;32.25;33.73;33.73;32.25;-;-;32.25;35.63;30.74;33.73;33.73;33.73;29.43
Feb 3, 2018 5:00 AM;Feb 3, 2018 6:00 AM;-;34.31;32.87;32.87;34.31;34.31;32.87;-;-;32.87;37.06;31.29;34.31;34.31;34.31;30.98
Feb 3, 2018 6:00 AM;Feb 3, 2018 7:00 AM;-;34.73;32.93;32.93;34.73;34.73;32.93;-;-;32.93;41.68;31.58;33.95;42.01;33.95;31.58
Feb 3, 2018 7:00 AM;Feb 3, 2018 8:00 AM;-;37.42;33.36;33.36;37.42;37.42;33.36;-;-;33.36;45.39;36.14;34.35;47.46;34.35;36.14
Feb 3, 2018 8:00 AM;Feb 3, 2018 9:00 AM;-;41.88;33.80;33.80;41.88;41.88;33.80;-;-;33.80;48.79;41.00;41.88;48.90;41.88;41.00
Feb 3, 2018 9:00 AM;Feb 3, 2018 10:00 AM;-;45.45;35.05;37.08;45.45;45.45;35.05;-;-;37.08;49.70;44.26;45.45;49.82;45.45;44.26
Feb 3, 2018 10:00 AM;Feb 3, 2018 11:00 AM;-;45.84;36.55;41.02;45.84;45.84;36.55;-;-;41.02;48.59;44.85;45.84;49.83;45.84;44.85
Feb 3, 2018 11:00 AM;Feb 3, 2018 12:00 PM;-;47.08;36.11;42.38;47.08;47.08;36.11;-;-;42.38;47.16;44.73;47.08;48.50;47.08;44.73
Feb 3, 2018 12:00 PM;Feb 3, 2018 1:00 PM;-;46.31;34.63;37.07;46.31;46.31;34.63;-;-;37.07;44.92;43.24;46.31;46.31;46.31;43.24
Feb 3, 2018 1:00 PM;Feb 3, 2018 2:00 PM;-;43.72;33.87;33.87;43.72;43.72;33.87;-;-;33.87;43.96;40.81;43.72;43.72;43.72;40.81
Feb 3, 2018 2:00 PM;Feb 3, 2018 3:00 PM;-;39.97;33.45;33.45;39.97;39.97;33.45;-;-;33.45;43.95;38.30;39.97;43.10;39.97;38.30
Feb 3, 2018 3:00 PM;Feb 3, 2018 4:00 PM;-;39.12;33.49;33.49;39.12;39.12;33.49;-;-;33.49;44.88;37.95;39.12;44.10;39.12;37.95
Feb 3, 2018 4:00 PM;Feb 3, 2018 5:00 PM;-;40.96;36.08;37.08;40.96;40.96;36.08;-;-;37.08;48.08;39.95;40.96;46.94;40.96;39.95
Feb 3, 2018 5:00 PM;Feb 3, 2018 6:00 PM;-;47.38;45.14;45.14;47.38;47.38;45.14;-;-;45.14;51.44;44.67;47.38;49.33;47.38;44.67
Feb 3, 2018 6:00 PM;Feb 3, 2018 7:00 PM;-;50.54;39.36;41.09;50.54;50.54;39.36;-;-;41.09;51.66;47.67;50.54;50.54;50.54;47.67
Feb 3, 2018 7:00 PM;Feb 3, 2018 8:00 PM;-;50.26;34.67;34.67;50.26;50.26;34.67;-;-;34.67;50.88;43.99;49.98;52.06;49.98;43.99
Feb 3, 2018 8:00 PM;Feb 3, 2018 9:00 PM;-;43.50;33.36;33.36;43.50;43.50;33.36;-;-;33.36;48.76;39.74;41.76;49.00;41.76;39.74
Feb 3, 2018 9:00 PM;Feb 3, 2018 10:00 PM;-;39.50;32.93;32.93;39.50;39.50;32.93;-;-;32.93;46.06;36.08;38.47;46.35;38.47;36.08
Feb 3, 2018 10:00 PM;Feb 3, 2018 11:00 PM;-;41.74;32.69;32.69;41.74;41.74;32.69;-;-;32.69;45.11;35.90;39.09;43.75;39.09;35.90
Feb 3, 2018 11:00 PM;Feb 4, 2018 12:00 AM;-;41.40;32.15;32.15;41.40;41.40;32.15;-;-;32.15;42.23;31.39;35.39;41.40;35.39;31.39
Feb 4, 2018 12:00 AM;Feb 4, 2018 1:00 AM;-;41.45;32.02;32.50;41.45;41.45;32.50;-;-;32.50;40.67;30.21;32.02;41.45;32.02;30.21
Feb 4, 2018 1:00 AM;Feb 4, 2018 2:00 AM;-;37.10;31.30;31.30;37.10;37.10;31.30;-;-;31.30;38.09;28.75;31.30;37.10;31.30;27.58
Feb 4, 2018 2:00 AM;Feb 4, 2018 3:00 AM;-;35.20;30.96;30.96;35.99;34.50;30.96;-;-;30.96;35.07;28.96;30.96;35.99;30.96;23.07
Feb 4, 2018 3:00 AM;Feb 4, 2018 4:00 AM;-;31.87;30.99;30.99;31.87;31.87;30.99;-;-;30.99;33.38;29.00;30.99;31.87;30.99;18.12
Feb 4, 2018 4:00 AM;Feb 4, 2018 5:00 AM;-;31.81;30.83;30.83;31.81;31.81;30.83;-;-;30.83;33.04;28.31;30.83;31.81;30.83;20.33
Feb 4, 2018 5:00 AM;Feb 4, 2018 6:00 AM;-;31.81;30.79;30.79;31.81;31.81;30.79;-;-;30.79;33.41;28.71;30.79;31.81;30.79;20.31
Feb 4, 2018 6:00 AM;Feb 4, 2018 7:00 AM;-;34.52;30.84;30.84;34.52;34.52;30.84;-;-;30.84;40.06;28.48;30.84;34.52;30.84;27.20
Feb 4, 2018 7:00 AM;Feb 4, 2018 8:00 AM;-;38.57;31.23;31.23;38.57;38.57;31.23;-;-;31.23;42.53;28.96;31.23;38.57;31.23;28.96
Feb 4, 2018 8:00 AM;Feb 4, 2018 9:00 AM;-;41.00;31.37;31.60;41.00;41.00;31.60;-;-;31.60;44.84;31.43;31.37;41.00;31.37;31.43
Feb 4, 2018 9:00 AM;Feb 4, 2018 10:00 AM;-;43.31;32.38;32.38;43.31;43.31;32.38;-;-;32.38;44.08;33.80;32.38;43.31;32.38;33.80
Feb 4, 2018 10:00 AM;Feb 4, 2018 11:00 AM;-;40.43;33.10;33.10;40.43;40.43;33.10;-;-;33.10;42.53;34.59;33.10;43.90;33.10;34.59
Feb 4, 2018 11:00 AM;Feb 4, 2018 12:00 PM;-;40.00;34.44;34.44;40.00;40.00;34.44;-;-;34.44;43.19;35.86;34.44;43.84;34.44;35.86
Feb 4, 2018 12:00 PM;Feb 4, 2018 1:00 PM;-;40.15;33.40;33.40;40.15;40.15;33.40;-;-;33.40;43.39;34.07;33.40;43.46;33.40;34.07
Feb 4, 2018 1:00 PM;Feb 4, 2018 2:00 PM;-;37.76;32.08;32.08;37.76;37.76;32.08;-;-;32.08;43.17;31.96;32.08;42.33;32.08;31.96
Feb 4, 2018 2:00 PM;Feb 4, 2018 3:00 PM;-;33.90;31.61;31.84;33.90;33.90;31.84;-;-;31.84;42.58;31.09;31.61;43.46;31.61;31.09
Feb 4, 2018 3:00 PM;Feb 4, 2018 4:00 PM;-;33.22;32.09;32.15;33.22;33.22;32.15;-;-;32.15;42.59;31.99;32.09;45.83;32.09;31.99
Feb 4, 2018 4:00 PM;Feb 4, 2018 5:00 PM;-;34.25;34.25;34.25;34.25;34.25;33.96;-;-;34.25;43.46;35.00;34.25;50.23;34.25;35.00
Feb 4, 2018 5:00 PM;Feb 4, 2018 6:00 PM;-;39.71;39.71;39.71;39.71;39.71;39.71;-;-;39.71;48.38;42.34;39.71;55.31;39.71;42.34
Feb 4, 2018 6:00 PM;Feb 4, 2018 7:00 PM;-;48.70;42.91;42.91;48.70;48.70;42.91;-;-;42.91;51.65;46.00;42.91;56.76;42.91;46.00
Feb 4, 2018 7:00 PM;Feb 4, 2018 8:00 PM;-;50.88;40.01;40.01;50.88;50.88;40.01;-;-;40.01;51.61;43.60;40.01;63.00;40.01;43.60
Feb 4, 2018 8:00 PM;Feb 4, 2018 9:00 PM;-;45.45;36.15;36.15;45.45;45.45;36.15;-;-;36.15;50.44;38.84;36.15;56.76;36.15;38.84
Feb 4, 2018 9:00 PM;Feb 4, 2018 10:00 PM;-;36.98;35.00;35.00;36.98;36.98;35.00;-;-;35.00;48.04;34.53;35.00;55.31;35.00;34.53
Feb 4, 2018 10:00 PM;Feb 4, 2018 11:00 PM;-;38.30;34.26;34.26;38.30;38.30;34.26;-;-;34.26;45.48;34.62;35.05;49.60;35.05;34.62
Feb 4, 2018 11:00 PM;Feb 5, 2018 12:00 AM;-;40.31;32.92;32.92;40.31;40.31;32.92;-;-;32.92;44.05;31.81;32.92;45.00;32.92;31.81
Feb 5, 2018 12:00 AM;Feb 5, 2018 1:00 AM;-;33.20;32.14;32.14;33.20;33.20;32.14;-;-;32.14;41.88;31.53;32.14;42.94;32.14;31.53
Feb 5, 2018 1:00 AM;Feb 5, 2018 2:00 AM;-;33.23;31.18;31.18;33.23;33.23;31.18;-;-;31.18;38.90;31.06;31.18;40.88;31.18;31.06
Feb 5, 2018 2:00 AM;Feb 5, 2018 3:00 AM;-;30.92;30.92;30.92;30.92;30.92;30.92;-;-;30.92;37.02;30.50;30.92;37.98;30.92;30.00
Feb 5, 2018 3:00 AM;Feb 5, 2018 4:00 AM;-;30.93;30.93;30.93;30.93;30.93;30.93;-;-;30.93;35.40;30.36;30.93;38.94;30.93;30.01
Feb 5, 2018 4:00 AM;Feb 5, 2018 5:00 AM;-;30.58;30.58;31.55;30.58;30.58;31.55;-;-;31.55;36.25;30.15;30.58;39.77;30.58;30.15
Feb 5, 2018 5:00 AM;Feb 5, 2018 6:00 AM;-;33.67;33.67;33.67;33.67;33.67;33.67;-;-;33.67;40.97;35.00;33.67;42.43;33.67;35.00
Feb 5, 2018 6:00 AM;Feb 5, 2018 7:00 AM;-;41.41;41.41;41.41;41.41;41.41;37.80;-;-;41.41;46.97;44.92;41.41;49.00;41.41;44.92
Feb 5, 2018 7:00 AM;Feb 5, 2018 8:00 AM;-;54.46;54.46;75.10;54.46;54.46;54.46;-;-;75.10;54.82;56.01;54.46;54.46;54.46;56.01
Feb 5, 2018 8:00 AM;Feb 5, 2018 9:00 AM;-;58.06;58.06;81.26;58.06;58.06;58.06;-;-;81.26;59.98;58.90;58.06;58.06;58.06;58.90
Feb 5, 2018 9:00 AM;Feb 5, 2018 10:00 AM;-;57.12;57.12;80.43;57.12;57.12;57.12;-;-;80.43;57.82;56.30;57.12;57.12;57.12;56.30
Feb 5, 2018 10:00 AM;Feb 5, 2018 11:00 AM;-;54.04;55.83;70.02;54.04;54.04;55.83;-;-;70.02;56.01;52.99;54.04;54.04;54.04;52.99
Feb 5, 2018 11:00 AM;Feb 5, 2018 12:00 PM;-;51.88;53.60;53.89;51.88;51.88;53.60;-;-;53.89;55.06;51.37;51.88;53.23;51.88;51.37
Feb 5, 2018 12:00 PM;Feb 5, 2018 1:00 PM;-;47.46;47.66;48.63;47.46;47.46;47.66;-;-;48.63;52.93;49.09;47.46;50.44;47.46;49.09
Feb 5, 2018 1:00 PM;Feb 5, 2018 2:00 PM;-;45.53;46.89;48.09;45.53;45.53;46.89;-;-;48.09;52.42;49.89;45.53;51.23;45.53;49.89
Feb 5, 2018 2:00 PM;Feb 5, 2018 3:00 PM;-;46.90;46.90;48.06;46.90;46.90;46.90;-;-;48.06;52.41;49.49;46.90;51.60;46.90;49.49
Feb 5, 2018 3:00 PM;Feb 5, 2018 4:00 PM;-;48.77;48.77;49.97;48.77;48.77;47.21;-;-;49.97;53.06;51.00;48.77;51.96;48.77;51.00
Feb 5, 2018 4:00 PM;Feb 5, 2018 5:00 PM;-;53.40;53.40;63.97;53.40;53.40;51.69;-;-;63.97;55.58;53.98;53.40;53.98;53.40;53.98
Feb 5, 2018 5:00 PM;Feb 5, 2018 6:00 PM;-;56.93;56.93;93.26;56.93;56.93;56.93;-;-;93.26;62.08;61.37;56.93;56.93;56.93;61.37
Feb 5, 2018 6:00 PM;Feb 5, 2018 7:00 PM;-;58.99;58.99;78.44;58.99;58.99;58.99;-;-;78.44;63.92;63.72;58.99;58.99;58.99;63.72
Feb 5, 2018 7:00 PM;Feb 5, 2018 8:00 PM;-;55.41;55.41;55.41;55.41;55.41;55.41;-;-;55.41;61.09;58.67;55.41;55.41;55.41;58.67
Feb 5, 2018 8:00 PM;Feb 5, 2018 9:00 PM;-;47.75;47.75;47.75;47.75;47.75;47.75;-;-;47.75;53.33;52.12;47.75;51.99;47.75;52.12
Feb 5, 2018 9:00 PM;Feb 5, 2018 10:00 PM;-;39.97;39.97;39.97;39.97;39.97;39.97;-;-;39.97;49.93;45.88;39.97;49.00;39.97;45.88
Feb 5, 2018 10:00 PM;Feb 5, 2018 11:00 PM;-;39.00;39.00;39.00;39.00;39.00;39.00;-;-;39.00;49.06;42.00;39.00;49.00;39.00;42.00
Feb 5, 2018 11:00 PM;Feb 6, 2018 12:00 AM;-;37.21;36.02;36.02;37.21;37.21;36.02;-;-;36.02;46.05;36.01;36.02;44.60;36.02;36.01
Feb 6, 2018 12:00 AM;Feb 6, 2018 1:00 AM;-;36.99;36.12;36.12;36.68;35.10;36.12;-;-;36.12;44.87;38.00;36.12;46.00;36.12;35.02
Feb 6, 2018 1:00 AM;Feb 6, 2018 2:00 AM;-;35.00;35.00;35.00;35.00;35.00;35.00;-;-;35.00;43.22;37.20;35.00;43.30;35.00;31.37
Feb 6, 2018 2:00 AM;Feb 6, 2018 3:00 AM;-;35.08;34.65;34.65;34.96;34.40;34.65;-;-;34.65;41.96;36.10;34.76;42.98;30.10;29.41
Feb 6, 2018 3:00 AM;Feb 6, 2018 4:00 AM;-;35.38;35.38;35.38;35.38;35.38;35.38;-;-;35.38;41.59;35.83;35.38;42.91;25.00;29.88
Feb 6, 2018 4:00 AM;Feb 6, 2018 5:00 AM;-;36.25;36.25;36.25;36.25;36.25;36.25;-;-;36.25;41.99;36.30;36.25;42.52;30.10;31.75
Feb 6, 2018 5:00 AM;Feb 6, 2018 6:00 AM;-;37.51;37.36;37.36;37.45;37.20;37.36;-;-;37.36;43.49;38.50;37.36;45.50;37.36;38.47
Feb 6, 2018 6:00 AM;Feb 6, 2018 7:00 AM;-;45.12;43.95;43.95;44.69;42.68;43.95;-;-;43.95;48.51;47.18;43.95;49.50;43.95;47.18
Feb 6, 2018 7:00 AM;Feb 6, 2018 8:00 AM;-;56.77;58.65;58.65;56.77;56.77;58.65;-;-;58.65;60.60;61.49;56.77;56.77;56.77;61.49
Feb 6, 2018 8:00 AM;Feb 6, 2018 9:00 AM;-;62.51;64.58;64.58;62.51;62.51;64.58;-;-;64.58;65.94;65.91;62.51;62.51;62.51;65.91
Feb 6, 2018 9:00 AM;Feb 6, 2018 10:00 AM;-;62.09;63.69;63.69;62.09;61.65;63.69;-;-;63.69;64.35;63.70;61.61;62.09;61.61;63.70
Feb 6, 2018 10:00 AM;Feb 6, 2018 11:00 AM;-;60.07;59.59;59.59;60.07;57.68;59.59;-;-;59.59;61.05;59.60;54.94;60.07;54.94;59.60
Feb 6, 2018 11:00 AM;Feb 6, 2018 12:00 PM;-;58.39;49.76;49.76;58.39;51.40;49.76;-;-;49.76;56.88;55.64;47.96;58.39;47.96;55.64
Feb 6, 2018 12:00 PM;Feb 6, 2018 1:00 PM;-;54.12;45.64;45.64;55.06;44.95;45.64;-;-;45.64;53.75;51.50;44.95;55.06;44.95;51.50
Feb 6, 2018 1:00 PM;Feb 6, 2018 2:00 PM;-;53.22;44.61;44.61;54.10;44.61;44.61;-;-;44.61;53.25;49.86;44.61;54.10;44.61;49.86
Feb 6, 2018 2:00 PM;Feb 6, 2018 3:00 PM;-;52.91;46.92;46.92;52.91;48.08;46.92;-;-;46.92;53.00;49.99;46.92;54.02;46.92;49.99
Feb 6, 2018 3:00 PM;Feb 6, 2018 4:00 PM;-;51.45;49.45;49.45;51.62;49.45;49.45;-;-;49.45;53.34;52.56;49.45;52.20;49.45;52.56
Feb 6, 2018 4:00 PM;Feb 6, 2018 5:00 PM;-;53.75;53.75;53.75;53.75;53.75;53.75;-;-;53.75;59.05;58.87;53.75;55.95;53.75;58.87
Feb 6, 2018 5:00 PM;Feb 6, 2018 6:00 PM;-;60.21;62.20;63.89;60.21;60.21;62.20;-;-;63.89;63.95;64.48;60.21;60.21;60.21;64.48
Feb 6, 2018 6:00 PM;Feb 6, 2018 7:00 PM;-;65.50;65.50;65.50;65.50;65.50;65.50;-;-;65.50;66.23;66.50;65.50;65.50;65.50;66.50
Feb 6, 2018 7:00 PM;Feb 6, 2018 8:00 PM;-;61.87;58.08;58.08;62.36;58.08;58.08;-;-;58.08;61.86;61.41;58.08;62.36;58.08;61.41
Feb 6, 2018 8:00 PM;Feb 6, 2018 9:00 PM;-;55.64;47.30;47.30;56.77;48.87;47.30;-;-;47.30;52.28;51.00;47.91;56.77;47.91;51.00
Feb 6, 2018 9:00 PM;Feb 6, 2018 10:00 PM;-;47.92;40.26;40.26;48.91;41.59;40.26;-;-;40.26;46.71;43.07;40.67;48.91;40.67;43.07
Feb 6, 2018 10:00 PM;Feb 6, 2018 11:00 PM;-;46.40;37.22;37.22;47.37;38.45;37.22;-;-;37.22;47.26;40.00;38.14;48.10;38.14;40.00
Feb 6, 2018 11:00 PM;Feb 7, 2018 12:00 AM;-;48.92;33.98;33.98;44.70;35.10;33.98;-;-;33.98;44.63;37.55;38.03;44.70;38.03;36.29
Feb 7, 2018 12:00 AM;Feb 7, 2018 1:00 AM;-;42.75;33.72;33.72;43.30;34.43;33.72;-;-;33.72;42.77;35.00;34.43;43.30;34.43;34.31
Feb 7, 2018 1:00 AM;Feb 7, 2018 2:00 AM;-;39.21;33.45;33.45;38.27;34.55;33.45;-;-;33.45;41.33;35.50;35.09;39.97;35.09;29.34
Feb 7, 2018 2:00 AM;Feb 7, 2018 3:00 AM;-;38.25;32.91;32.91;37.39;34.00;32.91;-;-;32.91;40.92;34.50;34.65;39.80;34.65;18.77
Feb 7, 2018 3:00 AM;Feb 7, 2018 4:00 AM;-;35.28;33.07;33.07;35.06;34.16;33.07;-;-;33.07;40.50;34.00;34.36;41.26;34.36;14.16
Feb 7, 2018 4:00 AM;Feb 7, 2018 5:00 AM;-;34.78;33.66;33.66;34.80;34.48;33.66;-;-;33.66;40.98;35.00;34.48;41.20;34.48;20.93
Feb 7, 2018 5:00 AM;Feb 7, 2018 6:00 AM;-;38.56;34.08;34.44;38.86;34.08;33.54;-;-;34.44;43.01;36.80;34.08;42.78;34.08;35.51
Feb 7, 2018 6:00 AM;Feb 7, 2018 7:00 AM;-;47.37;40.60;40.93;47.18;41.94;40.60;-;-;40.93;47.50;42.50;41.94;49.35;41.94;41.95
Feb 7, 2018 7:00 AM;Feb 7, 2018 8:00 AM;-;59.06;59.06;60.07;59.06;59.06;59.06;-;-;60.07;56.44;57.71;59.06;59.06;59.06;57.71
Feb 7, 2018 8:00 AM;Feb 7, 2018 9:00 AM;-;61.92;61.33;61.33;61.76;61.33;61.33;-;-;61.33;61.57;63.54;61.33;61.76;61.33;63.54
Feb 7, 2018 9:00 AM;Feb 7, 2018 10:00 AM;-;63.56;58.97;58.97;61.66;60.92;58.97;-;-;58.97;61.05;61.83;58.97;61.66;58.97;61.83
Feb 7, 2018 10:00 AM;Feb 7, 2018 11:00 AM;-;58.35;57.88;57.88;58.29;57.88;57.88;-;-;57.88;57.88;57.97;57.88;58.29;57.88;57.97
Feb 7, 2018 11:00 AM;Feb 7, 2018 12:00 PM;-;51.53;46.99;46.99;56.38;46.99;46.99;-;-;46.99;55.76;53.23;46.99;56.38;46.99;53.23
Feb 7, 2018 12:00 PM;Feb 7, 2018 1:00 PM;-;48.64;43.51;44.95;52.46;44.95;43.51;-;-;44.95;52.01;52.00;44.95;52.46;44.95;52.00
Feb 7, 2018 1:00 PM;Feb 7, 2018 2:00 PM;-;49.17;44.75;46.22;52.22;46.22;44.75;-;-;46.22;51.07;50.70;46.22;52.22;46.22;50.70
Feb 7, 2018 2:00 PM;Feb 7, 2018 3:00 PM;-;49.22;47.23;49.00;49.14;48.79;47.23;-;-;49.00;51.10;50.55;49.00;52.42;49.00;50.55
Feb 7, 2018 3:00 PM;Feb 7, 2018 4:00 PM;-;51.23;49.16;49.77;51.14;50.78;49.16;-;-;49.77;51.74;52.42;50.99;53.00;50.99;52.42
Feb 7, 2018 4:00 PM;Feb 7, 2018 5:00 PM;-;53.46;51.75;52.17;53.46;53.46;51.75;-;-;52.17;54.51;54.96;53.46;56.94;53.46;54.96
Feb 7, 2018 5:00 PM;Feb 7, 2018 6:00 PM;-;60.19;60.19;61.47;60.19;60.19;60.19;-;-;61.47;60.23;61.99;60.19;60.19;60.19;61.99
Feb 7, 2018 6:00 PM;Feb 7, 2018 7:00 PM;-;66.38;64.14;64.14;65.13;66.27;64.14;-;-;64.14;64.52;66.01;64.14;65.13;64.14;66.01
Feb 7, 2018 7:00 PM;Feb 7, 2018 8:00 PM;-;65.62;55.20;55.20;65.62;52.90;51.21;-;-;55.20;58.90;59.90;56.56;65.62;56.56;59.90
Feb 7, 2018 8:00 PM;Feb 7, 2018 9:00 PM;-;53.04;41.26;43.74;53.00;42.62;41.26;-;-;43.74;51.05;47.73;48.19;53.00;48.19;47.73
Feb 7, 2018 9:00 PM;Feb 7, 2018 10:00 PM;-;51.11;40.23;40.23;49.58;41.55;40.23;-;-;40.23;48.03;42.00;42.96;49.58;42.96;40.94
Feb 7, 2018 10:00 PM;Feb 7, 2018 11:00 PM;-;50.05;35.93;35.93;47.71;37.40;35.93;-;-;35.93;48.30;38.40;43.02;48.03;43.02;37.70
Feb 7, 2018 11:00 PM;Feb 8, 2018 12:00 AM;-;48.00;32.91;32.91;45.21;34.00;32.91;-;-;32.91;45.71;35.87;40.56;45.74;40.56;33.00
Feb 8, 2018 12:00 AM;Feb 8, 2018 1:00 AM;-;48.95;33.61;33.61;46.16;34.30;33.61;-;-;33.61;47.06;35.80;40.11;46.16;40.11;22.16
Feb 8, 2018 1:00 AM;Feb 8, 2018 2:00 AM;-;45.87;33.06;33.06;43.66;34.15;33.06;-;-;33.06;46.02;35.00;38.55;43.66;38.55;19.39
Feb 8, 2018 2:00 AM;Feb 8, 2018 3:00 AM;-;43.94;32.74;32.74;42.00;33.82;32.74;-;-;32.74;45.50;35.10;38.30;42.00;38.30;18.74
Feb 8, 2018 3:00 AM;Feb 8, 2018 4:00 AM;-;42.57;32.60;32.60;40.88;33.68;32.60;-;-;32.60;42.72;34.90;38.02;43.20;30.20;19.39
Feb 8, 2018 4:00 AM;Feb 8, 2018 5:00 AM;-;43.36;33.40;33.40;41.38;32.90;33.40;-;-;33.40;42.11;34.46;36.24;42.24;30.20;20.89
Feb 8, 2018 5:00 AM;Feb 8, 2018 6:00 AM;-;44.17;34.81;34.81;42.53;35.43;34.29;-;-;34.81;43.91;36.00;39.88;45.02;39.88;29.94
Feb 8, 2018 6:00 AM;Feb 8, 2018 7:00 AM;-;51.87;43.45;43.45;49.05;36.88;35.70;-;-;43.45;51.88;43.50;44.51;49.05;38.05;39.69
Feb 8, 2018 7:00 AM;Feb 8, 2018 8:00 AM;-;62.83;54.24;59.61;62.34;59.07;57.18;-;-;59.61;59.13;58.52;61.07;62.34;61.07;58.16
Feb 8, 2018 8:00 AM;Feb 8, 2018 9:00 AM;-;68.34;64.90;64.90;67.66;64.61;62.54;-;-;64.90;64.04;63.98;66.50;67.66;66.50;63.98
Feb 8, 2018 9:00 AM;Feb 8, 2018 10:00 AM;-;67.72;64.83;65.37;67.45;66.98;64.83;-;-;65.37;61.50;61.52;66.98;67.45;66.98;61.52
Feb 8, 2018 10:00 AM;Feb 8, 2018 11:00 AM;-;67.62;58.02;58.50;67.18;59.93;58.02;-;-;58.50;59.33;57.94;59.93;67.18;59.93;57.94
Feb 8, 2018 11:00 AM;Feb 8, 2018 12:00 PM;-;59.84;40.10;59.60;59.79;59.31;40.10;-;-;59.60;56.82;50.50;59.60;59.79;59.60;50.50
Feb 8, 2018 12:00 PM;Feb 8, 2018 1:00 PM;-;53.40;36.10;49.96;52.53;46.00;36.10;-;-;49.96;52.59;47.89;50.03;52.53;50.03;47.89
Feb 8, 2018 1:00 PM;Feb 8, 2018 2:00 PM;-;53.19;35.91;47.80;51.17;42.08;35.91;-;-;47.80;52.55;47.73;47.80;51.17;47.80;47.48
Feb 8, 2018 2:00 PM;Feb 8, 2018 3:00 PM;-;52.93;35.14;48.03;51.48;45.00;35.14;-;-;48.03;52.19;49.00;49.09;51.48;49.09;47.23
Feb 8, 2018 3:00 PM;Feb 8, 2018 4:00 PM;-;53.62;34.89;49.08;53.00;50.22;34.89;-;-;49.08;53.00;51.62;51.98;53.00;51.98;49.33
Feb 8, 2018 4:00 PM;Feb 8, 2018 5:00 PM;-;57.03;33.36;54.11;56.48;53.52;35.92;-;-;54.11;55.09;53.74;55.44;56.48;55.44;52.59
Feb 8, 2018 5:00 PM;Feb 8, 2018 6:00 PM;-;65.00;56.85;63.14;64.36;60.98;54.30;-;-;63.14;60.95;60.48;63.14;64.36;63.14;60.48
Feb 8, 2018 6:00 PM;Feb 8, 2018 7:00 PM;-;73.87;39.24;60.07;71.19;47.74;39.24;-;-;60.07;64.54;64.56;61.55;71.19;61.55;64.56
Feb 8, 2018 7:00 PM;Feb 8, 2018 8:00 PM;-;71.04;35.13;55.72;71.04;39.90;35.13;-;-;55.72;61.34;56.63;57.09;71.04;57.09;56.63
Feb 8, 2018 8:00 PM;Feb 8, 2018 9:00 PM;-;58.82;33.70;45.89;58.82;34.90;33.70;-;-;45.89;52.21;46.20;47.46;58.82;47.46;46.20
Feb 8, 2018 9:00 PM;Feb 8, 2018 10:00 PM;-;53.95;32.85;40.97;51.70;37.60;32.85;-;-;40.97;49.19;40.10;41.98;51.70;41.98;40.10
Feb 8, 2018 10:00 PM;Feb 8, 2018 11:00 PM;-;53.99;31.82;31.82;51.13;34.90;31.82;-;-;31.82;48.16;38.50;41.92;51.13;41.92;38.50
Feb 8, 2018 11:00 PM;Feb 9, 2018 12:00 AM;-;49.08;30.95;30.95;46.43;32.80;30.95;-;-;30.95;45.96;35.85;39.58;47.35;39.58;35.44
Feb 9, 2018 12:00 AM;Feb 9, 2018 1:00 AM;-;45.30;31.01;31.01;47.23;33.55;31.01;-;-;31.01;45.43;33.78;33.71;47.23;33.71;33.78
Feb 9, 2018 1:00 AM;Feb 9, 2018 2:00 AM;-;44.10;30.65;30.65;46.10;32.00;30.65;-;-;30.65;43.40;33.45;32.13;46.10;32.13;33.45
Feb 9, 2018 2:00 AM;Feb 9, 2018 3:00 AM;-;42.67;30.31;30.31;44.56;31.31;30.31;-;-;30.31;42.69;32.40;31.31;45.36;31.31;31.86
Feb 9, 2018 3:00 AM;Feb 9, 2018 4:00 AM;-;38.35;30.40;30.40;39.59;31.40;30.40;-;-;30.40;42.42;32.81;32.16;44.63;32.16;31.35
Feb 9, 2018 4:00 AM;Feb 9, 2018 5:00 AM;-;36.18;30.59;30.59;37.21;31.60;30.59;-;-;30.59;42.06;32.51;32.50;45.02;32.50;31.38
Feb 9, 2018 5:00 AM;Feb 9, 2018 6:00 AM;-;37.56;31.43;31.43;38.34;32.47;31.43;-;-;31.43;43.49;33.44;32.84;45.40;32.84;31.89
Feb 9, 2018 6:00 AM;Feb 9, 2018 7:00 AM;-;47.20;31.98;34.22;49.08;35.06;31.98;-;-;34.22;49.03;37.00;35.06;50.66;35.06;37.00
Feb 9, 2018 7:00 AM;Feb 9, 2018 8:00 AM;-;53.58;33.48;45.56;52.55;41.70;33.48;-;-;45.56;53.08;49.77;46.15;52.55;46.15;49.77
Feb 9, 2018 8:00 AM;Feb 9, 2018 9:00 AM;-;51.40;33.97;48.36;53.46;44.67;33.97;-;-;48.36;55.29;51.79;49.55;53.46;49.55;51.79
Feb 9, 2018 9:00 AM;Feb 9, 2018 10:00 AM;-;48.10;33.92;46.21;53.06;47.34;33.92;-;-;46.21;55.30;49.80;47.34;53.06;47.34;49.80
Feb 9, 2018 10:00 AM;Feb 9, 2018 11:00 AM;-;51.40;33.64;44.33;52.96;45.93;33.64;-;-;44.33;54.31;48.40;45.42;52.96;45.42;48.40
Feb 9, 2018 11:00 AM;Feb 9, 2018 12:00 PM;-;51.43;33.12;38.96;53.00;41.44;33.12;-;-;38.96;52.90;45.00;39.92;53.00;39.92;45.00
Feb 9, 2018 12:00 PM;Feb 9, 2018 1:00 PM;-;41.68;32.66;39.11;49.34;40.07;32.66;-;-;39.11;49.02;42.60;40.07;49.34;40.07;42.60
Feb 9, 2018 1:00 PM;Feb 9, 2018 2:00 PM;-;45.95;32.31;39.11;47.18;40.07;32.31;-;-;39.11;47.84;40.40;40.07;47.79;40.07;40.40
Feb 9, 2018 2:00 PM;Feb 9, 2018 3:00 PM;-;42.74;32.23;41.09;42.79;42.40;32.23;-;-;41.09;49.02;41.40;42.34;48.58;42.34;41.40
Feb 9, 2018 3:00 PM;Feb 9, 2018 4:00 PM;-;43.94;32.14;41.10;43.94;43.94;32.14;-;-;41.10;49.11;42.95;43.94;49.99;43.94;42.95
Feb 9, 2018 4:00 PM;Feb 9, 2018 5:00 PM;-;46.18;29.09;45.07;46.18;46.18;32.89;-;-;45.07;51.28;47.02;46.18;52.28;46.18;47.02
Feb 9, 2018 5:00 PM;Feb 9, 2018 6:00 PM;-;49.59;37.80;48.40;49.59;49.59;34.00;-;-;48.40;52.09;52.01;49.59;52.79;49.59;52.01
Feb 9, 2018 6:00 PM;Feb 9, 2018 7:00 PM;-;52.80;34.15;48.80;53.19;50.42;34.15;-;-;48.80;54.69;51.36;50.00;55.55;50.00;51.36
Feb 9, 2018 7:00 PM;Feb 9, 2018 8:00 PM;-;54.74;32.93;42.06;55.97;47.33;32.93;-;-;42.06;54.93;48.22;45.99;55.97;45.99;48.22
Feb 9, 2018 8:00 PM;Feb 9, 2018 9:00 PM;-;50.33;32.04;32.73;52.03;40.25;32.04;-;-;32.73;50.33;42.30;40.02;52.03;40.02;42.30
Feb 9, 2018 9:00 PM;Feb 9, 2018 10:00 PM;-;42.94;31.89;31.89;43.22;41.22;31.89;-;-;31.89;47.43;39.79;40.94;49.22;40.94;39.79
Feb 9, 2018 10:00 PM;Feb 9, 2018 11:00 PM;-;41.35;31.56;31.56;41.69;41.33;31.56;-;-;31.56;47.39;39.17;41.48;48.21;41.48;39.17
Feb 9, 2018 11:00 PM;Feb 10, 2018 12:00 AM;-;40.44;31.17;31.17;40.44;40.44;31.17;-;-;31.17;45.25;37.06;40.44;46.20;40.44;37.06
Feb 10, 2018 12:00 AM;Feb 10, 2018 1:00 AM;-;42.30;31.53;31.53;42.30;42.30;31.53;-;-;31.53;44.97;35.50;35.50;47.58;35.50;35.50
Feb 10, 2018 1:00 AM;Feb 10, 2018 2:00 AM;-;42.54;31.27;31.27;42.54;42.54;31.27;-;-;31.27;43.12;34.17;34.52;45.54;34.52;34.17
Feb 10, 2018 2:00 AM;Feb 10, 2018 3:00 AM;-;39.92;31.06;31.06;39.92;39.92;31.06;-;-;31.06;42.11;33.60;34.28;42.13;34.28;33.60
Feb 10, 2018 3:00 AM;Feb 10, 2018 4:00 AM;-;36.48;31.15;31.15;36.48;36.48;31.15;-;-;31.15;42.00;33.40;34.13;43.56;34.13;33.40
Feb 10, 2018 4:00 AM;Feb 10, 2018 5:00 AM;-;35.60;31.43;31.43;35.60;35.60;31.43;-;-;31.43;40.58;33.49;34.68;43.56;34.68;33.49
Feb 10, 2018 5:00 AM;Feb 10, 2018 6:00 AM;-;36.62;31.80;31.80;36.62;36.62;31.80;-;-;31.80;40.55;33.70;33.74;42.16;33.74;33.70
Feb 10, 2018 6:00 AM;Feb 10, 2018 7:00 AM;-;38.28;31.80;31.80;38.28;38.28;31.80;-;-;31.80;43.91;34.00;35.26;44.02;35.26;34.00
Feb 10, 2018 7:00 AM;Feb 10, 2018 8:00 AM;-;41.32;31.41;31.41;43.65;40.02;31.41;-;-;31.41;46.21;36.90;40.02;48.00;40.02;36.90
Feb 10, 2018 8:00 AM;Feb 10, 2018 9:00 AM;-;45.90;31.82;36.07;45.90;45.90;31.82;-;-;36.07;47.12;41.25;45.90;49.43;45.90;41.25
Feb 10, 2018 9:00 AM;Feb 10, 2018 10:00 AM;-;49.90;32.53;36.07;49.90;49.90;32.53;-;-;36.07;48.94;44.27;46.91;49.90;46.91;44.27
Feb 10, 2018 10:00 AM;Feb 10, 2018 11:00 AM;-;49.29;33.21;40.49;49.29;49.29;33.21;-;-;40.49;48.75;43.64;46.94;49.29;46.94;43.64
Feb 10, 2018 11:00 AM;Feb 10, 2018 12:00 PM;-;48.00;33.04;40.47;48.00;48.00;33.04;-;-;40.47;47.97;42.68;48.00;48.00;48.00;42.68
Feb 10, 2018 12:00 PM;Feb 10, 2018 1:00 PM;-;45.92;32.45;36.06;45.92;45.92;32.45;-;-;36.06;45.20;41.53;45.92;45.92;45.92;41.53
Feb 10, 2018 1:00 PM;Feb 10, 2018 2:00 PM;-;42.47;32.23;36.00;42.47;42.47;32.23;-;-;36.00;43.11;39.41;42.47;42.47;42.47;39.41
Feb 10, 2018 2:00 PM;Feb 10, 2018 3:00 PM;-;40.28;31.99;31.99;40.28;40.28;31.99;-;-;31.99;43.06;38.25;40.28;40.56;40.28;38.25
Feb 10, 2018 3:00 PM;Feb 10, 2018 4:00 PM;-;40.03;32.36;32.72;40.03;40.03;32.36;-;-;32.72;43.38;38.00;40.03;41.49;40.03;38.00
Feb 10, 2018 4:00 PM;Feb 10, 2018 5:00 PM;-;40.20;33.14;38.82;40.20;40.20;33.14;-;-;38.82;45.06;40.00;40.20;44.28;40.20;40.00
Feb 10, 2018 5:00 PM;Feb 10, 2018 6:00 PM;-;42.98;35.56;41.72;42.98;42.98;35.56;-;-;41.72;46.33;44.41;42.98;49.71;42.98;44.41
Feb 10, 2018 6:00 PM;Feb 10, 2018 7:00 PM;-;45.44;34.91;44.35;45.44;45.44;34.91;-;-;44.35;46.78;46.00;45.44;73.95;45.44;46.00
Feb 10, 2018 7:00 PM;Feb 10, 2018 8:00 PM;-;43.40;32.90;40.57;43.40;43.40;32.90;-;-;40.57;45.62;42.50;43.40;73.95;43.40;42.50
Feb 10, 2018 8:00 PM;Feb 10, 2018 9:00 PM;-;38.86;32.10;34.44;38.86;38.86;32.10;-;-;34.44;43.65;35.31;38.86;57.03;38.86;35.31
Feb 10, 2018 9:00 PM;Feb 10, 2018 10:00 PM;-;35.60;32.46;32.46;38.50;33.95;31.93;-;-;32.46;46.41;31.97;33.95;48.50;33.95;31.97
Feb 10, 2018 10:00 PM;Feb 10, 2018 11:00 PM;-;35.60;31.96;31.54;39.98;32.58;31.54;-;-;31.54;44.61;30.41;32.58;43.00;32.58;30.41
Feb 10, 2018 11:00 PM;Feb 11, 2018 12:00 AM;-;35.60;29.05;30.01;42.02;29.05;30.01;-;-;30.01;42.09;26.50;29.05;42.02;29.05;26.50
Feb 11, 2018 12:00 AM;Feb 11, 2018 1:00 AM;-;26.18;17.08;29.62;36.12;28.67;29.62;-;-;29.62;43.23;15.00;17.08;39.95;17.08;15.00
Feb 11, 2018 1:00 AM;Feb 11, 2018 2:00 AM;-;24.68;18.04;18.04;30.68;28.39;29.33;-;-;29.33;39.46;11.42;18.04;35.30;18.04;11.42
Feb 11, 2018 2:00 AM;Feb 11, 2018 3:00 AM;-;18.10;12.34;12.34;20.93;28.06;28.99;-;-;28.99;36.91;3.43;12.34;30.13;12.34;3.43
Feb 11, 2018 3:00 AM;Feb 11, 2018 4:00 AM;-;11.91;4.58;4.58;10.70;27.92;28.84;-;-;28.84;36.39;2.15;4.58;29.16;4.58;2.15
Feb 11, 2018 4:00 AM;Feb 11, 2018 5:00 AM;-;10.90;0.52;0.52;12.97;27.96;28.89;-;-;28.89;36.40;5.00;0.52;28.46;0.52;5.00
Feb 11, 2018 5:00 AM;Feb 11, 2018 6:00 AM;-;12.48;1.00;28.79;21.05;21.00;28.79;-;-;28.79;35.22;3.43;1.00;29.16;1.00;3.43
Feb 11, 2018 6:00 AM;Feb 11, 2018 7:00 AM;-;11.78;-4.92;28.94;20.84;28.01;28.94;-;-;28.94;36.38;1.30;-4.92;32.00;-4.92;1.30
Feb 11, 2018 7:00 AM;Feb 11, 2018 8:00 AM;-;22.53;-4.04;29.06;29.08;25.00;29.06;-;-;29.06;39.51;3.03;-4.93;35.68;-4.93;3.03
Feb 11, 2018 8:00 AM;Feb 11, 2018 9:00 AM;-;27.38;0.10;29.36;32.46;28.42;29.36;-;-;29.36;40.14;8.34;0.10;41.06;0.10;8.34
Feb 11, 2018 9:00 AM;Feb 11, 2018 10:00 AM;-;30.65;0.30;29.67;36.91;30.65;29.67;-;-;29.67;43.56;11.42;0.30;41.58;0.30;11.42
Feb 11, 2018 10:00 AM;Feb 11, 2018 11:00 AM;-;30.89;0.03;29.90;38.01;30.89;29.90;-;-;29.90;43.21;12.00;0.03;41.06;0.03;12.00
Feb 11, 2018 11:00 AM;Feb 11, 2018 12:00 PM;-;30.99;11.70;30.00;37.65;30.99;30.00;-;-;30.00;42.48;12.00;11.70;40.43;11.70;12.00
Feb 11, 2018 12:00 PM;Feb 11, 2018 1:00 PM;-;30.82;13.08;29.83;40.00;30.82;29.83;-;-;29.83;41.67;11.29;13.08;40.00;13.08;11.29
Feb 11, 2018 1:00 PM;Feb 11, 2018 2:00 PM;-;30.70;11.58;17.11;34.61;30.70;29.71;-;-;29.71;40.31;12.00;11.58;34.61;11.58;12.00
Feb 11, 2018 2:00 PM;Feb 11, 2018 3:00 PM;-;30.59;10.70;10.70;34.74;30.59;29.61;-;-;29.61;39.92;12.00;10.70;34.77;10.70;12.00
Feb 11, 2018 3:00 PM;Feb 11, 2018 4:00 PM;-;31.00;10.21;10.21;34.20;31.00;30.01;-;-;30.01;41.65;12.95;10.21;40.10;10.21;12.95
Feb 11, 2018 4:00 PM;Feb 11, 2018 5:00 PM;-;31.78;12.19;12.19;31.78;38.22;30.36;-;-;30.36;45.05;15.00;12.19;44.52;12.19;15.00
Feb 11, 2018 5:00 PM;Feb 11, 2018 6:00 PM;-;35.49;28.64;28.64;34.74;48.31;30.82;-;-;30.82;46.44;24.04;28.64;47.50;28.64;24.04
Feb 11, 2018 6:00 PM;Feb 11, 2018 7:00 PM;-;50.00;31.35;31.35;43.97;67.50;31.35;-;-;31.35;47.86;28.99;31.35;50.83;31.35;28.99
Feb 11, 2018 7:00 PM;Feb 11, 2018 8:00 PM;-;50.00;31.03;31.03;48.49;80.36;31.03;-;-;31.03;48.94;27.99;31.03;52.00;31.03;27.99
Feb 11, 2018 8:00 PM;Feb 11, 2018 9:00 PM;-;47.22;21.77;21.77;46.21;52.40;30.30;-;-;30.30;48.95;25.71;21.77;50.00;21.77;25.71
Feb 11, 2018 9:00 PM;Feb 11, 2018 10:00 PM;-;35.00;17.07;17.07;41.95;32.40;29.91;-;-;29.91;47.09;22.79;17.07;49.05;17.07;22.79
Feb 11, 2018 10:00 PM;Feb 11, 2018 11:00 PM;-;47.50;17.08;17.08;47.50;32.00;29.63;-;-;29.63;47.39;21.92;17.08;47.50;17.08;21.92
Feb 11, 2018 11:00 PM;Feb 12, 2018 12:00 AM;-;39.08;14.97;14.97;43.80;30.16;29.20;-;-;29.06;43.73;14.38;14.97;43.80;14.97;14.38
Feb 12, 2018 12:00 AM;Feb 12, 2018 1:00 AM;-;42.35;11.61;11.61;42.35;32.60;28.90;-;-;28.90;41.20;14.38;11.61;42.35;11.61;14.98
Feb 12, 2018 1:00 AM;Feb 12, 2018 2:00 AM;-;30.50;10.75;10.75;40.58;30.50;28.65;-;-;28.57;37.40;14.20;10.75;40.58;10.75;13.35
Feb 12, 2018 2:00 AM;Feb 12, 2018 3:00 AM;-;30.00;10.00;10.00;40.32;30.00;28.68;-;-;28.01;36.10;13.91;10.00;40.32;10.00;10.31
Feb 12, 2018 3:00 AM;Feb 12, 2018 4:00 AM;-;37.30;10.33;10.33;37.30;29.76;28.81;-;-;28.81;36.28;13.32;10.33;37.30;10.33;10.74
Feb 12, 2018 4:00 AM;Feb 12, 2018 5:00 AM;-;38.29;10.73;10.73;38.29;29.85;28.90;-;-;28.90;36.94;14.80;10.73;38.29;10.73;14.80
Feb 12, 2018 5:00 AM;Feb 12, 2018 6:00 AM;-;41.70;12.39;12.39;41.70;30.34;29.37;-;-;29.37;41.28;21.48;12.39;41.70;12.39;21.48
Feb 12, 2018 6:00 AM;Feb 12, 2018 7:00 AM;-;46.10;30.54;30.54;47.57;32.40;30.54;-;-;30.54;46.04;33.80;30.54;47.57;30.54;33.80
Feb 12, 2018 7:00 AM;Feb 12, 2018 8:00 AM;-;52.60;31.84;31.84;52.70;48.50;31.84;-;-;31.84;52.04;41.49;40.98;52.70;40.98;41.49
Feb 12, 2018 8:00 AM;Feb 12, 2018 9:00 AM;-;56.41;32.30;32.30;55.59;55.20;32.30;-;-;32.30;54.64;42.94;41.94;60.00;41.94;42.94
Feb 12, 2018 9:00 AM;Feb 12, 2018 10:00 AM;-;70.87;32.17;32.17;58.86;46.32;32.17;-;-;32.17;54.79;42.69;40.01;58.86;58.86;42.69
Feb 12, 2018 10:00 AM;Feb 12, 2018 11:00 AM;-;62.10;32.12;32.12;54.79;42.73;32.12;-;-;32.12;53.95;40.22;38.92;54.79;54.79;40.22
Feb 12, 2018 11:00 AM;Feb 12, 2018 12:00 PM;-;62.10;31.86;31.86;52.97;37.78;31.86;-;-;31.86;52.92;38.07;33.65;54.49;54.49;38.07
Feb 12, 2018 12:00 PM;Feb 12, 2018 1:00 PM;-;51.02;31.58;31.58;54.04;32.63;31.58;-;-;31.58;50.06;39.09;32.63;54.04;54.04;39.09
Feb 12, 2018 1:00 PM;Feb 12, 2018 2:00 PM;-;56.30;31.58;31.58;50.95;34.90;31.58;-;-;31.58;49.92;38.51;33.10;50.95;50.95;38.51
Feb 12, 2018 2:00 PM;Feb 12, 2018 3:00 PM;-;44.83;31.59;31.59;48.88;39.90;31.59;-;-;31.59;49.98;39.24;38.94;53.18;53.18;39.24
Feb 12, 2018 3:00 PM;Feb 12, 2018 4:00 PM;-;52.58;31.77;31.77;47.84;52.58;31.77;-;-;31.77;50.06;40.89;41.42;53.18;41.42;40.89
Feb 12, 2018 4:00 PM;Feb 12, 2018 5:00 PM;-;46.97;30.45;32.52;45.98;47.50;32.52;-;-;32.52;50.03;42.85;44.64;53.18;44.64;42.85
Feb 12, 2018 5:00 PM;Feb 12, 2018 6:00 PM;-;52.70;37.30;37.30;49.84;55.52;35.22;-;-;37.30;51.54;47.15;46.06;54.49;54.49;47.15
Feb 12, 2018 6:00 PM;Feb 12, 2018 7:00 PM;-;61.44;35.78;35.78;61.44;61.44;35.78;-;-;35.78;54.38;51.33;61.44;61.44;61.44;51.33
Feb 12, 2018 7:00 PM;Feb 12, 2018 8:00 PM;-;56.97;33.98;33.98;64.00;45.10;33.98;-;-;33.98;54.05;47.43;44.91;64.00;44.91;47.43
Feb 12, 2018 8:00 PM;Feb 12, 2018 9:00 PM;-;52.65;32.44;32.44;54.49;41.96;32.44;-;-;32.44;51.61;42.85;41.96;54.49;41.96;42.85
Feb 12, 2018 9:00 PM;Feb 12, 2018 10:00 PM;-;46.10;31.92;31.92;47.30;39.43;31.92;-;-;31.92;47.58;37.19;39.43;48.15;39.43;37.19
Feb 12, 2018 10:00 PM;Feb 12, 2018 11:00 PM;-;42.80;31.10;31.10;42.60;39.40;31.10;-;-;31.10;47.60;35.15;39.47;49.29;39.47;35.15
Feb 12, 2018 11:00 PM;Feb 13, 2018 12:00 AM;-;49.74;30.96;30.96;42.82;35.30;30.96;-;-;30.96;45.01;30.84;31.72;45.32;31.72;30.84
Feb 13, 2018 12:00 AM;Feb 13, 2018 1:00 AM;-;38.43;30.79;30.79;38.43;38.43;30.79;-;-;30.79;46.22;32.91;31.55;45.31;31.55;32.91
Feb 13, 2018 1:00 AM;Feb 13, 2018 2:00 AM;-;34.35;30.57;30.57;34.35;34.35;30.57;-;-;30.57;43.34;31.80;31.32;44.06;31.32;31.80
Feb 13, 2018 2:00 AM;Feb 13, 2018 3:00 AM;-;34.20;30.50;30.50;34.20;34.20;30.50;-;-;30.50;42.40;31.70;31.25;43.91;31.25;31.70
Feb 13, 2018 3:00 AM;Feb 13, 2018 4:00 AM;-;33.36;30.78;30.78;33.36;33.36;30.78;-;-;30.78;42.45;31.40;31.56;44.46;31.56;31.40
Feb 13, 2018 4:00 AM;Feb 13, 2018 5:00 AM;-;32.04;31.08;31.08;32.04;32.04;31.08;-;-;31.08;41.54;32.00;32.04;44.31;32.04;32.00
Feb 13, 2018 5:00 AM;Feb 13, 2018 6:00 AM;-;33.58;32.68;32.68;33.58;33.58;32.68;-;-;32.68;43.24;33.64;33.58;44.46;33.58;33.64
Feb 13, 2018 6:00 AM;Feb 13, 2018 7:00 AM;-;40.06;37.10;37.10;40.06;40.06;37.10;-;-;37.10;48.55;39.80;40.06;54.49;40.06;40.95
Feb 13, 2018 7:00 AM;Feb 13, 2018 8:00 AM;-;50.04;45.49;45.49;50.19;46.99;45.49;-;-;45.49;52.88;48.22;46.26;56.00;46.26;51.13
Feb 13, 2018 8:00 AM;Feb 13, 2018 9:00 AM;-;49.02;47.45;47.45;49.02;49.02;47.45;-;-;47.45;53.30;48.99;49.02;74.27;53.56;50.82
Feb 13, 2018 9:00 AM;Feb 13, 2018 10:00 AM;-;47.95;46.41;46.41;47.95;47.95;46.41;-;-;46.41;53.21;45.80;47.56;63.00;52.13;49.32
Feb 13, 2018 10:00 AM;Feb 13, 2018 11:00 AM;-;44.83;42.60;42.95;44.96;44.01;42.60;-;-;42.95;51.95;42.10;44.01;53.99;47.00;45.96
Feb 13, 2018 11:00 AM;Feb 13, 2018 12:00 PM;-;41.24;37.08;38.05;44.23;38.31;37.08;-;-;38.05;50.81;39.90;38.99;52.00;48.31;44.93
Feb 13, 2018 12:00 PM;Feb 13, 2018 1:00 PM;-;36.66;34.50;34.50;39.39;34.00;34.50;-;-;34.50;49.08;38.50;36.30;48.79;48.79;46.42
Feb 13, 2018 1:00 PM;Feb 13, 2018 2:00 PM;-;36.59;34.06;34.06;38.06;35.19;34.06;-;-;34.06;48.02;38.91;36.40;48.79;44.51;43.15
Feb 13, 2018 2:00 PM;Feb 13, 2018 3:00 PM;-;39.43;35.95;35.95;39.43;39.43;35.95;-;-;35.95;48.47;40.20;39.43;49.99;39.43;43.19
Feb 13, 2018 3:00 PM;Feb 13, 2018 4:00 PM;-;42.94;36.32;36.32;42.94;42.94;36.32;-;-;36.32;49.76;42.92;42.94;51.12;42.94;42.92
Feb 13, 2018 4:00 PM;Feb 13, 2018 5:00 PM;-;45.36;39.32;44.27;45.36;45.36;39.53;-;-;44.27;49.98;44.83;45.36;61.67;45.36;44.83
Feb 13, 2018 5:00 PM;Feb 13, 2018 6:00 PM;-;49.85;49.85;49.85;49.85;49.85;49.64;-;-;49.85;51.84;49.99;49.85;62.00;49.85;49.99
Feb 13, 2018 6:00 PM;Feb 13, 2018 7:00 PM;-;54.38;52.64;53.07;54.38;54.38;52.64;-;-;53.07;54.78;54.03;54.38;73.97;54.38;54.03
Feb 13, 2018 7:00 PM;Feb 13, 2018 8:00 PM;-;56.99;38.67;43.86;58.92;44.94;38.67;-;-;43.86;54.92;47.66;44.94;63.00;44.94;47.66
Feb 13, 2018 8:00 PM;Feb 13, 2018 9:00 PM;-;50.12;33.55;38.97;51.97;39.93;33.55;-;-;38.97;52.43;42.85;39.93;52.00;39.93;42.85
Feb 13, 2018 9:00 PM;Feb 13, 2018 10:00 PM;-;38.09;33.10;36.08;40.78;34.90;33.10;-;-;36.08;48.10;38.30;36.97;49.79;36.97;38.30
Feb 13, 2018 10:00 PM;Feb 13, 2018 11:00 PM;-;39.36;32.23;32.23;43.58;35.40;32.23;-;-;32.23;48.35;37.17;34.84;47.99;34.84;37.17
Feb 13, 2018 11:00 PM;Feb 14, 2018 12:00 AM;-;41.84;31.18;31.18;43.26;40.50;31.18;-;-;31.18;46.38;33.40;31.94;47.09;31.94;33.40
Feb 14, 2018 12:00 AM;Feb 14, 2018 1:00 AM;-;48.21;32.06;32.06;41.47;35.50;32.06;-;-;32.06;45.94;33.40;34.34;47.81;34.34;34.23
Feb 14, 2018 1:00 AM;Feb 14, 2018 2:00 AM;-;43.48;31.71;31.71;39.25;35.50;31.71;-;-;31.71;44.36;33.76;35.09;47.45;35.09;33.76
Feb 14, 2018 2:00 AM;Feb 14, 2018 3:00 AM;-;38.85;31.52;31.52;38.85;38.85;31.52;-;-;31.52;43.93;33.24;34.39;44.99;34.39;33.24
Feb 14, 2018 3:00 AM;Feb 14, 2018 4:00 AM;-;35.80;31.59;31.59;35.75;35.70;31.59;-;-;31.59;43.91;32.71;34.91;44.46;34.91;32.32
Feb 14, 2018 4:00 AM;Feb 14, 2018 5:00 AM;-;35.91;32.43;32.43;35.91;35.91;32.43;-;-;32.43;43.71;33.75;35.91;44.46;35.91;33.43
Feb 14, 2018 5:00 AM;Feb 14, 2018 6:00 AM;-;37.40;33.63;33.63;37.17;36.97;33.63;-;-;33.63;45.04;34.75;34.46;47.45;34.46;34.75
Feb 14, 2018 6:00 AM;Feb 14, 2018 7:00 AM;-;42.82;34.98;41.79;42.82;42.82;34.98;-;-;41.79;49.09;42.46;42.82;49.20;42.82;42.46
Feb 14, 2018 7:00 AM;Feb 14, 2018 8:00 AM;-;49.47;48.28;48.28;49.47;49.47;47.88;-;-;48.28;53.40;51.88;49.47;52.44;49.47;51.88
Feb 14, 2018 8:00 AM;Feb 14, 2018 9:00 AM;-;58.80;56.28;56.28;58.80;58.80;56.28;-;-;56.28;55.25;54.19;58.80;70.48;58.80;54.19
Feb 14, 2018 9:00 AM;Feb 14, 2018 10:00 AM;-;56.64;45.05;53.72;56.07;60.45;45.05;-;-;53.72;51.30;50.45;55.04;60.50;55.04;50.45
Feb 14, 2018 10:00 AM;Feb 14, 2018 11:00 AM;-;52.45;40.42;44.91;52.45;52.45;40.42;-;-;44.91;49.17;46.57;44.91;52.45;44.91;46.57
Feb 14, 2018 11:00 AM;Feb 14, 2018 12:00 PM;-;46.00;36.82;40.13;50.81;42.40;36.82;-;-;40.13;48.99;42.51;41.12;51.00;41.12;42.51
Feb 14, 2018 12:00 PM;Feb 14, 2018 1:00 PM;-;55.00;35.15;35.91;48.41;37.40;35.15;-;-;35.91;48.14;40.00;36.79;49.19;36.79;40.00
Feb 14, 2018 1:00 PM;Feb 14, 2018 2:00 PM;-;53.45;34.12;35.12;46.23;39.90;34.12;-;-;35.12;47.67;39.00;35.98;49.19;35.98;39.00
Feb 14, 2018 2:00 PM;Feb 14, 2018 3:00 PM;-;48.11;33.93;35.96;42.43;37.40;33.93;-;-;35.96;48.22;40.92;36.84;51.11;36.84;40.92
Feb 14, 2018 3:00 PM;Feb 14, 2018 4:00 PM;-;40.99;33.85;40.00;40.99;40.99;33.85;-;-;40.00;48.95;43.96;40.99;52.32;40.99;43.96
Feb 14, 2018 4:00 PM;Feb 14, 2018 5:00 PM;-;42.21;34.39;41.20;42.21;42.21;34.39;-;-;41.20;49.02;44.01;42.21;63.90;42.21;44.01
Feb 14, 2018 5:00 PM;Feb 14, 2018 6:00 PM;-;45.96;36.46;44.99;45.75;48.00;36.46;-;-;44.99;49.06;47.20;44.99;69.99;44.99;47.20
Feb 14, 2018 6:00 PM;Feb 14, 2018 7:00 PM;-;56.14;37.05;44.53;52.08;49.90;37.05;-;-;44.53;52.44;49.15;44.53;73.97;44.53;49.15
Feb 14, 2018 7:00 PM;Feb 14, 2018 8:00 PM;-;58.07;33.98;40.01;51.24;42.84;33.98;-;-;40.01;53.66;42.88;40.99;68.71;40.99;42.88
Feb 14, 2018 8:00 PM;Feb 14, 2018 9:00 PM;-;44.92;32.78;36.63;42.88;37.00;32.78;-;-;36.63;49.36;38.50;37.53;52.42;41.91;38.50
Feb 14, 2018 9:00 PM;Feb 14, 2018 10:00 PM;-;37.36;32.61;32.61;37.36;42.40;32.61;-;-;32.61;48.17;33.92;33.76;52.42;33.76;33.92
Feb 14, 2018 10:00 PM;Feb 14, 2018 11:00 PM;-;35.90;31.19;31.19;40.49;35.00;31.19;-;-;31.19;47.30;30.40;31.37;51.00;31.37;30.40
Feb 14, 2018 11:00 PM;Feb 15, 2018 12:00 AM;-;35.14;29.41;29.77;42.80;30.75;29.77;-;-;29.77;45.92;27.00;29.41;47.60;29.41;27.00
Feb 15, 2018 12:00 AM;Feb 15, 2018 1:00 AM;-;32.36;28.26;28.26;35.58;30.10;30.08;-;-;30.08;45.10;27.50;28.26;45.46;28.26;27.50
Feb 15, 2018 1:00 AM;Feb 15, 2018 2:00 AM;-;32.00;27.87;27.87;34.53;31.00;30.00;-;-;30.00;45.40;25.15;27.87;44.10;27.87;25.15
Feb 15, 2018 2:00 AM;Feb 15, 2018 3:00 AM;-;31.94;18.29;18.29;32.47;31.81;30.01;-;-;30.01;43.96;22.88;18.29;44.05;18.29;22.88
Feb 15, 2018 3:00 AM;Feb 15, 2018 4:00 AM;-;27.41;16.09;16.09;25.61;28.00;29.73;-;-;29.73;41.92;22.19;16.09;44.05;16.09;22.19
Feb 15, 2018 4:00 AM;Feb 15, 2018 5:00 AM;-;21.69;17.98;17.98;21.13;29.09;30.05;-;-;30.05;42.01;22.55;17.98;42.80;17.98;22.55
Feb 15, 2018 5:00 AM;Feb 15, 2018 6:00 AM;-;31.82;25.07;25.07;31.72;31.82;30.80;-;-;30.80;45.05;25.28;25.07;44.46;25.07;25.28
Feb 15, 2018 6:00 AM;Feb 15, 2018 7:00 AM;-;37.70;30.62;31.37;37.70;37.70;31.37;-;-;31.37;48.17;31.92;30.62;50.61;30.62;31.92
Feb 15, 2018 7:00 AM;Feb 15, 2018 8:00 AM;-;49.08;32.77;32.77;49.08;37.40;32.77;-;-;32.77;49.39;39.43;32.77;58.01;32.77;39.43
Feb 15, 2018 8:00 AM;Feb 15, 2018 9:00 AM;-;54.23;34.06;34.06;49.84;50.00;34.06;-;-;34.06;53.63;38.88;34.07;73.75;34.07;38.88
Feb 15, 2018 9:00 AM;Feb 15, 2018 10:00 AM;-;54.87;33.51;33.51;49.82;54.87;33.51;-;-;33.51;54.01;38.96;33.51;60.00;33.51;38.96
Feb 15, 2018 10:00 AM;Feb 15, 2018 11:00 AM;-;51.71;32.85;32.85;51.08;51.71;32.85;-;-;32.85;52.04;35.65;32.85;52.84;32.85;35.65
Feb 15, 2018 11:00 AM;Feb 15, 2018 12:00 PM;-;50.41;32.78;32.78;50.09;49.74;32.78;-;-;32.78;51.57;34.30;32.78;51.54;32.78;34.30
Feb 15, 2018 12:00 PM;Feb 15, 2018 1:00 PM;-;51.04;32.74;32.74;49.48;49.13;32.74;-;-;32.74;49.07;33.99;32.74;49.48;38.40;33.99
Feb 15, 2018 1:00 PM;Feb 15, 2018 2:00 PM;-;50.54;32.98;32.98;49.04;48.70;32.98;-;-;32.98;49.05;34.28;34.05;49.04;34.82;34.28
Feb 15, 2018 2:00 PM;Feb 15, 2018 3:00 PM;-;49.15;33.17;33.17;46.91;44.90;33.17;-;-;33.17;49.22;36.07;39.12;50.81;39.90;36.07
Feb 15, 2018 3:00 PM;Feb 15, 2018 4:00 PM;-;44.16;33.41;33.41;43.24;45.48;33.41;-;-;33.41;49.18;39.80;41.33;51.60;41.33;39.80
Feb 15, 2018 4:00 PM;Feb 15, 2018 5:00 PM;-;42.98;33.79;33.79;42.66;43.68;33.79;-;-;33.79;50.97;40.60;41.99;52.85;41.99;40.60
Feb 15, 2018 5:00 PM;Feb 15, 2018 6:00 PM;-;47.00;35.18;35.18;47.00;47.00;35.18;-;-;35.18;49.75;47.00;47.00;64.00;47.00;47.00
Feb 15, 2018 6:00 PM;Feb 15, 2018 7:00 PM;-;52.00;36.96;36.96;52.00;52.00;36.96;-;-;36.96;51.78;47.75;52.00;84.83;52.00;47.75
Feb 15, 2018 7:00 PM;Feb 15, 2018 8:00 PM;-;50.32;35.14;35.14;55.52;47.40;35.14;-;-;35.14;51.36;44.02;47.40;66.87;47.40;44.02
Feb 15, 2018 8:00 PM;Feb 15, 2018 9:00 PM;-;44.11;33.92;33.92;46.40;42.95;33.92;-;-;33.92;49.05;41.66;42.95;58.35;42.95;41.66
Feb 15, 2018 9:00 PM;Feb 15, 2018 10:00 PM;-;40.00;33.89;33.89;40.00;40.00;33.89;-;-;33.89;48.83;36.50;40.00;52.28;40.00;36.50
Feb 15, 2018 10:00 PM;Feb 15, 2018 11:00 PM;-;43.54;33.01;33.01;40.39;37.57;33.01;-;-;33.01;47.35;34.99;38.08;49.59;38.08;34.99
Feb 15, 2018 11:00 PM;Feb 16, 2018 12:00 AM;-;45.00;32.15;32.15;40.98;37.40;32.15;-;-;32.15;45.03;31.38;32.94;49.29;32.94;31.38
Feb 16, 2018 12:00 AM;Feb 16, 2018 1:00 AM;-;37.84;32.05;32.05;39.70;37.40;32.05;-;-;32.05;47.10;30.48;32.93;45.46;32.93;30.48
Feb 16, 2018 1:00 AM;Feb 16, 2018 2:00 AM;-;35.68;31.86;31.86;35.68;35.68;31.86;-;-;31.86;46.15;29.30;32.99;44.07;32.99;29.30
Feb 16, 2018 2:00 AM;Feb 16, 2018 3:00 AM;-;34.35;31.78;31.78;34.35;34.35;31.78;-;-;31.78;45.25;28.99;32.56;44.06;32.56;28.99
Feb 16, 2018 3:00 AM;Feb 16, 2018 4:00 AM;-;32.29;31.51;31.51;32.29;32.29;31.51;-;-;31.51;45.12;28.49;32.29;44.10;32.29;28.49
Feb 16, 2018 4:00 AM;Feb 16, 2018 5:00 AM;-;32.50;31.99;31.99;32.50;32.50;31.99;-;-;31.99;44.59;28.99;32.50;44.46;32.50;28.99
Feb 16, 2018 5:00 AM;Feb 16, 2018 6:00 AM;-;34.82;33.02;33.02;34.82;34.82;33.02;-;-;33.02;46.06;31.66;33.07;47.74;33.07;31.66
Feb 16, 2018 6:00 AM;Feb 16, 2018 7:00 AM;-;40.94;34.99;34.99;40.94;40.94;34.99;-;-;34.99;48.79;37.23;40.94;51.24;40.94;37.23
Feb 16, 2018 7:00 AM;Feb 16, 2018 8:00 AM;-;50.25;37.93;45.20;50.25;50.25;37.93;-;-;45.20;49.20;45.00;46.31;72.18;46.31;45.00
Feb 16, 2018 8:00 AM;Feb 16, 2018 9:00 AM;-;53.62;40.24;46.27;53.62;53.62;40.24;-;-;46.27;49.77;45.09;47.40;73.97;47.40;45.09
Feb 16, 2018 9:00 AM;Feb 16, 2018 10:00 AM;-;52.00;40.08;45.82;52.00;52.00;40.08;-;-;45.82;49.82;45.83;46.95;63.00;46.95;47.06
Feb 16, 2018 10:00 AM;Feb 16, 2018 11:00 AM;-;46.60;39.54;44.45;50.10;45.76;39.54;-;-;44.45;49.46;44.48;45.54;52.86;45.54;44.48
Feb 16, 2018 11:00 AM;Feb 16, 2018 12:00 PM;-;44.07;37.93;37.93;51.78;40.04;37.93;-;-;37.93;49.27;40.43;40.04;51.78;40.04;43.05
Feb 16, 2018 12:00 PM;Feb 16, 2018 1:00 PM;-;40.04;34.94;34.94;48.02;35.80;34.94;-;-;34.94;49.41;38.19;35.80;49.00;35.80;40.66
Feb 16, 2018 1:00 PM;Feb 16, 2018 2:00 PM;-;38.61;34.80;34.80;40.63;38.10;34.80;-;-;34.80;49.07;36.66;35.10;49.00;35.10;38.25
Feb 16, 2018 2:00 PM;Feb 16, 2018 3:00 PM;-;39.14;34.42;34.42;39.14;39.14;34.42;-;-;34.42;49.05;36.87;35.27;50.50;35.27;36.87
Feb 16, 2018 3:00 PM;Feb 16, 2018 4:00 PM;-;40.02;34.94;34.94;40.02;40.02;34.94;-;-;34.94;49.05;38.90;40.02;52.86;40.02;38.90
Feb 16, 2018 4:00 PM;Feb 16, 2018 5:00 PM;-;42.86;35.63;35.63;42.86;42.86;35.63;-;-;35.63;48.98;42.81;42.86;68.90;42.86;42.81
Feb 16, 2018 5:00 PM;Feb 16, 2018 6:00 PM;-;46.50;43.15;43.15;46.50;46.50;43.15;-;-;43.15;48.16;47.78;46.50;74.27;46.50;47.78
Feb 16, 2018 6:00 PM;Feb 16, 2018 7:00 PM;-;51.68;49.05;49.05;51.68;51.68;49.05;-;-;49.05;50.04;50.96;51.68;80.04;51.68;50.96
Feb 16, 2018 7:00 PM;Feb 16, 2018 8:00 PM;-;49.68;39.39;39.39;49.68;49.68;39.39;-;-;39.39;48.71;48.09;49.68;75.41;49.68;48.09
Feb 16, 2018 8:00 PM;Feb 16, 2018 9:00 PM;-;45.92;35.81;35.81;45.92;45.92;35.81;-;-;35.81;46.64;44.60;45.92;67.00;45.92;44.60
Feb 16, 2018 9:00 PM;Feb 16, 2018 10:00 PM;-;41.87;34.92;34.92;41.87;41.87;34.92;-;-;34.92;46.15;41.00;41.87;57.42;41.87;41.00
Feb 16, 2018 10:00 PM;Feb 16, 2018 11:00 PM;-;41.68;33.57;33.57;41.68;41.68;33.57;-;-;33.57;48.20;39.29;41.68;54.26;41.68;39.29
Feb 16, 2018 11:00 PM;Feb 17, 2018 12:00 AM;-;39.50;32.96;32.96;39.50;39.50;32.96;-;-;32.96;46.43;35.55;39.50;52.84;39.50;35.55
Feb 17, 2018 12:00 AM;Feb 17, 2018 1:00 AM;-;39.90;34.67;34.67;39.90;39.90;34.67;-;-;34.67;46.00;37.10;37.43;50.76;37.43;37.10
Feb 17, 2018 1:00 AM;Feb 17, 2018 2:00 AM;-;35.72;33.97;33.97;35.72;35.72;33.97;-;-;33.97;45.51;35.49;34.81;48.51;34.81;35.49
Feb 17, 2018 2:00 AM;Feb 17, 2018 3:00 AM;-;35.62;33.97;33.97;35.62;35.62;33.97;-;-;33.97;45.01;34.80;35.62;47.95;35.62;34.80
Feb 17, 2018 3:00 AM;Feb 17, 2018 4:00 AM;-;34.20;33.61;33.61;34.20;34.20;33.61;-;-;33.61;43.79;34.43;34.20;45.92;34.20;34.43
Feb 17, 2018 4:00 AM;Feb 17, 2018 5:00 AM;-;33.62;33.62;33.62;33.62;33.62;33.62;-;-;33.62;43.63;34.30;33.62;46.22;33.62;34.30
Feb 17, 2018 5:00 AM;Feb 17, 2018 6:00 AM;-;33.86;33.86;33.86;33.86;33.86;33.86;-;-;33.86;43.61;34.75;33.86;47.95;33.86;34.75
Feb 17, 2018 6:00 AM;Feb 17, 2018 7:00 AM;-;35.44;34.59;34.59;35.44;35.44;34.59;-;-;34.59;45.04;35.50;35.44;47.22;35.44;35.50
Feb 17, 2018 7:00 AM;Feb 17, 2018 8:00 AM;-;38.01;35.49;35.49;38.01;38.01;35.49;-;-;35.49;46.30;38.50;38.01;47.00;44.90;38.50
Feb 17, 2018 8:00 AM;Feb 17, 2018 9:00 AM;-;42.61;36.90;36.90;42.61;42.61;36.90;-;-;36.90;47.58;41.63;42.61;47.99;42.61;41.63
Feb 17, 2018 9:00 AM;Feb 17, 2018 10:00 AM;-;46.82;40.66;40.66;46.82;46.82;40.66;-;-;40.66;48.04;45.00;46.82;48.65;46.82;45.00
Feb 17, 2018 10:00 AM;Feb 17, 2018 11:00 AM;-;46.52;44.60;44.60;46.52;46.52;44.60;-;-;44.60;48.13;46.02;46.52;47.95;46.52;46.02
Feb 17, 2018 11:00 AM;Feb 17, 2018 12:00 PM;-;47.40;42.40;42.40;47.40;47.40;42.40;-;-;42.40;48.15;45.36;47.40;47.95;47.40;45.36
Feb 17, 2018 12:00 PM;Feb 17, 2018 1:00 PM;-;44.98;40.64;40.64;44.98;44.98;40.64;-;-;40.64;47.44;44.24;44.98;45.92;44.98;44.24
Feb 17, 2018 1:00 PM;Feb 17, 2018 2:00 PM;-;41.43;38.01;38.01;41.43;41.43;38.01;-;-;38.01;46.58;41.00;41.43;44.24;41.43;41.00
Feb 17, 2018 2:00 PM;Feb 17, 2018 3:00 PM;-;36.85;35.97;35.97;36.85;36.85;35.97;-;-;35.97;46.09;38.36;36.85;44.61;36.85;38.36
Feb 17, 2018 3:00 PM;Feb 17, 2018 4:00 PM;-;36.53;35.93;35.93;36.53;36.53;35.87;-;-;35.93;46.67;38.84;36.53;44.30;36.53;38.84
Feb 17, 2018 4:00 PM;Feb 17, 2018 5:00 PM;-;38.52;38.52;38.52;38.52;38.52;37.28;-;-;38.52;48.19;40.03;38.52;45.50;38.52;40.03
Feb 17, 2018 5:00 PM;Feb 17, 2018 6:00 PM;-;44.99;44.99;44.99;44.99;44.99;43.55;-;-;44.99;48.21;44.70;44.99;48.15;44.99;44.70
Feb 17, 2018 6:00 PM;Feb 17, 2018 7:00 PM;-;49.77;49.77;49.77;49.77;49.77;48.18;-;-;49.77;48.95;48.30;49.77;51.82;49.77;48.50
Feb 17, 2018 7:00 PM;Feb 17, 2018 8:00 PM;-;49.08;47.31;47.31;49.08;49.08;47.31;-;-;47.31;48.69;47.10;49.08;51.83;49.08;47.10
Feb 17, 2018 8:00 PM;Feb 17, 2018 9:00 PM;-;45.95;39.47;39.47;45.95;45.95;38.97;-;-;39.47;48.08;43.92;45.95;48.08;45.95;43.92
Feb 17, 2018 9:00 PM;Feb 17, 2018 10:00 PM;-;41.10;37.69;37.69;41.10;41.10;37.69;-;-;37.69;47.90;40.20;41.10;46.46;41.10;40.20
Feb 17, 2018 10:00 PM;Feb 17, 2018 11:00 PM;-;43.26;35.85;35.85;43.26;43.26;35.85;-;-;35.85;47.50;39.12;42.91;45.90;42.91;39.12
Feb 17, 2018 11:00 PM;Feb 18, 2018 12:00 AM;-;46.10;34.88;34.88;46.10;46.10;34.88;-;-;34.88;46.14;36.37;38.06;46.45;38.06;36.37
Feb 18, 2018 12:00 AM;Feb 18, 2018 1:00 AM;-;42.09;34.91;34.91;42.09;42.09;34.91;-;-;34.91;43.42;35.81;34.91;43.61;34.91;35.81
Feb 18, 2018 1:00 AM;Feb 18, 2018 2:00 AM;-;40.79;34.82;34.82;40.79;40.79;34.82;-;-;34.82;41.30;34.80;35.68;40.79;35.68;34.80
Feb 18, 2018 2:00 AM;Feb 18, 2018 3:00 AM;-;40.29;33.98;33.98;40.29;40.29;33.98;-;-;33.98;39.57;33.68;33.98;40.29;33.98;33.68
Feb 18, 2018 3:00 AM;Feb 18, 2018 4:00 AM;-;36.08;33.89;33.89;36.08;36.08;33.89;-;-;33.89;37.57;33.35;33.89;39.99;33.89;33.35
Feb 18, 2018 4:00 AM;Feb 18, 2018 5:00 AM;-;34.95;33.83;33.83;34.95;34.95;33.83;-;-;33.83;37.07;32.79;33.83;39.57;33.83;32.79
Feb 18, 2018 5:00 AM;Feb 18, 2018 6:00 AM;-;35.54;33.99;33.99;35.54;35.54;33.99;-;-;33.99;38.02;33.29;33.99;40.38;33.99;33.29
Feb 18, 2018 6:00 AM;Feb 18, 2018 7:00 AM;-;35.38;33.51;33.51;35.38;35.38;33.51;-;-;33.51;38.51;32.75;33.51;40.29;33.51;32.75
Feb 18, 2018 7:00 AM;Feb 18, 2018 8:00 AM;-;37.03;33.56;33.56;37.03;37.03;33.56;-;-;33.56;41.03;33.50;33.56;43.00;33.56;33.50
Feb 18, 2018 8:00 AM;Feb 18, 2018 9:00 AM;-;37.40;34.23;34.23;37.40;37.40;34.23;-;-;34.23;42.68;33.65;34.23;44.11;34.23;33.65
Feb 18, 2018 9:00 AM;Feb 18, 2018 10:00 AM;-;37.92;35.42;35.42;37.92;37.92;35.42;-;-;35.42;43.96;36.77;35.42;45.92;35.42;36.77
Feb 18, 2018 10:00 AM;Feb 18, 2018 11:00 AM;-;38.49;35.75;35.75;38.49;38.49;35.75;-;-;35.75;43.45;36.00;35.75;46.99;39.90;36.00
Feb 18, 2018 11:00 AM;Feb 18, 2018 12:00 PM;-;37.20;35.97;35.97;37.20;37.20;35.97;-;-;35.97;43.03;36.87;35.97;47.00;35.97;36.87
Feb 18, 2018 12:00 PM;Feb 18, 2018 1:00 PM;-;38.74;34.71;34.71;38.74;38.74;34.71;-;-;34.71;41.54;34.50;34.71;47.00;34.71;34.50
Feb 18, 2018 1:00 PM;Feb 18, 2018 2:00 PM;-;36.16;35.00;35.00;36.16;36.16;35.00;-;-;35.00;39.48;32.00;35.00;43.99;35.00;32.00
Feb 18, 2018 2:00 PM;Feb 18, 2018 3:00 PM;-;34.38;34.38;34.38;34.38;34.38;34.38;-;-;34.38;39.08;31.49;34.38;43.74;34.38;31.49
Feb 18, 2018 3:00 PM;Feb 18, 2018 4:00 PM;-;34.94;34.94;34.94;34.94;34.94;34.94;-;-;34.94;40.44;32.40;34.94;44.99;34.94;32.40
Feb 18, 2018 4:00 PM;Feb 18, 2018 5:00 PM;-;36.24;36.24;36.24;36.24;36.24;36.24;-;-;36.24;44.35;34.63;36.24;46.99;36.24;34.63
Feb 18, 2018 5:00 PM;Feb 18, 2018 6:00 PM;-;42.36;41.35;41.35;42.36;42.36;41.35;-;-;41.35;47.09;42.42;42.36;48.73;42.36;42.42
Feb 18, 2018 6:00 PM;Feb 18, 2018 7:00 PM;-;49.01;47.45;47.45;49.01;49.01;47.45;-;-;47.45;49.03;47.40;49.01;61.90;49.01;47.40
Feb 18, 2018 7:00 PM;Feb 18, 2018 8:00 PM;-;50.49;44.04;44.04;50.49;50.49;44.04;-;-;44.04;49.02;45.65;45.79;64.00;45.79;45.65
Feb 18, 2018 8:00 PM;Feb 18, 2018 9:00 PM;-;48.24;40.00;40.00;48.24;48.24;40.00;-;-;40.00;48.22;41.76;42.88;59.33;42.88;41.76
Feb 18, 2018 9:00 PM;Feb 18, 2018 10:00 PM;-;41.27;36.96;36.96;41.27;41.27;36.96;-;-;36.96;46.66;38.50;37.87;54.63;37.87;38.50
Feb 18, 2018 10:00 PM;Feb 18, 2018 11:00 PM;-;43.91;35.36;35.36;43.91;43.91;35.36;-;-;35.36;45.93;38.40;36.23;50.09;36.23;38.40
Feb 18, 2018 11:00 PM;Feb 19, 2018 12:00 AM;-;42.81;33.77;33.77;42.81;42.81;33.77;-;-;33.77;45.01;35.00;33.77;47.22;33.77;35.00
Feb 19, 2018 12:00 AM;Feb 19, 2018 1:00 AM;-;38.81;33.77;33.77;39.74;33.77;33.77;-;-;33.77;41.79;33.20;33.77;44.59;33.77;33.20
Feb 19, 2018 1:00 AM;Feb 19, 2018 2:00 AM;-;36.64;33.56;33.56;37.21;33.76;33.56;-;-;33.56;40.50;32.50;33.56;41.33;33.56;32.50
Feb 19, 2018 2:00 AM;Feb 19, 2018 3:00 AM;-;36.76;33.78;33.78;37.13;34.90;33.78;-;-;33.78;39.01;32.46;33.78;40.06;33.78;32.46
Feb 19, 2018 3:00 AM;Feb 19, 2018 4:00 AM;-;36.87;33.94;33.94;37.37;33.94;33.94;-;-;33.94;38.94;32.30;33.94;38.90;33.94;32.30
Feb 19, 2018 4:00 AM;Feb 19, 2018 5:00 AM;-;35.07;35.07;35.07;35.07;35.07;35.07;-;-;35.07;39.23;32.99;35.07;40.00;35.07;32.99
Feb 19, 2018 5:00 AM;Feb 19, 2018 6:00 AM;-;37.65;37.65;37.65;37.65;37.65;37.65;-;-;37.65;42.93;35.69;37.65;42.61;37.65;35.69
Feb 19, 2018 6:00 AM;Feb 19, 2018 7:00 AM;-;48.49;47.33;47.33;48.49;48.49;37.36;-;-;47.33;47.46;44.94;48.49;53.95;48.49;44.94
Feb 19, 2018 7:00 AM;Feb 19, 2018 8:00 AM;-;57.95;57.95;57.95;57.95;57.95;45.54;-;-;57.95;53.74;53.90;57.95;57.95;57.95;53.90
Feb 19, 2018 8:00 AM;Feb 19, 2018 9:00 AM;-;61.28;61.28;61.28;61.28;61.28;59.32;-;-;61.28;57.73;57.00;61.28;69.99;61.28;57.00
Feb 19, 2018 9:00 AM;Feb 19, 2018 10:00 AM;-;61.63;61.63;61.63;61.63;61.63;59.66;-;-;61.63;56.83;55.85;61.63;63.00;61.63;55.85
Feb 19, 2018 10:00 AM;Feb 19, 2018 11:00 AM;-;59.67;59.67;59.67;59.67;59.67;53.65;-;-;59.67;54.24;53.00;59.67;59.67;59.67;53.00
Feb 19, 2018 11:00 AM;Feb 19, 2018 12:00 PM;-;58.11;58.11;58.11;58.11;58.11;40.85;-;-;58.11;51.04;51.19;58.11;58.11;58.11;51.19
Feb 19, 2018 12:00 PM;Feb 19, 2018 1:00 PM;-;54.24;54.24;54.24;54.24;54.24;39.94;-;-;54.24;49.83;48.15;54.24;54.24;54.24;48.15
Feb 19, 2018 1:00 PM;Feb 19, 2018 2:00 PM;-;53.01;52.67;52.67;53.01;53.01;39.37;-;-;52.67;49.26;47.61;53.01;53.01;53.01;47.61
Feb 19, 2018 2:00 PM;Feb 19, 2018 3:00 PM;-;54.55;52.81;53.24;54.55;54.55;39.23;-;-;53.24;49.14;48.02;54.55;54.55;54.55;48.02
Feb 19, 2018 3:00 PM;Feb 19, 2018 4:00 PM;-;53.97;47.14;52.68;53.97;53.97;38.52;-;-;52.68;51.07;49.25;53.97;53.97;53.97;49.25
Feb 19, 2018 4:00 PM;Feb 19, 2018 5:00 PM;-;50.97;49.75;49.75;50.97;50.97;39.01;-;-;49.75;52.02;53.01;50.97;52.84;50.97;53.01
Feb 19, 2018 5:00 PM;Feb 19, 2018 6:00 PM;-;59.92;59.92;59.92;59.92;59.92;39.04;-;-;59.92;56.47;57.00;59.92;59.92;59.92;57.00
Feb 19, 2018 6:00 PM;Feb 19, 2018 7:00 PM;-;67.84;67.84;67.84;67.84;67.84;38.97;-;-;67.84;59.40;60.46;67.84;73.00;67.84;60.46
Feb 19, 2018 7:00 PM;Feb 19, 2018 8:00 PM;-;62.04;54.39;54.39;62.04;62.04;38.68;-;-;54.39;59.01;58.98;62.04;63.00;62.04;58.98
Feb 19, 2018 8:00 PM;Feb 19, 2018 9:00 PM;-;59.90;43.30;43.30;59.90;59.90;38.64;-;-;43.30;51.04;52.00;59.90;59.90;59.90;52.00
Feb 19, 2018 9:00 PM;Feb 19, 2018 10:00 PM;-;49.07;42.00;42.00;49.07;49.07;37.84;-;-;42.00;45.98;44.65;49.07;51.54;49.07;44.65
Feb 19, 2018 10:00 PM;Feb 19, 2018 11:00 PM;-;45.95;38.12;38.12;45.95;45.95;38.12;-;-;38.12;48.33;42.56;45.95;49.71;45.95;42.56
Feb 19, 2018 11:00 PM;Feb 20, 2018 12:00 AM;-;40.90;35.77;35.77;40.90;40.90;35.77;-;-;35.77;46.02;38.40;40.90;49.00;40.90;38.40
Feb 20, 2018 12:00 AM;Feb 20, 2018 1:00 AM;-;42.27;37.27;37.27;42.87;41.71;37.27;-;-;37.27;48.19;40.92;42.21;49.50;42.21;40.92
Feb 20, 2018 1:00 AM;Feb 20, 2018 2:00 AM;-;40.00;36.43;36.43;40.00;40.00;36.43;-;-;36.43;45.22;39.27;39.60;43.30;39.60;39.27
Feb 20, 2018 2:00 AM;Feb 20, 2018 3:00 AM;-;38.10;36.06;36.06;38.10;38.10;36.06;-;-;36.06;43.96;39.00;36.95;43.18;36.95;39.00
Feb 20, 2018 3:00 AM;Feb 20, 2018 4:00 AM;-;36.26;35.65;35.65;36.26;36.26;35.65;-;-;35.65;43.44;38.55;36.26;43.00;36.26;38.55
Feb 20, 2018 4:00 AM;Feb 20, 2018 5:00 AM;-;36.95;36.95;36.95;36.95;36.95;36.65;-;-;36.95;43.41;38.00;36.95;43.93;36.95;38.00
Feb 20, 2018 5:00 AM;Feb 20, 2018 6:00 AM;-;40.69;40.69;40.69;40.69;40.69;39.38;-;-;40.69;46.53;39.50;40.69;46.38;40.69;39.50
Feb 20, 2018 6:00 AM;Feb 20, 2018 7:00 AM;-;47.19;47.19;47.19;47.19;47.19;38.70;-;-;47.19;49.60;47.39;47.19;54.04;47.19;47.39
Feb 20, 2018 7:00 AM;Feb 20, 2018 8:00 AM;-;60.05;60.05;60.05;60.05;60.05;43.45;-;-;60.05;59.59;58.99;60.05;60.05;60.05;58.99
Feb 20, 2018 8:00 AM;Feb 20, 2018 9:00 AM;-;61.92;61.92;61.92;61.92;61.92;46.65;-;-;61.92;61.63;61.77;61.92;62.83;61.92;61.77
Feb 20, 2018 9:00 AM;Feb 20, 2018 10:00 AM;-;61.85;61.85;61.85;61.85;61.85;51.39;-;-;61.85;60.55;60.00;61.85;61.85;61.85;60.00
Feb 20, 2018 10:00 AM;Feb 20, 2018 11:00 AM;-;59.89;59.89;59.89;59.89;59.89;46.60;-;-;59.89;57.69;57.80;59.89;59.89;59.89;57.80
Feb 20, 2018 11:00 AM;Feb 20, 2018 12:00 PM;-;56.10;56.10;56.10;56.10;56.10;43.92;-;-;56.10;55.66;55.70;56.10;56.10;56.10;55.70
Feb 20, 2018 12:00 PM;Feb 20, 2018 1:00 PM;-;53.38;53.38;53.38;53.38;53.38;51.67;-;-;53.38;51.32;52.92;53.38;53.38;53.38;52.92
Feb 20, 2018 1:00 PM;Feb 20, 2018 2:00 PM;-;51.67;51.67;51.67;51.67;51.67;50.02;-;-;51.67;50.09;51.50;51.67;51.67;51.67;51.50
Feb 20, 2018 2:00 PM;Feb 20, 2018 3:00 PM;-;50.70;50.70;50.70;50.70;50.70;49.08;-;-;50.70;50.01;50.20;50.70;52.19;51.03;50.20
Feb 20, 2018 3:00 PM;Feb 20, 2018 4:00 PM;-;49.87;49.87;49.87;49.87;49.87;48.27;-;-;49.87;50.05;51.10;49.87;54.10;54.10;51.10
Feb 20, 2018 4:00 PM;Feb 20, 2018 5:00 PM;-;50.25;50.25;50.25;50.25;50.25;48.64;-;-;50.25;50.46;51.70;50.25;58.11;51.03;51.70
Feb 20, 2018 5:00 PM;Feb 20, 2018 6:00 PM;-;53.51;53.51;53.51;53.51;53.51;51.79;-;-;53.51;55.63;56.50;53.51;63.92;59.17;56.50
Feb 20, 2018 6:00 PM;Feb 20, 2018 7:00 PM;-;60.48;60.48;61.91;60.48;60.48;58.55;-;-;61.91;61.06;60.21;60.48;70.12;65.47;60.21
Feb 20, 2018 7:00 PM;Feb 20, 2018 8:00 PM;-;59.62;59.62;58.19;59.62;59.62;57.17;-;-;58.19;57.30;55.90;59.62;65.00;61.60;55.90
Feb 20, 2018 8:00 PM;Feb 20, 2018 9:00 PM;-;51.06;46.93;46.93;51.72;46.93;45.43;-;-;46.93;54.61;50.60;46.93;55.81;46.93;50.60
Feb 20, 2018 9:00 PM;Feb 20, 2018 10:00 PM;-;42.89;42.89;42.89;42.89;42.89;41.52;-;-;42.89;49.52;44.63;42.89;53.95;42.89;44.63
Feb 20, 2018 10:00 PM;Feb 20, 2018 11:00 PM;-;42.93;40.84;40.84;42.93;42.93;40.83;-;-;40.84;49.56;40.80;40.84;52.38;40.84;40.80
Feb 20, 2018 11:00 PM;Feb 21, 2018 12:00 AM;-;44.22;37.41;37.41;44.22;44.22;37.41;-;-;37.41;49.43;37.62;37.41;49.84;37.41;37.62
Feb 21, 2018 12:00 AM;Feb 21, 2018 1:00 AM;-;41.92;37.46;37.46;42.40;37.46;37.46;-;-;37.46;49.71;38.35;37.46;53.00;37.46;38.35
Feb 21, 2018 1:00 AM;Feb 21, 2018 2:00 AM;-;38.72;37.05;37.05;39.15;38.27;37.05;-;-;37.05;46.45;37.09;37.05;49.85;37.05;37.09
Feb 21, 2018 2:00 AM;Feb 21, 2018 3:00 AM;-;38.87;36.78;36.78;38.65;38.00;36.78;-;-;36.78;45.37;35.73;36.78;46.72;36.78;35.73
Feb 21, 2018 3:00 AM;Feb 21, 2018 4:00 AM;-;37.86;36.64;36.64;37.86;37.86;36.64;-;-;36.64;45.07;34.29;36.64;45.00;36.64;34.11
Feb 21, 2018 4:00 AM;Feb 21, 2018 5:00 AM;-;37.33;37.33;37.33;37.33;37.33;37.33;-;-;37.33;45.23;36.00;37.33;45.04;37.33;35.42
Feb 21, 2018 5:00 AM;Feb 21, 2018 6:00 AM;-;39.06;39.06;39.06;39.06;39.06;39.06;-;-;39.06;46.67;39.58;39.06;49.80;39.06;39.58
Feb 21, 2018 6:00 AM;Feb 21, 2018 7:00 AM;-;45.65;45.65;45.65;45.65;45.65;41.02;-;-;45.65;53.02;46.60;45.65;56.12;45.65;46.60
Feb 21, 2018 7:00 AM;Feb 21, 2018 8:00 AM;-;59.13;59.13;59.13;59.13;59.13;49.91;-;-;59.13;59.76;59.16;59.13;59.13;59.13;59.16
Feb 21, 2018 8:00 AM;Feb 21, 2018 9:00 AM;-;60.69;62.18;62.18;60.69;60.69;58.75;-;-;62.18;61.97;61.05;60.69;63.00;60.69;61.05
Feb 21, 2018 9:00 AM;Feb 21, 2018 10:00 AM;-;60.49;61.98;61.98;60.49;60.49;58.55;-;-;61.98;61.08;59.33;60.49;61.04;60.49;59.33
Feb 21, 2018 10:00 AM;Feb 21, 2018 11:00 AM;-;55.51;56.87;56.87;55.51;55.51;45.52;-;-;56.87;57.49;54.82;55.51;58.44;55.51;54.82
Feb 21, 2018 11:00 AM;Feb 21, 2018 12:00 PM;-;49.71;49.71;49.71;49.71;49.71;43.20;-;-;49.71;54.50;50.00;49.71;56.98;56.98;50.00
Feb 21, 2018 12:00 PM;Feb 21, 2018 1:00 PM;-;46.28;45.85;45.85;47.65;44.56;43.08;-;-;45.85;51.28;49.50;45.85;54.85;54.85;49.50
Feb 21, 2018 1:00 PM;Feb 21, 2018 2:00 PM;-;45.34;45.11;45.11;46.06;44.42;42.20;-;-;45.11;50.57;48.52;45.11;53.51;53.51;48.52
Feb 21, 2018 2:00 PM;Feb 21, 2018 3:00 PM;-;44.40;44.58;44.58;44.40;44.40;41.13;-;-;44.58;50.68;48.40;44.40;55.22;44.40;48.40
Feb 21, 2018 3:00 PM;Feb 21, 2018 4:00 PM;-;44.97;44.97;44.97;44.97;44.97;41.32;-;-;44.97;52.02;48.37;44.97;56.88;44.97;48.37
Feb 21, 2018 4:00 PM;Feb 21, 2018 5:00 PM;-;47.41;47.41;47.41;47.41;47.41;41.79;-;-;47.41;53.07;50.77;47.41;56.10;47.41;50.77
Feb 21, 2018 5:00 PM;Feb 21, 2018 6:00 PM;-;55.43;55.43;55.43;55.43;55.43;42.68;-;-;55.43;57.22;56.87;55.43;58.43;55.43;56.87
Feb 21, 2018 6:00 PM;Feb 21, 2018 7:00 PM;-;58.93;58.93;58.93;58.93;58.93;43.67;-;-;58.93;65.85;64.70;58.93;66.35;58.93;64.70
Feb 21, 2018 7:00 PM;Feb 21, 2018 8:00 PM;-;56.88;55.24;55.24;60.36;52.40;42.87;-;-;55.24;63.87;62.00;55.24;61.05;55.24;62.00
Feb 21, 2018 8:00 PM;Feb 21, 2018 9:00 PM;-;53.01;48.13;48.13;55.00;47.10;42.23;-;-;48.13;54.08;51.31;48.13;56.88;48.13;51.31
Feb 21, 2018 9:00 PM;Feb 21, 2018 10:00 PM;-;45.05;43.97;43.97;45.24;43.97;41.24;-;-;43.97;50.01;43.43;43.97;55.61;43.97;43.43
Feb 21, 2018 10:00 PM;Feb 21, 2018 11:00 PM;-;51.81;39.89;39.89;53.52;42.26;39.89;-;-;39.89;51.93;42.17;39.89;55.62;39.89;42.17
Feb 21, 2018 11:00 PM;Feb 22, 2018 12:00 AM;-;51.29;37.28;37.28;47.92;38.51;37.28;-;-;37.28;49.59;38.50;37.28;53.51;37.28;38.50
Feb 22, 2018 12:00 AM;Feb 22, 2018 1:00 AM;-;42.79;39.17;39.17;45.46;40.30;39.17;-;-;39.17;51.48;37.90;39.17;55.92;39.17;37.90
Feb 22, 2018 1:00 AM;Feb 22, 2018 2:00 AM;-;39.75;38.31;38.31;39.94;39.57;38.31;-;-;38.31;48.68;37.10;38.31;53.76;38.31;37.10
Feb 22, 2018 2:00 AM;Feb 22, 2018 3:00 AM;-;40.94;37.95;37.95;42.87;39.21;37.95;-;-;37.95;46.23;36.11;37.95;47.73;37.95;36.11
Feb 22, 2018 3:00 AM;Feb 22, 2018 4:00 AM;-;40.07;38.04;38.04;40.90;39.30;38.04;-;-;38.04;45.34;35.75;38.04;47.98;38.04;35.75
Feb 22, 2018 4:00 AM;Feb 22, 2018 5:00 AM;-;40.16;39.05;39.05;40.16;40.16;39.05;-;-;39.05;44.99;36.22;39.05;46.65;39.05;36.22
Feb 22, 2018 5:00 AM;Feb 22, 2018 6:00 AM;-;42.02;42.02;42.02;42.02;42.02;40.67;-;-;42.02;49.30;38.93;42.02;54.00;42.02;38.93
Feb 22, 2018 6:00 AM;Feb 22, 2018 7:00 AM;-;49.93;49.93;49.93;49.93;49.93;41.65;-;-;49.93;54.06;46.90;49.93;57.97;49.93;46.90
Feb 22, 2018 7:00 AM;Feb 22, 2018 8:00 AM;-;59.19;59.19;59.19;59.19;59.19;57.30;-;-;59.19;58.58;57.91;59.19;60.85;59.19;57.91
Feb 22, 2018 8:00 AM;Feb 22, 2018 9:00 AM;-;60.97;67.97;67.97;60.97;60.97;59.02;-;-;67.97;60.85;59.85;60.97;72.69;60.97;59.85
Feb 22, 2018 9:00 AM;Feb 22, 2018 10:00 AM;-;60.07;62.57;62.57;60.07;60.07;58.15;-;-;62.57;60.78;58.55;60.07;64.46;60.07;58.55
Feb 22, 2018 10:00 AM;Feb 22, 2018 11:00 AM;-;54.48;57.91;57.91;58.69;50.54;48.92;-;-;57.91;57.57;52.94;53.94;60.32;60.32;52.94
Feb 22, 2018 11:00 AM;Feb 22, 2018 12:00 PM;-;51.40;49.41;49.41;58.69;43.12;41.74;-;-;49.41;56.26;47.50;48.87;60.00;60.00;47.96
Feb 22, 2018 12:00 PM;Feb 22, 2018 1:00 PM;-;46.12;45.92;45.92;56.30;40.10;40.45;-;-;45.92;55.06;43.76;44.82;58.84;58.84;47.83
Feb 22, 2018 1:00 PM;Feb 22, 2018 2:00 PM;-;45.00;45.10;45.10;52.67;40.10;40.40;-;-;45.10;55.41;43.00;44.02;58.86;58.86;45.03
Feb 22, 2018 2:00 PM;Feb 22, 2018 3:00 PM;-;44.43;45.20;45.20;46.94;42.06;40.71;-;-;45.20;56.23;43.50;44.11;61.52;61.52;45.01
Feb 22, 2018 3:00 PM;Feb 22, 2018 4:00 PM;-;44.68;45.69;45.69;44.68;44.68;42.40;-;-;45.69;56.94;45.56;44.68;63.00;63.00;45.65
Feb 22, 2018 4:00 PM;Feb 22, 2018 5:00 PM;-;49.80;49.80;49.80;49.80;49.80;43.33;-;-;49.80;56.33;48.15;49.80;68.00;58.75;48.15
Feb 22, 2018 5:00 PM;Feb 22, 2018 6:00 PM;-;56.34;57.73;57.73;56.34;56.34;44.39;-;-;57.73;56.92;54.30;56.34;71.02;60.33;55.63
Feb 22, 2018 6:00 PM;Feb 22, 2018 7:00 PM;-;59.98;59.98;61.45;59.98;59.98;58.06;-;-;61.45;60.42;59.63;59.98;74.10;65.57;59.63
Feb 22, 2018 7:00 PM;Feb 22, 2018 8:00 PM;-;60.89;55.80;55.80;61.61;56.86;44.32;-;-;55.80;60.81;55.00;55.80;73.80;61.00;55.00
Feb 22, 2018 8:00 PM;Feb 22, 2018 9:00 PM;-;59.58;45.83;45.83;61.54;48.71;43.35;-;-;45.83;57.58;46.40;45.83;61.54;61.54;46.40
Feb 22, 2018 9:00 PM;Feb 22, 2018 10:00 PM;-;52.55;44.44;44.44;53.71;46.37;42.23;-;-;44.44;53.86;42.41;44.44;60.32;52.09;42.41
Feb 22, 2018 10:00 PM;Feb 22, 2018 11:00 PM;-;51.06;42.44;42.44;52.29;44.13;42.27;-;-;42.44;54.20;40.00;42.44;58.89;48.53;40.00
Feb 22, 2018 11:00 PM;Feb 23, 2018 12:00 AM;-;50.55;38.20;38.20;52.46;38.20;38.20;-;-;38.20;53.03;36.69;38.20;55.92;38.20;36.69
Feb 23, 2018 12:00 AM;Feb 23, 2018 1:00 AM;-;49.80;38.58;38.58;49.80;49.80;38.58;-;-;38.58;52.07;37.71;38.58;60.12;38.58;37.71
Feb 23, 2018 1:00 AM;Feb 23, 2018 2:00 AM;-;47.11;37.53;37.53;47.11;47.11;37.53;-;-;37.53;52.07;37.62;37.53;54.00;37.53;37.62
Feb 23, 2018 2:00 AM;Feb 23, 2018 3:00 AM;-;45.90;37.24;37.24;45.90;45.90;37.24;-;-;37.24;50.38;36.79;37.24;51.10;37.24;36.79
Feb 23, 2018 3:00 AM;Feb 23, 2018 4:00 AM;-;43.15;37.13;37.13;43.15;43.15;37.13;-;-;37.13;50.08;36.43;37.13;51.20;37.13;36.43
Feb 23, 2018 4:00 AM;Feb 23, 2018 5:00 AM;-;43.12;37.54;37.54;43.12;43.12;37.54;-;-;37.54;49.47;38.02;37.54;51.60;37.54;38.02
Feb 23, 2018 5:00 AM;Feb 23, 2018 6:00 AM;-;42.90;39.85;39.85;42.90;42.90;39.85;-;-;39.85;51.04;40.00;39.85;55.64;39.85;40.00
Feb 23, 2018 6:00 AM;Feb 23, 2018 7:00 AM;-;52.25;49.55;49.55;52.25;52.25;42.71;-;-;48.36;54.15;49.98;49.55;63.79;49.55;49.98
Feb 23, 2018 7:00 AM;Feb 23, 2018 8:00 AM;-;61.62;61.62;61.62;61.62;61.62;52.36;-;-;61.62;60.51;61.51;61.62;67.93;61.62;61.51
Feb 23, 2018 8:00 AM;Feb 23, 2018 9:00 AM;-;63.03;63.03;63.03;63.03;63.03;61.01;-;-;63.03;60.45;62.50;63.03;77.00;63.03;62.50
Feb 23, 2018 9:00 AM;Feb 23, 2018 10:00 AM;-;67.42;55.50;55.50;61.88;73.36;55.50;-;-;55.50;59.39;58.00;55.50;85.00;55.50;62.28
Feb 23, 2018 10:00 AM;Feb 23, 2018 11:00 AM;-;62.09;54.10;54.10;58.56;66.30;46.51;-;-;54.10;57.08;50.80;54.10;90.00;90.00;61.49
Feb 23, 2018 11:00 AM;Feb 23, 2018 12:00 PM;-;51.97;46.35;46.35;55.47;48.00;42.61;-;-;46.35;56.63;46.00;45.24;93.36;93.36;61.58
Feb 23, 2018 12:00 PM;Feb 23, 2018 1:00 PM;-;48.25;42.77;42.77;52.36;43.60;41.04;-;-;42.77;53.60;41.70;40.71;84.55;84.55;60.98
Feb 23, 2018 1:00 PM;Feb 23, 2018 2:00 PM;-;44.92;40.29;40.29;46.73;42.90;40.29;-;-;40.29;53.28;50.99;37.01;75.76;75.76;59.01
Feb 23, 2018 2:00 PM;Feb 23, 2018 3:00 PM;-;43.73;39.44;39.44;43.84;43.60;39.44;-;-;39.44;53.91;51.99;37.00;91.33;90.00;57.93
Feb 23, 2018 3:00 PM;Feb 23, 2018 4:00 PM;-;45.00;39.74;39.74;45.46;42.70;39.74;-;-;39.74;56.62;50.99;38.79;76.42;76.42;57.84
Feb 23, 2018 4:00 PM;Feb 23, 2018 5:00 PM;-;44.71;44.33;44.33;44.76;44.46;40.63;-;-;44.33;56.05;51.99;44.33;74.39;74.39;60.29
Feb 23, 2018 5:00 PM;Feb 23, 2018 6:00 PM;-;54.32;50.48;50.48;54.32;54.32;41.18;-;-;50.48;56.34;55.99;50.48;74.20;74.20;73.17
Feb 23, 2018 6:00 PM;Feb 23, 2018 7:00 PM;-;61.87;53.97;53.97;61.87;61.87;41.80;-;-;53.97;60.49;57.00;53.97;73.80;73.80;71.72
Feb 23, 2018 7:00 PM;Feb 23, 2018 8:00 PM;-;62.37;48.93;48.93;63.79;62.30;40.88;-;-;48.09;60.35;50.49;48.93;71.25;71.25;65.37
Feb 23, 2018 8:00 PM;Feb 23, 2018 9:00 PM;-;53.35;41.81;41.81;57.62;49.00;40.56;-;-;41.81;57.61;44.00;41.81;65.99;65.99;52.58
Feb 23, 2018 9:00 PM;Feb 23, 2018 10:00 PM;-;47.47;38.71;38.71;50.03;44.90;38.71;-;-;38.71;55.01;40.34;38.71;63.24;38.71;40.77
Feb 23, 2018 10:00 PM;Feb 23, 2018 11:00 PM;-;48.55;37.80;37.78;54.40;42.80;37.78;-;-;37.78;55.68;38.29;37.80;60.12;37.80;38.29
Feb 23, 2018 11:00 PM;Feb 24, 2018 12:00 AM;-;55.48;36.04;36.05;50.83;37.50;36.05;-;-;36.05;53.77;35.10;36.04;53.77;36.04;35.10
Feb 24, 2018 12:00 AM;Feb 24, 2018 1:00 AM;-;51.28;37.08;37.08;55.34;47.90;37.55;-;-;37.55;58.02;35.60;37.08;57.05;37.08;35.60
Feb 24, 2018 1:00 AM;Feb 24, 2018 2:00 AM;-;51.45;34.96;34.96;54.65;48.80;37.05;-;-;37.05;56.59;34.52;34.96;54.65;34.96;34.52
Feb 24, 2018 2:00 AM;Feb 24, 2018 3:00 AM;-;47.60;33.08;33.08;49.04;46.40;36.95;-;-;36.95;56.72;34.10;33.08;51.67;33.08;34.10
Feb 24, 2018 3:00 AM;Feb 24, 2018 4:00 AM;-;42.33;31.61;31.61;45.25;39.90;36.84;-;-;36.84;53.08;33.24;31.61;48.60;31.61;33.24
Feb 24, 2018 4:00 AM;Feb 24, 2018 5:00 AM;-;41.95;31.22;31.22;46.40;38.22;36.99;-;-;36.99;54.29;33.07;31.22;48.60;31.22;33.07
Feb 24, 2018 5:00 AM;Feb 24, 2018 6:00 AM;-;42.78;29.09;29.09;48.17;38.27;37.05;-;-;37.05;54.20;33.00;29.09;53.60;29.09;33.00
Feb 24, 2018 6:00 AM;Feb 24, 2018 7:00 AM;-;43.77;32.98;32.98;49.68;38.83;37.59;-;-;37.59;52.05;30.00;32.98;61.37;32.98;38.82
Feb 24, 2018 7:00 AM;Feb 24, 2018 8:00 AM;-;40.89;37.05;37.96;50.15;39.22;37.96;-;-;37.96;56.42;31.50;37.05;67.87;37.05;44.07
Feb 24, 2018 8:00 AM;Feb 24, 2018 9:00 AM;-;56.31;33.05;38.03;54.87;54.49;38.03;-;-;38.03;58.04;27.00;33.05;74.10;33.05;51.14
Feb 24, 2018 9:00 AM;Feb 24, 2018 10:00 AM;-;68.17;31.12;40.21;59.83;64.96;38.35;-;-;40.21;59.13;25.54;31.12;90.00;31.12;52.74
Feb 24, 2018 10:00 AM;Feb 24, 2018 11:00 AM;-;49.93;28.10;41.38;60.85;40.00;38.64;-;-;41.38;60.81;21.82;17.55;86.82;34.17;56.73
Feb 24, 2018 11:00 AM;Feb 24, 2018 12:00 PM;-;47.72;28.16;41.17;61.48;39.23;37.98;-;-;41.17;60.87;20.70;3.40;79.58;34.09;57.02
Feb 24, 2018 12:00 PM;Feb 24, 2018 1:00 PM;-;41.11;28.18;38.87;61.34;37.16;37.72;-;-;38.87;59.00;33.70;-0.64;68.54;29.90;51.57
Feb 24, 2018 1:00 PM;Feb 24, 2018 2:00 PM;-;34.90;25.45;37.78;61.05;34.90;36.72;-;-;37.78;58.52;34.20;-15.08;62.78;29.50;46.63
Feb 24, 2018 2:00 PM;Feb 24, 2018 3:00 PM;-;35.77;25.45;36.95;53.41;35.77;36.95;-;-;36.95;57.81;22.86;-8.90;63.24;1.30;43.19
Feb 24, 2018 3:00 PM;Feb 24, 2018 4:00 PM;-;29.90;30.17;36.95;51.68;31.70;36.95;-;-;36.95;57.25;29.68;3.53;66.00;3.53;40.18
Feb 24, 2018 4:00 PM;Feb 24, 2018 5:00 PM;-;40.62;33.55;37.79;40.62;43.97;37.79;-;-;37.79;57.55;27.21;23.28;70.00;23.28;46.03
Feb 24, 2018 5:00 PM;Feb 24, 2018 6:00 PM;-;56.43;40.84;40.84;47.48;56.43;40.84;-;-;40.84;58.06;29.00;35.94;75.24;35.94;57.37
Feb 24, 2018 6:00 PM;Feb 24, 2018 7:00 PM;-;60.00;43.31;43.31;54.20;74.22;43.31;-;-;43.31;59.98;33.00;43.31;100.00;43.31;53.30
Feb 24, 2018 7:00 PM;Feb 24, 2018 8:00 PM;-;53.12;40.78;40.78;61.96;48.50;40.78;-;-;40.78;61.43;32.22;37.05;100.00;37.05;48.13
Feb 24, 2018 8:00 PM;Feb 24, 2018 9:00 PM;-;71.20;38.86;38.86;59.19;49.90;38.86;-;-;38.86;60.04;30.73;29.07;80.00;29.07;39.02
Feb 24, 2018 9:00 PM;Feb 24, 2018 10:00 PM;-;60.00;37.84;37.84;51.13;45.00;37.84;-;-;37.84;56.29;29.60;23.13;74.10;23.13;29.60
Feb 24, 2018 10:00 PM;Feb 24, 2018 11:00 PM;-;44.56;36.35;37.37;53.10;40.00;37.37;-;-;37.37;57.21;31.01;28.03;65.00;28.03;31.01
Feb 24, 2018 11:00 PM;Feb 25, 2018 12:00 AM;-;46.14;33.51;36.96;52.01;38.18;36.96;-;-;36.96;57.62;27.10;23.52;57.50;23.52;27.10
Feb 25, 2018 12:00 AM;Feb 25, 2018 1:00 AM;-;44.54;37.66;37.66;51.43;39.10;37.66;-;-;37.66;58.09;25.53;31.02;53.00;31.02;25.53
Feb 25, 2018 1:00 AM;Feb 25, 2018 2:00 AM;-;48.72;37.51;37.51;50.88;47.00;37.51;-;-;37.51;58.02;25.24;29.14;50.88;29.14;25.24
Feb 25, 2018 2:00 AM;Feb 25, 2018 3:00 AM;-;44.70;37.21;37.21;48.10;42.00;37.21;-;-;37.21;58.01;26.08;31.01;48.10;31.01;26.08
Feb 25, 2018 3:00 AM;Feb 25, 2018 4:00 AM;-;38.95;36.87;36.87;38.95;38.95;36.87;-;-;36.87;53.81;26.10;31.77;43.88;31.77;26.10
Feb 25, 2018 4:00 AM;Feb 25, 2018 5:00 AM;-;34.76;36.78;36.78;34.76;34.76;36.78;-;-;36.78;52.92;26.90;33.60;43.15;33.60;26.90
Feb 25, 2018 5:00 AM;Feb 25, 2018 6:00 AM;-;36.00;37.19;37.19;36.00;36.00;37.19;-;-;37.19;53.96;27.10;34.26;45.19;34.26;27.10
Feb 25, 2018 6:00 AM;Feb 25, 2018 7:00 AM;-;36.42;37.63;37.63;36.42;36.42;37.63;-;-;37.63;57.98;28.75;32.25;46.71;32.25;28.75
Feb 25, 2018 7:00 AM;Feb 25, 2018 8:00 AM;-;37.00;38.11;38.11;37.00;37.00;38.11;-;-;38.11;59.03;32.00;35.07;45.36;35.07;32.00
Feb 25, 2018 8:00 AM;Feb 25, 2018 9:00 AM;-;39.70;38.43;38.43;39.70;39.70;38.43;-;-;38.43;60.74;31.58;36.94;49.20;49.20;31.58
Feb 25, 2018 9:00 AM;Feb 25, 2018 10:00 AM;-;44.88;39.13;39.13;44.88;44.88;39.13;-;-;39.13;61.36;32.09;35.90;52.50;52.50;32.09
Feb 25, 2018 10:00 AM;Feb 25, 2018 11:00 AM;-;44.03;39.33;39.33;44.03;44.03;39.33;-;-;39.33;60.84;31.90;35.04;52.50;52.50;31.90
Feb 25, 2018 11:00 AM;Feb 25, 2018 12:00 PM;-;44.27;38.93;38.93;44.27;44.27;38.93;-;-;38.93;60.78;31.12;36.04;54.86;54.86;31.12
Feb 25, 2018 12:00 PM;Feb 25, 2018 1:00 PM;-;42.73;36.93;38.50;42.73;42.73;38.50;-;-;38.50;60.00;29.20;31.93;55.35;55.35;29.20
Feb 25, 2018 1:00 PM;Feb 25, 2018 2:00 PM;-;39.10;33.42;37.60;39.10;39.10;37.60;-;-;37.60;58.56;25.60;30.08;51.11;51.11;25.60
Feb 25, 2018 2:00 PM;Feb 25, 2018 3:00 PM;-;32.45;30.06;36.74;32.45;32.45;36.74;-;-;36.74;58.58;25.58;30.06;50.35;50.35;25.58
Feb 25, 2018 3:00 PM;Feb 25, 2018 4:00 PM;-;31.76;30.09;36.80;31.07;35.63;36.80;-;-;36.80;59.55;28.41;30.09;50.11;46.62;28.41
Feb 25, 2018 4:00 PM;Feb 25, 2018 5:00 PM;-;34.72;34.72;37.47;34.72;34.72;37.47;-;-;37.47;62.17;33.00;34.72;51.35;34.72;33.00
Feb 25, 2018 5:00 PM;Feb 25, 2018 6:00 PM;-;43.64;42.06;41.77;42.99;47.00;41.77;-;-;41.77;63.71;41.50;42.06;55.36;42.06;41.67
Feb 25, 2018 6:00 PM;Feb 25, 2018 7:00 PM;-;56.80;45.96;45.96;56.80;56.80;45.96;-;-;45.96;70.01;46.50;45.96;63.30;63.30;47.91
Feb 25, 2018 7:00 PM;Feb 25, 2018 8:00 PM;-;69.31;43.59;43.59;62.83;104.59;43.59;-;-;43.59;64.73;45.50;43.59;63.30;43.59;45.50
Feb 25, 2018 8:00 PM;Feb 25, 2018 9:00 PM;-;65.24;39.94;39.94;62.50;79.90;39.94;-;-;39.94;63.72;42.70;39.94;62.50;62.50;42.70
Feb 25, 2018 9:00 PM;Feb 25, 2018 10:00 PM;-;53.13;38.07;38.07;53.13;53.13;38.07;-;-;38.07;61.92;39.53;38.07;57.50;57.50;39.53
Feb 25, 2018 10:00 PM;Feb 25, 2018 11:00 PM;-;55.50;37.84;37.84;55.50;55.50;37.84;-;-;37.84;60.78;38.62;37.84;55.50;37.84;38.62
Feb 25, 2018 11:00 PM;Feb 26, 2018 12:00 AM;-;48.39;36.51;36.51;52.39;45.10;36.51;-;-;36.51;60.03;34.56;36.51;52.39;36.51;34.56
Feb 26, 2018 12:00 AM;Feb 26, 2018 1:00 AM;-;64.72;31.64;36.03;50.64;47.30;36.03;-;-;36.03;57.52;31.58;31.64;50.64;31.64;31.58
Feb 26, 2018 1:00 AM;Feb 26, 2018 2:00 AM;-;46.46;36.04;36.04;47.00;46.00;36.04;-;-;36.04;55.97;31.45;36.04;47.00;36.04;31.45
Feb 26, 2018 2:00 AM;Feb 26, 2018 3:00 AM;-;46.27;35.44;35.44;46.27;46.27;36.04;-;-;36.04;56.00;31.52;35.44;46.27;35.44;31.52
Feb 26, 2018 3:00 AM;Feb 26, 2018 4:00 AM;-;44.07;34.97;34.97;44.07;44.07;36.12;-;-;36.12;54.54;31.53;34.97;44.07;34.97;31.53
Feb 26, 2018 4:00 AM;Feb 26, 2018 5:00 AM;-;44.61;31.84;36.75;44.61;44.61;36.75;-;-;36.75;55.05;31.44;31.84;44.61;31.84;31.44
Feb 26, 2018 5:00 AM;Feb 26, 2018 6:00 AM;-;46.44;37.59;38.94;46.44;46.44;38.94;-;-;38.94;57.43;36.98;37.59;46.71;37.59;36.98
Feb 26, 2018 6:00 AM;Feb 26, 2018 7:00 AM;-;53.77;47.98;46.63;53.97;53.60;46.63;-;-;46.63;64.46;55.47;47.98;75.11;47.98;55.47
Feb 26, 2018 7:00 AM;Feb 26, 2018 8:00 AM;-;69.89;69.33;67.66;69.54;69.90;67.66;-;-;67.66;70.85;69.01;69.33;89.99;69.33;69.01
Feb 26, 2018 8:00 AM;Feb 26, 2018 9:00 AM;-;81.00;63.00;64.67;73.39;77.45;64.67;-;-;64.67;74.82;65.70;63.00;107.75;63.00;65.70
Feb 26, 2018 9:00 AM;Feb 26, 2018 10:00 AM;-;76.27;48.44;48.59;65.62;70.10;48.44;-;-;48.59;72.34;61.00;48.44;114.99;48.44;61.00
Feb 26, 2018 10:00 AM;Feb 26, 2018 11:00 AM;-;68.96;42.70;46.32;64.28;69.36;42.70;-;-;46.32;73.16;55.82;42.70;105.19;42.70;55.82
Feb 26, 2018 11:00 AM;Feb 26, 2018 12:00 PM;-;64.60;41.94;43.63;63.30;65.07;41.94;-;-;43.63;71.23;50.75;38.05;103.70;38.05;50.75
Feb 26, 2018 12:00 PM;Feb 26, 2018 1:00 PM;-;59.61;41.71;41.96;61.87;58.50;41.71;-;-;41.96;68.32;46.97;38.07;89.99;38.07;46.97
Feb 26, 2018 1:00 PM;Feb 26, 2018 2:00 PM;-;61.68;41.21;41.21;61.97;61.53;41.21;-;-;41.21;65.11;45.98;39.94;92.85;39.94;45.98
Feb 26, 2018 2:00 PM;Feb 26, 2018 3:00 PM;-;59.77;41.25;41.25;59.77;59.77;41.25;-;-;41.25;65.91;46.98;41.25;105.00;41.25;46.98
Feb 26, 2018 3:00 PM;Feb 26, 2018 4:00 PM;-;57.40;42.23;42.23;57.40;57.40;42.23;-;-;42.23;65.99;51.72;42.23;108.18;42.23;51.72
Feb 26, 2018 4:00 PM;Feb 26, 2018 5:00 PM;-;56.10;45.00;45.00;56.10;56.10;45.00;-;-;45.00;65.52;55.68;45.00;120.72;45.00;55.68
Feb 26, 2018 5:00 PM;Feb 26, 2018 6:00 PM;-;62.10;52.95;52.95;62.10;62.10;52.95;-;-;52.95;72.28;64.41;52.95;117.11;52.95;64.41
Feb 26, 2018 6:00 PM;Feb 26, 2018 7:00 PM;-;81.00;73.73;73.73;81.00;81.00;73.73;-;-;73.73;109.92;72.70;73.73;120.00;73.73;72.70
Feb 26, 2018 7:00 PM;Feb 26, 2018 8:00 PM;-;89.98;57.65;57.65;90.33;89.80;57.65;-;-;57.65;92.97;67.53;71.85;114.41;71.85;67.53
Feb 26, 2018 8:00 PM;Feb 26, 2018 9:00 PM;-;73.83;46.81;46.81;73.83;73.83;46.81;-;-;46.81;79.19;59.00;61.92;107.74;61.92;59.00
Feb 26, 2018 9:00 PM;Feb 26, 2018 10:00 PM;-;58.24;43.10;43.10;64.63;55.00;43.10;-;-;43.10;68.76;51.55;49.92;105.00;49.92;51.55
Feb 26, 2018 10:00 PM;Feb 26, 2018 11:00 PM;-;54.29;40.00;40.00;63.03;49.90;40.00;-;-;40.00;64.61;44.27;44.93;101.01;44.93;44.27
Feb 26, 2018 11:00 PM;Feb 27, 2018 12:00 AM;-;53.72;38.93;38.93;61.35;49.90;38.93;-;-;38.93;61.55;39.62;41.98;89.99;41.98;39.62
Feb 27, 2018 12:00 AM;Feb 27, 2018 1:00 AM;-;60.00;39.75;39.75;57.95;49.90;39.75;-;-;39.75;63.42;39.94;39.75;76.26;39.75;39.94
Feb 27, 2018 1:00 AM;Feb 27, 2018 2:00 AM;-;47.48;38.28;38.28;56.17;43.20;38.28;-;-;38.28;61.72;38.82;38.28;75.11;38.28;38.82
Feb 27, 2018 2:00 AM;Feb 27, 2018 3:00 AM;-;60.00;37.66;37.66;59.47;49.90;37.66;-;-;37.66;60.88;37.80;37.66;61.20;37.66;37.80
Feb 27, 2018 3:00 AM;Feb 27, 2018 4:00 AM;-;49.90;37.69;37.69;55.58;47.12;37.69;-;-;37.69;59.55;36.84;37.69;74.80;37.69;36.84
Feb 27, 2018 4:00 AM;Feb 27, 2018 5:00 AM;-;51.80;38.70;38.70;54.93;49.90;38.70;-;-;38.70;59.05;37.70;38.70;75.11;38.70;37.70
Feb 27, 2018 5:00 AM;Feb 27, 2018 6:00 AM;-;55.56;40.81;40.81;55.82;55.43;40.81;-;-;40.81;62.00;41.70;40.81;76.66;40.81;41.70
Feb 27, 2018 6:00 AM;Feb 27, 2018 7:00 AM;-;60.42;43.09;43.09;69.22;56.00;43.09;-;-;43.09;75.95;54.00;54.00;104.27;54.00;54.00
Feb 27, 2018 7:00 AM;Feb 27, 2018 8:00 AM;-;93.62;56.16;71.98;98.19;89.62;53.79;-;-;71.98;109.05;72.79;79.06;109.50;79.06;72.79
Feb 27, 2018 8:00 AM;Feb 27, 2018 9:00 AM;-;99.23;42.01;72.38;124.10;77.24;44.39;-;-;72.38;114.79;70.93;77.11;130.00;77.11;71.91
Feb 27, 2018 9:00 AM;Feb 27, 2018 10:00 AM;-;86.05;41.98;50.53;102.00;72.00;41.98;-;-;50.53;113.14;60.74;51.77;130.00;51.77;62.77
Feb 27, 2018 10:00 AM;Feb 27, 2018 11:00 AM;-;68.97;41.97;45.85;92.25;48.50;41.97;-;-;45.85;111.14;52.27;46.97;115.18;46.97;58.10
Feb 27, 2018 11:00 AM;Feb 27, 2018 12:00 PM;-;81.11;41.20;43.13;89.90;43.79;41.20;-;-;43.13;94.98;47.50;43.79;113.55;113.55;80.00
Feb 27, 2018 12:00 PM;Feb 27, 2018 1:00 PM;-;45.68;40.60;42.44;81.20;42.71;40.60;-;-;42.44;86.52;45.70;42.71;112.79;112.79;60.08
Feb 27, 2018 1:00 PM;Feb 27, 2018 2:00 PM;-;60.00;40.45;41.91;78.86;42.01;40.45;-;-;41.91;85.01;44.91;42.01;100.27;58.39;58.39
Feb 27, 2018 2:00 PM;Feb 27, 2018 3:00 PM;-;66.46;40.09;42.27;70.82;43.31;40.09;-;-;42.27;84.71;45.65;43.31;114.45;43.31;59.16
Feb 27, 2018 3:00 PM;Feb 27, 2018 4:00 PM;-;52.65;39.93;45.27;65.84;47.20;39.93;-;-;45.27;80.09;50.01;46.99;118.46;46.99;58.15
Feb 27, 2018 4:00 PM;Feb 27, 2018 5:00 PM;-;68.51;39.94;47.01;69.68;66.03;39.94;-;-;47.01;81.55;52.75;48.17;125.57;48.17;66.04
Feb 27, 2018 5:00 PM;Feb 27, 2018 6:00 PM;-;68.99;41.39;62.10;71.06;67.33;41.39;-;-;62.10;85.95;63.64;63.63;139.60;63.63;90.02
Feb 27, 2018 6:00 PM;Feb 27, 2018 7:00 PM;-;134.28;41.95;73.32;151.42;75.12;41.95;-;-;73.32;146.25;76.36;75.12;151.42;75.12;86.04
Feb 27, 2018 7:00 PM;Feb 27, 2018 8:00 PM;-;83.83;41.22;52.31;159.40;58.50;41.22;-;-;52.31;161.35;67.69;57.06;159.40;57.06;80.00
Feb 27, 2018 8:00 PM;Feb 27, 2018 9:00 PM;-;84.75;41.14;45.85;129.50;49.90;41.14;-;-;45.85;127.36;57.05;46.97;129.50;46.97;72.06
Feb 27, 2018 9:00 PM;Feb 27, 2018 10:00 PM;-;52.34;40.61;40.99;72.00;47.40;39.92;-;-;40.99;98.01;48.96;41.68;103.54;42.10;51.09
Feb 27, 2018 10:00 PM;Feb 27, 2018 11:00 PM;-;62.81;38.03;38.72;77.85;47.40;38.72;-;-;38.72;100.93;44.99;38.03;100.00;100.00;47.22
Feb 27, 2018 11:00 PM;Feb 28, 2018 12:00 AM;-;60.00;35.44;35.44;66.92;43.20;37.72;-;-;37.72;86.07;39.00;35.44;90.00;35.44;39.00
Feb 28, 2018 12:00 AM;Feb 28, 2018 1:00 AM;-;61.03;32.09;32.09;76.66;49.10;37.98;-;-;37.98;68.27;36.00;32.09;76.66;32.09;36.00
Feb 28, 2018 1:00 AM;Feb 28, 2018 2:00 AM;-;61.92;32.08;32.08;75.11;49.90;37.70;-;-;37.70;67.24;35.36;32.08;75.11;32.08;35.36
Feb 28, 2018 2:00 AM;Feb 28, 2018 3:00 AM;-;57.67;32.10;32.10;71.96;44.90;37.70;-;-;37.70;64.25;35.00;32.10;71.96;32.10;35.00
Feb 28, 2018 3:00 AM;Feb 28, 2018 4:00 AM;-;55.55;36.91;37.82;68.99;44.50;37.82;-;-;37.82;62.21;34.25;36.91;68.99;36.91;34.25
Feb 28, 2018 4:00 AM;Feb 28, 2018 5:00 AM;-;55.82;35.51;38.06;65.38;45.00;38.06;-;-;38.06;61.71;34.86;35.51;65.38;35.51;34.86
Feb 28, 2018 5:00 AM;Feb 28, 2018 6:00 AM;-;57.52;36.99;39.02;68.63;44.80;39.02;-;-;39.02;65.35;37.40;36.99;68.63;36.99;37.40
Feb 28, 2018 6:00 AM;Feb 28, 2018 7:00 AM;-;61.15;44.98;44.98;82.00;48.00;42.94;-;-;44.98;72.94;46.01;47.21;82.00;82.00;46.01
Feb 28, 2018 7:00 AM;Feb 28, 2018 8:00 AM;-;89.53;57.18;57.38;95.42;75.37;57.18;-;-;57.38;103.38;57.66;57.18;95.42;57.18;57.66
Feb 28, 2018 8:00 AM;Feb 28, 2018 9:00 AM;-;103.55;47.35;70.67;120.10;89.68;47.35;-;-;70.67;135.67;55.13;54.00;120.10;67.99;55.13
Feb 28, 2018 9:00 AM;Feb 28, 2018 10:00 AM;-;114.10;44.95;68.83;114.41;79.90;42.60;-;-;68.83;126.10;55.19;44.95;114.41;114.41;55.19
Feb 28, 2018 10:00 AM;Feb 28, 2018 11:00 AM;-;74.35;32.65;68.04;97.00;48.00;39.63;-;-;68.04;109.27;59.63;32.65;97.00;97.00;59.63
Feb 28, 2018 11:00 AM;Feb 28, 2018 12:00 PM;-;66.01;31.37;50.09;90.08;39.90;38.62;-;-;50.09;98.72;58.00;31.37;90.08;90.08;58.00
Feb 28, 2018 12:00 PM;Feb 28, 2018 1:00 PM;-;54.35;32.84;44.97;79.23;38.00;36.96;-;-;44.97;93.25;65.00;32.84;79.23;79.23;65.00
Feb 28, 2018 1:00 PM;Feb 28, 2018 2:00 PM;-;54.14;32.06;43.47;79.59;36.00;36.94;-;-;43.47;85.21;55.00;32.06;79.59;79.59;55.00
Feb 28, 2018 2:00 PM;Feb 28, 2018 3:00 PM;-;51.88;32.51;42.89;80.54;34.90;36.95;-;-;42.89;84.95;53.00;32.51;80.54;80.54;53.00
Feb 28, 2018 3:00 PM;Feb 28, 2018 4:00 PM;-;58.80;32.01;42.82;58.93;45.00;38.64;-;-;42.82;76.98;54.08;32.01;81.81;81.81;54.08
Feb 28, 2018 4:00 PM;Feb 28, 2018 5:00 PM;-;62.63;35.10;44.96;64.49;61.11;38.69;-;-;44.96;77.22;52.00;35.10;86.21;86.21;52.00
Feb 28, 2018 5:00 PM;Feb 28, 2018 6:00 PM;-;71.44;42.99;67.94;69.07;65.44;39.97;-;-;67.94;82.35;60.40;42.99;85.27;85.27;60.40
Feb 28, 2018 6:00 PM;Feb 28, 2018 7:00 PM;-;85.92;42.90;72.91;92.79;75.00;42.90;-;-;72.91;126.50;58.31;45.97;92.79;92.79;61.64
Feb 28, 2018 7:00 PM;Feb 28, 2018 8:00 PM;-;81.40;41.80;50.87;105.54;49.10;41.09;-;-;50.87;116.31;53.00;43.98;105.54;105.54;57.85
Feb 28, 2018 8:00 PM;Feb 28, 2018 9:00 PM;-;75.44;38.90;44.91;83.84;60.10;39.60;-;-;44.91;89.56;58.71;38.90;83.84;83.84;58.71
Feb 28, 2018 9:00 PM;Feb 28, 2018 10:00 PM;-;54.11;32.07;41.54;64.64;49.00;38.94;-;-;41.54;65.20;52.00;32.07;80.32;80.32;53.03
Feb 28, 2018 10:00 PM;Feb 28, 2018 11:00 PM;-;50.29;32.06;38.72;61.36;42.00;38.47;-;-;38.72;65.24;34.10;32.06;79.14;79.14;40.67
Feb 28, 2018 11:00 PM;Mar 1, 2018 12:00 AM;-;45.63;31.25;37.76;55.89;39.90;37.76;-;-;37.76;62.33;29.59;31.25;75.11;75.11;37.21
Mar 1, 2018 12:00 AM;Mar 1, 2018 1:00 AM;-;56.33;29.09;39.52;80.79;40.83;39.52;-;-;39.52;75.09;30.45;29.09;80.79;80.00;30.45
Mar 1, 2018 1:00 AM;Mar 1, 2018 2:00 AM;-;51.24;30.01;39.05;76.66;43.29;39.05;-;-;39.05;71.05;29.65;30.01;76.66;76.66;29.65
Mar 1, 2018 2:00 AM;Mar 1, 2018 3:00 AM;-;75.29;28.50;38.83;75.11;33.71;37.77;-;-;38.83;67.91;28.09;28.50;75.11;30.00;28.09
Mar 1, 2018 3:00 AM;Mar 1, 2018 4:00 AM;-;67.73;28.99;39.02;69.00;36.20;37.40;-;-;39.02;65.29;30.99;28.99;69.00;30.00;30.99
Mar 1, 2018 4:00 AM;Mar 1, 2018 5:00 AM;-;39.01;30.53;39.60;60.40;36.78;37.99;-;-;39.60;64.82;36.02;30.53;60.40;47.00;36.02
Mar 1, 2018 5:00 AM;Mar 1, 2018 6:00 AM;-;47.25;30.53;42.02;68.01;40.63;39.33;-;-;42.02;66.27;41.00;30.53;68.01;68.01;45.07
Mar 1, 2018 6:00 AM;Mar 1, 2018 7:00 AM;-;97.15;31.80;62.17;93.09;41.01;39.70;-;-;62.17;77.91;60.00;31.80;93.09;93.09;84.65
Mar 1, 2018 7:00 AM;Mar 1, 2018 8:00 AM;-;114.57;39.87;199.92;94.10;80.00;40.95;-;-;199.92;94.95;55.00;39.87;94.10;94.10;90.00
Mar 1, 2018 8:00 AM;Mar 1, 2018 9:00 AM;-;98.79;42.04;255.02;104.26;98.79;42.04;-;-;255.02;113.15;50.54;39.75;104.26;104.26;90.88
Mar 1, 2018 9:00 AM;Mar 1, 2018 10:00 AM;-;101.50;40.70;205.00;115.41;109.00;42.30;-;-;205.00;119.38;37.85;32.58;115.41;115.41;100.00
Mar 1, 2018 10:00 AM;Mar 1, 2018 11:00 AM;-;101.50;39.78;192.64;112.02;100.10;41.38;-;-;192.64;99.04;32.30;25.08;112.02;112.02;101.99
Mar 1, 2018 11:00 AM;Mar 1, 2018 12:00 PM;-;110.00;28.23;131.61;113.55;70.00;42.92;-;-;131.61;96.79;30.03;23.72;113.55;113.55;100.00
Mar 1, 2018 12:00 PM;Mar 1, 2018 1:00 PM;-;67.18;22.82;107.98;85.30;68.90;41.38;-;-;107.98;86.89;31.01;22.82;99.50;99.50;96.98
Mar 1, 2018 1:00 PM;Mar 1, 2018 2:00 PM;-;69.00;26.41;90.03;83.21;64.90;41.00;-;-;90.03;84.77;35.10;21.45;99.50;99.50;95.71
Mar 1, 2018 2:00 PM;Mar 1, 2018 3:00 PM;-;72.63;26.58;58.55;72.63;68.70;40.91;-;-;58.55;89.92;57.00;15.13;101.01;101.01;95.52
Mar 1, 2018 3:00 PM;Mar 1, 2018 4:00 PM;-;86.38;39.76;62.05;73.07;68.70;40.73;-;-;62.05;87.70;77.96;18.78;114.41;114.41;100.00
Mar 1, 2018 4:00 PM;Mar 1, 2018 5:00 PM;-;75.00;39.80;67.63;65.70;75.00;40.10;-;-;67.63;85.60;65.00;27.18;100.00;100.00;100.37
Mar 1, 2018 5:00 PM;Mar 1, 2018 6:00 PM;-;81.90;34.29;119.65;71.76;81.90;40.25;-;-;119.65;78.88;65.00;34.29;99.55;99.55;101.56
Mar 1, 2018 6:00 PM;Mar 1, 2018 7:00 PM;-;114.11;41.49;153.34;98.19;107.23;41.49;-;-;153.34;90.64;70.00;41.49;99.95;99.95;110.00
Mar 1, 2018 7:00 PM;Mar 1, 2018 8:00 PM;-;124.90;41.37;99.94;106.15;124.90;41.37;-;-;99.94;96.71;65.00;41.37;106.15;106.15;110.00
Mar 1, 2018 8:00 PM;Mar 1, 2018 9:00 PM;-;101.50;35.58;59.47;85.77;101.50;40.60;-;-;59.47;74.65;57.00;35.58;99.99;99.99;96.90
Mar 1, 2018 9:00 PM;Mar 1, 2018 10:00 PM;-;87.04;30.64;51.15;79.74;87.04;40.03;-;-;51.15;65.05;35.00;30.64;91.69;91.69;80.29
Mar 1, 2018 10:00 PM;Mar 1, 2018 11:00 PM;-;100.00;30.74;41.99;83.21;82.62;41.56;-;-;41.99;61.10;32.25;30.74;85.00;85.00;66.58
Mar 1, 2018 11:00 PM;Mar 2, 2018 12:00 AM;-;55.89;30.55;39.09;55.66;55.08;39.09;-;-;39.09;57.07;30.25;30.55;76.26;76.26;57.34
Mar 2, 2018 12:00 AM;Mar 2, 2018 1:00 AM;-;120.00;28.98;28.98;77.70;59.90;40.01;-;-;40.01;65.86;32.55;28.98;77.70;28.98;50.48
Mar 2, 2018 1:00 AM;Mar 2, 2018 2:00 AM;-;87.00;30.32;30.32;61.15;39.94;38.66;-;-;38.86;65.93;33.88;30.32;74.80;30.32;36.03
Mar 2, 2018 2:00 AM;Mar 2, 2018 3:00 AM;-;54.90;30.51;38.81;50.91;39.31;38.05;-;-;38.81;65.26;33.95;30.51;74.80;30.51;33.95
Mar 2, 2018 3:00 AM;Mar 2, 2018 4:00 AM;-;48.66;30.54;38.99;42.12;39.25;38.00;-;-;38.99;65.21;32.59;30.54;74.80;30.54;32.59
Mar 2, 2018 4:00 AM;Mar 2, 2018 5:00 AM;-;39.50;30.00;40.07;39.50;39.50;38.24;-;-;40.07;64.63;33.60;30.00;75.11;30.00;34.10
Mar 2, 2018 5:00 AM;Mar 2, 2018 6:00 AM;-;54.20;32.54;40.44;54.08;53.72;40.44;-;-;40.44;66.80;36.00;32.54;76.26;32.54;52.98
Mar 2, 2018 6:00 AM;Mar 2, 2018 7:00 AM;-;107.00;42.98;44.03;78.10;82.42;42.98;-;-;44.03;82.79;46.50;42.98;95.82;52.60;61.01
Mar 2, 2018 7:00 AM;Mar 2, 2018 8:00 AM;-;120.00;45.94;67.81;113.67;119.00;45.94;-;-;67.81;95.07;53.12;45.94;113.67;113.67;69.50
Mar 2, 2018 8:00 AM;Mar 2, 2018 9:00 AM;-;102.00;46.00;119.06;97.91;102.00;46.00;-;-;119.06;109.83;50.00;46.00;118.20;118.20;80.14
Mar 2, 2018 9:00 AM;Mar 2, 2018 10:00 AM;-;131.83;42.98;119.47;122.33;121.47;42.98;-;-;119.47;107.42;43.90;42.98;125.86;125.86;100.00
Mar 2, 2018 10:00 AM;Mar 2, 2018 11:00 AM;-;120.00;32.71;100.02;104.05;120.00;40.87;-;-;100.02;116.53;39.54;32.71;121.00;121.00;96.90
Mar 2, 2018 11:00 AM;Mar 2, 2018 12:00 PM;-;104.67;31.00;80.00;74.98;104.67;40.50;-;-;80.00;117.95;36.70;31.00;121.50;121.50;95.50
Mar 2, 2018 12:00 PM;Mar 2, 2018 1:00 PM;-;88.90;31.07;60.58;65.56;88.90;40.44;-;-;60.58;99.95;35.53;31.07;110.86;110.86;82.28
Mar 2, 2018 1:00 PM;Mar 2, 2018 2:00 PM;-;95.56;33.04;52.97;70.40;95.56;40.74;-;-;52.97;99.94;35.10;33.04;108.64;108.64;71.13
Mar 2, 2018 2:00 PM;Mar 2, 2018 3:00 PM;-;102.00;35.01;46.59;92.37;102.00;40.51;-;-;46.59;96.92;36.91;35.01;110.55;110.55;68.90
Mar 2, 2018 3:00 PM;Mar 2, 2018 4:00 PM;-;117.61;37.88;43.81;103.31;96.60;40.34;-;-;43.81;99.03;40.56;37.88;116.96;116.96;68.42
Mar 2, 2018 4:00 PM;Mar 2, 2018 5:00 PM;-;104.87;42.93;43.99;108.08;59.90;41.20;-;-;43.99;97.54;44.39;42.93;108.50;47.79;69.54
Mar 2, 2018 5:00 PM;Mar 2, 2018 6:00 PM;-;118.88;51.75;51.75;90.42;118.88;51.75;-;-;51.75;96.12;54.50;51.75;107.27;107.27;86.01
Mar 2, 2018 6:00 PM;Mar 2, 2018 7:00 PM;-;120.00;75.95;75.95;101.23;120.00;75.95;-;-;75.95;118.04;66.46;75.95;114.41;97.00;91.37
Mar 2, 2018 7:00 PM;Mar 2, 2018 8:00 PM;-;175.00;63.76;63.76;133.39;175.00;63.76;-;-;63.76;118.06;62.78;63.76;133.39;93.00;90.08
Mar 2, 2018 8:00 PM;Mar 2, 2018 9:00 PM;-;120.00;47.95;47.95;107.89;96.60;47.95;-;-;47.95;100.64;52.16;47.95;107.89;89.29;84.29
Mar 2, 2018 9:00 PM;Mar 2, 2018 10:00 PM;-;100.77;43.76;43.76;76.55;100.77;43.76;-;-;43.76;85.11;46.17;43.76;97.26;66.55;61.55
Mar 2, 2018 10:00 PM;Mar 2, 2018 11:00 PM;-;109.98;41.69;41.69;80.05;84.50;41.69;-;-;41.69;79.55;42.50;42.72;82.37;82.37;68.63
Mar 2, 2018 11:00 PM;Mar 3, 2018 12:00 AM;-;98.57;39.76;39.76;71.55;75.51;39.76;-;-;39.76;71.32;39.79;39.76;75.00;56.00;60.91
Mar 3, 2018 12:00 AM;Mar 3, 2018 1:00 AM;-;84.39;33.09;41.81;61.53;84.39;41.81;-;-;41.81;55.58;37.67;33.09;74.80;33.09;37.67
Mar 3, 2018 1:00 AM;Mar 3, 2018 2:00 AM;-;53.49;36.49;40.22;50.49;60.00;40.22;-;-;40.22;55.05;35.00;36.49;59.03;36.49;35.00
Mar 3, 2018 2:00 AM;Mar 3, 2018 3:00 AM;-;42.64;34.94;39.06;42.64;42.64;39.06;-;-;39.06;54.05;34.13;34.94;51.40;34.94;34.13
Mar 3, 2018 3:00 AM;Mar 3, 2018 4:00 AM;-;38.71;34.23;39.54;37.72;40.85;39.54;-;-;39.54;53.03;33.92;34.23;51.40;34.23;33.92
Mar 3, 2018 4:00 AM;Mar 3, 2018 5:00 AM;-;37.12;34.48;39.77;36.23;41.08;39.77;-;-;39.77;52.03;33.54;34.48;51.62;34.48;33.54
Mar 3, 2018 5:00 AM;Mar 3, 2018 6:00 AM;-;38.12;34.10;40.83;36.36;42.18;40.83;-;-;40.83;52.00;33.45;34.10;59.34;34.10;33.45
Mar 3, 2018 6:00 AM;Mar 3, 2018 7:00 AM;-;43.90;39.22;42.48;38.91;55.40;42.48;-;-;42.48;52.07;30.99;32.50;74.80;32.50;32.03
Mar 3, 2018 7:00 AM;Mar 3, 2018 8:00 AM;-;50.72;40.16;42.91;42.19;66.00;42.91;-;-;42.91;55.03;35.01;31.26;74.80;31.26;38.42
Mar 3, 2018 8:00 AM;Mar 3, 2018 9:00 AM;-;53.02;41.67;44.27;48.03;59.13;41.67;-;-;44.27;55.55;38.93;41.67;75.68;41.67;42.83
Mar 3, 2018 9:00 AM;Mar 3, 2018 10:00 AM;-;65.39;39.34;50.79;52.85;87.06;43.25;-;-;50.79;57.05;37.75;36.98;74.80;38.10;45.58
Mar 3, 2018 10:00 AM;Mar 3, 2018 11:00 AM;-;80.70;40.65;50.53;58.21;107.36;43.97;-;-;50.53;57.06;33.50;30.67;72.46;32.10;40.53
Mar 3, 2018 11:00 AM;Mar 3, 2018 12:00 PM;-;65.96;40.60;46.08;50.07;93.32;44.20;-;-;46.08;56.63;30.01;30.10;72.38;50.00;42.96
Mar 3, 2018 12:00 PM;Mar 3, 2018 1:00 PM;-;51.28;40.55;43.12;44.45;80.10;43.12;-;-;43.12;57.05;28.94;31.34;69.93;45.00;33.96
Mar 3, 2018 1:00 PM;Mar 3, 2018 2:00 PM;-;47.41;33.44;41.61;43.29;65.00;40.66;-;-;41.61;57.02;27.80;30.09;65.00;32.00;32.04
Mar 3, 2018 2:00 PM;Mar 3, 2018 3:00 PM;-;41.60;39.25;40.88;40.89;45.00;39.67;-;-;40.88;55.59;27.77;31.35;63.09;31.35;30.02
Mar 3, 2018 3:00 PM;Mar 3, 2018 4:00 PM;-;40.37;39.08;40.41;40.37;40.37;39.08;-;-;40.41;55.60;30.13;31.73;65.26;31.73;31.96
Mar 3, 2018 4:00 PM;Mar 3, 2018 5:00 PM;-;49.79;40.00;40.97;41.70;58.97;40.00;-;-;40.97;57.01;36.15;31.39;65.34;37.46;37.84
Mar 3, 2018 5:00 PM;Mar 3, 2018 6:00 PM;-;47.22;43.25;50.12;44.92;50.10;43.25;-;-;50.12;56.80;43.00;42.00;70.93;42.00;46.08
Mar 3, 2018 6:00 PM;Mar 3, 2018 7:00 PM;-;60.79;48.20;59.70;52.52;75.24;48.20;-;-;59.70;57.21;48.00;42.00;76.38;42.00;66.31
Mar 3, 2018 7:00 PM;Mar 3, 2018 8:00 PM;-;82.28;45.11;45.11;63.14;116.10;45.11;-;-;45.11;57.07;44.12;39.05;76.66;39.05;68.47
Mar 3, 2018 8:00 PM;Mar 3, 2018 9:00 PM;-;63.00;41.00;41.00;56.56;71.04;41.00;-;-;41.00;56.62;39.25;37.71;76.26;37.71;61.61
Mar 3, 2018 9:00 PM;Mar 3, 2018 10:00 PM;-;51.40;39.09;40.20;43.96;60.00;39.09;-;-;40.20;55.05;36.27;34.51;70.92;34.51;55.17
Mar 3, 2018 10:00 PM;Mar 3, 2018 11:00 PM;-;52.00;35.88;39.06;52.00;52.00;39.06;-;-;39.06;53.46;35.50;35.88;65.00;35.88;40.03
Mar 3, 2018 11:00 PM;Mar 4, 2018 12:00 AM;-;50.48;30.24;38.48;50.48;50.48;38.48;-;-;38.48;52.01;32.93;30.24;51.40;30.24;32.93
Mar 4, 2018 12:00 AM;Mar 4, 2018 1:00 AM;-;65.69;30.08;40.37;50.00;74.90;40.37;-;-;40.37;55.86;27.91;30.08;50.00;30.08;27.91
Mar 4, 2018 1:00 AM;Mar 4, 2018 2:00 AM;-;45.94;30.87;40.02;45.94;45.94;40.02;-;-;40.02;51.71;25.47;30.07;45.94;30.07;25.47
Mar 4, 2018 2:00 AM;Mar 4, 2018 3:00 AM;-;42.00;31.70;39.68;42.00;42.00;39.68;-;-;39.68;49.01;25.40;30.17;44.40;30.17;25.40
Mar 4, 2018 3:00 AM;Mar 4, 2018 4:00 AM;-;39.23;32.94;39.56;38.85;40.87;39.56;-;-;39.56;48.19;24.30;30.17;45.10;30.17;24.30
Mar 4, 2018 4:00 AM;Mar 4, 2018 5:00 AM;-;38.50;30.28;39.48;37.91;40.78;39.48;-;-;39.48;48.15;24.97;30.28;46.41;30.28;24.97
Mar 4, 2018 5:00 AM;Mar 4, 2018 6:00 AM;-;39.05;30.24;39.51;38.60;40.81;39.51;-;-;39.51;50.61;25.25;30.24;47.31;30.24;25.25
Mar 4, 2018 6:00 AM;Mar 4, 2018 7:00 AM;-;39.10;30.06;39.89;39.10;39.10;39.79;-;-;39.89;52.52;24.98;30.06;49.52;30.06;24.98
Mar 4, 2018 7:00 AM;Mar 4, 2018 8:00 AM;-;40.32;35.56;40.00;39.81;41.33;40.00;-;-;40.00;53.02;26.30;30.06;49.90;30.06;26.30
Mar 4, 2018 8:00 AM;Mar 4, 2018 9:00 AM;-;42.79;40.30;41.58;40.00;47.89;41.58;-;-;41.58;53.03;30.45;34.95;50.60;34.95;30.45
Mar 4, 2018 9:00 AM;Mar 4, 2018 10:00 AM;-;46.88;35.22;41.65;42.85;55.00;41.65;-;-;41.65;52.63;32.45;35.22;51.80;35.22;32.45
Mar 4, 2018 10:00 AM;Mar 4, 2018 11:00 AM;-;48.19;34.39;42.97;42.76;61.41;42.97;-;-;42.97;53.09;32.10;34.39;51.53;34.39;32.45
Mar 4, 2018 11:00 AM;Mar 4, 2018 12:00 PM;-;53.44;32.57;42.68;46.35;71.49;42.68;-;-;42.68;53.08;31.89;32.57;51.19;32.57;35.02
Mar 4, 2018 12:00 PM;Mar 4, 2018 1:00 PM;-;61.55;30.08;41.71;50.45;89.90;41.71;-;-;41.71;53.03;29.24;30.08;50.88;32.00;35.54
Mar 4, 2018 1:00 PM;Mar 4, 2018 2:00 PM;-;49.29;29.26;40.77;49.29;49.29;40.77;-;-;40.77;51.92;27.98;29.26;49.29;32.00;33.65
Mar 4, 2018 2:00 PM;Mar 4, 2018 3:00 PM;-;43.89;29.12;40.22;43.89;43.89;40.22;-;-;40.22;52.44;28.30;29.12;43.91;30.01;34.81
Mar 4, 2018 3:00 PM;Mar 4, 2018 4:00 PM;-;40.16;30.39;39.50;40.16;40.16;38.87;-;-;39.50;53.97;31.08;30.39;49.40;30.39;32.07
Mar 4, 2018 4:00 PM;Mar 4, 2018 5:00 PM;-;37.45;34.06;40.05;35.95;40.15;38.86;-;-;40.05;55.89;35.00;34.06;52.53;34.06;36.19
Mar 4, 2018 5:00 PM;Mar 4, 2018 6:00 PM;-;46.61;33.08;44.36;40.60;58.20;41.73;-;-;44.36;59.55;39.64;33.08;54.88;33.08;52.03
Mar 4, 2018 6:00 PM;Mar 4, 2018 7:00 PM;-;54.21;40.34;47.68;45.84;70.34;46.15;-;-;47.68;61.67;45.29;35.37;70.00;50.00;70.62
Mar 4, 2018 7:00 PM;Mar 4, 2018 8:00 PM;-;67.18;35.74;45.34;53.21;91.37;45.34;-;-;45.34;61.77;41.00;35.74;75.11;35.74;68.47
Mar 4, 2018 8:00 PM;Mar 4, 2018 9:00 PM;-;69.53;30.35;40.96;52.14;102.55;40.96;-;-;40.96;61.73;38.14;30.35;74.80;30.35;52.06
Mar 4, 2018 9:00 PM;Mar 4, 2018 10:00 PM;-;47.84;30.36;39.65;43.00;56.89;39.65;-;-;39.65;58.41;33.45;30.36;65.00;30.36;40.09
Mar 4, 2018 10:00 PM;Mar 4, 2018 11:00 PM;-;58.49;30.07;38.70;45.94;82.64;38.70;-;-;38.70;58.39;32.22;30.07;56.60;30.07;35.58
Mar 4, 2018 11:00 PM;Mar 5, 2018 12:00 AM;-;44.85;25.70;38.25;42.00;51.50;38.25;-;-;38.25;55.88;29.94;25.70;53.12;25.70;29.94
Mar 5, 2018 12:00 AM;Mar 5, 2018 1:00 AM;-;39.11;24.74;37.90;39.10;39.15;37.90;-;-;37.90;51.03;29.01;24.74;46.82;24.74;29.01
Mar 5, 2018 1:00 AM;Mar 5, 2018 2:00 AM;-;38.37;20.92;37.43;38.37;38.37;37.43;-;-;37.43;49.18;30.01;20.92;43.75;20.92;30.01
Mar 5, 2018 2:00 AM;Mar 5, 2018 3:00 AM;-;36.64;16.31;37.47;36.19;38.71;37.47;-;-;37.47;48.00;30.11;16.31;42.97;16.31;30.11
Mar 5, 2018 3:00 AM;Mar 5, 2018 4:00 AM;-;35.22;16.61;37.80;34.39;39.05;37.80;-;-;37.80;47.96;28.97;16.61;42.93;16.61;28.97
Mar 5, 2018 4:00 AM;Mar 5, 2018 5:00 AM;-;33.00;27.08;38.15;33.00;33.00;38.15;-;-;38.15;48.15;31.02;27.08;43.75;27.08;31.02
Mar 5, 2018 5:00 AM;Mar 5, 2018 6:00 AM;-;38.20;31.73;38.68;38.20;38.20;37.78;-;-;38.68;51.73;34.92;31.73;46.82;31.73;34.95
Mar 5, 2018 6:00 AM;Mar 5, 2018 7:00 AM;-;47.00;45.92;44.82;47.00;47.00;42.77;-;-;44.82;60.04;46.34;45.92;67.79;45.92;46.34
Mar 5, 2018 7:00 AM;Mar 5, 2018 8:00 AM;-;67.78;53.94;53.94;61.74;75.47;53.94;-;-;53.94;68.94;55.00;53.94;74.49;67.94;63.41
Mar 5, 2018 8:00 AM;Mar 5, 2018 9:00 AM;-;67.11;64.06;64.06;65.78;69.42;64.06;-;-;64.06;71.88;58.50;64.06;95.00;95.00;68.68
Mar 5, 2018 9:00 AM;Mar 5, 2018 10:00 AM;-;72.70;62.63;62.63;68.30;79.34;62.63;-;-;62.63;68.93;56.71;62.63;95.00;95.00;64.39
Mar 5, 2018 10:00 AM;Mar 5, 2018 11:00 AM;-;69.65;56.02;56.02;63.69;78.61;56.02;-;-;56.02;68.92;52.68;56.02;91.12;91.12;67.72
Mar 5, 2018 11:00 AM;Mar 5, 2018 12:00 PM;-;66.84;54.98;54.98;61.66;75.00;54.98;-;-;54.98;68.92;49.20;54.98;88.03;88.03;61.60
Mar 5, 2018 12:00 PM;Mar 5, 2018 1:00 PM;-;61.54;49.02;49.02;56.08;70.57;49.02;-;-;49.02;65.99;47.94;49.02;78.00;78.00;60.96
Mar 5, 2018 1:00 PM;Mar 5, 2018 2:00 PM;-;60.36;48.11;48.11;55.03;68.58;48.11;-;-;48.11;68.08;47.50;48.11;78.00;78.00;53.00
Mar 5, 2018 2:00 PM;Mar 5, 2018 3:00 PM;-;54.45;53.43;53.43;54.01;55.19;53.43;-;-;53.43;64.41;48.34;53.43;79.50;71.65;50.40
Mar 5, 2018 3:00 PM;Mar 5, 2018 4:00 PM;-;55.10;53.78;53.78;55.10;55.10;53.78;-;-;53.78;65.01;50.20;55.10;83.22;55.10;51.30
Mar 5, 2018 4:00 PM;Mar 5, 2018 5:00 PM;-;55.49;54.16;54.16;55.49;55.49;54.16;-;-;54.16;64.65;53.42;55.49;90.98;55.49;53.42
Mar 5, 2018 5:00 PM;Mar 5, 2018 6:00 PM;-;69.67;69.67;69.67;69.67;69.67;69.67;-;-;69.67;62.56;60.03;69.67;81.58;69.67;60.03
Mar 5, 2018 6:00 PM;Mar 5, 2018 7:00 PM;-;83.16;83.16;83.16;83.16;83.16;83.16;-;-;83.16;68.91;70.40;83.16;95.01;83.16;70.86
Mar 5, 2018 7:00 PM;Mar 5, 2018 8:00 PM;-;83.61;81.61;81.61;83.61;83.61;81.61;-;-;81.61;67.08;68.00;83.61;89.78;83.61;68.00
Mar 5, 2018 8:00 PM;Mar 5, 2018 9:00 PM;-;62.48;59.59;59.59;62.48;62.48;59.59;-;-;59.59;61.72;59.98;62.48;76.02;62.48;59.98
Mar 5, 2018 9:00 PM;Mar 5, 2018 10:00 PM;-;54.96;49.80;49.80;54.96;54.96;49.80;-;-;49.80;56.29;48.90;54.96;74.49;54.96;49.08
Mar 5, 2018 10:00 PM;Mar 5, 2018 11:00 PM;-;52.01;43.69;43.69;52.01;52.01;43.69;-;-;43.69;56.09;43.30;47.04;72.90;47.04;44.95
Mar 5, 2018 11:00 PM;Mar 6, 2018 12:00 AM;-;49.08;40.40;40.40;49.08;49.08;40.40;-;-;40.40;53.08;38.27;40.40;66.25;40.40;38.27
Mar 6, 2018 12:00 AM;Mar 6, 2018 1:00 AM;-;40.25;38.96;38.96;40.25;40.25;38.96;-;-;38.96;48.22;36.99;38.96;47.88;38.96;36.99
Mar 6, 2018 1:00 AM;Mar 6, 2018 2:00 AM;-;38.10;37.96;37.96;38.10;38.10;37.96;-;-;37.96;47.34;36.10;37.96;44.00;37.96;35.95
Mar 6, 2018 2:00 AM;Mar 6, 2018 3:00 AM;-;37.39;37.39;37.39;37.39;37.39;37.39;-;-;37.39;45.90;35.41;37.39;43.00;37.39;33.11
Mar 6, 2018 3:00 AM;Mar 6, 2018 4:00 AM;-;36.61;36.61;36.78;36.61;36.61;36.78;-;-;36.78;45.94;35.50;36.61;42.97;36.61;32.96
Mar 6, 2018 4:00 AM;Mar 6, 2018 5:00 AM;-;36.91;37.35;37.42;36.91;36.91;37.42;-;-;37.42;45.51;35.60;36.91;42.97;36.91;33.24
Mar 6, 2018 5:00 AM;Mar 6, 2018 6:00 AM;-;38.76;38.76;39.49;38.76;38.76;39.49;-;-;39.49;48.33;37.37;38.76;46.29;38.76;37.37
Mar 6, 2018 6:00 AM;Mar 6, 2018 7:00 AM;-;46.50;46.50;45.77;46.50;46.50;45.70;-;-;45.77;52.94;45.75;46.50;53.48;46.50;45.75
Mar 6, 2018 7:00 AM;Mar 6, 2018 8:00 AM;-;58.26;58.26;58.26;58.26;58.26;58.26;-;-;58.26;60.08;58.10;58.26;61.68;58.26;58.10
Mar 6, 2018 8:00 AM;Mar 6, 2018 9:00 AM;-;65.19;65.19;65.19;65.19;65.19;65.19;-;-;65.19;65.85;61.00;65.19;73.73;65.19;61.00
Mar 6, 2018 9:00 AM;Mar 6, 2018 10:00 AM;-;65.02;65.02;65.02;65.02;65.02;65.02;-;-;65.02;65.06;59.75;65.02;73.03;65.02;59.75
Mar 6, 2018 10:00 AM;Mar 6, 2018 11:00 AM;-;63.28;63.28;63.28;63.28;63.28;63.28;-;-;63.28;64.69;55.90;63.28;69.07;63.28;55.90
Mar 6, 2018 11:00 AM;Mar 6, 2018 12:00 PM;-;55.03;55.03;55.03;55.03;55.03;55.03;-;-;55.03;63.75;54.30;55.03;66.91;55.03;54.30
Mar 6, 2018 12:00 PM;Mar 6, 2018 1:00 PM;-;52.39;52.39;52.39;52.39;52.39;52.39;-;-;52.39;58.74;50.58;52.39;59.85;52.39;50.58
Mar 6, 2018 1:00 PM;Mar 6, 2018 2:00 PM;-;50.07;50.07;50.07;50.07;50.07;50.07;-;-;50.07;60.42;48.00;50.07;62.78;50.07;48.00
Mar 6, 2018 2:00 PM;Mar 6, 2018 3:00 PM;-;48.98;48.98;48.98;48.98;48.98;48.98;-;-;48.98;62.00;46.40;48.98;66.59;48.98;47.40
Mar 6, 2018 3:00 PM;Mar 6, 2018 4:00 PM;-;48.76;48.76;48.76;48.76;48.76;48.76;-;-;48.76;63.87;47.50;48.76;66.83;48.76;50.59
Mar 6, 2018 4:00 PM;Mar 6, 2018 5:00 PM;-;49.42;48.24;48.24;49.42;49.42;48.24;-;-;48.24;64.90;45.00;49.42;68.50;49.42;52.06
Mar 6, 2018 5:00 PM;Mar 6, 2018 6:00 PM;-;53.99;53.99;53.99;53.99;53.99;53.99;-;-;53.99;58.22;54.30;53.99;67.12;53.99;62.16
Mar 6, 2018 6:00 PM;Mar 6, 2018 7:00 PM;-;60.70;59.24;59.24;60.70;60.70;59.24;-;-;59.24;63.18;60.80;60.70;74.18;60.70;78.21
Mar 6, 2018 7:00 PM;Mar 6, 2018 8:00 PM;-;64.63;55.21;55.21;64.63;64.63;55.21;-;-;55.21;62.05;57.00;64.63;74.23;64.63;70.62
Mar 6, 2018 8:00 PM;Mar 6, 2018 9:00 PM;-;59.90;45.99;45.99;59.90;59.90;45.99;-;-;45.99;58.25;56.05;59.90;68.60;59.90;56.51
Mar 6, 2018 9:00 PM;Mar 6, 2018 10:00 PM;-;46.95;43.04;43.04;46.95;46.95;43.04;-;-;43.04;53.63;47.52;46.95;54.43;46.95;52.48
Mar 6, 2018 10:00 PM;Mar 6, 2018 11:00 PM;-;48.00;40.58;40.58;48.00;48.00;40.58;-;-;40.58;53.32;42.25;42.90;53.48;42.90;43.58
Mar 6, 2018 11:00 PM;Mar 7, 2018 12:00 AM;-;45.00;38.60;38.60;45.00;45.00;38.60;-;-;38.60;50.46;37.00;39.55;50.99;39.55;37.00
Mar 7, 2018 12:00 AM;Mar 7, 2018 1:00 AM;-;39.07;38.13;38.13;39.07;39.07;38.13;-;-;38.13;46.46;39.94;39.07;43.91;39.07;39.94
Mar 7, 2018 1:00 AM;Mar 7, 2018 2:00 AM;-;38.90;37.66;37.66;38.90;38.90;37.66;-;-;37.66;43.22;38.36;38.58;39.12;38.58;38.36
Mar 7, 2018 2:00 AM;Mar 7, 2018 3:00 AM;-;37.78;37.10;37.10;37.78;37.78;37.10;-;-;37.10;42.46;37.62;37.10;39.00;37.10;37.62
Mar 7, 2018 3:00 AM;Mar 7, 2018 4:00 AM;-;36.91;36.91;36.91;36.91;36.91;36.91;-;-;36.91;42.28;36.94;36.91;39.00;36.91;36.94
Mar 7, 2018 4:00 AM;Mar 7, 2018 5:00 AM;-;37.54;37.54;37.54;37.54;37.54;37.54;-;-;37.54;42.74;37.50;37.54;39.11;37.54;37.50
Mar 7, 2018 5:00 AM;Mar 7, 2018 6:00 AM;-;39.90;39.88;39.88;39.90;39.90;39.88;-;-;39.88;46.03;40.10;39.90;42.97;39.90;40.10
Mar 7, 2018 6:00 AM;Mar 7, 2018 7:00 AM;-;46.69;45.20;45.20;46.69;46.69;45.20;-;-;45.20;52.30;47.97;46.69;49.90;46.69;47.97
Mar 7, 2018 7:00 AM;Mar 7, 2018 8:00 AM;-;55.85;54.51;54.51;55.85;55.85;54.51;-;-;54.51;59.55;59.50;55.85;56.10;55.85;59.66
Mar 7, 2018 8:00 AM;Mar 7, 2018 9:00 AM;-;61.79;60.30;60.30;61.79;61.79;60.30;-;-;60.30;64.41;65.78;61.79;61.79;61.79;68.24
Mar 7, 2018 9:00 AM;Mar 7, 2018 10:00 AM;-;60.00;58.56;58.56;60.00;60.00;58.56;-;-;58.56;62.92;63.71;60.00;60.00;60.00;66.54
Mar 7, 2018 10:00 AM;Mar 7, 2018 11:00 AM;-;56.86;55.18;55.18;56.69;57.01;55.18;-;-;55.18;60.73;60.70;56.54;57.81;56.54;64.52
Mar 7, 2018 11:00 AM;Mar 7, 2018 12:00 PM;-;56.51;54.78;54.78;56.51;56.51;54.78;-;-;54.78;56.60;56.01;56.51;56.78;56.51;62.20
Mar 7, 2018 12:00 PM;Mar 7, 2018 1:00 PM;-;51.51;50.27;50.27;51.51;51.51;49.86;-;-;50.27;54.00;52.00;51.51;51.51;51.51;54.99
Mar 7, 2018 1:00 PM;Mar 7, 2018 2:00 PM;-;48.99;47.82;47.82;48.99;48.99;47.82;-;-;47.82;54.05;49.74;48.99;51.27;48.99;52.21
Mar 7, 2018 2:00 PM;Mar 7, 2018 3:00 PM;-;47.07;46.51;46.51;47.07;47.07;46.51;-;-;46.51;57.00;48.94;47.07;54.79;47.07;49.96
Mar 7, 2018 3:00 PM;Mar 7, 2018 4:00 PM;-;47.90;46.75;46.75;47.90;47.90;46.75;-;-;46.75;56.34;48.40;47.90;58.28;47.90;48.49
Mar 7, 2018 4:00 PM;Mar 7, 2018 5:00 PM;-;48.89;47.72;47.72;48.89;48.89;47.72;-;-;47.72;56.30;50.00;48.89;56.78;48.89;50.06
Mar 7, 2018 5:00 PM;Mar 7, 2018 6:00 PM;-;53.70;53.70;53.70;53.70;53.70;51.98;-;-;53.70;57.57;55.54;53.70;57.10;53.70;58.37
Mar 7, 2018 6:00 PM;Mar 7, 2018 7:00 PM;-;60.95;60.95;60.95;60.95;60.95;60.95;-;-;60.95;62.64;63.62;60.95;71.15;60.95;74.18
Mar 7, 2018 7:00 PM;Mar 7, 2018 8:00 PM;-;64.34;56.90;56.90;64.34;64.34;56.90;-;-;56.90;64.40;63.99;64.34;72.23;64.34;68.92
Mar 7, 2018 8:00 PM;Mar 7, 2018 9:00 PM;-;50.29;46.04;46.04;50.29;50.29;46.04;-;-;46.04;57.91;54.22;50.29;58.00;50.29;55.47
Mar 7, 2018 9:00 PM;Mar 7, 2018 10:00 PM;-;43.66;42.26;42.26;43.66;43.66;42.26;-;-;42.26;53.05;44.49;43.66;53.94;43.66;47.91
Mar 7, 2018 10:00 PM;Mar 7, 2018 11:00 PM;-;42.85;40.48;39.79;42.85;42.85;39.79;-;-;39.79;52.63;40.50;40.77;50.00;40.77;40.92
Mar 7, 2018 11:00 PM;Mar 8, 2018 12:00 AM;-;43.08;36.60;37.29;43.08;43.08;37.29;-;-;37.29;51.12;36.50;36.60;46.60;36.60;36.50
Mar 8, 2018 12:00 AM;Mar 8, 2018 1:00 AM;-;38.64;37.37;37.37;39.94;37.60;37.37;-;-;37.37;42.36;28.00;37.37;43.00;37.37;28.00
Mar 8, 2018 1:00 AM;Mar 8, 2018 2:00 AM;-;37.23;35.03;35.89;37.40;37.08;35.89;-;-;35.89;38.81;29.94;35.03;41.44;35.03;28.84
Mar 8, 2018 2:00 AM;Mar 8, 2018 3:00 AM;-;35.86;35.73;35.73;35.86;35.86;35.73;-;-;35.73;38.00;30.87;35.73;38.10;35.73;19.87
Mar 8, 2018 3:00 AM;Mar 8, 2018 4:00 AM;-;33.29;35.63;35.63;33.29;33.29;35.63;-;-;35.63;37.88;29.74;33.29;38.00;33.29;23.61
Mar 8, 2018 4:00 AM;Mar 8, 2018 5:00 AM;-;34.00;36.09;36.09;34.00;34.00;36.09;-;-;36.09;37.77;30.13;34.00;37.40;34.00;29.38
Mar 8, 2018 5:00 AM;Mar 8, 2018 6:00 AM;-;41.83;35.64;36.97;41.83;34.63;36.97;-;-;36.97;43.66;32.51;34.63;42.97;34.63;32.51
Mar 8, 2018 6:00 AM;Mar 8, 2018 7:00 AM;-;44.11;41.47;40.54;44.11;41.47;40.15;-;-;40.54;52.11;39.71;41.47;50.60;41.47;39.71
Mar 8, 2018 7:00 AM;Mar 8, 2018 8:00 AM;-;47.37;46.20;46.20;46.95;47.72;46.20;-;-;46.20;54.61;45.16;46.20;54.00;54.00;53.01
Mar 8, 2018 8:00 AM;Mar 8, 2018 9:00 AM;-;56.70;46.96;46.96;52.48;61.80;46.96;-;-;46.96;53.62;45.60;46.96;55.54;51.38;61.59
Mar 8, 2018 9:00 AM;Mar 8, 2018 10:00 AM;-;58.74;44.91;44.91;54.00;65.00;44.91;-;-;44.91;53.60;39.26;44.91;55.00;44.91;53.22
Mar 8, 2018 10:00 AM;Mar 8, 2018 11:00 AM;-;54.00;42.40;42.40;48.80;48.00;42.40;-;-;42.40;53.09;35.71;35.91;53.33;53.33;47.00
Mar 8, 2018 11:00 AM;Mar 8, 2018 12:00 PM;-;56.42;41.51;41.51;49.44;43.00;41.51;-;-;41.51;50.89;33.41;33.67;51.80;51.80;42.05
Mar 8, 2018 12:00 PM;Mar 8, 2018 1:00 PM;-;45.97;40.46;40.89;49.45;41.79;40.46;-;-;40.89;48.78;32.51;32.94;49.45;49.45;40.78
Mar 8, 2018 1:00 PM;Mar 8, 2018 2:00 PM;-;43.79;40.34;40.34;48.42;41.68;40.34;-;-;40.34;48.80;32.50;33.15;50.00;50.00;39.94
Mar 8, 2018 2:00 PM;Mar 8, 2018 3:00 PM;-;49.19;39.51;39.51;47.75;39.00;39.51;-;-;39.51;51.64;32.98;33.50;53.36;53.36;37.50
Mar 8, 2018 3:00 PM;Mar 8, 2018 4:00 PM;-;44.22;39.47;39.47;44.28;40.00;39.47;-;-;39.47;55.50;34.23;38.27;57.00;46.49;37.50
Mar 8, 2018 4:00 PM;Mar 8, 2018 5:00 PM;-;43.67;40.51;40.51;43.59;41.85;40.51;-;-;40.51;55.03;35.90;40.51;55.39;40.51;44.16
Mar 8, 2018 5:00 PM;Mar 8, 2018 6:00 PM;-;43.63;42.99;42.99;43.43;44.41;42.99;-;-;42.99;55.52;41.00;42.99;62.00;46.00;55.15
Mar 8, 2018 6:00 PM;Mar 8, 2018 7:00 PM;-;48.66;47.66;47.66;48.21;49.23;47.66;-;-;47.66;53.69;45.42;47.66;75.62;75.62;73.32
Mar 8, 2018 7:00 PM;Mar 8, 2018 8:00 PM;-;62.00;45.30;44.21;56.84;45.67;44.21;-;-;44.21;55.04;44.00;45.30;75.82;75.82;72.65
Mar 8, 2018 8:00 PM;Mar 8, 2018 9:00 PM;-;56.94;37.71;38.80;58.15;40.70;38.80;-;-;38.80;54.46;38.30;34.90;61.90;61.90;51.29
Mar 8, 2018 9:00 PM;Mar 8, 2018 10:00 PM;-;38.30;37.73;37.73;41.43;38.00;37.73;-;-;37.73;53.62;33.10;32.08;55.00;55.00;40.00
Mar 8, 2018 10:00 PM;Mar 8, 2018 11:00 PM;-;46.80;36.52;36.52;47.13;37.72;36.52;-;-;36.52;52.12;30.50;31.71;51.82;51.82;33.17
Mar 8, 2018 11:00 PM;Mar 9, 2018 12:00 AM;-;40.22;35.57;35.57;43.53;36.75;35.57;-;-;35.57;50.51;26.74;28.51;49.26;28.51;26.91
Mar 9, 2018 12:00 AM;Mar 9, 2018 1:00 AM;-;44.07;35.77;35.77;45.27;32.20;35.77;-;-;35.77;47.86;20.96;15.72;46.50;15.72;20.96
Mar 9, 2018 1:00 AM;Mar 9, 2018 2:00 AM;-;38.12;35.33;35.33;38.12;22.07;35.33;-;-;35.33;42.86;20.00;14.79;43.86;14.79;20.00
Mar 9, 2018 2:00 AM;Mar 9, 2018 3:00 AM;-;34.95;34.99;34.99;37.21;29.50;34.99;-;-;34.99;41.84;18.25;13.70;42.97;13.70;18.25
Mar 9, 2018 3:00 AM;Mar 9, 2018 4:00 AM;-;31.28;34.99;34.99;35.65;29.80;34.99;-;-;34.99;41.37;19.50;12.76;42.50;12.76;19.24
Mar 9, 2018 4:00 AM;Mar 9, 2018 5:00 AM;-;27.93;35.55;35.55;27.29;33.30;35.55;-;-;35.55;41.21;22.99;24.37;42.46;24.37;22.99
Mar 9, 2018 5:00 AM;Mar 9, 2018 6:00 AM;-;32.82;36.40;36.40;32.22;36.00;36.40;-;-;36.40;44.80;27.09;31.02;44.76;31.02;27.09
Mar 9, 2018 6:00 AM;Mar 9, 2018 7:00 AM;-;39.90;38.14;38.14;37.93;39.90;38.14;-;-;38.14;52.73;36.10;33.98;52.10;33.98;36.10
Mar 9, 2018 7:00 AM;Mar 9, 2018 8:00 AM;-;46.40;41.98;41.98;45.67;53.30;41.98;-;-;41.98;54.54;41.70;41.98;54.83;41.98;46.09
Mar 9, 2018 8:00 AM;Mar 9, 2018 9:00 AM;-;52.69;43.93;43.93;48.88;56.93;43.93;-;-;43.93;54.06;43.33;43.93;55.70;43.93;47.09
Mar 9, 2018 9:00 AM;Mar 9, 2018 10:00 AM;-;54.22;41.94;41.94;48.88;60.18;41.94;-;-;41.94;54.01;42.22;41.94;54.01;41.94;43.49
Mar 9, 2018 10:00 AM;Mar 9, 2018 11:00 AM;-;49.44;40.69;40.69;48.01;51.70;40.69;-;-;40.69;54.02;39.19;40.69;52.24;40.69;41.00
Mar 9, 2018 11:00 AM;Mar 9, 2018 12:00 PM;-;50.52;39.81;39.81;46.96;54.90;39.81;-;-;39.81;53.27;37.70;39.81;50.90;39.81;43.07
Mar 9, 2018 12:00 PM;Mar 9, 2018 1:00 PM;-;45.61;38.51;38.51;47.81;39.79;38.51;-;-;38.51;50.15;36.99;37.33;48.67;37.33;41.19
Mar 9, 2018 1:00 PM;Mar 9, 2018 2:00 PM;-;44.57;39.72;39.72;42.47;47.00;39.72;-;-;39.72;50.14;37.20;39.72;49.34;39.72;40.94
Mar 9, 2018 2:00 PM;Mar 9, 2018 3:00 PM;-;41.26;40.38;40.38;40.88;41.71;40.38;-;-;40.38;52.99;38.59;40.38;51.65;40.38;38.59
Mar 9, 2018 3:00 PM;Mar 9, 2018 4:00 PM;-;42.19;40.84;40.84;42.19;42.19;40.84;-;-;40.84;53.42;40.78;42.19;53.00;42.19;40.78
Mar 9, 2018 4:00 PM;Mar 9, 2018 5:00 PM;-;44.46;41.56;41.56;44.46;44.46;41.56;-;-;41.56;53.39;43.60;44.46;54.50;44.46;43.60
Mar 9, 2018 5:00 PM;Mar 9, 2018 6:00 PM;-;46.48;45.03;45.03;46.46;46.52;45.03;-;-;45.03;53.48;48.94;46.54;56.43;46.54;48.94
Mar 9, 2018 6:00 PM;Mar 9, 2018 7:00 PM;-;49.93;54.01;54.01;46.29;55.80;54.01;-;-;54.01;55.60;54.95;58.60;74.18;58.60;54.95
Mar 9, 2018 7:00 PM;Mar 9, 2018 8:00 PM;-;53.12;46.22;46.22;53.12;53.12;46.22;-;-;46.22;55.93;55.60;53.12;74.18;53.12;55.60
Mar 9, 2018 8:00 PM;Mar 9, 2018 9:00 PM;-;48.88;42.19;47.71;48.88;48.88;42.19;-;-;47.71;52.75;49.50;48.88;54.83;48.88;49.50
Mar 9, 2018 9:00 PM;Mar 9, 2018 10:00 PM;-;44.21;41.42;41.42;44.21;44.21;41.42;-;-;41.42;50.15;43.50;44.21;53.92;44.21;43.50
Mar 9, 2018 10:00 PM;Mar 9, 2018 11:00 PM;-;41.08;39.76;39.76;41.08;41.08;39.76;-;-;39.76;50.13;40.95;41.08;50.62;41.08;40.95
Mar 9, 2018 11:00 PM;Mar 10, 2018 12:00 AM;-;38.66;37.90;37.90;38.66;38.66;37.90;-;-;37.90;46.50;37.00;38.66;49.95;38.66;37.00
Mar 10, 2018 12:00 AM;Mar 10, 2018 1:00 AM;-;33.10;33.10;37.88;33.10;33.10;37.88;-;-;37.88;42.16;31.44;33.10;49.00;33.10;31.44
Mar 10, 2018 1:00 AM;Mar 10, 2018 2:00 AM;-;31.29;31.29;36.84;31.29;31.29;36.84;-;-;36.84;41.06;28.15;31.29;45.24;31.29;28.15
Mar 10, 2018 2:00 AM;Mar 10, 2018 3:00 AM;-;30.85;30.85;36.44;30.85;30.85;36.44;-;-;36.44;39.60;27.00;30.85;43.78;30.85;27.00
Mar 10, 2018 3:00 AM;Mar 10, 2018 4:00 AM;-;27.97;36.04;36.04;28.44;30.00;36.04;-;-;36.04;38.87;25.93;29.06;43.26;29.06;25.93
Mar 10, 2018 4:00 AM;Mar 10, 2018 5:00 AM;-;26.41;36.27;36.27;24.86;28.94;36.27;-;-;36.27;38.46;25.50;30.00;42.65;30.00;25.50
Mar 10, 2018 5:00 AM;Mar 10, 2018 6:00 AM;-;28.46;36.51;36.51;28.46;28.46;36.51;-;-;36.51;38.69;25.41;28.46;43.81;28.46;25.41
Mar 10, 2018 6:00 AM;Mar 10, 2018 7:00 AM;-;29.66;36.72;36.72;29.66;29.66;36.72;-;-;36.72;41.64;28.00;29.66;45.24;29.66;28.00
Mar 10, 2018 7:00 AM;Mar 10, 2018 8:00 AM;-;30.74;37.25;37.25;30.74;30.74;37.25;-;-;37.25;45.22;30.50;30.74;47.52;30.74;30.50
Mar 10, 2018 8:00 AM;Mar 10, 2018 9:00 AM;-;35.31;37.56;37.56;33.96;38.80;37.56;-;-;37.56;47.01;34.62;33.96;50.85;33.96;34.62
Mar 10, 2018 9:00 AM;Mar 10, 2018 10:00 AM;-;36.91;37.89;37.89;36.01;39.14;37.89;-;-;37.89;47.06;37.00;36.01;54.01;36.01;37.00
Mar 10, 2018 10:00 AM;Mar 10, 2018 11:00 AM;-;37.52;37.66;37.66;37.52;37.52;37.66;-;-;37.66;43.00;36.50;37.52;58.00;37.52;36.50
Mar 10, 2018 11:00 AM;Mar 10, 2018 12:00 PM;-;37.39;37.39;37.39;37.39;37.39;37.39;-;-;37.39;43.06;36.50;37.39;54.71;37.39;36.50
Mar 10, 2018 12:00 PM;Mar 10, 2018 1:00 PM;-;36.60;36.60;37.03;36.60;36.60;37.03;-;-;37.03;39.54;34.98;36.60;48.49;36.60;34.98
Mar 10, 2018 1:00 PM;Mar 10, 2018 2:00 PM;-;35.64;35.64;36.59;35.64;35.64;36.59;-;-;36.59;39.27;32.90;35.64;45.41;35.64;32.90
Mar 10, 2018 2:00 PM;Mar 10, 2018 3:00 PM;-;34.01;34.01;36.36;34.01;34.01;36.36;-;-;36.36;38.38;31.00;34.01;45.64;34.01;31.00
Mar 10, 2018 3:00 PM;Mar 10, 2018 4:00 PM;-;33.06;34.03;36.31;33.06;35.50;36.31;-;-;36.31;38.37;31.06;34.03;45.71;34.03;31.06
Mar 10, 2018 4:00 PM;Mar 10, 2018 5:00 PM;-;32.86;36.40;36.76;31.82;37.98;36.76;-;-;36.76;38.58;32.99;36.40;48.49;36.40;32.99
Mar 10, 2018 5:00 PM;Mar 10, 2018 6:00 PM;-;39.41;38.67;38.67;34.04;39.57;38.30;-;-;38.67;47.01;36.60;38.67;49.52;38.67;36.71
Mar 10, 2018 6:00 PM;Mar 10, 2018 7:00 PM;-;42.04;41.30;41.30;42.04;42.04;41.30;-;-;41.30;49.71;41.98;42.04;54.89;42.04;45.00
Mar 10, 2018 7:00 PM;Mar 10, 2018 8:00 PM;-;44.00;41.28;41.28;44.00;44.00;41.28;-;-;41.28;49.82;41.95;44.00;63.31;44.00;43.71
Mar 10, 2018 8:00 PM;Mar 10, 2018 9:00 PM;-;39.70;39.70;38.43;39.70;39.70;38.43;-;-;38.43;48.74;37.37;39.70;52.92;39.70;37.37
Mar 10, 2018 9:00 PM;Mar 10, 2018 10:00 PM;-;36.63;35.44;36.71;36.10;37.92;36.71;-;-;36.71;46.06;34.09;35.44;49.30;35.44;34.09
Mar 10, 2018 10:00 PM;Mar 10, 2018 11:00 PM;-;35.94;34.50;34.50;35.30;37.58;36.38;-;-;36.38;46.03;32.90;34.50;46.44;34.50;32.90
Mar 10, 2018 11:00 PM;Mar 11, 2018 12:00 AM;-;36.31;35.19;35.19;35.81;37.25;36.06;-;-;36.06;41.38;29.00;35.19;43.00;35.19;29.00
Mar 11, 2018 12:00 AM;Mar 11, 2018 1:00 AM;-;32.26;32.26;32.26;32.26;32.26;36.38;-;-;36.38;38.45;26.05;32.26;41.57;32.26;26.05
Mar 11, 2018 1:00 AM;Mar 11, 2018 2:00 AM;-;27.14;27.14;27.14;27.14;27.14;35.94;-;-;35.94;37.73;21.33;27.14;40.00;27.14;21.33
Mar 11, 2018 2:00 AM;Mar 11, 2018 3:00 AM;-;27.51;25.65;25.65;26.67;30.00;35.76;-;-;35.76;36.50;21.00;25.65;34.94;25.65;21.00
Mar 11, 2018 3:00 AM;Mar 11, 2018 4:00 AM;-;26.20;26.20;26.20;26.20;26.20;35.78;-;-;35.78;21.90;20.24;26.20;31.51;26.20;20.24
Mar 11, 2018 4:00 AM;Mar 11, 2018 5:00 AM;-;25.06;25.06;25.06;25.06;25.06;35.69;-;-;35.69;25.73;20.93;25.06;35.00;25.06;20.93
Mar 11, 2018 5:00 AM;Mar 11, 2018 6:00 AM;-;22.68;24.92;24.92;21.76;24.19;36.02;-;-;36.02;18.62;21.00;24.92;40.68;24.92;21.00
Mar 11, 2018 6:00 AM;Mar 11, 2018 7:00 AM;-;21.92;25.81;25.81;21.92;32.26;36.33;-;-;36.33;36.10;21.00;25.81;39.25;25.81;21.00
Mar 11, 2018 7:00 AM;Mar 11, 2018 8:00 AM;-;26.16;27.61;36.13;26.16;30.00;36.13;-;-;36.13;35.06;22.00;27.61;40.68;27.61;22.00
Mar 11, 2018 8:00 AM;Mar 11, 2018 9:00 AM;-;28.82;29.31;36.34;28.82;30.11;36.34;-;-;36.34;24.21;23.51;29.31;46.55;29.31;23.51
Mar 11, 2018 9:00 AM;Mar 11, 2018 10:00 AM;-;31.32;30.15;36.54;30.79;33.00;36.54;-;-;36.54;22.96;24.95;30.15;55.83;30.15;24.95
Mar 11, 2018 10:00 AM;Mar 11, 2018 11:00 AM;-;31.46;28.97;36.86;30.34;35.00;36.86;-;-;36.86;20.77;24.37;28.97;93.08;28.97;24.37
Mar 11, 2018 11:00 AM;Mar 11, 2018 12:00 PM;-;30.62;27.10;36.87;29.04;35.70;36.87;-;-;36.87;21.18;24.54;27.10;139.75;27.10;24.54
Mar 11, 2018 12:00 PM;Mar 11, 2018 1:00 PM;-;27.60;27.60;36.51;26.05;32.40;36.51;-;-;36.51;19.37;21.00;24.15;150.00;24.15;21.00
Mar 11, 2018 1:00 PM;Mar 11, 2018 2:00 PM;-;23.21;28.91;36.22;20.81;30.00;36.22;-;-;36.22;16.53;20.23;20.81;79.00;20.81;20.23
Mar 11, 2018 2:00 PM;Mar 11, 2018 3:00 PM;-;21.66;29.63;35.52;20.15;25.00;35.52;-;-;35.52;14.10;20.18;21.69;55.83;21.69;20.18
Mar 11, 2018 3:00 PM;Mar 11, 2018 4:00 PM;-;19.69;35.50;35.50;14.50;25.00;35.62;-;-;35.50;15.36;21.04;27.56;57.00;27.56;21.04
Mar 11, 2018 4:00 PM;Mar 11, 2018 5:00 PM;-;19.44;36.02;36.02;10.44;27.40;36.02;-;-;36.02;18.98;22.50;31.01;53.66;14.87;22.50
Mar 11, 2018 5:00 PM;Mar 11, 2018 6:00 PM;-;24.87;37.02;37.02;21.12;31.50;37.02;-;-;37.02;27.81;27.59;31.90;54.43;31.90;27.59
Mar 11, 2018 6:00 PM;Mar 11, 2018 7:00 PM;-;35.70;37.49;37.49;35.70;35.70;37.49;-;-;37.49;41.04;33.77;35.70;74.18;35.70;33.77
Mar 11, 2018 7:00 PM;Mar 11, 2018 8:00 PM;-;43.00;38.06;38.06;40.77;49.33;38.06;-;-;38.06;48.75;34.00;38.06;74.18;38.06;34.00
Mar 11, 2018 8:00 PM;Mar 11, 2018 9:00 PM;-;38.67;34.02;36.90;36.57;45.10;36.90;-;-;36.90;47.25;30.20;34.02;55.00;34.02;30.20
Mar 11, 2018 9:00 PM;Mar 11, 2018 10:00 PM;-;33.62;30.62;36.06;32.27;37.90;36.68;-;-;36.06;46.07;26.83;30.62;50.12;30.62;26.83
Mar 11, 2018 10:00 PM;Mar 11, 2018 11:00 PM;-;32.59;32.59;32.59;32.59;32.59;36.13;-;-;35.71;43.08;25.51;32.59;45.00;32.59;25.51
Mar 11, 2018 11:00 PM;Mar 12, 2018 12:00 AM;-;31.23;31.01;31.01;31.13;31.50;36.33;-;-;34.95;39.36;21.00;31.01;40.68;31.01;21.00
Mar 12, 2018 12:00 AM;Mar 12, 2018 1:00 AM;-;32.10;32.10;32.10;32.10;32.10;36.00;-;-;34.31;36.00;27.01;32.10;32.10;32.10;27.01
Mar 12, 2018 1:00 AM;Mar 12, 2018 2:00 AM;-;28.46;31.45;31.45;28.46;36.00;35.86;-;-;33.10;30.04;26.00;31.45;28.46;28.46;26.00
Mar 12, 2018 2:00 AM;Mar 12, 2018 3:00 AM;-;21.36;30.67;30.67;19.80;39.10;36.83;-;-;34.01;29.95;25.46;30.67;19.80;19.80;25.46
Mar 12, 2018 3:00 AM;Mar 12, 2018 4:00 AM;-;15.02;28.92;28.92;12.00;38.60;37.03;-;-;35.01;25.40;25.30;28.92;12.00;12.00;22.84
Mar 12, 2018 4:00 AM;Mar 12, 2018 5:00 AM;-;14.09;31.93;31.93;9.56;38.00;36.79;-;-;35.84;25.47;26.00;30.39;19.34;19.34;26.00
Mar 12, 2018 5:00 AM;Mar 12, 2018 6:00 AM;-;23.90;34.14;38.20;19.04;39.10;38.20;-;-;38.20;35.52;28.34;34.14;30.00;30.00;28.34
Mar 12, 2018 6:00 AM;Mar 12, 2018 7:00 AM;-;50.21;45.65;41.59;42.01;48.29;41.59;-;-;41.59;40.96;39.50;45.65;44.69;44.69;39.50
Mar 12, 2018 7:00 AM;Mar 12, 2018 8:00 AM;-;58.70;50.58;50.58;44.66;55.22;49.37;-;-;49.37;48.02;47.31;50.58;50.58;50.58;47.31
Mar 12, 2018 8:00 AM;Mar 12, 2018 9:00 AM;-;53.45;50.48;50.48;48.34;52.15;50.48;-;-;50.48;48.92;49.00;50.48;52.85;50.48;49.00
Mar 12, 2018 9:00 AM;Mar 12, 2018 10:00 AM;-;62.64;49.99;49.99;48.05;63.39;49.99;-;-;49.99;48.85;48.96;49.99;50.59;49.99;48.96
Mar 12, 2018 10:00 AM;Mar 12, 2018 11:00 AM;-;58.32;47.91;47.91;46.02;58.20;47.91;-;-;47.91;47.06;46.00;47.91;50.28;47.91;46.00
Mar 12, 2018 11:00 AM;Mar 12, 2018 12:00 PM;-;54.79;46.23;46.23;44.41;54.90;46.23;-;-;46.23;47.07;44.17;46.23;50.00;46.23;44.17
Mar 12, 2018 12:00 PM;Mar 12, 2018 1:00 PM;-;45.00;45.00;45.00;45.00;45.00;45.00;-;-;45.00;46.29;42.40;45.00;45.56;45.00;42.40
Mar 12, 2018 1:00 PM;Mar 12, 2018 2:00 PM;-;44.00;42.48;42.48;41.50;43.53;42.48;-;-;42.48;46.09;41.10;42.48;46.15;42.48;41.10
Mar 12, 2018 2:00 PM;Mar 12, 2018 3:00 PM;-;46.14;41.65;41.65;38.38;44.17;41.65;-;-;41.65;46.05;40.70;41.65;49.46;41.65;40.70
Mar 12, 2018 3:00 PM;Mar 12, 2018 4:00 PM;-;51.28;41.67;41.67;37.24;49.13;41.67;-;-;41.67;46.69;41.10;41.67;49.99;41.67;41.10
Mar 12, 2018 4:00 PM;Mar 12, 2018 5:00 PM;-;51.85;42.49;42.49;37.61;49.14;42.49;-;-;42.49;46.65;43.35;42.49;50.28;42.49;43.35
Mar 12, 2018 5:00 PM;Mar 12, 2018 6:00 PM;-;51.47;46.96;46.96;42.23;63.20;46.96;-;-;46.96;48.07;45.10;46.96;51.25;46.96;45.10
Mar 12, 2018 6:00 PM;Mar 12, 2018 7:00 PM;-;50.24;50.24;50.24;50.24;50.24;50.24;-;-;50.24;50.57;50.70;50.24;56.00;50.24;50.70
Mar 12, 2018 7:00 PM;Mar 12, 2018 8:00 PM;-;72.40;49.94;49.94;62.00;83.36;49.94;-;-;49.94;50.08;49.90;49.94;62.00;49.94;49.90
Mar 12, 2018 8:00 PM;Mar 12, 2018 9:00 PM;-;66.15;42.47;42.24;55.23;78.11;42.24;-;-;42.24;48.03;44.90;42.47;55.23;42.47;44.90
Mar 12, 2018 9:00 PM;Mar 12, 2018 10:00 PM;-;46.41;39.49;39.71;43.23;50.00;39.71;-;-;39.71;46.02;38.50;39.49;50.46;39.49;38.50
Mar 12, 2018 10:00 PM;Mar 12, 2018 11:00 PM;-;44.32;37.60;37.60;41.23;48.00;37.60;-;-;37.60;46.52;34.10;37.60;45.56;37.60;34.10
Mar 12, 2018 11:00 PM;Mar 13, 2018 12:00 AM;-;41.75;36.58;36.58;36.81;48.00;36.66;-;-;36.58;42.96;28.95;30.77;40.50;30.77;28.95
Mar 13, 2018 12:00 AM;Mar 13, 2018 1:00 AM;-;38.43;37.35;37.35;35.04;38.58;37.35;-;-;37.35;42.07;28.78;32.47;40.68;32.47;28.78
Mar 13, 2018 1:00 AM;Mar 13, 2018 2:00 AM;-;36.06;36.94;36.94;32.20;36.40;36.94;-;-;36.94;41.27;27.49;29.57;32.90;29.57;27.49
Mar 13, 2018 2:00 AM;Mar 13, 2018 3:00 AM;-;29.91;35.97;35.97;28.86;30.00;36.45;-;-;35.97;38.48;26.09;28.14;28.86;28.14;26.09
Mar 13, 2018 3:00 AM;Mar 13, 2018 4:00 AM;-;26.20;35.62;35.62;26.20;26.20;36.46;-;-;35.62;38.46;25.50;26.20;27.00;26.20;25.50
Mar 13, 2018 4:00 AM;Mar 13, 2018 5:00 AM;-;27.76;36.79;36.79;27.76;27.76;36.79;-;-;36.79;38.44;26.80;27.76;29.49;27.76;26.80
Mar 13, 2018 5:00 AM;Mar 13, 2018 6:00 AM;-;33.27;34.54;38.29;33.27;33.27;38.29;-;-;38.29;42.95;29.60;33.27;40.30;33.27;29.60
Mar 13, 2018 6:00 AM;Mar 13, 2018 7:00 AM;-;41.47;40.60;40.60;41.06;41.94;40.60;-;-;40.60;54.96;37.14;40.60;51.46;40.60;37.14
Mar 13, 2018 7:00 AM;Mar 13, 2018 8:00 AM;-;54.68;46.46;46.46;51.17;59.77;42.72;-;-;46.46;60.05;45.92;46.46;59.00;46.46;45.92
Mar 13, 2018 8:00 AM;Mar 13, 2018 9:00 AM;-;59.71;46.37;47.51;54.02;67.98;41.72;-;-;47.51;61.19;47.00;46.37;66.50;46.37;47.00
Mar 13, 2018 9:00 AM;Mar 13, 2018 10:00 AM;-;68.93;42.50;47.07;57.68;85.30;41.63;-;-;47.07;60.37;45.82;42.50;59.70;42.50;45.82
Mar 13, 2018 10:00 AM;Mar 13, 2018 11:00 AM;-;70.59;40.81;46.95;57.90;89.03;40.81;-;-;46.95;60.62;42.19;40.81;57.90;40.81;42.19
Mar 13, 2018 11:00 AM;Mar 13, 2018 12:00 PM;-;65.49;40.83;44.59;55.00;80.75;40.83;-;-;44.59;58.61;41.91;40.83;55.00;40.83;41.91
Mar 13, 2018 12:00 PM;Mar 13, 2018 1:00 PM;-;60.40;41.96;45.81;52.56;71.82;40.96;-;-;45.81;58.98;42.03;41.96;52.56;41.96;42.03
Mar 13, 2018 1:00 PM;Mar 13, 2018 2:00 PM;-;57.27;40.92;43.97;50.32;67.40;40.73;-;-;43.97;58.03;41.35;40.92;53.29;40.92;41.35
Mar 13, 2018 2:00 PM;Mar 13, 2018 3:00 PM;-;54.05;40.91;43.90;48.47;62.19;40.48;-;-;43.90;58.02;40.89;40.91;56.28;40.91;40.89
Mar 13, 2018 3:00 PM;Mar 13, 2018 4:00 PM;-;46.13;42.36;42.36;44.67;54.30;41.83;-;-;42.36;58.03;41.46;42.36;57.00;42.36;41.46
Mar 13, 2018 4:00 PM;Mar 13, 2018 5:00 PM;-;49.40;41.85;41.85;46.48;65.75;41.85;-;-;41.85;57.48;43.32;41.85;59.91;41.85;43.32
Mar 13, 2018 5:00 PM;Mar 13, 2018 6:00 PM;-;51.72;46.04;46.04;48.56;54.30;46.04;-;-;46.04;56.46;47.10;46.04;66.50;46.04;47.10
Mar 13, 2018 6:00 PM;Mar 13, 2018 7:00 PM;-;58.08;50.92;50.92;55.24;73.57;50.92;-;-;50.92;60.65;52.32;50.92;79.00;50.92;52.42
Mar 13, 2018 7:00 PM;Mar 13, 2018 8:00 PM;-;85.10;50.19;50.19;71.60;157.92;50.19;-;-;50.19;62.03;50.56;51.43;95.00;51.43;50.56
Mar 13, 2018 8:00 PM;Mar 13, 2018 9:00 PM;-;82.43;43.91;43.91;66.15;102.58;43.91;-;-;43.91;60.68;43.64;44.99;74.03;44.99;43.64
Mar 13, 2018 9:00 PM;Mar 13, 2018 10:00 PM;-;67.07;42.00;42.00;56.66;80.00;42.00;-;-;42.00;55.41;41.26;43.04;66.87;43.04;41.26
Mar 13, 2018 10:00 PM;Mar 13, 2018 11:00 PM;-;54.67;40.76;39.46;50.43;59.90;39.46;-;-;39.46;55.00;38.34;40.76;61.24;40.76;38.34
Mar 13, 2018 11:00 PM;Mar 14, 2018 12:00 AM;-;47.91;36.36;37.66;42.73;54.40;37.66;-;-;37.66;53.10;34.45;36.36;51.46;36.36;34.45
Mar 14, 2018 12:00 AM;Mar 14, 2018 1:00 AM;-;49.59;33.88;33.88;40.23;49.90;37.16;-;-;37.04;41.92;34.38;33.88;43.92;20.91;34.38
Mar 14, 2018 1:00 AM;Mar 14, 2018 2:00 AM;-;49.00;36.08;36.08;39.56;49.49;36.45;-;-;36.08;37.36;33.00;33.16;40.49;19.00;33.00
Mar 14, 2018 2:00 AM;Mar 14, 2018 3:00 AM;-;42.97;36.06;36.06;37.02;43.20;36.40;-;-;36.06;34.27;32.81;32.98;37.02;18.56;32.81
Mar 14, 2018 3:00 AM;Mar 14, 2018 4:00 AM;-;36.45;36.10;36.10;35.56;36.48;36.10;-;-;36.10;32.61;31.83;34.96;35.56;20.33;31.83
Mar 14, 2018 4:00 AM;Mar 14, 2018 5:00 AM;-;35.89;37.12;37.12;34.77;35.93;37.12;-;-;37.12;33.81;33.00;34.00;35.56;19.00;33.00
Mar 14, 2018 5:00 AM;Mar 14, 2018 6:00 AM;-;44.82;35.90;39.15;39.51;45.00;39.15;-;-;39.15;39.49;37.55;35.90;41.00;23.30;37.55
Mar 14, 2018 6:00 AM;Mar 14, 2018 7:00 AM;-;49.71;48.52;45.27;49.00;49.73;45.27;-;-;45.27;50.34;48.26;48.52;49.00;48.52;48.26
Mar 14, 2018 7:00 AM;Mar 14, 2018 8:00 AM;-;68.70;60.60;60.60;63.70;68.70;60.60;-;-;60.60;60.92;57.50;60.60;63.70;60.60;57.50
Mar 14, 2018 8:00 AM;Mar 14, 2018 9:00 AM;-;80.00;64.98;64.98;70.56;80.00;64.98;-;-;64.98;63.01;58.90;64.98;70.56;64.98;58.90
Mar 14, 2018 9:00 AM;Mar 14, 2018 10:00 AM;-;71.00;61.99;61.99;65.34;71.00;61.99;-;-;61.99;61.48;57.90;61.99;65.34;61.99;57.90
Mar 14, 2018 10:00 AM;Mar 14, 2018 11:00 AM;-;57.98;57.98;57.98;57.98;57.98;57.98;-;-;57.98;56.02;55.10;57.98;57.98;57.98;55.10
Mar 14, 2018 11:00 AM;Mar 14, 2018 12:00 PM;-;53.83;53.83;53.83;53.83;53.83;52.11;-;-;53.83;53.43;53.70;53.83;53.83;53.83;53.70
Mar 14, 2018 12:00 PM;Mar 14, 2018 1:00 PM;-;49.58;49.58;49.58;49.58;49.58;48.86;-;-;49.58;49.87;51.78;49.58;49.58;49.58;51.78
Mar 14, 2018 1:00 PM;Mar 14, 2018 2:00 PM;-;48.45;48.45;48.45;48.45;48.45;46.90;-;-;48.45;48.11;50.18;48.45;48.45;48.45;50.18
Mar 14, 2018 2:00 PM;Mar 14, 2018 3:00 PM;-;52.08;46.99;46.99;42.93;49.82;46.99;-;-;46.99;47.92;50.00;46.99;48.40;46.99;50.00
Mar 14, 2018 3:00 PM;Mar 14, 2018 4:00 PM;-;51.67;47.66;47.66;44.45;49.81;47.62;-;-;47.66;48.94;51.00;47.66;50.96;47.66;51.00
Mar 14, 2018 4:00 PM;Mar 14, 2018 5:00 PM;-;59.56;47.77;47.77;38.30;54.02;47.01;-;-;47.77;49.90;51.00;47.77;56.61;47.77;51.00
Mar 14, 2018 5:00 PM;Mar 14, 2018 6:00 PM;-;60.00;53.63;53.63;48.41;57.12;50.38;-;-;53.63;57.07;55.97;53.63;65.11;53.63;55.97
Mar 14, 2018 6:00 PM;Mar 14, 2018 7:00 PM;-;62.81;62.81;62.81;62.81;62.81;60.80;-;-;62.81;61.51;62.92;62.81;74.03;62.81;62.92
Mar 14, 2018 7:00 PM;Mar 14, 2018 8:00 PM;-;60.94;60.94;60.94;60.94;60.94;58.08;-;-;59.48;62.43;63.50;60.94;75.56;60.94;63.50
Mar 14, 2018 8:00 PM;Mar 14, 2018 9:00 PM;-;48.86;48.86;47.52;48.86;48.86;45.95;-;-;47.52;58.47;51.00;48.86;72.48;48.86;51.00
Mar 14, 2018 9:00 PM;Mar 14, 2018 10:00 PM;-;42.12;39.59;40.93;41.11;47.44;40.93;-;-;40.93;58.37;43.50;39.59;62.64;39.59;43.50
Mar 14, 2018 10:00 PM;Mar 14, 2018 11:00 PM;-;38.42;34.16;38.58;36.72;47.40;38.58;-;-;38.58;55.39;38.60;34.16;55.50;34.16;38.60
Mar 14, 2018 11:00 PM;Mar 15, 2018 12:00 AM;-;31.28;37.74;37.74;30.58;35.00;37.74;-;-;37.74;48.02;33.92;29.55;47.94;29.55;33.92
Mar 15, 2018 12:00 AM;Mar 15, 2018 1:00 AM;-;25.36;35.53;37.99;25.36;25.36;37.73;-;-;37.99;46.59;24.70;25.36;47.20;25.36;24.70
Mar 15, 2018 1:00 AM;Mar 15, 2018 2:00 AM;-;20.41;30.04;30.04;20.41;20.41;37.59;-;-;37.59;41.79;22.60;20.41;44.92;20.41;22.60
Mar 15, 2018 2:00 AM;Mar 15, 2018 3:00 AM;-;18.42;27.38;27.38;18.42;18.42;37.56;-;-;37.56;39.09;21.23;18.42;43.68;18.42;21.23
Mar 15, 2018 3:00 AM;Mar 15, 2018 4:00 AM;-;12.44;14.91;14.91;11.50;14.06;37.67;-;-;38.07;37.38;19.50;14.91;42.26;14.91;19.50
Mar 15, 2018 4:00 AM;Mar 15, 2018 5:00 AM;-;9.87;13.25;13.25;8.58;12.10;37.69;-;-;38.55;36.10;21.47;13.25;41.42;13.25;21.47
Mar 15, 2018 5:00 AM;Mar 15, 2018 6:00 AM;-;18.35;18.35;40.46;18.35;18.35;37.75;-;-;40.46;42.03;24.40;18.35;45.00;18.35;24.40
Mar 15, 2018 6:00 AM;Mar 15, 2018 7:00 AM;-;34.80;32.76;41.59;33.84;39.79;38.52;-;-;41.59;53.45;34.29;32.76;59.41;32.76;34.29
Mar 15, 2018 7:00 AM;Mar 15, 2018 8:00 AM;-;44.00;40.49;53.07;42.67;48.06;40.49;-;-;53.07;61.90;41.00;40.49;66.70;40.49;41.00
Mar 15, 2018 8:00 AM;Mar 15, 2018 9:00 AM;-;47.10;39.99;73.48;44.51;57.09;39.99;-;-;73.48;65.02;37.36;39.99;73.73;39.99;37.36
Mar 15, 2018 9:00 AM;Mar 15, 2018 10:00 AM;-;55.11;30.00;71.18;46.25;60.10;39.36;-;-;71.18;65.12;33.96;30.00;69.34;30.00;33.96
Mar 15, 2018 10:00 AM;Mar 15, 2018 11:00 AM;-;47.06;19.48;58.00;47.06;47.06;39.12;-;-;58.00;64.39;28.07;19.48;71.80;19.48;28.07
Mar 15, 2018 11:00 AM;Mar 15, 2018 12:00 PM;-;49.00;15.20;53.37;44.44;49.00;38.98;-;-;53.37;63.68;26.50;15.20;73.94;15.20;26.50
Mar 15, 2018 12:00 PM;Mar 15, 2018 1:00 PM;-;45.10;13.65;50.32;41.76;45.10;38.79;-;-;50.32;61.96;23.90;13.65;66.54;13.65;23.90
Mar 15, 2018 1:00 PM;Mar 15, 2018 2:00 PM;-;59.40;13.56;46.02;39.70;59.40;38.75;-;-;46.02;62.00;23.31;13.56;66.70;13.56;23.31
Mar 15, 2018 2:00 PM;Mar 15, 2018 3:00 PM;-;58.90;18.85;43.93;35.17;58.90;38.70;-;-;43.93;61.85;21.57;18.85;69.34;18.85;21.57
Mar 15, 2018 3:00 PM;Mar 15, 2018 4:00 PM;-;67.20;21.25;43.99;34.01;62.85;38.64;-;-;43.99;61.62;24.95;21.25;69.34;21.25;24.95
Mar 15, 2018 4:00 PM;Mar 15, 2018 5:00 PM;-;66.58;24.00;42.27;33.61;66.58;38.67;-;-;42.27;64.00;28.01;24.00;66.70;24.00;28.01
Mar 15, 2018 5:00 PM;Mar 15, 2018 6:00 PM;-;72.61;30.62;42.16;36.05;72.61;38.76;-;-;42.16;63.84;32.90;30.62;66.57;30.62;32.90
Mar 15, 2018 6:00 PM;Mar 15, 2018 7:00 PM;-;53.00;39.55;43.87;48.00;58.05;39.55;-;-;43.87;68.16;38.00;39.55;74.03;39.55;38.00
Mar 15, 2018 7:00 PM;Mar 15, 2018 8:00 PM;-;78.00;38.86;43.37;72.85;78.00;39.14;-;-;43.37;69.09;38.19;38.86;75.56;38.86;38.19
Mar 15, 2018 8:00 PM;Mar 15, 2018 9:00 PM;-;67.44;30.36;30.36;54.01;72.66;38.75;-;-;41.25;63.98;32.66;30.36;66.80;30.36;32.66
Mar 15, 2018 9:00 PM;Mar 15, 2018 10:00 PM;-;49.73;27.06;29.07;40.93;60.00;38.60;-;-;40.85;59.06;27.06;29.07;56.35;29.07;27.06
Mar 15, 2018 10:00 PM;Mar 15, 2018 11:00 PM;-;51.35;22.59;25.66;40.04;50.00;38.27;-;-;39.18;56.00;24.50;25.66;52.07;25.66;24.50
Mar 15, 2018 11:00 PM;Mar 16, 2018 12:00 AM;-;46.62;9.87;17.02;34.01;49.20;38.08;-;-;38.08;49.03;17.69;17.02;45.45;17.02;17.69
Mar 16, 2018 12:00 AM;Mar 16, 2018 1:00 AM;-;45.42;12.08;19.93;45.42;43.70;37.82;-;-;37.82;44.04;8.77;12.08;45.42;12.08;8.77
Mar 16, 2018 1:00 AM;Mar 16, 2018 2:00 AM;-;46.95;12.01;12.01;37.17;46.70;37.60;-;-;37.60;37.21;7.00;12.01;40.68;12.01;7.00
Mar 16, 2018 2:00 AM;Mar 16, 2018 3:00 AM;-;45.34;8.06;8.06;34.00;45.34;37.53;-;-;37.53;35.03;5.36;8.06;35.89;8.06;5.36
Mar 16, 2018 3:00 AM;Mar 16, 2018 4:00 AM;-;39.21;10.84;10.84;30.55;42.00;37.56;-;-;37.56;33.09;5.32;10.84;36.90;10.84;5.32
Mar 16, 2018 4:00 AM;Mar 16, 2018 5:00 AM;-;37.95;13.40;13.40;29.97;43.80;38.10;-;-;38.10;33.93;8.72;13.40;39.10;13.40;8.72
Mar 16, 2018 5:00 AM;Mar 16, 2018 6:00 AM;-;41.19;24.49;24.49;35.55;44.00;38.61;-;-;40.59;42.01;12.72;24.49;43.55;24.49;12.72
Mar 16, 2018 6:00 AM;Mar 16, 2018 7:00 AM;-;47.45;37.76;42.31;44.46;50.72;38.78;-;-;42.31;58.20;27.41;37.76;52.00;37.76;27.41
Mar 16, 2018 7:00 AM;Mar 16, 2018 8:00 AM;-;52.31;39.82;47.00;50.72;60.22;39.82;-;-;47.00;66.93;40.00;45.86;55.00;45.86;40.00
Mar 16, 2018 8:00 AM;Mar 16, 2018 9:00 AM;-;58.67;40.16;49.04;55.29;73.37;40.16;-;-;49.04;72.15;44.01;47.98;58.19;47.98;44.01
Mar 16, 2018 9:00 AM;Mar 16, 2018 10:00 AM;-;64.04;39.20;46.77;55.99;79.53;39.20;-;-;46.77;69.05;42.25;44.97;55.99;44.97;42.25
Mar 16, 2018 10:00 AM;Mar 16, 2018 11:00 AM;-;61.14;38.94;44.68;53.89;75.07;38.94;-;-;44.68;66.06;41.00;44.00;53.89;44.00;41.00
Mar 16, 2018 11:00 AM;Mar 16, 2018 12:00 PM;-;60.85;38.55;43.61;53.40;72.19;38.78;-;-;43.61;66.05;38.64;42.00;53.40;42.00;38.64
Mar 16, 2018 12:00 PM;Mar 16, 2018 1:00 PM;-;61.05;32.10;42.49;52.11;63.37;38.64;-;-;42.49;58.99;37.00;38.10;52.11;38.10;37.00
Mar 16, 2018 1:00 PM;Mar 16, 2018 2:00 PM;-;58.23;31.97;41.92;50.18;58.23;38.52;-;-;41.92;58.87;33.99;31.97;50.18;31.97;33.99
Mar 16, 2018 2:00 PM;Mar 16, 2018 3:00 PM;-;53.26;27.09;41.81;46.50;53.26;38.23;-;-;41.81;60.41;30.05;27.09;52.27;27.09;30.05
Mar 16, 2018 3:00 PM;Mar 16, 2018 4:00 PM;-;50.87;26.67;41.20;44.30;50.87;38.16;-;-;41.20;64.00;28.22;26.67;52.99;26.67;28.22
Mar 16, 2018 4:00 PM;Mar 16, 2018 5:00 PM;-;48.98;30.85;40.95;41.91;53.65;38.95;-;-;40.95;65.55;28.99;30.85;56.00;30.85;28.99
Mar 16, 2018 5:00 PM;Mar 16, 2018 6:00 PM;-;52.02;37.09;42.27;46.62;58.33;39.14;-;-;42.27;70.08;32.00;37.09;60.01;37.09;32.00
Mar 16, 2018 6:00 PM;Mar 16, 2018 7:00 PM;-;52.38;40.23;43.96;47.91;58.06;40.23;-;-;43.96;70.93;38.00;40.23;74.03;40.23;38.00
Mar 16, 2018 7:00 PM;Mar 16, 2018 8:00 PM;-;76.84;38.38;42.85;62.79;76.84;40.44;-;-;42.85;72.84;36.59;38.38;75.56;38.38;36.59
Mar 16, 2018 8:00 PM;Mar 16, 2018 9:00 PM;-;69.24;36.95;41.14;50.13;52.40;39.75;-;-;41.14;74.04;27.10;36.95;73.73;36.95;27.10
Mar 16, 2018 9:00 PM;Mar 16, 2018 10:00 PM;-;50.00;20.74;39.54;50.17;44.00;39.18;-;-;39.54;59.96;21.97;20.74;56.99;29.90;21.97
Mar 16, 2018 10:00 PM;Mar 16, 2018 11:00 PM;-;52.75;21.62;38.04;50.58;47.40;38.04;-;-;38.04;54.63;18.00;21.62;54.23;27.10;18.00
Mar 16, 2018 11:00 PM;Mar 17, 2018 12:00 AM;-;49.83;10.60;37.86;49.83;39.20;37.86;-;-;37.86;51.33;10.15;10.60;51.30;10.60;10.15
Mar 17, 2018 12:00 AM;Mar 17, 2018 1:00 AM;-;57.00;1.67;13.26;57.00;56.60;38.59;-;-;38.59;53.97;2.09;13.26;57.00;13.26;2.09
Mar 17, 2018 1:00 AM;Mar 17, 2018 2:00 AM;-;50.62;1.27;5.56;51.00;50.62;38.30;-;-;38.30;49.08;0.21;5.56;51.00;5.56;0.21
Mar 17, 2018 2:00 AM;Mar 17, 2018 3:00 AM;-;40.91;0.08;0.08;49.72;40.91;38.10;-;-;38.10;47.64;0.21;0.08;49.72;0.08;0.21
Mar 17, 2018 3:00 AM;Mar 17, 2018 4:00 AM;-;36.67;0.02;0.02;46.30;36.67;37.88;-;-;37.88;46.86;0.95;0.02;47.77;0.02;0.95
Mar 17, 2018 4:00 AM;Mar 17, 2018 5:00 AM;-;36.46;-5.00;-5.00;36.46;36.46;37.66;-;-;37.66;45.91;0.21;-5.00;46.72;-5.00;0.21
Mar 17, 2018 5:00 AM;Mar 17, 2018 6:00 AM;-;36.96;-11.86;-11.86;36.96;36.96;37.90;-;-;37.90;47.97;1.13;-11.86;48.09;-11.86;1.13
Mar 17, 2018 6:00 AM;Mar 17, 2018 7:00 AM;-;52.16;-0.71;-0.71;52.53;52.16;37.95;-;-;37.95;51.38;1.09;-0.71;52.53;-0.71;1.09
Mar 17, 2018 7:00 AM;Mar 17, 2018 8:00 AM;-;51.70;10.76;10.76;56.56;51.70;38.12;-;-;38.12;57.40;6.00;10.76;56.56;10.76;6.00
Mar 17, 2018 8:00 AM;Mar 17, 2018 9:00 AM;-;56.26;10.01;10.04;56.26;53.31;38.40;-;-;38.40;62.00;12.89;10.01;60.44;10.01;12.89
Mar 17, 2018 9:00 AM;Mar 17, 2018 10:00 AM;-;58.07;9.80;21.50;58.07;57.66;38.72;-;-;38.72;66.71;34.04;9.80;66.80;52.01;34.04
Mar 17, 2018 10:00 AM;Mar 17, 2018 11:00 AM;-;61.43;9.82;30.01;61.43;61.43;38.84;-;-;38.84;62.75;39.98;10.00;68.41;52.81;39.98
Mar 17, 2018 11:00 AM;Mar 17, 2018 12:00 PM;-;64.81;4.02;19.90;50.44;64.81;38.24;-;-;38.24;63.06;30.96;10.73;57.99;47.42;30.96
Mar 17, 2018 12:00 PM;Mar 17, 2018 1:00 PM;-;53.56;1.74;10.00;53.56;53.56;37.81;-;-;37.81;62.03;28.96;8.92;53.56;43.81;28.96
Mar 17, 2018 1:00 PM;Mar 17, 2018 2:00 PM;-;50.27;1.42;1.42;50.27;50.27;37.57;-;-;37.57;58.17;29.82;1.42;50.27;45.88;29.82
Mar 17, 2018 2:00 PM;Mar 17, 2018 3:00 PM;-;46.52;-0.46;-0.46;46.52;46.52;37.22;-;-;37.22;58.81;19.63;-0.46;49.92;4.90;19.63
Mar 17, 2018 3:00 PM;Mar 17, 2018 4:00 PM;-;43.09;1.78;1.78;43.09;43.09;37.14;-;-;36.78;58.86;14.59;1.78;50.22;1.78;14.59
Mar 17, 2018 4:00 PM;Mar 17, 2018 5:00 PM;-;46.00;1.58;10.05;41.70;46.00;37.19;-;-;36.83;60.93;15.83;1.58;51.09;4.90;15.83
Mar 17, 2018 5:00 PM;Mar 17, 2018 6:00 PM;-;59.78;6.91;37.93;42.78;59.78;37.93;-;-;37.93;63.70;22.40;6.91;52.53;37.17;22.40
Mar 17, 2018 6:00 PM;Mar 17, 2018 7:00 PM;-;62.98;12.97;39.47;47.13;62.98;39.47;-;-;39.47;66.10;40.30;12.97;62.90;62.90;40.30
Mar 17, 2018 7:00 PM;Mar 17, 2018 8:00 PM;-;73.61;13.17;38.95;73.61;73.61;38.95;-;-;38.95;69.92;36.04;13.17;73.61;68.80;36.04
Mar 17, 2018 8:00 PM;Mar 17, 2018 9:00 PM;-;63.83;1.09;37.78;63.83;63.83;37.78;-;-;37.78;65.96;28.00;1.09;63.83;50.00;28.00
Mar 17, 2018 9:00 PM;Mar 17, 2018 10:00 PM;-;57.40;-2.51;37.50;57.40;57.40;37.50;-;-;37.50;60.49;12.87;-2.51;57.40;1.30;12.87
Mar 17, 2018 10:00 PM;Mar 17, 2018 11:00 PM;-;57.89;2.05;2.05;57.89;57.89;37.63;-;-;37.63;57.02;6.48;2.05;57.89;42.37;6.48
Mar 17, 2018 11:00 PM;Mar 18, 2018 12:00 AM;-;52.53;-4.09;-4.09;52.53;46.90;37.28;-;-;37.28;50.57;-3.00;-4.09;52.53;45.00;0.02
Mar 18, 2018 12:00 AM;Mar 18, 2018 1:00 AM;-;46.72;-2.00;-2.00;46.72;39.00;37.75;-;-;37.75;46.72;0.02;-2.00;46.72;-2.00;0.03
Mar 18, 2018 1:00 AM;Mar 18, 2018 2:00 AM;-;43.97;-12.12;-12.12;43.97;37.60;37.44;-;-;37.44;41.77;0.08;-12.12;43.97;-5.00;0.08
Mar 18, 2018 2:00 AM;Mar 18, 2018 3:00 AM;-;40.63;-9.63;-9.63;40.63;38.54;37.31;-;-;37.31;38.94;0.02;-9.63;40.63;0.01;0.02
Mar 18, 2018 3:00 AM;Mar 18, 2018 4:00 AM;-;38.75;-9.61;-9.61;38.75;38.61;37.37;-;-;37.37;37.28;0.00;-9.61;38.75;0.01;0.00
Mar 18, 2018 4:00 AM;Mar 18, 2018 5:00 AM;-;37.10;-9.25;-9.25;37.10;36.16;37.36;-;-;37.36;35.00;0.00;-9.25;37.10;-5.00;0.00
Mar 18, 2018 5:00 AM;Mar 18, 2018 6:00 AM;-;37.89;-9.64;-9.64;37.89;35.95;37.14;-;-;37.14;35.90;-10.00;-9.64;37.89;0.01;0.00
Mar 18, 2018 6:00 AM;Mar 18, 2018 7:00 AM;-;37.60;3.86;35.88;37.60;36.12;37.31;-;-;35.88;39.07;-15.27;-14.42;37.60;-2.40;0.00
Mar 18, 2018 7:00 AM;Mar 18, 2018 8:00 AM;-;36.29;6.72;36.56;36.29;36.29;37.49;-;-;36.56;41.19;-19.60;-27.18;36.29;0.65;0.02
Mar 18, 2018 8:00 AM;Mar 18, 2018 9:00 AM;-;36.80;3.78;37.03;36.80;36.80;37.52;-;-;37.03;42.46;0.21;-19.95;37.05;36.46;0.21
Mar 18, 2018 9:00 AM;Mar 18, 2018 10:00 AM;-;38.99;3.59;37.74;40.85;38.99;37.74;-;-;37.74;46.55;7.58;-24.22;41.64;40.55;7.58
Mar 18, 2018 10:00 AM;Mar 18, 2018 11:00 AM;-;36.19;9.72;37.39;47.00;36.19;37.39;-;-;37.39;46.90;20.17;-29.99;47.00;43.90;20.17
Mar 18, 2018 11:00 AM;Mar 18, 2018 12:00 PM;-;35.00;9.80;36.98;45.98;35.00;36.98;-;-;36.98;45.64;21.09;0.00;45.98;45.98;21.09
Mar 18, 2018 12:00 PM;Mar 18, 2018 1:00 PM;-;34.90;21.69;36.27;47.68;34.90;36.39;-;-;36.27;46.23;21.11;-0.05;47.68;47.68;21.11
Mar 18, 2018 1:00 PM;Mar 18, 2018 2:00 PM;-;30.10;31.71;35.64;44.36;30.10;36.07;-;-;35.64;43.87;15.02;-18.22;44.36;39.11;15.02
Mar 18, 2018 2:00 PM;Mar 18, 2018 3:00 PM;-;25.86;32.02;35.31;37.70;28.00;35.92;-;-;35.31;41.53;6.78;-9.79;37.70;35.53;6.78
Mar 18, 2018 3:00 PM;Mar 18, 2018 4:00 PM;-;16.40;35.16;35.16;33.33;30.00;36.00;-;-;35.16;43.29;3.01;-22.95;38.00;4.90;3.01
Mar 18, 2018 4:00 PM;Mar 18, 2018 5:00 PM;-;18.29;36.28;36.28;20.10;35.28;36.45;-;-;36.28;46.99;5.00;4.74;45.74;39.10;5.00
Mar 18, 2018 5:00 PM;Mar 18, 2018 6:00 PM;-;32.12;37.49;37.49;28.13;38.73;37.49;-;-;37.49;52.78;14.73;23.11;49.49;23.11;14.73
Mar 18, 2018 6:00 PM;Mar 18, 2018 7:00 PM;-;40.38;40.38;40.38;40.38;40.38;40.38;-;-;40.38;64.36;29.78;40.38;60.00;40.38;29.78
Mar 18, 2018 7:00 PM;Mar 18, 2018 8:00 PM;-;61.06;41.06;41.06;52.11;74.90;41.06;-;-;41.06;66.07;30.20;41.06;66.00;41.06;30.20
Mar 18, 2018 8:00 PM;Mar 18, 2018 9:00 PM;-;49.70;39.78;39.78;49.70;49.70;39.78;-;-;39.78;64.53;29.98;39.78;64.50;39.78;29.98
Mar 18, 2018 9:00 PM;Mar 18, 2018 10:00 PM;-;50.50;38.05;38.06;50.50;50.50;38.06;-;-;38.06;60.10;27.57;38.05;59.95;38.05;27.57
Mar 18, 2018 10:00 PM;Mar 18, 2018 11:00 PM;-;47.48;38.06;38.06;47.48;47.48;38.06;-;-;38.06;52.51;22.40;38.06;54.92;38.06;22.40
Mar 18, 2018 11:00 PM;Mar 19, 2018 12:00 AM;-;44.99;36.88;36.88;44.99;44.99;37.24;-;-;36.88;48.83;14.25;36.88;48.70;36.88;14.25
Mar 19, 2018 12:00 AM;Mar 19, 2018 1:00 AM;-;43.74;31.09;34.10;43.63;43.30;37.47;-;-;34.10;50.52;26.40;31.09;45.87;30.05;26.40
Mar 19, 2018 1:00 AM;Mar 19, 2018 2:00 AM;-;40.80;33.05;33.05;40.80;40.80;37.34;-;-;33.05;46.07;27.50;31.20;41.90;29.73;26.94
Mar 19, 2018 2:00 AM;Mar 19, 2018 3:00 AM;-;40.00;33.35;33.35;40.00;40.00;37.31;-;-;33.35;41.41;27.00;33.35;40.00;15.00;24.09
Mar 19, 2018 3:00 AM;Mar 19, 2018 4:00 AM;-;37.70;34.27;34.27;37.70;37.70;37.22;-;-;34.27;39.21;26.92;33.44;37.70;15.00;23.09
Mar 19, 2018 4:00 AM;Mar 19, 2018 5:00 AM;-;37.50;31.27;36.42;37.50;37.50;37.23;-;-;36.42;39.07;28.00;31.27;38.10;15.00;27.07
Mar 19, 2018 5:00 AM;Mar 19, 2018 6:00 AM;-;40.00;38.18;39.47;40.00;40.00;39.47;-;-;39.47;47.52;34.73;38.18;43.04;38.18;33.54
Mar 19, 2018 6:00 AM;Mar 19, 2018 7:00 AM;-;53.55;50.06;48.78;53.55;53.55;43.62;-;-;43.62;59.82;52.40;50.06;57.13;50.06;52.40
Mar 19, 2018 7:00 AM;Mar 19, 2018 8:00 AM;-;65.80;52.21;52.21;65.80;65.80;52.21;-;-;52.21;67.40;67.00;59.93;65.80;59.93;67.00
Mar 19, 2018 8:00 AM;Mar 19, 2018 9:00 AM;-;67.09;60.09;60.09;67.09;67.09;60.09;-;-;60.09;70.46;64.00;63.28;70.00;63.28;64.00
Mar 19, 2018 9:00 AM;Mar 19, 2018 10:00 AM;-;71.95;52.13;52.13;71.95;71.95;52.13;-;-;52.13;69.06;57.10;53.41;71.95;53.41;57.10
Mar 19, 2018 10:00 AM;Mar 19, 2018 11:00 AM;-;66.97;47.91;47.91;66.97;66.50;47.91;-;-;47.91;67.75;53.51;48.53;69.30;48.53;53.51
Mar 19, 2018 11:00 AM;Mar 19, 2018 12:00 PM;-;55.81;45.72;45.72;55.81;55.41;45.72;-;-;45.72;67.75;50.80;46.84;69.30;46.84;50.80
Mar 19, 2018 12:00 PM;Mar 19, 2018 1:00 PM;-;51.46;43.20;45.91;51.46;51.46;43.20;-;-;45.91;62.33;48.00;47.04;60.40;47.04;48.00
Mar 19, 2018 1:00 PM;Mar 19, 2018 2:00 PM;-;48.67;42.24;42.24;48.67;48.67;42.24;-;-;42.24;59.85;47.10;47.54;59.80;47.54;47.10
Mar 19, 2018 2:00 PM;Mar 19, 2018 3:00 PM;-;45.95;41.49;41.49;45.95;45.95;41.49;-;-;41.49;60.22;47.43;45.95;62.49;45.95;47.43
Mar 19, 2018 3:00 PM;Mar 19, 2018 4:00 PM;-;50.03;41.12;41.12;50.03;50.03;41.12;-;-;41.12;60.42;49.00;50.03;64.55;50.03;49.00
Mar 19, 2018 4:00 PM;Mar 19, 2018 5:00 PM;-;50.99;41.17;41.17;50.99;50.99;41.17;-;-;41.17;67.41;52.10;50.99;71.00;50.99;52.10
Mar 19, 2018 5:00 PM;Mar 19, 2018 6:00 PM;-;57.18;42.32;42.32;57.18;57.18;42.32;-;-;42.32;67.76;60.88;57.18;67.77;57.18;60.88
Mar 19, 2018 6:00 PM;Mar 19, 2018 7:00 PM;-;73.00;44.79;47.00;73.00;73.00;44.79;-;-;47.00;72.97;74.05;73.00;73.00;73.00;74.05
Mar 19, 2018 7:00 PM;Mar 19, 2018 8:00 PM;-;98.19;41.98;41.98;98.19;98.19;41.98;-;-;41.98;75.18;76.00;98.19;98.19;98.19;76.00
Mar 19, 2018 8:00 PM;Mar 19, 2018 9:00 PM;-;59.98;40.75;40.75;59.98;59.98;40.75;-;-;40.75;67.93;66.00;59.98;67.90;59.98;66.00
Mar 19, 2018 9:00 PM;Mar 19, 2018 10:00 PM;-;50.17;40.00;40.00;50.17;50.17;40.00;-;-;40.00;61.00;50.34;48.96;61.41;48.96;50.34
Mar 19, 2018 10:00 PM;Mar 19, 2018 11:00 PM;-;49.53;39.52;39.52;49.53;49.53;39.36;-;-;39.52;55.70;42.55;42.05;59.22;42.05;42.55
Mar 19, 2018 11:00 PM;Mar 20, 2018 12:00 AM;-;46.00;37.36;37.36;46.00;46.00;37.51;-;-;37.36;52.67;35.68;37.36;51.15;37.36;35.68
Mar 20, 2018 12:00 AM;Mar 20, 2018 1:00 AM;-;42.29;38.02;38.02;42.29;42.29;38.02;-;-;38.02;47.95;38.22;38.95;46.60;38.95;38.22
Mar 20, 2018 1:00 AM;Mar 20, 2018 2:00 AM;-;37.64;37.28;37.28;37.64;37.64;37.28;-;-;37.28;44.36;36.50;37.53;46.60;37.53;36.50
Mar 20, 2018 2:00 AM;Mar 20, 2018 3:00 AM;-;39.77;37.06;37.06;39.77;39.77;37.42;-;-;37.06;42.98;35.80;37.06;44.82;37.06;35.80
Mar 20, 2018 3:00 AM;Mar 20, 2018 4:00 AM;-;36.59;36.59;36.59;36.59;36.59;37.33;-;-;36.59;41.96;35.02;36.59;46.40;36.59;34.97
Mar 20, 2018 4:00 AM;Mar 20, 2018 5:00 AM;-;36.59;36.59;36.59;36.59;36.59;37.43;-;-;36.59;41.06;33.48;36.59;46.97;36.59;33.48
Mar 20, 2018 5:00 AM;Mar 20, 2018 6:00 AM;-;39.40;38.09;38.53;39.40;39.40;38.53;-;-;38.53;46.99;36.90;38.09;48.24;29.80;36.90
Mar 20, 2018 6:00 AM;Mar 20, 2018 7:00 AM;-;59.99;41.71;41.71;51.48;42.50;41.27;-;-;41.71;55.96;45.08;42.14;58.27;42.14;45.08
Mar 20, 2018 7:00 AM;Mar 20, 2018 8:00 AM;-;74.20;49.95;49.95;63.78;61.98;49.95;-;-;49.95;67.20;53.03;49.95;70.54;49.95;53.03
Mar 20, 2018 8:00 AM;Mar 20, 2018 9:00 AM;-;72.50;49.85;49.85;71.04;69.31;49.85;-;-;49.85;70.81;52.99;49.85;74.15;49.85;52.99
Mar 20, 2018 9:00 AM;Mar 20, 2018 10:00 AM;-;83.00;42.95;43.42;69.66;69.17;42.63;-;-;43.42;70.56;47.07;42.95;71.45;42.95;47.07
Mar 20, 2018 10:00 AM;Mar 20, 2018 11:00 AM;-;68.80;38.02;43.15;68.55;39.61;38.34;-;-;43.15;68.09;40.54;38.02;68.80;38.02;40.54
Mar 20, 2018 11:00 AM;Mar 20, 2018 12:00 PM;-;40.79;38.09;42.56;44.22;39.50;38.24;-;-;42.56;66.05;38.23;38.09;64.50;38.09;38.23
Mar 20, 2018 12:00 PM;Mar 20, 2018 1:00 PM;-;39.12;38.00;42.09;39.87;39.00;38.00;-;-;42.09;59.27;36.49;38.00;58.27;38.00;36.49
Mar 20, 2018 1:00 PM;Mar 20, 2018 2:00 PM;-;38.11;38.20;41.72;37.39;39.00;38.20;-;-;41.72;58.86;37.95;36.48;58.10;36.48;37.95
Mar 20, 2018 2:00 PM;Mar 20, 2018 3:00 PM;-;38.81;38.47;41.40;38.05;39.74;38.47;-;-;41.40;62.08;38.00;37.08;65.00;37.08;38.00
Mar 20, 2018 3:00 PM;Mar 20, 2018 4:00 PM;-;38.56;38.38;41.22;37.76;39.50;38.38;-;-;41.22;64.09;39.82;36.74;71.00;36.74;39.82
Mar 20, 2018 4:00 PM;Mar 20, 2018 5:00 PM;-;39.34;38.09;41.29;38.79;40.00;39.38;-;-;41.29;65.26;43.53;38.09;71.00;38.09;43.53
Mar 20, 2018 5:00 PM;Mar 20, 2018 6:00 PM;-;47.12;47.12;45.99;47.12;47.12;45.99;-;-;45.99;65.04;50.01;47.12;73.50;47.12;50.01
Mar 20, 2018 6:00 PM;Mar 20, 2018 7:00 PM;-;56.92;56.92;56.92;56.92;56.92;56.92;-;-;56.92;66.99;62.95;56.92;75.29;56.92;62.95
Mar 20, 2018 7:00 PM;Mar 20, 2018 8:00 PM;-;82.77;63.52;63.52;74.80;92.49;63.36;-;-;63.36;72.36;69.82;64.92;75.68;64.92;69.82
Mar 20, 2018 8:00 PM;Mar 20, 2018 9:00 PM;-;61.52;50.06;50.06;58.56;65.00;49.91;-;-;50.06;65.40;56.22;54.88;71.73;54.88;56.22
Mar 20, 2018 9:00 PM;Mar 20, 2018 10:00 PM;-;50.25;45.96;45.96;50.25;50.25;45.96;-;-;45.96;57.42;47.28;50.25;60.94;50.25;47.28
Mar 20, 2018 10:00 PM;Mar 20, 2018 11:00 PM;-;46.60;41.86;41.86;46.60;46.60;41.86;-;-;41.86;55.06;44.97;44.72;56.00;44.72;44.97
Mar 20, 2018 11:00 PM;Mar 21, 2018 12:00 AM;-;44.82;39.60;39.60;44.82;44.82;39.60;-;-;39.60;49.92;39.24;39.60;52.11;39.60;39.24
Mar 21, 2018 12:00 AM;Mar 21, 2018 1:00 AM;-;40.77;39.46;39.46;40.77;40.77;39.46;-;-;39.46;48.43;39.74;40.77;48.23;40.77;39.74
Mar 21, 2018 1:00 AM;Mar 21, 2018 2:00 AM;-;40.53;39.34;39.34;40.53;40.53;39.34;-;-;39.34;46.57;39.08;40.53;44.66;40.53;39.08
Mar 21, 2018 2:00 AM;Mar 21, 2018 3:00 AM;-;40.74;39.25;39.25;40.74;40.74;39.25;-;-;39.25;46.31;38.51;40.74;44.00;40.74;37.71
Mar 21, 2018 3:00 AM;Mar 21, 2018 4:00 AM;-;40.08;38.99;38.99;40.08;40.08;38.99;-;-;38.99;46.30;38.89;40.08;44.40;40.08;37.17
Mar 21, 2018 4:00 AM;Mar 21, 2018 5:00 AM;-;40.07;39.35;39.35;40.07;40.07;39.35;-;-;39.35;45.66;40.00;40.07;44.90;40.07;39.22
Mar 21, 2018 5:00 AM;Mar 21, 2018 6:00 AM;-;41.38;40.39;40.39;41.38;41.38;40.39;-;-;40.39;48.44;43.50;41.38;46.40;41.38;43.50
Mar 21, 2018 6:00 AM;Mar 21, 2018 7:00 AM;-;57.15;42.68;42.68;57.15;57.15;42.68;-;-;42.68;59.54;56.10;57.15;57.15;57.15;56.10
Mar 21, 2018 7:00 AM;Mar 21, 2018 8:00 AM;-;71.00;51.03;52.03;71.00;71.00;50.04;-;-;52.03;72.88;71.20;71.00;71.00;71.00;71.20
Mar 21, 2018 8:00 AM;Mar 21, 2018 9:00 AM;-;78.33;50.42;62.37;78.33;78.33;50.42;-;-;62.37;74.45;71.97;78.33;78.33;78.33;71.97
Mar 21, 2018 9:00 AM;Mar 21, 2018 10:00 AM;-;70.74;47.76;57.42;70.34;70.81;47.76;-;-;57.42;70.42;61.28;70.05;70.34;70.05;61.28
Mar 21, 2018 10:00 AM;Mar 21, 2018 11:00 AM;-;61.46;44.93;54.02;61.46;61.46;44.93;-;-;54.02;69.28;53.71;57.96;61.46;57.96;53.71
Mar 21, 2018 11:00 AM;Mar 21, 2018 12:00 PM;-;55.41;42.40;42.40;55.41;55.41;42.40;-;-;42.40;61.92;48.62;51.15;57.99;51.15;48.62
Mar 21, 2018 12:00 PM;Mar 21, 2018 1:00 PM;-;52.34;41.98;41.98;52.34;52.34;41.98;-;-;41.98;56.94;46.07;46.13;55.26;46.13;46.07
Mar 21, 2018 1:00 PM;Mar 21, 2018 2:00 PM;-;50.75;41.25;41.25;50.75;50.75;41.25;-;-;41.25;54.05;45.84;42.27;55.08;42.27;45.84
Mar 21, 2018 2:00 PM;Mar 21, 2018 3:00 PM;-;49.20;41.10;41.10;49.20;49.20;41.10;-;-;41.10;57.46;45.00;42.11;56.01;42.11;45.00
Mar 21, 2018 3:00 PM;Mar 21, 2018 4:00 PM;-;48.78;41.25;41.25;48.78;48.78;41.25;-;-;41.25;61.55;46.19;47.91;57.00;47.91;46.19
Mar 21, 2018 4:00 PM;Mar 21, 2018 5:00 PM;-;49.22;41.34;41.34;49.22;49.22;41.34;-;-;41.34;61.52;49.65;49.22;58.00;49.22;49.65
Mar 21, 2018 5:00 PM;Mar 21, 2018 6:00 PM;-;57.95;42.66;42.66;57.95;57.95;42.66;-;-;42.66;62.41;58.30;57.95;59.88;57.95;58.30
Mar 21, 2018 6:00 PM;Mar 21, 2018 7:00 PM;-;69.88;45.90;45.90;69.88;69.88;45.90;-;-;45.90;71.01;68.34;69.88;70.69;69.88;68.34
Mar 21, 2018 7:00 PM;Mar 21, 2018 8:00 PM;-;78.91;43.48;43.48;78.91;78.91;43.48;-;-;43.48;77.93;76.70;78.91;78.91;78.91;76.70
Mar 21, 2018 8:00 PM;Mar 21, 2018 9:00 PM;-;70.43;41.84;41.84;65.73;68.45;41.84;-;-;41.84;69.31;56.40;58.46;65.73;58.46;56.40
Mar 21, 2018 9:00 PM;Mar 21, 2018 10:00 PM;-;64.28;41.26;41.26;54.96;44.94;41.26;-;-;41.26;62.09;46.47;44.94;57.99;44.94;46.47
Mar 21, 2018 10:00 PM;Mar 21, 2018 11:00 PM;-;69.44;38.98;38.98;55.74;43.00;38.98;-;-;38.98;57.45;40.47;39.93;55.74;39.93;40.47
Mar 21, 2018 11:00 PM;Mar 22, 2018 12:00 AM;-;46.00;37.06;37.06;49.66;40.00;38.25;-;-;37.06;52.08;35.58;37.06;49.70;37.06;35.58
Mar 22, 2018 12:00 AM;Mar 22, 2018 1:00 AM;-;41.22;33.05;33.05;51.45;41.00;38.24;-;-;36.32;51.24;28.00;33.05;58.72;33.05;28.00
Mar 22, 2018 1:00 AM;Mar 22, 2018 2:00 AM;-;40.80;30.29;33.06;50.78;40.00;38.05;-;-;35.59;48.22;26.15;33.06;51.61;33.06;26.15
Mar 22, 2018 2:00 AM;Mar 22, 2018 3:00 AM;-;50.03;26.09;26.09;54.24;32.40;37.86;-;-;35.78;47.86;20.89;26.09;54.24;26.09;20.89
Mar 22, 2018 3:00 AM;Mar 22, 2018 4:00 AM;-;44.68;21.49;21.49;48.77;27.83;37.95;-;-;36.06;47.86;20.00;21.49;48.77;21.49;20.00
Mar 22, 2018 4:00 AM;Mar 22, 2018 5:00 AM;-;49.68;22.13;22.13;47.31;39.80;37.90;-;-;37.90;47.83;19.61;22.13;48.30;22.13;19.61
Mar 22, 2018 5:00 AM;Mar 22, 2018 6:00 AM;-;51.86;30.00;30.00;51.86;38.20;38.59;-;-;38.59;48.42;24.00;30.00;51.86;30.00;24.00
Mar 22, 2018 6:00 AM;Mar 22, 2018 7:00 AM;-;58.87;35.70;35.70;62.40;50.00;39.80;-;-;39.80;62.02;33.45;35.70;62.40;35.70;33.45
Mar 22, 2018 7:00 AM;Mar 22, 2018 8:00 AM;-;75.00;39.69;39.69;74.64;66.67;39.69;-;-;42.45;70.54;40.66;39.20;74.64;39.20;40.66
Mar 22, 2018 8:00 AM;Mar 22, 2018 9:00 AM;-;78.59;40.11;40.11;85.07;75.50;40.11;-;-;43.20;76.95;43.00;40.11;85.07;40.11;43.00
Mar 22, 2018 9:00 AM;Mar 22, 2018 10:00 AM;-;78.35;40.33;40.33;79.65;75.48;40.33;-;-;42.32;76.90;41.00;37.01;79.65;37.01;41.00
Mar 22, 2018 10:00 AM;Mar 22, 2018 11:00 AM;-;75.39;40.42;41.75;71.00;71.50;40.42;-;-;41.75;70.01;38.15;35.92;71.00;35.92;38.15
Mar 22, 2018 11:00 AM;Mar 22, 2018 12:00 PM;-;66.26;40.24;41.25;63.88;64.33;40.24;-;-;41.25;64.45;38.00;37.08;63.88;37.08;38.00
Mar 22, 2018 12:00 PM;Mar 22, 2018 1:00 PM;-;61.33;40.12;40.87;60.05;56.68;40.12;-;-;40.87;60.05;38.58;38.06;60.05;38.06;38.58
Mar 22, 2018 1:00 PM;Mar 22, 2018 2:00 PM;-;60.85;39.97;40.62;58.72;59.14;40.62;-;-;40.62;56.51;38.36;39.97;58.72;39.97;38.36
Mar 22, 2018 2:00 PM;Mar 22, 2018 3:00 PM;-;53.79;41.22;41.22;53.36;50.57;41.22;-;-;41.22;57.99;38.83;41.22;62.01;41.22;38.83
Mar 22, 2018 3:00 PM;Mar 22, 2018 4:00 PM;-;53.89;42.99;42.99;52.51;52.88;41.82;-;-;42.99;58.53;42.16;42.99;70.01;42.99;42.16
Mar 22, 2018 4:00 PM;Mar 22, 2018 5:00 PM;-;52.21;47.98;47.98;50.74;53.55;41.76;-;-;42.33;60.37;45.84;47.98;75.00;47.98;45.84
Mar 22, 2018 5:00 PM;Mar 22, 2018 6:00 PM;-;58.35;57.92;57.92;58.16;58.57;41.94;-;-;52.00;63.20;54.70;57.92;82.56;57.92;54.70
Mar 22, 2018 6:00 PM;Mar 22, 2018 7:00 PM;-;70.26;70.26;70.26;70.26;70.26;42.31;-;-;70.26;68.83;64.70;70.26;96.00;70.26;64.70
Mar 22, 2018 7:00 PM;Mar 22, 2018 8:00 PM;-;94.12;93.43;93.43;93.80;94.46;43.64;-;-;52.05;78.87;74.73;93.43;113.16;93.43;74.73
Mar 22, 2018 8:00 PM;Mar 22, 2018 9:00 PM;-;77.03;63.73;63.73;75.68;75.49;43.50;-;-;48.04;65.08;63.99;64.99;82.64;64.99;63.99
Mar 22, 2018 9:00 PM;Mar 22, 2018 10:00 PM;-;58.42;58.42;58.42;58.42;58.42;43.27;-;-;43.27;57.05;53.70;58.42;73.00;58.42;53.70
Mar 22, 2018 10:00 PM;Mar 22, 2018 11:00 PM;-;53.33;42.09;42.09;53.33;53.33;42.00;-;-;42.00;52.08;50.20;53.33;64.07;53.33;50.20
Mar 22, 2018 11:00 PM;Mar 23, 2018 12:00 AM;-;46.77;41.43;41.43;46.77;46.77;41.43;-;-;41.43;48.23;40.01;46.77;58.00;46.77;40.01
Mar 23, 2018 12:00 AM;Mar 23, 2018 1:00 AM;-;44.66;41.39;41.39;44.66;44.66;41.39;-;-;41.39;44.15;43.00;41.39;44.66;41.39;43.00
Mar 23, 2018 1:00 AM;Mar 23, 2018 2:00 AM;-;41.60;41.12;41.12;41.60;41.60;41.12;-;-;41.12;44.02;41.60;41.12;43.90;41.12;41.60
Mar 23, 2018 2:00 AM;Mar 23, 2018 3:00 AM;-;40.95;40.95;40.95;40.95;40.95;40.95;-;-;40.95;42.40;40.56;40.95;41.13;40.95;40.43
Mar 23, 2018 3:00 AM;Mar 23, 2018 4:00 AM;-;40.49;40.49;40.49;40.49;40.49;40.49;-;-;40.49;41.67;39.74;40.49;40.49;40.49;38.77
Mar 23, 2018 4:00 AM;Mar 23, 2018 5:00 AM;-;40.55;40.55;40.55;40.55;40.55;40.55;-;-;40.55;40.92;40.00;40.55;40.55;40.55;39.67
Mar 23, 2018 5:00 AM;Mar 23, 2018 6:00 AM;-;42.78;42.78;42.78;42.78;42.78;42.78;-;-;42.78;44.08;43.59;42.78;44.20;42.78;43.59
Mar 23, 2018 6:00 AM;Mar 23, 2018 7:00 AM;-;55.87;52.05;52.05;55.87;55.87;46.94;-;-;52.05;53.00;54.29;55.87;55.87;55.87;54.29
Mar 23, 2018 7:00 AM;Mar 23, 2018 8:00 AM;-;65.62;65.62;65.62;65.62;65.62;55.92;-;-;65.62;66.89;67.50;65.62;65.62;65.62;67.50
Mar 23, 2018 8:00 AM;Mar 23, 2018 9:00 AM;-;70.42;70.42;70.42;70.42;70.42;61.97;-;-;70.42;74.84;74.10;70.42;70.42;70.42;74.10
Mar 23, 2018 9:00 AM;Mar 23, 2018 10:00 AM;-;65.72;65.72;65.72;65.72;65.72;50.05;-;-;65.72;71.49;71.33;65.72;65.72;65.72;71.33
Mar 23, 2018 10:00 AM;Mar 23, 2018 11:00 AM;-;60.40;60.40;60.40;60.40;60.40;47.84;-;-;60.40;64.72;64.32;60.40;60.40;60.40;64.32
Mar 23, 2018 11:00 AM;Mar 23, 2018 12:00 PM;-;57.57;56.72;56.72;57.57;57.57;45.85;-;-;56.72;59.75;60.00;57.57;57.57;57.57;60.00
Mar 23, 2018 12:00 PM;Mar 23, 2018 1:00 PM;-;52.53;48.06;48.06;52.53;52.53;44.98;-;-;48.06;54.65;54.90;52.53;52.53;52.53;54.90
Mar 23, 2018 1:00 PM;Mar 23, 2018 2:00 PM;-;50.35;44.12;44.12;50.35;50.35;43.89;-;-;44.12;52.20;51.64;50.35;50.35;50.35;51.64
Mar 23, 2018 2:00 PM;Mar 23, 2018 3:00 PM;-;49.23;42.95;42.95;49.23;49.23;42.95;-;-;42.95;51.87;49.93;49.23;49.72;49.23;49.93
Mar 23, 2018 3:00 PM;Mar 23, 2018 4:00 PM;-;49.15;42.49;42.49;49.15;49.15;41.87;-;-;42.49;51.93;49.48;49.15;52.05;49.15;49.48
Mar 23, 2018 4:00 PM;Mar 23, 2018 5:00 PM;-;49.48;42.48;42.48;49.48;49.48;41.55;-;-;42.48;51.67;49.40;49.48;55.00;49.48;49.40
Mar 23, 2018 5:00 PM;Mar 23, 2018 6:00 PM;-;57.99;43.43;43.43;57.99;57.99;43.43;-;-;43.43;57.38;56.64;57.99;57.99;57.99;56.64
Mar 23, 2018 6:00 PM;Mar 23, 2018 7:00 PM;-;60.73;45.31;45.31;60.73;60.73;45.31;-;-;45.31;65.56;64.38;60.73;69.19;60.73;64.38
Mar 23, 2018 7:00 PM;Mar 23, 2018 8:00 PM;-;77.40;43.67;43.67;77.81;74.25;43.67;-;-;43.67;75.91;75.00;70.72;77.81;70.72;75.00
Mar 23, 2018 8:00 PM;Mar 23, 2018 9:00 PM;-;63.29;41.90;41.90;63.39;62.21;41.90;-;-;41.90;62.51;58.45;60.94;70.00;60.94;58.45
Mar 23, 2018 9:00 PM;Mar 23, 2018 10:00 PM;-;55.54;41.19;41.19;55.54;54.52;41.19;-;-;41.19;53.26;47.00;51.79;57.15;51.79;47.00
Mar 23, 2018 10:00 PM;Mar 23, 2018 11:00 PM;-;54.14;40.48;40.48;54.91;50.72;40.48;-;-;40.48;50.42;45.42;48.56;54.94;48.56;45.42
Mar 23, 2018 11:00 PM;Mar 24, 2018 12:00 AM;-;45.74;39.61;39.61;45.74;45.74;39.61;-;-;39.61;46.91;41.42;45.01;49.37;45.01;41.42
Mar 24, 2018 12:00 AM;Mar 24, 2018 1:00 AM;-;40.35;38.74;40.24;40.35;40.35;40.24;-;-;40.24;45.73;40.80;38.74;47.39;38.74;40.80
Mar 24, 2018 1:00 AM;Mar 24, 2018 2:00 AM;-;40.70;37.09;37.09;40.70;40.70;39.05;-;-;39.05;44.12;38.90;37.09;46.08;37.09;38.90
Mar 24, 2018 2:00 AM;Mar 24, 2018 3:00 AM;-;39.06;37.70;37.70;39.06;39.06;38.05;-;-;38.05;43.10;37.50;37.70;45.68;37.70;37.50
Mar 24, 2018 3:00 AM;Mar 24, 2018 4:00 AM;-;38.82;37.48;37.48;38.82;38.82;37.54;-;-;37.48;41.39;37.50;37.48;44.93;37.48;37.50
Mar 24, 2018 4:00 AM;Mar 24, 2018 5:00 AM;-;38.14;38.14;38.14;38.14;38.14;38.14;-;-;38.14;40.73;37.50;38.14;45.26;38.14;37.50
Mar 24, 2018 5:00 AM;Mar 24, 2018 6:00 AM;-;39.30;38.35;38.35;39.30;39.30;38.35;-;-;38.35;42.13;37.61;38.35;45.29;38.35;37.61
Mar 24, 2018 6:00 AM;Mar 24, 2018 7:00 AM;-;38.86;38.86;38.86;38.86;38.86;38.86;-;-;38.86;43.73;39.70;38.86;45.60;38.86;39.70
Mar 24, 2018 7:00 AM;Mar 24, 2018 8:00 AM;-;40.18;40.18;40.18;40.18;40.18;40.18;-;-;40.18;45.75;41.07;40.18;47.39;40.18;41.07
Mar 24, 2018 8:00 AM;Mar 24, 2018 9:00 AM;-;49.99;41.58;41.58;49.99;49.99;41.58;-;-;41.58;47.09;42.19;41.58;49.99;41.58;42.19
Mar 24, 2018 9:00 AM;Mar 24, 2018 10:00 AM;-;52.73;41.50;41.50;52.73;52.73;41.50;-;-;41.50;48.27;43.50;41.50;52.73;41.50;43.50
Mar 24, 2018 10:00 AM;Mar 24, 2018 11:00 AM;-;48.76;40.67;40.67;48.76;48.76;40.67;-;-;40.67;47.16;40.98;38.00;48.76;38.00;40.98
Mar 24, 2018 11:00 AM;Mar 24, 2018 12:00 PM;-;47.64;40.15;40.15;47.64;47.64;40.15;-;-;40.15;43.88;38.80;37.41;47.64;37.41;38.80
Mar 24, 2018 12:00 PM;Mar 24, 2018 1:00 PM;-;46.08;39.72;39.72;46.08;46.08;39.72;-;-;39.72;43.21;37.50;37.00;46.08;37.00;37.50
Mar 24, 2018 1:00 PM;Mar 24, 2018 2:00 PM;-;45.00;39.23;39.23;45.00;45.00;39.23;-;-;39.23;42.07;36.50;37.78;45.00;37.78;36.50
Mar 24, 2018 2:00 PM;Mar 24, 2018 3:00 PM;-;41.75;37.47;39.22;41.75;41.75;39.22;-;-;39.22;41.32;36.34;37.47;43.77;37.47;36.34
Mar 24, 2018 3:00 PM;Mar 24, 2018 4:00 PM;-;39.07;38.84;39.43;39.07;39.07;39.43;-;-;39.43;41.08;36.62;38.84;45.50;38.84;36.62
Mar 24, 2018 4:00 PM;Mar 24, 2018 5:00 PM;-;40.20;40.20;40.55;40.20;40.20;40.55;-;-;40.55;43.89;40.91;40.20;47.10;40.20;40.91
Mar 24, 2018 5:00 PM;Mar 24, 2018 6:00 PM;-;46.37;45.10;44.75;46.37;46.37;42.42;-;-;42.42;48.59;46.47;46.37;51.50;46.37;46.47
Mar 24, 2018 6:00 PM;Mar 24, 2018 7:00 PM;-;58.06;44.13;44.13;58.06;58.06;44.13;-;-;44.13;56.91;55.10;58.06;72.01;58.06;55.10
Mar 24, 2018 7:00 PM;Mar 24, 2018 8:00 PM;-;74.77;43.80;43.80;67.62;81.63;43.80;-;-;43.80;59.22;59.87;59.58;80.00;59.58;59.87
Mar 24, 2018 8:00 PM;Mar 24, 2018 9:00 PM;-;57.41;42.33;42.33;55.34;59.40;42.33;-;-;42.33;55.33;53.80;51.99;66.45;51.99;53.80
Mar 24, 2018 9:00 PM;Mar 24, 2018 10:00 PM;-;49.80;42.97;42.97;49.80;49.80;41.94;-;-;41.94;50.08;47.29;42.97;52.14;42.97;47.29
Mar 24, 2018 10:00 PM;Mar 24, 2018 11:00 PM;-;45.45;40.29;40.29;45.45;45.45;40.29;-;-;40.29;50.36;44.92;40.29;47.68;40.29;44.92
Mar 24, 2018 11:00 PM;Mar 25, 2018 12:00 AM;-;46.08;38.05;38.05;46.08;46.08;39.08;-;-;38.07;47.02;40.20;38.05;46.08;38.05;40.20
Mar 25, 2018 12:00 AM;Mar 25, 2018 1:00 AM;-;46.74;38.52;38.52;46.74;46.74;38.52;-;-;38.52;37.78;28.09;38.52;46.74;38.52;28.09
Mar 25, 2018 1:00 AM;Mar 24, 2018 2:00 AM;-;46.00;38.01;38.01;46.00;46.00;38.49;-;-;38.01;36.12;25.71;38.01;46.00;38.01;25.71
Mar 25, 2018 3:00 AM;Mar 25, 2018 4:00 AM;-;37.85;37.85;37.85;37.85;37.85;38.51;-;-;37.85;35.85;24.00;37.85;37.85;37.85;19.22
Mar 25, 2018 4:00 AM;Mar 25, 2018 5:00 AM;-;37.28;37.28;37.28;37.28;37.28;38.49;-;-;37.28;36.34;25.57;37.28;37.43;37.28;18.67
Mar 25, 2018 5:00 AM;Mar 25, 2018 6:00 AM;-;37.24;37.51;37.51;37.24;37.24;38.64;-;-;37.51;33.58;24.89;37.24;43.00;37.24;16.80
Mar 25, 2018 6:00 AM;Mar 25, 2018 7:00 AM;-;38.00;37.99;37.99;38.00;38.00;38.49;-;-;37.99;33.49;24.00;37.08;42.24;37.08;24.00
Mar 25, 2018 7:00 AM;Mar 25, 2018 8:00 AM;-;39.60;38.67;38.67;39.60;39.60;38.67;-;-;38.67;33.56;29.02;38.67;43.67;38.67;29.02
Mar 25, 2018 8:00 AM;Mar 25, 2018 9:00 AM;-;42.23;39.64;39.64;42.23;42.23;39.64;-;-;39.64;33.24;25.46;39.04;46.08;39.04;25.46
Mar 25, 2018 9:00 AM;Mar 25, 2018 10:00 AM;-;45.45;40.92;40.92;45.45;45.45;40.92;-;-;40.92;33.82;28.08;38.06;46.08;38.06;28.08
Mar 25, 2018 10:00 AM;Mar 25, 2018 11:00 AM;-;46.36;41.02;41.02;46.36;46.36;41.02;-;-;41.02;30.76;31.50;35.01;46.36;35.01;31.50
Mar 25, 2018 11:00 AM;Mar 25, 2018 12:00 PM;-;46.17;40.82;40.82;46.17;46.17;40.82;-;-;40.82;31.68;29.49;31.44;46.17;31.44;29.49
Mar 25, 2018 12:00 PM;Mar 25, 2018 1:00 PM;-;45.70;40.28;40.28;45.70;45.70;40.28;-;-;40.28;27.87;27.26;31.29;45.70;31.29;27.26
Mar 25, 2018 1:00 PM;Mar 25, 2018 2:00 PM;-;42.10;39.66;39.66;42.10;42.10;39.66;-;-;39.66;23.57;24.36;29.05;42.10;29.05;24.36
Mar 25, 2018 2:00 PM;Mar 25, 2018 3:00 PM;-;37.95;39.11;39.11;37.95;37.95;39.11;-;-;39.11;22.67;22.19;29.93;37.95;29.93;22.19
Mar 25, 2018 3:00 PM;Mar 25, 2018 4:00 PM;-;34.90;38.62;38.62;34.90;34.90;38.62;-;-;38.62;28.43;24.00;31.81;35.60;31.81;24.00
Mar 25, 2018 4:00 PM;Mar 25, 2018 5:00 PM;-;36.00;38.25;38.25;36.00;36.00;38.25;-;-;38.25;28.57;25.95;36.00;39.82;36.00;25.95
Mar 25, 2018 5:00 PM;Mar 25, 2018 6:00 PM;-;36.86;36.86;38.96;36.86;36.86;38.96;-;-;38.96;36.24;31.36;36.86;45.01;36.86;31.36
Mar 25, 2018 6:00 PM;Mar 25, 2018 7:00 PM;-;41.38;41.38;40.92;41.38;41.38;40.92;-;-;40.92;43.65;41.50;41.38;51.18;41.38;41.50
Mar 25, 2018 7:00 PM;Mar 25, 2018 8:00 PM;-;45.16;45.16;45.16;45.16;45.16;43.51;-;-;43.51;46.08;46.80;45.16;70.00;45.16;46.80
Mar 25, 2018 8:00 PM;Mar 25, 2018 9:00 PM;-;54.77;43.07;43.07;53.12;56.54;43.07;-;-;43.07;45.53;46.00;51.30;70.00;51.30;46.00
Mar 25, 2018 9:00 PM;Mar 25, 2018 10:00 PM;-;54.02;42.00;42.00;54.02;54.02;42.00;-;-;42.00;43.97;42.86;42.00;60.00;42.00;42.86
Mar 25, 2018 10:00 PM;Mar 25, 2018 11:00 PM;-;53.24;41.11;41.11;53.24;53.24;41.11;-;-;41.11;42.05;39.30;45.09;54.49;45.09;39.30
Mar 25, 2018 11:00 PM;Mar 26, 2018 12:00 AM;-;49.39;39.54;39.54;49.39;49.39;39.54;-;-;39.54;38.58;27.00;39.54;49.39;39.54;27.00
Mar 26, 2018 12:00 AM;Mar 26, 2018 1:00 AM;-;44.12;40.36;40.36;44.12;44.12;40.36;-;-;40.36;40.43;35.03;40.36;44.12;40.36;35.03
Mar 26, 2018 1:00 AM;Mar 26, 2018 2:00 AM;-;39.53;39.53;39.53;39.53;39.53;39.53;-;-;39.53;39.90;34.69;39.53;39.53;39.53;34.69
Mar 26, 2018 2:00 AM;Mar 26, 2018 3:00 AM;-;38.92;38.92;38.92;38.92;38.92;38.92;-;-;38.92;38.91;34.49;38.92;38.92;38.92;31.03
Mar 26, 2018 3:00 AM;Mar 26, 2018 4:00 AM;-;38.01;38.01;38.01;38.01;38.01;38.01;-;-;38.01;37.96;35.42;38.01;38.01;38.01;28.00
Mar 26, 2018 4:00 AM;Mar 26, 2018 5:00 AM;-;37.25;37.25;37.25;37.25;37.25;39.34;-;-;39.34;38.02;35.10;37.25;37.25;37.25;33.19
Mar 26, 2018 5:00 AM;Mar 26, 2018 6:00 AM;-;40.60;38.02;41.65;40.86;38.99;41.65;-;-;41.65;41.22;39.75;38.02;40.86;38.02;39.75
Mar 26, 2018 6:00 AM;Mar 26, 2018 7:00 AM;-;52.28;51.61;47.98;52.28;52.28;45.89;-;-;45.89;56.89;56.05;52.28;52.28;52.28;56.05
Mar 26, 2018 7:00 AM;Mar 26, 2018 8:00 AM;-;63.03;51.60;51.60;63.03;63.03;51.60;-;-;51.60;71.14;70.03;63.03;63.03;63.03;70.03
Mar 26, 2018 8:00 AM;Mar 26, 2018 9:00 AM;-;79.47;63.81;63.81;79.47;79.47;63.81;-;-;63.81;70.98;70.30;79.47;79.47;79.47;70.30
Mar 26, 2018 9:00 AM;Mar 26, 2018 10:00 AM;-;76.61;67.59;67.59;76.61;76.61;67.59;-;-;67.59;67.95;64.46;76.61;76.61;76.61;64.46
Mar 26, 2018 10:00 AM;Mar 26, 2018 11:00 AM;-;67.98;57.93;57.93;67.98;67.98;57.93;-;-;57.93;66.05;57.17;67.98;67.98;67.98;57.17
Mar 26, 2018 11:00 AM;Mar 26, 2018 12:00 PM;-;61.49;54.88;54.88;61.49;61.49;54.88;-;-;54.88;63.01;53.78;61.49;61.49;61.49;53.78
Mar 26, 2018 12:00 PM;Mar 26, 2018 1:00 PM;-;55.65;51.97;51.97;55.65;55.65;51.97;-;-;51.97;58.01;51.23;55.65;55.65;55.65;51.23
Mar 26, 2018 1:00 PM;Mar 26, 2018 2:00 PM;-;52.52;50.54;50.54;52.52;52.52;50.54;-;-;50.54;57.50;49.23;52.52;52.52;52.52;49.23
Mar 26, 2018 2:00 PM;Mar 26, 2018 3:00 PM;-;48.84;47.92;47.92;48.84;48.84;47.92;-;-;47.92;58.71;46.50;48.84;52.01;48.84;46.50
Mar 26, 2018 3:00 PM;Mar 26, 2018 4:00 PM;-;45.34;45.34;45.34;45.34;45.34;45.34;-;-;45.34;59.21;47.40;45.34;53.08;45.34;47.40
Mar 26, 2018 4:00 PM;Mar 26, 2018 5:00 PM;-;44.03;44.03;44.03;44.03;44.03;44.03;-;-;44.03;60.99;46.55;44.03;54.01;44.03;46.55
Mar 26, 2018 5:00 PM;Mar 26, 2018 6:00 PM;-;45.09;45.09;45.09;45.09;45.09;45.09;-;-;45.09;58.04;50.50;45.09;55.58;45.09;50.50
Mar 26, 2018 6:00 PM;Mar 26, 2018 7:00 PM;-;51.76;49.55;49.55;51.76;51.76;49.55;-;-;49.55;60.09;61.69;51.76;75.92;51.76;61.69
Mar 26, 2018 7:00 PM;Mar 26, 2018 8:00 PM;-;62.49;53.48;53.48;62.49;62.49;53.48;-;-;53.48;65.43;71.33;62.49;113.79;62.49;71.33
Mar 26, 2018 8:00 PM;Mar 26, 2018 9:00 PM;-;62.41;48.06;48.06;62.41;62.41;48.06;-;-;48.06;63.56;66.40;62.41;89.07;62.41;66.40
Mar 26, 2018 9:00 PM;Mar 26, 2018 10:00 PM;-;62.42;45.34;45.34;62.42;62.42;45.34;-;-;45.34;59.56;53.35;62.42;74.00;62.42;53.35
Mar 26, 2018 10:00 PM;Mar 26, 2018 11:00 PM;-;54.91;43.64;43.64;54.91;54.91;43.64;-;-;43.64;56.09;46.91;54.91;54.91;54.91;46.91
Mar 26, 2018 11:00 PM;Mar 27, 2018 12:00 AM;-;49.18;42.10;42.10;49.18;49.18;42.10;-;-;42.10;49.71;41.00;49.18;52.38;49.18;41.00
Mar 27, 2018 12:00 AM;Mar 27, 2018 1:00 AM;-;42.40;42.40;42.40;42.40;42.40;42.40;-;-;42.40;50.32;41.47;42.40;54.01;42.40;41.47
Mar 27, 2018 1:00 AM;Mar 27, 2018 2:00 AM;-;38.80;38.80;38.80;38.80;38.80;40.15;-;-;40.15;46.50;41.03;38.80;51.80;38.80;40.95
Mar 27, 2018 2:00 AM;Mar 27, 2018 3:00 AM;-;38.00;38.00;38.00;38.00;38.00;39.75;-;-;39.75;44.22;41.00;38.00;51.51;38.00;29.80
Mar 27, 2018 3:00 AM;Mar 27, 2018 4:00 AM;-;38.01;38.14;38.14;38.01;38.01;39.53;-;-;39.53;43.92;39.50;38.01;49.19;38.01;27.89
Mar 27, 2018 4:00 AM;Mar 27, 2018 5:00 AM;-;37.83;37.83;37.83;37.83;37.83;39.86;-;-;39.86;43.74;40.35;37.83;47.67;37.83;31.05
Mar 27, 2018 5:00 AM;Mar 27, 2018 6:00 AM;-;38.98;38.98;41.83;38.98;38.98;41.83;-;-;41.83;47.45;41.00;38.98;51.51;38.98;41.00
Mar 27, 2018 6:00 AM;Mar 27, 2018 7:00 AM;-;48.47;48.47;45.62;48.47;48.47;45.62;-;-;45.62;54.38;51.58;48.47;54.40;48.47;51.58
Mar 27, 2018 7:00 AM;Mar 27, 2018 8:00 AM;-;60.43;54.92;54.92;60.43;60.43;52.89;-;-;54.92;64.03;64.00;60.43;74.39;60.43;64.00
Mar 27, 2018 8:00 AM;Mar 27, 2018 9:00 AM;-;67.48;67.48;67.48;67.48;67.48;67.48;-;-;67.48;68.29;69.00;67.48;78.00;67.48;69.00
Mar 27, 2018 9:00 AM;Mar 27, 2018 10:00 AM;-;61.16;60.69;60.69;60.96;61.44;60.69;-;-;60.69;65.02;63.93;60.69;61.01;60.69;63.93
Mar 27, 2018 10:00 AM;Mar 27, 2018 11:00 AM;-;56.58;55.98;55.98;56.32;56.92;55.98;-;-;55.98;61.01;57.00;55.98;56.32;55.98;57.00
Mar 27, 2018 11:00 AM;Mar 27, 2018 12:00 PM;-;52.73;52.38;52.38;52.73;52.73;52.38;-;-;52.38;56.04;51.71;52.73;52.73;52.73;51.71
Mar 27, 2018 12:00 PM;Mar 27, 2018 1:00 PM;-;50.87;47.53;47.53;49.52;55.54;47.53;-;-;47.53;53.83;48.30;47.53;49.52;47.53;48.30
Mar 27, 2018 1:00 PM;Mar 27, 2018 2:00 PM;-;48.95;44.96;44.96;47.34;54.52;44.96;-;-;44.96;53.05;45.26;44.96;47.40;44.96;45.26
Mar 27, 2018 2:00 PM;Mar 27, 2018 3:00 PM;-;45.05;42.39;44.18;43.98;48.90;42.39;-;-;44.18;53.21;41.96;42.39;49.70;42.39;41.96
Mar 27, 2018 3:00 PM;Mar 27, 2018 4:00 PM;-;43.28;40.85;43.99;42.31;47.14;40.85;-;-;43.99;55.08;40.99;40.85;51.29;40.85;40.99
Mar 27, 2018 4:00 PM;Mar 27, 2018 5:00 PM;-;40.73;40.73;43.86;40.73;40.73;40.73;-;-;43.86;56.65;41.91;40.73;51.42;40.73;41.91
Mar 27, 2018 5:00 PM;Mar 27, 2018 6:00 PM;-;41.22;41.22;44.19;41.22;41.22;41.22;-;-;44.19;55.33;44.83;41.22;52.73;41.22;44.83
Mar 27, 2018 6:00 PM;Mar 27, 2018 7:00 PM;-;42.00;42.00;44.44;42.00;42.00;42.00;-;-;44.44;57.00;49.05;42.00;56.32;42.00;49.09
Mar 27, 2018 7:00 PM;Mar 27, 2018 8:00 PM;-;48.70;43.13;45.49;48.41;50.10;42.12;-;-;45.49;57.36;53.83;47.93;75.92;50.00;55.02
Mar 27, 2018 8:00 PM;Mar 27, 2018 9:00 PM;-;53.05;44.24;44.24;50.41;66.46;41.56;-;-;44.24;56.90;47.52;44.24;70.00;50.00;48.57
Mar 27, 2018 9:00 PM;Mar 27, 2018 10:00 PM;-;49.47;39.61;42.80;46.48;64.40;40.17;-;-;42.80;56.95;40.68;39.61;54.40;39.61;40.68
Mar 27, 2018 10:00 PM;Mar 27, 2018 11:00 PM;-;42.37;36.54;36.54;40.97;49.90;39.66;-;-;41.10;53.94;36.65;36.54;52.16;36.54;36.65
Mar 27, 2018 11:00 PM;Mar 28, 2018 12:00 AM;-;38.89;33.95;33.95;37.43;44.83;39.49;-;-;39.79;50.07;30.69;33.95;49.24;33.95;30.69
Mar 28, 2018 12:00 AM;Mar 28, 2018 1:00 AM;-;35.12;34.36;41.46;34.92;36.40;39.66;-;-;41.46;48.76;32.20;34.36;51.60;34.36;32.20
Mar 28, 2018 1:00 AM;Mar 28, 2018 2:00 AM;-;34.98;34.98;41.47;34.98;34.98;39.60;-;-;41.47;46.13;31.04;34.98;48.00;34.98;31.04
Mar 28, 2018 2:00 AM;Mar 28, 2018 3:00 AM;-;33.72;33.72;35.96;33.72;33.72;39.59;-;-;41.38;45.16;30.55;33.72;45.01;33.72;30.55
Mar 28, 2018 3:00 AM;Mar 28, 2018 4:00 AM;-;32.62;32.62;41.61;32.62;32.62;39.59;-;-;41.61;44.82;29.85;32.62;45.16;32.62;29.85
Mar 28, 2018 4:00 AM;Mar 28, 2018 5:00 AM;-;33.30;33.30;41.68;33.30;33.30;39.68;-;-;41.68;43.77;30.67;33.30;43.96;33.30;30.67
Mar 28, 2018 5:00 AM;Mar 28, 2018 6:00 AM;-;35.05;35.05;43.48;35.05;35.05;39.47;-;-;43.48;46.08;34.51;35.05;46.88;35.05;34.51
Mar 28, 2018 6:00 AM;Mar 28, 2018 7:00 AM;-;42.91;40.05;45.61;41.94;48.00;39.72;-;-;45.61;52.15;43.07;40.05;52.99;40.05;43.07
Mar 28, 2018 7:00 AM;Mar 28, 2018 8:00 AM;-;53.60;40.38;53.95;50.69;72.47;39.91;-;-;53.95;57.12;51.29;43.91;55.12;43.91;51.29
Mar 28, 2018 8:00 AM;Mar 28, 2018 9:00 AM;-;60.80;40.06;67.33;56.76;76.18;40.06;-;-;67.33;56.97;53.01;50.63;70.00;50.63;53.01
Mar 28, 2018 9:00 AM;Mar 28, 2018 10:00 AM;-;61.06;39.95;59.84;56.80;77.30;39.95;-;-;59.84;55.98;51.72;50.32;56.80;50.32;51.72
Mar 28, 2018 10:00 AM;Mar 28, 2018 11:00 AM;-;57.88;39.90;54.99;53.02;74.78;39.90;-;-;54.99;55.51;47.00;45.49;53.02;45.49;47.00
Mar 28, 2018 11:00 AM;Mar 28, 2018 12:00 PM;-;55.02;39.56;48.77;50.92;70.65;39.56;-;-;48.77;54.46;46.85;44.68;50.92;44.68;46.85
Mar 28, 2018 12:00 PM;Mar 28, 2018 1:00 PM;-;55.34;39.32;46.26;49.62;68.37;39.32;-;-;46.26;51.14;44.39;41.84;49.62;41.84;44.39
Mar 28, 2018 1:00 PM;Mar 28, 2018 2:00 PM;-;51.82;39.17;45.13;48.99;58.28;39.17;-;-;45.13;50.46;43.03;45.13;48.99;45.13;43.03
Mar 28, 2018 2:00 PM;Mar 28, 2018 3:00 PM;-;46.21;39.11;45.00;45.70;47.47;39.11;-;-;45.00;49.85;42.45;45.00;49.30;45.00;42.45
Mar 28, 2018 3:00 PM;Mar 28, 2018 4:00 PM;-;44.07;39.06;44.07;44.07;44.07;39.06;-;-;44.07;52.78;40.00;44.07;49.74;44.07;40.00
Mar 28, 2018 4:00 PM;Mar 28, 2018 5:00 PM;-;42.35;39.14;43.46;42.35;42.35;39.14;-;-;43.46;54.08;39.11;42.35;51.13;42.35;39.11
Mar 28, 2018 5:00 PM;Mar 28, 2018 6:00 PM;-;40.72;39.28;44.00;40.72;40.72;39.28;-;-;44.00;54.68;40.32;40.72;51.67;40.72;40.32
Mar 28, 2018 6:00 PM;Mar 28, 2018 7:00 PM;-;40.16;39.23;44.93;40.16;40.16;39.23;-;-;44.93;56.31;42.70;40.16;55.90;40.16;42.70
Mar 28, 2018 7:00 PM;Mar 28, 2018 8:00 PM;-;45.99;39.32;46.99;45.99;45.99;39.32;-;-;46.99;56.71;46.48;45.99;74.55;45.99;46.48
Mar 28, 2018 8:00 PM;Mar 28, 2018 9:00 PM;-;45.56;39.69;45.56;45.56;45.56;39.69;-;-;45.56;55.95;45.81;45.56;70.00;70.00;45.81
Mar 28, 2018 9:00 PM;Mar 28, 2018 10:00 PM;-;39.32;39.32;43.35;39.32;39.32;39.40;-;-;43.35;54.21;38.82;39.32;54.77;42.00;38.82
Mar 28, 2018 10:00 PM;Mar 28, 2018 11:00 PM;-;45.39;35.23;40.81;45.39;45.39;39.42;-;-;40.81;51.16;33.82;35.23;51.67;35.23;33.82
Mar 28, 2018 11:00 PM;Mar 29, 2018 12:00 AM;-;38.46;28.34;28.34;38.46;38.46;39.36;-;-;39.46;47.10;28.00;28.34;50.00;28.34;28.00
Mar 29, 2018 12:00 AM;Mar 29, 2018 1:00 AM;-;39.83;26.57;26.57;34.23;44.44;39.29;-;-;39.29;48.65;24.12;26.57;47.66;26.57;24.12
Mar 29, 2018 1:00 AM;Mar 29, 2018 2:00 AM;-;39.96;19.31;19.31;31.00;40.00;39.03;-;-;38.98;44.99;22.82;19.31;45.00;19.31;22.82
Mar 29, 2018 2:00 AM;Mar 29, 2018 3:00 AM;-;36.80;15.72;15.72;27.60;36.00;38.92;-;-;38.41;42.03;20.85;15.72;42.67;15.72;20.36
Mar 29, 2018 3:00 AM;Mar 29, 2018 4:00 AM;-;30.48;17.98;17.98;25.22;35.05;39.00;-;-;38.91;41.80;19.43;17.98;41.00;17.98;19.15
Mar 29, 2018 4:00 AM;Mar 29, 2018 5:00 AM;-;30.06;19.33;19.33;25.55;34.00;39.12;-;-;39.12;41.97;22.50;19.33;40.50;19.33;21.89
Mar 29, 2018 5:00 AM;Mar 29, 2018 6:00 AM;-;36.23;29.40;29.40;33.35;39.00;39.58;-;-;39.58;45.02;27.84;29.40;45.43;29.40;27.84
Mar 29, 2018 6:00 AM;Mar 29, 2018 7:00 AM;-;46.62;38.77;38.77;46.62;46.62;39.80;-;-;39.80;51.80;36.13;38.77;49.30;38.77;36.13
Mar 29, 2018 7:00 AM;Mar 29, 2018 8:00 AM;-;57.70;42.36;42.36;57.57;58.28;41.34;-;-;42.36;53.39;44.60;42.36;57.57;42.36;44.60
Mar 29, 2018 8:00 AM;Mar 29, 2018 9:00 AM;-;71.90;41.77;43.60;71.35;74.34;41.77;-;-;43.60;62.01;48.00;44.99;71.35;44.99;48.00
Mar 29, 2018 9:00 AM;Mar 29, 2018 10:00 AM;-;77.66;41.83;43.34;67.97;89.17;41.60;-;-;43.34;59.27;44.00;45.15;67.97;45.15;44.00
Mar 29, 2018 10:00 AM;Mar 29, 2018 11:00 AM;-;70.22;40.05;41.86;61.26;80.90;40.27;-;-;41.86;54.91;38.28;40.05;61.26;40.05;38.28
Mar 29, 2018 11:00 AM;Mar 29, 2018 12:00 PM;-;57.60;40.00;40.93;51.04;64.37;40.00;-;-;40.93;53.01;37.82;40.00;52.60;45.00;37.82
Mar 29, 2018 12:00 PM;Mar 29, 2018 1:00 PM;-;47.56;38.14;40.52;44.06;51.17;39.84;-;-;40.52;51.25;36.54;38.14;49.56;45.00;36.54
Mar 29, 2018 1:00 PM;Mar 29, 2018 2:00 PM;-;42.65;36.77;39.92;40.47;44.90;39.76;-;-;39.92;50.45;36.66;36.77;49.56;45.00;36.66
Mar 29, 2018 2:00 PM;Mar 29, 2018 3:00 PM;-;37.60;37.60;39.56;37.60;37.60;39.56;-;-;39.56;50.62;35.86;37.60;52.50;45.00;35.86
Mar 29, 2018 3:00 PM;Mar 29, 2018 4:00 PM;-;39.63;39.63;39.63;39.63;39.63;39.63;-;-;39.63;51.52;36.90;39.63;52.71;39.63;36.90
Mar 29, 2018 4:00 PM;Mar 29, 2018 5:00 PM;-;38.92;38.92;39.85;38.92;38.92;39.85;-;-;39.85;50.92;38.71;38.92;52.39;38.92;38.71
Mar 29, 2018 5:00 PM;Mar 29, 2018 6:00 PM;-;42.27;42.27;41.34;42.27;42.27;41.34;-;-;41.34;50.09;43.40;42.27;49.85;42.27;43.40
Mar 29, 2018 6:00 PM;Mar 29, 2018 7:00 PM;-;44.99;42.12;42.12;44.99;44.99;42.12;-;-;42.12;52.71;50.56;44.99;54.77;44.99;50.56
Mar 29, 2018 7:00 PM;Mar 29, 2018 8:00 PM;-;62.60;43.61;43.61;62.60;62.60;43.61;-;-;43.61;59.87;58.60;62.60;70.00;62.60;58.60
Mar 29, 2018 8:00 PM;Mar 29, 2018 9:00 PM;-;62.69;42.63;42.63;62.69;62.69;42.63;-;-;42.63;59.37;58.67;62.69;62.69;62.69;58.67
Mar 29, 2018 9:00 PM;Mar 29, 2018 10:00 PM;-;45.50;42.48;42.48;45.50;45.50;42.48;-;-;42.48;49.58;48.60;45.50;52.78;45.50;48.60
Mar 29, 2018 10:00 PM;Mar 29, 2018 11:00 PM;-;44.62;42.08;42.08;44.62;44.62;42.08;-;-;42.08;47.36;45.00;44.62;50.00;44.62;45.00
Mar 29, 2018 11:00 PM;Mar 30, 2018 12:00 AM;-;40.87;40.87;40.87;40.87;40.87;40.87;-;-;40.87;41.15;38.20;40.87;48.50;40.87;38.20
Mar 30, 2018 12:00 AM;Mar 30, 2018 1:00 AM;-;35.69;35.69;35.69;35.69;35.69;39.92;-;-;39.92;39.49;37.39;35.69;46.60;35.69;37.39
Mar 30, 2018 1:00 AM;Mar 30, 2018 2:00 AM;-;35.80;35.80;35.80;35.80;35.80;39.49;-;-;39.49;38.28;31.00;35.80;43.29;35.80;31.00
Mar 30, 2018 2:00 AM;Mar 30, 2018 3:00 AM;-;31.68;36.60;36.60;31.68;31.68;39.17;-;-;39.17;36.10;29.97;31.68;41.63;31.68;29.74
Mar 30, 2018 3:00 AM;Mar 30, 2018 4:00 AM;-;32.11;39.23;39.23;32.11;32.11;39.23;-;-;39.23;35.40;30.00;32.11;40.00;27.10;28.03
Mar 30, 2018 4:00 AM;Mar 30, 2018 5:00 AM;-;30.79;39.34;39.34;30.79;30.79;39.34;-;-;39.34;34.75;31.00;30.79;40.00;27.01;26.86
Mar 30, 2018 5:00 AM;Mar 30, 2018 6:00 AM;-;33.57;39.88;39.88;33.57;33.57;39.88;-;-;39.88;36.19;31.00;33.57;45.24;33.57;30.00
Mar 30, 2018 6:00 AM;Mar 30, 2018 7:00 AM;-;37.03;39.96;39.96;37.03;37.03;39.96;-;-;39.96;36.84;28.35;35.36;49.56;35.36;28.35
Mar 30, 2018 7:00 AM;Mar 30, 2018 8:00 AM;-;51.00;41.48;41.48;51.00;51.00;41.48;-;-;41.48;39.61;34.81;41.48;61.18;41.48;34.81
Mar 30, 2018 8:00 AM;Mar 30, 2018 9:00 AM;-;55.04;43.53;43.53;50.02;52.79;43.53;-;-;43.53;42.65;34.99;43.53;78.00;43.53;34.99
Mar 30, 2018 9:00 AM;Mar 30, 2018 10:00 AM;-;60.00;43.17;43.17;52.83;69.60;43.17;-;-;43.17;41.10;32.71;43.17;80.00;43.17;32.71
Mar 30, 2018 10:00 AM;Mar 30, 2018 11:00 AM;-;54.76;40.85;42.59;46.80;65.00;40.85;-;-;42.59;39.28;30.23;36.11;70.00;36.11;30.23
Mar 30, 2018 11:00 AM;Mar 30, 2018 12:00 PM;-;51.42;41.20;41.71;43.50;61.94;41.20;-;-;41.71;36.07;28.55;32.84;55.61;32.84;28.55
Mar 30, 2018 12:00 PM;Mar 30, 2018 1:00 PM;-;45.35;40.78;40.92;38.17;55.00;40.78;-;-;40.92;35.42;24.22;28.44;52.36;28.44;24.22
Mar 30, 2018 1:00 PM;Mar 30, 2018 2:00 PM;-;45.30;40.33;40.33;35.24;54.20;40.33;-;-;40.33;34.15;20.00;20.96;50.89;20.96;20.00
Mar 30, 2018 2:00 PM;Mar 30, 2018 3:00 PM;-;40.62;40.16;40.16;32.96;47.13;40.16;-;-;40.16;32.05;16.91;22.08;52.63;22.08;16.91
Mar 30, 2018 3:00 PM;Mar 30, 2018 4:00 PM;-;39.15;40.11;40.11;31.66;46.81;40.11;-;-;40.11;33.12;18.00;20.93;52.63;20.93;18.00
Mar 30, 2018 4:00 PM;Mar 30, 2018 5:00 PM;-;38.83;40.30;40.33;31.54;46.34;40.30;-;-;40.33;33.82;19.03;21.17;52.64;21.17;19.03
Mar 30, 2018 5:00 PM;Mar 30, 2018 6:00 PM;-;42.04;40.46;41.04;35.07;49.86;40.46;-;-;41.04;35.33;21.75;22.09;52.63;22.09;21.75
Mar 30, 2018 6:00 PM;Mar 30, 2018 7:00 PM;-;41.51;40.83;41.82;36.48;44.50;40.83;-;-;41.82;37.85;25.00;29.06;55.61;29.06;25.00
Mar 30, 2018 7:00 PM;Mar 30, 2018 8:00 PM;-;51.26;40.79;42.71;42.21;55.91;40.79;-;-;42.71;48.82;27.96;29.09;75.53;29.09;27.96
Mar 30, 2018 8:00 PM;Mar 30, 2018 9:00 PM;-;58.11;40.65;42.40;49.14;58.11;40.65;-;-;42.40;48.97;26.52;28.80;68.00;28.80;26.52
Mar 30, 2018 9:00 PM;Mar 30, 2018 10:00 PM;-;47.22;40.79;42.23;44.98;42.40;40.79;-;-;42.23;40.66;18.22;18.28;54.76;18.28;18.22
Mar 30, 2018 10:00 PM;Mar 30, 2018 11:00 PM;-;47.40;40.34;40.34;51.53;47.40;40.34;-;-;40.87;40.06;19.57;17.07;51.53;17.07;19.57
Mar 30, 2018 11:00 PM;Mar 31, 2018 12:00 AM;-;39.80;39.50;39.50;48.01;36.90;39.50;-;-;39.50;39.68;15.10;15.29;48.01;15.29;15.10
Mar 31, 2018 12:00 AM;Mar 31, 2018 1:00 AM;-;42.80;39.98;39.98;46.23;42.80;39.98;-;-;39.98;35.19;8.59;0.05;46.23;0.05;8.59
Mar 31, 2018 1:00 AM;Mar 31, 2018 2:00 AM;-;35.95;35.03;35.03;35.95;40.75;40.07;-;-;40.07;33.55;10.31;0.05;35.95;0.10;10.31
Mar 31, 2018 2:00 AM;Mar 31, 2018 3:00 AM;-;33.22;35.94;35.94;31.00;39.90;39.94;-;-;39.94;30.41;7.30;8.04;31.00;8.04;6.44
Mar 31, 2018 3:00 AM;Mar 31, 2018 4:00 AM;-;30.85;34.97;34.97;29.04;44.90;40.00;-;-;40.00;26.88;9.44;13.41;29.04;13.41;6.08
Mar 31, 2018 4:00 AM;Mar 31, 2018 5:00 AM;-;26.67;34.32;34.32;26.67;44.62;40.10;-;-;40.10;27.64;8.20;6.91;26.67;6.91;6.44
Mar 31, 2018 5:00 AM;Mar 31, 2018 6:00 AM;-;29.19;34.24;34.24;28.18;42.43;39.92;-;-;39.92;28.15;9.97;14.27;28.18;4.90;9.97
Mar 31, 2018 6:00 AM;Mar 31, 2018 7:00 AM;-;31.13;34.67;34.67;27.84;42.40;39.68;-;-;39.68;30.98;15.68;13.75;27.84;10.00;15.68
Mar 31, 2018 7:00 AM;Mar 31, 2018 8:00 AM;-;41.24;35.07;35.07;36.73;47.80;39.78;-;-;39.78;35.77;22.58;18.66;44.13;18.66;22.58
Mar 31, 2018 8:00 AM;Mar 31, 2018 9:00 AM;-;44.18;40.52;40.52;39.80;48.30;40.52;-;-;40.52;42.18;29.91;30.08;46.21;30.08;29.91
Mar 31, 2018 9:00 AM;Mar 31, 2018 10:00 AM;-;42.26;37.92;37.92;38.15;59.94;40.74;-;-;40.74;40.94;34.91;30.06;47.30;30.06;34.91
Mar 31, 2018 10:00 AM;Mar 31, 2018 11:00 AM;-;42.86;34.80;34.80;37.34;64.32;40.65;-;-;40.65;35.76;35.40;29.37;49.95;29.37;35.40
Mar 31, 2018 11:00 AM;Mar 31, 2018 12:00 PM;-;35.71;33.95;33.95;33.80;43.10;40.20;-;-;40.20;35.41;35.00;31.06;46.91;31.06;35.00
Mar 31, 2018 12:00 PM;Mar 31, 2018 1:00 PM;-;34.31;31.92;31.92;33.33;38.00;40.00;-;-;40.00;35.02;33.96;31.92;43.28;31.92;33.96
Mar 31, 2018 1:00 PM;Mar 31, 2018 2:00 PM;-;31.26;27.82;27.82;29.85;37.40;39.77;-;-;39.77;30.26;30.58;27.82;39.35;27.82;30.58
Mar 31, 2018 2:00 PM;Mar 31, 2018 3:00 PM;-;27.91;22.59;22.59;25.73;37.40;39.45;-;-;39.45;29.38;29.09;22.59;38.99;22.59;29.09
Mar 31, 2018 3:00 PM;Mar 31, 2018 4:00 PM;-;28.58;23.02;23.02;26.30;37.25;39.27;-;-;39.27;26.90;29.54;23.02;40.17;23.02;29.54
Mar 31, 2018 4:00 PM;Mar 31, 2018 5:00 PM;-;28.78;22.89;22.89;26.38;38.01;39.14;-;-;39.14;27.36;29.89;22.89;41.56;22.89;29.89
Mar 31, 2018 5:00 PM;Mar 31, 2018 6:00 PM;-;33.67;34.88;34.88;30.41;43.71;39.34;-;-;39.34;29.48;30.96;27.34;46.30;27.34;30.96
Mar 31, 2018 6:00 PM;Mar 31, 2018 7:00 PM;-;38.35;40.05;40.05;34.49;50.00;40.05;-;-;40.05;32.71;35.80;31.02;52.73;31.02;35.80
Mar 31, 2018 7:00 PM;Mar 31, 2018 8:00 PM;-;42.69;40.72;40.72;39.30;52.40;40.72;-;-;40.72;37.88;38.93;35.46;55.00;35.46;38.93
Mar 31, 2018 8:00 PM;Mar 31, 2018 9:00 PM;-;48.62;40.74;40.74;43.08;62.74;40.74;-;-;40.74;37.67;37.60;37.31;50.99;37.31;37.60
Mar 31, 2018 9:00 PM;Mar 31, 2018 10:00 PM;-;49.55;40.24;40.24;44.22;65.00;40.24;-;-;40.24;33.86;33.19;38.67;48.40;38.67;33.19
Mar 31, 2018 10:00 PM;Mar 31, 2018 11:00 PM;-;48.67;39.98;39.98;44.45;68.82;39.98;-;-;39.98;33.84;30.05;36.02;45.06;36.02;30.05
Mar 31, 2018 11:00 PM;Apr 1, 2018 12:00 AM;-;40.39;39.56;39.56;38.78;45.79;39.56;-;-;39.56;31.39;24.38;36.43;41.03;20.00;24.38
Apr 1, 2018 12:00 AM;Apr 1, 2018 1:00 AM;-;45.17;39.80;39.80;40.43;50.89;39.80;-;-;39.80;30.02;20.00;34.95;40.43;4.90;20.00
Apr 1, 2018 1:00 AM;Apr 1, 2018 2:00 AM;-;35.15;39.57;39.57;32.02;38.81;39.57;-;-;39.57;23.57;18.00;28.46;43.67;4.90;18.00
Apr 1, 2018 2:00 AM;Apr 1, 2018 3:00 AM;-;32.75;39.18;39.18;29.03;37.10;39.45;-;-;39.45;22.07;15.22;24.76;35.00;4.90;15.22
Apr 1, 2018 3:00 AM;Apr 1, 2018 4:00 AM;-;27.98;39.02;39.02;25.09;34.10;39.43;-;-;39.43;21.47;15.00;21.81;27.31;4.20;15.00
Apr 1, 2018 4:00 AM;Apr 1, 2018 5:00 AM;-;22.88;38.91;38.91;22.14;34.00;39.53;-;-;39.53;20.34;14.73;21.07;25.08;4.20;14.73
Apr 1, 2018 5:00 AM;Apr 1, 2018 6:00 AM;-;22.95;39.33;39.33;22.49;34.00;39.33;-;-;39.33;19.73;15.08;21.82;42.50;4.20;15.08
Apr 1, 2018 6:00 AM;Apr 1, 2018 7:00 AM;-;22.97;39.51;39.51;22.97;35.60;39.51;-;-;39.51;15.61;10.47;22.97;43.93;4.20;10.47
Apr 1, 2018 7:00 AM;Apr 1, 2018 8:00 AM;-;23.05;39.39;39.39;23.05;35.00;39.39;-;-;39.39;17.21;15.00;23.05;39.87;4.90;15.00
Apr 1, 2018 8:00 AM;Apr 1, 2018 9:00 AM;-;22.96;39.62;39.62;22.96;37.40;39.62;-;-;39.62;18.22;18.07;22.96;36.35;22.96;18.07
Apr 1, 2018 9:00 AM;Apr 1, 2018 10:00 AM;-;27.80;39.61;39.61;25.81;39.90;39.61;-;-;39.61;22.89;23.36;24.37;35.82;24.37;23.36
Apr 1, 2018 10:00 AM;Apr 1, 2018 11:00 AM;-;37.00;39.52;39.52;28.34;38.00;39.52;-;-;39.52;23.54;22.06;22.04;28.34;22.04;22.06
Apr 1, 2018 11:00 AM;Apr 1, 2018 12:00 PM;-;35.60;39.17;39.17;28.30;36.40;39.17;-;-;39.17;24.20;23.65;23.00;28.30;23.00;23.65
Apr 1, 2018 12:00 PM;Apr 1, 2018 1:00 PM;-;32.25;38.86;38.86;26.23;35.20;38.86;-;-;38.86;22.47;20.38;21.85;22.10;21.85;20.38
Apr 1, 2018 1:00 PM;Apr 1, 2018 2:00 PM;-;22.26;38.48;38.48;22.14;34.80;38.48;-;-;38.48;16.89;13.82;22.05;19.95;19.95;13.82
Apr 1, 2018 2:00 PM;Apr 1, 2018 3:00 PM;-;20.00;38.15;38.15;19.01;33.90;38.15;-;-;38.15;11.10;10.00;18.30;18.30;18.30;10.00
Apr 1, 2018 3:00 PM;Apr 1, 2018 4:00 PM;-;13.72;38.03;38.03;13.72;32.40;38.03;-;-;38.03;8.52;9.19;13.72;13.72;4.90;9.19
Apr 1, 2018 4:00 PM;Apr 1, 2018 5:00 PM;-;14.27;38.13;38.13;14.27;34.00;38.13;-;-;38.13;8.59;12.00;14.27;14.27;14.27;12.00
Apr 1, 2018 5:00 PM;Apr 1, 2018 6:00 PM;-;24.15;38.59;38.59;19.70;38.40;38.59;-;-;38.59;16.04;14.38;13.46;35.56;13.30;14.38
Apr 1, 2018 6:00 PM;Apr 1, 2018 7:00 PM;-;36.64;39.22;39.22;30.44;56.50;39.22;-;-;39.22;25.25;21.94;21.73;48.15;19.86;21.94
Apr 1, 2018 7:00 PM;Apr 1, 2018 8:00 PM;-;44.34;39.64;39.64;39.02;61.50;39.64;-;-;39.64;28.88;31.00;31.50;56.63;30.53;31.00
Apr 1, 2018 8:00 PM;Apr 1, 2018 9:00 PM;-;49.80;40.00;40.00;42.80;72.40;40.00;-;-;40.00;32.30;36.59;32.88;75.53;32.88;36.59
Apr 1, 2018 9:00 PM;Apr 1, 2018 10:00 PM;-;43.79;39.89;39.89;38.87;59.72;39.89;-;-;39.89;32.02;32.53;31.87;74.39;25.10;32.53
Apr 1, 2018 10:00 PM;Apr 1, 2018 11:00 PM;-;44.00;39.81;39.81;39.21;50.00;39.81;-;-;39.81;33.87;29.88;33.75;59.99;4.20;29.88
Apr 1, 2018 11:00 PM;Apr 2, 2018 12:00 AM;-;44.02;39.22;39.22;39.12;50.00;39.22;-;-;39.22;30.56;23.62;33.48;54.59;3.80;23.62
Apr 2, 2018 12:00 AM;Apr 2, 2018 1:00 AM;-;54.19;38.58;38.58;37.80;56.17;39.70;-;-;38.58;34.29;7.44;26.06;54.47;24.10;7.44
Apr 2, 2018 1:00 AM;Apr 2, 2018 2:00 AM;-;35.93;37.97;37.97;29.57;36.70;39.54;-;-;37.97;30.00;15.07;24.97;49.95;24.97;15.07
Apr 2, 2018 2:00 AM;Apr 2, 2018 3:00 AM;-;24.08;37.14;37.14;24.08;32.50;39.56;-;-;37.14;27.26;15.11;24.08;46.97;18.25;15.11
Apr 2, 2018 3:00 AM;Apr 2, 2018 4:00 AM;-;20.46;37.06;37.06;20.46;32.50;39.59;-;-;37.06;26.22;14.66;20.46;46.01;19.04;14.66
Apr 2, 2018 4:00 AM;Apr 2, 2018 5:00 AM;-;19.82;37.72;37.72;19.82;32.40;39.62;-;-;37.72;26.07;14.83;19.82;46.04;19.82;14.83
Apr 2, 2018 5:00 AM;Apr 2, 2018 6:00 AM;-;22.94;39.12;39.12;22.94;34.00;39.31;-;-;39.12;28.17;14.69;22.94;49.95;22.70;14.69
Apr 2, 2018 6:00 AM;Apr 2, 2018 7:00 AM;-;24.91;39.96;39.96;24.91;37.40;39.96;-;-;39.96;29.61;18.00;24.91;54.22;23.06;18.00
Apr 2, 2018 7:00 AM;Apr 2, 2018 8:00 AM;-;28.89;39.62;39.62;28.89;38.20;39.62;-;-;39.62;30.98;20.50;28.89;54.47;28.89;21.98
Apr 2, 2018 8:00 AM;Apr 2, 2018 9:00 AM;-;32.23;40.33;40.33;32.23;44.33;40.33;-;-;40.33;32.57;24.96;32.23;54.47;32.23;24.96
Apr 2, 2018 9:00 AM;Apr 2, 2018 10:00 AM;-;33.10;40.56;40.56;33.10;50.08;40.56;-;-;40.56;33.63;28.00;33.10;50.76;33.10;28.34
Apr 2, 2018 10:00 AM;Apr 2, 2018 11:00 AM;-;34.24;40.63;40.63;31.84;55.31;40.63;-;-;40.63;30.93;20.00;30.09;49.60;30.09;21.94
Apr 2, 2018 11:00 AM;Apr 2, 2018 12:00 PM;-;34.72;40.32;40.32;32.52;55.43;40.32;-;-;40.32;29.23;19.32;30.92;46.29;30.92;19.32
Apr 2, 2018 12:00 PM;Apr 2, 2018 1:00 PM;-;32.86;39.91;39.91;32.52;40.00;39.91;-;-;39.91;26.97;17.01;27.09;40.00;27.09;17.01
Apr 2, 2018 1:00 PM;Apr 2, 2018 2:00 PM;-;24.93;39.52;39.52;24.93;36.70;39.52;-;-;39.52;23.46;15.00;24.93;24.93;24.93;15.00
Apr 2, 2018 2:00 PM;Apr 2, 2018 3:00 PM;-;21.75;38.79;38.79;21.75;33.50;39.16;-;-;38.79;20.70;14.50;21.75;21.75;21.75;14.50
Apr 2, 2018 3:00 PM;Apr 2, 2018 4:00 PM;-;21.82;38.62;38.62;21.82;30.80;39.08;-;-;38.62;18.43;15.00;21.82;29.92;21.82;15.00
Apr 2, 2018 4:00 PM;Apr 2, 2018 5:00 PM;-;22.88;39.08;39.08;22.88;27.40;39.08;-;-;39.08;19.54;17.50;22.88;44.36;22.88;17.50
Apr 2, 2018 5:00 PM;Apr 2, 2018 6:00 PM;-;25.87;39.53;39.53;24.47;32.60;39.53;-;-;39.53;24.58;22.37;25.10;50.00;24.10;22.37
Apr 2, 2018 6:00 PM;Apr 2, 2018 7:00 PM;-;37.41;40.11;40.11;31.41;36.20;40.11;-;-;40.11;31.85;31.00;34.11;57.33;34.11;31.00
Apr 2, 2018 7:00 PM;Apr 2, 2018 8:00 PM;-;37.66;40.88;40.88;37.66;37.66;40.88;-;-;40.88;36.06;35.50;37.66;77.89;37.66;35.50
Apr 2, 2018 8:00 PM;Apr 2, 2018 9:00 PM;-;37.56;41.09;41.09;37.56;37.56;41.09;-;-;41.09;38.47;37.79;37.56;100.53;37.56;37.79
Apr 2, 2018 9:00 PM;Apr 2, 2018 10:00 PM;-;37.00;40.92;40.92;37.00;37.00;40.92;-;-;40.92;36.13;34.00;37.00;89.30;37.00;34.00
Apr 2, 2018 10:00 PM;Apr 2, 2018 11:00 PM;-;41.72;39.96;39.96;37.30;53.46;39.96;-;-;39.96;33.42;28.15;31.09;77.89;31.09;28.15
Apr 2, 2018 11:00 PM;Apr 3, 2018 12:00 AM;-;38.20;39.22;39.22;32.36;56.56;39.22;-;-;39.22;30.09;20.67;23.12;62.25;23.12;20.67
Apr 3, 2018 12:00 AM;Apr 3, 2018 1:00 AM;-;28.10;40.07;40.07;25.00;38.00;40.07;-;-;40.07;22.38;14.42;20.57;52.16;20.57;14.42
Apr 3, 2018 1:00 AM;Apr 3, 2018 2:00 AM;-;22.49;39.33;39.33;19.23;33.00;39.33;-;-;39.33;19.34;14.64;14.53;47.75;14.53;14.64
Apr 3, 2018 2:00 AM;Apr 3, 2018 3:00 AM;-;19.95;39.01;39.01;17.27;30.64;39.01;-;-;39.01;14.09;14.87;13.40;44.29;13.40;14.87
Apr 3, 2018 3:00 AM;Apr 3, 2018 4:00 AM;-;12.00;36.53;36.53;12.00;12.00;39.04;-;-;39.04;11.78;14.83;12.00;43.93;12.00;14.83
Apr 3, 2018 4:00 AM;Apr 3, 2018 5:00 AM;-;12.08;27.90;27.90;10.68;18.00;39.31;-;-;39.31;17.26;14.39;8.64;39.00;8.64;14.39
Apr 3, 2018 5:00 AM;Apr 3, 2018 6:00 AM;-;20.27;35.02;35.02;19.56;23.33;40.52;-;-;40.52;29.96;27.95;18.54;40.49;18.54;27.95
Apr 3, 2018 6:00 AM;Apr 3, 2018 7:00 AM;-;39.66;39.66;42.72;39.66;39.66;41.10;-;-;42.72;39.61;41.55;39.66;49.75;39.66;41.55
Apr 3, 2018 7:00 AM;Apr 3, 2018 8:00 AM;-;58.45;43.93;46.18;52.71;62.33;42.48;-;-;46.18;51.50;61.41;43.93;52.71;43.93;61.41
Apr 3, 2018 8:00 AM;Apr 3, 2018 9:00 AM;-;55.78;44.05;50.46;51.10;58.90;44.05;-;-;50.46;52.87;56.44;44.05;60.82;44.05;61.41
Apr 3, 2018 9:00 AM;Apr 3, 2018 10:00 AM;-;65.29;43.25;49.83;56.47;70.95;43.25;-;-;49.83;52.05;58.80;43.25;56.47;43.25;58.80
Apr 3, 2018 10:00 AM;Apr 3, 2018 11:00 AM;-;56.64;41.08;49.64;50.41;60.93;41.08;-;-;49.64;51.33;45.44;41.08;52.16;41.08;51.96
Apr 3, 2018 11:00 AM;Apr 3, 2018 12:00 PM;-;41.64;41.59;45.68;41.62;41.66;41.59;-;-;45.68;49.08;41.47;41.59;51.44;41.59;51.31
Apr 3, 2018 12:00 PM;Apr 3, 2018 1:00 PM;-;45.00;40.85;45.02;39.76;48.58;40.85;-;-;45.02;46.13;39.00;31.88;48.00;44.50;50.04
Apr 3, 2018 1:00 PM;Apr 3, 2018 2:00 PM;-;37.55;40.89;44.74;36.89;38.00;40.89;-;-;44.74;44.36;40.00;35.89;46.53;42.75;43.75
Apr 3, 2018 2:00 PM;Apr 3, 2018 3:00 PM;-;35.29;40.92;43.96;35.05;35.47;40.92;-;-;43.96;40.01;37.13;34.68;49.50;35.35;40.36
Apr 3, 2018 3:00 PM;Apr 3, 2018 4:00 PM;-;37.90;40.92;43.28;37.90;37.90;40.92;-;-;43.28;39.35;40.15;37.90;51.05;38.99;40.15
Apr 3, 2018 4:00 PM;Apr 3, 2018 5:00 PM;-;41.85;41.85;43.22;41.85;41.85;41.90;-;-;43.22;39.60;40.00;41.85;53.44;41.85;40.00
Apr 3, 2018 5:00 PM;Apr 3, 2018 6:00 PM;-;47.43;44.54;44.54;37.33;49.93;44.49;-;-;44.54;38.86;41.29;44.54;54.76;44.54;41.29
Apr 3, 2018 6:00 PM;Apr 3, 2018 7:00 PM;-;48.34;47.53;47.53;47.36;48.58;47.53;-;-;47.53;43.07;41.96;48.06;59.87;48.06;41.96
Apr 3, 2018 7:00 PM;Apr 3, 2018 8:00 PM;-;49.95;49.95;49.95;49.95;49.95;49.95;-;-;49.95;49.30;51.22;49.95;67.44;49.95;51.22
Apr 3, 2018 8:00 PM;Apr 3, 2018 9:00 PM;-;47.85;47.85;47.85;47.85;47.85;46.56;-;-;47.85;51.47;57.10;47.85;77.49;47.85;57.10
Apr 3, 2018 9:00 PM;Apr 3, 2018 10:00 PM;-;42.87;42.87;42.87;42.87;42.87;42.87;-;-;42.87;47.06;47.70;42.87;67.30;42.87;47.70
Apr 3, 2018 10:00 PM;Apr 3, 2018 11:00 PM;-;39.20;39.20;40.50;39.20;39.20;40.50;-;-;40.50;44.29;41.60;39.20;57.21;39.20;41.60
Apr 3, 2018 11:00 PM;Apr 4, 2018 12:00 AM;-;35.80;39.13;39.13;33.18;38.72;39.13;-;-;39.13;39.61;31.20;30.09;50.89;30.09;31.20
Apr 4, 2018 12:00 AM;Apr 4, 2018 1:00 AM;-;28.63;28.63;28.63;28.63;28.63;39.31;-;-;39.31;32.11;27.14;28.63;48.51;28.63;27.14
Apr 4, 2018 1:00 AM;Apr 4, 2018 2:00 AM;-;26.91;26.91;26.91;26.91;26.91;38.70;-;-;38.51;25.07;24.58;26.91;46.32;26.91;24.58
Apr 4, 2018 2:00 AM;Apr 4, 2018 3:00 AM;-;22.04;22.04;22.04;22.04;22.04;38.75;-;-;38.75;21.59;21.74;22.04;46.46;22.04;21.74
Apr 4, 2018 3:00 AM;Apr 4, 2018 4:00 AM;-;15.25;15.25;15.25;15.25;15.25;38.94;-;-;38.94;17.15;20.10;15.25;50.95;15.25;20.10
Apr 4, 2018 4:00 AM;Apr 4, 2018 5:00 AM;-;22.69;20.09;20.09;13.91;24.80;38.97;-;-;38.84;19.30;24.30;20.09;50.95;20.09;24.30
Apr 4, 2018 5:00 AM;Apr 4, 2018 6:00 AM;-;28.46;28.46;28.46;28.46;28.46;40.08;-;-;40.08;26.41;30.36;28.46;53.00;28.46;30.36
Apr 4, 2018 6:00 AM;Apr 4, 2018 7:00 AM;-;42.75;42.75;42.75;42.75;42.75;41.30;-;-;42.75;42.67;44.95;42.75;58.85;42.75;44.95
Apr 4, 2018 7:00 AM;Apr 4, 2018 8:00 AM;-;48.50;48.50;48.50;48.50;48.50;46.67;-;-;48.50;52.00;53.65;48.50;62.80;48.50;53.65
Apr 4, 2018 8:00 AM;Apr 4, 2018 9:00 AM;-;55.51;55.51;55.51;55.51;55.51;55.51;-;-;55.51;56.17;56.57;55.51;80.00;55.51;56.57
Apr 4, 2018 9:00 AM;Apr 4, 2018 10:00 AM;-;48.76;48.76;48.76;48.76;48.76;48.76;-;-;48.76;55.17;52.31;48.76;78.71;48.76;52.31
Apr 4, 2018 10:00 AM;Apr 4, 2018 11:00 AM;-;45.00;45.00;45.00;45.00;45.00;45.00;-;-;45.00;49.99;45.72;45.00;73.57;45.00;45.72
Apr 4, 2018 11:00 AM;Apr 4, 2018 12:00 PM;-;44.90;44.90;44.90;44.90;44.90;42.38;-;-;44.90;45.79;44.26;44.90;62.80;44.90;44.26
Apr 4, 2018 12:00 PM;Apr 4, 2018 1:00 PM;-;37.62;38.30;38.30;37.62;37.62;40.82;-;-;43.21;41.92;39.99;37.62;58.85;37.62;39.99
Apr 4, 2018 1:00 PM;Apr 4, 2018 2:00 PM;-;34.90;40.82;40.82;34.90;34.90;40.82;-;-;42.58;38.38;37.17;34.90;55.22;34.90;37.17
Apr 4, 2018 2:00 PM;Apr 4, 2018 3:00 PM;-;31.94;40.79;40.79;31.94;31.94;40.79;-;-;41.32;37.07;36.90;31.94;62.80;31.94;36.90
Apr 4, 2018 3:00 PM;Apr 4, 2018 4:00 PM;-;32.07;40.80;40.80;32.07;32.07;40.80;-;-;41.03;37.72;35.71;32.07;58.54;32.07;35.71
Apr 4, 2018 4:00 PM;Apr 4, 2018 5:00 PM;-;31.97;40.84;40.84;31.59;34.30;40.84;-;-;41.15;37.55;34.85;31.09;55.21;31.09;34.85
Apr 4, 2018 5:00 PM;Apr 4, 2018 6:00 PM;-;39.00;41.49;41.49;39.00;39.00;41.49;-;-;41.49;37.71;37.00;39.00;55.22;39.00;37.00
Apr 4, 2018 6:00 PM;Apr 4, 2018 7:00 PM;-;42.40;42.40;42.40;42.40;42.40;42.40;-;-;42.40;41.07;40.39;42.40;57.49;42.40;40.39
Apr 4, 2018 7:00 PM;Apr 4, 2018 8:00 PM;-;42.79;42.79;42.79;42.79;42.79;42.79;-;-;42.79;44.10;45.39;42.79;66.37;42.79;45.39
Apr 4, 2018 8:00 PM;Apr 4, 2018 9:00 PM;-;43.74;43.74;43.74;43.74;43.74;43.74;-;-;43.74;44.77;45.85;43.74;76.33;43.74;45.85
Apr 4, 2018 9:00 PM;Apr 4, 2018 10:00 PM;-;42.54;42.54;42.54;42.54;42.54;41.69;-;-;42.54;40.07;40.45;42.54;61.00;42.54;40.45
Apr 4, 2018 10:00 PM;Apr 4, 2018 11:00 PM;-;39.62;39.62;39.62;39.62;39.62;40.17;-;-;40.07;38.69;36.13;39.62;54.94;39.62;36.13
Apr 4, 2018 11:00 PM;Apr 5, 2018 12:00 AM;-;32.09;32.09;32.09;32.09;32.09;39.35;-;-;37.95;36.91;27.55;32.09;49.95;32.09;27.55
Apr 5, 2018 12:00 AM;Apr 5, 2018 1:00 AM;-;32.31;36.32;36.32;32.31;32.31;39.39;-;-;39.39;33.54;27.30;32.31;49.50;32.31;27.30
Apr 5, 2018 1:00 AM;Apr 5, 2018 2:00 AM;-;28.79;35.03;35.03;28.79;28.79;38.88;-;-;38.88;30.05;23.80;28.79;45.93;28.79;23.80
Apr 5, 2018 2:00 AM;Apr 5, 2018 3:00 AM;-;26.07;36.03;36.03;26.07;26.07;38.80;-;-;38.80;29.59;19.60;26.07;43.09;26.07;19.60
Apr 5, 2018 3:00 AM;Apr 5, 2018 4:00 AM;-;21.60;36.52;36.52;21.60;21.60;39.09;-;-;39.09;29.60;15.36;21.60;42.56;21.60;15.36
Apr 5, 2018 4:00 AM;Apr 5, 2018 5:00 AM;-;21.06;36.71;36.71;21.06;21.06;38.96;-;-;38.96;29.55;16.73;21.06;42.85;21.06;16.73
Apr 5, 2018 5:00 AM;Apr 5, 2018 6:00 AM;-;27.82;40.23;40.23;27.82;27.82;40.23;-;-;40.23;34.59;25.09;27.82;45.57;27.82;25.09
Apr 5, 2018 6:00 AM;Apr 5, 2018 7:00 AM;-;38.60;42.24;42.24;38.60;38.60;42.24;-;-;42.24;47.57;36.57;38.60;52.50;38.60;36.57
Apr 5, 2018 7:00 AM;Apr 5, 2018 8:00 AM;-;45.22;45.22;45.22;45.22;45.22;45.22;-;-;47.64;51.67;42.57;45.22;55.95;45.22;42.57
Apr 5, 2018 8:00 AM;Apr 5, 2018 9:00 AM;-;48.32;45.30;45.30;54.92;44.94;45.30;-;-;52.28;54.15;41.76;44.94;63.66;47.14;41.76
Apr 5, 2018 9:00 AM;Apr 5, 2018 10:00 AM;-;49.67;45.27;45.27;55.92;41.93;45.27;-;-;51.98;57.18;37.00;41.93;55.92;41.93;37.00
Apr 5, 2018 10:00 AM;Apr 5, 2018 11:00 AM;-;45.04;42.99;42.99;52.50;45.04;42.99;-;-;47.98;54.75;30.97;35.40;53.41;53.30;30.97
Apr 5, 2018 11:00 AM;Apr 5, 2018 12:00 PM;-;41.23;41.69;41.69;49.10;41.23;41.69;-;-;46.53;51.36;29.65;29.57;51.52;51.52;29.65
Apr 5, 2018 12:00 PM;Apr 5, 2018 1:00 PM;-;37.91;40.75;40.75;46.88;37.91;40.75;-;-;44.06;48.46;28.51;26.00;46.88;42.10;28.51
Apr 5, 2018 1:00 PM;Apr 5, 2018 2:00 PM;-;37.68;40.59;40.59;46.46;37.68;40.59;-;-;43.28;46.40;28.51;25.07;46.46;42.10;28.51
Apr 5, 2018 2:00 PM;Apr 5, 2018 3:00 PM;-;37.40;35.28;35.28;46.05;37.40;40.25;-;-;42.42;47.43;28.01;25.10;46.70;42.10;28.01
Apr 5, 2018 3:00 PM;Apr 5, 2018 4:00 PM;-;35.90;25.07;25.07;39.96;35.90;40.16;-;-;42.29;44.21;28.07;25.07;50.09;42.10;28.07
Apr 5, 2018 4:00 PM;Apr 5, 2018 5:00 PM;-;39.68;23.03;23.03;39.68;39.68;40.12;-;-;42.44;44.02;28.40;23.03;51.71;42.10;28.40
Apr 5, 2018 5:00 PM;Apr 5, 2018 6:00 PM;-;35.90;29.87;29.87;33.52;37.62;40.11;-;-;42.50;45.01;28.32;29.87;49.95;42.10;28.32
Apr 5, 2018 6:00 PM;Apr 5, 2018 7:00 PM;-;44.49;36.91;36.91;44.49;44.49;40.12;-;-;42.65;48.00;33.45;36.91;53.95;36.91;33.45
Apr 5, 2018 7:00 PM;Apr 5, 2018 8:00 PM;-;47.18;40.77;40.77;47.18;47.18;40.77;-;-;42.71;47.75;40.32;40.77;63.66;40.77;41.18
Apr 5, 2018 8:00 PM;Apr 5, 2018 9:00 PM;-;49.10;40.97;40.97;49.10;49.10;40.86;-;-;42.55;48.73;43.75;40.97;75.00;40.97;45.96
Apr 5, 2018 9:00 PM;Apr 5, 2018 10:00 PM;-;49.40;40.04;40.04;49.40;49.40;40.48;-;-;41.20;46.76;39.95;40.04;57.07;40.04;39.95
Apr 5, 2018 10:00 PM;Apr 5, 2018 11:00 PM;-;46.40;39.90;39.90;46.40;46.40;39.90;-;-;39.90;46.90;37.29;39.90;54.29;39.90;37.29
Apr 5, 2018 11:00 PM;Apr 6, 2018 12:00 AM;-;46.40;35.49;35.49;46.40;46.40;39.15;-;-;36.87;42.90;30.01;35.49;49.50;35.49;30.01
Apr 6, 2018 12:00 AM;Apr 6, 2018 1:00 AM;-;37.00;28.67;28.67;37.00;37.00;39.48;-;-;36.55;39.85;32.05;28.67;53.07;28.67;32.05
Apr 6, 2018 1:00 AM;Apr 6, 2018 2:00 AM;-;29.41;29.41;29.41;29.41;29.41;39.41;-;-;35.05;35.32;30.95;29.41;49.95;29.41;30.95
Apr 6, 2018 2:00 AM;Apr 6, 2018 3:00 AM;-;30.00;30.00;30.00;30.00;30.00;39.32;-;-;33.97;33.83;30.51;30.00;46.45;30.00;30.51
Apr 6, 2018 3:00 AM;Apr 6, 2018 4:00 AM;-;29.06;29.06;29.06;29.06;29.06;39.31;-;-;33.45;32.88;28.75;29.06;45.93;29.06;28.75
Apr 6, 2018 4:00 AM;Apr 6, 2018 5:00 AM;-;29.00;29.00;29.00;29.00;29.00;39.46;-;-;33.72;34.26;31.09;29.00;44.85;29.00;31.09
Apr 6, 2018 5:00 AM;Apr 6, 2018 6:00 AM;-;34.35;34.35;34.35;34.35;34.35;39.25;-;-;39.04;35.99;36.01;34.35;48.48;34.35;36.01
Apr 6, 2018 6:00 AM;Apr 6, 2018 7:00 AM;-;43.18;42.64;42.64;43.18;43.18;41.39;-;-;41.39;52.09;45.80;43.18;55.10;43.18;45.80
Apr 6, 2018 7:00 AM;Apr 6, 2018 8:00 AM;-;53.79;53.79;53.79;53.79;53.79;45.64;-;-;45.64;58.17;55.00;53.79;62.29;53.79;55.00
Apr 6, 2018 8:00 AM;Apr 6, 2018 9:00 AM;-;55.05;54.48;54.48;55.05;55.05;49.33;-;-;49.33;59.10;55.93;55.05;81.00;55.05;55.93
Apr 6, 2018 9:00 AM;Apr 6, 2018 10:00 AM;-;51.31;43.98;43.98;48.09;51.50;43.98;-;-;43.98;52.85;47.80;43.98;67.30;43.98;47.80
Apr 6, 2018 10:00 AM;Apr 6, 2018 11:00 AM;-;41.94;41.94;41.94;41.94;41.94;41.94;-;-;41.94;44.39;41.70;41.94;56.71;41.94;41.70
Apr 6, 2018 11:00 AM;Apr 6, 2018 12:00 PM;-;39.19;38.06;38.06;39.19;39.19;40.87;-;-;40.87;42.02;37.71;38.06;51.99;38.06;37.71
Apr 6, 2018 12:00 PM;Apr 6, 2018 1:00 PM;-;32.60;38.07;38.07;32.60;32.60;40.40;-;-;40.40;36.39;31.36;32.60;47.67;32.60;31.36
Apr 6, 2018 1:00 PM;Apr 6, 2018 2:00 PM;-;29.90;40.08;40.08;29.90;29.90;40.08;-;-;40.08;34.43;29.00;29.90;46.16;29.90;29.00
Apr 6, 2018 2:00 PM;Apr 6, 2018 3:00 PM;-;30.00;39.48;39.48;30.00;30.00;39.48;-;-;39.48;31.18;27.60;30.00;48.48;30.00;27.60
Apr 6, 2018 3:00 PM;Apr 6, 2018 4:00 PM;-;28.63;39.37;39.37;28.63;28.63;39.37;-;-;39.37;30.06;27.02;28.63;50.09;28.63;27.02
Apr 6, 2018 4:00 PM;Apr 6, 2018 5:00 PM;-;28.65;39.75;39.75;28.65;28.65;39.75;-;-;39.75;31.15;28.64;28.65;51.71;28.65;28.64
Apr 6, 2018 5:00 PM;Apr 6, 2018 6:00 PM;-;31.68;40.22;40.22;31.68;31.68;40.22;-;-;40.22;35.56;33.80;31.68;52.50;31.68;33.80
Apr 6, 2018 6:00 PM;Apr 6, 2018 7:00 PM;-;38.76;40.53;40.53;38.76;38.76;40.53;-;-;40.53;39.82;39.20;38.76;56.66;38.76;39.20
Apr 6, 2018 7:00 PM;Apr 6, 2018 8:00 PM;-;42.17;42.17;42.17;42.17;42.17;41.41;-;-;41.41;43.63;41.91;42.17;68.87;42.17;41.91
Apr 6, 2018 8:00 PM;Apr 6, 2018 9:00 PM;-;42.99;42.99;42.99;42.99;42.99;40.98;-;-;40.98;41.79;40.01;42.99;77.49;42.99;40.01
Apr 6, 2018 9:00 PM;Apr 6, 2018 10:00 PM;-;37.56;39.48;39.48;37.07;39.90;40.53;-;-;40.53;38.53;34.00;36.39;59.21;36.39;34.00
Apr 6, 2018 10:00 PM;Apr 6, 2018 11:00 PM;-;36.10;37.93;37.93;32.72;49.90;39.65;-;-;39.65;36.36;31.52;28.01;55.00;28.01;31.52
Apr 6, 2018 11:00 PM;Apr 7, 2018 12:00 AM;-;39.73;18.63;18.63;30.45;47.40;37.95;-;-;37.54;34.38;25.00;18.63;49.95;18.63;25.00
Apr 7, 2018 12:00 AM;Apr 7, 2018 1:00 AM;-;25.22;19.05;19.05;22.56;36.70;39.10;-;-;39.10;29.99;16.01;19.05;51.40;19.05;16.01
Apr 7, 2018 1:00 AM;Apr 7, 2018 2:00 AM;-;22.61;15.79;15.79;19.66;35.00;38.44;-;-;38.44;25.85;12.51;15.79;46.50;15.79;12.51
Apr 7, 2018 2:00 AM;Apr 7, 2018 3:00 AM;-;18.56;13.27;13.27;16.45;30.00;38.28;-;-;38.28;21.26;10.00;13.27;44.83;13.27;10.00
Apr 7, 2018 3:00 AM;Apr 7, 2018 4:00 AM;-;15.32;6.61;6.61;11.50;33.60;38.29;-;-;38.13;20.02;9.50;6.61;44.98;6.61;9.50
Apr 7, 2018 4:00 AM;Apr 7, 2018 5:00 AM;-;14.54;7.67;7.67;11.54;29.00;38.50;-;-;38.50;15.46;9.00;7.67;45.76;7.67;9.00
Apr 7, 2018 5:00 AM;Apr 7, 2018 6:00 AM;-;18.59;13.22;13.22;16.37;30.20;38.83;-;-;38.83;19.99;10.44;13.22;48.19;13.22;10.44
Apr 7, 2018 6:00 AM;Apr 7, 2018 7:00 AM;-;22.97;14.33;14.33;19.46;34.50;38.75;-;-;38.75;22.19;12.99;14.33;53.24;14.33;12.99
Apr 7, 2018 7:00 AM;Apr 7, 2018 8:00 AM;-;22.69;17.14;17.14;21.36;31.90;39.11;-;-;39.11;20.65;16.23;17.14;58.50;17.14;16.23
Apr 7, 2018 8:00 AM;Apr 7, 2018 9:00 AM;-;27.89;18.97;18.97;26.05;42.04;39.55;-;-;40.96;26.09;19.60;18.97;65.00;18.97;19.60
Apr 7, 2018 9:00 AM;Apr 7, 2018 10:00 AM;-;34.48;18.11;18.11;33.99;55.30;39.61;-;-;41.75;31.65;17.80;18.11;56.17;18.11;17.80
Apr 7, 2018 10:00 AM;Apr 7, 2018 11:00 AM;-;33.99;13.22;13.22;33.99;38.94;39.66;-;-;41.81;32.08;10.00;13.22;48.48;13.22;10.00
Apr 7, 2018 11:00 AM;Apr 7, 2018 12:00 PM;-;34.40;0.10;0.10;36.29;34.40;39.62;-;-;40.92;31.44;5.72;0.10;44.37;30.00;5.72
Apr 7, 2018 12:00 PM;Apr 7, 2018 1:00 PM;-;30.10;0.03;0.03;37.22;30.10;39.57;-;-;40.06;31.41;0.51;-10.06;37.22;21.00;0.51
Apr 7, 2018 1:00 PM;Apr 7, 2018 2:00 PM;-;23.47;0.04;0.04;21.74;36.50;39.43;-;-;39.43;27.75;0.01;-4.97;21.74;21.74;0.05
Apr 7, 2018 2:00 PM;Apr 7, 2018 3:00 PM;-;21.60;0.11;0.11;20.00;32.40;39.00;-;-;39.00;21.36;0.01;-2.01;20.00;20.00;0.01
Apr 7, 2018 3:00 PM;Apr 7, 2018 4:00 PM;-;15.77;12.04;12.04;12.01;34.00;38.73;-;-;38.73;16.88;0.90;7.57;29.94;21.00;0.90
Apr 7, 2018 4:00 PM;Apr 7, 2018 5:00 PM;-;19.75;23.31;23.31;17.18;32.40;38.48;-;-;38.45;17.79;6.10;14.15;39.93;14.15;6.10
Apr 7, 2018 5:00 PM;Apr 7, 2018 6:00 PM;-;26.19;38.93;38.93;24.59;34.40;38.93;-;-;38.93;25.23;21.94;22.70;48.48;22.70;21.94
Apr 7, 2018 6:00 PM;Apr 7, 2018 7:00 PM;-;34.00;39.51;39.51;33.90;34.50;39.51;-;-;39.51;34.37;32.56;33.79;56.12;33.79;32.56
Apr 7, 2018 7:00 PM;Apr 7, 2018 8:00 PM;-;40.45;40.45;40.45;40.45;40.45;40.45;-;-;40.45;38.65;37.12;40.45;69.00;40.45;37.12
Apr 7, 2018 8:00 PM;Apr 7, 2018 9:00 PM;-;46.29;40.48;40.48;43.65;59.90;40.48;-;-;40.48;37.41;35.38;40.48;77.89;40.48;35.38
Apr 7, 2018 9:00 PM;Apr 7, 2018 10:00 PM;-;45.31;39.09;39.09;39.22;75.98;39.09;-;-;39.09;34.95;31.65;31.91;70.00;31.91;31.65
Apr 7, 2018 10:00 PM;Apr 7, 2018 11:00 PM;-;37.00;36.69;36.69;35.50;38.36;38.68;-;-;38.07;34.34;28.63;34.04;56.44;34.04;28.63
Apr 7, 2018 11:00 PM;Apr 8, 2018 12:00 AM;-;36.84;36.91;36.91;36.84;36.84;38.82;-;-;38.82;33.04;23.97;29.90;51.40;29.90;23.97
Apr 8, 2018 12:00 AM;Apr 8, 2018 1:00 AM;-;35.38;36.20;36.20;33.45;37.00;39.15;-;-;39.15;31.49;23.32;22.09;50.85;22.09;23.32
Apr 8, 2018 1:00 AM;Apr 8, 2018 2:00 AM;-;30.52;32.19;32.19;30.52;30.52;39.06;-;-;38.98;23.19;20.00;20.82;46.49;20.82;20.00
Apr 8, 2018 2:00 AM;Apr 8, 2018 3:00 AM;-;29.79;32.22;32.22;24.47;34.30;38.96;-;-;38.96;20.85;17.67;19.31;43.86;19.31;17.67
Apr 8, 2018 3:00 AM;Apr 8, 2018 4:00 AM;-;19.39;33.67;33.67;19.39;19.39;39.02;-;-;39.02;19.50;16.90;19.39;43.01;19.39;16.90
Apr 8, 2018 4:00 AM;Apr 8, 2018 5:00 AM;-;19.01;36.89;36.89;19.01;19.01;39.13;-;-;39.13;20.34;17.00;19.01;41.71;19.01;17.00
Apr 8, 2018 5:00 AM;Apr 8, 2018 6:00 AM;-;19.10;37.96;37.96;19.10;19.45;39.28;-;-;39.28;20.37;18.38;19.10;45.70;19.10;18.38
Apr 8, 2018 6:00 AM;Apr 8, 2018 7:00 AM;-;21.49;38.97;38.97;21.49;29.80;38.97;-;-;38.97;23.02;19.60;21.49;45.76;21.49;19.60
Apr 8, 2018 7:00 AM;Apr 8, 2018 8:00 AM;-;19.35;38.86;38.86;19.35;25.00;38.86;-;-;38.86;22.38;22.14;19.35;45.85;19.35;22.14
Apr 8, 2018 8:00 AM;Apr 8, 2018 9:00 AM;-;20.51;39.42;39.42;20.51;29.90;39.42;-;-;39.42;26.05;24.86;20.51;45.31;20.51;24.86
Apr 8, 2018 9:00 AM;Apr 8, 2018 10:00 AM;-;22.39;39.82;39.82;22.39;28.00;39.82;-;-;39.82;25.58;24.21;22.39;38.61;22.39;24.21
Apr 8, 2018 10:00 AM;Apr 8, 2018 11:00 AM;-;19.41;40.05;40.05;19.41;27.40;40.05;-;-;40.05;22.55;20.00;19.41;34.98;19.41;20.00
Apr 8, 2018 11:00 AM;Apr 8, 2018 12:00 PM;-;18.88;39.84;39.84;18.83;29.00;39.84;-;-;39.84;18.97;20.00;18.00;30.00;18.00;20.00
Apr 8, 2018 12:00 PM;Apr 8, 2018 1:00 PM;-;17.33;39.49;39.49;17.26;27.60;39.49;-;-;39.49;18.88;17.17;15.98;19.86;15.98;17.17
Apr 8, 2018 1:00 PM;Apr 8, 2018 2:00 PM;-;19.57;39.12;39.12;19.23;24.00;39.12;-;-;39.12;12.94;11.84;13.20;19.23;13.20;11.84
Apr 8, 2018 2:00 PM;Apr 8, 2018 3:00 PM;-;9.67;38.88;38.88;9.39;18.00;38.88;-;-;38.88;10.32;7.53;4.49;9.39;4.49;7.53
Apr 8, 2018 3:00 PM;Apr 8, 2018 4:00 PM;-;12.36;38.80;38.80;12.36;18.00;38.80;-;-;38.80;11.21;9.95;12.36;12.36;12.36;9.95
Apr 8, 2018 4:00 PM;Apr 8, 2018 5:00 PM;-;16.28;38.85;38.85;16.28;24.90;38.85;-;-;38.85;16.07;13.84;16.28;20.00;16.28;13.84
Apr 8, 2018 5:00 PM;Apr 8, 2018 6:00 PM;-;15.92;39.07;39.07;15.92;29.90;39.07;-;-;39.07;22.88;21.35;15.92;41.00;15.92;21.35
Apr 8, 2018 6:00 PM;Apr 8, 2018 7:00 PM;-;31.81;39.46;39.46;27.27;30.50;39.46;-;-;39.46;29.45;31.60;29.10;49.30;29.10;31.60
Apr 8, 2018 7:00 PM;Apr 8, 2018 8:00 PM;-;43.92;39.91;39.91;37.19;41.98;40.72;-;-;40.72;39.45;41.57;39.91;58.51;39.91;41.57
Apr 8, 2018 8:00 PM;Apr 8, 2018 9:00 PM;-;40.38;43.07;43.07;40.38;44.75;42.26;-;-;42.26;41.36;43.22;43.07;76.28;43.07;43.22
Apr 8, 2018 9:00 PM;Apr 8, 2018 10:00 PM;-;41.68;41.68;41.68;41.68;41.68;41.68;-;-;41.68;39.27;40.90;41.68;60.40;41.68;40.90
Apr 8, 2018 10:00 PM;Apr 8, 2018 11:00 PM;-;41.10;41.10;41.10;41.10;41.10;39.90;-;-;39.90;39.14;40.50;41.10;53.88;41.10;40.50
Apr 8, 2018 11:00 PM;Apr 9, 2018 12:00 AM;-;37.60;37.60;37.60;37.60;37.60;38.80;-;-;38.80;36.80;35.50;37.60;48.95;37.60;35.50
Apr 9, 2018 12:00 AM;Apr 9, 2018 1:00 AM;-;38.53;38.57;38.57;38.53;38.53;38.57;-;-;38.57;33.94;30.06;38.53;46.29;38.53;30.06
Apr 9, 2018 1:00 AM;Apr 9, 2018 2:00 AM;-;33.95;38.00;38.00;33.95;33.95;38.08;-;-;38.00;32.21;30.00;33.95;35.00;31.10;4.99
Apr 9, 2018 2:00 AM;Apr 9, 2018 3:00 AM;-;32.28;37.94;37.94;32.28;32.28;37.94;-;-;37.94;29.71;29.14;32.28;32.28;30.55;4.99
Apr 9, 2018 3:00 AM;Apr 9, 2018 4:00 AM;-;31.65;36.48;36.48;31.65;31.65;38.50;-;-;37.97;29.19;28.91;31.65;33.68;31.10;14.21
Apr 9, 2018 4:00 AM;Apr 9, 2018 5:00 AM;-;31.82;31.82;31.82;31.82;31.82;39.10;-;-;39.10;29.86;29.45;31.82;35.99;31.10;20.06
Apr 9, 2018 5:00 AM;Apr 9, 2018 6:00 AM;-;37.24;37.24;37.24;37.24;37.24;39.92;-;-;39.92;34.25;33.32;37.24;40.00;37.24;32.99
Apr 9, 2018 6:00 AM;Apr 9, 2018 7:00 AM;-;47.99;47.99;47.99;47.99;47.99;42.46;-;-;42.46;45.07;46.94;47.99;50.52;47.99;46.94
Apr 9, 2018 7:00 AM;Apr 9, 2018 8:00 AM;-;56.50;56.50;56.50;56.50;56.50;50.04;-;-;50.04;54.56;55.14;56.50;61.90;56.50;55.14
Apr 9, 2018 8:00 AM;Apr 9, 2018 9:00 AM;-;62.13;62.13;62.13;62.13;62.13;61.14;-;-;61.14;57.19;56.96;62.13;80.00;62.13;56.96
Apr 9, 2018 9:00 AM;Apr 9, 2018 10:00 AM;-;62.00;52.01;52.01;57.68;70.55;52.01;-;-;52.01;50.99;50.45;52.01;76.67;52.01;50.45
Apr 9, 2018 10:00 AM;Apr 9, 2018 11:00 AM;-;58.58;47.77;47.77;58.58;58.58;47.77;-;-;47.77;46.43;43.75;47.77;70.00;47.77;43.75
Apr 9, 2018 11:00 AM;Apr 9, 2018 12:00 PM;-;54.77;44.78;44.78;54.77;54.77;44.78;-;-;44.78;44.61;41.03;44.78;60.00;44.78;41.03
Apr 9, 2018 12:00 PM;Apr 9, 2018 1:00 PM;-;47.45;42.94;42.94;47.45;47.45;42.94;-;-;42.94;40.82;38.24;42.94;56.22;42.94;38.24
Apr 9, 2018 1:00 PM;Apr 9, 2018 2:00 PM;-;42.81;42.50;42.50;42.81;42.81;42.50;-;-;42.50;38.37;36.38;42.50;53.69;42.50;36.38
Apr 9, 2018 2:00 PM;Apr 9, 2018 3:00 PM;-;40.57;41.51;41.51;40.57;40.57;41.51;-;-;41.51;37.08;35.04;40.57;57.31;40.57;35.04
Apr 9, 2018 3:00 PM;Apr 9, 2018 4:00 PM;-;39.30;39.30;39.30;39.30;39.30;41.35;-;-;41.35;37.41;35.63;39.30;60.98;39.30;35.63
Apr 9, 2018 4:00 PM;Apr 9, 2018 5:00 PM;-;41.00;41.00;41.00;41.00;41.00;41.96;-;-;41.96;38.27;36.94;41.00;59.15;41.00;36.94
Apr 9, 2018 5:00 PM;Apr 9, 2018 6:00 PM;-;43.92;43.92;43.92;43.92;43.92;43.68;-;-;43.68;41.08;41.25;43.92;57.47;43.92;41.25
Apr 9, 2018 6:00 PM;Apr 9, 2018 7:00 PM;-;47.69;47.69;47.69;47.69;47.69;44.91;-;-;44.91;45.09;45.26;47.69;57.47;47.69;45.26
Apr 9, 2018 7:00 PM;Apr 9, 2018 8:00 PM;-;49.92;49.92;49.92;49.92;49.92;45.26;-;-;45.26;47.72;49.00;49.92;67.48;49.92;49.00
Apr 9, 2018 8:00 PM;Apr 9, 2018 9:00 PM;-;53.52;46.26;46.26;50.28;59.25;43.66;-;-;43.66;48.02;51.07;46.26;75.53;46.26;51.07
Apr 9, 2018 9:00 PM;Apr 9, 2018 10:00 PM;-;47.85;40.43;40.43;44.53;52.85;41.26;-;-;41.26;45.65;46.33;40.43;59.00;40.43;46.33
Apr 9, 2018 10:00 PM;Apr 9, 2018 11:00 PM;-;42.40;39.34;39.34;42.40;42.40;39.63;-;-;39.63;43.39;41.36;39.34;54.52;39.34;41.36
Apr 9, 2018 11:00 PM;Apr 10, 2018 12:00 AM;-;44.90;32.22;32.22;44.90;44.90;38.36;-;-;38.36;35.06;33.52;32.22;49.07;32.22;33.52
Apr 10, 2018 12:00 AM;Apr 10, 2018 1:00 AM;-;34.30;34.30;34.30;34.30;34.30;38.45;-;-;38.45;34.64;31.76;34.30;45.22;34.30;31.76
Apr 10, 2018 1:00 AM;Apr 10, 2018 2:00 AM;-;31.81;31.81;31.81;31.81;31.81;37.55;-;-;37.04;31.35;28.89;31.81;35.20;31.81;28.89
Apr 10, 2018 2:00 AM;Apr 10, 2018 3:00 AM;-;29.00;29.00;29.00;29.00;29.00;37.41;-;-;37.03;28.93;27.30;29.00;35.00;29.00;27.30
Apr 10, 2018 3:00 AM;Apr 10, 2018 4:00 AM;-;27.32;27.32;27.32;27.32;27.32;37.76;-;-;37.05;24.89;25.00;27.32;35.00;27.32;25.00
Apr 10, 2018 4:00 AM;Apr 10, 2018 5:00 AM;-;28.05;28.05;28.05;28.05;28.05;37.82;-;-;37.78;24.45;26.00;28.05;35.35;28.05;26.00
Apr 10, 2018 5:00 AM;Apr 10, 2018 6:00 AM;-;32.51;32.51;32.51;32.51;32.51;39.09;-;-;39.09;30.12;32.00;32.51;43.02;32.51;32.00
Apr 10, 2018 6:00 AM;Apr 10, 2018 7:00 AM;-;41.37;41.37;41.37;41.37;41.37;39.66;-;-;41.37;40.24;42.00;41.37;50.99;41.37;42.00
Apr 10, 2018 7:00 AM;Apr 10, 2018 8:00 AM;-;44.32;44.32;44.32;44.32;44.32;40.89;-;-;44.32;46.42;48.70;44.32;54.54;44.32;48.70
Apr 10, 2018 8:00 AM;Apr 10, 2018 9:00 AM;-;57.30;42.98;42.98;52.49;52.96;42.98;-;-;45.74;51.82;49.00;42.98;66.61;42.98;49.00
Apr 10, 2018 9:00 AM;Apr 10, 2018 10:00 AM;-;62.70;42.39;42.39;55.61;62.70;40.82;-;-;44.01;50.50;44.34;42.39;56.69;42.39;44.34
Apr 10, 2018 10:00 AM;Apr 10, 2018 11:00 AM;-;56.59;38.04;38.04;52.50;56.59;39.62;-;-;43.26;50.26;41.15;38.04;52.50;38.04;41.15
Apr 10, 2018 11:00 AM;Apr 10, 2018 12:00 PM;-;55.78;36.76;36.76;52.28;55.78;39.10;-;-;41.98;48.68;39.42;36.76;52.28;36.76;39.42
Apr 10, 2018 12:00 PM;Apr 10, 2018 1:00 PM;-;45.27;42.00;42.00;44.06;45.80;39.66;-;-;42.00;42.33;36.71;42.00;50.00;42.00;36.71
Apr 10, 2018 1:00 PM;Apr 10, 2018 2:00 PM;-;41.26;41.26;41.26;41.26;41.26;39.45;-;-;41.67;41.59;36.91;41.26;50.00;41.26;36.91
Apr 10, 2018 2:00 PM;Apr 10, 2018 3:00 PM;-;41.00;30.89;30.89;45.97;41.00;38.79;-;-;41.07;44.15;34.05;30.89;51.21;30.89;34.05
Apr 10, 2018 3:00 PM;Apr 10, 2018 4:00 PM;-;37.68;36.70;36.70;37.25;38.50;38.75;-;-;40.82;39.55;35.49;36.70;51.54;36.70;35.49
Apr 10, 2018 4:00 PM;Apr 10, 2018 5:00 PM;-;43.51;34.03;34.03;40.05;44.90;38.74;-;-;40.90;39.05;36.00;34.03;54.13;34.03;36.00
Apr 10, 2018 5:00 PM;Apr 10, 2018 6:00 PM;-;42.24;37.73;37.73;40.24;46.00;38.79;-;-;41.08;39.64;37.95;37.73;55.31;37.73;37.95
Apr 10, 2018 6:00 PM;Apr 10, 2018 7:00 PM;-;45.52;40.46;40.46;43.28;49.90;39.40;-;-;41.27;41.44;40.70;40.46;59.23;40.46;40.70
Apr 10, 2018 7:00 PM;Apr 10, 2018 8:00 PM;-;54.55;39.69;39.69;48.88;55.08;39.65;-;-;41.26;47.88;43.26;39.69;75.00;39.69;45.01
Apr 10, 2018 8:00 PM;Apr 10, 2018 9:00 PM;-;55.90;39.11;39.11;49.63;55.90;39.15;-;-;41.16;49.13;43.00;39.11;76.67;39.11;46.98
Apr 10, 2018 9:00 PM;Apr 10, 2018 10:00 PM;-;55.34;33.99;33.99;47.16;60.00;38.95;-;-;40.55;47.29;38.42;33.99;56.79;33.99;38.42
Apr 10, 2018 10:00 PM;Apr 10, 2018 11:00 PM;-;54.69;30.95;30.95;45.64;59.22;39.04;-;-;39.42;45.00;35.10;30.95;52.00;30.95;35.10
Apr 10, 2018 11:00 PM;Apr 11, 2018 12:00 AM;-;37.87;29.15;29.15;37.87;37.87;37.94;-;-;37.94;42.58;28.34;29.15;49.52;29.15;28.34
Apr 11, 2018 12:00 AM;Apr 11, 2018 1:00 AM;-;37.30;21.63;21.63;32.26;44.90;38.69;-;-;38.69;33.54;25.14;21.63;54.57;21.63;25.14
Apr 11, 2018 1:00 AM;Apr 11, 2018 2:00 AM;-;30.82;20.09;20.09;25.92;38.00;38.14;-;-;38.14;31.09;24.01;20.09;50.52;20.09;24.01
Apr 11, 2018 2:00 AM;Apr 11, 2018 3:00 AM;-;24.53;19.96;19.96;22.57;35.50;37.99;-;-;37.99;26.44;22.42;19.96;49.07;19.96;22.42
Apr 11, 2018 3:00 AM;Apr 11, 2018 4:00 AM;-;20.91;19.96;19.96;20.48;21.53;38.28;-;-;38.28;23.98;21.70;19.96;46.05;22.10;21.70
Apr 11, 2018 4:00 AM;Apr 11, 2018 5:00 AM;-;24.27;21.44;21.44;23.05;31.10;38.42;-;-;38.42;24.52;23.42;21.44;46.05;21.44;23.42
Apr 11, 2018 5:00 AM;Apr 11, 2018 6:00 AM;-;30.10;26.39;26.39;28.40;33.00;39.62;-;-;39.62;29.70;28.46;26.39;49.07;26.39;28.46
Apr 11, 2018 6:00 AM;Apr 11, 2018 7:00 AM;-;36.49;36.49;36.49;36.49;36.49;40.10;-;-;40.70;40.04;39.83;36.49;55.03;36.49;39.83
Apr 11, 2018 7:00 AM;Apr 11, 2018 8:00 AM;-;42.52;42.52;42.52;42.52;42.52;39.95;-;-;44.57;45.25;44.80;42.52;75.53;42.52;44.80
Apr 11, 2018 8:00 AM;Apr 11, 2018 9:00 AM;-;50.23;43.11;43.37;48.63;57.40;40.91;-;-;46.69;51.76;44.92;43.37;90.49;43.37;44.92
Apr 11, 2018 9:00 AM;Apr 11, 2018 10:00 AM;-;71.16;39.81;39.81;59.41;72.50;39.91;-;-;44.69;52.06;41.35;39.81;77.07;39.81;41.35
Apr 11, 2018 10:00 AM;Apr 11, 2018 11:00 AM;-;62.50;38.30;38.30;57.69;62.50;39.35;-;-;43.55;49.92;37.59;38.30;60.82;38.30;39.71
Apr 11, 2018 11:00 AM;Apr 11, 2018 12:00 PM;-;56.76;33.69;33.69;51.63;56.76;39.23;-;-;42.13;49.93;35.90;33.69;55.78;33.69;38.25
Apr 11, 2018 12:00 PM;Apr 11, 2018 1:00 PM;-;59.16;30.66;30.66;50.49;54.30;39.50;-;-;41.30;47.18;34.00;30.66;53.14;30.66;35.25
Apr 11, 2018 1:00 PM;Apr 11, 2018 2:00 PM;-;53.21;26.10;26.10;43.95;53.21;39.45;-;-;41.35;44.05;33.10;26.10;53.23;28.10;34.32
Apr 11, 2018 2:00 PM;Apr 11, 2018 3:00 PM;-;52.74;26.06;26.06;43.31;52.74;39.42;-;-;40.66;40.06;31.50;26.06;54.57;29.10;31.88
Apr 11, 2018 3:00 PM;Apr 11, 2018 4:00 PM;-;46.74;26.02;26.02;39.10;47.40;39.39;-;-;40.62;35.76;32.80;26.02;55.14;29.10;32.80
Apr 11, 2018 4:00 PM;Apr 11, 2018 5:00 PM;-;49.17;26.06;26.06;38.91;49.17;39.37;-;-;40.89;36.90;33.20;26.06;54.57;30.00;33.20
Apr 11, 2018 5:00 PM;Apr 11, 2018 6:00 PM;-;36.13;36.13;36.13;36.13;36.13;39.30;-;-;40.95;37.26;37.50;36.13;55.00;36.13;37.50
Apr 11, 2018 6:00 PM;Apr 11, 2018 7:00 PM;-;38.62;38.62;38.62;38.62;38.62;39.43;-;-;41.21;40.57;40.40;38.62;54.99;38.62;40.40
Apr 11, 2018 7:00 PM;Apr 11, 2018 8:00 PM;-;40.96;40.96;40.96;40.96;40.96;40.14;-;-;41.57;42.49;43.89;40.96;60.82;40.96;44.26
Apr 11, 2018 8:00 PM;Apr 11, 2018 9:00 PM;-;43.27;40.96;40.96;42.38;43.80;40.51;-;-;41.68;42.36;43.33;40.96;68.56;44.02;45.54
Apr 11, 2018 9:00 PM;Apr 11, 2018 10:00 PM;-;44.14;39.36;39.36;42.29;45.24;39.80;-;-;41.09;40.28;39.30;39.36;60.59;39.36;39.35
Apr 11, 2018 10:00 PM;Apr 11, 2018 11:00 PM;-;46.60;34.87;34.87;41.85;45.00;39.55;-;-;40.20;40.07;33.23;34.87;55.64;34.87;33.23
Apr 11, 2018 11:00 PM;Apr 12, 2018 12:00 AM;-;53.40;27.00;27.00;41.05;37.60;39.32;-;-;39.32;35.57;28.00;27.00;51.41;29.10;28.00
Apr 12, 2018 12:00 AM;Apr 12, 2018 1:00 AM;-;34.79;24.96;24.96;34.42;35.00;39.64;-;-;39.64;33.62;24.70;24.96;49.52;24.96;24.70
Apr 12, 2018 1:00 AM;Apr 12, 2018 2:00 AM;-;28.31;21.76;21.76;25.46;42.00;39.41;-;-;39.41;27.54;22.04;21.76;47.93;21.76;22.04
Apr 12, 2018 2:00 AM;Apr 12, 2018 3:00 AM;-;25.60;23.04;23.04;24.49;30.90;39.35;-;-;39.35;23.30;20.20;23.04;46.00;23.04;20.20
Apr 12, 2018 3:00 AM;Apr 12, 2018 4:00 AM;-;24.15;20.85;20.85;22.72;30.90;39.41;-;-;39.41;18.90;19.11;20.85;45.00;20.85;19.11
Apr 12, 2018 4:00 AM;Apr 12, 2018 5:00 AM;-;24.46;23.02;23.02;23.83;27.40;39.51;-;-;39.51;20.25;20.25;23.02;45.08;23.02;20.25
Apr 12, 2018 5:00 AM;Apr 12, 2018 6:00 AM;-;28.81;27.64;27.64;28.30;31.20;39.76;-;-;39.76;27.96;25.63;27.64;48.19;27.64;25.63
Apr 12, 2018 6:00 AM;Apr 12, 2018 7:00 AM;-;41.51;40.44;40.44;41.05;44.00;40.54;-;-;41.06;38.64;36.50;40.44;52.76;40.44;36.50
Apr 12, 2018 7:00 AM;Apr 12, 2018 8:00 AM;-;53.24;41.57;41.57;48.37;55.74;41.47;-;-;44.74;45.94;41.78;41.57;64.63;41.57;41.78
Apr 12, 2018 8:00 AM;Apr 12, 2018 9:00 AM;-;58.43;40.91;40.91;52.03;61.56;40.71;-;-;49.99;51.25;39.13;40.91;80.50;40.91;40.12
Apr 12, 2018 9:00 AM;Apr 12, 2018 10:00 AM;-;67.23;32.55;32.55;62.88;62.44;39.86;-;-;43.88;56.84;35.66;32.55;69.59;32.55;36.66
Apr 12, 2018 10:00 AM;Apr 12, 2018 11:00 AM;-;56.83;28.96;28.96;56.06;49.00;39.78;-;-;41.98;51.98;29.52;28.96;58.74;28.96;29.83
Apr 12, 2018 11:00 AM;Apr 12, 2018 12:00 PM;-;55.33;26.00;26.00;54.96;46.05;39.70;-;-;41.08;50.62;26.30;26.00;54.96;26.00;27.30
Apr 12, 2018 12:00 PM;Apr 12, 2018 1:00 PM;-;56.12;24.91;24.91;52.61;43.50;39.65;-;-;40.72;48.66;25.00;24.91;52.61;24.91;25.00
Apr 12, 2018 1:00 PM;Apr 12, 2018 2:00 PM;-;57.80;19.52;19.52;52.34;42.00;39.62;-;-;40.45;46.92;24.00;19.52;52.34;19.52;24.00
Apr 12, 2018 2:00 PM;Apr 12, 2018 3:00 PM;-;56.09;18.70;18.70;50.86;42.00;39.60;-;-;39.60;45.96;24.50;18.70;50.86;18.70;24.50
Apr 12, 2018 3:00 PM;Apr 12, 2018 4:00 PM;-;60.00;25.03;25.03;49.66;42.00;39.51;-;-;39.51;44.49;24.50;25.03;52.00;25.03;24.50
Apr 12, 2018 4:00 PM;Apr 12, 2018 5:00 PM;-;55.30;25.06;25.06;49.03;45.00;39.56;-;-;39.56;42.98;25.00;25.06;51.99;25.06;25.00
Apr 12, 2018 5:00 PM;Apr 12, 2018 6:00 PM;-;57.27;32.36;32.36;47.71;61.18;39.56;-;-;39.63;42.11;30.81;32.36;51.99;32.36;30.81
Apr 12, 2018 6:00 PM;Apr 12, 2018 7:00 PM;-;50.04;39.66;39.66;46.08;51.92;39.66;-;-;39.66;43.92;36.05;39.66;52.96;39.66;36.05
Apr 12, 2018 7:00 PM;Apr 12, 2018 8:00 PM;-;49.90;40.11;40.11;46.85;51.50;40.11;-;-;40.11;45.12;39.01;41.94;61.29;41.94;40.12
Apr 12, 2018 8:00 PM;Apr 12, 2018 9:00 PM;-;54.83;39.84;39.84;49.49;57.63;39.84;-;-;39.84;45.06;39.48;40.92;66.36;40.92;41.63
Apr 12, 2018 9:00 PM;Apr 12, 2018 10:00 PM;-;53.64;37.20;37.20;47.32;56.99;39.54;-;-;39.54;44.96;34.95;37.20;54.63;37.20;34.95
Apr 12, 2018 10:00 PM;Apr 12, 2018 11:00 PM;-;56.59;32.40;32.40;46.98;55.80;39.32;-;-;39.32;44.83;29.92;32.40;52.00;32.40;29.92
Apr 12, 2018 11:00 PM;Apr 13, 2018 12:00 AM;-;44.49;26.83;26.83;44.49;44.49;38.93;-;-;38.93;43.59;25.00;26.83;48.41;26.83;25.00
Apr 13, 2018 12:00 AM;Apr 13, 2018 1:00 AM;-;45.88;29.04;29.04;46.18;35.60;38.69;-;-;38.69;44.52;24.84;29.04;51.04;29.04;24.84
Apr 13, 2018 1:00 AM;Apr 13, 2018 2:00 AM;-;37.21;27.04;27.04;36.07;42.00;38.36;-;-;38.36;37.53;23.90;27.04;46.94;27.04;23.90
Apr 13, 2018 2:00 AM;Apr 13, 2018 3:00 AM;-;38.60;25.01;25.01;38.91;35.00;38.31;-;-;38.31;33.92;22.52;25.01;44.60;25.01;22.52
Apr 13, 2018 3:00 AM;Apr 13, 2018 4:00 AM;-;34.11;25.09;25.09;33.67;35.20;38.52;-;-;38.52;31.49;22.24;25.09;44.60;25.09;22.24
Apr 13, 2018 4:00 AM;Apr 13, 2018 5:00 AM;-;29.68;28.57;28.57;29.21;32.10;38.52;-;-;38.52;31.21;24.76;28.57;44.50;28.57;24.76
Apr 13, 2018 5:00 AM;Apr 13, 2018 6:00 AM;-;35.31;35.31;35.31;35.31;35.31;39.15;-;-;39.15;35.46;30.65;35.31;47.39;35.31;30.65
Apr 13, 2018 6:00 AM;Apr 13, 2018 7:00 AM;-;45.12;40.81;40.81;45.12;42.32;40.36;-;-;40.81;49.03;42.56;42.32;55.21;42.32;42.56
Apr 13, 2018 7:00 AM;Apr 13, 2018 8:00 AM;-;54.88;42.03;43.85;54.78;54.90;42.03;-;-;43.85;57.11;48.20;47.93;61.30;47.93;48.20
Apr 13, 2018 8:00 AM;Apr 13, 2018 9:00 AM;-;70.48;41.88;46.53;64.10;63.65;41.88;-;-;46.53;62.95;50.50;46.53;77.07;46.53;50.50
Apr 13, 2018 9:00 AM;Apr 13, 2018 10:00 AM;-;75.90;41.24;45.06;65.04;75.90;41.24;-;-;45.06;64.80;47.00;46.79;65.04;46.79;47.00
Apr 13, 2018 10:00 AM;Apr 13, 2018 11:00 AM;-;69.80;40.86;41.93;58.74;69.80;40.86;-;-;41.93;56.54;45.50;41.93;58.74;41.93;45.50
Apr 13, 2018 11:00 AM;Apr 13, 2018 12:00 PM;-;65.11;40.48;40.48;55.21;64.92;40.48;-;-;40.48;53.85;43.85;40.48;55.21;40.48;43.85
Apr 13, 2018 12:00 PM;Apr 13, 2018 1:00 PM;-;54.45;39.66;39.66;50.12;51.93;39.66;-;-;39.66;50.49;41.00;39.66;50.12;39.66;41.00
Apr 13, 2018 1:00 PM;Apr 13, 2018 2:00 PM;-;51.35;36.83;39.16;46.12;51.00;39.16;-;-;39.16;49.09;38.53;36.83;49.55;36.83;38.53
Apr 13, 2018 2:00 PM;Apr 13, 2018 3:00 PM;-;40.84;38.31;38.31;39.81;46.20;39.01;-;-;39.01;47.02;37.51;38.31;50.11;38.31;37.51
Apr 13, 2018 3:00 PM;Apr 13, 2018 4:00 PM;-;38.60;38.02;38.02;38.35;39.03;38.54;-;-;38.54;44.28;37.62;38.02;51.30;38.02;37.62
Apr 13, 2018 4:00 PM;Apr 13, 2018 5:00 PM;-;39.25;38.96;38.96;39.12;39.45;38.96;-;-;38.96;43.05;37.32;38.96;52.00;38.96;37.32
Apr 13, 2018 5:00 PM;Apr 13, 2018 6:00 PM;-;41.01;39.47;39.47;40.32;42.40;39.47;-;-;39.47;43.81;39.70;39.47;55.21;39.47;39.70
Apr 13, 2018 6:00 PM;Apr 13, 2018 7:00 PM;-;43.16;39.60;39.60;41.75;46.00;39.60;-;-;39.60;45.05;43.57;40.03;57.21;40.03;43.57
Apr 13, 2018 7:00 PM;Apr 13, 2018 8:00 PM;-;45.52;39.66;39.66;45.52;45.52;39.66;-;-;39.66;45.18;45.92;45.52;61.58;45.52;45.92
Apr 13, 2018 8:00 PM;Apr 13, 2018 9:00 PM;-;46.49;39.48;39.48;46.49;46.49;39.48;-;-;39.48;46.30;47.03;46.49;64.00;46.49;47.03
Apr 13, 2018 9:00 PM;Apr 13, 2018 10:00 PM;-;44.74;39.41;39.41;44.74;44.74;39.41;-;-;39.41;44.28;43.47;44.74;57.03;44.74;43.47
Apr 13, 2018 10:00 PM;Apr 13, 2018 11:00 PM;-;42.89;39.01;39.01;42.89;42.89;39.01;-;-;39.01;44.81;40.94;42.89;54.45;42.89;40.94
Apr 13, 2018 11:00 PM;Apr 14, 2018 12:00 AM;-;41.89;37.72;37.72;41.89;41.89;38.08;-;-;37.72;42.10;35.00;37.72;49.52;37.72;35.00
Apr 14, 2018 12:00 AM;Apr 14, 2018 1:00 AM;-;40.58;31.20;31.20;40.58;40.58;37.67;-;-;31.64;40.57;33.43;31.20;52.42;31.20;33.43
Apr 14, 2018 1:00 AM;Apr 14, 2018 2:00 AM;-;34.29;29.20;29.20;33.18;35.30;37.55;-;-;29.20;36.02;31.50;29.20;45.66;29.20;31.50
Apr 14, 2018 2:00 AM;Apr 14, 2018 3:00 AM;-;32.37;29.00;29.00;32.37;32.37;37.33;-;-;29.00;32.60;29.15;29.00;43.07;29.00;29.15
Apr 14, 2018 3:00 AM;Apr 14, 2018 4:00 AM;-;31.67;29.92;29.92;31.67;31.67;37.24;-;-;29.92;31.15;27.98;29.92;41.91;29.92;27.98
Apr 14, 2018 4:00 AM;Apr 14, 2018 5:00 AM;-;29.88;29.88;29.88;29.88;29.88;37.20;-;-;33.67;31.11;28.47;29.88;41.16;29.88;28.47
Apr 14, 2018 5:00 AM;Apr 14, 2018 6:00 AM;-;32.03;32.03;32.03;32.03;32.03;37.83;-;-;32.80;32.26;30.03;32.03;43.24;32.03;30.03
Apr 14, 2018 6:00 AM;Apr 14, 2018 7:00 AM;-;35.84;35.84;35.84;35.84;35.84;38.32;-;-;36.93;34.73;32.12;35.84;44.00;35.84;32.12
Apr 14, 2018 7:00 AM;Apr 14, 2018 8:00 AM;-;38.41;38.41;38.41;38.41;38.41;38.91;-;-;38.91;36.94;36.08;38.41;48.21;38.41;36.08
Apr 14, 2018 8:00 AM;Apr 14, 2018 9:00 AM;-;39.74;39.74;39.74;39.74;39.74;39.74;-;-;39.74;37.68;36.65;39.74;51.00;39.74;36.65
Apr 14, 2018 9:00 AM;Apr 14, 2018 10:00 AM;-;39.92;39.92;39.92;39.92;39.92;39.92;-;-;39.92;36.01;35.11;39.92;51.35;39.92;35.11
Apr 14, 2018 10:00 AM;Apr 14, 2018 11:00 AM;-;38.00;39.87;39.87;38.00;38.00;39.87;-;-;39.87;32.45;30.58;35.46;49.52;35.46;30.58
Apr 14, 2018 11:00 AM;Apr 14, 2018 12:00 PM;-;35.00;39.77;39.77;35.00;35.00;39.77;-;-;39.77;31.10;28.00;32.74;47.10;32.74;28.00
Apr 14, 2018 12:00 PM;Apr 14, 2018 1:00 PM;-;40.52;39.47;39.47;40.52;40.52;39.47;-;-;39.47;29.58;26.15;32.50;40.52;32.50;26.15
Apr 14, 2018 1:00 PM;Apr 14, 2018 2:00 PM;-;30.82;39.14;39.14;30.82;30.82;39.14;-;-;39.14;25.54;23.50;29.08;30.82;29.08;23.50
Apr 14, 2018 2:00 PM;Apr 14, 2018 3:00 PM;-;30.67;38.96;38.96;28.61;32.40;38.96;-;-;38.96;21.91;22.12;26.49;28.61;26.49;22.12
Apr 14, 2018 3:00 PM;Apr 14, 2018 4:00 PM;-;28.99;38.87;38.87;28.99;28.99;38.87;-;-;38.87;23.09;23.26;28.99;33.00;28.99;23.26
Apr 14, 2018 4:00 PM;Apr 14, 2018 5:00 PM;-;30.98;39.06;39.06;30.98;30.98;39.06;-;-;39.06;26.93;25.86;30.98;42.69;30.98;25.86
Apr 14, 2018 5:00 PM;Apr 14, 2018 6:00 PM;-;33.41;34.95;39.34;33.41;33.41;39.34;-;-;39.34;32.40;31.54;33.41;44.00;33.41;31.54
Apr 14, 2018 6:00 PM;Apr 14, 2018 7:00 PM;-;42.40;42.35;40.05;42.32;42.38;40.05;-;-;40.05;39.14;38.99;42.35;47.71;42.35;38.99
Apr 14, 2018 7:00 PM;Apr 14, 2018 8:00 PM;-;49.57;43.03;43.03;43.59;48.00;40.95;-;-;40.95;44.05;43.50;46.04;50.71;46.04;43.50
Apr 14, 2018 8:00 PM;Apr 14, 2018 9:00 PM;-;47.80;43.00;43.00;46.29;47.40;41.03;-;-;41.03;46.34;46.29;46.91;52.00;46.91;46.29
Apr 14, 2018 9:00 PM;Apr 14, 2018 10:00 PM;-;45.02;41.44;41.44;45.02;45.02;41.14;-;-;41.14;44.89;43.88;45.02;47.96;45.02;43.88
Apr 14, 2018 10:00 PM;Apr 14, 2018 11:00 PM;-;51.55;40.95;40.95;45.80;52.00;40.95;-;-;40.95;44.10;42.50;42.17;46.74;42.17;42.50
Apr 14, 2018 11:00 PM;Apr 15, 2018 12:00 AM;-;47.04;39.99;39.99;42.70;47.40;39.99;-;-;39.99;41.15;39.00;39.99;42.70;39.99;39.00
Apr 15, 2018 12:00 AM;Apr 15, 2018 1:00 AM;-;36.00;36.00;36.00;36.00;36.00;39.56;-;-;39.56;39.43;32.73;36.00;45.16;36.00;32.73
Apr 15, 2018 1:00 AM;Apr 15, 2018 2:00 AM;-;31.59;31.59;31.59;31.59;31.59;39.30;-;-;39.30;36.02;29.69;31.59;31.59;31.20;29.69
Apr 15, 2018 2:00 AM;Apr 15, 2018 3:00 AM;-;30.73;30.73;30.73;30.73;30.73;38.97;-;-;38.97;33.85;27.30;30.73;30.73;30.73;27.30
Apr 15, 2018 3:00 AM;Apr 15, 2018 4:00 AM;-;29.16;29.16;29.16;29.16;29.16;38.91;-;-;38.91;33.08;25.87;29.16;29.16;29.16;25.87
Apr 15, 2018 4:00 AM;Apr 15, 2018 5:00 AM;-;35.35;28.78;28.78;24.04;32.82;39.02;-;-;39.02;33.33;25.57;28.78;27.32;27.32;25.57
Apr 15, 2018 5:00 AM;Apr 15, 2018 6:00 AM;-;35.00;37.95;37.95;22.63;31.73;38.98;-;-;38.98;31.72;25.95;27.64;39.30;27.29;25.95
Apr 15, 2018 6:00 AM;Apr 15, 2018 7:00 AM;-;38.29;38.85;38.85;22.70;34.18;39.11;-;-;39.11;32.50;26.31;29.02;43.50;27.43;26.31
Apr 15, 2018 7:00 AM;Apr 15, 2018 8:00 AM;-;28.97;39.53;39.53;28.97;28.97;39.53;-;-;39.53;31.89;27.69;28.97;41.99;28.97;27.69
Apr 15, 2018 8:00 AM;Apr 15, 2018 9:00 AM;-;31.87;39.85;39.85;31.87;31.87;39.85;-;-;39.85;32.07;28.63;31.87;47.66;31.87;28.63
Apr 15, 2018 9:00 AM;Apr 15, 2018 10:00 AM;-;34.62;40.13;40.13;28.40;33.00;40.13;-;-;40.13;31.47;30.37;30.95;49.00;30.95;30.37
Apr 15, 2018 10:00 AM;Apr 15, 2018 11:00 AM;-;38.02;40.57;40.57;24.71;34.56;40.57;-;-;40.57;29.53;29.36;30.17;49.54;30.17;29.36
Apr 15, 2018 11:00 AM;Apr 15, 2018 12:00 PM;-;40.52;40.33;40.33;26.07;36.77;40.33;-;-;40.33;29.02;29.01;32.00;49.16;32.00;29.01
Apr 15, 2018 12:00 PM;Apr 15, 2018 1:00 PM;-;39.50;39.89;39.89;24.99;33.80;39.89;-;-;39.89;28.43;27.54;29.05;49.07;29.05;27.54
Apr 15, 2018 1:00 PM;Apr 15, 2018 2:00 PM;-;52.26;39.50;39.50;21.27;34.90;39.50;-;-;39.50;24.48;25.00;24.62;43.50;24.62;25.00
Apr 15, 2018 2:00 PM;Apr 15, 2018 3:00 PM;-;48.21;39.38;39.38;15.70;30.00;39.38;-;-;39.38;20.59;21.32;19.11;39.40;19.11;21.32
Apr 15, 2018 3:00 PM;Apr 15, 2018 4:00 PM;-;34.57;39.33;39.33;9.89;28.00;39.33;-;-;39.33;20.80;22.78;19.84;43.84;19.84;22.78
Apr 15, 2018 4:00 PM;Apr 15, 2018 5:00 PM;-;42.28;39.39;39.39;9.34;33.54;39.39;-;-;39.39;22.21;24.44;22.65;48.87;22.65;24.44
Apr 15, 2018 5:00 PM;Apr 15, 2018 6:00 PM;-;58.88;39.64;39.64;14.93;47.25;39.64;-;-;39.64;28.65;26.17;32.70;48.86;32.70;26.17
Apr 15, 2018 6:00 PM;Apr 15, 2018 7:00 PM;-;57.83;39.10;39.76;26.38;49.50;39.76;-;-;39.76;34.74;34.08;39.10;52.00;39.10;34.08
Apr 15, 2018 7:00 PM;Apr 15, 2018 8:00 PM;-;56.36;41.83;41.17;31.95;49.90;41.17;-;-;41.17;41.45;39.29;41.83;58.07;41.83;39.29
Apr 15, 2018 8:00 PM;Apr 15, 2018 9:00 PM;-;60.33;42.49;42.49;30.41;52.40;42.49;-;-;42.49;42.65;40.99;42.49;75.53;42.49;40.99
Apr 15, 2018 9:00 PM;Apr 15, 2018 10:00 PM;-;58.50;41.73;41.73;30.37;51.05;41.73;-;-;41.73;42.24;40.10;41.73;75.53;41.73;40.10
Apr 15, 2018 10:00 PM;Apr 15, 2018 11:00 PM;-;43.12;40.60;40.32;38.91;42.00;40.32;-;-;40.32;42.17;39.58;40.60;61.16;40.60;39.58
Apr 15, 2018 11:00 PM;Apr 16, 2018 12:00 AM;-;38.90;38.90;39.18;38.90;38.90;39.18;-;-;39.18;40.40;36.13;38.90;55.25;38.90;36.13
Apr 16, 2018 12:00 AM;Apr 16, 2018 1:00 AM;-;37.34;38.67;38.67;37.34;37.34;38.75;-;-;38.75;35.98;35.75;37.34;47.83;37.34;35.75
Apr 16, 2018 1:00 AM;Apr 16, 2018 2:00 AM;-;33.49;38.28;38.28;33.49;33.49;38.28;-;-;38.28;33.48;33.40;33.49;39.05;33.00;30.84
Apr 16, 2018 2:00 AM;Apr 16, 2018 3:00 AM;-;32.77;38.16;38.16;32.77;32.77;38.16;-;-;38.16;31.92;31.11;32.77;38.80;32.77;29.17
Apr 16, 2018 3:00 AM;Apr 16, 2018 4:00 AM;-;32.99;38.36;38.36;32.99;32.99;38.36;-;-;38.36;30.94;30.00;32.99;37.30;31.20;26.27
Apr 16, 2018 4:00 AM;Apr 16, 2018 5:00 AM;-;32.94;37.92;37.92;32.94;32.94;39.03;-;-;39.03;31.41;30.54;32.94;38.60;32.94;29.60
Apr 16, 2018 5:00 AM;Apr 16, 2018 6:00 AM;-;37.40;37.40;37.95;37.40;37.40;40.97;-;-;40.97;36.75;36.66;37.40;40.00;37.40;36.66
Apr 16, 2018 6:00 AM;Apr 16, 2018 7:00 AM;-;47.20;47.20;46.65;47.20;47.20;42.53;-;-;46.65;47.90;48.72;47.20;50.66;47.20;48.72
Apr 16, 2018 7:00 AM;Apr 16, 2018 8:00 AM;-;56.10;56.10;56.10;56.10;56.10;52.33;-;-;56.10;53.49;57.20;56.10;57.56;56.10;57.20
Apr 16, 2018 8:00 AM;Apr 16, 2018 9:00 AM;-;64.99;64.99;64.99;64.99;64.99;57.79;-;-;64.99;58.25;61.29;64.99;76.46;64.99;61.29
Apr 16, 2018 9:00 AM;Apr 16, 2018 10:00 AM;-;58.97;58.97;58.97;58.97;58.97;52.53;-;-;58.97;54.92;57.88;58.97;75.00;58.97;57.88
Apr 16, 2018 10:00 AM;Apr 16, 2018 11:00 AM;-;55.74;55.74;55.74;55.74;55.74;49.20;-;-;55.74;51.03;53.60;55.74;61.26;55.74;53.60
Apr 16, 2018 11:00 AM;Apr 16, 2018 12:00 PM;-;52.97;52.97;52.97;52.97;52.97;46.45;-;-;52.97;49.97;52.70;52.97;59.99;52.97;52.70
Apr 16, 2018 12:00 PM;Apr 16, 2018 1:00 PM;-;51.81;51.81;51.81;51.81;51.81;45.65;-;-;51.81;47.37;49.58;51.81;52.99;51.81;49.58
Apr 16, 2018 1:00 PM;Apr 16, 2018 2:00 PM;-;49.99;49.99;49.99;49.99;49.99;44.98;-;-;49.99;46.92;48.97;49.99;52.02;49.99;48.97
Apr 16, 2018 2:00 PM;Apr 16, 2018 3:00 PM;-;46.30;46.30;46.30;46.30;46.30;44.64;-;-;46.30;46.08;47.12;46.30;54.70;46.30;47.12
Apr 16, 2018 3:00 PM;Apr 16, 2018 4:00 PM;-;45.79;45.79;45.79;45.79;45.79;44.37;-;-;45.79;45.00;45.98;45.79;52.99;45.79;45.98
Apr 16, 2018 4:00 PM;Apr 16, 2018 5:00 PM;-;44.51;44.51;44.81;44.51;44.51;43.96;-;-;44.81;45.00;45.53;44.51;54.44;44.51;45.53
Apr 16, 2018 5:00 PM;Apr 16, 2018 6:00 PM;-;45.74;45.74;45.74;45.74;45.74;43.54;-;-;45.74;45.08;46.64;45.74;56.71;45.74;46.64
Apr 16, 2018 6:00 PM;Apr 16, 2018 7:00 PM;-;48.49;48.49;48.49;48.49;48.49;43.39;-;-;48.49;47.54;49.60;48.49;57.64;48.49;49.60
Apr 16, 2018 7:00 PM;Apr 16, 2018 8:00 PM;-;52.84;52.84;52.84;52.84;52.84;43.63;-;-;52.84;50.19;52.84;52.84;63.15;52.84;52.84
Apr 16, 2018 8:00 PM;Apr 16, 2018 9:00 PM;-;55.00;55.00;55.00;55.00;55.00;44.35;-;-;55.00;51.61;56.00;55.00;73.00;55.00;56.00
Apr 16, 2018 9:00 PM;Apr 16, 2018 10:00 PM;-;49.19;48.08;48.08;49.19;49.19;44.95;-;-;48.08;48.05;49.45;49.19;60.21;49.19;49.45
Apr 16, 2018 10:00 PM;Apr 16, 2018 11:00 PM;-;44.46;43.98;43.98;44.46;44.46;43.98;-;-;43.98;46.82;45.00;44.46;57.32;44.46;45.00
Apr 16, 2018 11:00 PM;Apr 17, 2018 12:00 AM;-;42.00;41.55;41.55;42.00;42.00;41.55;-;-;41.55;42.09;39.33;42.00;50.03;42.00;39.33
Apr 17, 2018 12:00 AM;Apr 17, 2018 1:00 AM;-;36.96;36.96;40.16;36.96;36.96;40.16;-;-;40.16;43.35;40.17;36.96;40.99;36.96;40.17
Apr 17, 2018 1:00 AM;Apr 17, 2018 2:00 AM;-;36.71;36.71;36.71;36.71;36.71;39.71;-;-;39.71;39.86;38.36;36.71;36.71;36.71;38.36
Apr 17, 2018 2:00 AM;Apr 17, 2018 3:00 AM;-;36.50;36.50;36.50;36.50;36.50;39.41;-;-;39.41;38.12;36.70;36.50;36.50;36.50;36.70
Apr 17, 2018 3:00 AM;Apr 17, 2018 4:00 AM;-;35.50;35.50;35.50;35.50;35.50;39.13;-;-;39.13;37.17;34.60;35.50;35.50;35.50;34.41
Apr 17, 2018 4:00 AM;Apr 17, 2018 5:00 AM;-;35.91;35.91;35.91;35.91;35.91;39.18;-;-;39.18;36.78;35.50;35.91;35.91;35.91;35.50
Apr 17, 2018 5:00 AM;Apr 17, 2018 6:00 AM;-;35.24;35.24;37.85;35.24;35.24;39.76;-;-;39.76;40.19;39.80;35.24;35.24;35.24;39.80
Apr 17, 2018 6:00 AM;Apr 17, 2018 7:00 AM;-;47.74;47.74;45.13;47.74;47.74;42.93;-;-;45.13;47.76;48.20;47.74;54.00;47.74;48.20
Apr 17, 2018 7:00 AM;Apr 17, 2018 8:00 AM;-;54.88;54.88;54.88;54.88;54.88;46.47;-;-;54.88;53.62;54.30;54.88;56.93;54.88;54.30
Apr 17, 2018 8:00 AM;Apr 17, 2018 9:00 AM;-;56.00;56.00;56.00;56.00;56.00;46.16;-;-;56.00;58.04;58.70;56.00;60.26;56.00;58.70
Apr 17, 2018 9:00 AM;Apr 17, 2018 10:00 AM;-;51.93;51.93;51.93;51.93;51.93;45.58;-;-;51.93;54.33;51.80;51.93;54.97;51.93;51.80
Apr 17, 2018 10:00 AM;Apr 17, 2018 11:00 AM;-;47.05;47.05;48.25;47.05;47.05;44.66;-;-;48.25;48.42;46.13;47.05;52.00;47.05;46.13
Apr 17, 2018 11:00 AM;Apr 17, 2018 12:00 PM;-;42.71;42.71;46.05;42.71;42.71;42.55;-;-;46.05;45.59;43.45;42.71;49.99;42.71;43.45
Apr 17, 2018 12:00 PM;Apr 17, 2018 1:00 PM;-;38.51;39.38;44.92;38.51;38.51;41.93;-;-;44.92;42.19;41.05;38.51;47.96;38.51;41.05
Apr 17, 2018 1:00 PM;Apr 17, 2018 2:00 PM;-;37.33;41.78;42.75;37.33;37.33;41.78;-;-;42.75;40.84;39.69;37.33;48.39;37.33;39.69
Apr 17, 2018 2:00 PM;Apr 17, 2018 3:00 PM;-;37.60;40.38;40.38;37.60;37.60;40.38;-;-;40.38;39.54;38.70;37.60;49.49;37.60;38.70
Apr 17, 2018 3:00 PM;Apr 17, 2018 4:00 PM;-;37.23;39.97;39.97;37.23;37.23;39.97;-;-;39.97;39.49;39.10;37.23;51.47;37.23;39.10
Apr 17, 2018 4:00 PM;Apr 17, 2018 5:00 PM;-;38.50;38.50;40.98;38.50;38.50;40.98;-;-;40.98;40.97;40.40;38.50;53.07;38.50;40.40
Apr 17, 2018 5:00 PM;Apr 17, 2018 6:00 PM;-;43.65;43.65;43.65;43.65;43.65;42.46;-;-;43.65;45.17;45.50;43.65;53.60;43.65;45.50
Apr 17, 2018 6:00 PM;Apr 17, 2018 7:00 PM;-;50.37;50.37;50.37;50.37;50.37;42.95;-;-;49.09;48.50;49.20;50.37;55.24;50.37;49.20
Apr 17, 2018 7:00 PM;Apr 17, 2018 8:00 PM;-;55.06;50.08;50.08;55.06;55.06;42.63;-;-;50.08;52.84;54.46;55.06;60.00;55.06;54.46
Apr 17, 2018 8:00 PM;Apr 17, 2018 9:00 PM;-;56.17;44.31;44.31;56.17;56.17;43.11;-;-;44.31;54.25;55.57;56.17;63.15;56.17;55.57
Apr 17, 2018 9:00 PM;Apr 17, 2018 10:00 PM;-;52.78;42.67;42.67;52.78;52.78;42.67;-;-;42.67;48.06;50.03;52.78;57.78;52.78;50.03
Apr 17, 2018 10:00 PM;Apr 17, 2018 11:00 PM;-;47.06;41.59;41.59;47.06;47.06;41.59;-;-;41.59;45.32;45.00;47.06;54.15;47.06;45.00
Apr 17, 2018 11:00 PM;Apr 18, 2018 12:00 AM;-;40.00;39.83;39.83;39.89;40.00;39.83;-;-;39.83;42.09;40.50;39.83;48.21;39.83;40.50
Apr 18, 2018 12:00 AM;Apr 18, 2018 1:00 AM;-;35.37;33.38;38.64;34.50;39.60;38.64;-;-;38.64;36.42;35.39;33.38;48.60;33.38;35.39
Apr 18, 2018 1:00 AM;Apr 18, 2018 2:00 AM;-;33.18;33.18;33.18;33.18;33.18;37.80;-;-;37.80;35.01;33.82;33.18;44.87;31.20;33.82
Apr 18, 2018 2:00 AM;Apr 18, 2018 3:00 AM;-;32.54;32.54;32.54;32.54;32.54;37.02;-;-;37.02;33.79;32.75;32.54;40.99;32.54;32.75
Apr 18, 2018 3:00 AM;Apr 18, 2018 4:00 AM;-;33.00;33.00;33.00;33.00;33.00;36.54;-;-;36.54;33.30;32.04;33.00;33.75;33.00;32.04
Apr 18, 2018 4:00 AM;Apr 18, 2018 5:00 AM;-;33.30;33.30;33.30;33.30;33.30;36.42;-;-;36.42;33.84;32.99;33.30;36.00;33.30;32.99
Apr 18, 2018 5:00 AM;Apr 18, 2018 6:00 AM;-;35.65;35.65;38.16;35.65;35.65;38.16;-;-;38.16;35.74;34.85;35.65;43.28;35.65;34.85
Apr 18, 2018 6:00 AM;Apr 18, 2018 7:00 AM;-;44.83;44.83;42.31;44.83;44.83;41.97;-;-;42.31;45.14;44.10;44.83;48.41;44.83;44.10
Apr 18, 2018 7:00 AM;Apr 18, 2018 8:00 AM;-;53.49;53.49;53.49;53.49;53.49;51.74;-;-;51.74;51.59;53.00;53.49;55.66;53.49;53.00
Apr 18, 2018 8:00 AM;Apr 18, 2018 9:00 AM;-;55.43;55.43;55.43;55.43;55.43;55.43;-;-;55.43;51.10;53.00;55.43;63.00;55.43;53.00
Apr 18, 2018 9:00 AM;Apr 18, 2018 10:00 AM;-;47.00;47.00;47.00;47.00;47.00;47.00;-;-;47.00;46.60;46.90;47.00;55.97;47.00;46.90
Apr 18, 2018 10:00 AM;Apr 18, 2018 11:00 AM;-;45.12;44.03;44.03;44.43;45.10;44.03;-;-;44.03;43.50;43.14;44.03;49.02;44.03;43.14
Apr 18, 2018 11:00 AM;Apr 18, 2018 12:00 PM;-;42.28;42.28;42.28;42.28;42.28;42.28;-;-;42.28;42.07;40.50;42.28;48.07;42.28;40.50
Apr 18, 2018 12:00 PM;Apr 18, 2018 1:00 PM;-;36.17;41.71;41.71;36.17;36.17;41.71;-;-;41.71;36.85;37.80;36.17;44.00;36.17;38.88
Apr 18, 2018 1:00 PM;Apr 18, 2018 2:00 PM;-;37.11;40.89;40.89;37.11;37.11;40.89;-;-;40.89;35.56;36.30;37.11;42.99;37.11;36.30
Apr 18, 2018 2:00 PM;Apr 18, 2018 3:00 PM;-;35.42;39.73;39.73;35.42;35.42;39.73;-;-;39.73;35.25;35.91;35.42;45.27;35.42;35.91
Apr 18, 2018 3:00 PM;Apr 18, 2018 4:00 PM;-;36.90;37.99;39.66;36.90;36.90;39.66;-;-;39.66;35.36;35.74;36.90;47.56;36.90;35.74
Apr 18, 2018 4:00 PM;Apr 18, 2018 5:00 PM;-;35.00;35.00;40.28;35.00;35.00;40.28;-;-;40.28;36.99;36.12;35.00;48.41;35.00;36.12
Apr 18, 2018 5:00 PM;Apr 18, 2018 6:00 PM;-;40.84;39.04;41.01;37.71;40.00;41.01;-;-;41.01;41.01;41.00;39.04;48.92;39.04;41.00
Apr 18, 2018 6:00 PM;Apr 18, 2018 7:00 PM;-;47.91;46.28;44.31;45.08;47.15;42.81;-;-;42.81;46.32;46.55;46.28;52.00;46.28;46.55
Apr 18, 2018 7:00 PM;Apr 18, 2018 8:00 PM;-;52.08;48.71;48.71;50.00;51.52;43.26;-;-;43.26;50.37;52.21;50.88;57.45;50.88;52.21
Apr 18, 2018 8:00 PM;Apr 18, 2018 9:00 PM;-;50.91;47.17;47.17;50.91;50.91;42.86;-;-;42.86;51.28;53.10;50.91;60.11;50.91;53.10
Apr 18, 2018 9:00 PM;Apr 18, 2018 10:00 PM;-;50.00;45.24;45.24;49.35;50.00;42.18;-;-;42.18;47.63;49.20;48.97;57.11;48.97;49.20
Apr 18, 2018 10:00 PM;Apr 18, 2018 11:00 PM;-;43.30;41.74;41.74;43.30;43.30;41.06;-;-;41.06;43.38;43.00;43.30;51.67;43.30;43.00
Apr 18, 2018 11:00 PM;Apr 19, 2018 12:00 AM;-;37.40;37.40;38.08;37.40;37.40;38.08;-;-;38.08;37.36;36.61;37.40;46.77;37.40;36.61
Apr 19, 2018 12:00 AM;Apr 19, 2018 1:00 AM;-;35.80;35.80;35.80;35.80;35.80;35.80;-;-;35.80;33.79;33.21;35.80;35.87;35.80;33.21
Apr 19, 2018 1:00 AM;Apr 19, 2018 2:00 AM;-;33.03;33.03;34.06;33.03;33.03;34.06;-;-;34.06;32.34;32.00;33.03;35.00;33.03;32.00
Apr 19, 2018 2:00 AM;Apr 19, 2018 3:00 AM;-;31.37;33.40;33.40;31.37;31.37;33.40;-;-;33.40;31.57;30.80;31.37;32.53;31.37;30.70
Apr 19, 2018 3:00 AM;Apr 19, 2018 4:00 AM;-;29.08;33.70;33.70;29.08;29.08;33.70;-;-;33.70;31.19;29.90;29.08;31.01;29.08;29.44
Apr 19, 2018 4:00 AM;Apr 19, 2018 5:00 AM;-;35.06;33.26;33.92;27.65;33.10;33.92;-;-;33.92;31.10;30.25;30.71;31.10;30.71;29.91
Apr 19, 2018 5:00 AM;Apr 19, 2018 6:00 AM;-;33.76;33.76;36.46;33.76;33.76;36.46;-;-;36.46;33.91;33.98;33.76;35.48;33.76;33.98
Apr 19, 2018 6:00 AM;Apr 19, 2018 7:00 AM;-;43.27;43.27;40.57;43.27;43.27;40.57;-;-;40.57;40.98;43.45;43.27;48.30;43.27;43.45
Apr 19, 2018 7:00 AM;Apr 19, 2018 8:00 AM;-;49.96;49.96;49.96;49.96;49.96;49.30;-;-;49.30;48.11;50.56;49.96;53.39;49.96;50.56
Apr 19, 2018 8:00 AM;Apr 19, 2018 9:00 AM;-;49.96;49.96;49.96;49.96;49.96;49.96;-;-;49.96;49.14;50.35;49.96;60.37;49.96;50.35
Apr 19, 2018 9:00 AM;Apr 19, 2018 10:00 AM;-;46.37;46.19;46.19;46.26;46.36;46.19;-;-;46.19;44.33;43.91;46.19;49.17;46.19;43.91
Apr 19, 2018 10:00 AM;Apr 19, 2018 11:00 AM;-;43.00;43.00;43.00;43.00;43.00;43.00;-;-;43.00;41.60;41.13;43.00;47.73;43.00;41.13
Apr 19, 2018 11:00 AM;Apr 19, 2018 12:00 PM;-;41.73;41.73;41.73;41.73;41.73;41.73;-;-;41.73;39.50;39.84;41.73;43.56;41.73;39.84
Apr 19, 2018 12:00 PM;Apr 19, 2018 1:00 PM;-;36.52;39.92;39.92;36.52;36.52;39.92;-;-;39.92;36.13;36.73;36.52;36.52;36.52;36.73
Apr 19, 2018 1:00 PM;Apr 19, 2018 2:00 PM;-;34.90;39.66;39.66;34.37;34.90;39.66;-;-;39.66;36.06;35.76;34.05;34.37;34.05;35.76
Apr 19, 2018 2:00 PM;Apr 19, 2018 3:00 PM;-;35.87;38.73;38.73;35.55;35.87;38.73;-;-;38.73;35.04;34.71;35.35;35.55;35.35;34.71
Apr 19, 2018 3:00 PM;Apr 19, 2018 4:00 PM;-;34.12;34.12;38.63;34.12;34.12;38.63;-;-;38.63;34.83;35.11;34.12;41.85;34.12;35.11
Apr 19, 2018 4:00 PM;Apr 19, 2018 5:00 PM;-;37.99;37.99;39.42;37.99;37.99;39.42;-;-;39.42;35.35;36.20;37.99;46.47;37.99;36.20
Apr 19, 2018 5:00 PM;Apr 19, 2018 6:00 PM;-;42.64;42.64;41.21;42.64;42.64;41.21;-;-;41.21;38.74;40.00;42.64;48.18;42.64;40.00
Apr 19, 2018 6:00 PM;Apr 19, 2018 7:00 PM;-;52.30;46.36;46.36;44.51;50.12;41.85;-;-;41.85;44.48;45.70;47.81;50.13;47.81;45.70
Apr 19, 2018 7:00 PM;Apr 19, 2018 8:00 PM;-;52.96;42.40;42.40;47.84;51.53;42.40;-;-;42.40;47.57;50.49;50.01;57.56;50.01;50.49
Apr 19, 2018 8:00 PM;Apr 19, 2018 9:00 PM;-;50.31;40.74;40.74;50.31;50.31;40.74;-;-;40.74;48.05;51.26;50.31;60.37;50.31;51.26
Apr 19, 2018 9:00 PM;Apr 19, 2018 10:00 PM;-;57.74;39.56;39.56;52.52;62.25;39.56;-;-;39.56;45.07;46.09;46.96;53.00;46.96;46.09
Apr 19, 2018 10:00 PM;Apr 19, 2018 11:00 PM;-;46.21;39.60;38.01;43.39;60.00;38.01;-;-;38.01;39.63;39.70;39.60;46.37;39.60;39.70
Apr 19, 2018 11:00 PM;Apr 20, 2018 12:00 AM;-;50.96;33.04;34.63;39.81;51.30;34.63;-;-;34.63;33.96;33.25;33.04;45.00;33.04;33.25
Apr 20, 2018 12:00 AM;Apr 20, 2018 1:00 AM;-;40.85;32.18;34.55;37.13;42.32;34.55;-;-;34.55;32.54;32.00;32.18;44.62;32.18;32.00
Apr 20, 2018 1:00 AM;Apr 20, 2018 2:00 AM;-;32.20;32.20;32.20;32.20;32.20;32.20;-;-;32.20;31.18;30.01;32.20;32.20;32.20;29.56
Apr 20, 2018 2:00 AM;Apr 20, 2018 3:00 AM;-;31.23;31.23;31.23;31.23;31.23;31.23;-;-;31.23;30.09;29.98;31.23;31.23;31.23;27.21
Apr 20, 2018 3:00 AM;Apr 20, 2018 4:00 AM;-;30.06;30.06;31.38;30.06;30.06;31.38;-;-;31.38;29.10;29.06;30.06;30.06;30.06;26.38
Apr 20, 2018 4:00 AM;Apr 20, 2018 5:00 AM;-;32.91;30.51;32.06;28.85;31.79;32.06;-;-;32.06;29.99;30.79;30.51;30.51;30.51;29.16
Apr 20, 2018 5:00 AM;Apr 20, 2018 6:00 AM;-;32.97;32.97;35.18;32.97;32.97;35.18;-;-;35.18;33.53;33.25;32.97;42.56;32.97;33.25
Apr 20, 2018 6:00 AM;Apr 20, 2018 7:00 AM;-;42.28;42.28;40.07;42.28;42.28;38.52;-;-;40.07;41.26;42.65;42.28;49.50;42.28;42.65
Apr 20, 2018 7:00 AM;Apr 20, 2018 8:00 AM;-;48.61;47.95;47.95;47.49;48.29;40.11;-;-;47.95;47.09;48.52;47.95;54.13;47.95;48.52
Apr 20, 2018 8:00 AM;Apr 20, 2018 9:00 AM;-;50.78;48.93;48.93;49.97;56.04;41.08;-;-;48.93;47.19;48.66;48.93;60.05;48.93;48.66
Apr 20, 2018 9:00 AM;Apr 20, 2018 10:00 AM;-;53.09;45.92;45.92;48.69;52.75;40.68;-;-;45.92;44.40;44.60;45.92;50.39;45.92;44.60
Apr 20, 2018 10:00 AM;Apr 20, 2018 11:00 AM;-;44.04;43.02;43.02;43.41;43.99;40.74;-;-;43.02;41.61;41.98;43.02;48.41;43.02;41.98
Apr 20, 2018 11:00 AM;Apr 20, 2018 12:00 PM;-;44.08;41.00;41.00;42.19;43.95;39.34;-;-;41.00;39.57;39.40;41.00;44.90;41.00;39.40
Apr 20, 2018 12:00 PM;Apr 20, 2018 1:00 PM;-;40.66;37.71;37.86;38.84;40.63;37.86;-;-;37.86;35.93;35.40;37.71;38.84;37.71;35.40
Apr 20, 2018 1:00 PM;Apr 20, 2018 2:00 PM;-;38.43;33.07;36.85;35.00;38.24;36.85;-;-;36.85;33.94;33.30;32.88;35.00;32.88;33.30
Apr 20, 2018 2:00 PM;Apr 20, 2018 3:00 PM;-;37.40;35.87;35.87;34.97;37.40;35.87;-;-;35.87;33.52;32.50;33.47;34.97;33.47;32.50
Apr 20, 2018 3:00 PM;Apr 20, 2018 4:00 PM;-;34.69;34.69;35.03;34.69;34.69;35.03;-;-;35.03;33.27;32.50;34.69;37.89;34.69;32.50
Apr 20, 2018 4:00 PM;Apr 20, 2018 5:00 PM;-;34.60;33.51;35.76;34.15;37.40;35.76;-;-;35.76;33.48;33.78;33.51;45.09;33.51;33.78
Apr 20, 2018 5:00 PM;Apr 20, 2018 6:00 PM;-;37.51;36.98;37.19;36.71;37.50;37.19;-;-;37.19;37.45;37.63;36.98;48.41;36.98;37.63
Apr 20, 2018 6:00 PM;Apr 20, 2018 7:00 PM;-;45.63;41.14;40.92;40.01;43.92;38.33;-;-;38.33;43.14;43.38;42.34;49.04;42.34;43.38
Apr 20, 2018 7:00 PM;Apr 20, 2018 8:00 PM;-;54.26;38.21;38.21;42.60;50.72;38.21;-;-;38.21;46.36;48.30;47.43;55.58;47.43;48.30
Apr 20, 2018 8:00 PM;Apr 20, 2018 9:00 PM;-;54.40;37.83;37.83;44.69;51.45;37.83;-;-;37.83;47.47;50.90;48.71;59.07;48.71;50.90
Apr 20, 2018 9:00 PM;Apr 20, 2018 10:00 PM;-;46.35;37.24;37.24;46.18;47.40;37.24;-;-;37.24;45.93;47.07;45.94;53.86;45.94;47.07
Apr 20, 2018 10:00 PM;Apr 20, 2018 11:00 PM;-;45.72;36.28;36.28;43.69;47.93;36.28;-;-;36.28;41.46;41.57;40.94;46.70;40.94;41.57
Apr 20, 2018 11:00 PM;Apr 21, 2018 12:00 AM;-;43.65;32.19;32.19;37.91;43.63;32.19;-;-;31.07;36.69;36.00;34.31;44.78;34.31;36.00
Apr 21, 2018 12:00 AM;Apr 21, 2018 1:00 AM;-;51.47;32.82;32.82;40.84;52.00;32.82;-;-;29.51;34.26;31.55;34.36;48.41;34.36;31.55
Apr 21, 2018 1:00 AM;Apr 21, 2018 2:00 AM;-;30.07;30.07;30.07;30.07;30.07;30.07;-;-;28.05;31.83;28.08;30.07;45.48;30.07;28.08
Apr 21, 2018 2:00 AM;Apr 21, 2018 3:00 AM;-;27.59;27.59;27.59;27.59;27.59;27.59;-;-;27.59;31.40;27.42;27.59;40.94;27.59;27.42
Apr 21, 2018 3:00 AM;Apr 21, 2018 4:00 AM;-;42.45;27.08;27.08;16.48;35.20;27.08;-;-;27.08;30.36;26.58;27.08;44.74;27.08;26.58
Apr 21, 2018 4:00 AM;Apr 21, 2018 5:00 AM;-;50.87;27.60;27.60;11.54;39.88;27.60;-;-;27.60;29.86;26.36;27.60;45.47;27.60;26.36
Apr 21, 2018 5:00 AM;Apr 21, 2018 6:00 AM;-;40.46;29.51;29.51;22.01;35.30;29.51;-;-;29.51;31.09;27.35;29.51;45.99;29.51;27.35
Apr 21, 2018 6:00 AM;Apr 21, 2018 7:00 AM;-;59.00;32.06;32.06;13.43;46.34;32.06;-;-;32.06;33.02;30.10;32.06;42.69;32.06;30.10
Apr 21, 2018 7:00 AM;Apr 21, 2018 8:00 AM;-;62.19;34.10;34.10;14.65;49.24;34.10;-;-;34.10;34.32;32.40;34.10;51.23;34.10;32.40
Apr 21, 2018 8:00 AM;Apr 21, 2018 9:00 AM;-;61.04;34.94;34.94;16.92;48.82;34.94;-;-;34.94;33.21;33.28;34.94;59.11;34.94;33.28
Apr 21, 2018 9:00 AM;Apr 21, 2018 10:00 AM;-;47.85;33.93;33.93;19.48;40.00;33.93;-;-;33.93;32.35;33.83;31.08;59.11;31.08;33.83
Apr 21, 2018 10:00 AM;Apr 21, 2018 11:00 AM;-;26.57;33.95;33.95;26.57;31.40;33.95;-;-;33.95;30.21;31.14;26.57;50.13;26.57;31.14
Apr 21, 2018 11:00 AM;Apr 21, 2018 12:00 PM;-;27.40;33.11;33.11;23.42;27.40;33.11;-;-;33.11;28.70;29.05;21.00;48.41;21.00;29.05
Apr 21, 2018 12:00 PM;Apr 21, 2018 1:00 PM;-;32.74;30.93;30.93;25.48;33.00;30.93;-;-;30.93;26.64;27.48;21.01;41.55;21.01;27.48
Apr 21, 2018 1:00 PM;Apr 21, 2018 2:00 PM;-;30.86;29.28;29.28;24.24;31.10;29.28;-;-;29.28;22.21;24.48;20.13;30.97;20.13;24.48
Apr 21, 2018 2:00 PM;Apr 21, 2018 3:00 PM;-;25.99;24.01;24.01;21.65;26.15;26.74;-;-;24.01;19.82;22.07;18.96;30.00;18.96;22.07
Apr 21, 2018 3:00 PM;Apr 21, 2018 4:00 PM;-;26.37;22.88;24.96;22.45;26.51;24.96;-;-;24.96;21.02;24.00;20.02;35.92;20.02;24.00
Apr 21, 2018 4:00 PM;Apr 21, 2018 5:00 PM;-;28.57;25.94;28.06;24.11;27.34;28.06;-;-;28.06;22.95;25.14;25.94;48.41;25.94;25.14
Apr 21, 2018 5:00 PM;Apr 21, 2018 6:00 PM;-;37.00;26.14;30.96;18.57;31.89;30.96;-;-;30.96;29.38;29.56;26.14;50.10;26.14;29.56
Apr 21, 2018 6:00 PM;Apr 21, 2018 7:00 PM;-;49.65;38.26;34.39;30.48;44.29;34.39;-;-;34.39;36.59;36.22;38.26;54.12;38.26;36.22
Apr 21, 2018 7:00 PM;Apr 21, 2018 8:00 PM;-;41.24;41.24;41.24;41.24;41.24;36.09;-;-;36.09;40.29;40.72;41.24;57.45;41.24;40.72
Apr 21, 2018 8:00 PM;Apr 21, 2018 9:00 PM;-;57.76;36.47;36.47;30.04;50.00;36.47;-;-;36.47;42.78;42.22;41.25;53.31;41.25;43.63
Apr 21, 2018 9:00 PM;Apr 21, 2018 10:00 PM;-;55.00;36.34;36.34;29.96;47.99;36.34;-;-;36.34;41.17;39.85;40.08;49.53;40.08;39.85
Apr 21, 2018 10:00 PM;Apr 21, 2018 11:00 PM;-;36.07;36.07;36.07;36.07;36.07;36.07;-;-;36.07;40.44;37.00;36.07;46.74;36.07;37.00
Apr 21, 2018 11:00 PM;Apr 22, 2018 12:00 AM;-;35.00;35.00;35.00;35.00;35.00;35.00;-;-;35.00;37.54;32.30;35.00;42.22;35.00;32.30
Apr 22, 2018 12:00 AM;Apr 22, 2018 1:00 AM;-;29.02;29.02;34.09;29.02;29.02;34.09;-;-;34.09;29.04;26.47;29.02;46.79;29.02;26.47
Apr 22, 2018 1:00 AM;Apr 22, 2018 2:00 AM;-;19.37;19.37;31.31;19.37;19.37;31.31;-;-;31.31;24.57;21.37;19.37;39.17;19.37;21.37
Apr 22, 2018 2:00 AM;Apr 22, 2018 3:00 AM;-;18.67;28.47;29.64;18.67;18.67;29.64;-;-;29.64;24.06;16.18;18.67;35.50;18.67;16.18
Apr 22, 2018 3:00 AM;Apr 22, 2018 4:00 AM;-;14.34;30.91;30.91;13.37;15.96;30.91;-;-;30.91;21.81;15.48;16.65;33.00;16.65;15.48
Apr 22, 2018 4:00 AM;Apr 22, 2018 5:00 AM;-;17.66;31.91;31.91;7.09;21.36;31.91;-;-;31.91;19.51;15.97;14.98;46.50;14.98;15.97
Apr 22, 2018 5:00 AM;Apr 22, 2018 6:00 AM;-;15.23;33.15;33.15;6.19;18.40;33.15;-;-;33.15;18.93;16.60;12.94;53.80;12.94;16.60
Apr 22, 2018 6:00 AM;Apr 22, 2018 7:00 AM;-;27.74;34.05;34.05;5.93;22.15;34.05;-;-;34.05;18.29;16.69;14.93;48.80;14.93;16.69
Apr 22, 2018 7:00 AM;Apr 22, 2018 8:00 AM;-;24.83;35.79;35.79;12.25;23.27;35.79;-;-;35.79;17.76;17.39;18.46;50.00;18.46;17.39
Apr 22, 2018 8:00 AM;Apr 22, 2018 9:00 AM;-;20.68;36.42;36.42;12.18;23.65;36.42;-;-;36.42;16.51;17.50;18.53;48.41;18.53;17.50
Apr 22, 2018 9:00 AM;Apr 22, 2018 10:00 AM;-;15.96;36.94;36.94;15.96;15.96;36.94;-;-;36.94;15.47;16.96;15.96;45.50;15.96;16.96
Apr 22, 2018 10:00 AM;Apr 22, 2018 11:00 AM;-;15.68;37.00;37.00;15.68;15.68;37.00;-;-;37.00;11.56;15.52;15.68;42.72;15.68;15.52
Apr 22, 2018 11:00 AM;Apr 22, 2018 12:00 PM;-;13.99;36.97;36.97;13.99;13.99;36.97;-;-;36.97;11.47;15.00;13.99;33.55;13.99;15.00
Apr 22, 2018 12:00 PM;Apr 22, 2018 1:00 PM;-;13.83;36.49;36.49;13.83;13.83;36.49;-;-;36.49;9.99;14.80;13.83;32.00;13.83;14.80
Apr 22, 2018 1:00 PM;Apr 22, 2018 2:00 PM;-;4.00;36.00;36.00;4.00;4.00;36.00;-;-;36.00;5.14;10.28;4.00;26.61;4.00;10.28
Apr 22, 2018 2:00 PM;Apr 22, 2018 3:00 PM;-;2.42;35.61;35.61;2.42;2.42;35.61;-;-;35.61;2.87;8.50;2.42;22.32;2.42;8.50
Apr 22, 2018 3:00 PM;Apr 22, 2018 4:00 PM;-;3.03;35.83;35.83;3.03;3.03;35.83;-;-;35.83;3.56;9.31;3.03;30.00;3.03;9.31
Apr 22, 2018 4:00 PM;Apr 22, 2018 5:00 PM;-;6.05;36.09;36.09;6.05;10.10;36.09;-;-;36.09;6.40;11.88;6.05;35.00;6.05;11.88
Apr 22, 2018 5:00 PM;Apr 22, 2018 6:00 PM;-;22.29;36.62;36.62;7.61;27.44;36.62;-;-;36.62;16.04;15.68;18.50;43.00;18.50;15.68
Apr 22, 2018 6:00 PM;Apr 22, 2018 7:00 PM;-;32.70;36.82;36.82;15.54;38.60;36.82;-;-;36.82;26.60;26.90;28.36;51.33;28.36;26.90
Apr 22, 2018 7:00 PM;Apr 22, 2018 8:00 PM;-;35.00;36.87;36.87;35.00;35.00;36.87;-;-;36.87;31.02;33.47;35.00;60.27;35.00;33.47
Apr 22, 2018 8:00 PM;Apr 22, 2018 9:00 PM;-;36.96;36.96;36.96;36.96;36.96;36.96;-;-;36.96;32.35;35.74;36.96;76.46;36.96;37.69
Apr 22, 2018 9:00 PM;Apr 22, 2018 10:00 PM;-;33.71;36.14;36.14;33.09;36.40;36.14;-;-;36.14;31.06;32.29;32.35;75.00;32.35;32.29
Apr 22, 2018 10:00 PM;Apr 22, 2018 11:00 PM;-;32.34;32.34;34.48;32.34;32.34;34.48;-;-;34.48;30.00;30.00;32.34;59.11;32.34;30.00
Apr 22, 2018 11:00 PM;Apr 23, 2018 12:00 AM;-;24.10;24.10;24.10;24.10;24.10;33.10;-;-;33.10;28.43;26.14;24.10;50.00;24.10;26.14
Apr 23, 2018 12:00 AM;Apr 23, 2018 1:00 AM;-;18.49;18.49;18.49;18.49;18.49;30.25;-;-;30.25;21.89;22.72;18.49;40.02;18.49;22.72
Apr 23, 2018 1:00 AM;Apr 23, 2018 2:00 AM;-;16.08;16.08;16.08;16.08;16.08;24.99;-;-;24.99;20.09;20.74;16.08;29.60;16.08;20.74
Apr 23, 2018 2:00 AM;Apr 23, 2018 3:00 AM;-;13.85;13.85;13.85;13.85;13.85;24.93;-;-;24.93;19.12;18.75;13.85;29.51;13.85;18.75
Apr 23, 2018 3:00 AM;Apr 23, 2018 4:00 AM;-;12.25;12.25;12.25;12.25;12.25;24.87;-;-;24.87;17.06;16.81;12.25;29.46;12.25;16.81
Apr 23, 2018 4:00 AM;Apr 23, 2018 5:00 AM;-;18.00;14.07;14.07;11.10;16.27;24.95;-;-;24.95;17.69;18.50;14.07;29.51;14.07;18.50
Apr 23, 2018 5:00 AM;Apr 23, 2018 6:00 AM;-;22.20;22.20;22.20;22.20;22.20;34.27;-;-;34.27;25.17;26.10;22.20;29.51;22.20;26.10
Apr 23, 2018 6:00 AM;Apr 23, 2018 7:00 AM;-;39.16;39.16;39.16;39.16;39.16;37.21;-;-;37.21;36.59;39.64;39.16;39.16;39.16;39.64
Apr 23, 2018 7:00 AM;Apr 23, 2018 8:00 AM;-;47.97;47.42;47.42;47.76;49.00;39.04;-;-;39.04;43.41;45.89;47.42;50.29;47.42;46.50
Apr 23, 2018 8:00 AM;Apr 23, 2018 9:00 AM;-;49.01;46.05;46.05;47.85;54.55;41.38;-;-;41.38;43.91;47.30;46.05;59.28;46.05;49.14
Apr 23, 2018 9:00 AM;Apr 23, 2018 10:00 AM;-;48.71;40.47;40.47;45.22;64.00;39.93;-;-;39.93;40.78;41.50;40.47;58.33;40.47;43.10
Apr 23, 2018 10:00 AM;Apr 23, 2018 11:00 AM;-;44.90;38.99;38.99;42.50;55.48;38.99;-;-;38.99;36.00;38.69;38.99;50.62;38.99;39.33
Apr 23, 2018 11:00 AM;Apr 23, 2018 12:00 PM;-;41.88;37.99;37.99;40.37;49.00;37.99;-;-;37.99;36.32;36.00;37.99;49.10;37.99;37.37
Apr 23, 2018 12:00 PM;Apr 23, 2018 1:00 PM;-;35.02;32.31;32.31;33.98;39.50;36.99;-;-;36.99;33.94;34.08;32.31;36.61;32.31;36.05
Apr 23, 2018 1:00 PM;Apr 23, 2018 2:00 PM;-;37.63;28.49;28.49;35.35;52.11;36.76;-;-;36.76;32.91;30.50;28.49;35.35;30.60;35.13
Apr 23, 2018 2:00 PM;Apr 23, 2018 3:00 PM;-;35.80;26.46;26.46;33.27;50.89;36.37;-;-;36.37;33.37;31.06;26.46;42.35;29.10;31.99
Apr 23, 2018 3:00 PM;Apr 23, 2018 4:00 PM;-;34.88;28.60;28.60;32.75;46.06;36.18;-;-;36.18;31.94;31.57;28.60;49.45;28.60;31.57
Apr 23, 2018 4:00 PM;Apr 23, 2018 5:00 PM;-;37.30;30.05;30.05;34.47;49.56;35.99;-;-;35.99;30.95;32.40;30.05;50.00;30.05;32.40
Apr 23, 2018 5:00 PM;Apr 23, 2018 6:00 PM;-;36.83;32.40;32.40;35.17;37.40;36.26;-;-;36.26;32.66;35.50;32.40;52.00;32.40;35.50
Apr 23, 2018 6:00 PM;Apr 23, 2018 7:00 PM;-;39.72;39.72;39.72;39.72;39.72;37.28;-;-;37.28;38.09;38.69;39.72;52.42;39.72;38.69
Apr 23, 2018 7:00 PM;Apr 23, 2018 8:00 PM;-;44.10;39.21;39.21;44.10;44.10;37.79;-;-;37.79;40.92;43.00;44.10;56.97;44.10;43.00
Apr 23, 2018 8:00 PM;Apr 23, 2018 9:00 PM;-;45.60;37.44;37.44;45.60;45.60;37.44;-;-;37.44;42.45;44.00;45.60;58.68;45.60;49.14
Apr 23, 2018 9:00 PM;Apr 23, 2018 10:00 PM;-;45.25;37.00;37.00;45.25;45.25;37.00;-;-;37.00;39.96;40.74;45.25;52.08;45.25;40.74
Apr 23, 2018 10:00 PM;Apr 23, 2018 11:00 PM;-;45.48;35.99;35.99;44.65;49.90;35.99;-;-;35.99;37.53;35.02;43.47;45.50;43.47;35.02
Apr 23, 2018 11:00 PM;Apr 24, 2018 12:00 AM;-;38.04;34.76;34.76;38.04;38.04;34.76;-;-;27.57;30.03;28.45;38.04;42.73;38.04;28.45
Apr 24, 2018 12:00 AM;Apr 24, 2018 1:00 AM;-;30.90;30.90;30.90;30.90;30.90;33.16;-;-;28.05;31.02;29.24;30.90;30.90;30.90;29.24
Apr 24, 2018 1:00 AM;Apr 24, 2018 2:00 AM;-;30.00;30.00;30.00;30.00;30.00;30.37;-;-;27.01;28.90;26.45;30.00;30.00;30.00;26.45
Apr 24, 2018 2:00 AM;Apr 24, 2018 3:00 AM;-;28.45;28.45;28.45;28.45;28.45;29.11;-;-;27.01;24.71;23.34;28.45;28.45;28.45;23.34
Apr 24, 2018 3:00 AM;Apr 24, 2018 4:00 AM;-;24.12;24.12;24.12;24.12;24.12;28.46;-;-;24.12;23.41;22.04;24.12;24.12;24.12;22.04
Apr 24, 2018 4:00 AM;Apr 24, 2018 5:00 AM;-;23.40;23.40;23.40;23.40;23.40;25.32;-;-;23.40;23.60;22.50;23.40;23.40;23.40;22.50
Apr 24, 2018 5:00 AM;Apr 24, 2018 6:00 AM;-;30.10;30.10;30.10;30.10;30.10;30.64;-;-;30.10;28.64;26.83;30.10;30.10;30.10;26.83
Apr 24, 2018 6:00 AM;Apr 24, 2018 7:00 AM;-;36.37;36.37;36.37;36.37;36.37;36.37;-;-;36.37;38.57;38.76;36.37;48.69;36.37;38.76
Apr 24, 2018 7:00 AM;Apr 24, 2018 8:00 AM;-;40.28;40.28;40.28;40.28;40.28;38.08;-;-;38.08;45.31;44.75;40.28;60.44;40.28;44.75
Apr 24, 2018 8:00 AM;Apr 24, 2018 9:00 AM;-;44.80;41.92;41.92;43.63;49.07;38.34;-;-;38.34;43.16;43.03;41.92;70.50;41.92;43.03
Apr 24, 2018 9:00 AM;Apr 24, 2018 10:00 AM;-;45.12;37.55;37.55;42.09;56.49;37.55;-;-;37.55;38.16;38.85;37.55;74.91;37.55;38.85
Apr 24, 2018 10:00 AM;Apr 24, 2018 11:00 AM;-;41.13;28.03;28.03;35.90;60.48;36.91;-;-;36.91;33.51;34.37;28.03;72.00;28.03;34.37
Apr 24, 2018 11:00 AM;Apr 24, 2018 12:00 PM;-;40.96;25.53;25.53;34.78;64.74;36.74;-;-;36.74;32.42;32.50;25.53;63.92;25.53;32.50
Apr 24, 2018 12:00 PM;Apr 24, 2018 1:00 PM;-;34.96;28.43;28.43;32.38;45.00;36.49;-;-;36.49;28.72;30.00;28.43;55.97;28.43;30.00
Apr 24, 2018 1:00 PM;Apr 24, 2018 2:00 PM;-;33.59;28.70;28.70;31.65;41.00;36.23;-;-;36.23;27.64;27.97;28.70;54.02;28.70;27.97
Apr 24, 2018 2:00 PM;Apr 24, 2018 3:00 PM;-;35.95;25.01;25.01;31.64;53.13;35.58;-;-;35.58;27.98;28.00;25.01;58.34;25.01;28.00
Apr 24, 2018 3:00 PM;Apr 24, 2018 4:00 PM;-;32.40;28.51;28.51;30.87;38.40;35.38;-;-;35.38;29.05;29.76;28.51;61.50;28.51;29.76
Apr 24, 2018 4:00 PM;Apr 24, 2018 5:00 PM;-;39.02;29.90;29.90;30.41;47.00;35.84;-;-;35.84;30.11;30.46;29.90;63.92;29.90;30.46
Apr 24, 2018 5:00 PM;Apr 24, 2018 6:00 PM;-;42.43;36.37;36.37;30.77;40.00;36.37;-;-;36.37;32.51;34.00;36.37;61.43;36.37;34.00
Apr 24, 2018 6:00 PM;Apr 24, 2018 7:00 PM;-;41.53;41.31;41.31;41.53;41.53;36.63;-;-;36.63;39.69;39.99;41.53;61.67;41.53;39.99
Apr 24, 2018 7:00 PM;Apr 24, 2018 8:00 PM;-;46.39;38.27;39.19;46.39;46.39;37.02;-;-;37.02;45.10;45.44;46.39;63.92;46.39;45.44
Apr 24, 2018 8:00 PM;Apr 24, 2018 9:00 PM;-;47.94;37.14;46.32;47.05;49.40;37.14;-;-;36.88;48.12;49.24;50.03;61.50;50.03;51.02
Apr 24, 2018 9:00 PM;Apr 24, 2018 10:00 PM;-;47.09;37.45;39.19;47.09;47.09;37.45;-;-;36.53;47.23;46.83;47.09;55.97;47.09;46.83
Apr 24, 2018 10:00 PM;Apr 24, 2018 11:00 PM;-;44.90;37.25;39.12;44.90;44.90;37.25;-;-;36.11;44.49;43.60;44.90;49.95;44.90;43.60
Apr 24, 2018 11:00 PM;Apr 25, 2018 12:00 AM;-;40.18;36.46;36.46;40.18;40.18;36.46;-;-;26.77;38.48;37.17;40.18;49.10;40.18;37.17
Apr 25, 2018 12:00 AM;Apr 25, 2018 1:00 AM;-;28.68;28.68;35.46;28.68;28.68;36.33;-;-;35.46;29.42;29.54;28.68;42.92;28.68;29.54
Apr 25, 2018 1:00 AM;Apr 25, 2018 2:00 AM;-;24.09;24.09;24.09;24.09;24.09;34.37;-;-;34.14;28.58;27.80;24.09;32.90;24.09;27.80
Apr 25, 2018 2:00 AM;Apr 25, 2018 3:00 AM;-;18.80;18.80;18.80;18.80;18.80;32.69;-;-;32.69;25.29;25.18;18.80;29.51;18.80;25.18
Apr 25, 2018 3:00 AM;Apr 25, 2018 4:00 AM;-;22.87;24.15;24.15;22.87;22.87;32.34;-;-;32.34;21.46;22.21;22.87;29.01;22.87;22.21
Apr 25, 2018 4:00 AM;Apr 25, 2018 5:00 AM;-;18.18;32.43;32.43;18.14;18.18;32.43;-;-;32.43;20.28;20.46;18.16;41.78;18.16;20.46
Apr 25, 2018 5:00 AM;Apr 25, 2018 6:00 AM;-;22.61;34.99;34.99;18.83;23.00;34.99;-;-;34.99;21.83;23.50;21.19;47.59;21.19;23.50
Apr 25, 2018 6:00 AM;Apr 25, 2018 7:00 AM;-;31.38;37.70;37.70;31.38;31.38;37.70;-;-;37.70;28.45;28.93;31.38;46.83;31.38;28.93
Apr 25, 2018 7:00 AM;Apr 25, 2018 8:00 AM;-;37.30;39.78;39.78;34.77;36.69;39.78;-;-;39.78;32.37;33.57;35.90;48.11;35.90;33.57
Apr 25, 2018 8:00 AM;Apr 25, 2018 9:00 AM;-;50.10;40.91;40.91;38.35;50.10;40.91;-;-;40.91;34.06;34.93;32.45;46.67;32.45;34.93
Apr 25, 2018 9:00 AM;Apr 25, 2018 10:00 AM;-;68.04;40.04;40.04;41.46;68.04;40.04;-;-;40.04;31.05;32.00;28.15;45.54;28.15;32.00
Apr 25, 2018 10:00 AM;Apr 25, 2018 11:00 AM;-;65.10;39.65;39.65;34.31;65.10;39.65;-;-;39.65;26.48;27.89;18.84;42.62;18.84;27.89
Apr 25, 2018 11:00 AM;Apr 25, 2018 12:00 PM;-;49.90;39.14;39.14;30.15;49.90;39.14;-;-;39.14;25.40;25.56;20.10;32.90;20.10;25.56
Apr 25, 2018 12:00 PM;Apr 25, 2018 1:00 PM;-;49.72;38.12;38.12;31.15;49.89;38.12;-;-;38.12;24.04;25.00;21.14;31.15;21.14;25.00
Apr 25, 2018 1:00 PM;Apr 25, 2018 2:00 PM;-;35.00;37.76;37.76;25.35;35.00;37.76;-;-;37.76;23.17;24.50;21.27;25.35;21.27;24.50
Apr 25, 2018 2:00 PM;Apr 25, 2018 3:00 PM;-;33.68;37.36;37.36;22.07;32.40;37.36;-;-;37.36;22.07;23.99;22.07;22.07;22.07;23.99
Apr 25, 2018 3:00 PM;Apr 25, 2018 4:00 PM;-;29.39;36.92;36.92;21.28;28.50;36.92;-;-;36.92;22.21;24.50;21.28;21.28;21.28;24.50
Apr 25, 2018 4:00 PM;Apr 25, 2018 5:00 PM;-;23.48;36.70;36.70;23.09;25.10;36.70;-;-;36.70;21.79;24.00;22.56;25.80;22.56;24.00
Apr 25, 2018 5:00 PM;Apr 25, 2018 6:00 PM;-;41.05;36.84;36.84;23.19;56.69;36.84;-;-;36.84;27.91;30.00;24.59;27.00;24.59;30.00
Apr 25, 2018 6:00 PM;Apr 25, 2018 7:00 PM;-;51.16;34.99;37.07;30.05;53.00;37.07;-;-;37.07;33.35;33.99;34.99;46.94;34.99;33.99
Apr 25, 2018 7:00 PM;Apr 25, 2018 8:00 PM;-;41.17;38.75;38.75;34.48;41.80;38.22;-;-;38.22;37.50;39.59;38.75;54.23;38.75;39.59
Apr 25, 2018 8:00 PM;Apr 25, 2018 9:00 PM;-;47.17;40.18;40.18;27.85;49.00;38.62;-;-;38.62;39.01;43.00;40.18;61.79;40.18;43.00
Apr 25, 2018 9:00 PM;Apr 25, 2018 10:00 PM;-;42.03;39.15;39.15;34.07;42.78;37.83;-;-;37.83;37.81;39.04;39.15;59.90;39.15;39.04
Apr 25, 2018 10:00 PM;Apr 25, 2018 11:00 PM;-;37.33;36.38;36.38;36.93;39.00;36.47;-;-;36.47;35.05;36.40;36.38;55.16;36.38;36.40
Apr 25, 2018 11:00 PM;Apr 26, 2018 12:00 AM;-;32.40;32.10;32.10;32.27;32.90;33.33;-;-;33.33;31.22;31.46;32.10;49.01;32.10;31.46
Apr 26, 2018 12:00 AM;Apr 26, 2018 1:00 AM;-;25.03;25.03;25.03;25.03;25.03;34.24;-;-;34.24;23.86;24.71;25.03;48.00;25.03;24.71
Apr 26, 2018 1:00 AM;Apr 26, 2018 2:00 AM;-;23.08;23.08;23.08;23.08;23.08;31.96;-;-;30.08;21.81;21.50;23.08;31.90;23.08;21.50
Apr 26, 2018 2:00 AM;Apr 26, 2018 3:00 AM;-;21.59;29.66;29.66;21.59;21.59;31.79;-;-;30.48;18.59;17.93;21.59;29.51;21.59;17.93
Apr 26, 2018 3:00 AM;Apr 26, 2018 4:00 AM;-;23.97;32.38;32.38;11.08;25.24;32.38;-;-;32.38;18.14;18.23;19.04;29.51;19.04;18.23
Apr 26, 2018 4:00 AM;Apr 26, 2018 5:00 AM;-;26.34;32.62;32.62;12.63;27.68;32.62;-;-;32.62;17.68;20.36;21.08;31.30;21.08;20.36
Apr 26, 2018 5:00 AM;Apr 26, 2018 6:00 AM;-;22.06;30.02;30.02;22.06;22.06;34.50;-;-;34.50;24.88;25.22;22.06;29.10;22.06;25.22
Apr 26, 2018 6:00 AM;Apr 26, 2018 7:00 AM;-;35.70;35.70;35.70;35.70;35.70;37.03;-;-;37.03;35.07;36.93;35.70;45.70;35.70;36.93
Apr 26, 2018 7:00 AM;Apr 26, 2018 8:00 AM;-;44.50;44.50;44.50;44.50;44.50;39.77;-;-;39.77;41.45;42.79;44.50;49.30;44.50;42.79
Apr 26, 2018 8:00 AM;Apr 26, 2018 9:00 AM;-;45.80;44.93;44.93;45.21;45.80;42.95;-;-;43.25;41.71;42.89;44.93;58.80;44.93;42.89
Apr 26, 2018 9:00 AM;Apr 26, 2018 10:00 AM;-;42.40;38.97;38.97;40.07;42.40;39.06;-;-;39.06;39.02;39.64;38.97;56.25;38.97;39.64
Apr 26, 2018 10:00 AM;Apr 26, 2018 11:00 AM;-;37.65;37.13;37.13;36.04;38.10;37.95;-;-;38.34;37.03;34.90;33.97;50.52;33.97;34.90
Apr 26, 2018 11:00 AM;Apr 26, 2018 12:00 PM;-;38.23;37.42;37.42;35.12;39.15;37.42;-;-;38.05;36.20;33.75;31.15;49.62;49.62;36.12
Apr 26, 2018 12:00 PM;Apr 26, 2018 1:00 PM;-;36.47;37.15;37.15;30.86;40.00;37.15;-;-;37.63;34.30;34.99;23.71;42.92;42.92;40.67
Apr 26, 2018 1:00 PM;Apr 26, 2018 2:00 PM;-;32.88;37.03;37.03;28.57;33.00;37.03;-;-;37.36;32.69;34.99;23.07;41.46;41.46;36.12
Apr 26, 2018 2:00 PM;Apr 26, 2018 3:00 PM;-;30.00;29.59;29.59;26.10;30.50;36.72;-;-;37.07;30.04;28.50;21.14;47.94;42.00;30.93
Apr 26, 2018 3:00 PM;Apr 26, 2018 4:00 PM;-;27.89;21.11;21.11;24.92;29.90;36.36;-;-;36.75;27.20;28.50;21.11;49.82;30.00;28.50
Apr 26, 2018 4:00 PM;Apr 26, 2018 5:00 PM;-;29.29;21.05;21.05;25.65;30.40;36.49;-;-;36.49;28.91;27.99;21.05;50.96;26.76;27.99
Apr 26, 2018 5:00 PM;Apr 26, 2018 6:00 PM;-;30.69;28.43;28.43;29.71;34.97;36.12;-;-;36.12;30.36;30.93;28.43;51.67;30.00;30.93
Apr 26, 2018 6:00 PM;Apr 26, 2018 7:00 PM;-;35.98;35.98;35.98;35.98;35.98;36.72;-;-;36.72;36.53;37.60;35.98;51.67;35.98;37.60
Apr 26, 2018 7:00 PM;Apr 26, 2018 8:00 PM;-;41.57;41.57;41.57;41.57;41.57;37.54;-;-;37.54;41.44;42.95;41.57;55.77;41.57;42.95
Apr 26, 2018 8:00 PM;Apr 26, 2018 9:00 PM;-;42.00;42.00;42.00;42.00;42.00;37.93;-;-;37.93;42.41;44.61;42.00;60.80;42.00;44.61
Apr 26, 2018 9:00 PM;Apr 26, 2018 10:00 PM;-;40.98;40.98;40.98;40.98;40.98;38.17;-;-;38.17;41.98;42.40;40.98;53.62;40.98;42.40
Apr 26, 2018 10:00 PM;Apr 26, 2018 11:00 PM;-;49.15;37.66;37.66;41.73;49.00;37.49;-;-;37.49;40.26;40.06;37.66;47.50;37.66;40.06
Apr 26, 2018 11:00 PM;Apr 27, 2018 12:00 AM;-;40.19;33.10;33.10;35.66;40.10;35.74;-;-;35.74;35.23;34.30;33.10;40.91;33.10;34.30
Apr 27, 2018 12:00 AM;Apr 27, 2018 1:00 AM;-;35.37;34.96;34.96;35.19;36.21;35.05;-;-;35.05;30.79;30.53;34.96;35.19;34.96;30.53
Apr 27, 2018 1:00 AM;Apr 27, 2018 2:00 AM;-;33.37;33.01;33.01;33.21;34.16;33.07;-;-;33.07;28.57;28.25;33.01;33.21;33.01;28.25
Apr 27, 2018 2:00 AM;Apr 27, 2018 3:00 AM;-;32.76;32.43;32.43;32.61;33.50;32.43;-;-;32.43;27.52;27.90;32.43;32.61;32.43;27.90
Apr 27, 2018 3:00 AM;Apr 27, 2018 4:00 AM;-;31.23;30.74;30.74;31.01;32.33;33.40;-;-;33.40;26.52;26.96;30.74;31.01;30.74;26.96
Apr 27, 2018 4:00 AM;Apr 27, 2018 5:00 AM;-;31.65;30.00;30.00;29.65;32.90;33.99;-;-;33.99;28.33;29.06;30.00;30.00;30.00;29.06
Apr 27, 2018 5:00 AM;Apr 27, 2018 6:00 AM;-;35.55;35.55;35.55;35.55;35.55;35.55;-;-;35.55;31.06;32.06;35.55;35.55;35.55;32.06
Apr 27, 2018 6:00 AM;Apr 27, 2018 7:00 AM;-;44.48;44.48;44.48;44.48;44.48;37.88;-;-;37.88;38.93;41.14;44.48;47.45;44.48;41.14
Apr 27, 2018 7:00 AM;Apr 27, 2018 8:00 AM;-;49.12;39.99;39.99;49.12;49.12;39.94;-;-;39.94;45.86;47.76;49.12;53.62;49.12;47.76
Apr 27, 2018 8:00 AM;Apr 27, 2018 9:00 AM;-;54.08;41.38;41.38;54.08;54.08;41.38;-;-;41.38;50.56;51.94;54.08;60.19;54.08;51.94
Apr 27, 2018 9:00 AM;Apr 27, 2018 10:00 AM;-;45.63;41.04;41.04;45.63;45.63;41.04;-;-;41.04;45.47;46.91;45.63;54.39;45.63;46.91
Apr 27, 2018 10:00 AM;Apr 27, 2018 11:00 AM;-;53.73;40.28;40.28;44.99;53.18;40.14;-;-;40.14;42.60;43.00;40.28;49.10;40.28;43.00
Apr 27, 2018 11:00 AM;Apr 27, 2018 12:00 PM;-;40.17;40.17;40.17;40.17;40.17;38.89;-;-;38.89;40.25;40.61;40.17;46.62;40.17;40.61
Apr 27, 2018 12:00 PM;Apr 27, 2018 1:00 PM;-;37.66;37.66;37.66;37.66;37.66;37.66;-;-;37.66;36.83;36.40;37.66;38.70;37.66;36.40
Apr 27, 2018 1:00 PM;Apr 27, 2018 2:00 PM;-;35.31;35.05;35.05;35.13;35.31;36.48;-;-;36.48;34.33;34.30;35.05;35.13;35.05;34.30
Apr 27, 2018 2:00 PM;Apr 27, 2018 3:00 PM;-;35.04;33.08;33.08;33.63;35.04;36.20;-;-;36.20;32.95;33.01;33.08;40.54;33.08;33.01
Apr 27, 2018 3:00 PM;Apr 27, 2018 4:00 PM;-;37.89;33.06;33.06;28.82;36.00;36.27;-;-;36.27;32.90;33.49;33.06;46.35;33.06;33.49
Apr 27, 2018 4:00 PM;Apr 27, 2018 5:00 PM;-;40.53;33.57;33.57;21.73;41.96;36.72;-;-;36.72;34.64;35.30;33.57;49.10;33.57;35.30
Apr 27, 2018 5:00 PM;Apr 27, 2018 6:00 PM;-;54.29;40.97;40.97;18.26;57.00;37.40;-;-;37.40;38.15;39.60;40.97;49.10;40.97;39.60
Apr 27, 2018 6:00 PM;Apr 27, 2018 7:00 PM;-;56.44;44.56;44.56;24.27;58.76;37.76;-;-;37.76;43.75;44.83;44.56;49.75;44.56;44.83
Apr 27, 2018 7:00 PM;Apr 27, 2018 8:00 PM;-;53.57;50.03;50.03;44.01;54.19;37.81;-;-;37.81;45.82;48.00;50.03;54.74;50.03;48.00
Apr 27, 2018 8:00 PM;Apr 27, 2018 9:00 PM;-;60.77;52.99;52.99;39.74;62.29;37.84;-;-;37.84;45.24;47.81;52.99;56.73;52.99;47.81
Apr 27, 2018 9:00 PM;Apr 27, 2018 10:00 PM;-;45.86;45.86;45.86;45.86;45.86;37.94;-;-;37.94;42.65;43.39;45.86;52.63;45.86;43.39
Apr 27, 2018 10:00 PM;Apr 27, 2018 11:00 PM;-;40.56;40.56;40.56;40.56;40.56;37.60;-;-;37.60;39.03;39.00;40.56;46.93;40.56;39.00
Apr 27, 2018 11:00 PM;Apr 28, 2018 12:00 AM;-;37.19;33.47;33.47;34.52;37.19;36.00;-;-;36.00;33.13;32.60;33.47;44.13;33.47;32.60
Apr 28, 2018 12:00 AM;Apr 28, 2018 1:00 AM;-;41.36;28.48;28.48;18.57;35.60;35.92;-;-;35.92;30.37;29.54;28.48;29.51;28.48;29.54
Apr 28, 2018 1:00 AM;Apr 28, 2018 2:00 AM;-;33.27;21.10;21.10;11.72;33.22;34.32;-;-;34.32;28.15;26.50;21.10;28.20;21.10;26.50
Apr 28, 2018 2:00 AM;Apr 28, 2018 3:00 AM;-;37.80;25.26;25.26;15.51;32.22;33.29;-;-;33.29;24.95;23.90;25.26;25.26;25.26;23.90
Apr 28, 2018 3:00 AM;Apr 28, 2018 4:00 AM;-;38.00;33.17;33.17;14.48;32.10;33.17;-;-;33.17;24.19;24.60;24.73;24.73;24.73;24.60
Apr 28, 2018 4:00 AM;Apr 28, 2018 5:00 AM;-;38.79;32.72;32.72;10.42;31.67;32.72;-;-;32.72;24.59;24.52;22.78;22.78;22.78;24.52
Apr 28, 2018 5:00 AM;Apr 28, 2018 6:00 AM;-;36.37;32.55;32.55;14.30;30.82;32.55;-;-;32.55;26.11;24.01;23.89;24.11;23.89;24.01
Apr 28, 2018 6:00 AM;Apr 28, 2018 7:00 AM;-;37.83;34.84;34.84;21.45;33.72;34.84;-;-;34.84;27.40;25.83;28.59;29.40;28.59;25.83
Apr 28, 2018 7:00 AM;Apr 28, 2018 8:00 AM;-;41.95;36.02;36.02;17.10;35.73;36.02;-;-;36.02;27.27;28.60;28.01;45.00;28.01;28.60
Apr 28, 2018 8:00 AM;Apr 28, 2018 9:00 AM;-;40.24;36.56;36.56;23.45;36.00;36.56;-;-;36.56;27.60;31.61;30.75;54.57;30.75;31.61
Apr 28, 2018 9:00 AM;Apr 28, 2018 10:00 AM;-;41.30;37.18;37.18;20.26;35.99;37.18;-;-;37.18;25.81;29.61;29.40;55.97;29.40;29.61
Apr 28, 2018 10:00 AM;Apr 28, 2018 11:00 AM;-;21.01;37.02;37.02;21.01;35.84;37.02;-;-;37.02;25.50;27.16;21.01;53.06;21.01;27.16
Apr 28, 2018 11:00 AM;Apr 28, 2018 12:00 PM;-;23.27;36.74;36.74;23.27;35.56;36.74;-;-;36.74;23.52;24.59;23.27;49.00;23.27;24.59
Apr 28, 2018 12:00 PM;Apr 28, 2018 1:00 PM;-;26.40;35.98;35.98;26.40;34.83;35.98;-;-;35.98;22.59;24.01;26.40;44.00;26.40;24.01
Apr 28, 2018 1:00 PM;Apr 28, 2018 2:00 PM;-;20.40;35.52;35.52;20.40;30.00;35.52;-;-;35.52;19.88;22.00;20.40;32.01;20.40;22.00
Apr 28, 2018 2:00 PM;Apr 28, 2018 3:00 PM;-;23.33;34.98;34.98;23.33;30.10;34.98;-;-;34.98;18.29;19.97;23.33;32.00;23.33;19.97
Apr 28, 2018 3:00 PM;Apr 28, 2018 4:00 PM;-;23.88;34.76;34.76;23.88;32.00;34.76;-;-;34.76;20.11;22.20;23.88;40.01;23.88;22.20
Apr 28, 2018 4:00 PM;Apr 28, 2018 5:00 PM;-;30.19;34.96;34.96;15.73;27.45;34.96;-;-;34.96;23.23;24.50;22.07;46.23;22.07;24.50
Apr 28, 2018 5:00 PM;Apr 28, 2018 6:00 PM;-;52.69;32.91;32.91;17.56;44.03;36.23;-;-;36.23;26.91;28.01;32.91;48.15;32.91;28.01
Apr 28, 2018 6:00 PM;Apr 28, 2018 7:00 PM;-;59.60;36.08;37.06;17.80;49.30;37.06;-;-;37.06;31.48;36.30;36.08;49.00;36.08;36.30
Apr 28, 2018 7:00 PM;Apr 28, 2018 8:00 PM;-;60.10;42.17;42.17;28.17;52.23;37.87;-;-;42.17;36.08;39.66;42.17;48.74;42.17;39.66
Apr 28, 2018 8:00 PM;Apr 28, 2018 9:00 PM;-;68.03;45.95;45.95;28.89;58.34;38.26;-;-;42.01;38.06;42.20;45.95;45.95;45.95;42.20
Apr 28, 2018 9:00 PM;Apr 28, 2018 10:00 PM;-;46.95;42.27;42.27;38.66;44.90;37.93;-;-;37.93;38.21;40.93;42.27;42.27;42.27;40.93
Apr 28, 2018 10:00 PM;Apr 28, 2018 11:00 PM;-;40.20;39.51;39.51;38.98;39.90;36.96;-;-;36.96;38.04;37.25;39.51;38.98;38.98;37.25
Apr 28, 2018 11:00 PM;Apr 29, 2018 12:00 AM;-;36.17;35.96;35.96;35.96;36.40;35.96;-;-;35.96;36.96;34.07;35.96;35.96;35.96;34.07
Apr 29, 2018 12:00 AM;Apr 29, 2018 1:00 AM;-;60.00;35.98;35.98;45.13;60.26;35.98;-;-;35.98;27.71;27.61;35.98;46.24;35.98;27.61
Apr 29, 2018 1:00 AM;Apr 29, 2018 2:00 AM;-;39.15;30.78;30.78;24.60;36.02;34.87;-;-;34.87;23.28;22.72;30.78;38.59;30.78;22.72
Apr 29, 2018 2:00 AM;Apr 29, 2018 3:00 AM;-;43.34;27.83;27.83;16.40;36.18;34.58;-;-;34.58;20.93;21.38;27.83;30.00;27.83;21.38
Apr 29, 2018 3:00 AM;Apr 29, 2018 4:00 AM;-;46.58;34.01;34.01;12.06;37.38;34.01;-;-;34.01;20.30;19.97;26.65;28.02;26.65;19.97
Apr 29, 2018 4:00 AM;Apr 29, 2018 5:00 AM;-;50.68;33.95;33.95;6.32;38.73;33.95;-;-;33.95;20.30;19.55;25.10;44.76;25.10;19.55
Apr 29, 2018 5:00 AM;Apr 29, 2018 6:00 AM;-;45.39;33.60;33.60;5.86;34.71;33.60;-;-;33.60;19.10;18.50;22.51;49.10;22.51;18.50
Apr 29, 2018 6:00 AM;Apr 29, 2018 7:00 AM;-;46.61;34.47;34.47;5.90;35.61;34.47;-;-;34.47;20.29;19.20;23.06;47.74;23.06;19.20
Apr 29, 2018 7:00 AM;Apr 29, 2018 8:00 AM;-;47.27;34.82;34.82;5.89;35.80;34.82;-;-;34.82;22.62;22.14;23.42;48.32;23.42;22.14
Apr 29, 2018 8:00 AM;Apr 29, 2018 9:00 AM;-;45.96;35.61;35.61;12.04;36.79;35.61;-;-;35.61;20.18;22.77;26.42;47.74;26.42;22.77
Apr 29, 2018 9:00 AM;Apr 29, 2018 10:00 AM;-;44.87;35.97;35.97;14.23;36.60;35.97;-;-;35.97;18.98;22.00;27.23;47.00;27.23;22.00
Apr 29, 2018 10:00 AM;Apr 29, 2018 11:00 AM;-;37.57;36.03;36.03;11.05;34.87;36.03;-;-;36.03;18.06;19.84;22.30;43.61;22.30;19.84
Apr 29, 2018 11:00 AM;Apr 29, 2018 12:00 PM;-;39.12;35.97;35.97;16.92;34.90;35.97;-;-;35.97;18.44;18.71;20.05;34.07;20.05;18.71
Apr 29, 2018 12:00 PM;Apr 29, 2018 1:00 PM;-;34.79;35.64;35.64;22.45;34.90;35.64;-;-;35.64;14.47;16.84;15.56;30.10;15.56;16.84
Apr 29, 2018 1:00 PM;Apr 29, 2018 2:00 PM;-;12.84;35.32;35.32;12.84;34.19;35.32;-;-;35.32;7.85;9.95;12.84;18.90;12.84;9.95
Apr 29, 2018 2:00 PM;Apr 29, 2018 3:00 PM;-;18.15;34.99;34.99;7.59;33.87;34.99;-;-;34.99;4.54;7.00;12.08;15.00;12.08;7.00
Apr 29, 2018 3:00 PM;Apr 29, 2018 4:00 PM;-;23.52;34.45;34.45;5.09;33.35;34.45;-;-;34.45;3.65;7.22;12.95;23.78;12.95;7.22
Apr 29, 2018 4:00 PM;Apr 29, 2018 5:00 PM;-;19.83;34.62;34.62;5.00;32.40;34.62;-;-;34.62;8.40;10.63;15.97;29.91;15.97;10.63
Apr 29, 2018 5:00 PM;Apr 29, 2018 6:00 PM;-;22.90;35.23;35.23;6.37;34.10;35.23;-;-;35.23;13.86;15.18;18.57;36.96;18.57;15.18
Apr 29, 2018 6:00 PM;Apr 29, 2018 7:00 PM;-;38.90;35.60;35.60;8.00;34.46;35.60;-;-;35.60;19.76;20.89;21.45;45.99;21.45;20.89
Apr 29, 2018 7:00 PM;Apr 29, 2018 8:00 PM;-;30.99;35.33;35.33;14.00;32.60;35.33;-;-;35.33;23.09;25.74;21.25;55.24;21.25;26.02
Apr 29, 2018 8:00 PM;Apr 29, 2018 9:00 PM;-;31.99;35.31;35.31;14.86;32.30;35.31;-;-;35.31;22.85;26.87;20.72;62.85;20.72;29.50
Apr 29, 2018 9:00 PM;Apr 29, 2018 10:00 PM;-;24.21;35.74;35.74;22.35;34.59;35.74;-;-;35.74;19.58;23.93;19.93;60.73;19.93;23.93
Apr 29, 2018 10:00 PM;Apr 29, 2018 11:00 PM;-;23.81;35.30;35.30;21.55;36.47;35.30;-;-;35.30;17.88;21.27;18.60;54.86;18.60;21.27
Apr 29, 2018 11:00 PM;Apr 30, 2018 12:00 AM;-;18.80;33.39;33.39;15.88;34.49;33.39;-;-;33.39;12.34;14.43;12.05;48.00;12.05;14.43
Apr 30, 2018 12:00 AM;Apr 30, 2018 1:00 AM;-;19.72;31.93;31.93;17.66;30.91;31.93;-;-;31.93;8.72;6.46;15.02;38.25;15.02;6.46
Apr 30, 2018 1:00 AM;Apr 30, 2018 2:00 AM;-;12.35;30.36;30.36;9.13;29.39;30.36;-;-;30.36;5.65;3.10;4.91;30.00;4.91;3.10
Apr 30, 2018 2:00 AM;Apr 30, 2018 3:00 AM;-;10.69;25.09;25.09;8.12;24.29;25.09;-;-;25.09;1.74;3.02;4.76;29.30;4.76;3.02
Apr 30, 2018 3:00 AM;Apr 30, 2018 4:00 AM;-;4.55;3.46;3.46;3.34;10.91;21.21;-;-;21.21;0.74;2.10;1.77;28.50;1.77;2.10
Apr 30, 2018 4:00 AM;Apr 30, 2018 5:00 AM;-;8.88;2.65;2.65;6.17;23.15;23.92;-;-;23.92;0.74;2.90;2.65;29.51;2.65;2.90
Apr 30, 2018 5:00 AM;Apr 30, 2018 6:00 AM;-;12.30;3.78;3.78;8.59;32.04;31.01;-;-;31.01;1.45;4.60;3.78;48.16;3.78;4.60
Apr 30, 2018 6:00 AM;Apr 30, 2018 7:00 AM;-;15.34;5.01;5.01;10.83;39.40;33.92;-;-;33.92;15.09;18.13;5.01;49.43;5.01;18.13
Apr 30, 2018 7:00 AM;Apr 30, 2018 8:00 AM;-;26.53;18.24;18.24;22.98;45.00;34.46;-;-;34.46;22.20;27.04;18.24;58.15;18.24;27.04
Apr 30, 2018 8:00 AM;Apr 30, 2018 9:00 AM;-;30.23;20.34;20.34;26.03;52.38;35.64;-;-;35.64;23.78;29.00;20.34;59.41;20.34;29.00
Apr 30, 2018 9:00 AM;Apr 30, 2018 10:00 AM;-;26.81;14.97;14.97;19.11;63.70;35.01;-;-;35.01;21.49;26.10;14.97;55.15;14.97;26.55
Apr 30, 2018 10:00 AM;Apr 30, 2018 11:00 AM;-;25.08;4.90;4.90;16.55;71.66;34.71;-;-;34.71;18.11;22.00;4.90;50.00;4.90;22.00
Apr 30, 2018 11:00 AM;Apr 30, 2018 12:00 PM;-;24.12;6.52;6.52;16.69;64.73;34.10;-;-;34.10;17.54;19.90;6.52;46.90;6.52;20.32
Apr 30, 2018 12:00 PM;Apr 30, 2018 1:00 PM;-;16.54;0.88;0.88;9.94;52.38;33.95;-;-;33.95;15.06;16.02;0.88;40.00;3.60;16.02
Apr 30, 2018 1:00 PM;Apr 30, 2018 2:00 PM;-;15.07;3.60;3.60;10.26;41.00;33.43;-;-;33.43;12.00;13.52;3.60;37.42;3.60;13.52
Apr 30, 2018 2:00 PM;Apr 30, 2018 3:00 PM;-;12.44;2.32;2.32;8.19;35.60;32.97;-;-;32.97;9.87;11.43;2.32;39.01;2.32;11.43
Apr 30, 2018 3:00 PM;Apr 30, 2018 4:00 PM;-;14.26;5.83;5.83;8.25;31.21;30.21;-;-;30.21;12.29;14.00;5.83;45.90;5.83;14.00
Apr 30, 2018 4:00 PM;Apr 30, 2018 5:00 PM;-;19.76;26.68;26.68;8.07;31.09;30.09;-;-;30.09;15.63;18.00;8.07;48.59;8.07;18.00
Apr 30, 2018 5:00 PM;Apr 30, 2018 6:00 PM;-;18.26;30.99;30.99;16.34;32.01;30.99;-;-;30.99;20.47;23.60;17.14;48.89;17.14;23.60
Apr 30, 2018 6:00 PM;Apr 30, 2018 7:00 PM;-;28.09;30.99;30.99;28.09;30.00;30.99;-;-;30.99;27.58;31.03;28.09;50.00;28.09;31.03
Apr 30, 2018 7:00 PM;Apr 30, 2018 8:00 PM;-;33.81;33.81;33.81;33.81;33.81;33.81;-;-;33.81;30.16;35.12;33.81;58.14;33.81;35.12
Apr 30, 2018 8:00 PM;Apr 30, 2018 9:00 PM;-;34.43;34.43;34.43;34.43;34.43;34.43;-;-;34.43;31.76;37.86;34.43;61.98;34.43;47.19
Apr 30, 2018 9:00 PM;Apr 30, 2018 10:00 PM;-;32.64;33.49;33.49;32.64;32.64;33.49;-;-;33.49;30.43;36.00;32.64;60.21;32.64;36.00
Apr 30, 2018 10:00 PM;Apr 30, 2018 11:00 PM;-;35.41;33.09;33.09;31.44;36.90;33.09;-;-;33.09;28.60;32.64;24.99;51.44;24.99;32.64
Apr 30, 2018 11:00 PM;May 1, 2018 12:00 AM;-;34.34;30.78;30.78;26.36;37.40;30.78;-;-;30.78;21.06;22.40;16.13;48.31;16.13;22.40
May 1, 2018 12:00 AM;May 1, 2018 1:00 AM;-;30.77;18.91;18.91;16.88;35.90;31.54;-;-;18.91;-2.26;-7.70;-0.02;48.53;1.00;0.02
May 1, 2018 1:00 AM;May 1, 2018 2:00 AM;-;27.30;10.99;10.99;12.74;35.50;30.47;-;-;10.99;-4.36;-12.54;-5.34;45.50;1.20;0.08
May 1, 2018 2:00 AM;May 1, 2018 3:00 AM;-;22.68;8.42;8.42;10.22;27.37;28.28;-;-;8.42;-17.90;-21.19;-5.20;36.00;1.20;0.06
May 1, 2018 3:00 AM;May 1, 2018 4:00 AM;-;16.72;5.88;5.88;2.53;22.04;22.77;-;-;5.88;-14.79;-15.00;-14.88;30.00;1.20;0.06
May 1, 2018 4:00 AM;May 1, 2018 5:00 AM;-;18.60;4.50;4.50;1.59;25.00;25.83;-;-;4.50;-25.03;-24.20;-19.41;35.93;1.20;0.06
May 1, 2018 5:00 AM;May 1, 2018 6:00 AM;-;17.05;0.13;0.13;3.27;22.22;22.95;-;-;4.07;-21.37;-17.89;-13.71;39.41;1.10;0.06
May 1, 2018 6:00 AM;May 1, 2018 7:00 AM;-;8.57;4.91;4.91;2.48;32.30;31.05;-;-;4.91;-17.05;-24.00;-4.98;37.98;1.10;0.05
May 1, 2018 7:00 AM;May 1, 2018 8:00 AM;-;9.46;14.98;14.98;3.67;38.20;30.31;-;-;14.98;-13.46;-26.82;-3.39;42.84;1.10;2.15
May 1, 2018 8:00 AM;May 1, 2018 9:00 AM;-;36.88;24.34;24.34;13.14;46.58;31.31;-;-;24.34;-11.52;-20.00;-16.67;43.84;3.10;1.02
May 1, 2018 9:00 AM;May 1, 2018 10:00 AM;-;37.00;28.99;28.99;14.97;83.56;32.06;-;-;28.99;-15.08;-26.00;-12.49;40.85;3.70;1.05
May 1, 2018 10:00 AM;May 1, 2018 11:00 AM;-;25.62;31.03;31.03;11.22;75.04;32.16;-;-;31.03;-30.62;-29.63;-6.62;40.36;40.36;1.05
May 1, 2018 11:00 AM;May 1, 2018 12:00 PM;-;21.00;28.67;28.67;11.00;56.57;31.50;-;-;28.67;-22.38;-16.00;-0.92;35.49;35.49;1.04
May 1, 2018 12:00 PM;May 1, 2018 1:00 PM;-;34.12;25.48;25.48;10.24;54.90;30.99;-;-;25.48;-0.14;-30.00;-16.70;32.51;3.70;0.21
May 1, 2018 1:00 PM;May 1, 2018 2:00 PM;-;43.18;21.93;21.93;5.83;59.90;30.74;-;-;21.93;-9.96;-20.00;-35.86;28.77;4.51;0.10
May 1, 2018 2:00 PM;May 1, 2018 3:00 PM;-;45.44;21.91;21.91;-4.05;51.58;30.38;-;-;21.91;-21.24;-30.00;-58.96;28.10;28.10;0.09
May 1, 2018 3:00 PM;May 1, 2018 4:00 PM;-;30.00;23.94;23.94;-7.17;49.11;30.35;-;-;23.94;-21.74;-5.00;-48.60;30.00;30.00;0.10
May 1, 2018 4:00 PM;May 1, 2018 5:00 PM;-;18.02;26.24;26.24;0.97;44.02;30.33;-;-;26.24;-11.91;-20.00;-22.01;34.02;3.10;0.25
May 1, 2018 5:00 PM;May 1, 2018 6:00 PM;-;10.53;30.32;30.32;3.94;48.54;30.32;-;-;30.32;0.00;-8.30;-4.38;43.99;4.51;2.15
May 1, 2018 6:00 PM;May 1, 2018 7:00 PM;-;18.97;31.01;31.01;15.40;40.00;31.01;-;-;31.01;10.64;14.00;10.85;51.00;10.85;14.00
May 1, 2018 7:00 PM;May 1, 2018 8:00 PM;-;28.79;29.37;29.37;26.08;44.70;30.90;-;-;29.37;14.70;21.24;22.64;56.63;26.70;24.68
May 1, 2018 8:00 PM;May 1, 2018 9:00 PM;-;33.32;28.85;28.85;31.35;44.90;31.19;-;-;28.85;23.98;28.00;28.85;61.77;61.77;42.79
May 1, 2018 9:00 PM;May 1, 2018 10:00 PM;-;39.80;30.98;30.98;33.77;57.11;30.98;-;-;30.98;24.86;29.40;30.98;61.10;45.43;32.77
May 1, 2018 10:00 PM;May 1, 2018 11:00 PM;-;34.84;32.02;32.02;33.59;42.00;32.02;-;-;32.02;25.62;30.01;32.02;56.28;32.02;30.01
May 1, 2018 11:00 PM;May 2, 2018 12:00 AM;-;30.89;27.93;27.93;29.59;39.00;31.40;-;-;27.93;22.08;24.73;27.93;47.85;27.93;24.73
May 2, 2018 12:00 AM;May 2, 2018 1:00 AM;-;35.20;32.03;32.03;33.74;36.00;33.42;-;-;25.06;28.44;29.56;32.03;45.16;32.03;29.56
May 2, 2018 1:00 AM;May 2, 2018 2:00 AM;-;30.27;28.07;28.07;29.25;31.10;31.73;-;-;21.26;26.71;26.50;28.07;35.73;28.07;26.50
May 2, 2018 2:00 AM;May 2, 2018 3:00 AM;-;28.18;28.18;28.18;28.18;28.18;29.50;-;-;28.18;24.92;26.46;28.18;29.51;28.18;26.46
May 2, 2018 3:00 AM;May 2, 2018 4:00 AM;-;27.68;27.68;27.68;27.68;27.68;30.19;-;-;27.68;24.29;25.80;27.68;29.51;27.68;25.80
May 2, 2018 4:00 AM;May 2, 2018 5:00 AM;-;31.47;28.48;28.48;26.30;30.04;31.03;-;-;30.23;24.24;27.00;28.48;31.50;28.48;27.00
May 2, 2018 5:00 AM;May 2, 2018 6:00 AM;-;29.55;29.55;29.55;29.55;29.55;36.03;-;-;36.03;28.18;29.61;29.55;45.15;29.55;29.61
May 2, 2018 6:00 AM;May 2, 2018 7:00 AM;-;44.68;44.68;44.68;44.68;44.68;37.92;-;-;37.92;39.81;42.40;44.68;51.85;44.68;42.40
May 2, 2018 7:00 AM;May 2, 2018 8:00 AM;-;49.92;45.89;45.89;48.32;59.90;39.81;-;-;39.81;46.36;50.00;45.89;58.89;45.89;50.00
May 2, 2018 8:00 AM;May 2, 2018 9:00 AM;-;50.53;47.18;47.18;50.23;52.30;40.50;-;-;40.50;50.66;51.50;49.78;65.22;49.78;51.50
May 2, 2018 9:00 AM;May 2, 2018 10:00 AM;-;52.40;40.25;40.25;51.73;56.42;40.25;-;-;40.25;47.91;48.00;50.73;59.43;50.73;48.00
May 2, 2018 10:00 AM;May 2, 2018 11:00 AM;-;44.98;39.95;39.95;44.98;44.98;39.95;-;-;39.95;43.96;44.43;44.98;57.17;44.98;44.43
May 2, 2018 11:00 AM;May 2, 2018 12:00 PM;-;40.90;39.02;39.02;40.90;40.90;39.02;-;-;39.02;42.63;44.60;40.90;53.98;40.90;44.60
May 2, 2018 12:00 PM;May 2, 2018 1:00 PM;-;38.10;38.10;38.10;38.10;38.10;38.10;-;-;38.10;39.99;41.43;38.10;46.16;45.01;42.82
May 2, 2018 1:00 PM;May 2, 2018 2:00 PM;-;37.62;37.62;37.62;37.62;37.62;37.62;-;-;37.62;39.86;39.80;37.62;41.99;37.62;41.05
May 2, 2018 2:00 PM;May 2, 2018 3:00 PM;-;36.88;36.88;37.55;36.88;36.88;37.55;-;-;37.55;38.28;37.70;36.88;49.11;36.88;40.12
May 2, 2018 3:00 PM;May 2, 2018 4:00 PM;-;37.37;37.37;37.54;37.37;37.37;37.54;-;-;37.54;37.44;37.40;37.37;49.80;37.37;40.13
May 2, 2018 4:00 PM;May 2, 2018 5:00 PM;-;38.93;38.53;38.53;38.93;38.93;37.69;-;-;37.69;38.37;38.33;38.93;50.00;38.93;40.15
May 2, 2018 5:00 PM;May 2, 2018 6:00 PM;-;44.53;37.99;37.99;44.53;44.53;37.99;-;-;37.99;41.05;42.15;44.53;50.93;44.53;42.15
May 2, 2018 6:00 PM;May 2, 2018 7:00 PM;-;47.00;40.17;47.00;47.00;47.00;38.07;-;-;38.07;45.08;47.00;47.00;52.02;47.00;47.00
May 2, 2018 7:00 PM;May 2, 2018 8:00 PM;-;48.18;40.44;48.18;48.18;48.18;38.09;-;-;38.09;49.18;51.67;48.18;56.16;48.18;51.67
May 2, 2018 8:00 PM;May 2, 2018 9:00 PM;-;51.47;40.07;49.59;48.23;50.57;38.10;-;-;38.10;48.68;54.40;49.59;57.49;49.59;56.06
May 2, 2018 9:00 PM;May 2, 2018 10:00 PM;-;48.34;38.05;47.06;46.14;47.73;38.05;-;-;38.05;47.14;49.35;47.06;55.00;47.06;49.35
May 2, 2018 10:00 PM;May 2, 2018 11:00 PM;-;53.88;37.59;38.58;46.16;53.00;37.59;-;-;37.59;43.01;42.05;45.25;46.16;45.25;42.05
May 2, 2018 11:00 PM;May 3, 2018 12:00 AM;-;52.45;36.03;36.03;42.92;52.60;36.03;-;-;36.03;38.56;37.42;37.35;42.92;37.35;37.99
May 3, 2018 12:00 AM;May 3, 2018 1:00 AM;-;38.91;34.23;34.23;35.95;38.98;34.23;-;-;34.23;35.52;35.18;34.23;35.95;34.23;35.18
May 3, 2018 1:00 AM;May 3, 2018 2:00 AM;-;32.12;32.12;32.12;32.12;32.12;32.12;-;-;32.12;31.95;32.99;32.12;32.12;32.12;32.99
May 3, 2018 2:00 AM;May 3, 2018 3:00 AM;-;33.14;31.16;31.16;29.77;32.19;31.16;-;-;31.16;30.60;31.91;31.16;29.77;29.77;31.91
May 3, 2018 3:00 AM;May 3, 2018 4:00 AM;-;34.12;30.53;30.53;28.01;32.40;31.37;-;-;30.53;29.72;31.27;30.53;28.01;28.01;31.27
May 3, 2018 4:00 AM;May 3, 2018 5:00 AM;-;41.60;32.22;32.22;25.65;37.11;32.98;-;-;32.22;30.20;31.88;32.22;25.65;25.65;31.88
May 3, 2018 5:00 AM;May 3, 2018 6:00 AM;-;41.71;34.25;34.25;29.01;38.15;35.13;-;-;35.13;33.70;34.82;34.25;29.01;34.25;34.82
May 3, 2018 6:00 AM;May 3, 2018 7:00 AM;-;51.08;40.11;40.11;40.56;48.11;37.64;-;-;37.64;44.79;45.28;44.90;40.56;44.90;45.28
May 3, 2018 7:00 AM;May 3, 2018 8:00 AM;-;49.91;48.17;48.17;49.91;49.91;38.73;-;-;38.73;49.13;50.00;49.91;49.91;49.91;52.71
May 3, 2018 8:00 AM;May 3, 2018 9:00 AM;-;68.00;50.01;50.01;56.73;68.00;39.37;-;-;39.37;51.78;51.98;50.01;58.50;50.01;54.81
May 3, 2018 9:00 AM;May 3, 2018 10:00 AM;-;55.71;46.83;46.83;52.46;59.57;38.90;-;-;38.90;50.04;49.42;48.54;58.27;48.54;51.30
May 3, 2018 10:00 AM;May 3, 2018 11:00 AM;-;53.74;44.28;44.28;49.74;57.01;38.73;-;-;38.73;46.47;46.30;44.28;53.31;47.00;48.99
May 3, 2018 11:00 AM;May 3, 2018 12:00 PM;-;55.25;38.48;38.48;48.77;61.22;38.48;-;-;38.48;44.90;42.90;39.93;51.02;50.10;50.02
May 3, 2018 12:00 PM;May 3, 2018 1:00 PM;-;41.44;37.95;37.95;40.09;43.18;37.95;-;-;37.95;41.71;40.45;37.95;49.61;49.61;47.07
May 3, 2018 1:00 PM;May 3, 2018 2:00 PM;-;37.76;37.37;37.37;37.61;38.61;37.37;-;-;37.37;41.21;40.02;37.37;49.09;49.09;45.34
May 3, 2018 2:00 PM;May 3, 2018 3:00 PM;-;37.47;37.09;37.09;37.32;38.32;37.09;-;-;37.09;39.93;38.31;37.09;51.02;40.00;45.11
May 3, 2018 3:00 PM;May 3, 2018 4:00 PM;-;36.83;36.46;36.46;36.69;37.67;36.46;-;-;36.46;39.18;39.00;36.46;54.31;36.46;45.05
May 3, 2018 4:00 PM;May 3, 2018 5:00 PM;-;36.49;36.49;36.49;36.49;36.49;36.49;-;-;36.49;38.41;38.85;36.49;58.27;38.50;46.00
May 3, 2018 5:00 PM;May 3, 2018 6:00 PM;-;40.30;37.49;37.49;39.68;40.70;37.49;-;-;37.49;40.54;41.75;38.90;56.43;38.90;43.92
May 3, 2018 6:00 PM;May 3, 2018 7:00 PM;-;53.88;37.92;44.17;37.02;49.24;37.92;-;-;37.92;44.80;46.00;44.17;51.02;44.17;46.00
May 3, 2018 7:00 PM;May 3, 2018 8:00 PM;-;56.53;39.15;46.99;40.00;51.97;37.94;-;-;37.94;47.26;48.92;46.99;58.50;46.99;49.72
May 3, 2018 8:00 PM;May 3, 2018 9:00 PM;-;57.20;39.74;48.15;41.51;52.88;37.60;-;-;37.60;47.49;49.00;48.15;59.43;59.43;60.10
May 3, 2018 9:00 PM;May 3, 2018 10:00 PM;-;79.02;44.18;48.95;45.99;73.00;37.36;-;-;37.36;45.38;46.77;48.95;53.50;48.95;46.77
May 3, 2018 10:00 PM;May 3, 2018 11:00 PM;-;69.55;40.08;40.08;46.70;69.90;37.28;-;-;37.28;43.17;43.00;40.08;47.63;40.08;43.00
May 3, 2018 11:00 PM;May 4, 2018 12:00 AM;-;52.03;35.00;35.00;41.26;52.15;35.00;-;-;35.00;39.00;36.00;35.00;43.01;35.00;36.00
May 4, 2018 12:00 AM;May 4, 2018 1:00 AM;-;41.00;34.24;34.24;36.61;41.00;34.24;-;-;30.00;35.28;34.50;34.24;44.48;34.24;34.50
May 4, 2018 1:00 AM;May 4, 2018 2:00 AM;-;37.00;33.32;33.32;34.65;37.00;33.32;-;-;26.07;32.79;32.06;33.32;44.47;33.32;32.06
May 4, 2018 2:00 AM;May 4, 2018 3:00 AM;-;38.72;33.88;33.88;30.34;36.39;33.88;-;-;26.02;32.56;32.20;33.88;42.12;33.88;32.20
May 4, 2018 3:00 AM;May 4, 2018 4:00 AM;-;40.91;33.72;33.72;28.48;37.45;33.72;-;-;28.54;32.05;31.91;33.72;39.75;33.72;31.91
May 4, 2018 4:00 AM;May 4, 2018 5:00 AM;-;42.60;33.88;33.88;27.52;38.40;33.88;-;-;30.08;32.78;32.80;33.88;39.47;33.88;32.80
May 4, 2018 5:00 AM;May 4, 2018 6:00 AM;-;41.08;36.76;36.76;33.59;39.00;36.12;-;-;36.12;35.96;34.80;36.76;44.48;36.76;34.80
May 4, 2018 6:00 AM;May 4, 2018 7:00 AM;-;60.71;46.48;46.48;36.07;53.80;38.00;-;-;38.00;45.36;46.70;46.48;49.98;46.48;46.70
May 4, 2018 7:00 AM;May 4, 2018 8:00 AM;-;60.70;53.37;53.37;47.51;57.14;38.83;-;-;46.61;49.58;51.88;53.37;63.53;53.37;51.88
May 4, 2018 8:00 AM;May 4, 2018 9:00 AM;-;66.15;57.52;93.87;50.64;62.04;39.74;-;-;52.93;52.97;53.59;57.52;73.83;57.52;53.59
May 4, 2018 9:00 AM;May 4, 2018 10:00 AM;-;49.69;49.69;93.87;49.69;49.69;39.85;-;-;55.47;48.53;48.40;49.69;74.63;49.69;48.40
May 4, 2018 10:00 AM;May 4, 2018 11:00 AM;-;45.56;45.56;93.85;45.56;45.56;39.66;-;-;55.47;44.76;43.74;45.56;68.98;45.56;43.74
May 4, 2018 11:00 AM;May 4, 2018 12:00 PM;-;42.56;42.56;80.46;42.56;42.56;39.30;-;-;56.55;42.72;40.76;42.56;64.72;49.00;42.78
May 4, 2018 12:00 PM;May 4, 2018 1:00 PM;-;39.30;39.30;39.30;39.30;39.30;38.41;-;-;38.41;39.10;38.10;39.30;59.75;59.75;44.82
May 4, 2018 1:00 PM;May 4, 2018 2:00 PM;-;36.72;36.72;37.87;36.72;36.72;37.87;-;-;37.87;38.11;36.01;36.72;56.79;56.79;43.74
May 4, 2018 2:00 PM;May 4, 2018 3:00 PM;-;36.49;36.49;37.10;36.49;36.49;37.10;-;-;37.10;36.15;34.38;36.49;59.95;59.95;42.78
May 4, 2018 3:00 PM;May 4, 2018 4:00 PM;-;34.94;34.94;36.28;34.94;34.94;36.28;-;-;36.28;35.59;35.00;34.94;60.68;49.00;42.78
May 4, 2018 4:00 PM;May 4, 2018 5:00 PM;-;34.93;36.77;36.91;24.10;38.31;36.91;-;-;36.91;35.26;35.01;36.77;59.95;41.63;37.98
May 4, 2018 5:00 PM;May 4, 2018 6:00 PM;-;56.68;39.20;40.74;25.85;48.72;37.73;-;-;37.73;38.00;38.04;39.20;59.95;44.60;39.97
May 4, 2018 6:00 PM;May 4, 2018 7:00 PM;-;59.73;45.24;45.24;34.21;53.07;37.89;-;-;37.89;42.00;43.79;45.24;59.95;45.24;44.24
May 4, 2018 7:00 PM;May 4, 2018 8:00 PM;-;52.36;44.86;44.86;39.17;48.90;37.86;-;-;37.86;44.08;46.07;44.86;61.12;44.86;47.77
May 4, 2018 8:00 PM;May 4, 2018 9:00 PM;-;58.79;43.59;43.59;32.05;51.78;37.36;-;-;37.36;44.16;46.37;43.59;61.68;61.68;63.51
May 4, 2018 9:00 PM;May 4, 2018 10:00 PM;-;57.65;41.23;41.23;28.73;50.08;37.19;-;-;37.19;43.28;45.03;41.23;61.12;41.23;45.50
May 4, 2018 10:00 PM;May 4, 2018 11:00 PM;-;42.14;38.92;38.92;40.09;42.20;36.81;-;-;36.81;40.33;40.41;38.92;47.43;38.92;40.41
May 4, 2018 11:00 PM;May 5, 2018 12:00 AM;-;48.53;33.96;33.96;39.24;48.53;33.96;-;-;33.96;36.06;34.69;33.96;45.83;33.96;34.69
May 5, 2018 12:00 AM;May 5, 2018 1:00 AM;-;80.70;33.59;33.59;33.59;48.52;33.53;-;-;33.53;31.99;33.86;33.59;44.01;33.59;33.86
May 5, 2018 1:00 AM;May 5, 2018 2:00 AM;-;47.59;30.60;30.60;28.63;36.00;30.66;-;-;30.07;29.35;30.00;30.60;39.34;30.60;30.00
May 5, 2018 2:00 AM;May 5, 2018 3:00 AM;-;32.28;28.03;28.03;27.54;29.38;28.03;-;-;28.03;29.37;29.30;28.03;33.13;28.03;29.30
May 5, 2018 3:00 AM;May 5, 2018 4:00 AM;-;35.50;25.98;25.98;24.87;29.01;25.98;-;-;25.98;28.29;28.45;25.98;32.72;25.98;28.45
May 5, 2018 4:00 AM;May 5, 2018 5:00 AM;-;46.95;25.52;25.52;22.92;32.48;25.94;-;-;25.52;27.92;28.09;25.52;30.00;25.52;28.09
May 5, 2018 5:00 AM;May 5, 2018 6:00 AM;-;38.80;27.02;27.02;25.64;30.75;27.02;-;-;27.02;28.45;28.73;27.02;32.20;27.02;28.73
May 5, 2018 6:00 AM;May 5, 2018 7:00 AM;-;50.95;30.74;30.74;26.55;36.00;30.74;-;-;30.74;31.61;32.47;29.09;30.10;29.09;33.05
May 5, 2018 7:00 AM;May 5, 2018 8:00 AM;-;73.73;33.55;34.90;28.78;46.17;34.90;-;-;34.90;31.57;33.61;33.55;48.46;33.55;42.79
May 5, 2018 8:00 AM;May 5, 2018 9:00 AM;-;52.20;37.44;37.44;34.95;43.41;35.51;-;-;35.51;31.14;33.89;37.44;53.65;37.44;42.79
May 5, 2018 9:00 AM;May 5, 2018 10:00 AM;-;52.40;35.07;40.34;31.96;42.40;35.65;-;-;35.65;28.51;30.99;35.07;59.94;35.07;44.19
May 5, 2018 10:00 AM;May 5, 2018 11:00 AM;-;47.98;35.46;40.32;24.65;35.90;35.46;-;-;35.46;24.67;26.42;28.00;60.00;28.00;42.79
May 5, 2018 11:00 AM;May 5, 2018 12:00 PM;-;22.68;34.97;34.97;22.68;33.85;34.97;-;-;34.97;23.32;23.50;22.68;52.60;22.68;49.70
May 5, 2018 12:00 PM;May 5, 2018 1:00 PM;-;21.62;33.05;33.05;21.62;31.99;33.05;-;-;33.05;22.28;22.20;21.62;50.41;21.62;42.84
May 5, 2018 1:00 PM;May 5, 2018 2:00 PM;-;19.34;31.81;31.81;19.34;30.80;31.81;-;-;31.81;17.59;17.70;19.34;48.17;19.34;37.69
May 5, 2018 2:00 PM;May 5, 2018 3:00 PM;-;17.87;31.38;31.38;17.87;30.37;31.38;-;-;31.38;16.13;16.60;17.87;44.47;17.87;36.04
May 5, 2018 3:00 PM;May 5, 2018 4:00 PM;-;38.94;31.10;31.10;17.75;30.10;31.10;-;-;31.10;16.21;17.11;17.75;48.28;17.75;36.04
May 5, 2018 4:00 PM;May 5, 2018 5:00 PM;-;52.31;31.99;31.99;18.16;33.04;31.99;-;-;31.99;16.78;18.42;22.53;49.49;22.53;39.03
May 5, 2018 5:00 PM;May 5, 2018 6:00 PM;-;23.31;30.73;32.99;23.31;32.50;32.99;-;-;32.99;23.58;24.58;23.31;46.39;23.31;39.06
May 5, 2018 6:00 PM;May 5, 2018 7:00 PM;-;63.02;34.94;34.94;29.45;47.40;34.94;-;-;34.94;30.01;32.10;34.94;47.01;34.94;40.11
May 5, 2018 7:00 PM;May 5, 2018 8:00 PM;-;66.72;37.32;37.32;31.80;50.00;35.05;-;-;35.05;34.55;36.09;37.32;47.01;37.32;46.98
May 5, 2018 8:00 PM;May 5, 2018 9:00 PM;-;42.40;37.43;37.43;36.70;40.00;34.91;-;-;34.91;34.43;35.86;37.43;47.06;41.10;57.27
May 5, 2018 9:00 PM;May 5, 2018 10:00 PM;-;42.40;35.11;35.11;37.95;49.70;34.08;-;-;34.08;32.05;34.00;35.11;44.78;35.11;49.12
May 5, 2018 10:00 PM;May 5, 2018 11:00 PM;-;60.00;32.97;32.97;40.41;60.00;31.48;-;-;31.48;30.66;32.69;32.97;40.41;32.97;34.11
May 5, 2018 11:00 PM;May 6, 2018 12:00 AM;-;63.80;25.03;25.03;43.61;63.80;30.08;-;-;20.80;26.92;27.81;25.03;43.61;25.03;27.81
May 6, 2018 12:00 AM;May 6, 2018 1:00 AM;-;47.40;20.86;20.86;32.36;47.40;27.55;-;-;20.86;26.71;25.54;20.84;46.87;20.84;25.54
May 6, 2018 1:00 AM;May 6, 2018 2:00 AM;-;22.36;21.64;21.64;21.88;22.35;21.64;-;-;21.64;24.52;20.00;21.64;40.00;21.64;20.00
May 6, 2018 2:00 AM;May 6, 2018 3:00 AM;-;30.58;22.96;22.96;25.57;30.50;23.88;-;-;15.02;22.03;18.18;22.96;34.89;22.96;18.18
May 6, 2018 3:00 AM;May 6, 2018 4:00 AM;-;28.54;21.51;21.51;23.91;28.47;23.66;-;-;5.06;20.72;17.31;21.51;29.70;21.51;17.31
May 6, 2018 4:00 AM;May 6, 2018 5:00 AM;-;21.85;21.57;21.57;21.67;22.28;21.57;-;-;4.36;17.63;16.00;21.57;44.50;21.57;16.00
May 6, 2018 5:00 AM;May 6, 2018 6:00 AM;-;18.53;17.94;17.94;18.13;18.53;17.94;-;-;4.22;18.75;14.92;17.94;50.00;17.94;14.92
May 6, 2018 6:00 AM;May 6, 2018 7:00 AM;-;16.00;16.00;16.00;16.00;16.52;16.00;-;-;4.75;17.97;17.80;16.00;45.44;16.00;17.80
May 6, 2018 7:00 AM;May 6, 2018 8:00 AM;-;35.57;17.32;17.32;13.69;23.30;17.32;-;-;14.99;20.04;20.56;17.32;46.59;17.32;20.56
May 6, 2018 8:00 AM;May 6, 2018 9:00 AM;-;45.00;21.10;21.10;16.12;29.34;21.10;-;-;21.10;21.17;20.16;21.10;48.70;21.10;20.46
May 6, 2018 9:00 AM;May 6, 2018 10:00 AM;-;34.66;26.68;26.68;18.38;27.56;26.68;-;-;26.68;21.04;18.87;21.06;49.33;21.06;21.10
May 6, 2018 10:00 AM;May 6, 2018 11:00 AM;-;16.87;25.98;25.98;16.87;26.84;25.98;-;-;25.98;17.07;16.26;16.87;52.02;16.87;24.73
May 6, 2018 11:00 AM;May 6, 2018 12:00 PM;-;17.95;21.30;21.30;17.95;22.01;21.30;-;-;21.30;16.11;15.75;17.95;48.67;17.95;26.08
May 6, 2018 12:00 PM;May 6, 2018 1:00 PM;-;27.94;20.85;20.85;21.30;26.22;20.85;-;-;20.85;9.57;11.33;14.14;42.62;14.14;26.04
May 6, 2018 1:00 PM;May 6, 2018 2:00 PM;-;34.51;18.26;18.26;16.36;29.80;18.26;-;-;18.26;2.53;4.16;-3.19;34.90;-3.19;18.01
May 6, 2018 2:00 PM;May 6, 2018 3:00 PM;-;26.09;15.60;15.60;10.33;22.00;15.60;-;-;15.60;-5.86;1.00;-6.69;31.55;-6.69;18.00
May 6, 2018 3:00 PM;May 6, 2018 4:00 PM;-;5.00;14.16;14.16;5.00;14.63;14.16;-;-;14.16;-0.40;4.24;5.00;38.20;5.00;18.07
May 6, 2018 4:00 PM;May 6, 2018 5:00 PM;-;32.15;20.83;20.83;8.53;21.52;20.83;-;-;20.83;8.52;9.23;13.40;40.17;13.40;16.08
May 6, 2018 5:00 PM;May 6, 2018 6:00 PM;-;32.36;25.09;25.09;20.13;27.71;25.29;-;-;25.09;17.89;16.31;22.99;42.95;22.99;18.57
May 6, 2018 6:00 PM;May 6, 2018 7:00 PM;-;49.10;29.38;30.42;25.41;37.40;30.42;-;-;30.42;23.58;26.49;29.38;49.76;29.38;26.82
May 6, 2018 7:00 PM;May 6, 2018 8:00 PM;-;51.40;34.29;34.29;30.98;39.90;33.06;-;-;33.06;28.83;30.82;34.29;56.99;34.29;30.82
May 6, 2018 8:00 PM;May 6, 2018 9:00 PM;-;64.27;36.79;36.79;31.49;47.40;33.53;-;-;33.53;30.51;33.99;36.79;62.33;36.79;38.22
May 6, 2018 9:00 PM;May 6, 2018 10:00 PM;-;60.00;33.94;33.94;30.07;67.00;33.45;-;-;33.45;30.55;32.01;33.94;62.33;33.94;32.01
May 6, 2018 10:00 PM;May 6, 2018 11:00 PM;-;60.90;30.46;30.46;30.50;60.90;30.46;-;-;30.46;31.16;29.87;30.46;58.34;30.46;29.87
May 6, 2018 11:00 PM;May 7, 2018 12:00 AM;-;52.56;25.02;25.02;34.57;51.67;28.79;-;-;20.88;25.94;23.97;25.02;51.02;25.02;23.97
May 7, 2018 12:00 AM;May 7, 2018 1:00 AM;-;54.53;15.64;15.64;35.89;60.41;15.64;-;-;4.76;25.28;21.71;15.64;36.89;15.64;21.71
May 7, 2018 1:00 AM;May 7, 2018 2:00 AM;-;39.86;16.15;16.15;28.67;43.29;16.15;-;-;4.55;23.76;20.20;16.15;28.67;16.15;20.20
May 7, 2018 2:00 AM;May 7, 2018 3:00 AM;-;38.59;16.04;16.04;28.00;41.85;16.04;-;-;4.76;23.11;20.96;16.04;28.00;16.04;20.96
May 7, 2018 3:00 AM;May 7, 2018 4:00 AM;-;27.97;16.87;16.87;22.74;29.57;16.87;-;-;4.42;23.16;20.56;16.87;22.74;16.87;20.56
May 7, 2018 4:00 AM;May 7, 2018 5:00 AM;-;24.26;17.75;17.75;21.18;25.21;24.40;-;-;4.06;24.98;23.65;17.75;21.18;17.75;23.65
May 7, 2018 5:00 AM;May 7, 2018 6:00 AM;-;26.70;26.70;26.70;26.70;26.70;27.36;-;-;26.45;30.17;27.67;26.70;26.70;26.70;27.67
May 7, 2018 6:00 AM;May 7, 2018 7:00 AM;-;41.51;41.51;41.51;41.51;41.51;34.20;-;-;34.20;37.44;40.20;41.51;43.25;41.51;40.20
May 7, 2018 7:00 AM;May 7, 2018 8:00 AM;-;49.50;48.07;48.07;47.74;48.53;36.71;-;-;36.71;41.54;44.56;48.07;55.15;48.07;44.56
May 7, 2018 8:00 AM;May 7, 2018 9:00 AM;-;49.50;46.81;46.81;47.72;49.53;37.43;-;-;37.43;43.01;44.00;46.81;60.58;46.81;44.00
May 7, 2018 9:00 AM;May 7, 2018 10:00 AM;-;49.50;43.65;43.65;45.66;49.61;37.15;-;-;37.15;40.04;40.34;43.65;59.14;43.65;40.34
May 7, 2018 10:00 AM;May 7, 2018 11:00 AM;-;47.17;38.36;38.36;42.21;47.00;36.74;-;-;36.74;36.08;36.41;38.36;55.40;38.36;36.41
May 7, 2018 11:00 AM;May 7, 2018 12:00 PM;-;52.00;33.78;33.87;43.72;54.19;35.04;-;-;33.87;34.49;35.06;33.78;53.82;33.78;35.06
May 7, 2018 12:00 PM;May 7, 2018 1:00 PM;-;45.00;33.22;33.22;39.67;46.42;33.58;-;-;33.22;31.06;32.80;33.22;50.19;33.22;32.80
May 7, 2018 1:00 PM;May 7, 2018 2:00 PM;-;45.73;33.27;33.27;40.10;47.23;33.27;-;-;32.73;31.17;31.88;33.27;48.61;33.27;31.88
May 7, 2018 2:00 PM;May 7, 2018 3:00 PM;-;45.86;32.46;32.46;37.10;46.06;32.99;-;-;28.46;32.25;31.80;32.46;51.35;32.46;31.80
May 7, 2018 3:00 PM;May 7, 2018 4:00 PM;-;39.73;33.66;33.66;35.66;39.90;34.49;-;-;20.89;32.94;31.52;33.66;52.33;33.66;31.52
May 7, 2018 4:00 PM;May 7, 2018 5:00 PM;-;43.77;34.80;34.80;37.77;44.02;35.46;-;-;19.01;34.77;35.82;34.80;52.33;34.80;35.82
May 7, 2018 5:00 PM;May 7, 2018 6:00 PM;-;47.19;40.32;40.32;42.70;47.40;35.88;-;-;31.06;38.14;39.18;40.32;52.33;40.32;39.18
May 7, 2018 6:00 PM;May 7, 2018 7:00 PM;-;68.46;48.37;48.37;44.12;54.70;34.78;-;-;33.60;41.22;43.10;48.37;53.82;48.37;43.10
May 7, 2018 7:00 PM;May 7, 2018 8:00 PM;-;63.97;58.18;58.18;56.95;60.00;34.01;-;-;34.01;42.30;43.58;58.18;58.23;58.18;43.58
May 7, 2018 8:00 PM;May 7, 2018 9:00 PM;-;48.81;48.81;48.81;48.81;48.81;34.29;-;-;32.20;42.92;45.40;48.81;59.42;50.90;49.00
May 7, 2018 9:00 PM;May 7, 2018 10:00 PM;-;53.00;39.97;39.97;48.35;51.64;33.91;-;-;32.37;41.00;43.00;39.97;57.00;39.97;43.00
May 7, 2018 10:00 PM;May 7, 2018 11:00 PM;-;68.53;33.86;33.86;52.82;70.50;34.63;-;-;14.95;35.29;36.76;33.86;52.82;33.86;36.76
May 7, 2018 11:00 PM;May 8, 2018 12:00 AM;-;55.69;27.27;27.27;42.05;57.37;32.48;-;-;4.26;30.98;28.60;27.27;47.84;27.27;28.60
May 8, 2018 12:00 AM;May 8, 2018 1:00 AM;-;41.95;22.01;22.01;32.67;51.40;22.01;-;-;4.11;25.22;22.66;22.01;39.15;22.01;22.66
May 8, 2018 1:00 AM;May 8, 2018 2:00 AM;-;36.59;20.09;20.09;28.92;45.50;20.09;-;-;6.93;23.36;20.33;20.09;30.00;20.09;20.33
May 8, 2018 2:00 AM;May 8, 2018 3:00 AM;-;31.48;16.95;16.95;24.70;39.32;16.95;-;-;6.71;22.48;20.10;16.95;30.00;16.95;20.10
May 8, 2018 3:00 AM;May 8, 2018 4:00 AM;-;30.43;17.73;17.73;24.50;37.10;17.73;-;-;8.65;20.83;19.20;17.73;28.51;17.73;19.20
May 8, 2018 4:00 AM;May 8, 2018 5:00 AM;-;25.81;18.01;18.01;22.16;29.90;18.01;-;-;4.96;21.64;20.03;18.01;28.51;18.01;20.03
May 8, 2018 5:00 AM;May 8, 2018 6:00 AM;-;29.43;26.30;26.30;23.90;28.11;26.30;-;-;26.30;25.87;24.29;26.30;30.20;26.30;24.29
May 8, 2018 6:00 AM;May 8, 2018 7:00 AM;-;36.59;32.98;33.18;34.91;39.00;33.18;-;-;33.18;36.86;34.69;32.98;48.64;32.98;34.69
May 8, 2018 7:00 AM;May 8, 2018 8:00 AM;-;65.30;37.03;37.03;30.18;46.12;36.44;-;-;36.44;38.73;39.30;37.03;55.40;37.03;39.30
May 8, 2018 8:00 AM;May 8, 2018 9:00 AM;-;70.10;37.95;37.95;30.24;48.39;36.69;-;-;36.69;39.41;37.58;37.95;60.26;37.95;37.58
May 8, 2018 9:00 AM;May 8, 2018 10:00 AM;-;54.81;34.36;35.62;29.45;41.00;35.62;-;-;35.62;37.10;36.08;34.36;59.42;34.36;36.08
May 8, 2018 10:00 AM;May 8, 2018 11:00 AM;-;45.10;34.83;34.83;28.59;37.00;34.83;-;-;34.83;33.75;32.00;31.04;53.82;31.04;32.48
May 8, 2018 11:00 AM;May 8, 2018 12:00 PM;-;36.82;34.13;34.13;31.79;43.06;34.13;-;-;34.13;31.41;29.56;25.14;50.50;36.50;30.38
May 8, 2018 12:00 PM;May 8, 2018 1:00 PM;-;38.60;32.49;32.49;30.90;48.15;32.49;-;-;32.49;27.55;26.10;20.73;44.48;44.48;40.22
May 8, 2018 1:00 PM;May 8, 2018 2:00 PM;-;38.49;29.25;29.25;31.02;47.77;29.25;-;-;29.25;24.57;24.70;21.05;45.62;45.62;40.31
May 8, 2018 2:00 PM;May 8, 2018 3:00 PM;-;31.71;20.83;20.83;27.06;37.50;20.83;-;-;20.83;21.29;23.00;20.83;49.89;49.89;42.84
May 8, 2018 3:00 PM;May 8, 2018 4:00 PM;-;33.23;20.71;20.71;27.80;40.00;20.71;-;-;20.71;22.95;24.88;20.71;50.94;50.94;44.78
May 8, 2018 4:00 PM;May 8, 2018 5:00 PM;-;38.04;21.08;21.08;30.64;47.29;22.16;-;-;22.16;25.47;26.00;21.08;51.30;51.30;34.60
May 8, 2018 5:00 PM;May 8, 2018 6:00 PM;-;53.00;27.13;27.13;25.04;55.58;30.05;-;-;27.13;31.80;31.64;27.13;50.50;50.50;35.39
May 8, 2018 6:00 PM;May 8, 2018 7:00 PM;-;70.01;36.91;36.91;31.50;50.00;32.91;-;-;32.91;37.78;38.00;36.91;53.22;39.09;39.91
May 8, 2018 7:00 PM;May 8, 2018 8:00 PM;-;60.00;39.93;39.94;34.26;51.20;32.86;-;-;31.97;41.03;41.30;39.94;56.03;56.03;46.88
May 8, 2018 8:00 PM;May 8, 2018 9:00 PM;-;57.20;32.85;39.93;34.26;54.90;32.85;-;-;32.85;41.06;42.60;39.93;59.54;59.54;65.07
May 8, 2018 9:00 PM;May 8, 2018 10:00 PM;-;63.21;33.13;35.96;35.49;64.90;33.13;-;-;33.13;39.40;39.30;35.96;55.24;46.00;43.54
May 8, 2018 10:00 PM;May 8, 2018 11:00 PM;-;59.44;28.93;28.93;45.68;74.70;28.93;-;-;24.10;35.36;35.03;28.93;49.00;39.00;35.03
May 8, 2018 11:00 PM;May 9, 2018 12:00 AM;-;40.83;22.28;26.49;31.52;41.00;22.28;-;-;4.00;30.05;29.01;26.49;44.22;27.00;29.01
May 9, 2018 12:00 AM;May 9, 2018 1:00 AM;-;41.90;17.95;19.38;31.36;47.03;17.95;-;-;1.77;28.55;22.52;19.38;48.95;19.38;22.52
May 9, 2018 1:00 AM;May 9, 2018 2:00 AM;-;37.06;11.37;22.04;30.08;38.00;11.37;-;-;1.59;25.96;21.43;22.04;48.28;22.04;21.43
May 9, 2018 2:00 AM;May 9, 2018 3:00 AM;-;30.76;11.32;21.89;26.65;32.00;11.32;-;-;1.65;24.07;20.63;21.89;43.32;21.89;20.63
May 9, 2018 3:00 AM;May 9, 2018 4:00 AM;-;22.09;13.56;22.09;22.09;22.09;13.56;-;-;1.75;22.63;21.10;22.09;38.99;22.09;21.10
May 9, 2018 4:00 AM;May 9, 2018 5:00 AM;-;26.23;14.76;24.27;22.75;25.39;14.76;-;-;1.93;22.25;21.42;24.27;38.91;24.27;21.42
May 9, 2018 5:00 AM;May 9, 2018 6:00 AM;-;37.59;22.19;29.02;24.87;35.00;22.19;-;-;3.63;26.78;26.10;29.02;43.29;29.02;26.10
May 9, 2018 6:00 AM;May 9, 2018 7:00 AM;-;40.56;38.02;38.02;36.04;39.52;29.38;-;-;9.50;37.16;40.50;38.02;50.03;38.02;40.50
May 9, 2018 7:00 AM;May 9, 2018 8:00 AM;-;76.90;46.79;46.79;40.01;56.84;33.54;-;-;33.54;43.02;48.00;46.79;61.01;46.79;48.26
May 9, 2018 8:00 AM;May 9, 2018 9:00 AM;-;76.90;54.38;54.38;48.81;64.19;35.34;-;-;35.34;46.56;50.08;54.38;78.71;54.38;56.08
May 9, 2018 9:00 AM;May 9, 2018 10:00 AM;-;66.83;45.00;45.00;51.94;66.40;34.53;-;-;34.53;45.63;47.00;45.00;67.42;51.75;56.27
May 9, 2018 10:00 AM;May 9, 2018 11:00 AM;-;65.00;40.31;40.31;41.65;57.31;33.76;-;-;33.76;40.11;41.82;40.31;61.73;42.50;51.79
May 9, 2018 11:00 AM;May 9, 2018 12:00 PM;-;57.50;32.63;39.20;38.05;48.75;32.63;-;-;32.63;39.03;39.79;39.20;58.50;44.30;49.26
May 9, 2018 12:00 PM;May 9, 2018 1:00 PM;-;43.37;32.15;35.55;35.58;40.00;32.15;-;-;32.15;35.93;36.60;35.55;50.55;43.92;44.25
May 9, 2018 1:00 PM;May 9, 2018 2:00 PM;-;40.00;29.39;34.09;36.77;41.00;29.39;-;-;28.89;34.80;34.78;34.09;50.61;39.76;42.49
May 9, 2018 2:00 PM;May 9, 2018 3:00 PM;-;43.70;27.10;33.14;36.14;42.83;27.10;-;-;27.10;33.98;34.12;33.14;52.33;36.00;39.60
May 9, 2018 3:00 PM;May 9, 2018 4:00 PM;-;50.00;24.29;34.10;34.34;43.40;24.29;-;-;23.77;34.45;35.00;34.10;52.33;36.50;38.51
May 9, 2018 4:00 PM;May 9, 2018 5:00 PM;-;36.97;24.39;36.97;36.97;36.97;24.39;-;-;9.87;35.30;36.55;36.97;53.82;37.44;37.32
May 9, 2018 5:00 PM;May 9, 2018 6:00 PM;-;43.70;26.57;40.38;41.56;43.98;26.57;-;-;10.07;37.40;40.06;40.38;54.21;40.38;40.06
May 9, 2018 6:00 PM;May 9, 2018 7:00 PM;-;45.76;26.26;45.76;45.76;45.76;26.26;-;-;9.31;41.38;44.80;45.76;55.00;45.76;44.80
May 9, 2018 7:00 PM;May 9, 2018 8:00 PM;-;52.87;38.31;52.87;52.87;52.87;26.54;-;-;10.28;44.66;47.40;52.87;60.00;52.87;47.40
May 9, 2018 8:00 PM;May 9, 2018 9:00 PM;-;50.61;10.75;10.75;49.47;52.59;22.51;-;-;10.75;41.92;45.67;52.59;62.42;52.59;55.11
May 9, 2018 9:00 PM;May 9, 2018 10:00 PM;-;55.14;22.40;22.40;48.89;60.00;22.40;-;-;22.40;39.48;42.18;41.09;59.85;41.09;42.18
May 9, 2018 10:00 PM;May 9, 2018 11:00 PM;-;50.45;12.74;12.74;44.60;55.00;12.74;-;-;7.19;37.51;37.74;37.30;52.82;37.30;37.74
May 9, 2018 11:00 PM;May 10, 2018 12:00 AM;-;47.12;5.89;5.89;40.52;52.40;5.89;-;-;3.75;33.91;31.36;32.74;47.93;32.74;31.36
May 10, 2018 12:00 AM;May 10, 2018 1:00 AM;-;48.00;3.04;3.04;37.62;58.09;3.04;-;-;2.89;26.71;24.79;25.91;41.63;25.91;24.79
May 10, 2018 1:00 AM;May 10, 2018 2:00 AM;-;26.78;2.89;2.89;26.78;50.10;2.89;-;-;2.24;25.09;22.50;26.78;35.15;26.78;22.50
May 10, 2018 2:00 AM;May 10, 2018 3:00 AM;-;23.02;2.93;2.93;23.02;37.40;2.93;-;-;2.34;24.66;21.04;23.02;30.00;23.02;21.04
May 10, 2018 3:00 AM;May 10, 2018 4:00 AM;-;31.62;2.97;2.97;18.51;33.60;2.97;-;-;2.42;22.36;19.23;24.04;30.00;24.04;19.23
May 10, 2018 4:00 AM;May 10, 2018 5:00 AM;-;36.90;2.92;2.92;16.79;33.60;2.92;-;-;2.20;22.10;20.05;25.26;29.99;25.26;20.05
May 10, 2018 5:00 AM;May 10, 2018 6:00 AM;-;37.79;2.99;2.99;17.31;32.26;2.99;-;-;2.99;20.40;19.95;25.94;33.50;29.99;19.95
May 10, 2018 6:00 AM;May 10, 2018 7:00 AM;-;29.01;4.19;4.19;18.04;26.01;4.19;-;-;4.19;23.05;22.70;22.67;52.82;29.60;22.70
May 10, 2018 7:00 AM;May 10, 2018 8:00 AM;-;13.12;15.09;15.09;13.12;44.77;15.09;-;-;15.09;24.91;24.40;25.24;58.48;40.55;29.88
May 10, 2018 8:00 AM;May 10, 2018 9:00 AM;-;41.70;26.40;26.40;18.45;39.23;26.40;-;-;26.40;24.93;25.27;26.40;65.23;41.60;30.94
May 10, 2018 9:00 AM;May 10, 2018 10:00 AM;-;62.00;26.93;26.93;20.01;38.13;26.93;-;-;26.93;24.12;23.50;26.93;63.44;46.00;36.70
May 10, 2018 10:00 AM;May 10, 2018 11:00 AM;-;51.62;25.71;25.71;20.59;34.00;25.71;-;-;25.71;23.13;21.11;25.71;59.99;59.99;36.13
May 10, 2018 11:00 AM;May 10, 2018 12:00 PM;-;44.66;26.19;26.19;22.55;32.10;26.19;-;-;26.19;23.47;21.01;26.19;59.53;59.53;41.29
May 10, 2018 12:00 PM;May 10, 2018 1:00 PM;-;25.72;23.05;23.05;24.55;32.00;23.05;-;-;23.05;20.05;19.00;23.05;53.33;53.33;41.50
May 10, 2018 1:00 PM;May 10, 2018 2:00 PM;-;24.32;20.88;20.88;22.82;32.40;20.88;-;-;20.88;16.70;18.00;20.88;53.33;53.33;42.91
May 10, 2018 2:00 PM;May 10, 2018 3:00 PM;-;20.04;16.92;16.92;18.68;27.40;16.92;-;-;16.92;13.89;15.00;16.92;54.21;54.21;39.79
May 10, 2018 3:00 PM;May 10, 2018 4:00 PM;-;18.79;16.98;16.98;17.63;25.10;16.98;-;-;16.98;13.85;16.75;16.98;57.00;57.00;37.06
May 10, 2018 4:00 PM;May 10, 2018 5:00 PM;-;22.50;19.24;19.24;19.24;40.20;19.24;-;-;19.24;12.84;18.00;19.24;58.48;58.48;36.13
May 10, 2018 5:00 PM;May 10, 2018 6:00 PM;-;25.19;22.00;22.00;19.66;23.68;22.00;-;-;22.00;19.02;20.11;22.00;57.00;29.50;21.05
May 10, 2018 6:00 PM;May 10, 2018 7:00 PM;-;31.85;27.54;27.54;29.84;33.40;27.54;-;-;27.54;24.41;23.86;27.54;56.54;41.60;23.97
May 10, 2018 7:00 PM;May 10, 2018 8:00 PM;-;42.16;29.29;29.29;32.35;49.90;29.29;-;-;25.08;27.92;27.50;30.05;60.53;41.60;37.62
May 10, 2018 8:00 PM;May 10, 2018 9:00 PM;-;45.30;29.44;29.44;31.87;55.88;29.44;-;-;18.96;30.50;30.86;31.87;64.60;64.60;51.05
May 10, 2018 9:00 PM;May 10, 2018 10:00 PM;-;59.02;29.74;29.74;32.90;79.57;29.74;-;-;16.84;29.57;29.38;32.90;60.36;60.36;38.19
May 10, 2018 10:00 PM;May 10, 2018 11:00 PM;-;62.18;17.62;17.62;42.93;77.48;17.62;-;-;6.72;28.43;28.39;32.03;54.46;34.00;28.94
May 10, 2018 11:00 PM;May 11, 2018 12:00 AM;-;49.74;11.98;11.98;39.53;57.56;11.98;-;-;4.08;25.42;24.23;27.85;49.86;28.35;24.95
May 11, 2018 12:00 AM;May 11, 2018 1:00 AM;-;42.27;4.62;4.62;37.56;42.40;4.62;-;-;3.08;28.01;27.44;34.97;51.07;34.97;27.71
May 11, 2018 1:00 AM;May 11, 2018 2:00 AM;-;56.45;3.46;3.46;38.66;57.40;3.46;-;-;2.69;27.07;25.70;28.69;44.73;28.69;25.70
May 11, 2018 2:00 AM;May 11, 2018 3:00 AM;-;38.60;3.07;3.07;31.14;39.00;3.07;-;-;2.98;26.00;24.50;26.95;35.49;26.95;24.50
May 11, 2018 3:00 AM;May 11, 2018 4:00 AM;-;32.37;3.17;3.17;27.63;32.63;3.17;-;-;3.17;25.44;24.00;24.95;34.90;24.95;24.00
May 11, 2018 4:00 AM;May 11, 2018 5:00 AM;-;40.30;3.62;3.62;26.20;33.80;3.62;-;-;3.62;26.18;26.08;27.08;34.99;27.08;26.08
May 11, 2018 5:00 AM;May 11, 2018 6:00 AM;-;42.62;17.26;17.26;28.05;38.70;17.26;-;-;17.26;29.01;29.84;32.92;44.55;32.92;29.84
May 11, 2018 6:00 AM;May 11, 2018 7:00 AM;-;54.22;41.90;41.90;33.21;48.00;31.97;-;-;31.97;37.23;39.00;41.90;56.80;41.90;39.00
May 11, 2018 7:00 AM;May 11, 2018 8:00 AM;-;56.19;47.44;47.44;41.05;51.74;34.67;-;-;37.57;41.83;47.00;47.44;65.92;47.44;47.00
May 11, 2018 8:00 AM;May 11, 2018 9:00 AM;-;55.30;48.27;48.27;43.09;51.73;35.35;-;-;39.91;45.03;48.56;48.27;70.24;48.27;48.56
May 11, 2018 9:00 AM;May 11, 2018 10:00 AM;-;55.72;43.85;43.85;43.20;50.00;35.38;-;-;40.95;44.21;46.40;43.85;67.41;43.85;46.40
May 11, 2018 10:00 AM;May 11, 2018 11:00 AM;-;55.30;41.79;41.79;40.49;55.71;35.37;-;-;41.33;41.60;43.81;41.79;60.19;41.79;43.81
May 11, 2018 11:00 AM;May 11, 2018 12:00 PM;-;42.00;42.00;42.00;42.00;42.00;35.32;-;-;40.48;40.19;42.88;42.00;52.82;42.00;42.88
May 11, 2018 12:00 PM;May 11, 2018 1:00 PM;-;41.77;41.77;41.77;41.77;41.77;34.64;-;-;39.29;38.27;42.50;41.77;50.29;41.77;42.50
May 11, 2018 1:00 PM;May 11, 2018 2:00 PM;-;38.93;38.93;38.93;38.93;38.93;34.05;-;-;38.07;36.98;40.70;38.93;50.00;38.93;40.70
May 11, 2018 2:00 PM;May 11, 2018 3:00 PM;-;37.44;37.44;37.44;37.44;37.44;33.48;-;-;37.44;35.39;39.04;37.44;52.33;37.44;39.04
May 11, 2018 3:00 PM;May 11, 2018 4:00 PM;-;38.18;38.18;38.18;38.18;38.18;33.40;-;-;37.13;34.95;40.00;38.18;53.82;38.18;40.00
May 11, 2018 4:00 PM;May 11, 2018 5:00 PM;-;41.30;41.30;41.30;41.30;41.30;32.81;-;-;37.01;36.95;41.00;41.30;60.82;41.30;41.00
May 11, 2018 5:00 PM;May 11, 2018 6:00 PM;-;49.00;49.00;49.00;49.00;49.00;32.37;-;-;35.83;39.99;44.80;49.00;62.05;49.00;44.80
May 11, 2018 6:00 PM;May 11, 2018 7:00 PM;-;52.90;52.11;52.11;51.53;52.50;33.55;-;-;33.55;42.98;50.39;52.11;67.68;52.11;50.39
May 11, 2018 7:00 PM;May 11, 2018 8:00 PM;-;61.74;57.66;57.66;54.68;59.67;33.03;-;-;33.03;47.06;52.91;57.66;73.18;57.66;52.91
May 11, 2018 8:00 PM;May 11, 2018 9:00 PM;-;58.12;58.12;58.12;58.12;58.12;31.64;-;-;31.64;46.47;52.00;58.12;79.53;58.12;62.00
May 11, 2018 9:00 PM;May 11, 2018 10:00 PM;-;55.38;55.38;55.38;55.38;55.38;32.41;-;-;32.41;45.03;48.20;55.38;70.24;55.38;49.52
May 11, 2018 10:00 PM;May 11, 2018 11:00 PM;-;56.17;56.17;56.17;56.17;56.17;31.54;-;-;31.54;42.21;45.65;56.17;65.92;56.17;45.65
May 11, 2018 11:00 PM;May 12, 2018 12:00 AM;-;58.32;45.99;45.99;50.37;58.73;30.05;-;-;30.05;37.43;38.32;45.99;53.33;45.99;38.32
May 12, 2018 12:00 AM;May 12, 2018 1:00 AM;-;39.96;39.96;39.96;39.96;39.96;31.84;-;-;31.84;38.07;37.38;39.96;54.98;39.96;37.38
May 12, 2018 1:00 AM;May 12, 2018 2:00 AM;-;36.31;35.01;35.01;35.48;36.40;30.02;-;-;30.02;33.69;33.00;35.01;48.76;35.01;33.00
May 12, 2018 2:00 AM;May 12, 2018 3:00 AM;-;30.26;30.26;30.26;30.26;30.26;28.28;-;-;28.28;30.67;29.65;30.26;41.25;30.26;29.65
May 12, 2018 3:00 AM;May 12, 2018 4:00 AM;-;34.51;30.05;30.05;27.04;32.33;28.25;-;-;28.25;27.94;28.00;30.05;36.71;30.05;28.00
May 12, 2018 4:00 AM;May 12, 2018 5:00 AM;-;40.12;29.94;29.94;23.07;35.15;28.04;-;-;28.04;27.81;27.91;29.94;36.71;29.94;27.91
May 12, 2018 5:00 AM;May 12, 2018 6:00 AM;-;35.63;29.94;29.94;26.13;32.85;27.99;-;-;27.99;28.60;28.08;29.94;36.71;29.94;28.08
May 12, 2018 6:00 AM;May 12, 2018 7:00 AM;-;29.68;32.05;32.05;28.54;32.05;29.06;-;-;29.06;30.92;31.55;32.05;36.45;32.05;32.72
May 12, 2018 7:00 AM;May 12, 2018 8:00 AM;-;36.14;36.14;36.14;36.14;36.14;32.04;-;-;32.04;35.09;36.37;36.14;49.59;36.14;39.94
May 12, 2018 8:00 AM;May 12, 2018 9:00 AM;-;37.65;39.95;39.95;36.19;39.95;32.99;-;-;32.99;39.76;40.42;39.95;51.34;44.09;45.96
May 12, 2018 9:00 AM;May 12, 2018 10:00 AM;-;48.02;37.93;37.93;35.79;41.21;36.71;-;-;36.71;37.67;37.40;37.93;54.98;44.09;46.50
May 12, 2018 10:00 AM;May 12, 2018 11:00 AM;-;38.47;33.46;33.46;35.28;39.90;33.46;-;-;33.46;33.85;33.70;33.46;53.82;41.50;46.77
May 12, 2018 11:00 AM;May 12, 2018 12:00 PM;-;39.14;32.41;32.41;34.85;39.70;32.41;-;-;32.41;32.21;32.00;32.41;49.46;39.50;44.40
May 12, 2018 12:00 PM;May 12, 2018 1:00 PM;-;36.85;30.31;30.31;32.69;37.40;30.31;-;-;30.31;31.28;30.10;30.31;41.25;41.25;43.00
May 12, 2018 1:00 PM;May 12, 2018 2:00 PM;-;30.93;30.01;30.01;30.35;31.01;30.01;-;-;30.01;29.49;28.00;30.01;35.97;35.97;38.49
May 12, 2018 2:00 PM;May 12, 2018 3:00 PM;-;28.43;28.43;28.43;28.43;30.00;28.43;-;-;28.43;27.82;26.00;28.43;34.00;34.00;39.01
May 12, 2018 3:00 PM;May 12, 2018 4:00 PM;-;28.07;28.07;28.07;28.07;30.00;28.07;-;-;28.07;27.78;25.51;28.07;38.25;34.00;42.07
May 12, 2018 4:00 PM;May 12, 2018 5:00 PM;-;27.69;27.69;27.69;27.69;30.00;27.69;-;-;27.69;27.66;27.00;27.69;46.60;27.69;38.93
May 12, 2018 5:00 PM;May 12, 2018 6:00 PM;-;35.80;30.05;31.38;26.09;34.90;31.38;-;-;31.38;30.92;29.60;30.05;42.60;39.59;38.10
May 12, 2018 6:00 PM;May 12, 2018 7:00 PM;-;31.40;36.96;35.63;27.94;38.00;34.46;-;-;34.46;37.60;36.49;36.96;45.01;41.59;39.87
May 12, 2018 7:00 PM;May 12, 2018 8:00 PM;-;34.22;37.94;37.94;31.99;40.00;33.20;-;-;33.20;38.92;37.70;37.94;51.70;37.94;40.34
May 12, 2018 8:00 PM;May 12, 2018 9:00 PM;-;34.10;36.97;36.97;32.37;40.00;32.98;-;-;32.98;38.47;37.00;36.97;54.98;54.98;64.44
May 12, 2018 9:00 PM;May 12, 2018 10:00 PM;-;31.48;34.65;34.65;30.13;40.00;33.18;-;-;33.18;36.73;36.00;34.65;54.21;54.21;51.51
May 12, 2018 10:00 PM;May 12, 2018 11:00 PM;-;35.68;32.33;32.33;34.28;42.92;32.33;-;-;32.33;34.54;33.80;32.33;50.00;32.33;34.27
May 12, 2018 11:00 PM;May 13, 2018 12:00 AM;-;44.45;19.50;19.50;33.29;58.39;19.50;-;-;19.50;28.74;27.00;19.50;44.00;19.50;27.00
May 13, 2018 12:00 AM;May 13, 2018 1:00 AM;-;33.95;26.68;26.68;30.66;39.00;26.68;-;-;26.68;21.75;21.20;26.68;40.01;34.00;21.20
May 13, 2018 1:00 AM;May 13, 2018 2:00 AM;-;21.12;20.89;20.89;21.03;21.58;20.89;-;-;20.89;20.41;17.00;20.89;34.75;28.00;17.00
May 13, 2018 2:00 AM;May 13, 2018 3:00 AM;-;17.06;17.06;17.06;17.06;17.06;17.06;-;-;17.06;18.07;15.78;17.06;33.40;17.06;15.78
May 13, 2018 3:00 AM;May 13, 2018 4:00 AM;-;14.92;14.92;14.92;14.92;14.92;14.92;-;-;14.92;15.57;14.77;14.92;27.00;14.92;14.77
May 13, 2018 4:00 AM;May 13, 2018 5:00 AM;-;30.10;14.88;14.88;10.97;20.53;14.88;-;-;14.88;12.78;13.90;14.88;36.62;14.88;13.90
May 13, 2018 5:00 AM;May 13, 2018 6:00 AM;-;55.00;13.77;13.77;9.17;27.17;13.77;-;-;13.77;11.18;11.52;13.77;42.25;13.77;11.52
May 13, 2018 6:00 AM;May 13, 2018 7:00 AM;-;69.90;14.03;14.03;7.82;32.00;14.03;-;-;14.03;10.35;12.86;14.03;40.00;14.03;12.86
May 13, 2018 7:00 AM;May 13, 2018 8:00 AM;-;20.00;15.37;15.37;14.84;16.86;15.37;-;-;15.37;12.04;15.48;15.37;38.24;15.37;16.36
May 13, 2018 8:00 AM;May 13, 2018 9:00 AM;-;43.00;17.74;17.74;14.90;25.90;17.74;-;-;17.74;16.67;18.83;17.74;38.13;17.74;21.79
May 13, 2018 9:00 AM;May 13, 2018 10:00 AM;-;67.65;24.90;24.90;13.98;35.00;24.90;-;-;24.90;17.06;19.94;19.42;36.59;19.42;23.68
May 13, 2018 10:00 AM;May 13, 2018 11:00 AM;-;57.57;28.14;28.14;13.20;32.40;28.14;-;-;28.14;14.02;17.33;17.22;36.60;17.22;24.04
May 13, 2018 11:00 AM;May 13, 2018 12:00 PM;-;40.90;22.80;22.80;14.70;31.30;22.80;-;-;22.80;15.34;17.80;15.68;35.74;15.68;28.05
May 13, 2018 12:00 PM;May 13, 2018 1:00 PM;-;19.25;18.40;18.40;15.39;38.80;18.40;-;-;18.40;13.78;14.28;10.00;33.00;33.00;33.04
May 13, 2018 1:00 PM;May 13, 2018 2:00 PM;-;18.44;13.51;13.51;15.76;32.00;13.51;-;-;13.51;-3.13;4.13;12.01;20.00;20.00;28.00
May 13, 2018 2:00 PM;May 13, 2018 3:00 PM;-;12.42;10.18;10.18;7.42;37.40;10.18;-;-;10.18;-3.91;0.90;0.56;15.00;15.00;28.05
May 13, 2018 3:00 PM;May 13, 2018 4:00 PM;-;44.90;9.89;9.89;7.24;31.20;9.89;-;-;9.89;-0.58;8.00;8.71;19.90;19.90;34.74
May 13, 2018 4:00 PM;May 13, 2018 5:00 PM;-;12.57;11.02;11.02;7.34;38.80;11.02;-;-;11.02;10.84;13.00;0.09;29.27;29.27;36.25
May 13, 2018 5:00 PM;May 13, 2018 6:00 PM;-;60.85;17.33;17.33;12.51;31.30;17.33;-;-;17.33;18.07;18.40;17.33;31.00;31.00;36.25
May 13, 2018 6:00 PM;May 13, 2018 7:00 PM;-;78.07;23.49;23.49;17.48;41.00;23.49;-;-;23.49;24.89;26.48;23.49;40.50;23.49;35.00
May 13, 2018 7:00 PM;May 13, 2018 8:00 PM;-;55.22;26.97;26.97;25.83;40.00;26.97;-;-;26.97;28.42;32.17;26.97;52.72;26.97;44.21
May 13, 2018 8:00 PM;May 13, 2018 9:00 PM;-;42.00;25.13;25.13;29.39;42.40;25.13;-;-;25.13;28.05;39.00;25.13;56.65;25.13;56.06
May 13, 2018 9:00 PM;May 13, 2018 10:00 PM;-;40.00;24.07;24.07;30.66;45.36;24.07;-;-;24.07;27.96;34.16;24.07;57.69;24.07;47.25
May 13, 2018 10:00 PM;May 13, 2018 11:00 PM;-;40.32;24.05;24.05;32.88;49.88;24.05;-;-;24.05;26.02;29.94;24.05;53.33;24.05;29.94
May 13, 2018 11:00 PM;May 14, 2018 12:00 AM;-;33.00;19.42;19.42;26.82;40.83;19.42;-;-;19.42;20.18;21.25;19.42;49.75;19.42;21.25
May 14, 2018 12:00 AM;May 14, 2018 1:00 AM;-;29.55;19.78;19.78;25.41;53.68;19.78;-;-;19.78;26.29;23.05;19.78;33.50;19.78;23.05
May 14, 2018 1:00 AM;May 14, 2018 2:00 AM;-;23.16;16.28;16.28;20.23;39.00;16.28;-;-;16.28;23.83;20.11;16.28;23.83;16.28;20.11
May 14, 2018 2:00 AM;May 14, 2018 3:00 AM;-;19.39;14.13;14.13;17.15;31.40;14.13;-;-;14.13;20.09;18.78;14.13;20.00;14.13;18.78
May 14, 2018 3:00 AM;May 14, 2018 4:00 AM;-;18.35;14.87;14.87;14.87;37.00;14.87;-;-;14.87;18.08;17.35;14.87;14.93;14.87;17.35
May 14, 2018 4:00 AM;May 14, 2018 5:00 AM;-;15.82;15.62;15.62;12.12;30.00;15.62;-;-;15.62;19.31;18.90;15.62;15.62;15.62;18.90
May 14, 2018 5:00 AM;May 14, 2018 6:00 AM;-;18.12;26.00;26.26;14.25;27.13;26.26;-;-;26.26;24.92;25.00;26.00;26.00;26.00;25.00
May 14, 2018 6:00 AM;May 14, 2018 7:00 AM;-;30.32;37.57;37.31;23.68;43.30;37.31;-;-;37.31;38.99;40.10;43.30;43.30;43.30;40.10
May 14, 2018 7:00 AM;May 14, 2018 8:00 AM;-;54.06;54.06;54.06;54.06;54.06;38.06;-;-;54.06;44.31;49.41;54.06;54.06;54.06;49.41
May 14, 2018 8:00 AM;May 14, 2018 9:00 AM;-;58.01;58.01;58.01;58.01;58.01;37.90;-;-;58.01;44.89;49.99;58.01;58.16;58.01;49.99
May 14, 2018 9:00 AM;May 14, 2018 10:00 AM;-;55.83;55.83;55.83;55.83;55.83;37.80;-;-;55.83;41.71;45.00;55.83;55.83;55.83;45.00
May 14, 2018 10:00 AM;May 14, 2018 11:00 AM;-;50.79;50.79;50.79;50.79;50.79;37.66;-;-;50.79;39.72;41.00;50.79;51.79;51.79;41.00
May 14, 2018 11:00 AM;May 14, 2018 12:00 PM;-;44.48;42.43;42.43;43.60;49.90;37.49;-;-;42.43;37.97;39.00;42.36;47.71;47.71;39.80
May 14, 2018 12:00 PM;May 14, 2018 1:00 PM;-;43.64;40.97;40.97;39.67;66.70;37.41;-;-;40.97;34.01;40.00;34.49;39.94;39.94;40.00
May 14, 2018 1:00 PM;May 14, 2018 2:00 PM;-;36.71;40.07;40.07;33.00;50.00;37.32;-;-;40.07;31.37;36.00;27.93;37.40;37.40;44.93
May 14, 2018 2:00 PM;May 14, 2018 3:00 PM;-;33.00;39.85;39.85;30.36;40.50;37.36;-;-;39.85;30.99;36.00;26.81;42.81;42.81;41.00
May 14, 2018 3:00 PM;May 14, 2018 4:00 PM;-;32.36;37.84;37.84;29.86;38.80;37.24;-;-;37.84;31.37;42.69;26.51;48.75;48.75;42.69
May 14, 2018 4:00 PM;May 14, 2018 5:00 PM;-;31.71;37.42;37.42;29.84;38.16;36.93;-;-;37.42;31.35;43.04;27.09;50.75;50.75;43.04
May 14, 2018 5:00 PM;May 14, 2018 6:00 PM;-;31.84;36.74;36.74;29.30;37.96;36.74;-;-;36.74;37.09;40.00;36.74;50.94;40.10;40.00
May 14, 2018 6:00 PM;May 14, 2018 7:00 PM;-;33.91;41.01;41.01;30.15;41.01;37.35;-;-;41.01;40.29;42.10;41.01;53.19;41.01;42.10
May 14, 2018 7:00 PM;May 14, 2018 8:00 PM;-;42.45;43.10;43.10;42.11;43.10;37.33;-;-;43.10;42.75;46.00;43.10;56.80;43.10;46.00
May 14, 2018 8:00 PM;May 14, 2018 9:00 PM;-;40.00;42.81;42.81;37.04;43.30;37.43;-;-;40.87;41.15;45.00;43.28;59.45;59.45;51.82
May 14, 2018 9:00 PM;May 14, 2018 10:00 PM;-;40.90;40.73;40.73;33.24;43.60;37.50;-;-;40.71;38.28;42.83;43.20;57.11;43.20;42.83
May 14, 2018 10:00 PM;May 14, 2018 11:00 PM;-;39.84;37.30;37.30;39.60;40.10;37.30;-;-;37.30;36.60;36.79;39.29;53.70;39.29;36.79
May 14, 2018 11:00 PM;May 15, 2018 12:00 AM;-;37.39;32.25;32.25;35.06;39.90;32.25;-;-;32.25;29.22;29.99;32.25;48.90;32.25;29.99
May 15, 2018 12:00 AM;May 15, 2018 1:00 AM;-;32.78;32.36;32.36;32.68;33.43;32.36;-;-;32.36;29.29;27.72;32.52;52.53;32.52;27.72
May 15, 2018 1:00 AM;May 15, 2018 2:00 AM;-;30.53;30.24;30.24;30.41;31.24;30.24;-;-;30.24;27.96;26.00;30.24;43.89;30.24;26.00
May 15, 2018 2:00 AM;May 15, 2018 3:00 AM;-;29.13;28.85;28.85;29.01;29.80;28.85;-;-;28.85;25.65;25.00;28.85;39.90;28.85;25.00
May 15, 2018 3:00 AM;May 15, 2018 4:00 AM;-;28.02;28.02;28.02;28.02;28.02;28.02;-;-;28.02;23.40;24.58;28.02;38.10;28.02;24.58
May 15, 2018 4:00 AM;May 15, 2018 5:00 AM;-;30.01;30.01;30.01;30.01;30.01;30.01;-;-;30.01;23.71;25.04;30.01;40.50;30.01;25.04
May 15, 2018 5:00 AM;May 15, 2018 6:00 AM;-;32.58;32.58;32.58;32.58;32.58;32.58;-;-;32.58;29.51;29.53;32.58;49.75;32.58;29.53
May 15, 2018 6:00 AM;May 15, 2018 7:00 AM;-;41.01;41.01;41.01;41.01;41.01;37.03;-;-;41.01;40.86;44.79;41.01;56.57;41.01;44.79
May 15, 2018 7:00 AM;May 15, 2018 8:00 AM;-;54.60;54.60;76.04;54.60;54.60;37.82;-;-;76.04;51.81;54.06;54.60;63.94;54.60;54.06
May 15, 2018 8:00 AM;May 15, 2018 9:00 AM;-;58.60;58.60;94.81;58.60;58.60;37.21;-;-;94.81;57.03;58.40;58.60;67.07;58.60;58.40
May 15, 2018 9:00 AM;May 15, 2018 10:00 AM;-;58.54;54.55;93.51;57.01;67.80;37.10;-;-;93.51;54.09;55.19;54.55;61.69;54.55;55.19
May 15, 2018 10:00 AM;May 15, 2018 11:00 AM;-;51.20;51.20;86.46;51.20;51.20;37.01;-;-;86.46;47.38;51.01;51.20;55.00;51.20;51.99
May 15, 2018 11:00 AM;May 15, 2018 12:00 PM;-;48.90;48.90;85.66;48.90;48.90;36.73;-;-;85.66;44.31;48.00;48.90;54.93;48.90;59.95
May 15, 2018 12:00 PM;May 15, 2018 1:00 PM;-;41.67;46.50;58.29;41.67;41.67;37.04;-;-;58.29;40.12;44.00;41.67;50.00;50.00;53.06
May 15, 2018 1:00 PM;May 15, 2018 2:00 PM;-;42.33;44.27;50.30;41.71;42.40;36.98;-;-;50.30;39.03;41.69;41.38;48.95;41.38;48.85
May 15, 2018 2:00 PM;May 15, 2018 3:00 PM;-;41.07;41.07;47.32;41.07;41.07;36.83;-;-;47.32;38.03;39.20;41.07;51.26;41.07;45.01
May 15, 2018 3:00 PM;May 15, 2018 4:00 PM;-;40.50;40.50;40.50;40.50;40.50;36.63;-;-;40.50;38.68;40.97;40.50;52.70;40.50;44.10
May 15, 2018 4:00 PM;May 15, 2018 5:00 PM;-;41.22;39.91;39.91;40.72;44.17;36.25;-;-;39.91;38.53;42.10;39.91;53.19;39.91;43.89
May 15, 2018 5:00 PM;May 15, 2018 6:00 PM;-;45.00;41.07;41.07;42.37;45.00;36.10;-;-;41.07;41.65;46.07;41.07;53.19;41.07;46.45
May 15, 2018 6:00 PM;May 15, 2018 7:00 PM;-;47.90;47.90;47.90;47.90;47.90;36.21;-;-;47.90;44.89;48.98;47.90;54.63;47.90;48.98
May 15, 2018 7:00 PM;May 15, 2018 8:00 PM;-;50.00;50.00;50.00;50.00;50.00;36.66;-;-;50.00;47.78;52.38;50.00;58.07;50.00;52.38
May 15, 2018 8:00 PM;May 15, 2018 9:00 PM;-;49.96;49.96;49.96;49.96;49.96;36.28;-;-;49.96;48.14;52.00;49.96;62.04;49.96;59.98
May 15, 2018 9:00 PM;May 15, 2018 10:00 PM;-;47.08;47.08;47.08;47.08;47.08;36.54;-;-;47.08;45.31;50.00;47.08;58.26;47.08;50.00
May 15, 2018 10:00 PM;May 15, 2018 11:00 PM;-;63.61;46.33;46.33;52.26;63.61;34.89;-;-;46.08;44.17;44.94;46.33;53.50;46.33;44.94
May 15, 2018 11:00 PM;May 16, 2018 12:00 AM;-;50.70;40.27;40.27;43.91;50.70;32.35;-;-;32.35;38.69;38.89;40.27;50.62;40.27;38.89
May 16, 2018 12:00 AM;May 16, 2018 1:00 AM;-;40.36;33.81;33.81;40.36;40.36;33.81;-;-;33.81;37.31;36.50;40.36;52.15;40.36;36.50
May 16, 2018 1:00 AM;May 16, 2018 2:00 AM;-;37.53;32.35;32.35;37.53;37.53;32.35;-;-;32.35;34.02;34.63;37.53;39.56;37.53;34.63
May 16, 2018 2:00 AM;May 16, 2018 3:00 AM;-;33.98;31.93;31.93;33.98;33.98;31.93;-;-;31.93;34.41;33.59;33.98;33.98;33.98;33.59
May 16, 2018 3:00 AM;May 16, 2018 4:00 AM;-;32.60;31.22;31.22;32.60;32.60;31.22;-;-;31.22;33.37;32.48;32.60;33.03;32.60;32.48
May 16, 2018 4:00 AM;May 16, 2018 5:00 AM;-;26.99;31.03;31.03;24.65;32.06;31.03;-;-;31.03;34.13;33.14;33.30;36.46;33.30;33.14
May 16, 2018 5:00 AM;May 16, 2018 6:00 AM;-;27.85;34.06;34.06;24.36;35.26;34.06;-;-;34.06;36.99;35.62;37.06;48.25;37.06;35.62
May 16, 2018 6:00 AM;May 16, 2018 7:00 AM;-;33.62;45.95;45.95;27.95;45.95;37.08;-;-;45.95;44.88;45.65;45.95;54.21;45.95;45.65
May 16, 2018 7:00 AM;May 16, 2018 8:00 AM;-;83.70;55.40;103.25;48.95;64.37;37.33;-;-;103.25;52.27;58.50;55.40;60.97;55.40;58.50
May 16, 2018 8:00 AM;May 16, 2018 9:00 AM;-;79.90;60.21;117.05;57.67;75.00;37.62;-;-;117.05;60.59;62.00;60.21;70.00;60.21;62.00
May 16, 2018 9:00 AM;May 16, 2018 10:00 AM;-;60.51;54.10;177.22;57.12;75.10;37.51;-;-;177.22;58.94;58.24;54.10;61.73;54.10;58.24
May 16, 2018 10:00 AM;May 16, 2018 11:00 AM;-;62.61;50.90;170.99;50.97;67.10;37.41;-;-;170.99;53.20;53.00;50.90;55.70;54.10;53.00
May 16, 2018 11:00 AM;May 16, 2018 12:00 PM;-;53.09;48.36;151.81;48.36;71.70;37.27;-;-;151.81;49.30;51.00;48.36;54.19;54.10;51.00
May 16, 2018 12:00 PM;May 16, 2018 1:00 PM;-;46.05;43.43;137.84;43.43;56.70;37.21;-;-;137.84;43.70;47.96;43.43;51.15;51.15;47.96
May 16, 2018 1:00 PM;May 16, 2018 2:00 PM;-;42.85;40.50;137.48;40.50;52.20;37.21;-;-;137.48;41.62;46.00;40.50;50.24;50.24;47.10
May 16, 2018 2:00 PM;May 16, 2018 3:00 PM;-;43.21;38.17;110.96;37.06;39.76;37.10;-;-;110.96;39.90;43.00;38.17;52.70;52.70;48.83
May 16, 2018 3:00 PM;May 16, 2018 4:00 PM;-;40.40;36.30;38.09;33.04;37.50;36.30;-;-;38.09;37.99;45.00;35.97;54.19;54.19;51.00
May 16, 2018 4:00 PM;May 16, 2018 5:00 PM;-;35.27;35.77;36.01;34.61;37.20;36.01;-;-;36.01;37.75;47.00;35.77;55.01;55.01;51.42
May 16, 2018 5:00 PM;May 16, 2018 6:00 PM;-;28.38;37.14;40.21;24.46;38.12;36.90;-;-;40.21;39.91;45.00;37.14;55.01;52.10;54.46
May 16, 2018 6:00 PM;May 16, 2018 7:00 PM;-;33.40;40.36;40.36;29.45;40.36;37.15;-;-;40.36;43.25;47.00;40.36;58.00;40.36;52.06
May 16, 2018 7:00 PM;May 16, 2018 8:00 PM;-;41.09;42.03;42.03;40.58;42.03;36.82;-;-;42.03;45.47;48.53;42.03;61.73;42.03;56.17
May 16, 2018 8:00 PM;May 16, 2018 9:00 PM;-;34.29;42.00;42.00;30.18;42.00;35.18;-;-;42.00;44.33;47.00;42.00;65.84;65.84;68.20
May 16, 2018 9:00 PM;May 16, 2018 10:00 PM;-;33.00;39.31;39.31;26.57;44.66;34.71;-;-;39.31;42.41;44.00;42.28;61.73;51.50;57.68
May 16, 2018 10:00 PM;May 16, 2018 11:00 PM;-;36.65;32.89;32.89;36.14;37.73;32.89;-;-;32.89;39.17;40.48;37.99;54.23;39.10;51.25
May 16, 2018 11:00 PM;May 17, 2018 12:00 AM;-;36.18;20.64;20.64;33.08;50.36;20.64;-;-;20.64;33.45;33.57;33.08;52.01;33.08;33.57
May 17, 2018 12:00 AM;May 17, 2018 1:00 AM;-;30.96;19.93;19.93;30.46;33.90;19.93;-;-;19.93;29.78;29.90;29.72;51.56;29.72;36.01
May 17, 2018 1:00 AM;May 17, 2018 2:00 AM;-;27.03;10.06;10.06;27.03;27.03;10.06;-;-;10.06;25.97;26.80;27.03;51.59;27.03;31.90
May 17, 2018 2:00 AM;May 17, 2018 3:00 AM;-;22.30;5.17;5.17;22.25;22.40;5.17;-;-;5.17;23.52;24.91;22.43;48.75;22.43;26.07
May 17, 2018 3:00 AM;May 17, 2018 4:00 AM;-;19.63;5.12;5.12;19.45;19.96;5.12;-;-;5.12;22.97;24.00;20.06;42.00;20.06;24.81
May 17, 2018 4:00 AM;May 17, 2018 5:00 AM;-;20.00;4.89;4.89;15.93;22.78;4.89;-;-;4.89;22.91;24.60;23.09;47.14;23.09;24.99
May 17, 2018 5:00 AM;May 17, 2018 6:00 AM;-;35.76;24.87;24.87;19.79;32.40;24.87;-;-;24.87;28.44;28.51;27.23;51.75;39.60;31.95
May 17, 2018 6:00 AM;May 17, 2018 7:00 AM;-;26.87;36.19;36.19;22.85;34.03;32.95;-;-;36.19;36.07;38.00;36.19;64.61;36.19;50.02
May 17, 2018 7:00 AM;May 17, 2018 8:00 AM;-;43.20;42.80;44.32;42.44;43.03;35.55;-;-;44.32;43.35;45.40;42.80;79.22;42.80;60.06
May 17, 2018 8:00 AM;May 17, 2018 9:00 AM;-;50.06;45.12;79.96;47.29;61.00;36.82;-;-;79.96;49.16;49.49;45.12;79.62;50.00;55.67
May 17, 2018 9:00 AM;May 17, 2018 10:00 AM;-;47.96;43.25;86.83;45.12;58.90;37.76;-;-;86.83;45.95;47.00;43.25;68.70;55.09;59.63
May 17, 2018 10:00 AM;May 17, 2018 11:00 AM;-;46.54;42.13;91.93;42.13;64.22;38.03;-;-;91.93;42.52;46.00;42.13;67.62;67.62;58.94
May 17, 2018 11:00 AM;May 17, 2018 12:00 PM;-;44.06;40.93;50.77;41.82;53.15;37.99;-;-;50.77;40.88;44.00;40.93;63.81;63.81;57.47
May 17, 2018 12:00 PM;May 17, 2018 1:00 PM;-;38.71;36.30;39.94;37.39;44.00;36.72;-;-;39.94;37.26;43.00;36.30;54.19;54.19;55.83
May 17, 2018 1:00 PM;May 17, 2018 2:00 PM;-;38.60;35.73;35.86;35.73;49.90;35.86;-;-;35.86;36.44;40.00;35.73;54.19;54.19;53.51
May 17, 2018 2:00 PM;May 17, 2018 3:00 PM;-;35.52;34.57;34.57;32.02;49.60;34.57;-;-;34.57;34.20;36.00;32.02;56.00;56.00;53.76
May 17, 2018 3:00 PM;May 17, 2018 4:00 PM;-;33.92;33.39;33.39;31.80;42.40;33.39;-;-;33.39;33.55;35.00;31.80;58.64;53.20;51.07
May 17, 2018 4:00 PM;May 17, 2018 5:00 PM;-;33.64;29.87;32.89;29.87;48.72;32.89;-;-;32.89;33.50;36.00;29.87;61.14;41.60;50.77
May 17, 2018 5:00 PM;May 17, 2018 6:00 PM;-;36.15;33.54;35.21;33.54;49.90;35.21;-;-;35.21;35.66;37.35;33.54;61.14;37.10;43.10
May 17, 2018 6:00 PM;May 17, 2018 7:00 PM;-;41.17;40.80;40.80;41.02;42.00;36.11;-;-;36.11;40.21;42.05;40.80;62.90;40.80;45.17
May 17, 2018 7:00 PM;May 17, 2018 8:00 PM;-;44.90;36.59;36.59;44.51;47.14;36.59;-;-;36.59;43.10;45.00;43.92;68.70;43.92;49.73
May 17, 2018 8:00 PM;May 17, 2018 9:00 PM;-;45.00;35.70;35.70;43.01;44.58;35.70;-;-;35.70;43.06;43.85;43.95;70.84;43.95;63.48
May 17, 2018 9:00 PM;May 17, 2018 10:00 PM;-;51.01;35.18;35.18;38.06;49.00;35.18;-;-;35.18;41.87;42.82;43.93;71.00;43.93;50.08
May 17, 2018 10:00 PM;May 17, 2018 11:00 PM;-;42.55;34.33;34.33;42.11;45.00;34.33;-;-;34.33;40.62;39.40;41.44;62.38;41.44;39.40
May 17, 2018 11:00 PM;May 18, 2018 12:00 AM;-;37.17;28.95;28.95;36.69;40.00;28.95;-;-;28.95;36.03;33.94;35.99;54.19;35.99;33.94
May 18, 2018 12:00 AM;May 18, 2018 1:00 AM;-;31.79;19.98;19.98;31.79;31.79;19.98;-;-;19.98;32.52;32.30;31.79;55.24;31.79;32.30
May 18, 2018 1:00 AM;May 18, 2018 2:00 AM;-;38.52;15.34;15.34;28.78;51.94;15.34;-;-;15.34;30.23;29.67;27.77;51.39;27.77;29.67
May 18, 2018 2:00 AM;May 18, 2018 3:00 AM;-;37.17;6.00;6.00;27.39;50.58;6.00;-;-;6.00;29.48;28.10;27.39;45.50;27.39;28.10
May 18, 2018 3:00 AM;May 18, 2018 4:00 AM;-;40.00;5.96;5.96;24.42;41.11;5.96;-;-;5.96;29.25;27.61;26.59;45.50;26.59;27.61
May 18, 2018 4:00 AM;May 18, 2018 5:00 AM;-;42.73;4.77;4.77;21.93;40.30;4.77;-;-;4.77;30.00;28.60;28.99;45.50;28.99;28.60
May 18, 2018 5:00 AM;May 18, 2018 6:00 AM;-;42.49;32.22;32.22;27.37;48.61;32.22;-;-;32.22;33.01;32.59;32.22;52.53;32.22;32.59
May 18, 2018 6:00 AM;May 18, 2018 7:00 AM;-;63.87;41.84;41.84;36.28;49.72;35.10;-;-;35.10;41.05;43.00;41.84;56.77;41.84;43.00
May 18, 2018 7:00 AM;May 18, 2018 8:00 AM;-;59.07;50.72;50.72;48.48;53.64;38.35;-;-;50.72;48.15;50.73;50.72;68.80;50.72;50.73
May 18, 2018 8:00 AM;May 18, 2018 9:00 AM;-;58.08;48.82;48.82;54.11;60.41;39.38;-;-;48.82;51.19;54.08;48.82;70.10;48.82;54.08
May 18, 2018 9:00 AM;May 18, 2018 10:00 AM;-;71.68;42.97;42.97;59.35;77.79;39.47;-;-;42.97;49.48;50.68;42.97;64.12;51.20;53.95
May 18, 2018 10:00 AM;May 18, 2018 11:00 AM;-;66.75;41.80;41.80;56.03;73.13;39.57;-;-;41.80;43.57;46.31;41.80;60.52;41.80;49.42
May 18, 2018 11:00 AM;May 18, 2018 12:00 PM;-;56.73;39.40;39.40;49.25;61.13;39.40;-;-;39.40;43.01;45.53;39.40;54.76;41.59;49.15
May 18, 2018 12:00 PM;May 18, 2018 1:00 PM;-;47.13;38.05;38.05;43.20;49.43;38.05;-;-;38.05;40.51;42.22;38.05;52.70;52.70;53.71
May 18, 2018 1:00 PM;May 18, 2018 2:00 PM;-;41.27;37.20;37.20;38.84;49.30;37.20;-;-;37.20;39.49;40.90;36.53;52.70;39.50;51.28
May 18, 2018 2:00 PM;May 18, 2018 3:00 PM;-;40.78;36.49;36.49;38.09;43.00;36.49;-;-;36.49;37.59;38.91;34.58;53.52;35.10;46.01
May 18, 2018 3:00 PM;May 18, 2018 4:00 PM;-;35.20;35.26;35.26;34.38;40.30;35.26;-;-;35.26;35.18;38.10;34.10;56.02;35.10;42.55
May 18, 2018 4:00 PM;May 18, 2018 5:00 PM;-;43.50;36.44;36.44;30.29;40.68;36.44;-;-;36.44;36.37;38.57;36.44;56.43;36.44;43.05
May 18, 2018 5:00 PM;May 18, 2018 6:00 PM;-;50.65;41.58;41.58;33.39;46.98;37.97;-;-;41.58;39.27;42.54;41.58;56.43;41.58;44.27
May 18, 2018 6:00 PM;May 18, 2018 7:00 PM;-;56.05;46.47;46.47;37.85;52.16;38.10;-;-;38.10;43.35;47.80;46.47;58.00;46.47;49.37
May 18, 2018 7:00 PM;May 18, 2018 8:00 PM;-;57.52;48.95;48.95;41.23;54.02;37.83;-;-;37.83;46.10;50.00;48.95;65.33;48.95;53.30
May 18, 2018 8:00 PM;May 18, 2018 9:00 PM;-;58.64;47.37;47.37;37.96;54.20;36.62;-;-;36.62;44.71;51.80;47.76;69.50;48.51;57.62
May 18, 2018 9:00 PM;May 18, 2018 10:00 PM;-;61.93;47.32;43.61;36.48;54.67;36.24;-;-;36.24;45.00;50.36;47.32;64.09;47.32;52.66
May 18, 2018 10:00 PM;May 18, 2018 11:00 PM;-;53.16;44.96;41.73;47.07;55.70;35.15;-;-;35.15;43.78;45.10;44.96;54.52;44.96;46.05
May 18, 2018 11:00 PM;May 19, 2018 12:00 AM;-;59.23;41.55;33.73;46.68;59.23;33.73;-;-;33.73;40.32;39.51;41.55;52.15;41.55;39.51
May 19, 2018 12:00 AM;May 19, 2018 1:00 AM;-;72.70;41.91;37.23;44.37;72.70;37.23;-;-;37.23;39.39;40.00;41.91;57.27;41.91;40.00
May 19, 2018 1:00 AM;May 19, 2018 2:00 AM;-;39.56;35.18;35.18;36.75;49.00;35.18;-;-;35.18;36.17;36.00;35.18;50.70;35.18;36.00
May 19, 2018 2:00 AM;May 19, 2018 3:00 AM;-;48.88;34.14;34.14;22.24;49.00;34.14;-;-;34.14;33.82;33.80;34.14;42.70;34.14;33.85
May 19, 2018 3:00 AM;May 19, 2018 4:00 AM;-;45.00;34.64;33.97;13.84;42.36;33.97;-;-;33.97;33.02;32.62;34.64;41.95;34.64;32.62
May 19, 2018 4:00 AM;May 19, 2018 5:00 AM;-;54.68;34.55;33.79;11.97;47.00;33.79;-;-;33.79;33.34;33.04;34.55;39.03;34.55;33.04
May 19, 2018 5:00 AM;May 19, 2018 6:00 AM;-;45.00;34.91;33.84;14.68;42.44;33.84;-;-;33.84;32.91;32.57;34.91;38.78;34.91;32.62
May 19, 2018 6:00 AM;May 19, 2018 7:00 AM;-;38.66;39.88;34.87;14.46;43.00;34.87;-;-;34.87;37.47;36.86;39.88;42.45;39.88;36.86
May 19, 2018 7:00 AM;May 19, 2018 8:00 AM;-;27.94;47.01;35.23;13.46;47.01;35.23;-;-;35.23;39.77;40.57;47.01;50.40;47.01;40.57
May 19, 2018 8:00 AM;May 19, 2018 9:00 AM;-;54.77;47.03;36.89;22.60;54.00;36.89;-;-;36.89;39.82;41.11;47.03;54.19;54.19;43.09
May 19, 2018 9:00 AM;May 19, 2018 10:00 AM;-;84.00;42.97;38.07;23.80;70.50;38.07;-;-;38.07;38.38;39.10;42.97;53.89;53.89;49.46
May 19, 2018 10:00 AM;May 19, 2018 11:00 AM;-;50.26;33.86;37.64;20.52;75.48;37.64;-;-;37.64;34.24;35.99;33.86;53.70;45.20;49.46
May 19, 2018 11:00 AM;May 19, 2018 12:00 PM;-;84.00;34.41;35.54;19.29;70.40;35.54;-;-;35.54;33.15;33.60;32.53;52.15;52.15;49.87
May 19, 2018 12:00 PM;May 19, 2018 1:00 PM;-;84.00;34.48;34.48;22.62;55.40;34.48;-;-;34.48;30.82;31.00;27.72;41.95;41.95;43.09
May 19, 2018 1:00 PM;May 19, 2018 2:00 PM;-;50.00;33.85;33.85;22.35;50.50;33.85;-;-;33.85;29.94;29.00;28.01;35.00;35.00;38.02
May 19, 2018 2:00 PM;May 19, 2018 3:00 PM;-;51.35;32.60;32.60;20.77;44.00;32.60;-;-;32.60;28.09;27.19;27.03;34.51;34.51;34.93
May 19, 2018 3:00 PM;May 19, 2018 4:00 PM;-;37.08;31.78;32.22;18.94;40.20;32.22;-;-;32.22;29.80;29.00;27.06;39.00;39.00;36.29
May 19, 2018 4:00 PM;May 19, 2018 5:00 PM;-;44.90;31.20;32.25;12.89;43.40;32.25;-;-;32.25;30.53;30.01;29.73;48.97;41.60;36.72
May 19, 2018 5:00 PM;May 19, 2018 6:00 PM;-;60.31;35.89;34.84;16.13;49.83;34.84;-;-;34.84;34.05;34.00;35.89;44.50;41.60;42.10
May 19, 2018 6:00 PM;May 19, 2018 7:00 PM;-;69.37;42.96;42.96;21.46;58.04;37.41;-;-;37.41;39.16;40.01;42.96;44.92;42.96;42.07
May 19, 2018 7:00 PM;May 19, 2018 8:00 PM;-;68.31;43.59;43.59;23.45;57.71;36.75;-;-;36.75;41.23;43.01;43.59;54.54;43.59;45.99
May 19, 2018 8:00 PM;May 19, 2018 9:00 PM;-;69.30;42.66;42.66;20.94;57.88;35.76;-;-;35.76;40.99;42.60;42.66;57.18;57.18;57.90
May 19, 2018 9:00 PM;May 19, 2018 10:00 PM;-;53.96;41.03;41.03;30.47;55.20;35.93;-;-;35.93;39.90;41.20;41.03;57.65;45.20;50.39
May 19, 2018 10:00 PM;May 19, 2018 11:00 PM;-;70.00;37.58;36.59;40.00;70.00;35.66;-;-;35.66;37.70;38.70;37.58;50.00;50.00;45.06
May 19, 2018 11:00 PM;May 20, 2018 12:00 AM;-;60.00;30.70;31.70;35.21;60.00;31.70;-;-;31.70;31.65;31.46;30.70;44.88;30.70;32.62
May 20, 2018 12:00 AM;May 20, 2018 1:00 AM;-;44.10;29.94;32.51;33.72;44.10;32.51;-;-;32.51;29.07;29.10;29.94;55.50;29.94;45.51
May 20, 2018 1:00 AM;May 20, 2018 2:00 AM;-;24.84;27.71;27.71;24.84;42.70;27.71;-;-;27.71;25.43;24.96;24.84;52.14;24.84;38.00
May 20, 2018 2:00 AM;May 20, 2018 3:00 AM;-;22.70;22.70;22.70;22.70;45.00;22.92;-;-;22.70;22.78;22.19;22.70;50.08;22.70;32.61
May 20, 2018 3:00 AM;May 20, 2018 4:00 AM;-;30.68;22.61;22.61;9.75;40.10;22.61;-;-;22.61;21.67;21.13;19.71;43.00;19.71;30.02
May 20, 2018 4:00 AM;May 20, 2018 5:00 AM;-;20.10;18.01;18.01;6.11;30.33;18.01;-;-;18.01;21.62;21.10;18.01;51.51;18.01;26.88
May 20, 2018 5:00 AM;May 20, 2018 6:00 AM;-;32.17;17.06;17.06;3.34;27.09;17.06;-;-;17.06;21.51;20.95;17.06;53.19;17.06;21.95
May 20, 2018 6:00 AM;May 20, 2018 7:00 AM;-;39.90;22.70;22.70;2.96;38.50;22.70;-;-;22.70;19.48;20.20;17.42;52.70;17.42;22.68
May 20, 2018 7:00 AM;May 20, 2018 8:00 AM;-;15.30;27.56;27.56;5.44;42.40;27.56;-;-;27.56;21.05;24.17;22.04;51.52;22.04;24.91
May 20, 2018 8:00 AM;May 20, 2018 9:00 AM;-;15.00;31.65;31.65;8.35;45.67;31.65;-;-;31.65;23.50;23.85;22.99;51.00;22.99;30.00
May 20, 2018 9:00 AM;May 20, 2018 10:00 AM;-;17.10;32.50;32.50;9.44;40.00;32.50;-;-;32.50;22.56;23.45;21.46;46.52;21.46;32.61
May 20, 2018 10:00 AM;May 20, 2018 11:00 AM;-;9.42;32.94;32.94;9.42;34.03;32.94;-;-;32.94;19.34;19.66;18.51;40.60;19.43;32.61
May 20, 2018 11:00 AM;May 20, 2018 12:00 PM;-;13.88;32.31;32.31;13.88;33.38;32.31;-;-;32.31;16.84;18.01;16.19;39.45;30.00;36.28
May 20, 2018 12:00 PM;May 20, 2018 1:00 PM;-;16.58;30.71;30.71;16.58;31.72;30.71;-;-;30.71;13.75;16.01;16.58;33.42;33.42;36.73
May 20, 2018 1:00 PM;May 20, 2018 2:00 PM;-;9.31;26.69;26.69;9.31;27.57;26.69;-;-;26.69;7.43;10.70;9.31;28.00;28.00;32.61
May 20, 2018 2:00 PM;May 20, 2018 3:00 PM;-;0.00;22.89;22.89;0.00;23.65;22.89;-;-;22.89;2.56;5.90;0.00;20.07;20.07;32.61
May 20, 2018 3:00 PM;May 20, 2018 4:00 PM;-;-4.90;19.26;19.26;-4.90;19.90;19.26;-;-;19.26;3.15;10.40;-4.90;33.42;4.14;32.61
May 20, 2018 4:00 PM;May 20, 2018 5:00 PM;-;1.00;20.77;20.77;1.00;27.40;20.77;-;-;20.77;7.75;14.82;1.00;42.29;1.00;36.28
May 20, 2018 5:00 PM;May 20, 2018 6:00 PM;-;3.18;25.90;25.90;3.18;39.90;25.90;-;-;25.90;16.67;17.69;9.20;47.00;9.20;40.02
May 20, 2018 6:00 PM;May 20, 2018 7:00 PM;-;16.47;29.66;29.66;16.47;40.00;29.66;-;-;29.66;24.55;26.00;16.47;53.20;16.47;40.70
May 20, 2018 7:00 PM;May 20, 2018 8:00 PM;-;23.02;27.93;27.93;23.02;42.30;27.93;-;-;27.93;27.83;29.46;23.02;60.00;23.02;47.07
May 20, 2018 8:00 PM;May 20, 2018 9:00 PM;-;24.56;25.23;25.23;23.86;50.00;25.23;-;-;25.23;28.52;31.01;23.06;64.75;23.06;63.28
May 20, 2018 9:00 PM;May 20, 2018 10:00 PM;-;22.37;25.80;25.80;22.37;50.10;25.80;-;-;25.80;28.02;30.10;22.37;65.03;22.37;55.61
May 20, 2018 10:00 PM;May 20, 2018 11:00 PM;-;45.07;21.59;21.59;32.31;50.00;21.59;-;-;21.59;28.93;29.87;18.04;63.69;29.23;32.61
May 20, 2018 11:00 PM;May 21, 2018 12:00 AM;-;37.40;15.27;15.27;27.46;74.81;15.27;-;-;15.27;26.82;22.69;15.27;59.84;15.27;30.02
May 21, 2018 12:00 AM;May 21, 2018 1:00 AM;-;27.76;3.91;3.91;16.48;32.50;27.64;-;-;3.91;15.02;17.00;3.91;54.62;14.91;32.61
May 21, 2018 1:00 AM;May 21, 2018 2:00 AM;-;19.54;3.04;3.04;10.15;25.50;20.79;-;-;3.04;11.61;13.51;-0.09;51.79;9.00;30.02
May 21, 2018 2:00 AM;May 21, 2018 3:00 AM;-;19.29;2.97;2.97;5.87;27.84;18.99;-;-;2.97;6.99;10.60;-9.21;44.15;9.00;28.51
May 21, 2018 3:00 AM;May 21, 2018 4:00 AM;-;4.36;3.10;3.10;2.29;16.10;12.71;-;-;3.10;3.92;9.01;-0.34;48.11;5.00;26.30
May 21, 2018 4:00 AM;May 21, 2018 5:00 AM;-;3.00;3.18;3.18;0.48;17.40;8.45;-;-;3.18;5.11;10.00;-2.71;51.50;9.00;28.10
May 21, 2018 5:00 AM;May 21, 2018 6:00 AM;-;4.34;19.40;19.40;1.55;20.05;19.40;-;-;19.40;5.14;11.65;-1.96;54.62;9.00;32.61
May 21, 2018 6:00 AM;May 21, 2018 7:00 AM;-;13.34;32.94;32.94;5.02;42.10;32.94;-;-;32.94;7.47;29.00;13.53;62.64;62.64;42.07
May 21, 2018 7:00 AM;May 21, 2018 8:00 AM;-;11.34;35.78;35.78;7.51;28.90;35.78;-;-;35.78;9.30;29.38;20.17;65.62;65.62;64.57
May 21, 2018 8:00 AM;May 21, 2018 9:00 AM;-;13.81;35.13;35.13;11.04;34.00;35.13;-;-;35.13;12.89;28.96;20.04;79.36;79.36;63.49
May 21, 2018 9:00 AM;May 21, 2018 10:00 AM;-;17.27;36.16;36.16;14.05;35.00;36.16;-;-;36.16;10.58;18.00;14.16;79.36;79.36;61.98
May 21, 2018 10:00 AM;May 21, 2018 11:00 AM;-;10.82;38.05;38.05;6.78;39.31;38.05;-;-;38.05;7.83;15.59;1.34;75.00;75.00;60.95
May 21, 2018 11:00 AM;May 21, 2018 12:00 PM;-;9.76;38.09;38.09;5.57;39.35;38.09;-;-;38.09;7.36;15.90;-0.09;75.00;75.00;59.28
May 21, 2018 12:00 PM;May 21, 2018 1:00 PM;-;12.41;36.99;36.99;5.19;41.70;36.99;-;-;36.99;8.15;16.11;-3.98;63.25;63.25;56.49
May 21, 2018 1:00 PM;May 21, 2018 2:00 PM;-;30.00;35.79;35.79;2.34;56.00;35.79;-;-;35.79;3.89;18.11;-44.41;63.25;63.25;54.16
May 21, 2018 2:00 PM;May 21, 2018 3:00 PM;-;22.50;35.39;35.39;1.72;55.50;35.39;-;-;35.39;0.59;16.17;-42.11;65.88;65.88;55.07
May 21, 2018 3:00 PM;May 21, 2018 4:00 PM;-;19.69;35.03;35.03;4.47;37.40;35.03;-;-;35.03;0.59;18.11;-15.87;70.00;70.00;55.47
May 21, 2018 4:00 PM;May 21, 2018 5:00 PM;-;8.91;33.92;33.92;5.13;35.04;33.92;-;-;33.92;5.78;42.00;0.00;78.27;78.27;58.01
May 21, 2018 5:00 PM;May 21, 2018 6:00 PM;-;15.93;34.32;34.32;12.34;40.00;34.32;-;-;34.32;8.81;50.00;12.34;78.24;78.24;61.98
May 21, 2018 6:00 PM;May 21, 2018 7:00 PM;-;27.62;34.61;34.61;24.74;46.72;34.61;-;-;34.61;16.25;43.70;21.01;79.36;79.36;67.41
May 21, 2018 7:00 PM;May 21, 2018 8:00 PM;-;31.22;34.91;34.91;28.51;44.00;34.91;-;-;34.91;23.30;45.11;29.97;79.76;79.76;65.05
May 21, 2018 8:00 PM;May 21, 2018 9:00 PM;-;28.19;33.75;33.75;23.83;42.40;33.75;-;-;33.75;24.86;42.00;32.25;80.95;80.95;74.08
May 21, 2018 9:00 PM;May 21, 2018 10:00 PM;-;31.29;33.46;33.46;25.67;55.80;33.46;-;-;33.46;26.54;30.52;30.67;68.00;68.00;69.32
May 21, 2018 10:00 PM;May 21, 2018 11:00 PM;-;35.46;33.38;33.38;34.05;44.90;33.38;-;-;33.38;29.02;28.00;32.22;65.88;65.88;66.78
May 21, 2018 11:00 PM;May 22, 2018 12:00 AM;-;31.63;27.58;27.58;28.78;51.28;27.58;-;-;27.58;27.36;23.05;25.06;60.40;60.40;57.18
May 22, 2018 12:00 AM;May 22, 2018 1:00 AM;-;48.44;32.08;32.08;37.59;60.17;32.08;-;-;32.08;25.47;27.99;24.59;55.51;24.59;34.34
May 22, 2018 1:00 AM;May 22, 2018 2:00 AM;-;43.05;30.27;30.27;33.92;55.38;30.27;-;-;30.27;20.86;25.99;22.91;42.90;22.91;32.61
May 22, 2018 2:00 AM;May 22, 2018 3:00 AM;-;39.35;30.05;30.05;31.18;50.35;30.05;-;-;30.05;20.04;25.99;23.40;39.24;36.85;32.61
May 22, 2018 3:00 AM;May 22, 2018 4:00 AM;-;27.71;28.83;28.83;25.94;29.79;28.83;-;-;28.83;20.47;25.60;24.07;39.24;24.07;32.61
May 22, 2018 4:00 AM;May 22, 2018 5:00 AM;-;39.55;27.71;31.55;20.28;32.59;31.55;-;-;31.55;24.14;25.23;27.71;39.24;27.71;32.61
May 22, 2018 5:00 AM;May 22, 2018 6:00 AM;-;32.10;32.10;35.14;32.10;40.10;35.14;-;-;35.14;28.96;31.75;32.10;39.24;32.10;35.08
May 22, 2018 6:00 AM;May 22, 2018 7:00 AM;-;47.06;47.06;40.18;47.06;47.06;40.18;-;-;40.18;39.06;45.00;47.06;54.59;51.99;57.03
May 22, 2018 7:00 AM;May 22, 2018 8:00 AM;-;54.80;54.80;67.13;54.80;54.80;40.90;-;-;67.13;47.79;52.03;54.80;61.40;61.40;68.90
May 22, 2018 8:00 AM;May 22, 2018 9:00 AM;-;59.37;59.37;84.02;59.37;59.37;41.50;-;-;84.02;52.61;49.06;59.37;65.88;65.88;71.27
May 22, 2018 9:00 AM;May 22, 2018 10:00 AM;-;70.62;49.57;79.98;56.57;70.62;41.38;-;-;79.98;48.59;47.00;49.57;60.87;60.87;69.11
May 22, 2018 10:00 AM;May 22, 2018 11:00 AM;-;60.69;44.97;85.01;50.20;60.69;41.30;-;-;85.01;45.09;44.97;44.97;58.00;58.00;65.94
May 22, 2018 11:00 AM;May 22, 2018 12:00 PM;-;58.24;43.05;68.10;49.05;56.83;41.23;-;-;68.10;42.00;42.00;43.05;56.99;56.99;67.04
May 22, 2018 12:00 PM;May 22, 2018 1:00 PM;-;59.64;41.05;67.06;48.37;57.75;41.05;-;-;67.06;39.06;39.50;41.05;54.12;54.12;62.46
May 22, 2018 1:00 PM;May 22, 2018 2:00 PM;-;59.56;41.09;67.04;51.62;65.86;41.09;-;-;67.04;38.69;40.00;41.09;54.12;54.12;59.99
May 22, 2018 2:00 PM;May 22, 2018 3:00 PM;-;60.36;42.40;66.59;49.47;58.71;40.95;-;-;66.59;39.32;40.90;42.40;55.44;55.44;62.09
May 22, 2018 3:00 PM;May 22, 2018 4:00 PM;-;59.88;47.40;58.52;52.21;58.82;40.31;-;-;58.52;39.57;42.00;47.40;58.05;58.05;61.00
May 22, 2018 4:00 PM;May 22, 2018 5:00 PM;-;58.93;49.88;58.51;52.86;58.93;39.72;-;-;58.51;40.09;45.00;49.88;58.20;58.20;65.86
May 22, 2018 5:00 PM;May 22, 2018 6:00 PM;-;56.73;56.22;58.50;56.29;63.26;40.06;-;-;58.50;43.67;45.30;56.22;59.01;59.01;68.89
May 22, 2018 6:00 PM;May 22, 2018 7:00 PM;-;57.05;57.05;54.77;57.05;57.05;40.89;-;-;54.77;48.29;50.00;57.05;59.03;59.03;62.09
May 22, 2018 7:00 PM;May 22, 2018 8:00 PM;-;59.66;59.66;59.66;59.66;59.66;40.50;-;-;59.66;48.26;51.00;59.66;64.16;64.16;69.11
May 22, 2018 8:00 PM;May 22, 2018 9:00 PM;-;50.70;50.70;50.70;50.70;50.70;39.59;-;-;39.59;47.38;51.70;50.70;65.35;65.35;82.72
May 22, 2018 9:00 PM;May 22, 2018 10:00 PM;-;46.03;47.36;47.36;45.37;47.36;39.49;-;-;47.36;44.46;51.00;47.36;64.16;64.16;70.00
May 22, 2018 10:00 PM;May 22, 2018 11:00 PM;-;53.50;41.94;41.94;48.01;60.00;39.43;-;-;41.94;42.26;45.00;41.94;58.10;58.10;64.29
May 22, 2018 11:00 PM;May 23, 2018 12:00 AM;-;48.01;37.84;37.84;43.11;53.88;36.04;-;-;36.04;38.35;38.26;37.84;51.89;41.80;55.06
May 23, 2018 12:00 AM;May 23, 2018 1:00 AM;-;41.60;37.91;37.91;39.20;41.60;37.91;-;-;37.91;39.12;37.58;37.91;53.97;50.00;50.08
May 23, 2018 1:00 AM;May 23, 2018 2:00 AM;-;37.37;37.00;36.42;37.07;41.40;37.00;-;-;36.42;35.67;37.01;37.00;49.54;49.54;38.94
May 23, 2018 2:00 AM;May 23, 2018 3:00 AM;-;39.59;36.04;36.04;32.95;38.28;36.04;-;-;36.04;33.80;36.40;36.04;48.28;48.28;37.05
May 23, 2018 3:00 AM;May 23, 2018 4:00 AM;-;35.31;34.53;34.53;34.28;39.60;34.53;-;-;34.53;32.49;35.00;34.53;47.63;47.63;36.29
May 23, 2018 4:00 AM;May 23, 2018 5:00 AM;-;48.39;35.24;35.24;23.79;43.52;35.24;-;-;35.24;32.40;35.80;35.24;47.53;47.53;37.00
May 23, 2018 5:00 AM;May 23, 2018 6:00 AM;-;40.90;37.83;37.83;36.24;44.10;37.70;-;-;37.70;36.00;37.06;37.83;48.28;48.28;47.73
May 23, 2018 6:00 AM;May 23, 2018 7:00 AM;-;56.95;46.37;46.37;39.78;50.90;40.61;-;-;40.61;46.72;50.59;46.37;53.86;53.86;56.11
May 23, 2018 7:00 AM;May 23, 2018 8:00 AM;-;56.35;56.35;78.10;56.35;56.35;41.05;-;-;78.10;58.90;59.00;56.35;63.13;63.13;70.00
May 23, 2018 8:00 AM;May 23, 2018 9:00 AM;-;65.99;65.99;101.25;65.99;65.99;41.49;-;-;101.25;61.24;61.25;65.99;75.00;75.00;75.06
May 23, 2018 9:00 AM;May 23, 2018 10:00 AM;-;70.57;51.21;86.22;62.18;84.54;41.45;-;-;86.22;52.56;54.00;51.21;66.00;66.00;69.96
May 23, 2018 10:00 AM;May 23, 2018 11:00 AM;-;60.36;47.14;81.84;54.63;69.90;41.53;-;-;81.84;47.89;49.93;47.14;60.66;60.66;67.90
May 23, 2018 11:00 AM;May 23, 2018 12:00 PM;-;51.99;43.05;84.76;48.13;58.44;41.48;-;-;84.76;46.01;49.00;43.05;58.00;58.00;65.06
May 23, 2018 12:00 PM;May 23, 2018 1:00 PM;-;48.82;41.35;84.94;45.41;54.06;41.35;-;-;84.94;41.89;48.00;40.91;54.62;54.62;64.08
May 23, 2018 1:00 PM;May 23, 2018 2:00 PM;-;48.99;41.34;84.83;45.69;54.07;41.34;-;-;84.83;40.44;46.00;41.34;54.62;54.62;64.03
May 23, 2018 2:00 PM;May 23, 2018 3:00 PM;-;46.43;41.06;65.25;42.77;52.57;41.06;-;-;65.25;39.63;42.00;37.93;55.62;55.62;62.32
May 23, 2018 3:00 PM;May 23, 2018 4:00 PM;-;44.54;40.47;68.14;41.29;50.00;40.47;-;-;68.14;39.90;45.00;36.99;57.08;57.08;64.04
May 23, 2018 4:00 PM;May 23, 2018 5:00 PM;-;43.49;40.29;64.23;40.35;48.50;40.29;-;-;64.23;38.50;46.00;36.38;57.36;57.36;64.07
May 23, 2018 5:00 PM;May 23, 2018 6:00 PM;-;53.38;40.44;55.04;40.40;50.00;40.44;-;-;55.04;41.86;46.50;40.44;58.00;58.00;65.01
May 23, 2018 6:00 PM;May 23, 2018 7:00 PM;-;51.92;43.93;43.93;48.43;57.50;41.78;-;-;42.87;45.06;48.00;43.93;59.84;59.84;65.93
May 23, 2018 7:00 PM;May 23, 2018 8:00 PM;-;52.70;46.85;46.85;49.29;55.36;41.67;-;-;45.72;46.21;49.50;46.85;63.83;63.83;71.09
May 23, 2018 8:00 PM;May 23, 2018 9:00 PM;-;46.63;45.21;45.21;40.54;57.10;41.18;-;-;44.12;44.93;48.24;45.21;73.35;73.35;77.99
May 23, 2018 9:00 PM;May 23, 2018 10:00 PM;-;48.93;41.92;41.92;45.87;53.82;40.91;-;-;40.91;42.93;46.37;41.92;64.37;64.37;70.08
May 23, 2018 10:00 PM;May 23, 2018 11:00 PM;-;50.34;40.06;40.06;45.85;56.90;40.06;-;-;40.06;39.88;40.90;40.06;58.19;58.19;65.48
May 23, 2018 11:00 PM;May 24, 2018 12:00 AM;-;43.28;35.37;35.37;39.75;48.70;35.37;-;-;35.37;33.97;34.20;35.37;52.55;52.55;54.67
May 24, 2018 12:00 AM;May 24, 2018 1:00 AM;-;39.38;35.64;37.00;37.76;41.80;37.00;-;-;37.00;33.06;33.38;35.64;54.62;54.62;53.67
May 24, 2018 1:00 AM;May 24, 2018 2:00 AM;-;34.74;34.13;34.13;34.39;35.26;34.13;-;-;34.13;31.29;32.35;33.93;53.12;36.71;44.56
May 24, 2018 2:00 AM;May 24, 2018 3:00 AM;-;33.45;33.01;33.01;32.92;34.10;33.01;-;-;33.01;29.92;30.65;32.22;51.55;32.22;36.31
May 24, 2018 3:00 AM;May 24, 2018 4:00 AM;-;27.01;31.79;31.79;25.28;32.84;31.79;-;-;31.79;28.36;28.40;31.03;50.10;31.03;34.40
May 24, 2018 4:00 AM;May 24, 2018 5:00 AM;-;40.10;32.34;32.34;23.66;35.20;32.34;-;-;32.34;28.80;29.50;31.56;49.15;31.56;34.40
May 24, 2018 5:00 AM;May 24, 2018 6:00 AM;-;29.90;32.08;36.44;25.78;37.64;36.44;-;-;36.44;32.22;33.30;32.08;51.55;45.22;43.09
May 24, 2018 6:00 AM;May 24, 2018 7:00 AM;-;41.88;40.83;40.46;34.88;41.80;40.46;-;-;40.46;41.24;43.00;40.83;55.43;55.43;57.01
May 24, 2018 7:00 AM;May 24, 2018 8:00 AM;-;46.51;46.51;61.19;46.51;46.51;40.81;-;-;61.19;49.50;51.10;46.51;60.77;60.77;67.91
May 24, 2018 8:00 AM;May 24, 2018 9:00 AM;-;50.00;50.00;75.98;50.00;50.00;40.94;-;-;75.98;54.10;54.30;50.00;64.50;64.50;73.29
May 24, 2018 9:00 AM;May 24, 2018 10:00 AM;-;53.48;47.70;68.51;51.06;56.20;40.89;-;-;68.51;47.78;48.77;47.70;58.94;58.94;66.08
May 24, 2018 10:00 AM;May 24, 2018 11:00 AM;-;55.40;43.98;69.58;50.63;61.48;40.84;-;-;69.58;43.24;44.00;43.98;55.38;55.38;63.13
May 24, 2018 11:00 AM;May 24, 2018 12:00 PM;-;52.13;43.88;69.58;48.31;57.00;40.82;-;-;69.58;41.68;41.20;42.97;53.51;53.51;63.08
May 24, 2018 12:00 PM;May 24, 2018 1:00 PM;-;48.12;43.78;65.08;44.29;53.00;40.74;-;-;65.08;37.44;37.50;38.92;49.17;63.00;63.08
May 24, 2018 1:00 PM;May 24, 2018 2:00 PM;-;49.05;43.36;61.81;43.63;56.00;40.74;-;-;61.81;35.57;35.80;35.95;49.50;49.50;61.48
May 24, 2018 2:00 PM;May 24, 2018 3:00 PM;-;48.07;43.02;58.39;42.47;55.24;40.79;-;-;58.39;34.86;34.04;34.47;52.74;52.74;60.65
May 24, 2018 3:00 PM;May 24, 2018 4:00 PM;-;47.50;41.89;51.75;42.27;54.26;40.73;-;-;51.75;35.54;34.38;34.90;54.12;54.12;62.17
May 24, 2018 4:00 PM;May 24, 2018 5:00 PM;-;47.35;41.64;41.64;42.20;54.03;40.67;-;-;41.64;36.40;36.57;34.91;55.43;55.43;61.69
May 24, 2018 5:00 PM;May 24, 2018 6:00 PM;-;56.34;40.42;41.70;49.47;64.82;40.42;-;-;41.70;40.04;41.99;40.09;56.00;56.00;61.69
May 24, 2018 6:00 PM;May 24, 2018 7:00 PM;-;53.99;42.69;42.69;49.16;59.90;40.58;-;-;42.69;42.40;43.79;42.69;60.00;60.00;64.85
May 24, 2018 7:00 PM;May 24, 2018 8:00 PM;-;61.12;43.98;43.98;53.77;70.10;40.55;-;-;43.98;44.32;45.50;43.98;68.25;68.25;67.79
May 24, 2018 8:00 PM;May 24, 2018 9:00 PM;-;51.79;43.74;43.74;48.34;56.00;40.54;-;-;43.74;43.02;43.68;43.74;79.76;79.76;83.96
May 24, 2018 9:00 PM;May 24, 2018 10:00 PM;-;43.45;41.97;41.97;42.81;44.00;40.49;-;-;41.97;41.77;41.92;41.97;71.78;71.78;69.48
May 24, 2018 10:00 PM;May 24, 2018 11:00 PM;-;61.00;39.86;39.86;47.60;61.00;39.86;-;-;39.86;38.55;37.70;39.86;61.44;61.44;63.03
May 24, 2018 11:00 PM;May 25, 2018 12:00 AM;-;56.36;35.18;35.18;43.58;55.29;35.18;-;-;35.18;33.79;31.60;34.89;54.12;54.12;54.01
May 25, 2018 12:00 AM;May 25, 2018 1:00 AM;-;45.60;35.97;35.97;41.37;48.42;35.97;-;-;35.97;34.84;34.97;35.97;50.16;50.16;50.90
May 25, 2018 1:00 AM;May 25, 2018 2:00 AM;-;41.92;34.17;34.17;38.47;47.65;34.17;-;-;34.17;34.04;32.86;34.17;45.25;39.20;38.05
May 25, 2018 2:00 AM;May 25, 2018 3:00 AM;-;36.46;33.40;33.40;33.40;40.80;33.40;-;-;33.40;31.45;31.31;33.40;44.00;33.40;36.72
May 25, 2018 3:00 AM;May 25, 2018 4:00 AM;-;44.19;32.09;32.09;31.57;43.80;32.09;-;-;32.09;29.38;30.00;31.63;43.00;31.74;33.44
May 25, 2018 4:00 AM;May 25, 2018 5:00 AM;-;46.70;33.01;33.01;29.22;43.66;33.88;-;-;33.01;30.18;30.37;33.01;42.74;33.01;32.90
May 25, 2018 5:00 AM;May 25, 2018 6:00 AM;-;43.57;35.89;37.44;31.37;39.38;38.12;-;-;37.44;32.38;32.55;35.89;44.90;40.10;39.01
May 25, 2018 6:00 AM;May 25, 2018 7:00 AM;-;43.40;43.40;41.85;43.40;43.40;40.30;-;-;41.85;38.81;40.50;43.40;54.62;54.62;58.95
May 25, 2018 7:00 AM;May 25, 2018 8:00 AM;-;47.37;47.37;47.37;47.37;47.37;40.80;-;-;47.37;45.23;48.56;47.37;61.76;61.76;64.21
May 25, 2018 8:00 AM;May 25, 2018 9:00 AM;-;57.82;48.01;48.01;53.68;63.47;40.89;-;-;48.01;48.79;51.10;48.01;70.69;70.69;64.57
May 25, 2018 9:00 AM;May 25, 2018 10:00 AM;-;63.00;47.95;47.95;48.64;77.87;41.19;-;-;47.95;45.17;47.50;44.99;65.70;65.70;59.90
May 25, 2018 10:00 AM;May 25, 2018 11:00 AM;-;53.93;47.41;47.41;49.50;60.00;41.16;-;-;47.41;42.39;44.80;43.43;59.21;59.21;58.99
May 25, 2018 11:00 AM;May 25, 2018 12:00 PM;-;60.42;44.81;44.81;53.05;71.10;41.02;-;-;44.81;41.91;43.00;42.94;58.11;58.11;56.91
May 25, 2018 12:00 PM;May 25, 2018 1:00 PM;-;56.83;43.19;43.19;43.80;70.10;40.70;-;-;43.19;38.25;39.20;40.35;52.55;52.55;54.07
May 25, 2018 1:00 PM;May 25, 2018 2:00 PM;-;51.87;43.05;43.05;44.30;64.28;40.70;-;-;43.05;37.79;37.00;33.92;52.55;52.55;52.77
May 25, 2018 2:00 PM;May 25, 2018 3:00 PM;-;46.31;41.72;41.72;41.26;54.54;40.65;-;-;41.72;37.83;35.50;34.43;54.86;54.86;54.30
May 25, 2018 3:00 PM;May 25, 2018 4:00 PM;-;46.57;40.47;40.47;42.18;53.29;40.47;-;-;40.47;38.44;36.80;36.33;56.75;56.75;57.01
May 25, 2018 4:00 PM;May 25, 2018 5:00 PM;-;46.38;40.09;40.50;43.69;50.00;40.50;-;-;40.50;39.64;38.10;40.09;59.14;59.14;59.20
May 25, 2018 5:00 PM;May 25, 2018 6:00 PM;-;51.30;41.87;41.46;47.20;54.55;41.46;-;-;41.46;42.53;42.50;41.87;59.21;59.21;61.60
May 25, 2018 6:00 PM;May 25, 2018 7:00 PM;-;58.86;42.17;42.17;42.95;58.00;41.96;-;-;42.17;44.95;45.50;44.06;61.01;61.01;64.05
May 25, 2018 7:00 PM;May 25, 2018 8:00 PM;-;54.46;41.86;41.86;51.22;57.00;41.73;-;-;41.86;45.40;46.90;47.02;72.97;50.20;68.21
May 25, 2018 8:00 PM;May 25, 2018 9:00 PM;-;56.76;40.94;40.94;37.67;51.71;40.94;-;-;40.94;45.49;47.00;46.02;68.78;66.00;79.83
May 25, 2018 9:00 PM;May 25, 2018 10:00 PM;-;54.09;40.82;40.82;38.23;49.91;40.82;-;-;40.82;43.49;44.20;45.18;66.34;50.20;67.97
May 25, 2018 10:00 PM;May 25, 2018 11:00 PM;-;44.63;40.31;40.31;44.63;44.63;40.31;-;-;40.31;42.75;42.50;44.63;58.96;58.96;60.37
May 25, 2018 11:00 PM;May 26, 2018 12:00 AM;-;54.96;38.91;38.91;48.50;59.84;38.91;-;-;38.91;41.75;39.57;40.59;55.86;40.59;45.01
May 26, 2018 12:00 AM;May 26, 2018 1:00 AM;-;41.46;40.14;40.14;41.46;41.46;40.14;-;-;40.14;40.03;39.96;41.46;45.89;41.46;39.96
May 26, 2018 1:00 AM;May 26, 2018 2:00 AM;-;48.51;38.66;38.66;31.51;43.38;38.66;-;-;38.66;35.47;35.48;38.66;39.40;38.66;35.48
May 26, 2018 2:00 AM;May 26, 2018 3:00 AM;-;42.80;36.00;36.00;31.04;39.25;36.00;-;-;36.00;34.01;34.50;36.00;36.00;36.00;34.50
May 26, 2018 3:00 AM;May 26, 2018 4:00 AM;-;45.62;34.97;34.97;27.29;40.07;34.97;-;-;34.97;33.53;33.00;34.97;34.97;34.97;33.00
May 26, 2018 4:00 AM;May 26, 2018 5:00 AM;-;44.15;34.27;34.27;27.18;39.00;34.27;-;-;34.27;33.57;33.40;34.27;34.27;34.27;33.40
May 26, 2018 5:00 AM;May 26, 2018 6:00 AM;-;34.42;33.81;33.81;26.36;34.93;33.81;-;-;33.81;33.81;33.36;33.81;33.81;33.81;33.36
May 26, 2018 6:00 AM;May 26, 2018 7:00 AM;-;36.88;37.33;37.33;25.35;38.56;37.33;-;-;37.33;35.19;35.93;37.33;37.33;37.33;35.93
May 26, 2018 7:00 AM;May 26, 2018 8:00 AM;-;53.21;39.62;39.62;29.93;46.32;39.62;-;-;39.62;38.01;40.02;39.62;43.28;39.62;40.53
May 26, 2018 8:00 AM;May 26, 2018 9:00 AM;-;55.61;42.62;41.63;33.26;49.03;41.63;-;-;41.63;38.71;41.50;42.62;48.09;48.09;44.20
May 26, 2018 9:00 AM;May 26, 2018 10:00 AM;-;50.20;40.47;41.47;33.44;45.27;41.47;-;-;41.47;37.57;39.53;40.47;54.21;54.21;53.54
May 26, 2018 10:00 AM;May 26, 2018 11:00 AM;-;37.12;40.61;40.61;32.74;41.95;40.61;-;-;40.61;33.06;34.22;34.58;55.01;55.01;53.99
May 26, 2018 11:00 AM;May 26, 2018 12:00 PM;-;33.02;40.04;40.04;33.02;41.36;40.04;-;-;40.04;31.97;33.02;33.02;51.95;51.95;53.74
May 26, 2018 12:00 PM;May 26, 2018 1:00 PM;-;36.56;39.07;39.07;33.93;40.36;39.07;-;-;39.07;30.45;30.50;30.87;45.27;45.27;49.04
May 26, 2018 1:00 PM;May 26, 2018 2:00 PM;-;31.93;37.98;37.98;30.59;39.23;37.98;-;-;37.98;30.20;30.50;29.03;39.15;39.15;44.05
May 26, 2018 2:00 PM;May 26, 2018 3:00 PM;-;29.94;37.10;37.10;29.94;35.91;37.10;-;-;37.10;28.00;28.00;29.94;40.52;40.52;40.09
May 26, 2018 3:00 PM;May 26, 2018 4:00 PM;-;29.06;36.80;36.80;29.06;38.01;36.80;-;-;36.80;28.56;28.50;29.06;43.92;43.92;42.02
May 26, 2018 4:00 PM;May 26, 2018 5:00 PM;-;30.41;36.94;36.94;30.41;38.16;36.94;-;-;36.94;30.04;30.50;30.41;49.13;30.41;40.11
May 26, 2018 5:00 PM;May 26, 2018 6:00 PM;-;39.28;35.08;39.08;32.03;40.37;39.08;-;-;39.08;34.48;35.82;35.08;45.27;45.27;43.14
May 26, 2018 6:00 PM;May 26, 2018 7:00 PM;-;51.65;44.06;41.72;38.55;47.77;41.72;-;-;41.72;39.09;40.56;44.06;44.06;44.06;45.88
May 26, 2018 7:00 PM;May 26, 2018 8:00 PM;-;45.42;43.94;43.94;44.53;49.90;42.29;-;-;42.29;41.04;43.53;43.94;44.53;43.94;54.04
May 26, 2018 8:00 PM;May 26, 2018 9:00 PM;-;50.00;44.55;44.55;40.37;47.32;42.22;-;-;42.22;42.50;44.07;44.55;46.10;46.10;59.92
May 26, 2018 9:00 PM;May 26, 2018 10:00 PM;-;43.80;43.02;43.02;40.68;44.68;41.99;-;-;41.99;40.22;43.16;43.02;49.15;49.15;59.41
May 26, 2018 10:00 PM;May 26, 2018 11:00 PM;-;47.87;41.82;41.82;45.48;59.53;41.82;-;-;41.82;42.10;41.07;43.92;45.48;43.92;42.06
May 26, 2018 11:00 PM;May 27, 2018 12:00 AM;-;42.40;39.12;39.12;40.41;50.00;39.12;-;-;39.12;38.94;35.83;39.12;40.41;39.12;35.83
May 27, 2018 12:00 AM;May 27, 2018 1:00 AM;-;42.10;38.82;38.82;39.94;42.10;38.82;-;-;38.82;36.25;33.38;38.82;39.94;38.82;33.38
May 27, 2018 1:00 AM;May 27, 2018 2:00 AM;-;34.15;34.15;36.30;34.15;34.15;36.30;-;-;36.30;33.90;30.00;34.15;34.15;34.15;30.68
May 27, 2018 2:00 AM;May 27, 2018 3:00 AM;-;31.66;34.02;34.02;31.66;31.66;34.02;-;-;34.02;30.22;27.73;31.66;31.66;31.66;28.52
May 27, 2018 3:00 AM;May 27, 2018 4:00 AM;-;31.06;33.06;33.06;31.06;31.06;33.06;-;-;33.06;27.05;26.95;31.06;31.06;31.06;26.95
May 27, 2018 4:00 AM;May 27, 2018 5:00 AM;-;27.81;32.60;32.60;27.81;37.26;32.60;-;-;32.60;25.37;26.00;31.96;34.20;31.96;26.00
May 27, 2018 5:00 AM;May 27, 2018 6:00 AM;-;27.54;32.01;32.01;27.54;27.54;32.01;-;-;32.01;22.05;22.91;27.54;43.90;27.54;22.91
May 27, 2018 6:00 AM;May 27, 2018 7:00 AM;-;25.04;34.42;34.42;25.04;26.43;34.42;-;-;34.42;21.82;24.13;25.65;39.13;25.65;24.13
May 27, 2018 7:00 AM;May 27, 2018 8:00 AM;-;23.57;36.52;36.52;23.57;30.19;36.52;-;-;36.52;24.91;25.75;26.45;39.13;26.45;25.75
May 27, 2018 8:00 AM;May 27, 2018 9:00 AM;-;27.09;37.67;37.67;27.09;31.29;37.67;-;-;37.67;24.99;28.24;27.09;36.71;27.09;28.24
May 27, 2018 9:00 AM;May 27, 2018 10:00 AM;-;29.01;38.86;38.86;29.01;37.72;38.86;-;-;38.86;24.96;27.61;29.01;38.00;29.01;30.68
May 27, 2018 10:00 AM;May 27, 2018 11:00 AM;-;26.22;39.25;39.25;26.22;35.00;39.25;-;-;39.25;22.37;26.05;26.22;40.33;26.22;31.56
May 27, 2018 11:00 AM;May 27, 2018 12:00 PM;-;26.37;38.98;38.98;26.37;32.40;38.98;-;-;38.98;25.06;26.70;26.37;37.51;26.37;32.62
May 27, 2018 12:00 PM;May 27, 2018 1:00 PM;-;32.14;38.56;38.56;30.50;33.96;38.56;-;-;38.56;25.23;25.90;28.70;34.50;28.70;35.89
May 27, 2018 1:00 PM;May 27, 2018 2:00 PM;-;26.24;37.94;37.94;26.24;30.00;37.94;-;-;37.94;23.21;23.70;26.24;26.24;26.24;32.62
May 27, 2018 2:00 PM;May 27, 2018 3:00 PM;-;23.79;37.24;37.24;23.79;34.90;37.24;-;-;37.24;22.97;23.50;23.79;24.52;23.79;28.52
May 27, 2018 3:00 PM;May 27, 2018 4:00 PM;-;26.21;37.63;37.63;26.21;37.10;37.63;-;-;37.63;23.63;25.10;26.21;37.22;26.21;32.62
May 27, 2018 4:00 PM;May 27, 2018 5:00 PM;-;27.56;37.23;37.87;27.56;32.40;37.87;-;-;37.87;23.88;26.50;27.56;43.92;27.56;36.48
May 27, 2018 5:00 PM;May 27, 2018 6:00 PM;-;32.00;32.00;38.91;32.00;40.00;38.91;-;-;38.91;28.57;30.00;32.00;48.90;32.00;43.10
May 27, 2018 6:00 PM;May 27, 2018 7:00 PM;-;44.97;44.97;41.34;44.97;70.00;41.34;-;-;41.34;33.17;37.90;44.97;54.12;44.97;48.82
May 27, 2018 7:00 PM;May 27, 2018 8:00 PM;-;46.43;46.22;46.22;46.07;54.90;42.30;-;-;42.30;35.99;41.00;46.22;61.75;46.22;55.35
May 27, 2018 8:00 PM;May 27, 2018 9:00 PM;-;54.20;42.11;42.11;46.07;64.90;42.11;-;-;42.11;36.55;41.91;46.80;68.00;68.00;77.42
May 27, 2018 9:00 PM;May 27, 2018 10:00 PM;-;70.00;41.98;41.98;44.52;65.91;41.98;-;-;41.98;35.60;43.52;46.93;68.39;65.00;77.77
May 27, 2018 10:00 PM;May 27, 2018 11:00 PM;-;70.00;41.27;41.27;59.20;75.04;41.27;-;-;41.27;36.53;41.41;46.14;66.77;54.00;65.06
May 27, 2018 11:00 PM;May 28, 2018 12:00 AM;-;66.88;37.69;37.69;53.69;73.00;37.69;-;-;37.69;33.02;34.18;37.69;55.00;37.69;34.35
May 28, 2018 12:00 AM;May 28, 2018 1:00 AM;-;52.40;32.06;37.09;38.95;52.40;37.09;-;-;37.09;35.96;35.60;32.06;38.95;32.06;35.60
May 28, 2018 1:00 AM;May 28, 2018 2:00 AM;-;41.50;29.36;33.66;29.36;41.50;33.66;-;-;33.66;35.00;32.62;29.36;29.36;29.36;32.62
May 28, 2018 2:00 AM;May 28, 2018 3:00 AM;-;37.25;27.62;28.86;33.00;40.52;28.86;-;-;28.86;33.84;31.10;27.60;33.00;27.60;31.10
May 28, 2018 3:00 AM;May 28, 2018 4:00 AM;-;46.61;27.56;28.24;25.11;44.30;28.24;-;-;28.24;32.95;30.40;27.56;27.56;27.56;30.40
May 28, 2018 4:00 AM;May 28, 2018 5:00 AM;-;48.76;28.51;29.21;22.87;44.20;31.84;-;-;29.21;33.14;30.90;28.51;28.51;28.51;30.90
May 28, 2018 5:00 AM;May 28, 2018 6:00 AM;-;44.80;32.86;37.45;24.55;38.73;37.45;-;-;37.45;35.18;34.35;32.86;32.86;32.86;34.35
May 28, 2018 6:00 AM;May 28, 2018 7:00 AM;-;68.10;47.63;43.04;33.49;57.42;40.24;-;-;43.04;46.59;46.10;47.63;49.51;47.63;46.10
May 28, 2018 7:00 AM;May 28, 2018 8:00 AM;-;84.90;50.50;50.50;62.77;84.90;42.24;-;-;49.29;54.82;54.30;50.50;63.12;50.50;54.30
May 28, 2018 8:00 AM;May 28, 2018 9:00 AM;-;59.90;51.27;51.27;54.49;59.90;42.44;-;-;51.27;56.97;57.70;51.27;66.61;51.27;57.70
May 28, 2018 9:00 AM;May 28, 2018 10:00 AM;-;79.48;50.91;50.91;62.62;77.56;42.46;-;-;50.91;52.24;53.00;50.91;63.90;50.91;53.00
May 28, 2018 10:00 AM;May 28, 2018 11:00 AM;-;75.47;49.93;49.93;58.74;75.47;42.48;-;-;49.93;50.87;50.18;49.93;60.15;49.93;50.18
May 28, 2018 11:00 AM;May 28, 2018 12:00 PM;-;81.42;48.30;48.30;59.50;80.77;42.33;-;-;48.30;49.69;49.50;48.30;59.50;50.50;49.50
May 28, 2018 12:00 PM;May 28, 2018 1:00 PM;-;74.24;46.23;46.23;57.00;72.88;42.31;-;-;46.23;47.10;47.82;45.95;57.00;52.20;47.82
May 28, 2018 1:00 PM;May 28, 2018 2:00 PM;-;69.97;47.01;47.01;55.84;68.56;42.42;-;-;47.01;47.27;46.10;47.01;55.84;47.01;46.60
May 28, 2018 2:00 PM;May 28, 2018 3:00 PM;-;69.44;47.54;47.54;55.87;69.00;42.54;-;-;47.54;46.44;45.84;47.35;60.15;47.35;45.84
May 28, 2018 3:00 PM;May 28, 2018 4:00 PM;-;66.08;48.81;48.81;55.01;65.99;42.49;-;-;48.81;47.91;47.21;48.81;60.81;48.81;47.21
May 28, 2018 4:00 PM;May 28, 2018 5:00 PM;-;68.39;49.95;49.95;56.66;68.39;42.46;-;-;49.95;49.09;49.03;49.95;63.37;49.95;49.03
May 28, 2018 5:00 PM;May 28, 2018 6:00 PM;-;74.90;52.01;52.01;52.01;74.90;42.26;-;-;52.01;51.20;52.50;52.01;63.37;52.01;52.50
May 28, 2018 6:00 PM;May 28, 2018 7:00 PM;-;77.66;51.46;51.46;61.55;77.66;41.97;-;-;51.46;54.35;55.93;51.46;66.61;51.46;55.93
May 28, 2018 7:00 PM;May 28, 2018 8:00 PM;-;74.00;53.34;53.34;64.21;80.63;41.93;-;-;53.34;57.46;58.20;53.34;71.77;53.34;58.20
May 28, 2018 8:00 PM;May 28, 2018 9:00 PM;-;73.35;49.98;49.98;49.08;71.30;42.30;-;-;48.78;52.62;55.70;49.98;68.49;49.98;55.70
May 28, 2018 9:00 PM;May 28, 2018 10:00 PM;-;65.98;47.07;47.07;49.08;66.30;42.34;-;-;45.35;49.09;51.55;47.07;68.47;47.07;51.55
May 28, 2018 10:00 PM;May 28, 2018 11:00 PM;-;68.18;44.22;42.96;52.81;68.18;42.13;-;-;42.96;45.14;46.30;44.22;63.37;44.22;46.30
May 28, 2018 11:00 PM;May 29, 2018 12:00 AM;-;52.59;37.51;38.76;42.73;52.59;38.76;-;-;38.76;41.08;40.70;37.51;55.01;37.51;40.70
May 29, 2018 12:00 AM;May 29, 2018 1:00 AM;-;41.60;35.29;36.16;36.25;41.60;39.06;-;-;36.16;35.06;36.60;35.29;59.39;35.29;36.60
May 29, 2018 1:00 AM;May 29, 2018 2:00 AM;-;41.20;33.90;34.08;33.90;41.20;36.98;-;-;34.08;33.18;34.31;33.90;55.16;33.90;34.31
May 29, 2018 2:00 AM;May 29, 2018 3:00 AM;-;43.82;35.53;35.53;29.49;39.06;35.53;-;-;35.53;31.21;32.00;34.99;53.99;34.99;32.00
May 29, 2018 3:00 AM;May 29, 2018 4:00 AM;-;42.24;35.22;35.22;29.47;38.00;35.22;-;-;35.22;29.32;31.25;34.37;52.81;34.37;31.25
May 29, 2018 4:00 AM;May 29, 2018 5:00 AM;-;52.30;33.29;33.29;21.07;41.90;35.27;-;-;33.29;29.75;32.10;33.06;50.19;33.06;32.10
May 29, 2018 5:00 AM;May 29, 2018 6:00 AM;-;42.96;38.55;38.55;33.43;39.92;38.55;-;-;38.55;32.19;35.01;37.09;54.01;37.09;35.01
May 29, 2018 6:00 AM;May 29, 2018 7:00 AM;-;47.41;42.46;42.89;39.37;44.90;40.91;-;-;42.89;43.36;48.99;42.46;60.99;42.46;48.99
May 29, 2018 7:00 AM;May 29, 2018 8:00 AM;-;52.69;52.69;52.26;52.69;52.69;43.93;-;-;52.26;51.87;54.00;52.69;65.91;52.69;54.45
May 29, 2018 8:00 AM;May 29, 2018 9:00 AM;-;58.15;59.58;59.58;58.15;58.15;44.91;-;-;59.58;55.04;55.50;58.15;80.00;58.15;55.50
May 29, 2018 9:00 AM;May 29, 2018 10:00 AM;-;71.91;53.10;53.10;63.31;77.53;44.16;-;-;53.10;50.06;51.44;51.83;66.61;60.10;52.84
May 29, 2018 10:00 AM;May 29, 2018 11:00 AM;-;80.72;53.56;53.56;61.45;80.72;44.07;-;-;53.56;48.85;50.00;49.05;64.50;64.50;55.08
May 29, 2018 11:00 AM;May 29, 2018 12:00 PM;-;74.29;46.99;46.99;57.03;73.97;43.86;-;-;46.99;46.89;48.30;45.72;59.14;59.14;55.93
May 29, 2018 12:00 PM;May 29, 2018 1:00 PM;-;66.45;44.58;44.58;49.94;66.45;43.85;-;-;44.58;44.36;45.00;38.95;55.01;55.01;56.25
May 29, 2018 1:00 PM;May 29, 2018 2:00 PM;-;65.80;43.96;43.96;49.49;65.80;43.89;-;-;43.96;41.30;43.01;37.54;55.27;55.27;56.28
May 29, 2018 2:00 PM;May 29, 2018 3:00 PM;-;59.37;43.20;43.20;46.85;58.86;43.20;-;-;43.20;41.39;42.01;38.14;58.17;58.17;57.82
May 29, 2018 3:00 PM;May 29, 2018 4:00 PM;-;55.67;42.67;42.67;46.89;55.16;42.67;-;-;42.67;41.70;43.68;40.49;60.10;60.10;59.14
May 29, 2018 4:00 PM;May 29, 2018 5:00 PM;-;58.85;41.30;42.32;48.73;58.85;42.32;-;-;42.32;43.12;45.50;41.30;65.21;65.21;61.02
May 29, 2018 5:00 PM;May 29, 2018 6:00 PM;-;65.55;44.66;43.64;53.59;66.45;43.19;-;-;43.64;47.21;49.00;44.66;63.26;63.26;62.21
May 29, 2018 6:00 PM;May 29, 2018 7:00 PM;-;60.23;45.13;45.13;55.41;69.88;42.78;-;-;45.13;49.08;50.87;49.07;66.11;49.07;54.46
May 29, 2018 7:00 PM;May 29, 2018 8:00 PM;-;59.99;46.10;46.10;55.67;68.00;42.53;-;-;46.10;50.16;51.96;50.01;70.77;50.01;61.28
May 29, 2018 8:00 PM;May 29, 2018 9:00 PM;-;61.19;44.00;44.00;56.44;68.56;42.57;-;-;44.00;49.42;51.00;50.35;70.55;50.35;67.69
May 29, 2018 9:00 PM;May 29, 2018 10:00 PM;-;53.68;43.35;43.35;51.17;57.59;42.51;-;-;43.35;46.78;48.60;47.92;67.13;47.92;61.00
May 29, 2018 10:00 PM;May 29, 2018 11:00 PM;-;66.45;42.55;42.55;53.72;66.45;42.05;-;-;42.55;43.21;44.13;44.65;63.26;44.65;52.00
May 29, 2018 11:00 PM;May 30, 2018 12:00 AM;-;52.30;38.17;38.17;43.70;52.30;38.66;-;-;38.17;37.64;38.30;38.17;55.01;38.17;38.85
May 30, 2018 12:00 AM;May 30, 2018 1:00 AM;-;44.00;37.88;38.13;37.88;44.00;39.50;-;-;38.13;36.45;37.05;37.88;54.54;37.88;37.05
May 30, 2018 1:00 AM;May 30, 2018 2:00 AM;-;42.14;36.22;36.22;30.52;40.68;36.43;-;-;36.22;34.45;35.46;36.22;47.04;36.22;35.46
May 30, 2018 2:00 AM;May 30, 2018 3:00 AM;-;41.10;35.00;35.00;30.41;40.20;35.00;-;-;35.00;33.29;33.65;35.00;42.11;35.00;33.65
May 30, 2018 3:00 AM;May 30, 2018 4:00 AM;-;45.00;33.40;33.40;25.40;40.00;33.40;-;-;33.40;33.45;33.50;33.40;40.00;33.40;33.50
May 30, 2018 4:00 AM;May 30, 2018 5:00 AM;-;35.73;33.97;33.97;25.02;41.04;36.21;-;-;33.97;33.09;33.57;33.97;38.98;33.97;33.57
May 30, 2018 5:00 AM;May 30, 2018 6:00 AM;-;53.00;37.81;39.06;25.67;46.93;39.06;-;-;39.06;36.99;36.79;37.81;43.60;37.81;36.79
May 30, 2018 6:00 AM;May 30, 2018 7:00 AM;-;65.00;43.96;44.26;30.06;54.56;41.53;-;-;44.26;43.32;48.35;43.96;55.04;43.96;48.35
May 30, 2018 7:00 AM;May 30, 2018 8:00 AM;-;80.00;53.00;52.70;51.70;65.57;42.55;-;-;51.94;53.05;56.95;53.00;62.14;53.00;60.02
May 30, 2018 8:00 AM;May 30, 2018 9:00 AM;-;65.00;56.89;56.89;56.00;59.66;42.65;-;-;56.89;58.78;62.00;56.89;75.00;56.89;64.04
May 30, 2018 9:00 AM;May 30, 2018 10:00 AM;-;74.25;53.15;53.15;51.37;80.00;42.61;-;-;53.15;53.19;56.30;53.15;67.45;67.45;64.81
May 30, 2018 10:00 AM;May 30, 2018 11:00 AM;-;73.84;49.91;49.91;59.88;74.90;42.60;-;-;49.91;51.02;54.22;49.91;60.18;60.18;64.03
May 30, 2018 11:00 AM;May 30, 2018 12:00 PM;-;72.52;47.97;47.97;58.21;73.60;42.60;-;-;47.97;49.50;52.43;47.97;58.21;58.21;64.08
May 30, 2018 12:00 PM;May 30, 2018 1:00 PM;-;73.36;43.94;44.90;56.22;74.90;42.55;-;-;44.90;47.03;49.00;43.94;56.22;56.22;62.06
May 30, 2018 1:00 PM;May 30, 2018 2:00 PM;-;68.96;43.93;44.91;56.53;79.90;42.39;-;-;44.91;45.93;48.50;43.93;56.53;56.53;63.52
May 30, 2018 2:00 PM;May 30, 2018 3:00 PM;-;69.70;44.74;44.74;55.19;71.00;42.51;-;-;44.74;46.10;48.23;44.74;57.24;57.24;63.96
May 30, 2018 3:00 PM;May 30, 2018 4:00 PM;-;69.29;44.98;44.98;55.20;70.40;42.47;-;-;44.98;48.06;49.10;44.98;60.81;60.81;67.91
May 30, 2018 4:00 PM;May 30, 2018 5:00 PM;-;70.21;45.56;45.56;56.55;71.12;42.40;-;-;45.56;48.85;50.90;46.68;63.61;63.61;68.64
May 30, 2018 5:00 PM;May 30, 2018 6:00 PM;-;85.28;48.73;48.73;63.37;87.16;42.28;-;-;48.73;51.22;54.00;49.93;63.37;63.37;68.98
May 30, 2018 6:00 PM;May 30, 2018 7:00 PM;-;84.01;55.83;55.83;65.15;85.10;42.14;-;-;55.83;54.26;56.00;55.83;66.66;55.83;62.74
May 30, 2018 7:00 PM;May 30, 2018 8:00 PM;-;81.00;59.25;59.25;61.93;81.59;42.39;-;-;58.21;56.45;58.35;59.25;70.84;59.25;60.06
May 30, 2018 8:00 PM;May 30, 2018 9:00 PM;-;81.22;58.91;58.91;47.57;73.49;42.42;-;-;52.92;55.02;59.60;58.91;70.84;58.91;67.16
May 30, 2018 9:00 PM;May 30, 2018 10:00 PM;-;78.70;50.06;50.06;42.06;69.00;42.44;-;-;49.48;52.51;56.00;55.32;68.47;55.32;62.74
May 30, 2018 10:00 PM;May 30, 2018 11:00 PM;-;72.62;45.08;45.08;57.14;73.49;42.45;-;-;45.08;50.77;53.50;51.25;61.78;61.78;56.90
May 30, 2018 11:00 PM;May 31, 2018 12:00 AM;-;59.80;42.43;42.43;51.72;59.80;42.43;-;-;42.43;45.34;47.00;46.30;55.01;48.00;51.03
May 31, 2018 12:00 AM;May 31, 2018 1:00 AM;-;53.70;42.88;42.02;42.88;53.70;42.02;-;-;42.02;43.20;41.38;42.88;56.58;42.88;41.38
May 31, 2018 1:00 AM;May 31, 2018 2:00 AM;-;45.20;38.71;39.66;38.71;45.20;39.87;-;-;39.66;38.83;39.00;38.71;47.44;38.71;39.00
May 31, 2018 2:00 AM;May 31, 2018 3:00 AM;-;41.47;38.65;38.65;36.91;39.93;38.65;-;-;38.65;36.87;38.51;38.65;42.75;38.65;38.51
May 31, 2018 3:00 AM;May 31, 2018 4:00 AM;-;57.19;38.15;38.15;26.36;46.76;38.15;-;-;38.15;36.52;37.63;38.15;40.72;38.15;37.63
May 31, 2018 4:00 AM;May 31, 2018 5:00 AM;-;53.70;37.91;37.91;21.26;45.92;37.91;-;-;37.91;35.52;37.10;37.91;41.19;37.91;37.10
May 31, 2018 5:00 AM;May 31, 2018 6:00 AM;-;56.06;38.37;39.31;27.42;46.94;39.57;-;-;39.31;36.00;36.80;38.37;40.86;38.37;36.80
May 31, 2018 6:00 AM;May 31, 2018 7:00 AM;-;53.70;41.12;42.64;33.36;47.22;42.40;-;-;42.64;37.66;41.30;41.12;63.26;41.12;41.30
May 31, 2018 7:00 AM;May 31, 2018 8:00 AM;-;74.38;49.98;48.78;36.27;63.26;44.20;-;-;48.78;44.21;45.70;49.98;77.74;49.98;47.94
May 31, 2018 8:00 AM;May 31, 2018 9:00 AM;-;64.10;49.27;49.27;50.20;61.30;44.44;-;-;49.27;46.07;48.01;49.27;81.20;49.27;51.88
May 31, 2018 9:00 AM;May 31, 2018 10:00 AM;-;82.77;44.18;45.81;59.91;81.81;44.18;-;-;45.81;42.09;43.40;44.18;79.53;79.53;66.13
May 31, 2018 10:00 AM;May 31, 2018 11:00 AM;-;87.11;44.05;45.66;57.51;86.50;44.05;-;-;45.66;40.33;41.30;37.80;71.13;71.13;62.92
May 31, 2018 11:00 AM;May 31, 2018 12:00 PM;-;86.50;43.07;45.45;57.12;85.26;43.07;-;-;45.45;40.06;40.53;36.91;66.06;66.06;60.96
May 31, 2018 12:00 PM;May 31, 2018 1:00 PM;-;84.00;42.74;44.76;53.89;83.46;42.74;-;-;44.76;38.48;38.90;33.67;58.41;58.41;59.08
May 31, 2018 1:00 PM;May 31, 2018 2:00 PM;-;79.00;42.86;44.82;51.66;81.25;42.86;-;-;44.82;37.08;37.90;35.88;58.30;58.30;58.98
May 31, 2018 2:00 PM;May 31, 2018 3:00 PM;-;74.25;42.86;44.83;52.85;75.00;42.86;-;-;44.83;36.50;37.40;38.05;63.26;63.26;57.88
May 31, 2018 3:00 PM;May 31, 2018 4:00 PM;-;65.00;42.84;44.12;49.71;65.53;42.84;-;-;44.12;36.55;37.51;39.14;65.08;65.08;59.71
May 31, 2018 4:00 PM;May 31, 2018 5:00 PM;-;74.25;42.96;43.77;52.83;75.00;42.96;-;-;43.77;38.16;38.90;38.06;66.32;56.10;60.87
May 31, 2018 5:00 PM;May 31, 2018 6:00 PM;-;65.00;44.15;44.48;55.84;80.10;43.51;-;-;44.48;41.01;43.50;44.15;66.15;50.40;60.73
May 31, 2018 6:00 PM;May 31, 2018 7:00 PM;-;71.24;48.49;48.16;58.49;85.10;44.06;-;-;47.33;46.90;48.00;48.49;72.61;48.49;56.01
May 31, 2018 7:00 PM;May 31, 2018 8:00 PM;-;79.09;50.82;50.82;50.04;82.51;44.06;-;-;49.60;48.92;49.50;50.82;80.00;50.82;58.04
May 31, 2018 8:00 PM;May 31, 2018 9:00 PM;-;81.88;49.94;49.94;43.43;79.90;44.02;-;-;48.74;49.22;52.00;49.94;81.20;56.10;62.69
May 31, 2018 9:00 PM;May 31, 2018 10:00 PM;-;67.87;48.99;48.99;44.46;66.00;43.66;-;-;45.76;47.04;50.00;48.99;80.00;50.40;58.91
May 31, 2018 10:00 PM;May 31, 2018 11:00 PM;-;56.46;44.12;44.12;53.52;61.30;43.84;-;-;44.12;47.06;47.50;49.77;71.13;50.40;58.08
May 31, 2018 11:00 PM;Jun 1, 2018 12:00 AM;-;55.75;41.28;41.28;48.28;56.00;41.28;-;-;41.28;42.30;42.70;43.05;58.08;43.05;43.05
Jun 1, 2018 12:00 AM;Jun 1, 2018 1:00 AM;-;43.78;41.41;41.33;42.94;43.80;41.41;-;-;41.33;41.42;41.20;42.34;50.77;42.34;41.20
Jun 1, 2018 1:00 AM;Jun 1, 2018 2:00 AM;-;46.75;38.89;38.89;43.23;50.10;38.89;-;-;38.89;37.71;38.43;38.89;47.58;38.89;38.43
Jun 1, 2018 2:00 AM;Jun 1, 2018 3:00 AM;-;49.39;38.82;38.82;31.80;43.84;38.82;-;-;38.82;36.54;37.30;38.82;39.11;38.82;37.30
Jun 1, 2018 3:00 AM;Jun 1, 2018 4:00 AM;-;59.92;38.45;38.45;24.24;48.65;38.45;-;-;38.45;36.62;36.65;38.45;38.45;38.45;36.65
Jun 1, 2018 4:00 AM;Jun 1, 2018 5:00 AM;-;64.00;38.62;38.01;21.29;51.11;38.62;-;-;38.01;36.71;36.85;38.62;38.62;38.62;36.85
Jun 1, 2018 5:00 AM;Jun 1, 2018 6:00 AM;-;54.60;40.19;41.18;30.55;47.19;41.18;-;-;41.18;38.59;39.13;40.19;40.19;40.19;39.13
Jun 1, 2018 6:00 AM;Jun 1, 2018 7:00 AM;-;64.05;49.00;48.62;39.01;56.34;43.42;-;-;47.82;44.12;46.90;49.00;57.00;49.00;46.90
Jun 1, 2018 7:00 AM;Jun 1, 2018 8:00 AM;-;63.58;63.57;63.57;63.56;63.57;43.71;-;-;62.04;49.81;55.31;63.57;67.14;63.57;55.31
Jun 1, 2018 8:00 AM;Jun 1, 2018 9:00 AM;-;65.96;68.15;68.15;61.09;64.47;44.18;-;-;68.15;57.43;61.50;63.07;77.35;63.07;62.01
Jun 1, 2018 9:00 AM;Jun 1, 2018 10:00 AM;-;80.61;76.06;76.06;62.97;77.34;44.21;-;-;76.06;57.22;59.60;63.03;71.56;71.56;63.36
Jun 1, 2018 10:00 AM;Jun 1, 2018 11:00 AM;-;93.01;74.97;74.97;58.34;86.18;44.19;-;-;74.97;55.83;57.50;58.83;67.14;67.14;65.09
Jun 1, 2018 11:00 AM;Jun 1, 2018 12:00 PM;-;89.95;75.07;75.07;55.43;81.76;44.12;-;-;75.07;54.97;57.30;60.30;64.06;64.06;63.33
Jun 1, 2018 12:00 PM;Jun 1, 2018 1:00 PM;-;79.78;70.23;73.71;52.05;73.30;44.07;-;-;73.71;51.26;54.50;56.02;56.02;56.02;63.05
Jun 1, 2018 1:00 PM;Jun 1, 2018 2:00 PM;-;74.60;49.97;70.05;48.76;69.61;43.95;-;-;70.05;50.06;52.52;49.97;56.02;56.02;63.03
Jun 1, 2018 2:00 PM;Jun 1, 2018 3:00 PM;-;65.86;48.07;58.56;46.03;61.88;43.89;-;-;58.56;48.62;51.00;48.07;59.41;59.41;63.08
Jun 1, 2018 3:00 PM;Jun 1, 2018 4:00 PM;-;60.30;49.08;53.00;42.46;56.09;42.99;-;-;53.00;47.64;51.80;49.08;65.00;65.00;63.56
Jun 1, 2018 4:00 PM;Jun 1, 2018 5:00 PM;-;60.17;49.89;58.00;42.22;55.49;43.35;-;-;58.00;47.64;52.23;49.89;67.14;67.14;63.05
Jun 1, 2018 5:00 PM;Jun 1, 2018 6:00 PM;-;80.15;56.91;67.68;39.76;69.52;43.20;-;-;67.68;50.98;55.00;56.91;66.97;66.97;63.04
Jun 1, 2018 6:00 PM;Jun 1, 2018 7:00 PM;-;77.27;56.29;56.29;45.66;71.82;44.47;-;-;46.77;54.56;57.95;56.29;71.56;71.56;61.09
Jun 1, 2018 7:00 PM;Jun 1, 2018 8:00 PM;-;60.81;55.27;55.27;55.78;68.51;44.43;-;-;53.94;54.80;58.70;55.27;75.76;58.59;58.70
Jun 1, 2018 8:00 PM;Jun 1, 2018 9:00 PM;-;77.26;54.49;54.49;49.87;77.34;44.37;-;-;53.18;50.20;57.50;54.49;73.96;73.96;65.95
Jun 1, 2018 9:00 PM;Jun 1, 2018 10:00 PM;-;64.76;56.06;56.06;53.46;64.09;44.27;-;-;45.68;49.87;55.34;56.06;67.14;67.14;64.01
Jun 1, 2018 10:00 PM;Jun 1, 2018 11:00 PM;-;61.94;55.14;55.14;58.97;66.52;44.33;-;-;45.39;52.06;53.00;55.14;65.61;65.61;61.38
Jun 1, 2018 11:00 PM;Jun 2, 2018 12:00 AM;-;59.91;48.85;48.85;53.25;59.91;43.95;-;-;43.95;46.77;46.55;48.85;56.28;48.85;52.00
Jun 2, 2018 12:00 AM;Jun 2, 2018 1:00 AM;-;42.90;38.43;42.16;40.92;43.53;42.16;-;-;42.16;44.35;45.30;38.43;42.99;38.43;49.48
Jun 2, 2018 1:00 AM;Jun 2, 2018 2:00 AM;-;38.00;37.09;40.42;37.59;38.00;40.42;-;-;40.42;39.83;41.31;37.09;39.93;37.09;41.31
Jun 2, 2018 2:00 AM;Jun 2, 2018 3:00 AM;-;50.76;39.14;39.14;28.06;44.48;39.14;-;-;39.14;39.05;39.12;37.67;39.06;37.67;39.12
Jun 2, 2018 3:00 AM;Jun 2, 2018 4:00 AM;-;60.26;38.50;38.50;20.12;49.18;38.50;-;-;38.50;38.30;38.20;37.17;37.30;37.17;38.20
Jun 2, 2018 4:00 AM;Jun 2, 2018 5:00 AM;-;64.51;38.50;38.50;14.95;50.84;38.50;-;-;38.50;37.18;37.10;36.01;48.80;36.01;37.10
Jun 2, 2018 5:00 AM;Jun 2, 2018 6:00 AM;-;57.31;38.78;38.78;15.60;45.78;38.78;-;-;38.78;37.09;36.50;33.29;59.83;33.29;36.50
Jun 2, 2018 6:00 AM;Jun 2, 2018 7:00 AM;-;61.78;40.45;40.45;15.10;48.71;40.45;-;-;40.45;38.26;38.40;34.96;53.71;34.96;40.98
Jun 2, 2018 7:00 AM;Jun 2, 2018 8:00 AM;-;62.47;41.43;42.17;19.83;50.50;42.17;-;-;42.17;40.06;43.00;38.00;45.02;45.02;54.00
Jun 2, 2018 8:00 AM;Jun 2, 2018 9:00 AM;-;59.82;43.81;43.99;31.93;51.98;43.06;-;-;43.99;39.83;45.00;43.81;43.81;43.81;58.84
Jun 2, 2018 9:00 AM;Jun 2, 2018 10:00 AM;-;58.66;45.71;45.71;33.78;54.46;43.65;-;-;45.71;40.46;48.46;45.71;42.99;45.71;60.71
Jun 2, 2018 10:00 AM;Jun 2, 2018 11:00 AM;-;92.31;43.38;45.22;33.37;59.25;43.38;-;-;45.22;39.70;47.08;43.38;45.87;45.87;56.83
Jun 2, 2018 11:00 AM;Jun 2, 2018 12:00 PM;-;73.41;43.05;45.06;32.68;50.56;43.05;-;-;45.06;39.32;45.20;39.59;42.99;42.99;54.00
Jun 2, 2018 12:00 PM;Jun 2, 2018 1:00 PM;-;58.14;42.48;44.00;32.72;43.88;42.48;-;-;44.00;36.93;40.69;37.04;40.25;40.25;51.09
Jun 2, 2018 1:00 PM;Jun 2, 2018 2:00 PM;-;42.50;42.12;43.90;29.99;43.50;42.12;-;-;43.90;34.58;38.50;34.90;36.21;36.21;47.06
Jun 2, 2018 2:00 PM;Jun 2, 2018 3:00 PM;-;60.30;42.01;43.83;26.92;42.19;42.01;-;-;43.83;33.60;37.00;33.08;36.45;36.45;45.67
Jun 2, 2018 3:00 PM;Jun 2, 2018 4:00 PM;-;48.03;42.11;43.15;21.13;43.50;42.11;-;-;43.15;33.93;37.16;34.04;40.63;40.63;46.47
Jun 2, 2018 4:00 PM;Jun 2, 2018 5:00 PM;-;48.02;42.20;42.67;21.80;43.60;42.20;-;-;42.67;35.57;37.35;34.37;53.19;37.00;49.92
Jun 2, 2018 5:00 PM;Jun 2, 2018 6:00 PM;-;53.55;40.38;43.43;24.25;48.59;42.95;-;-;43.43;41.39;43.51;38.30;42.98;39.60;49.09
Jun 2, 2018 6:00 PM;Jun 2, 2018 7:00 PM;-;66.26;45.91;45.91;27.08;59.76;43.34;-;-;45.63;44.89;48.49;45.91;52.80;45.91;53.01
Jun 2, 2018 7:00 PM;Jun 2, 2018 8:00 PM;-;71.63;51.05;51.05;32.09;65.05;43.35;-;-;49.83;46.52;49.76;51.05;54.55;51.05;57.42
Jun 2, 2018 8:00 PM;Jun 2, 2018 9:00 PM;-;75.80;51.04;51.04;28.23;67.88;43.17;-;-;49.81;46.76;48.70;51.04;54.42;51.04;61.74
Jun 2, 2018 9:00 PM;Jun 2, 2018 10:00 PM;-;74.37;50.91;50.91;29.32;66.88;43.08;-;-;49.69;47.01;48.63;50.91;60.93;50.91;59.39
Jun 2, 2018 10:00 PM;Jun 2, 2018 11:00 PM;-;47.00;47.00;47.00;47.00;47.00;42.90;-;-;45.87;46.36;48.25;47.00;54.79;47.00;48.25
Jun 2, 2018 11:00 PM;Jun 3, 2018 12:00 AM;-;47.00;42.64;42.64;44.02;47.00;42.27;-;-;42.27;41.49;42.46;42.64;48.80;42.64;42.46
Jun 3, 2018 12:00 AM;Jun 3, 2018 1:00 AM;-;55.79;39.36;43.39;35.97;44.82;43.39;-;-;43.39;38.84;38.28;39.36;39.36;39.36;38.28
Jun 3, 2018 1:00 AM;Jun 3, 2018 2:00 AM;-;62.60;35.50;41.59;29.48;44.68;41.59;-;-;41.59;35.95;34.70;35.50;35.50;35.50;34.70
Jun 3, 2018 2:00 AM;Jun 3, 2018 3:00 AM;-;62.20;40.04;40.04;26.77;44.03;40.04;-;-;40.04;33.63;33.72;33.98;32.99;33.98;33.72
Jun 3, 2018 3:00 AM;Jun 3, 2018 4:00 AM;-;48.84;39.33;39.33;19.37;43.79;39.33;-;-;39.33;32.65;32.28;33.09;28.51;33.09;32.28
Jun 3, 2018 4:00 AM;Jun 3, 2018 5:00 AM;-;51.36;38.43;38.43;13.15;44.82;38.43;-;-;38.43;32.38;31.96;30.97;30.97;30.97;31.96
Jun 3, 2018 5:00 AM;Jun 3, 2018 6:00 AM;-;51.87;39.25;39.25;8.77;44.50;39.25;-;-;39.25;30.05;30.06;28.89;30.10;28.89;30.06
Jun 3, 2018 6:00 AM;Jun 3, 2018 7:00 AM;-;49.90;40.18;40.18;9.61;43.43;40.18;-;-;40.18;30.16;31.09;29.01;29.01;29.01;31.09
Jun 3, 2018 7:00 AM;Jun 3, 2018 8:00 AM;-;48.83;41.39;41.39;13.39;42.76;41.39;-;-;41.39;29.62;33.71;29.90;32.99;29.90;33.71
Jun 3, 2018 8:00 AM;Jun 3, 2018 9:00 AM;-;70.00;43.08;43.08;14.96;44.50;43.08;-;-;43.08;31.37;35.70;27.61;32.37;27.61;36.29
Jun 3, 2018 9:00 AM;Jun 3, 2018 10:00 AM;-;70.10;43.57;43.57;17.28;42.18;43.57;-;-;43.57;31.11;35.51;26.37;32.01;26.37;37.21
Jun 3, 2018 10:00 AM;Jun 3, 2018 11:00 AM;-;70.00;44.03;44.03;15.76;42.62;44.03;-;-;44.03;28.54;33.60;25.06;39.20;25.06;35.90
Jun 3, 2018 11:00 AM;Jun 3, 2018 12:00 PM;-;68.07;43.89;43.89;19.48;42.40;43.89;-;-;43.89;30.72;34.50;24.83;36.10;36.10;37.96
Jun 3, 2018 12:00 PM;Jun 3, 2018 1:00 PM;-;45.43;43.89;43.89;21.22;45.43;43.89;-;-;43.89;29.91;32.30;23.10;34.07;34.07;36.99
Jun 3, 2018 1:00 PM;Jun 3, 2018 2:00 PM;-;53.40;43.46;43.46;20.65;53.40;43.46;-;-;43.46;26.49;28.53;23.20;26.00;26.00;32.48
Jun 3, 2018 2:00 PM;Jun 3, 2018 3:00 PM;-;23.02;41.62;41.62;20.14;35.00;41.62;-;-;41.62;24.73;28.00;20.62;24.42;24.42;32.48
Jun 3, 2018 3:00 PM;Jun 3, 2018 4:00 PM;-;34.00;40.97;40.97;18.81;40.50;40.97;-;-;40.97;26.37;29.61;21.35;33.53;21.35;32.98
Jun 3, 2018 4:00 PM;Jun 3, 2018 5:00 PM;-;50.00;41.32;41.32;14.60;40.00;41.32;-;-;41.32;26.96;31.90;24.35;42.99;24.35;47.21
Jun 3, 2018 5:00 PM;Jun 3, 2018 6:00 PM;-;52.00;42.58;42.58;18.70;43.99;42.58;-;-;42.58;33.05;35.50;32.50;38.15;32.50;44.05
Jun 3, 2018 6:00 PM;Jun 3, 2018 7:00 PM;-;53.84;39.77;43.57;27.60;49.44;43.57;-;-;43.57;41.71;43.00;39.77;50.00;39.77;47.11
Jun 3, 2018 7:00 PM;Jun 3, 2018 8:00 PM;-;70.00;44.50;44.50;36.37;54.52;44.50;-;-;44.50;44.19;51.00;44.50;57.04;44.50;55.09
Jun 3, 2018 8:00 PM;Jun 3, 2018 9:00 PM;-;69.38;47.32;47.32;32.63;59.00;45.09;-;-;45.09;44.21;50.40;47.32;61.55;61.55;65.01
Jun 3, 2018 9:00 PM;Jun 3, 2018 10:00 PM;-;74.49;48.98;48.98;32.04;62.48;45.27;-;-;45.27;45.04;51.80;48.98;63.08;63.08;65.10
Jun 3, 2018 10:00 PM;Jun 3, 2018 11:00 PM;-;97.04;45.04;44.94;39.09;64.90;44.94;-;-;44.94;45.99;50.30;48.91;61.29;48.91;50.30
Jun 3, 2018 11:00 PM;Jun 4, 2018 12:00 AM;-;64.55;40.57;40.66;35.61;48.51;40.66;-;-;40.66;40.36;42.61;40.57;53.24;40.57;42.61
Jun 4, 2018 12:00 AM;Jun 4, 2018 1:00 AM;-;40.66;35.57;38.62;35.57;66.76;38.95;-;-;38.62;37.89;38.19;35.57;35.57;35.57;38.19
Jun 4, 2018 1:00 AM;Jun 4, 2018 2:00 AM;-;45.50;33.10;36.13;23.69;43.60;36.13;-;-;36.13;36.33;35.62;33.10;33.10;33.10;35.62
Jun 4, 2018 2:00 AM;Jun 4, 2018 3:00 AM;-;49.03;32.40;32.40;18.49;43.18;32.40;-;-;32.40;35.07;33.54;32.40;32.40;32.40;33.54
Jun 4, 2018 3:00 AM;Jun 4, 2018 4:00 AM;-;55.40;31.44;31.44;11.21;46.93;31.44;-;-;31.44;34.20;33.40;31.44;31.44;31.44;33.40
Jun 4, 2018 4:00 AM;Jun 4, 2018 5:00 AM;-;49.44;30.85;30.85;15.24;42.87;30.85;-;-;30.85;34.09;33.66;30.85;30.85;30.85;33.66
Jun 4, 2018 5:00 AM;Jun 4, 2018 6:00 AM;-;53.83;35.66;37.41;20.42;47.44;37.41;-;-;37.41;36.71;37.30;35.66;35.66;35.66;37.30
Jun 4, 2018 6:00 AM;Jun 4, 2018 7:00 AM;-;62.54;45.81;44.71;31.86;56.66;44.71;-;-;44.71;44.52;52.07;45.81;45.81;45.81;52.07
Jun 4, 2018 7:00 AM;Jun 4, 2018 8:00 AM;-;67.76;46.11;46.11;54.23;65.35;45.46;-;-;46.11;52.48;63.53;60.45;65.70;65.70;65.83
Jun 4, 2018 8:00 AM;Jun 4, 2018 9:00 AM;-;65.72;45.66;45.66;61.59;65.00;45.66;-;-;45.66;58.80;63.14;63.47;84.82;84.82;68.03
Jun 4, 2018 9:00 AM;Jun 4, 2018 10:00 AM;-;66.58;45.77;45.77;60.12;68.00;45.77;-;-;45.77;56.73;60.00;58.13;80.00;80.00;66.37
Jun 4, 2018 10:00 AM;Jun 4, 2018 11:00 AM;-;65.85;45.81;45.81;59.80;76.72;45.81;-;-;45.81;53.00;54.40;51.98;70.00;70.00;65.08
Jun 4, 2018 11:00 AM;Jun 4, 2018 12:00 PM;-;68.13;45.60;45.60;60.27;82.27;45.60;-;-;45.60;51.33;51.94;50.08;68.11;68.11;64.10
Jun 4, 2018 12:00 PM;Jun 4, 2018 1:00 PM;-;66.04;45.58;45.58;58.16;80.10;45.58;-;-;45.58;48.79;48.00;47.93;62.83;73.13;66.69
Jun 4, 2018 1:00 PM;Jun 4, 2018 2:00 PM;-;62.59;45.30;45.30;55.35;75.60;45.30;-;-;45.30;46.94;46.00;45.94;63.51;69.90;63.92
Jun 4, 2018 2:00 PM;Jun 4, 2018 3:00 PM;-;63.38;45.19;45.19;52.25;63.53;45.19;-;-;45.19;46.51;45.90;45.19;65.81;65.81;62.58
Jun 4, 2018 3:00 PM;Jun 4, 2018 4:00 PM;-;53.41;45.06;45.06;48.95;53.47;45.06;-;-;45.06;47.32;47.00;46.16;65.90;65.90;59.59
Jun 4, 2018 4:00 PM;Jun 4, 2018 5:00 PM;-;49.84;44.77;44.77;48.12;53.10;44.77;-;-;44.77;48.21;48.00;45.88;68.44;68.44;61.06
Jun 4, 2018 5:00 PM;Jun 4, 2018 6:00 PM;-;62.67;45.52;45.52;56.07;75.00;45.52;-;-;45.52;49.50;51.27;47.46;65.90;65.90;60.70
Jun 4, 2018 6:00 PM;Jun 4, 2018 7:00 PM;-;62.41;46.07;46.07;58.27;70.10;46.07;-;-;46.07;53.07;56.29;52.95;65.70;65.70;60.86
Jun 4, 2018 7:00 PM;Jun 4, 2018 8:00 PM;-;63.65;45.99;45.99;61.79;67.10;45.99;-;-;45.99;56.37;58.50;59.40;65.90;65.90;67.10
Jun 4, 2018 8:00 PM;Jun 4, 2018 9:00 PM;-;59.47;45.63;45.63;57.95;62.17;45.63;-;-;45.63;52.47;57.86;55.98;65.90;65.90;69.98
Jun 4, 2018 9:00 PM;Jun 4, 2018 10:00 PM;-;52.93;45.39;45.39;52.93;52.93;45.39;-;-;45.39;50.38;55.60;52.93;65.90;65.90;67.70
Jun 4, 2018 10:00 PM;Jun 4, 2018 11:00 PM;-;50.93;45.27;45.27;50.93;50.93;45.27;-;-;45.27;51.55;52.38;50.93;62.83;62.83;55.01
Jun 4, 2018 11:00 PM;Jun 5, 2018 12:00 AM;-;44.49;43.07;43.07;44.49;44.49;43.07;-;-;43.07;45.83;43.71;44.49;59.01;44.49;43.71
Jun 5, 2018 12:00 AM;Jun 5, 2018 1:00 AM;-;43.80;42.66;42.66;43.80;43.80;42.66;-;-;42.66;42.63;40.99;43.80;57.13;50.36;40.99
Jun 5, 2018 1:00 AM;Jun 5, 2018 2:00 AM;-;41.46;41.01;41.01;41.21;42.37;41.01;-;-;41.01;38.93;38.20;41.01;55.94;41.01;38.20
Jun 5, 2018 2:00 AM;Jun 5, 2018 3:00 AM;-;39.44;39.44;39.44;39.44;39.44;39.44;-;-;39.44;38.11;36.92;39.44;48.00;39.44;36.92
Jun 5, 2018 3:00 AM;Jun 5, 2018 4:00 AM;-;41.87;39.35;39.35;37.58;40.65;39.35;-;-;39.35;37.31;35.75;39.35;42.31;39.35;35.75
Jun 5, 2018 4:00 AM;Jun 5, 2018 5:00 AM;-;46.71;39.05;39.05;32.64;43.70;39.05;-;-;39.05;37.20;36.05;39.05;39.90;39.05;36.05
Jun 5, 2018 5:00 AM;Jun 5, 2018 6:00 AM;-;44.15;41.63;41.63;39.52;43.22;41.63;-;-;41.63;39.91;40.30;41.63;41.63;41.63;40.30
Jun 5, 2018 6:00 AM;Jun 5, 2018 7:00 AM;-;50.26;45.83;45.83;50.26;50.26;45.83;-;-;45.83;48.62;51.34;50.26;58.61;58.61;52.01
Jun 5, 2018 7:00 AM;Jun 5, 2018 8:00 AM;-;68.93;46.81;46.81;58.01;67.11;46.81;-;-;46.81;59.05;64.80;63.14;63.53;63.53;69.22
Jun 5, 2018 8:00 AM;Jun 5, 2018 9:00 AM;-;66.94;46.87;46.87;62.80;66.28;46.87;-;-;46.87;63.70;66.40;64.74;73.33;73.33;80.04
Jun 5, 2018 9:00 AM;Jun 5, 2018 10:00 AM;-;65.03;46.93;46.93;63.90;70.90;46.93;-;-;46.93;61.29;59.90;63.02;70.00;70.00;72.93
Jun 5, 2018 10:00 AM;Jun 5, 2018 11:00 AM;-;73.57;47.10;47.10;63.79;81.22;47.10;-;-;47.10;55.06;55.00;56.90;66.84;66.84;65.51
Jun 5, 2018 11:00 AM;Jun 5, 2018 12:00 PM;-;68.59;47.34;47.34;62.80;78.62;47.34;-;-;47.34;53.89;53.50;55.09;63.15;63.15;65.98
Jun 5, 2018 12:00 PM;Jun 5, 2018 1:00 PM;-;61.07;47.22;47.22;56.29;69.37;47.22;-;-;47.22;51.23;50.71;49.91;56.29;69.10;66.85
Jun 5, 2018 1:00 PM;Jun 5, 2018 2:00 PM;-;66.28;46.78;46.78;55.43;66.47;46.78;-;-;46.78;50.04;48.63;47.93;56.15;56.15;65.96
Jun 5, 2018 2:00 PM;Jun 5, 2018 3:00 PM;-;58.48;46.44;46.44;51.11;58.51;46.44;-;-;46.44;48.74;47.60;46.44;58.81;58.81;68.33
Jun 5, 2018 3:00 PM;Jun 5, 2018 4:00 PM;-;53.32;46.68;46.68;49.96;53.34;46.68;-;-;46.68;49.00;48.49;47.82;61.18;61.18;69.92
Jun 5, 2018 4:00 PM;Jun 5, 2018 5:00 PM;-;52.97;46.51;46.51;49.90;52.99;46.51;-;-;46.51;50.71;49.60;47.93;66.18;66.18;69.97
Jun 5, 2018 5:00 PM;Jun 5, 2018 6:00 PM;-;53.97;53.63;53.63;53.78;54.95;46.94;-;-;52.34;54.23;53.30;53.63;61.56;61.56;62.11
Jun 5, 2018 6:00 PM;Jun 5, 2018 7:00 PM;-;60.38;59.46;59.46;59.46;65.00;47.06;-;-;58.04;58.46;58.20;59.46;63.15;59.70;60.82
Jun 5, 2018 7:00 PM;Jun 5, 2018 8:00 PM;-;69.55;65.60;65.60;62.70;67.83;47.32;-;-;61.80;62.64;64.30;65.60;67.63;65.60;65.94
Jun 5, 2018 8:00 PM;Jun 5, 2018 9:00 PM;-;63.18;60.04;60.04;58.09;64.00;47.29;-;-;56.09;56.76;61.15;60.04;67.63;67.63;68.84
Jun 5, 2018 9:00 PM;Jun 5, 2018 10:00 PM;-;52.89;52.89;52.89;52.89;52.89;47.13;-;-;51.62;52.82;55.90;52.89;66.84;65.60;66.74
Jun 5, 2018 10:00 PM;Jun 5, 2018 11:00 PM;-;66.47;50.23;50.23;56.37;66.47;47.34;-;-;49.02;52.14;51.25;50.23;60.52;60.52;51.25
Jun 5, 2018 11:00 PM;Jun 6, 2018 12:00 AM;-;53.50;44.93;44.93;48.18;53.50;44.93;-;-;44.93;45.47;43.30;44.93;55.86;44.93;43.30
Jun 6, 2018 12:00 AM;Jun 6, 2018 1:00 AM;-;44.99;44.99;44.99;44.99;44.99;44.99;-;-;44.99;46.00;46.11;44.99;48.54;44.99;46.11
Jun 6, 2018 1:00 AM;Jun 6, 2018 2:00 AM;-;41.16;41.16;42.09;41.16;41.16;42.09;-;-;42.09;42.76;43.58;41.16;41.16;41.16;43.58
Jun 6, 2018 2:00 AM;Jun 6, 2018 3:00 AM;-;40.66;40.05;41.12;39.53;40.50;41.12;-;-;41.12;42.00;42.18;40.05;40.05;40.05;42.18
Jun 6, 2018 3:00 AM;Jun 6, 2018 4:00 AM;-;44.78;41.62;41.62;34.59;43.26;41.62;-;-;41.62;40.75;41.30;39.21;39.21;39.21;41.30
Jun 6, 2018 4:00 AM;Jun 6, 2018 5:00 AM;-;46.14;38.25;41.64;31.73;44.00;41.64;-;-;41.64;40.53;41.00;38.25;38.25;38.25;41.00
Jun 6, 2018 5:00 AM;Jun 6, 2018 6:00 AM;-;45.00;40.03;44.54;35.93;43.69;44.54;-;-;44.54;42.07;43.20;40.03;40.03;40.03;43.20
Jun 6, 2018 6:00 AM;Jun 6, 2018 7:00 AM;-;51.64;46.84;46.84;42.87;50.37;46.84;-;-;46.84;50.27;52.23;46.84;51.67;46.84;52.23
Jun 6, 2018 7:00 AM;Jun 6, 2018 8:00 AM;-;61.48;59.07;59.07;56.92;60.83;47.44;-;-;47.44;61.43;65.67;59.07;60.06;60.06;65.67
Jun 6, 2018 8:00 AM;Jun 6, 2018 9:00 AM;-;65.00;65.00;65.00;65.00;65.00;47.75;-;-;63.44;65.83;67.41;65.00;66.90;65.00;72.80
Jun 6, 2018 9:00 AM;Jun 6, 2018 10:00 AM;-;71.44;57.93;57.93;65.65;81.20;48.02;-;-;56.54;63.14;62.71;57.93;65.65;64.00;68.50
Jun 6, 2018 10:00 AM;Jun 6, 2018 11:00 AM;-;67.78;50.97;50.97;60.58;79.92;48.38;-;-;49.75;56.06;56.00;50.97;61.05;58.90;64.20
Jun 6, 2018 11:00 AM;Jun 6, 2018 12:00 PM;-;62.24;49.99;49.99;57.00;71.10;48.38;-;-;48.79;56.07;56.10;49.99;60.07;60.07;64.34
Jun 6, 2018 12:00 PM;Jun 6, 2018 1:00 PM;-;56.37;47.83;47.83;52.67;61.29;47.83;-;-;47.83;52.24;60.00;47.83;54.90;54.90;67.99
Jun 6, 2018 1:00 PM;Jun 6, 2018 2:00 PM;-;56.68;47.14;47.14;52.55;62.16;47.14;-;-;47.14;50.76;52.36;47.14;54.90;54.90;65.04
Jun 6, 2018 2:00 PM;Jun 6, 2018 3:00 PM;-;53.51;47.16;47.16;50.42;56.84;47.16;-;-;47.16;49.20;51.52;47.16;60.07;60.07;65.22
Jun 6, 2018 3:00 PM;Jun 6, 2018 4:00 PM;-;51.86;47.51;47.51;49.98;54.36;47.51;-;-;47.51;50.33;60.00;47.51;62.51;62.51;63.78
Jun 6, 2018 4:00 PM;Jun 6, 2018 5:00 PM;-;55.10;49.94;49.94;52.90;58.52;47.93;-;-;47.93;51.83;54.06;49.94;65.00;53.00;64.93
Jun 6, 2018 5:00 PM;Jun 6, 2018 6:00 PM;-;67.71;52.19;52.19;58.24;68.76;48.06;-;-;50.93;56.02;58.40;52.19;68.41;52.19;62.43
Jun 6, 2018 6:00 PM;Jun 6, 2018 7:00 PM;-;61.25;61.25;61.25;61.25;61.25;47.85;-;-;59.78;59.51;61.00;61.25;62.59;61.25;61.59
Jun 6, 2018 7:00 PM;Jun 6, 2018 8:00 PM;-;63.31;63.31;63.31;63.31;63.31;47.90;-;-;61.17;63.67;64.76;63.31;68.41;63.31;64.76
Jun 6, 2018 8:00 PM;Jun 6, 2018 9:00 PM;-;59.90;59.45;59.45;59.39;60.00;48.11;-;-;57.66;58.91;60.40;59.45;64.67;62.00;68.72
Jun 6, 2018 9:00 PM;Jun 6, 2018 10:00 PM;-;54.62;50.93;50.93;53.01;57.40;48.14;-;-;48.64;53.66;55.00;50.93;64.03;50.93;61.46
Jun 6, 2018 10:00 PM;Jun 6, 2018 11:00 PM;-;61.07;47.43;47.36;52.78;61.94;47.36;-;-;47.36;51.78;51.02;47.43;59.95;48.00;51.02
Jun 6, 2018 11:00 PM;Jun 7, 2018 12:00 AM;-;53.88;44.96;45.02;48.41;54.06;45.02;-;-;45.02;47.28;44.35;44.96;52.71;44.96;44.35
Jun 7, 2018 12:00 AM;Jun 7, 2018 1:00 AM;-;43.26;39.71;44.04;41.67;44.77;44.04;-;-;44.04;42.76;41.87;39.71;51.84;39.71;41.87
Jun 7, 2018 1:00 AM;Jun 7, 2018 2:00 AM;-;41.39;41.76;41.76;40.43;42.60;41.76;-;-;41.76;41.01;40.03;39.24;46.36;39.24;40.03
Jun 7, 2018 2:00 AM;Jun 7, 2018 3:00 AM;-;39.71;41.03;41.03;39.41;39.72;41.03;-;-;41.03;39.26;38.45;39.21;43.71;39.21;38.45
Jun 7, 2018 3:00 AM;Jun 7, 2018 4:00 AM;-;40.59;40.75;40.75;39.00;42.10;40.75;-;-;40.75;37.34;38.00;37.64;41.13;37.64;38.00
Jun 7, 2018 4:00 AM;Jun 7, 2018 5:00 AM;-;43.00;38.25;40.36;34.27;41.62;40.36;-;-;40.36;36.72;36.70;38.25;40.00;38.25;36.70
Jun 7, 2018 5:00 AM;Jun 7, 2018 6:00 AM;-;40.73;39.99;43.29;39.37;40.52;43.29;-;-;43.29;39.97;39.80;39.99;43.59;39.99;39.80
Jun 7, 2018 6:00 AM;Jun 7, 2018 7:00 AM;-;51.50;46.98;47.21;43.17;50.21;47.21;-;-;47.21;46.58;49.13;46.98;59.09;59.09;49.13
Jun 7, 2018 7:00 AM;Jun 7, 2018 8:00 AM;-;59.39;57.00;57.00;54.78;58.73;49.29;-;-;55.63;58.12;61.00;57.00;65.65;63.60;61.00
Jun 7, 2018 8:00 AM;Jun 7, 2018 9:00 AM;-;60.95;60.95;60.95;60.95;60.95;49.51;-;-;60.95;63.07;63.30;60.95;73.83;67.14;63.30
Jun 7, 2018 9:00 AM;Jun 7, 2018 10:00 AM;-;66.29;57.97;57.97;62.79;69.90;49.27;-;-;57.97;60.51;60.90;57.97;68.25;63.39;60.90
Jun 7, 2018 10:00 AM;Jun 7, 2018 11:00 AM;-;63.61;51.86;51.86;58.67;68.70;49.14;-;-;50.61;55.42;56.38;51.86;66.15;66.15;63.51
Jun 7, 2018 11:00 AM;Jun 7, 2018 12:00 PM;-;64.22;48.91;48.91;57.79;68.00;48.63;-;-;48.63;54.60;56.29;48.91;64.15;64.15;65.03
Jun 7, 2018 12:00 PM;Jun 7, 2018 1:00 PM;-;62.24;47.70;47.98;56.13;64.27;47.98;-;-;47.98;51.86;53.50;47.70;56.29;56.29;66.02
Jun 7, 2018 1:00 PM;Jun 7, 2018 2:00 PM;-;60.19;47.78;47.78;54.50;63.61;47.78;-;-;47.78;50.66;51.94;46.64;56.29;56.29;66.03
Jun 7, 2018 2:00 PM;Jun 7, 2018 3:00 PM;-;53.48;47.85;47.85;50.77;56.39;47.85;-;-;47.85;50.05;52.00;47.03;62.17;62.17;65.92
Jun 7, 2018 3:00 PM;Jun 7, 2018 4:00 PM;-;57.00;48.63;48.63;51.89;57.13;48.63;-;-;48.63;50.81;53.71;48.63;66.15;66.15;64.95
Jun 7, 2018 4:00 PM;Jun 7, 2018 5:00 PM;-;54.23;54.23;54.23;54.23;54.23;49.11;-;-;52.92;53.14;54.00;54.23;68.00;68.00;62.51
Jun 7, 2018 5:00 PM;Jun 7, 2018 6:00 PM;-;64.07;57.94;57.94;57.94;64.27;49.07;-;-;56.55;57.95;59.00;57.94;66.15;62.00;59.00
Jun 7, 2018 6:00 PM;Jun 7, 2018 7:00 PM;-;68.89;59.01;59.01;64.60;73.16;49.10;-;-;57.59;61.54;63.34;59.01;66.15;60.64;63.34
Jun 7, 2018 7:00 PM;Jun 7, 2018 8:00 PM;-;67.71;62.64;62.64;65.51;69.90;49.09;-;-;61.14;66.84;68.01;62.64;72.24;62.64;68.01
Jun 7, 2018 8:00 PM;Jun 7, 2018 9:00 PM;-;65.50;58.35;58.35;55.08;64.90;49.24;-;-;56.95;63.86;65.00;58.35;65.81;61.99;65.60
Jun 7, 2018 9:00 PM;Jun 7, 2018 10:00 PM;-;63.59;52.97;52.97;54.66;65.80;49.42;-;-;51.70;56.37;57.19;52.97;64.15;64.15;62.88
Jun 7, 2018 10:00 PM;Jun 7, 2018 11:00 PM;-;66.75;50.97;50.97;57.07;67.00;49.48;-;-;49.75;53.25;53.20;50.97;62.17;61.90;53.20
Jun 7, 2018 11:00 PM;Jun 8, 2018 12:00 AM;-;53.09;46.82;46.82;49.24;52.99;46.82;-;-;46.82;49.02;47.50;46.82;53.86;46.82;47.50
Jun 8, 2018 12:00 AM;Jun 8, 2018 1:00 AM;-;49.96;43.02;46.02;45.69;50.00;46.02;-;-;46.02;44.30;43.00;43.02;53.30;53.30;43.00
Jun 8, 2018 1:00 AM;Jun 8, 2018 2:00 AM;-;44.00;43.40;43.40;43.53;44.00;43.40;-;-;43.40;41.26;42.39;43.24;50.03;43.24;42.39
Jun 8, 2018 2:00 AM;Jun 8, 2018 3:00 AM;-;42.53;42.82;42.82;42.53;42.53;42.82;-;-;42.82;40.77;41.93;42.53;47.20;42.53;41.93
Jun 8, 2018 3:00 AM;Jun 8, 2018 4:00 AM;-;49.27;43.98;43.98;36.09;47.15;43.98;-;-;43.98;40.13;41.28;42.09;44.88;42.09;41.28
Jun 8, 2018 4:00 AM;Jun 8, 2018 5:00 AM;-;53.14;44.01;44.01;33.70;50.01;44.01;-;-;44.01;39.93;41.00;42.53;44.88;42.53;41.00
Jun 8, 2018 5:00 AM;Jun 8, 2018 6:00 AM;-;46.76;41.97;46.30;37.99;45.37;46.30;-;-;46.30;41.40;42.80;41.97;47.21;47.21;42.80
Jun 8, 2018 6:00 AM;Jun 8, 2018 7:00 AM;-;53.53;48.93;48.93;45.08;52.29;48.93;-;-;48.93;49.13;51.90;48.93;58.56;58.56;52.39
Jun 8, 2018 7:00 AM;Jun 8, 2018 8:00 AM;-;59.27;57.09;57.09;55.09;58.71;49.85;-;-;55.72;57.81;61.00;57.09;65.65;65.65;68.58
Jun 8, 2018 8:00 AM;Jun 8, 2018 9:00 AM;-;66.44;63.52;63.52;61.00;65.70;50.87;-;-;63.52;64.08;65.70;63.52;79.44;79.44;73.45
Jun 8, 2018 9:00 AM;Jun 8, 2018 10:00 AM;-;74.30;56.91;56.91;63.56;75.12;51.10;-;-;56.91;61.53;61.40;56.91;79.44;79.44;73.03
Jun 8, 2018 10:00 AM;Jun 8, 2018 11:00 AM;-;77.43;54.13;55.46;56.20;79.05;50.31;-;-;55.46;56.75;56.54;54.13;74.01;74.01;71.10
Jun 8, 2018 11:00 AM;Jun 8, 2018 12:00 PM;-;76.18;53.05;53.05;60.98;77.34;50.04;-;-;53.05;55.43;55.20;53.05;71.00;71.00;71.59
Jun 8, 2018 12:00 PM;Jun 8, 2018 1:00 PM;-;73.75;49.54;49.54;58.04;75.00;49.54;-;-;49.54;51.36;52.16;48.35;61.43;61.43;64.89
Jun 8, 2018 1:00 PM;Jun 8, 2018 2:00 PM;-;70.63;49.55;49.55;55.37;71.81;49.55;-;-;49.55;50.15;50.00;45.96;59.24;59.24;61.99
Jun 8, 2018 2:00 PM;Jun 8, 2018 3:00 PM;-;63.21;49.09;49.09;52.04;64.07;49.09;-;-;49.09;49.56;48.50;45.15;61.67;61.67;62.06
Jun 8, 2018 3:00 PM;Jun 8, 2018 4:00 PM;-;50.71;48.32;48.32;49.19;53.03;48.32;-;-;48.32;49.04;49.62;47.10;61.15;61.15;62.67
Jun 8, 2018 4:00 PM;Jun 8, 2018 5:00 PM;-;49.38;48.45;48.45;48.94;50.05;48.45;-;-;48.45;50.81;52.01;48.33;60.00;60.00;62.06
Jun 8, 2018 5:00 PM;Jun 8, 2018 6:00 PM;-;57.04;50.47;50.47;53.02;57.40;48.75;-;-;49.25;53.30;56.01;50.47;59.24;59.24;60.56
Jun 8, 2018 6:00 PM;Jun 8, 2018 7:00 PM;-;64.68;54.66;54.66;46.28;62.00;48.67;-;-;53.35;55.14;58.21;54.66;59.12;59.12;59.43
Jun 8, 2018 7:00 PM;Jun 8, 2018 8:00 PM;-;60.00;54.98;54.98;50.81;58.66;48.51;-;-;53.66;55.04;58.50;54.98;62.89;62.89;59.88
Jun 8, 2018 8:00 PM;Jun 8, 2018 9:00 PM;-;57.88;53.09;53.09;48.91;56.58;48.44;-;-;51.82;53.23;55.90;53.09;62.90;62.90;60.38
Jun 8, 2018 9:00 PM;Jun 8, 2018 10:00 PM;-;50.24;49.67;49.67;49.18;50.08;48.48;-;-;48.48;50.52;52.00;49.67;61.45;61.45;53.30
Jun 8, 2018 10:00 PM;Jun 8, 2018 11:00 PM;-;50.46;50.37;50.37;50.40;50.46;48.85;-;-;49.16;50.61;50.53;50.37;56.29;56.10;50.53
Jun 8, 2018 11:00 PM;Jun 9, 2018 12:00 AM;-;48.84;48.45;48.45;48.60;48.85;47.28;-;-;47.28;46.96;46.40;48.45;51.41;48.45;46.40
Jun 9, 2018 12:00 AM;Jun 9, 2018 1:00 AM;-;46.91;45.07;46.18;46.08;47.70;46.18;-;-;46.18;43.85;42.40;45.07;53.26;45.07;42.98
Jun 9, 2018 1:00 AM;Jun 9, 2018 2:00 AM;-;42.94;41.79;43.93;40.81;42.53;43.93;-;-;43.93;41.00;40.03;41.79;50.94;41.79;40.03
Jun 9, 2018 2:00 AM;Jun 9, 2018 3:00 AM;-;44.49;42.63;42.63;35.77;42.71;42.63;-;-;42.63;40.27;38.88;39.73;41.00;39.73;38.88
Jun 9, 2018 3:00 AM;Jun 9, 2018 4:00 AM;-;46.30;42.01;42.01;32.13;43.40;42.01;-;-;42.01;39.54;38.17;38.56;40.00;38.56;38.17
Jun 9, 2018 4:00 AM;Jun 9, 2018 5:00 AM;-;44.75;40.87;40.87;32.35;42.22;40.87;-;-;40.87;38.42;36.80;37.97;38.61;37.97;36.80
Jun 9, 2018 5:00 AM;Jun 9, 2018 6:00 AM;-;45.52;41.94;41.94;32.29;42.83;41.94;-;-;41.94;38.24;36.51;38.30;38.30;38.30;36.51
Jun 9, 2018 6:00 AM;Jun 9, 2018 7:00 AM;-;48.04;45.17;45.17;31.27;44.63;45.17;-;-;45.17;39.85;38.12;38.90;38.90;38.90;38.12
Jun 9, 2018 7:00 AM;Jun 9, 2018 8:00 AM;-;54.27;46.76;46.76;35.32;50.41;46.76;-;-;46.76;42.00;40.87;43.88;43.88;43.88;42.00
Jun 9, 2018 8:00 AM;Jun 9, 2018 9:00 AM;-;51.87;47.20;47.20;42.14;49.90;47.20;-;-;47.20;45.26;44.50;46.54;51.14;51.14;49.18
Jun 9, 2018 9:00 AM;Jun 9, 2018 10:00 AM;-;78.93;47.69;47.69;39.81;57.00;47.69;-;-;47.69;43.49;45.00;46.55;54.27;54.27;52.91
Jun 9, 2018 10:00 AM;Jun 9, 2018 11:00 AM;-;65.28;47.73;47.73;37.84;49.90;47.73;-;-;47.73;41.33;42.10;42.57;50.00;50.00;51.15
Jun 9, 2018 11:00 AM;Jun 9, 2018 12:00 PM;-;45.00;47.61;47.61;40.34;49.18;47.61;-;-;47.61;39.61;40.30;39.78;41.40;41.40;50.95
Jun 9, 2018 12:00 PM;Jun 9, 2018 1:00 PM;-;45.00;47.19;47.45;40.00;48.75;47.19;-;-;47.45;38.52;38.19;39.55;40.00;40.00;50.13
Jun 9, 2018 1:00 PM;Jun 9, 2018 2:00 PM;-;40.70;46.49;47.35;39.57;45.00;46.49;-;-;47.35;36.51;36.43;38.78;39.57;39.57;45.71
Jun 9, 2018 2:00 PM;Jun 9, 2018 3:00 PM;-;40.08;45.77;47.03;38.95;44.31;45.77;-;-;47.03;35.97;35.60;38.15;38.95;38.95;40.07
Jun 9, 2018 3:00 PM;Jun 9, 2018 4:00 PM;-;40.41;45.39;47.00;39.48;43.94;45.39;-;-;47.00;36.96;36.17;38.83;39.48;39.48;41.42
Jun 9, 2018 4:00 PM;Jun 9, 2018 5:00 PM;-;40.25;46.32;46.98;39.00;42.20;46.32;-;-;46.98;38.12;38.00;39.00;39.00;39.00;42.84
Jun 9, 2018 5:00 PM;Jun 9, 2018 6:00 PM;-;43.85;47.22;47.22;40.66;51.50;47.22;-;-;47.22;41.01;41.70;39.98;40.66;40.66;44.94
Jun 9, 2018 6:00 PM;Jun 9, 2018 7:00 PM;-;53.18;48.48;48.48;43.77;51.41;47.73;-;-;48.48;47.05;47.66;47.99;47.99;47.99;51.00
Jun 9, 2018 7:00 PM;Jun 9, 2018 8:00 PM;-;52.98;48.96;48.96;45.82;51.90;47.77;-;-;48.96;48.00;49.60;48.96;53.74;53.74;53.00
Jun 9, 2018 8:00 PM;Jun 9, 2018 9:00 PM;-;72.55;48.91;48.91;40.78;69.30;47.66;-;-;48.91;47.78;48.80;48.91;53.63;53.63;55.09
Jun 9, 2018 9:00 PM;Jun 9, 2018 10:00 PM;-;62.28;48.03;48.03;41.07;60.00;47.56;-;-;48.03;46.87;48.00;48.03;54.49;54.49;55.94
Jun 9, 2018 10:00 PM;Jun 9, 2018 11:00 PM;-;66.99;48.00;48.00;50.00;68.17;47.46;-;-;47.46;48.19;47.20;48.00;50.00;48.00;50.11
Jun 9, 2018 11:00 PM;Jun 10, 2018 12:00 AM;-;53.39;44.64;45.17;48.88;56.16;45.17;-;-;45.17;44.42;42.50;43.47;48.88;43.47;43.42
Jun 10, 2018 12:00 AM;Jun 10, 2018 1:00 AM;-;50.55;45.46;45.46;46.76;67.00;45.46;-;-;45.46;39.41;39.50;43.48;50.31;43.48;39.50
Jun 10, 2018 1:00 AM;Jun 10, 2018 2:00 AM;-;43.27;43.95;43.95;38.87;45.41;43.95;-;-;43.95;37.47;36.40;39.96;44.98;39.96;36.40
Jun 10, 2018 2:00 AM;Jun 10, 2018 3:00 AM;-;45.08;43.31;43.31;33.12;44.74;43.31;-;-;43.31;34.76;33.30;38.34;43.10;38.34;33.99
Jun 10, 2018 3:00 AM;Jun 10, 2018 4:00 AM;-;46.09;42.19;42.19;29.45;43.58;42.19;-;-;42.19;33.10;32.63;37.38;37.38;37.38;32.63
Jun 10, 2018 4:00 AM;Jun 10, 2018 5:00 AM;-;50.10;42.08;42.08;24.97;46.33;42.08;-;-;42.08;32.66;31.50;37.01;40.00;37.01;32.15
Jun 10, 2018 5:00 AM;Jun 10, 2018 6:00 AM;-;50.40;42.92;42.92;21.14;46.01;42.92;-;-;42.92;30.80;29.82;35.15;44.98;35.15;30.20
Jun 10, 2018 6:00 AM;Jun 10, 2018 7:00 AM;-;49.67;44.20;44.20;22.95;45.66;44.20;-;-;44.20;30.51;29.50;35.76;37.10;35.76;29.50
Jun 10, 2018 7:00 AM;Jun 10, 2018 8:00 AM;-;50.50;45.50;45.50;27.25;47.00;45.50;-;-;45.50;31.29;31.60;38.34;38.34;38.34;32.35
Jun 10, 2018 8:00 AM;Jun 10, 2018 9:00 AM;-;48.54;46.41;46.41;28.40;45.50;46.41;-;-;46.41;34.28;33.72;38.00;38.00;38.00;34.66
Jun 10, 2018 9:00 AM;Jun 10, 2018 10:00 AM;-;46.99;46.48;46.91;30.09;44.99;46.48;-;-;46.91;32.37;33.50;37.97;53.24;53.24;36.07
Jun 10, 2018 10:00 AM;Jun 10, 2018 11:00 AM;-;42.09;47.22;47.49;31.97;45.71;47.22;-;-;47.49;30.12;31.80;35.09;55.61;55.61;40.85
Jun 10, 2018 11:00 AM;Jun 10, 2018 12:00 PM;-;41.70;47.42;47.50;36.71;48.99;47.42;-;-;47.50;30.98;31.76;35.65;52.93;52.93;40.79
Jun 10, 2018 12:00 PM;Jun 10, 2018 1:00 PM;-;38.30;47.34;47.34;35.67;48.90;47.34;-;-;47.34;30.81;31.20;33.34;46.00;46.00;38.06
Jun 10, 2018 1:00 PM;Jun 10, 2018 2:00 PM;-;36.89;47.01;47.01;34.61;46.07;47.01;-;-;47.01;26.30;30.15;32.60;39.02;39.02;35.02
Jun 10, 2018 2:00 PM;Jun 10, 2018 3:00 PM;-;41.70;46.04;46.04;30.93;44.00;46.04;-;-;46.04;25.33;28.18;30.45;37.30;37.30;33.57
Jun 10, 2018 3:00 PM;Jun 10, 2018 4:00 PM;-;34.19;45.47;45.47;29.03;33.43;45.47;-;-;45.47;26.44;28.62;31.56;40.99;40.99;37.10
Jun 10, 2018 4:00 PM;Jun 10, 2018 5:00 PM;-;38.03;45.96;45.96;30.38;40.00;45.96;-;-;45.96;28.34;31.12;33.07;50.00;50.00;44.00
Jun 10, 2018 5:00 PM;Jun 10, 2018 6:00 PM;-;41.70;46.90;46.90;34.38;40.65;46.90;-;-;46.90;33.97;34.00;37.98;52.03;52.03;42.83
Jun 10, 2018 6:00 PM;Jun 10, 2018 7:00 PM;-;53.64;46.36;47.63;41.27;54.12;47.63;-;-;47.63;39.84;42.12;46.36;56.64;56.64;47.75
Jun 10, 2018 7:00 PM;Jun 10, 2018 8:00 PM;-;49.99;49.93;49.93;49.96;50.10;48.44;-;-;48.65;45.25;47.20;49.93;60.39;60.39;55.70
Jun 10, 2018 8:00 PM;Jun 10, 2018 9:00 PM;-;54.44;49.97;49.97;46.98;54.90;48.49;-;-;48.86;46.26;48.70;49.97;62.77;62.77;59.19
Jun 10, 2018 9:00 PM;Jun 10, 2018 10:00 PM;-;53.58;49.90;49.90;46.56;52.51;48.20;-;-;48.71;46.87;48.70;49.90;64.57;64.57;59.08
Jun 10, 2018 10:00 PM;Jun 10, 2018 11:00 PM;-;57.82;49.94;49.94;53.67;73.24;48.37;-;-;48.53;47.92;49.34;49.94;58.30;58.30;55.33
Jun 10, 2018 11:00 PM;Jun 11, 2018 12:00 AM;-;50.69;46.65;46.65;48.51;58.50;46.65;-;-;46.65;40.79;42.16;46.65;51.21;51.21;44.72
Jun 11, 2018 12:00 AM;Jun 11, 2018 1:00 AM;-;59.53;39.55;45.40;39.55;62.72;45.40;-;-;45.40;39.03;37.90;39.55;52.95;39.55;37.90
Jun 11, 2018 1:00 AM;Jun 11, 2018 2:00 AM;-;46.55;38.37;42.72;33.73;44.13;42.72;-;-;42.72;36.57;35.31;38.37;51.81;38.37;35.31
Jun 11, 2018 2:00 AM;Jun 11, 2018 3:00 AM;-;46.87;37.43;42.27;30.23;43.67;42.27;-;-;42.27;33.85;34.32;37.43;49.95;37.43;34.32
Jun 11, 2018 3:00 AM;Jun 11, 2018 4:00 AM;-;58.10;37.56;41.44;21.95;51.14;41.44;-;-;41.44;32.68;34.29;37.56;44.98;37.56;34.29
Jun 11, 2018 4:00 AM;Jun 11, 2018 5:00 AM;-;59.15;37.38;41.45;20.79;51.35;41.45;-;-;41.45;31.80;34.47;37.38;44.15;37.38;34.47
Jun 11, 2018 5:00 AM;Jun 11, 2018 6:00 AM;-;49.78;38.56;44.03;29.93;45.97;44.03;-;-;44.03;35.91;38.59;38.56;50.00;38.56;38.59
Jun 11, 2018 6:00 AM;Jun 11, 2018 7:00 AM;-;59.90;49.40;50.62;41.32;56.33;47.42;-;-;50.62;45.93;52.56;49.40;62.79;53.99;52.56
Jun 11, 2018 7:00 AM;Jun 11, 2018 8:00 AM;-;56.87;56.87;89.94;56.87;56.87;47.66;-;-;62.00;53.29;61.88;56.87;68.02;61.19;71.85
Jun 11, 2018 8:00 AM;Jun 11, 2018 9:00 AM;-;65.07;49.27;144.99;61.61;64.50;47.98;-;-;64.79;60.15;64.64;63.24;73.99;63.24;72.08
Jun 11, 2018 9:00 AM;Jun 11, 2018 10:00 AM;-;68.44;48.82;144.98;63.04;75.00;47.98;-;-;64.02;60.89;62.35;56.77;71.01;71.01;77.79
Jun 11, 2018 10:00 AM;Jun 11, 2018 11:00 AM;-;68.45;48.74;67.29;63.24;76.67;48.00;-;-;63.59;55.55;56.00;55.01;67.11;67.11;75.00
Jun 11, 2018 11:00 AM;Jun 11, 2018 12:00 PM;-;72.74;48.43;65.02;63.44;69.90;48.00;-;-;65.02;54.17;54.70;51.40;65.50;65.50;74.03
Jun 11, 2018 12:00 PM;Jun 11, 2018 1:00 PM;-;61.46;48.04;64.08;56.45;59.92;48.00;-;-;64.08;51.10;52.50;49.94;62.79;62.79;77.72
Jun 11, 2018 1:00 PM;Jun 11, 2018 2:00 PM;-;57.84;47.73;63.01;53.57;58.82;47.73;-;-;63.01;49.71;50.50;47.73;63.45;63.45;77.05
Jun 11, 2018 2:00 PM;Jun 11, 2018 3:00 PM;-;51.48;47.58;60.23;49.64;52.60;47.58;-;-;60.23;49.73;48.88;47.58;68.02;68.02;75.05
Jun 11, 2018 3:00 PM;Jun 11, 2018 4:00 PM;-;50.21;47.65;55.99;49.21;51.05;47.65;-;-;55.99;48.67;50.43;47.79;70.00;70.00;75.03
Jun 11, 2018 4:00 PM;Jun 11, 2018 5:00 PM;-;49.66;46.00;54.08;49.66;49.66;47.56;-;-;54.08;48.75;51.50;49.66;71.60;71.60;74.08
Jun 11, 2018 5:00 PM;Jun 11, 2018 6:00 PM;-;50.93;49.71;49.71;50.93;50.93;47.92;-;-;49.71;52.14;54.50;50.93;71.60;71.60;73.58
Jun 11, 2018 6:00 PM;Jun 11, 2018 7:00 PM;-;53.48;48.84;48.84;53.48;53.48;47.95;-;-;48.84;56.60;58.35;53.48;71.60;69.58;64.96
Jun 11, 2018 7:00 PM;Jun 11, 2018 8:00 PM;-;54.94;48.54;48.54;54.94;54.94;47.98;-;-;48.54;58.48;62.45;54.94;71.60;54.94;64.00
Jun 11, 2018 8:00 PM;Jun 11, 2018 9:00 PM;-;56.74;47.80;47.80;52.94;56.03;47.80;-;-;47.80;53.99;57.65;54.70;69.22;61.10;66.00
Jun 11, 2018 9:00 PM;Jun 11, 2018 10:00 PM;-;50.87;47.59;47.59;50.87;50.87;47.59;-;-;47.59;50.65;54.00;50.87;68.02;57.00;64.06
Jun 11, 2018 10:00 PM;Jun 11, 2018 11:00 PM;-;49.47;47.53;47.53;49.47;49.47;47.53;-;-;47.53;49.94;52.49;49.47;66.02;49.47;58.45
Jun 11, 2018 11:00 PM;Jun 12, 2018 12:00 AM;-;46.54;45.06;45.06;46.33;46.55;45.06;-;-;45.06;45.69;46.64;46.17;62.79;57.01;49.05
Jun 12, 2018 12:00 AM;Jun 12, 2018 1:00 AM;-;40.93;40.93;41.93;40.93;40.93;41.93;-;-;41.93;40.85;40.80;40.93;52.18;40.93;41.61
Jun 12, 2018 1:00 AM;Jun 12, 2018 2:00 AM;-;39.48;39.48;40.45;39.48;39.48;40.45;-;-;40.45;38.74;39.30;39.48;47.20;39.48;39.58
Jun 12, 2018 2:00 AM;Jun 12, 2018 3:00 AM;-;38.54;38.54;39.04;38.54;38.54;39.04;-;-;39.04;37.74;37.60;38.54;39.70;38.54;37.60
Jun 12, 2018 3:00 AM;Jun 12, 2018 4:00 AM;-;44.00;39.95;39.95;27.27;42.72;39.95;-;-;39.95;37.39;37.89;37.28;39.00;37.28;37.89
Jun 12, 2018 4:00 AM;Jun 12, 2018 5:00 AM;-;48.88;37.34;39.10;24.27;44.68;39.10;-;-;39.10;37.32;37.41;37.34;39.00;37.34;37.41
Jun 12, 2018 5:00 AM;Jun 12, 2018 6:00 AM;-;44.80;38.02;41.92;29.89;43.31;41.92;-;-;41.92;38.61;39.37;38.02;40.00;38.02;39.37
Jun 12, 2018 6:00 AM;Jun 12, 2018 7:00 AM;-;51.34;44.02;46.72;37.93;48.42;46.72;-;-;46.72;46.97;47.74;44.02;57.10;57.10;55.07
Jun 12, 2018 7:00 AM;Jun 12, 2018 8:00 AM;-;55.02;56.11;145.26;55.02;55.02;47.74;-;-;61.13;55.12;56.00;55.02;67.67;67.67;72.77
Jun 12, 2018 8:00 AM;Jun 12, 2018 9:00 AM;-;59.46;59.46;145.36;59.46;59.46;48.49;-;-;64.44;61.13;61.36;59.46;70.02;70.02;79.43
Jun 12, 2018 9:00 AM;Jun 12, 2018 10:00 AM;-;59.27;59.27;153.87;59.27;59.27;48.51;-;-;63.72;58.07;58.54;59.27;69.00;69.00;74.06
Jun 12, 2018 10:00 AM;Jun 12, 2018 11:00 AM;-;56.96;56.96;168.63;56.96;56.96;48.61;-;-;69.48;57.05;56.96;56.96;65.67;65.67;75.16
Jun 12, 2018 11:00 AM;Jun 12, 2018 12:00 PM;-;59.17;59.17;168.68;59.17;59.17;48.48;-;-;79.78;56.44;56.07;59.17;63.38;63.38;79.03
Jun 12, 2018 12:00 PM;Jun 12, 2018 1:00 PM;-;58.15;58.15;168.66;58.15;58.15;49.11;-;-;83.04;53.71;52.55;58.15;58.15;63.00;90.01
Jun 12, 2018 1:00 PM;Jun 12, 2018 2:00 PM;-;56.52;56.52;168.68;56.52;56.52;49.09;-;-;83.05;52.78;50.80;56.52;58.41;66.00;96.06
Jun 12, 2018 2:00 PM;Jun 12, 2018 3:00 PM;-;53.90;53.90;168.64;53.90;53.90;49.08;-;-;69.41;51.17;50.11;53.90;60.57;60.57;90.04
Jun 12, 2018 3:00 PM;Jun 12, 2018 4:00 PM;-;51.50;51.50;149.94;51.50;51.50;48.85;-;-;70.36;50.53;50.31;51.50;63.43;63.43;90.05
Jun 12, 2018 4:00 PM;Jun 12, 2018 5:00 PM;-;50.98;50.98;171.84;50.98;50.98;48.38;-;-;63.72;50.72;50.93;50.98;66.02;66.02;71.78
Jun 12, 2018 5:00 PM;Jun 12, 2018 6:00 PM;-;51.62;51.62;58.74;51.62;51.62;48.14;-;-;58.74;51.80;51.77;51.62;65.68;65.68;68.11
Jun 12, 2018 6:00 PM;Jun 12, 2018 7:00 PM;-;52.93;52.93;56.31;52.93;52.93;47.97;-;-;56.31;53.41;53.81;52.93;63.39;63.39;70.02
Jun 12, 2018 7:00 PM;Jun 12, 2018 8:00 PM;-;54.08;54.08;56.20;54.08;54.08;47.90;-;-;56.20;54.57;54.96;54.08;66.02;66.02;70.55
Jun 12, 2018 8:00 PM;Jun 12, 2018 9:00 PM;-;52.78;52.78;54.08;52.78;52.78;47.82;-;-;54.08;52.37;52.40;52.78;66.02;66.02;69.09
Jun 12, 2018 9:00 PM;Jun 12, 2018 10:00 PM;-;48.94;48.94;50.15;48.94;48.94;47.38;-;-;50.15;49.54;49.50;48.94;65.00;65.00;69.00
Jun 12, 2018 10:00 PM;Jun 12, 2018 11:00 PM;-;50.29;50.29;50.29;50.29;50.29;47.98;-;-;50.29;48.54;47.73;50.29;56.96;56.96;62.05
Jun 12, 2018 11:00 PM;Jun 13, 2018 12:00 AM;-;47.07;46.27;46.27;46.62;47.07;46.27;-;-;46.27;44.96;43.62;46.27;52.95;52.95;51.10
Jun 13, 2018 12:00 AM;Jun 13, 2018 1:00 AM;-;41.41;39.50;46.18;40.60;42.30;46.18;-;-;46.18;41.06;41.49;39.50;53.29;39.50;41.49
Jun 13, 2018 1:00 AM;Jun 13, 2018 2:00 AM;-;39.86;38.40;44.09;38.40;42.00;44.09;-;-;44.09;37.69;39.00;38.40;51.59;38.40;39.00
Jun 13, 2018 2:00 AM;Jun 13, 2018 3:00 AM;-;37.98;42.39;42.39;37.98;37.98;42.39;-;-;42.39;36.21;38.30;37.98;40.77;37.98;38.30
Jun 13, 2018 3:00 AM;Jun 13, 2018 4:00 AM;-;41.40;41.97;41.97;33.67;39.81;41.97;-;-;41.97;34.06;36.70;37.17;40.00;40.00;36.70
Jun 13, 2018 4:00 AM;Jun 13, 2018 5:00 AM;-;41.80;41.56;41.56;33.28;39.99;41.56;-;-;41.56;34.51;37.40;37.13;39.87;39.87;37.40
Jun 13, 2018 5:00 AM;Jun 13, 2018 6:00 AM;-;38.72;39.90;46.16;38.72;38.72;43.74;-;-;46.16;35.62;38.30;38.72;40.77;40.77;39.70
Jun 13, 2018 6:00 AM;Jun 13, 2018 7:00 AM;-;46.06;44.44;47.13;43.08;45.46;46.81;-;-;47.13;41.66;45.00;44.44;54.52;54.52;56.81
Jun 13, 2018 7:00 AM;Jun 13, 2018 8:00 AM;-;54.05;54.05;60.06;54.05;54.05;47.83;-;-;60.06;51.78;55.00;54.05;61.66;61.66;74.07
Jun 13, 2018 8:00 AM;Jun 13, 2018 9:00 AM;-;55.77;55.77;68.36;55.77;55.77;47.96;-;-;68.36;55.71;56.70;55.77;64.94;64.94;83.05
Jun 13, 2018 9:00 AM;Jun 13, 2018 10:00 AM;-;55.56;54.68;71.56;55.20;56.09;48.70;-;-;71.56;54.63;57.00;54.68;63.38;63.38;85.86
Jun 13, 2018 10:00 AM;Jun 13, 2018 11:00 AM;-;54.94;54.94;70.26;54.94;54.94;48.86;-;-;70.26;53.75;55.34;54.94;62.81;62.81;85.86
Jun 13, 2018 11:00 AM;Jun 13, 2018 12:00 PM;-;55.00;55.00;69.10;55.00;55.00;49.26;-;-;69.10;53.17;55.83;55.00;62.81;62.81;85.86
Jun 13, 2018 12:00 PM;Jun 13, 2018 1:00 PM;-;53.03;53.03;65.07;53.03;53.03;49.21;-;-;65.07;52.01;55.00;53.03;55.96;57.00;77.47
Jun 13, 2018 1:00 PM;Jun 13, 2018 2:00 PM;-;51.10;59.63;59.63;51.10;51.10;48.22;-;-;59.63;50.64;53.87;51.10;55.99;55.99;74.70
Jun 13, 2018 2:00 PM;Jun 13, 2018 3:00 PM;-;49.52;55.40;55.40;49.52;49.52;47.93;-;-;55.40;49.54;51.00;49.52;62.81;62.81;70.38
Jun 13, 2018 3:00 PM;Jun 13, 2018 4:00 PM;-;48.91;52.41;52.41;48.91;48.91;47.35;-;-;52.41;48.72;49.32;48.91;63.37;63.37;69.94
Jun 13, 2018 4:00 PM;Jun 13, 2018 5:00 PM;-;47.17;49.27;49.27;47.17;47.17;47.25;-;-;49.27;48.47;48.97;47.17;63.38;63.38;71.92
Jun 13, 2018 5:00 PM;Jun 13, 2018 6:00 PM;-;49.03;49.03;49.35;49.03;49.03;47.46;-;-;49.35;49.56;50.16;49.03;65.00;65.00;65.65
Jun 13, 2018 6:00 PM;Jun 13, 2018 7:00 PM;-;53.22;51.96;52.12;52.70;54.00;47.58;-;-;52.12;52.08;53.90;51.96;62.81;62.81;65.20
Jun 13, 2018 7:00 PM;Jun 13, 2018 8:00 PM;-;56.24;53.06;53.06;54.94;58.38;47.78;-;-;53.06;52.97;54.50;53.06;66.16;66.16;68.87
Jun 13, 2018 8:00 PM;Jun 13, 2018 9:00 PM;-;58.66;52.91;52.91;53.73;60.70;47.84;-;-;52.91;52.70;55.00;52.91;66.90;66.90;70.95
Jun 13, 2018 9:00 PM;Jun 13, 2018 10:00 PM;-;52.97;52.97;52.97;52.97;52.97;47.79;-;-;52.97;51.56;52.68;52.97;66.16;66.16;67.09
Jun 13, 2018 10:00 PM;Jun 13, 2018 11:00 PM;-;59.36;51.24;51.24;54.53;59.56;47.95;-;-;51.24;53.03;53.20;51.24;62.09;62.09;56.78
Jun 13, 2018 11:00 PM;Jun 14, 2018 12:00 AM;-;51.76;46.91;46.91;48.98;51.77;46.91;-;-;46.91;49.30;48.00;46.91;54.93;49.10;51.01
Jun 14, 2018 12:00 AM;Jun 14, 2018 1:00 AM;-;46.69;46.69;47.25;46.69;46.69;47.25;-;-;47.25;44.61;42.06;46.69;53.90;46.69;44.80
Jun 14, 2018 1:00 AM;Jun 14, 2018 2:00 AM;-;41.46;40.00;45.54;38.76;40.91;45.54;-;-;45.54;39.95;40.75;40.00;53.11;40.00;40.75
Jun 14, 2018 2:00 AM;Jun 14, 2018 3:00 AM;-;40.80;43.65;43.65;38.16;40.27;43.65;-;-;43.65;38.63;39.26;39.37;48.27;39.37;39.26
Jun 14, 2018 3:00 AM;Jun 14, 2018 4:00 AM;-;43.40;42.98;42.98;31.81;41.08;42.98;-;-;42.98;37.55;38.59;37.14;45.00;37.14;38.59
Jun 14, 2018 4:00 AM;Jun 14, 2018 5:00 AM;-;45.03;43.08;43.08;28.39;41.70;43.08;-;-;43.08;36.40;37.08;36.04;45.71;36.04;37.08
Jun 14, 2018 5:00 AM;Jun 14, 2018 6:00 AM;-;43.03;44.90;44.90;33.08;41.10;44.90;-;-;44.90;38.25;38.47;37.66;50.47;37.66;39.56
Jun 14, 2018 6:00 AM;Jun 14, 2018 7:00 AM;-;43.89;40.26;46.40;37.19;42.55;46.40;-;-;46.40;43.02;44.25;40.26;59.41;59.41;56.45
Jun 14, 2018 7:00 AM;Jun 14, 2018 8:00 AM;-;51.47;52.49;52.49;51.02;51.38;47.95;-;-;52.49;52.98;52.01;51.23;67.59;67.59;67.03
Jun 14, 2018 8:00 AM;Jun 14, 2018 9:00 AM;-;57.35;55.38;56.74;56.53;58.47;49.28;-;-;56.74;54.16;53.90;55.38;70.26;70.26;70.67
Jun 14, 2018 9:00 AM;Jun 14, 2018 10:00 AM;-;59.11;49.76;53.62;55.17;66.08;48.90;-;-;53.62;51.00;49.45;49.76;69.41;69.41;70.62
Jun 14, 2018 10:00 AM;Jun 14, 2018 11:00 AM;-;53.88;45.65;65.04;50.42;60.00;48.09;-;-;65.04;48.26;48.00;45.65;67.59;67.59;68.04
Jun 14, 2018 11:00 AM;Jun 14, 2018 12:00 PM;-;53.91;47.52;47.52;49.63;59.26;47.52;-;-;47.52;46.53;46.00;43.76;61.18;61.18;64.14
Jun 14, 2018 12:00 PM;Jun 14, 2018 1:00 PM;-;49.37;47.34;47.46;44.83;55.06;47.34;-;-;47.46;42.89;43.25;38.59;58.13;68.99;70.62
Jun 14, 2018 1:00 PM;Jun 14, 2018 2:00 PM;-;45.58;47.25;47.25;42.23;49.77;47.25;-;-;47.25;41.01;40.25;37.63;58.13;59.55;60.96
Jun 14, 2018 2:00 PM;Jun 14, 2018 3:00 PM;-;48.37;46.19;47.08;43.08;47.02;46.19;-;-;47.08;39.34;38.51;37.16;60.15;60.15;64.32
Jun 14, 2018 3:00 PM;Jun 14, 2018 4:00 PM;-;41.90;45.33;46.74;40.10;45.08;45.33;-;-;46.74;39.59;39.94;37.63;60.17;60.17;64.48
Jun 14, 2018 4:00 PM;Jun 14, 2018 5:00 PM;-;41.60;40.32;45.92;40.25;44.00;45.87;-;-;45.92;41.37;41.74;38.40;63.59;63.59;64.65
Jun 14, 2018 5:00 PM;Jun 14, 2018 6:00 PM;-;49.06;43.95;46.75;46.86;52.85;46.75;-;-;46.75;45.07;45.88;43.95;63.60;63.60;67.66
Jun 14, 2018 6:00 PM;Jun 14, 2018 7:00 PM;-;59.00;50.67;50.67;55.39;65.20;47.07;-;-;50.67;49.92;50.01;50.67;64.29;64.29;65.46
Jun 14, 2018 7:00 PM;Jun 14, 2018 8:00 PM;-;59.86;51.98;51.98;57.02;65.20;47.22;-;-;51.98;52.56;51.35;53.26;69.41;69.41;68.52
Jun 14, 2018 8:00 PM;Jun 14, 2018 9:00 PM;-;57.03;47.20;47.20;54.42;61.92;47.20;-;-;47.20;52.12;51.22;50.97;69.41;69.41;69.48
Jun 14, 2018 9:00 PM;Jun 14, 2018 10:00 PM;-;53.86;46.90;46.90;51.75;58.20;46.90;-;-;46.90;50.74;49.97;48.95;69.41;69.41;68.20
Jun 14, 2018 10:00 PM;Jun 14, 2018 11:00 PM;-;64.89;47.51;46.37;57.44;77.08;46.23;-;-;46.37;50.12;48.68;47.51;62.51;62.51;64.18
Jun 14, 2018 11:00 PM;Jun 15, 2018 12:00 AM;-;61.96;39.91;41.19;52.19;67.94;41.19;-;-;41.19;44.31;43.63;39.91;57.10;57.10;55.01
Jun 15, 2018 12:00 AM;Jun 15, 2018 1:00 AM;-;45.32;39.10;40.06;42.59;49.83;40.06;-;-;40.06;42.80;41.67;39.10;57.06;39.10;41.67
Jun 15, 2018 1:00 AM;Jun 15, 2018 2:00 AM;-;40.09;38.75;38.75;39.32;40.03;38.75;-;-;38.75;40.17;40.00;38.75;51.43;38.75;40.00
Jun 15, 2018 2:00 AM;Jun 15, 2018 3:00 AM;-;39.30;37.80;37.80;36.58;38.75;37.80;-;-;37.80;39.43;38.80;37.80;41.14;37.80;38.80
Jun 15, 2018 3:00 AM;Jun 15, 2018 4:00 AM;-;45.20;36.23;36.77;29.00;41.92;36.77;-;-;36.77;38.91;38.84;36.23;39.00;36.23;38.84
Jun 15, 2018 4:00 AM;Jun 15, 2018 5:00 AM;-;47.38;37.06;37.73;28.61;43.33;37.73;-;-;37.73;38.81;38.89;37.06;39.00;37.06;38.89
Jun 15, 2018 5:00 AM;Jun 15, 2018 6:00 AM;-;45.66;39.58;41.92;34.75;43.30;41.92;-;-;41.92;40.89;41.50;39.58;39.58;39.58;41.50
Jun 15, 2018 6:00 AM;Jun 15, 2018 7:00 AM;-;60.00;50.36;48.03;42.50;56.31;46.46;-;-;48.03;46.75;49.00;50.36;51.88;51.88;55.24
Jun 15, 2018 7:00 AM;Jun 15, 2018 8:00 AM;-;59.92;59.92;59.92;59.92;59.92;46.75;-;-;59.92;54.46;58.92;59.92;59.92;59.92;65.84
Jun 15, 2018 8:00 AM;Jun 15, 2018 9:00 AM;-;61.90;61.90;63.42;61.90;61.90;47.04;-;-;63.42;60.89;62.00;61.90;61.90;61.90;63.67
Jun 15, 2018 9:00 AM;Jun 15, 2018 10:00 AM;-;63.98;60.08;61.07;61.76;63.85;47.16;-;-;61.07;58.62;58.70;60.08;61.76;60.26;61.75
Jun 15, 2018 10:00 AM;Jun 15, 2018 11:00 AM;-;66.52;56.24;57.62;60.67;66.16;47.34;-;-;57.62;55.73;56.00;56.24;60.67;60.67;60.54
Jun 15, 2018 11:00 AM;Jun 15, 2018 12:00 PM;-;65.85;55.37;56.73;59.88;65.63;47.30;-;-;56.73;54.05;54.49;55.37;59.88;59.88;61.85
Jun 15, 2018 12:00 PM;Jun 15, 2018 1:00 PM;-;59.73;53.46;53.71;56.16;59.27;46.98;-;-;53.71;51.36;51.60;53.46;56.16;56.16;57.98
Jun 15, 2018 1:00 PM;Jun 15, 2018 2:00 PM;-;63.26;49.24;49.24;55.29;62.88;46.88;-;-;49.24;50.78;49.84;49.24;55.29;55.29;57.08
Jun 15, 2018 2:00 PM;Jun 15, 2018 3:00 PM;-;59.93;47.76;47.76;52.99;59.40;46.66;-;-;47.76;48.72;47.63;47.76;58.58;58.58;57.95
Jun 15, 2018 3:00 PM;Jun 15, 2018 4:00 PM;-;56.02;47.91;47.91;51.40;55.55;46.11;-;-;47.91;48.63;48.20;47.91;58.67;58.67;56.99
Jun 15, 2018 4:00 PM;Jun 15, 2018 5:00 PM;-;53.15;48.06;48.06;50.25;52.93;45.92;-;-;48.06;49.00;48.89;48.06;56.69;56.69;57.09
Jun 15, 2018 5:00 PM;Jun 15, 2018 6:00 PM;-;66.48;49.94;49.94;56.69;66.48;46.15;-;-;48.74;52.43;52.02;49.94;56.69;49.94;56.04
Jun 15, 2018 6:00 PM;Jun 15, 2018 7:00 PM;-;60.02;53.97;53.97;56.23;60.27;46.37;-;-;52.68;54.56;55.82;53.97;59.41;53.97;56.77
Jun 15, 2018 7:00 PM;Jun 15, 2018 8:00 PM;-;56.35;56.35;56.35;56.35;56.35;46.35;-;-;55.00;55.70;57.00;56.35;59.90;56.35;58.81
Jun 15, 2018 8:00 PM;Jun 15, 2018 9:00 PM;-;56.10;56.10;56.10;56.10;56.10;46.16;-;-;54.75;54.02;55.50;56.10;59.97;59.97;59.07
Jun 15, 2018 9:00 PM;Jun 15, 2018 10:00 PM;-;60.25;53.93;53.93;56.49;60.25;46.09;-;-;52.64;52.04;52.91;53.93;59.97;53.93;53.97
Jun 15, 2018 10:00 PM;Jun 15, 2018 11:00 PM;-;64.28;50.92;50.92;56.53;63.98;46.12;-;-;48.03;51.78;52.40;50.92;58.94;50.92;54.14
Jun 15, 2018 11:00 PM;Jun 16, 2018 12:00 AM;-;58.44;46.68;46.68;51.63;58.08;45.56;-;-;45.56;48.44;47.70;46.68;52.07;46.68;48.04
Jun 16, 2018 12:00 AM;Jun 16, 2018 1:00 AM;-;45.37;43.92;43.92;44.52;45.37;43.92;-;-;43.92;44.03;42.99;43.92;58.97;43.92;43.40
Jun 16, 2018 1:00 AM;Jun 16, 2018 2:00 AM;-;42.89;40.57;41.65;41.43;43.03;41.65;-;-;41.65;40.25;39.40;40.57;58.97;40.57;39.42
Jun 16, 2018 2:00 AM;Jun 16, 2018 3:00 AM;-;40.96;41.01;41.01;35.48;42.37;41.01;-;-;41.01;37.87;37.01;38.03;55.92;38.03;37.01
Jun 16, 2018 3:00 AM;Jun 16, 2018 4:00 AM;-;41.83;40.71;40.71;33.10;42.06;40.71;-;-;40.71;36.84;35.51;37.15;52.43;37.15;35.51
Jun 16, 2018 4:00 AM;Jun 16, 2018 5:00 AM;-;44.68;40.29;40.29;28.59;41.62;40.29;-;-;40.29;36.82;35.01;36.09;50.80;36.09;35.01
Jun 16, 2018 5:00 AM;Jun 16, 2018 6:00 AM;-;46.06;41.28;41.28;28.13;42.65;41.28;-;-;41.28;36.63;35.01;36.48;49.39;36.48;35.01
Jun 16, 2018 6:00 AM;Jun 16, 2018 7:00 AM;-;43.86;42.04;42.04;32.76;41.87;42.04;-;-;42.04;36.19;35.61;37.92;51.10;37.92;35.61
Jun 16, 2018 7:00 AM;Jun 16, 2018 8:00 AM;-;45.70;43.72;43.72;34.62;43.52;43.72;-;-;43.72;39.85;40.34;39.76;53.05;53.05;42.24
Jun 16, 2018 8:00 AM;Jun 16, 2018 9:00 AM;-;47.34;45.83;45.83;39.10;45.72;44.26;-;-;45.83;42.07;42.40;42.91;58.41;58.41;49.95
Jun 16, 2018 9:00 AM;Jun 16, 2018 10:00 AM;-;44.71;46.40;46.40;41.52;44.11;44.59;-;-;46.40;41.45;41.73;43.00;58.03;58.03;55.94
Jun 16, 2018 10:00 AM;Jun 16, 2018 11:00 AM;-;43.37;46.61;46.61;39.68;43.38;44.82;-;-;46.61;39.39;39.20;41.39;54.88;54.88;55.09
Jun 16, 2018 11:00 AM;Jun 16, 2018 12:00 PM;-;43.00;46.23;46.23;41.07;43.34;44.77;-;-;46.23;38.37;38.10;39.92;50.35;53.75;49.08
Jun 16, 2018 12:00 PM;Jun 16, 2018 1:00 PM;-;43.04;45.40;45.40;39.35;43.25;44.68;-;-;45.40;37.97;37.01;37.16;42.50;57.00;49.08
Jun 16, 2018 1:00 PM;Jun 16, 2018 2:00 PM;-;35.60;44.87;44.87;35.60;42.80;44.22;-;-;44.87;36.32;35.72;35.60;37.00;37.10;43.27
Jun 16, 2018 2:00 PM;Jun 16, 2018 3:00 PM;-;36.10;44.51;44.51;34.65;42.94;44.36;-;-;44.51;34.67;35.00;32.64;37.10;37.10;42.76
Jun 16, 2018 3:00 PM;Jun 16, 2018 4:00 PM;-;37.33;44.47;44.47;36.18;42.76;44.17;-;-;44.47;35.67;35.40;34.59;38.50;38.50;42.87
Jun 16, 2018 4:00 PM;Jun 16, 2018 5:00 PM;-;37.45;44.72;44.72;36.45;42.68;44.09;-;-;44.72;36.27;36.01;35.06;42.00;42.00;43.16
Jun 16, 2018 5:00 PM;Jun 16, 2018 6:00 PM;-;39.93;45.53;45.53;35.81;42.47;44.03;-;-;45.53;38.60;38.45;38.82;52.58;52.58;43.83
Jun 16, 2018 6:00 PM;Jun 16, 2018 7:00 PM;-;45.63;46.02;46.02;43.11;46.30;44.68;-;-;46.02;43.07;45.28;44.91;56.69;56.69;49.30
Jun 16, 2018 7:00 PM;Jun 16, 2018 8:00 PM;-;46.80;46.80;46.80;46.80;46.80;45.27;-;-;46.80;46.00;47.20;46.80;58.97;58.97;52.11
Jun 16, 2018 8:00 PM;Jun 16, 2018 9:00 PM;-;46.08;46.08;46.08;46.08;46.08;44.61;-;-;46.08;44.90;47.12;46.08;59.00;59.00;57.90
Jun 16, 2018 9:00 PM;Jun 16, 2018 10:00 PM;-;46.33;45.66;45.66;45.08;46.08;44.61;-;-;45.66;44.33;46.60;45.66;61.49;61.49;60.92
Jun 16, 2018 10:00 PM;Jun 16, 2018 11:00 PM;-;46.31;46.31;46.31;46.31;46.31;44.83;-;-;46.10;46.79;46.20;46.31;55.67;46.31;49.58
Jun 16, 2018 11:00 PM;Jun 17, 2018 12:00 AM;-;50.25;44.24;44.24;46.47;50.10;44.24;-;-;44.24;42.36;41.52;44.24;55.00;44.24;41.52
Jun 17, 2018 12:00 AM;Jun 17, 2018 1:00 AM;-;41.57;41.57;43.87;41.57;41.57;43.87;-;-;43.87;40.16;37.09;41.57;49.00;41.57;40.13
Jun 17, 2018 1:00 AM;Jun 17, 2018 2:00 AM;-;37.85;42.09;42.09;37.85;37.85;42.09;-;-;42.09;35.18;33.50;37.85;39.00;37.85;35.08
Jun 17, 2018 2:00 AM;Jun 17, 2018 3:00 AM;-;30.29;40.42;40.42;30.29;35.00;40.42;-;-;40.42;30.72;30.00;30.29;38.38;30.29;30.46
Jun 17, 2018 3:00 AM;Jun 17, 2018 4:00 AM;-;20.73;40.02;40.02;20.73;28.00;40.02;-;-;40.02;25.62;27.10;20.73;33.80;20.73;28.49
Jun 17, 2018 4:00 AM;Jun 17, 2018 5:00 AM;-;19.82;39.60;39.60;19.82;28.00;39.60;-;-;39.60;23.89;25.00;19.82;38.38;19.82;25.56
Jun 17, 2018 5:00 AM;Jun 17, 2018 6:00 AM;-;17.65;39.64;39.64;17.65;17.65;39.64;-;-;39.64;21.89;22.74;17.65;39.85;17.65;23.52
Jun 17, 2018 6:00 AM;Jun 17, 2018 7:00 AM;-;15.87;40.55;40.55;15.87;15.87;40.55;-;-;40.55;22.48;22.00;15.87;38.26;15.87;23.55
Jun 17, 2018 7:00 AM;Jun 17, 2018 8:00 AM;-;18.70;41.48;41.48;18.70;28.00;41.48;-;-;41.48;24.60;25.81;18.70;39.85;18.70;32.61
Jun 17, 2018 8:00 AM;Jun 17, 2018 9:00 AM;-;20.01;42.31;43.63;20.01;28.00;42.31;-;-;43.63;23.87;23.63;20.01;39.50;39.50;40.36
Jun 17, 2018 9:00 AM;Jun 17, 2018 10:00 AM;-;18.06;42.89;44.77;18.06;39.40;42.89;-;-;44.77;22.06;24.00;18.06;46.64;19.00;45.97
Jun 17, 2018 10:00 AM;Jun 17, 2018 11:00 AM;-;16.49;43.01;45.42;16.49;35.10;43.01;-;-;45.42;21.11;21.85;16.49;53.11;16.50;42.37
Jun 17, 2018 11:00 AM;Jun 17, 2018 12:00 PM;-;18.60;37.50;45.70;18.60;30.10;42.82;-;-;45.70;20.49;21.23;18.60;44.69;39.50;42.79
Jun 17, 2018 12:00 PM;Jun 17, 2018 1:00 PM;-;30.13;14.72;45.45;23.14;36.88;42.84;-;-;45.45;17.03;18.22;14.72;46.93;46.93;42.79
Jun 17, 2018 1:00 PM;Jun 17, 2018 2:00 PM;-;22.28;4.99;44.88;14.47;34.90;42.82;-;-;44.88;16.45;16.27;4.99;39.50;39.50;38.85
Jun 17, 2018 2:00 PM;Jun 17, 2018 3:00 PM;-;12.73;0.05;44.24;7.48;40.00;42.82;-;-;44.24;13.98;13.72;0.05;39.00;39.00;37.94
Jun 17, 2018 3:00 PM;Jun 17, 2018 4:00 PM;-;11.87;1.16;44.04;7.44;34.90;42.63;-;-;44.04;15.61;15.72;1.16;43.01;43.01;38.61
Jun 17, 2018 4:00 PM;Jun 17, 2018 5:00 PM;-;9.71;9.71;44.06;9.71;33.00;42.19;-;-;44.06;18.16;18.10;9.71;55.00;39.50;39.87
Jun 17, 2018 5:00 PM;Jun 17, 2018 6:00 PM;-;16.78;16.78;44.26;16.78;41.61;42.98;-;-;44.26;24.70;25.52;16.78;55.00;39.50;45.27
Jun 17, 2018 6:00 PM;Jun 17, 2018 7:00 PM;-;41.24;32.98;44.17;26.16;42.00;44.03;-;-;44.17;34.27;35.96;32.98;56.00;39.50;45.26
Jun 17, 2018 7:00 PM;Jun 17, 2018 8:00 PM;-;48.42;43.95;45.03;36.58;47.17;45.03;-;-;45.03;41.07;42.80;43.95;56.44;43.95;44.94
Jun 17, 2018 8:00 PM;Jun 17, 2018 9:00 PM;-;52.91;45.62;45.62;39.59;50.13;45.62;-;-;45.62;42.94;45.26;45.62;56.72;55.00;52.13
Jun 17, 2018 9:00 PM;Jun 17, 2018 10:00 PM;-;54.87;45.85;45.85;38.39;51.42;45.85;-;-;45.85;43.37;46.07;45.85;62.47;62.47;54.59
Jun 17, 2018 10:00 PM;Jun 17, 2018 11:00 PM;-;49.40;47.11;47.11;45.22;48.52;45.81;-;-;45.81;45.99;47.65;47.11;59.99;47.11;49.47
Jun 17, 2018 11:00 PM;Jun 18, 2018 12:00 AM;-;45.50;44.40;44.40;45.50;45.87;44.40;-;-;44.40;44.23;43.27;45.50;55.13;45.50;43.27
Jun 18, 2018 12:00 AM;Jun 18, 2018 1:00 AM;-;49.34;37.91;43.46;41.43;49.73;43.46;-;-;43.46;38.76;37.03;37.91;41.43;37.91;37.03
Jun 18, 2018 1:00 AM;Jun 18, 2018 2:00 AM;-;37.01;37.01;40.50;37.01;37.01;40.50;-;-;40.50;36.08;34.68;37.01;37.01;37.01;34.68
Jun 18, 2018 2:00 AM;Jun 18, 2018 3:00 AM;-;35.40;35.40;39.01;35.40;37.76;39.01;-;-;39.01;34.09;32.68;35.40;35.40;35.40;32.68
Jun 18, 2018 3:00 AM;Jun 18, 2018 4:00 AM;-;33.83;37.69;37.69;31.39;36.49;37.69;-;-;37.69;33.98;31.69;32.49;34.00;32.49;31.69
Jun 18, 2018 4:00 AM;Jun 18, 2018 5:00 AM;-;37.31;32.88;36.82;29.22;35.64;36.82;-;-;36.82;33.61;31.98;32.88;34.00;32.88;31.98
Jun 18, 2018 5:00 AM;Jun 18, 2018 6:00 AM;-;37.55;34.99;40.85;32.88;36.63;40.85;-;-;40.85;37.00;35.50;34.99;38.76;38.76;35.50
Jun 18, 2018 6:00 AM;Jun 18, 2018 7:00 AM;-;44.50;46.98;44.68;40.38;46.46;44.68;-;-;44.68;45.09;46.23;46.98;55.00;55.00;47.94
Jun 18, 2018 7:00 AM;Jun 18, 2018 8:00 AM;-;54.05;54.05;54.05;54.05;54.05;46.55;-;-;54.05;52.70;55.50;54.05;59.65;59.65;56.18
Jun 18, 2018 8:00 AM;Jun 18, 2018 9:00 AM;-;57.76;52.06;52.06;55.48;63.05;47.25;-;-;50.81;54.60;58.00;52.06;61.25;61.25;64.57
Jun 18, 2018 9:00 AM;Jun 18, 2018 10:00 AM;-;62.56;46.98;46.98;55.48;77.63;46.91;-;-;46.91;51.22;55.18;46.98;61.00;61.00;67.50
Jun 18, 2018 10:00 AM;Jun 18, 2018 11:00 AM;-;58.38;45.93;45.99;52.33;70.30;45.99;-;-;45.99;48.09;50.50;45.93;58.65;58.65;68.87
Jun 18, 2018 11:00 AM;Jun 18, 2018 12:00 PM;-;58.26;45.59;45.59;51.81;70.09;45.59;-;-;45.59;47.93;49.82;45.59;58.09;58.09;70.57
Jun 18, 2018 12:00 PM;Jun 18, 2018 1:00 PM;-;55.13;44.98;44.98;49.60;63.19;44.98;-;-;44.98;45.45;47.00;43.90;56.38;69.00;100.00
Jun 18, 2018 1:00 PM;Jun 18, 2018 2:00 PM;-;49.42;45.02;45.02;46.04;55.00;45.02;-;-;45.02;45.91;45.06;43.50;56.38;60.10;100.00
Jun 18, 2018 2:00 PM;Jun 18, 2018 3:00 PM;-;48.23;44.84;44.84;45.69;52.51;44.84;-;-;44.84;45.30;43.44;43.77;59.00;59.00;100.00
Jun 18, 2018 3:00 PM;Jun 18, 2018 4:00 PM;-;48.01;44.98;44.98;46.39;51.15;44.98;-;-;44.98;44.90;44.76;44.98;59.65;59.65;100.00
Jun 18, 2018 4:00 PM;Jun 18, 2018 5:00 PM;-;47.68;44.07;44.58;45.92;51.17;44.58;-;-;44.58;44.79;45.20;44.07;60.00;60.00;66.56
Jun 18, 2018 5:00 PM;Jun 18, 2018 6:00 PM;-;47.95;45.54;45.54;45.88;52.51;45.54;-;-;45.54;45.35;47.50;45.54;59.99;59.99;65.31
Jun 18, 2018 6:00 PM;Jun 18, 2018 7:00 PM;-;50.13;48.78;48.78;50.07;50.26;46.14;-;-;48.78;49.81;51.80;49.98;59.90;59.90;60.04
Jun 18, 2018 7:00 PM;Jun 18, 2018 8:00 PM;-;52.02;49.87;49.87;51.65;52.84;45.86;-;-;49.87;51.91;54.60;51.09;62.27;62.27;61.56
Jun 18, 2018 8:00 PM;Jun 18, 2018 9:00 PM;-;50.81;49.59;49.59;50.81;50.81;45.30;-;-;49.59;51.84;54.50;50.81;62.29;62.29;65.73
Jun 18, 2018 9:00 PM;Jun 18, 2018 10:00 PM;-;50.00;44.90;44.90;50.00;50.00;44.90;-;-;44.90;50.29;51.36;50.00;61.30;61.30;65.56
Jun 18, 2018 10:00 PM;Jun 18, 2018 11:00 PM;-;49.93;44.20;44.20;49.93;49.93;44.20;-;-;44.20;48.27;49.16;49.93;59.18;59.18;61.56
Jun 18, 2018 11:00 PM;Jun 19, 2018 12:00 AM;-;45.08;41.59;41.59;45.03;45.24;41.59;-;-;41.59;44.26;43.26;44.96;55.08;55.08;48.07
Jun 19, 2018 12:00 AM;Jun 19, 2018 1:00 AM;-;40.10;39.26;39.65;39.75;41.21;39.89;-;-;39.65;42.04;39.10;39.26;58.00;58.00;42.33
Jun 19, 2018 1:00 AM;Jun 19, 2018 2:00 AM;-;38.16;36.75;37.01;37.57;40.00;38.72;-;-;37.01;36.94;36.91;36.75;53.40;36.75;36.91
Jun 19, 2018 2:00 AM;Jun 19, 2018 3:00 AM;-;36.22;34.03;34.03;35.31;39.20;37.94;-;-;34.03;35.06;34.87;34.03;45.01;34.03;34.87
Jun 19, 2018 3:00 AM;Jun 19, 2018 4:00 AM;-;32.05;26.82;26.82;29.87;39.17;37.91;-;-;26.82;33.08;33.02;26.82;42.01;26.82;33.02
Jun 19, 2018 4:00 AM;Jun 19, 2018 5:00 AM;-;32.73;27.64;26.98;30.61;40.00;37.59;-;-;26.98;32.37;32.40;27.64;43.01;27.64;32.40
Jun 19, 2018 5:00 AM;Jun 19, 2018 6:00 AM;-;35.61;34.35;35.02;35.09;37.27;36.07;-;-;35.02;34.45;35.23;34.35;44.01;34.35;35.95
Jun 19, 2018 6:00 AM;Jun 19, 2018 7:00 AM;-;42.33;41.74;41.74;42.08;43.12;41.74;-;-;41.74;40.88;44.43;41.74;53.22;53.22;47.19
Jun 19, 2018 7:00 AM;Jun 19, 2018 8:00 AM;-;50.00;45.15;45.15;50.00;50.00;44.48;-;-;44.48;50.93;52.90;50.00;57.38;57.38;62.51
Jun 19, 2018 8:00 AM;Jun 19, 2018 9:00 AM;-;53.98;44.59;44.59;53.42;55.63;44.59;-;-;44.59;53.18;52.90;52.84;59.09;57.09;62.60
Jun 19, 2018 9:00 AM;Jun 19, 2018 10:00 AM;-;57.05;44.38;44.38;53.34;66.16;44.38;-;-;44.38;50.15;50.20;49.44;59.65;59.65;61.56
Jun 19, 2018 10:00 AM;Jun 19, 2018 11:00 AM;-;70.00;44.20;44.20;55.99;70.00;44.20;-;-;44.20;48.11;47.60;46.97;60.81;60.81;60.14
Jun 19, 2018 11:00 AM;Jun 19, 2018 12:00 PM;-;75.12;43.96;43.96;58.02;75.12;43.96;-;-;43.96;49.08;48.16;46.99;59.80;59.80;62.07
Jun 19, 2018 12:00 PM;Jun 19, 2018 1:00 PM;-;69.76;43.87;43.87;56.00;69.76;43.87;-;-;43.87;48.23;47.79;46.97;56.00;57.00;61.60
Jun 19, 2018 1:00 PM;Jun 19, 2018 2:00 PM;-;65.00;43.78;43.78;55.84;65.00;43.78;-;-;43.78;48.63;47.50;47.09;55.84;55.84;61.52
Jun 19, 2018 2:00 PM;Jun 19, 2018 3:00 PM;-;63.66;43.60;43.60;55.04;63.66;43.60;-;-;43.60;48.31;46.45;46.91;58.09;58.09;60.87
Jun 19, 2018 3:00 PM;Jun 19, 2018 4:00 PM;-;56.08;43.15;43.15;52.23;56.08;43.15;-;-;43.15;48.39;48.00;50.02;61.58;61.58;59.86
Jun 19, 2018 4:00 PM;Jun 19, 2018 5:00 PM;-;54.00;42.60;42.60;53.20;54.00;42.60;-;-;42.60;49.02;49.00;52.73;59.80;59.80;60.34
Jun 19, 2018 5:00 PM;Jun 19, 2018 6:00 PM;-;54.34;43.33;43.33;54.34;54.34;43.33;-;-;43.33;51.70;51.01;54.34;59.65;59.65;62.01
Jun 19, 2018 6:00 PM;Jun 19, 2018 7:00 PM;-;55.04;43.97;43.97;55.04;55.04;43.97;-;-;43.97;54.02;54.65;55.04;59.65;59.00;59.11
Jun 19, 2018 7:00 PM;Jun 19, 2018 8:00 PM;-;59.01;44.49;44.49;59.01;59.01;44.49;-;-;44.49;55.73;56.40;59.01;64.98;59.01;62.09
Jun 19, 2018 8:00 PM;Jun 19, 2018 9:00 PM;-;57.79;49.76;49.76;57.79;57.79;43.81;-;-;49.76;53.63;56.00;57.79;65.23;65.23;63.71
Jun 19, 2018 9:00 PM;Jun 19, 2018 10:00 PM;-;54.90;49.76;49.76;54.90;54.90;43.24;-;-;49.76;52.73;54.38;54.90;62.55;62.55;62.87
Jun 19, 2018 10:00 PM;Jun 19, 2018 11:00 PM;-;55.83;53.40;53.40;55.83;55.83;43.06;-;-;43.06;53.03;53.31;55.83;59.65;59.65;62.23
Jun 19, 2018 11:00 PM;Jun 20, 2018 12:00 AM;-;48.96;48.96;48.96;48.96;48.96;41.93;-;-;41.09;48.40;48.18;48.96;54.53;54.53;49.30
Jun 20, 2018 12:00 AM;Jun 20, 2018 1:00 AM;-;45.91;42.55;41.04;45.91;45.91;42.55;-;-;41.04;44.71;42.95;45.91;58.69;45.91;45.63
Jun 20, 2018 1:00 AM;Jun 20, 2018 2:00 AM;-;41.09;41.09;38.40;41.09;41.09;41.09;-;-;38.40;39.06;40.10;41.09;55.08;41.20;40.10
Jun 20, 2018 2:00 AM;Jun 20, 2018 3:00 AM;-;41.80;40.34;38.07;39.23;41.14;39.82;-;-;38.07;38.20;38.68;40.34;53.29;41.20;38.68
Jun 20, 2018 3:00 AM;Jun 20, 2018 4:00 AM;-;44.64;38.96;38.03;34.69;42.06;39.48;-;-;38.03;36.37;36.45;38.96;52.95;39.33;36.45
Jun 20, 2018 4:00 AM;Jun 20, 2018 5:00 AM;-;43.11;38.11;37.12;34.34;40.90;39.59;-;-;37.12;36.07;36.20;38.11;52.95;38.11;36.20
Jun 20, 2018 5:00 AM;Jun 20, 2018 6:00 AM;-;44.59;39.96;40.94;36.46;42.62;41.14;-;-;40.94;38.13;38.99;39.96;52.37;39.96;38.99
Jun 20, 2018 6:00 AM;Jun 20, 2018 7:00 AM;-;50.92;47.38;47.38;44.68;49.40;44.38;-;-;46.24;44.93;46.26;47.38;58.09;47.38;50.00
Jun 20, 2018 7:00 AM;Jun 20, 2018 8:00 AM;-;57.07;57.07;57.07;57.07;57.07;45.34;-;-;55.70;51.62;53.78;57.07;59.65;57.07;53.78
Jun 20, 2018 8:00 AM;Jun 20, 2018 9:00 AM;-;53.43;53.43;53.43;53.43;53.43;45.68;-;-;52.15;53.97;54.74;53.43;61.68;53.43;54.74
Jun 20, 2018 9:00 AM;Jun 20, 2018 10:00 AM;-;55.10;49.53;49.53;53.31;58.87;45.74;-;-;49.53;49.89;50.05;50.75;61.68;54.39;55.25
Jun 20, 2018 10:00 AM;Jun 20, 2018 11:00 AM;-;54.96;43.28;45.60;51.64;61.94;45.60;-;-;45.60;46.67;47.08;46.91;59.18;59.18;52.89
Jun 20, 2018 11:00 AM;Jun 20, 2018 12:00 PM;-;52.24;44.97;44.97;49.70;57.58;44.97;-;-;44.97;44.54;45.02;46.07;59.60;59.60;60.03
Jun 20, 2018 12:00 PM;Jun 20, 2018 1:00 PM;-;51.33;44.07;44.34;48.34;57.58;44.34;-;-;44.34;42.09;44.67;44.07;58.09;58.09;71.52
Jun 20, 2018 1:00 PM;Jun 20, 2018 2:00 PM;-;51.11;42.92;43.68;47.74;58.18;43.68;-;-;43.68;44.45;43.00;42.92;58.09;58.09;68.35
Jun 20, 2018 2:00 PM;Jun 20, 2018 3:00 PM;-;45.12;42.93;43.37;44.22;47.00;43.37;-;-;43.37;42.03;42.00;42.93;60.43;60.43;62.32
Jun 20, 2018 3:00 PM;Jun 20, 2018 4:00 PM;-;44.38;42.15;42.15;43.40;44.90;42.15;-;-;42.15;41.19;44.21;42.15;62.57;62.57;57.77
Jun 20, 2018 4:00 PM;Jun 20, 2018 5:00 PM;-;42.72;41.95;41.95;42.40;43.34;41.95;-;-;41.95;43.18;45.25;41.95;62.99;62.99;54.02
Jun 20, 2018 5:00 PM;Jun 20, 2018 6:00 PM;-;47.89;43.12;43.12;46.29;52.40;43.12;-;-;43.12;45.66;47.05;44.18;63.56;54.39;57.01
Jun 20, 2018 6:00 PM;Jun 20, 2018 7:00 PM;-;52.76;43.76;43.76;52.76;52.76;43.76;-;-;43.76;49.50;51.62;52.76;66.97;52.76;51.62
Jun 20, 2018 7:00 PM;Jun 20, 2018 8:00 PM;-;59.06;43.56;43.56;59.06;59.06;43.56;-;-;43.56;52.82;54.80;59.06;71.68;59.06;55.21
Jun 20, 2018 8:00 PM;Jun 20, 2018 9:00 PM;-;53.21;43.06;43.06;52.83;53.12;43.06;-;-;43.06;53.17;54.54;52.99;70.95;52.99;57.09
Jun 20, 2018 9:00 PM;Jun 20, 2018 10:00 PM;-;66.65;42.65;42.65;50.87;58.69;42.65;-;-;42.65;51.92;53.04;53.37;65.95;53.37;54.34
Jun 20, 2018 10:00 PM;Jun 20, 2018 11:00 PM;-;56.00;42.32;42.32;54.88;56.03;42.32;-;-;42.32;51.81;52.30;54.08;62.57;55.30;58.93
Jun 20, 2018 11:00 PM;Jun 21, 2018 12:00 AM;-;52.96;41.56;41.56;49.26;53.15;41.56;-;-;41.56;46.54;46.15;46.64;58.89;46.64;52.17
Jun 21, 2018 12:00 AM;Jun 21, 2018 1:00 AM;-;54.30;38.79;38.79;47.19;71.09;42.79;-;-;38.79;42.06;41.00;38.79;66.63;46.15;42.65
Jun 21, 2018 1:00 AM;Jun 21, 2018 2:00 AM;-;39.91;38.00;38.00;39.06;42.42;41.07;-;-;38.00;38.89;38.34;38.00;61.84;52.71;38.34
Jun 21, 2018 2:00 AM;Jun 21, 2018 3:00 AM;-;37.93;35.04;35.04;36.65;42.26;40.91;-;-;35.04;37.91;37.00;35.04;60.68;42.54;37.00
Jun 21, 2018 3:00 AM;Jun 21, 2018 4:00 AM;-;43.79;37.09;37.09;31.82;41.00;39.69;-;-;37.09;36.60;35.49;37.09;56.02;46.02;35.49
Jun 21, 2018 4:00 AM;Jun 21, 2018 5:00 AM;-;40.45;35.88;35.01;32.28;38.55;39.02;-;-;35.01;36.16;34.80;35.88;56.03;46.60;34.80
Jun 21, 2018 5:00 AM;Jun 21, 2018 6:00 AM;-;35.64;35.00;39.37;34.50;35.39;39.37;-;-;39.37;37.61;37.00;35.00;59.69;48.23;37.00
Jun 21, 2018 6:00 AM;Jun 21, 2018 7:00 AM;-;45.00;43.89;43.44;43.03;44.59;43.44;-;-;43.44;45.34;46.70;43.89;63.08;57.11;49.08
Jun 21, 2018 7:00 AM;Jun 21, 2018 8:00 AM;-;56.28;50.24;50.24;56.28;56.28;46.32;-;-;50.24;52.73;54.00;56.28;66.78;66.78;61.50
Jun 21, 2018 8:00 AM;Jun 21, 2018 9:00 AM;-;57.47;54.85;54.85;57.47;57.47;47.99;-;-;54.85;54.37;54.90;57.47;67.14;67.14;64.13
Jun 21, 2018 9:00 AM;Jun 21, 2018 10:00 AM;-;60.60;42.94;45.26;52.83;66.24;45.26;-;-;45.26;48.63;49.00;42.94;66.78;66.78;61.50
Jun 21, 2018 10:00 AM;Jun 21, 2018 11:00 AM;-;44.82;39.91;44.44;41.26;47.40;44.44;-;-;44.44;44.91;44.00;36.73;63.91;63.91;65.39
Jun 21, 2018 11:00 AM;Jun 21, 2018 12:00 PM;-;48.03;44.17;44.17;37.85;53.91;44.17;-;-;44.17;44.27;59.74;25.00;64.46;64.46;66.87
Jun 21, 2018 12:00 PM;Jun 21, 2018 1:00 PM;-;45.00;43.76;43.76;32.75;52.93;43.76;-;-;43.76;42.67;63.00;15.95;60.99;73.02;65.96
Jun 21, 2018 1:00 PM;Jun 21, 2018 2:00 PM;-;39.31;43.39;43.39;30.41;44.82;43.39;-;-;43.39;40.93;58.34;18.39;60.99;62.24;66.84
Jun 21, 2018 2:00 PM;Jun 21, 2018 3:00 PM;-;34.82;43.05;43.05;28.51;45.00;43.05;-;-;43.05;38.79;33.01;14.66;65.00;65.00;65.96
Jun 21, 2018 3:00 PM;Jun 21, 2018 4:00 PM;-;38.83;36.17;42.60;28.03;45.00;42.60;-;-;42.60;38.09;53.28;14.35;66.00;66.00;67.86
Jun 21, 2018 4:00 PM;Jun 21, 2018 5:00 PM;-;36.93;16.74;41.92;27.29;43.31;41.92;-;-;41.92;37.81;58.14;14.56;65.99;65.99;65.91
Jun 21, 2018 5:00 PM;Jun 21, 2018 6:00 PM;-;37.42;19.54;41.90;29.40;43.29;41.90;-;-;41.90;37.79;68.00;19.54;66.00;66.00;68.00
Jun 21, 2018 6:00 PM;Jun 21, 2018 7:00 PM;-;38.35;19.82;41.86;30.01;44.54;41.86;-;-;41.86;40.13;54.00;19.82;68.55;68.55;61.90
Jun 21, 2018 7:00 PM;Jun 21, 2018 8:00 PM;-;41.74;23.70;41.96;33.61;47.78;41.96;-;-;41.96;37.92;52.99;23.70;70.60;70.60;66.94
Jun 21, 2018 8:00 PM;Jun 21, 2018 9:00 PM;-;35.00;26.50;41.82;30.95;46.90;41.82;-;-;41.82;37.05;53.00;26.50;70.94;70.94;68.36
Jun 21, 2018 9:00 PM;Jun 21, 2018 10:00 PM;-;32.09;27.02;40.37;29.78;41.71;40.37;-;-;40.37;36.34;35.24;27.02;68.43;68.43;63.65
Jun 21, 2018 10:00 PM;Jun 21, 2018 11:00 PM;-;44.10;27.06;38.79;36.43;49.44;39.55;-;-;38.79;40.24;34.00;27.06;65.03;65.03;60.95
Jun 21, 2018 11:00 PM;Jun 22, 2018 12:00 AM;-;44.94;22.02;22.02;34.30;52.33;40.05;-;-;22.02;39.42;26.79;22.02;60.82;60.82;55.13
Jun 22, 2018 12:00 AM;Jun 22, 2018 1:00 AM;-;36.00;15.86;15.86;24.86;39.60;42.39;-;-;15.86;32.19;16.01;15.86;63.89;63.89;57.88
Jun 22, 2018 1:00 AM;Jun 22, 2018 2:00 AM;-;32.43;15.21;15.21;23.34;39.50;40.81;-;-;15.21;28.61;15.30;15.21;58.00;58.00;41.08
Jun 22, 2018 2:00 AM;Jun 22, 2018 3:00 AM;-;21.95;13.09;13.09;17.49;39.27;40.57;-;-;13.09;22.30;12.57;13.09;54.10;54.10;30.43
Jun 22, 2018 3:00 AM;Jun 22, 2018 4:00 AM;-;16.31;4.56;4.56;9.86;39.29;40.59;-;-;4.56;16.04;11.85;4.56;55.79;55.79;30.43
Jun 22, 2018 4:00 AM;Jun 22, 2018 5:00 AM;-;15.90;4.34;4.34;9.28;38.28;39.55;-;-;4.34;12.84;12.60;4.45;55.00;55.00;29.79
Jun 22, 2018 5:00 AM;Jun 22, 2018 6:00 AM;-;21.02;15.59;10.38;15.59;37.91;39.16;-;-;10.38;17.29;15.33;15.59;51.99;51.99;37.91
Jun 22, 2018 6:00 AM;Jun 22, 2018 7:00 AM;-;25.61;27.13;32.35;20.09;38.67;39.94;-;-;32.35;26.37;27.97;27.13;60.74;60.74;53.58
Jun 22, 2018 7:00 AM;Jun 22, 2018 8:00 AM;-;33.30;41.11;41.11;31.87;40.10;41.11;-;-;41.11;35.15;45.20;29.66;69.06;69.06;60.39
Jun 22, 2018 8:00 AM;Jun 22, 2018 9:00 AM;-;35.83;42.49;42.49;32.68;51.20;42.49;-;-;42.49;37.09;52.90;28.02;72.57;72.57;60.10
Jun 22, 2018 9:00 AM;Jun 22, 2018 10:00 AM;-;38.79;42.72;42.72;33.31;64.59;42.72;-;-;42.72;38.35;61.51;25.04;69.55;69.55;61.51
Jun 22, 2018 10:00 AM;Jun 22, 2018 11:00 AM;-;33.38;42.44;42.44;31.27;43.85;42.44;-;-;42.44;35.93;43.00;28.09;66.62;66.62;63.08
Jun 22, 2018 11:00 AM;Jun 22, 2018 12:00 PM;-;33.06;40.56;40.56;30.87;43.39;42.00;-;-;40.56;35.94;49.30;27.54;66.52;66.52;63.98
Jun 22, 2018 12:00 PM;Jun 22, 2018 1:00 PM;-;32.77;38.70;38.70;29.08;49.35;42.48;-;-;38.70;33.97;59.02;23.37;60.99;71.02;61.94
Jun 22, 2018 1:00 PM;Jun 22, 2018 2:00 PM;-;31.04;35.70;35.70;26.45;50.19;43.01;-;-;35.70;30.98;54.26;20.32;59.65;59.65;60.00
Jun 22, 2018 2:00 PM;Jun 22, 2018 3:00 PM;-;30.35;19.08;33.24;25.71;50.18;42.91;-;-;33.24;27.81;19.94;19.08;61.84;61.84;59.16
Jun 22, 2018 3:00 PM;Jun 22, 2018 4:00 PM;-;28.19;16.21;35.08;23.17;49.41;42.37;-;-;35.08;26.73;26.90;16.21;61.84;61.84;60.69
Jun 22, 2018 4:00 PM;Jun 22, 2018 5:00 PM;-;29.49;18.16;33.47;24.49;50.18;42.33;-;-;33.47;25.80;26.90;18.16;63.00;63.00;58.53
Jun 22, 2018 5:00 PM;Jun 22, 2018 6:00 PM;-;31.87;17.86;37.08;26.20;61.29;42.01;-;-;37.08;27.05;26.90;17.86;64.77;64.77;55.29
Jun 22, 2018 6:00 PM;Jun 22, 2018 7:00 PM;-;30.57;20.14;40.61;26.52;52.24;41.89;-;-;40.61;30.28;30.22;20.14;62.00;62.00;54.02
Jun 22, 2018 7:00 PM;Jun 22, 2018 8:00 PM;-;33.80;28.99;40.25;31.94;44.00;40.48;-;-;40.25;32.05;32.20;28.99;63.13;57.20;50.18
Jun 22, 2018 8:00 PM;Jun 22, 2018 9:00 PM;-;33.40;28.08;36.52;31.34;45.00;40.40;-;-;36.52;30.92;30.00;28.08;62.60;62.60;56.05
Jun 22, 2018 9:00 PM;Jun 22, 2018 10:00 PM;-;30.48;25.09;35.75;28.38;41.00;39.69;-;-;35.75;30.55;29.50;25.09;62.84;62.84;54.25
Jun 22, 2018 10:00 PM;Jun 22, 2018 11:00 PM;-;55.40;25.67;35.97;35.52;55.40;41.07;-;-;35.97;32.99;28.01;25.67;61.42;61.42;44.65
Jun 22, 2018 11:00 PM;Jun 23, 2018 12:00 AM;-;45.10;20.20;20.20;34.59;47.59;41.60;-;-;33.27;31.40;22.89;20.20;59.00;55.00;26.38
Jun 23, 2018 12:00 AM;Jun 23, 2018 1:00 AM;-;42.00;24.04;24.04;30.62;43.69;42.29;-;-;24.04;31.93;21.70;24.04;62.34;24.04;47.63
Jun 23, 2018 1:00 AM;Jun 23, 2018 2:00 AM;-;26.97;18.42;18.42;23.50;39.31;40.61;-;-;18.42;28.52;17.40;18.87;59.99;18.87;44.66
Jun 23, 2018 2:00 AM;Jun 23, 2018 3:00 AM;-;26.29;17.99;17.99;22.90;40.10;40.49;-;-;17.99;24.88;14.34;18.44;54.70;18.44;29.00
Jun 23, 2018 3:00 AM;Jun 23, 2018 4:00 AM;-;23.86;15.45;15.45;20.41;38.20;39.47;-;-;15.45;11.55;10.59;15.83;52.15;15.83;27.09
Jun 23, 2018 4:00 AM;Jun 23, 2018 5:00 AM;-;23.17;11.05;11.05;19.69;37.62;38.86;-;-;11.05;10.17;9.72;15.08;50.86;15.08;23.99
Jun 23, 2018 5:00 AM;Jun 23, 2018 6:00 AM;-;21.87;13.01;13.01;18.19;37.12;38.35;-;-;13.01;12.78;13.01;13.33;46.05;13.33;24.33
Jun 23, 2018 6:00 AM;Jun 23, 2018 7:00 AM;-;23.04;17.04;17.04;20.45;33.74;34.86;-;-;17.04;18.43;18.71;17.04;50.00;17.04;23.30
Jun 23, 2018 7:00 AM;Jun 23, 2018 8:00 AM;-;24.11;18.12;36.05;21.51;34.90;36.05;-;-;36.05;24.40;24.06;18.12;42.29;18.12;38.55
Jun 23, 2018 8:00 AM;Jun 23, 2018 9:00 AM;-;28.53;22.90;40.15;26.09;38.87;40.15;-;-;40.15;28.20;26.07;22.90;50.00;22.90;38.98
Jun 23, 2018 9:00 AM;Jun 23, 2018 10:00 AM;-;30.50;23.46;42.03;27.44;43.42;42.03;-;-;42.03;30.10;29.48;23.46;50.00;23.46;35.98
Jun 23, 2018 10:00 AM;Jun 23, 2018 11:00 AM;-;31.20;27.79;42.83;27.50;46.80;42.83;-;-;42.83;30.57;33.67;22.69;49.50;22.69;33.67
Jun 23, 2018 11:00 AM;Jun 23, 2018 12:00 PM;-;36.27;26.03;42.64;30.64;60.00;42.64;-;-;42.64;30.90;31.00;23.32;40.99;23.32;43.92
Jun 23, 2018 12:00 PM;Jun 23, 2018 1:00 PM;-;34.05;23.08;42.19;29.27;54.26;42.19;-;-;42.19;30.50;25.00;23.08;30.16;30.16;42.01
Jun 23, 2018 1:00 PM;Jun 23, 2018 2:00 PM;-;29.68;19.31;41.95;25.17;48.78;41.95;-;-;41.95;28.91;18.01;19.31;29.99;29.99;37.29
Jun 23, 2018 2:00 PM;Jun 23, 2018 3:00 PM;-;28.76;18.77;41.33;24.41;47.00;41.33;-;-;41.33;24.23;15.14;18.77;29.99;18.77;30.00
Jun 23, 2018 3:00 PM;Jun 23, 2018 4:00 PM;-;27.10;18.75;41.01;23.48;42.36;41.01;-;-;41.01;22.54;16.35;18.75;29.99;18.75;23.42
Jun 23, 2018 4:00 PM;Jun 23, 2018 5:00 PM;-;27.73;20.07;40.39;24.40;41.72;40.39;-;-;40.39;23.99;19.46;20.07;38.61;20.07;30.58
Jun 23, 2018 5:00 PM;Jun 23, 2018 6:00 PM;-;30.90;29.67;41.76;27.95;43.14;41.76;-;-;41.76;25.91;22.27;24.14;48.19;24.14;40.05
Jun 23, 2018 6:00 PM;Jun 23, 2018 7:00 PM;-;32.79;35.00;41.95;32.79;43.34;41.95;-;-;41.95;30.91;28.94;32.79;49.00;32.79;38.00
Jun 23, 2018 7:00 PM;Jun 23, 2018 8:00 PM;-;38.08;35.65;42.52;33.83;43.93;42.52;-;-;42.52;33.69;33.57;35.65;53.20;35.65;46.90
Jun 23, 2018 8:00 PM;Jun 23, 2018 9:00 PM;-;45.03;37.59;42.67;31.98;44.08;42.67;-;-;42.67;33.60;33.78;37.59;53.09;37.59;57.98
Jun 23, 2018 9:00 PM;Jun 23, 2018 10:00 PM;-;42.00;42.60;42.60;33.32;44.01;42.60;-;-;42.60;33.21;33.70;37.05;53.28;50.10;57.18
Jun 23, 2018 10:00 PM;Jun 23, 2018 11:00 PM;-;57.00;42.26;42.26;45.99;57.02;42.26;-;-;42.26;33.16;33.00;39.84;52.77;39.84;46.94
Jun 23, 2018 11:00 PM;Jun 24, 2018 12:00 AM;-;63.68;39.44;39.44;43.99;63.85;41.07;-;-;39.44;32.12;31.37;33.13;48.88;33.13;37.92
Jun 24, 2018 12:00 AM;Jun 24, 2018 1:00 AM;-;39.66;39.66;39.66;39.66;42.41;41.05;-;-;39.66;31.85;30.31;39.66;50.00;39.66;30.31
Jun 24, 2018 1:00 AM;Jun 24, 2018 2:00 AM;-;32.99;38.01;38.01;32.99;39.10;40.08;-;-;38.01;30.90;26.40;32.99;49.00;38.50;26.40
Jun 24, 2018 2:00 AM;Jun 24, 2018 3:00 AM;-;32.29;36.61;36.61;32.29;37.88;39.13;-;-;36.61;24.66;23.20;32.29;46.48;35.75;23.20
Jun 24, 2018 3:00 AM;Jun 24, 2018 4:00 AM;-;31.02;35.78;35.78;31.02;37.05;38.27;-;-;35.78;21.30;21.03;31.02;39.99;31.02;21.03
Jun 24, 2018 4:00 AM;Jun 24, 2018 5:00 AM;-;30.24;35.45;35.45;30.24;34.32;35.45;-;-;35.45;21.21;19.50;30.24;39.99;30.24;19.50
Jun 24, 2018 5:00 AM;Jun 24, 2018 6:00 AM;-;26.32;35.59;35.59;26.32;34.46;35.59;-;-;35.59;20.11;18.06;26.32;39.99;26.32;18.06
Jun 24, 2018 6:00 AM;Jun 24, 2018 7:00 AM;-;26.24;39.14;39.14;24.22;37.40;39.14;-;-;39.14;17.75;18.37;25.10;37.00;25.10;18.37
Jun 24, 2018 7:00 AM;Jun 24, 2018 8:00 AM;-;27.26;40.72;40.72;25.59;34.66;40.72;-;-;40.72;21.83;22.40;23.48;39.00;39.00;22.40
Jun 24, 2018 8:00 AM;Jun 24, 2018 9:00 AM;-;28.91;43.08;43.08;27.00;37.40;43.08;-;-;43.08;25.72;27.00;24.59;39.00;39.00;27.00
Jun 24, 2018 9:00 AM;Jun 24, 2018 10:00 AM;-;29.98;43.33;43.33;27.74;39.90;43.33;-;-;43.33;26.99;28.07;27.74;50.00;50.00;28.07
Jun 24, 2018 10:00 AM;Jun 24, 2018 11:00 AM;-;28.26;43.96;43.96;25.03;42.55;43.96;-;-;43.96;25.79;30.00;25.03;52.92;52.92;30.00
Jun 24, 2018 11:00 AM;Jun 24, 2018 12:00 PM;-;32.45;44.35;44.35;30.08;42.93;44.35;-;-;44.35;27.49;32.00;30.08;51.19;51.19;32.00
Jun 24, 2018 12:00 PM;Jun 24, 2018 1:00 PM;-;33.45;44.28;44.28;31.32;42.87;44.28;-;-;44.28;28.31;30.00;28.65;50.15;50.15;30.00
Jun 24, 2018 1:00 PM;Jun 24, 2018 2:00 PM;-;32.33;44.14;44.14;29.99;42.73;44.14;-;-;44.14;23.19;26.49;27.05;45.83;45.83;26.49
Jun 24, 2018 2:00 PM;Jun 24, 2018 3:00 PM;-;32.78;44.24;44.24;22.76;45.80;44.24;-;-;44.24;20.19;22.79;24.09;42.10;42.10;22.79
Jun 24, 2018 3:00 PM;Jun 24, 2018 4:00 PM;-;41.72;43.90;43.90;23.40;42.40;43.90;-;-;43.90;18.60;22.01;23.92;50.22;50.22;28.12
Jun 24, 2018 4:00 PM;Jun 24, 2018 5:00 PM;-;28.27;43.91;43.91;25.08;42.50;43.91;-;-;43.91;20.16;25.30;25.08;54.14;54.14;25.30
Jun 24, 2018 5:00 PM;Jun 24, 2018 6:00 PM;-;31.83;44.06;44.06;27.14;42.65;44.06;-;-;44.06;26.79;30.10;28.01;53.61;53.61;30.10
Jun 24, 2018 6:00 PM;Jun 24, 2018 7:00 PM;-;46.04;44.32;44.32;31.90;44.90;44.32;-;-;44.32;34.72;37.06;38.06;52.36;52.36;37.06
Jun 24, 2018 7:00 PM;Jun 24, 2018 8:00 PM;-;51.44;44.95;44.95;37.77;48.46;44.95;-;-;44.95;38.97;41.81;43.74;53.46;53.46;41.81
Jun 24, 2018 8:00 PM;Jun 24, 2018 9:00 PM;-;56.00;43.83;44.91;34.42;51.30;44.91;-;-;44.91;38.69;43.65;43.83;53.50;53.50;43.65
Jun 24, 2018 9:00 PM;Jun 24, 2018 10:00 PM;-;56.00;46.64;45.56;31.88;53.35;45.56;-;-;45.56;39.62;44.11;46.64;58.34;58.34;44.11
Jun 24, 2018 10:00 PM;Jun 24, 2018 11:00 PM;-;55.67;46.01;45.52;38.58;51.93;45.52;-;-;45.52;41.38;43.81;46.01;56.57;56.57;43.81
Jun 24, 2018 11:00 PM;Jun 25, 2018 12:00 AM;-;45.93;42.80;43.29;40.41;44.72;43.29;-;-;43.29;41.68;41.00;42.80;51.65;51.65;41.00
Jun 25, 2018 12:00 AM;Jun 25, 2018 1:00 AM;-;40.07;39.12;42.56;39.12;44.03;42.63;-;-;42.56;39.21;39.00;39.12;51.76;39.12;39.00
Jun 25, 2018 1:00 AM;Jun 25, 2018 2:00 AM;-;34.95;40.97;40.97;33.10;43.12;41.74;-;-;40.97;36.79;35.88;33.10;51.80;33.10;35.88
Jun 25, 2018 2:00 AM;Jun 25, 2018 3:00 AM;-;35.15;39.68;39.68;33.59;41.72;40.39;-;-;39.68;35.49;34.60;31.57;51.17;31.57;34.60
Jun 25, 2018 3:00 AM;Jun 25, 2018 4:00 AM;-;33.96;39.32;39.32;32.06;41.89;40.55;-;-;39.32;32.00;33.00;32.06;51.08;32.06;33.00
Jun 25, 2018 4:00 AM;Jun 25, 2018 5:00 AM;-;34.11;32.06;36.98;32.06;42.74;41.38;-;-;36.98;31.00;33.25;32.06;49.13;32.06;33.25
Jun 25, 2018 5:00 AM;Jun 25, 2018 6:00 AM;-;36.30;34.26;43.04;34.26;44.46;43.04;-;-;43.04;34.69;37.52;34.26;46.50;34.26;37.52
Jun 25, 2018 6:00 AM;Jun 25, 2018 7:00 AM;-;48.38;48.38;46.32;48.38;48.38;46.32;-;-;46.32;45.24;49.70;48.38;58.16;48.38;49.70
Jun 25, 2018 7:00 AM;Jun 25, 2018 8:00 AM;-;54.95;54.95;57.22;54.95;54.95;46.06;-;-;57.22;53.17;58.90;54.95;58.16;54.95;58.90
Jun 25, 2018 8:00 AM;Jun 25, 2018 9:00 AM;-;58.30;56.21;65.61;56.21;59.64;46.95;-;-;65.61;60.06;60.00;56.21;62.50;56.21;60.28
Jun 25, 2018 9:00 AM;Jun 25, 2018 10:00 AM;-;60.35;52.00;69.64;54.14;64.29;47.12;-;-;69.64;56.08;56.90;52.00;61.81;52.00;59.50
Jun 25, 2018 10:00 AM;Jun 25, 2018 11:00 AM;-;59.40;51.75;71.90;51.75;64.16;47.23;-;-;71.90;54.48;54.00;51.75;61.23;61.23;61.47
Jun 25, 2018 11:00 AM;Jun 25, 2018 12:00 PM;-;55.86;52.11;72.06;53.50;57.40;47.16;-;-;72.06;52.54;53.00;52.11;59.53;59.53;59.41
Jun 25, 2018 12:00 PM;Jun 25, 2018 1:00 PM;-;54.32;49.91;76.72;51.83;55.32;47.12;-;-;76.72;50.84;49.80;49.91;57.61;57.61;60.03
Jun 25, 2018 1:00 PM;Jun 25, 2018 2:00 PM;-;50.03;47.93;72.02;48.62;50.97;47.13;-;-;72.02;48.99;48.01;47.93;57.61;57.61;58.94
Jun 25, 2018 2:00 PM;Jun 25, 2018 3:00 PM;-;47.83;46.72;69.42;47.14;48.27;46.72;-;-;69.42;48.12;46.46;46.72;59.16;59.16;55.19
Jun 25, 2018 3:00 PM;Jun 25, 2018 4:00 PM;-;47.08;46.34;46.34;45.83;47.88;46.34;-;-;46.34;48.34;48.03;45.05;58.53;58.53;55.11
Jun 25, 2018 4:00 PM;Jun 25, 2018 5:00 PM;-;45.34;45.49;45.49;42.70;46.99;45.49;-;-;45.49;47.97;48.00;42.70;59.73;42.70;49.98
Jun 25, 2018 5:00 PM;Jun 25, 2018 6:00 PM;-;60.65;45.94;46.49;45.94;69.70;46.49;-;-;46.49;49.18;49.50;45.94;58.53;45.94;51.41
Jun 25, 2018 6:00 PM;Jun 25, 2018 7:00 PM;-;55.91;47.75;47.75;49.13;60.10;46.90;-;-;47.75;53.04;52.95;47.75;60.97;47.75;52.95
Jun 25, 2018 7:00 PM;Jun 25, 2018 8:00 PM;-;60.00;49.95;49.95;53.22;64.19;46.68;-;-;49.95;55.04;55.79;49.95;61.23;49.95;55.79
Jun 25, 2018 8:00 PM;Jun 25, 2018 9:00 PM;-;62.35;50.60;50.60;50.60;69.50;46.07;-;-;50.60;52.68;56.00;50.60;60.21;50.60;57.14
Jun 25, 2018 9:00 PM;Jun 25, 2018 10:00 PM;-;48.87;48.87;48.87;48.87;48.87;45.77;-;-;48.87;51.60;53.71;48.87;59.53;48.87;56.97
Jun 25, 2018 10:00 PM;Jun 25, 2018 11:00 PM;-;58.45;47.85;47.85;47.85;65.00;45.59;-;-;46.70;51.28;51.90;47.85;57.61;57.61;60.14
Jun 25, 2018 11:00 PM;Jun 26, 2018 12:00 AM;-;55.41;43.99;43.99;48.62;57.54;43.99;-;-;43.99;47.71;48.00;43.99;54.64;43.99;48.24
Jun 26, 2018 12:00 AM;Jun 26, 2018 1:00 AM;-;47.00;43.02;44.09;42.55;44.72;44.09;-;-;44.09;44.34;44.50;43.02;58.61;43.02;44.50
Jun 26, 2018 1:00 AM;Jun 26, 2018 2:00 AM;-;41.90;40.79;42.26;41.22;42.00;42.26;-;-;42.26;38.89;40.07;40.79;54.14;40.79;40.07
Jun 26, 2018 2:00 AM;Jun 26, 2018 3:00 AM;-;46.61;41.28;41.28;38.65;42.65;41.28;-;-;41.28;38.34;38.15;39.54;51.40;39.54;38.15
Jun 26, 2018 3:00 AM;Jun 26, 2018 4:00 AM;-;46.69;41.56;41.56;39.13;42.93;41.56;-;-;41.56;37.58;37.66;39.98;48.08;39.98;37.66
Jun 26, 2018 4:00 AM;Jun 26, 2018 5:00 AM;-;60.00;41.15;41.15;37.65;48.84;41.80;-;-;41.15;37.11;37.73;40.16;45.83;40.16;37.73
Jun 26, 2018 5:00 AM;Jun 26, 2018 6:00 AM;-;48.31;41.96;43.34;41.15;44.78;43.34;-;-;43.34;39.37;39.71;41.96;44.00;41.96;39.71
Jun 26, 2018 6:00 AM;Jun 26, 2018 7:00 AM;-;52.36;48.94;47.56;48.52;50.49;46.91;-;-;47.56;48.84;49.91;48.94;53.03;48.94;49.91
Jun 26, 2018 7:00 AM;Jun 26, 2018 8:00 AM;-;75.61;99.98;99.98;52.91;64.35;47.37;-;-;56.96;55.44;58.15;55.59;55.59;55.59;58.15
Jun 26, 2018 8:00 AM;Jun 26, 2018 9:00 AM;-;77.50;144.33;144.33;56.50;66.91;47.48;-;-;60.40;59.82;59.71;58.95;58.95;58.95;59.71
Jun 26, 2018 9:00 AM;Jun 26, 2018 10:00 AM;-;90.00;99.70;99.70;53.21;71.75;47.47;-;-;58.89;54.34;56.18;57.47;57.61;57.47;56.18
Jun 26, 2018 10:00 AM;Jun 26, 2018 11:00 AM;-;72.39;99.91;99.91;53.39;63.00;47.46;-;-;68.14;53.64;54.04;55.62;56.21;56.21;55.87
Jun 26, 2018 11:00 AM;Jun 26, 2018 12:00 PM;-;63.94;80.41;80.41;55.25;59.60;47.46;-;-;69.46;53.11;53.50;56.27;56.51;56.51;57.05
Jun 26, 2018 12:00 PM;Jun 26, 2018 1:00 PM;-;51.97;74.94;74.94;51.97;51.97;47.41;-;-;69.41;51.92;51.26;51.97;53.33;53.33;57.17
Jun 26, 2018 1:00 PM;Jun 26, 2018 2:00 PM;-;50.27;69.30;69.30;50.27;50.27;47.46;-;-;69.30;50.70;50.02;50.27;52.69;52.69;57.08
Jun 26, 2018 2:00 PM;Jun 26, 2018 3:00 PM;-;48.75;71.47;71.47;48.75;48.75;47.19;-;-;49.94;49.90;48.09;48.75;56.21;56.21;58.04
Jun 26, 2018 3:00 PM;Jun 26, 2018 4:00 PM;-;48.93;60.29;60.29;48.93;48.93;47.36;-;-;50.13;48.53;48.01;48.93;57.11;57.11;58.02
Jun 26, 2018 4:00 PM;Jun 26, 2018 5:00 PM;-;48.35;47.83;47.83;48.08;48.53;46.98;-;-;47.83;48.58;48.21;47.83;56.78;56.78;52.04
Jun 26, 2018 5:00 PM;Jun 26, 2018 6:00 PM;-;49.99;49.99;49.99;49.99;49.99;47.79;-;-;49.99;51.00;51.05;49.99;56.58;49.99;51.05
Jun 26, 2018 6:00 PM;Jun 26, 2018 7:00 PM;-;52.09;52.09;52.09;52.09;52.09;47.91;-;-;52.09;53.25;52.67;52.09;56.51;52.09;52.67
Jun 26, 2018 7:00 PM;Jun 26, 2018 8:00 PM;-;58.00;54.88;54.88;56.13;58.46;47.57;-;-;54.88;54.95;56.00;54.88;58.16;54.88;56.00
Jun 26, 2018 8:00 PM;Jun 26, 2018 9:00 PM;-;53.92;53.40;53.40;53.61;54.00;47.04;-;-;53.40;53.09;54.71;53.40;58.16;53.40;54.71
Jun 26, 2018 9:00 PM;Jun 26, 2018 10:00 PM;-;50.94;50.94;50.94;50.94;50.94;46.79;-;-;50.94;51.23;51.46;50.94;57.84;50.94;51.46
Jun 26, 2018 10:00 PM;Jun 26, 2018 11:00 PM;-;52.73;50.63;50.63;51.47;53.00;46.51;-;-;49.41;50.73;50.84;50.63;55.91;50.63;50.84
Jun 26, 2018 11:00 PM;Jun 27, 2018 12:00 AM;-;52.18;44.42;44.42;47.52;52.91;44.48;-;-;44.42;46.95;45.73;44.42;53.79;44.42;45.73
Jun 27, 2018 12:00 AM;Jun 27, 2018 1:00 AM;-;43.17;43.17;43.96;43.17;43.17;43.96;-;-;43.96;44.55;44.01;43.17;60.00;45.00;44.01
Jun 27, 2018 1:00 AM;Jun 27, 2018 2:00 AM;-;41.94;41.94;41.94;41.94;41.94;42.98;-;-;41.94;40.36;40.60;41.94;58.07;41.94;40.60
Jun 27, 2018 2:00 AM;Jun 27, 2018 3:00 AM;-;41.62;41.62;41.62;41.62;41.62;41.94;-;-;41.62;39.02;39.07;41.62;55.91;41.62;39.07
Jun 27, 2018 3:00 AM;Jun 27, 2018 4:00 AM;-;41.10;41.48;41.48;41.10;41.10;41.48;-;-;41.48;39.47;39.44;41.10;52.57;41.10;39.44
Jun 27, 2018 4:00 AM;Jun 27, 2018 5:00 AM;-;42.37;40.33;40.33;38.20;41.40;41.35;-;-;40.33;39.82;40.06;39.91;51.96;39.91;40.06
Jun 27, 2018 5:00 AM;Jun 27, 2018 6:00 AM;-;43.48;43.48;43.82;43.48;43.48;43.82;-;-;43.82;41.81;41.20;43.48;51.95;43.48;41.20
Jun 27, 2018 6:00 AM;Jun 27, 2018 7:00 AM;-;50.78;50.78;50.43;50.78;50.78;47.29;-;-;49.56;48.44;50.50;50.78;58.23;50.78;50.50
Jun 27, 2018 7:00 AM;Jun 27, 2018 8:00 AM;-;56.78;58.17;58.17;56.78;56.78;47.54;-;-;58.17;52.69;57.60;56.78;57.61;56.78;57.64
Jun 27, 2018 8:00 AM;Jun 27, 2018 9:00 AM;-;60.99;69.14;69.14;60.99;60.99;48.36;-;-;69.14;54.82;58.45;60.99;61.75;60.99;59.54
Jun 27, 2018 9:00 AM;Jun 27, 2018 10:00 AM;-;63.10;71.85;71.85;59.06;65.55;48.53;-;-;71.85;52.95;54.10;55.07;64.10;57.20;60.07
Jun 27, 2018 10:00 AM;Jun 27, 2018 11:00 AM;-;62.52;71.49;71.49;56.74;66.07;48.62;-;-;71.49;50.46;51.50;50.98;61.75;61.75;60.19
Jun 27, 2018 11:00 AM;Jun 27, 2018 12:00 PM;-;59.05;80.81;80.81;54.52;61.67;48.35;-;-;80.81;49.39;50.01;50.03;64.00;64.00;60.51
Jun 27, 2018 12:00 PM;Jun 27, 2018 1:00 PM;-;56.80;60.43;80.61;51.88;59.68;48.47;-;-;80.61;46.49;47.00;46.97;58.38;58.38;62.29
Jun 27, 2018 1:00 PM;Jun 27, 2018 2:00 PM;-;57.73;60.10;76.05;50.18;62.15;48.66;-;-;76.05;44.80;44.69;42.67;61.75;61.75;60.60
Jun 27, 2018 2:00 PM;Jun 27, 2018 3:00 PM;-;53.18;59.72;71.78;47.07;56.70;48.70;-;-;71.78;43.17;42.19;40.99;63.00;63.00;60.86
Jun 27, 2018 3:00 PM;Jun 27, 2018 4:00 PM;-;51.94;52.83;63.09;46.47;55.02;48.15;-;-;63.09;42.90;43.50;41.14;64.10;64.10;60.48
Jun 27, 2018 4:00 PM;Jun 27, 2018 5:00 PM;-;52.33;47.27;53.17;46.64;55.83;47.55;-;-;53.17;44.78;44.50;40.95;67.02;67.02;59.98
Jun 27, 2018 5:00 PM;Jun 27, 2018 6:00 PM;-;54.70;48.42;58.54;52.05;59.00;48.15;-;-;58.54;47.11;48.00;48.42;61.75;60.00;60.08
Jun 27, 2018 6:00 PM;Jun 27, 2018 7:00 PM;-;51.96;51.96;51.96;51.96;51.96;49.05;-;-;51.96;50.72;50.95;51.96;59.26;52.69;58.79
Jun 27, 2018 7:00 PM;Jun 27, 2018 8:00 PM;-;55.01;55.01;55.01;55.01;55.01;48.79;-;-;55.01;52.41;53.80;55.01;60.12;56.02;60.97
Jun 27, 2018 8:00 PM;Jun 27, 2018 9:00 PM;-;52.60;52.60;52.60;52.60;52.60;47.89;-;-;52.60;51.02;52.00;52.60;61.03;58.70;63.65
Jun 27, 2018 9:00 PM;Jun 27, 2018 10:00 PM;-;50.02;50.02;50.02;50.02;50.02;48.14;-;-;50.02;50.46;50.00;50.02;61.75;58.10;61.07
Jun 27, 2018 10:00 PM;Jun 27, 2018 11:00 PM;-;53.91;48.93;48.93;51.79;57.40;47.70;-;-;47.70;48.21;48.01;48.93;61.02;56.10;53.64
Jun 27, 2018 11:00 PM;Jun 28, 2018 12:00 AM;-;47.91;44.20;45.34;46.27;49.90;45.34;-;-;45.34;43.96;43.06;44.20;58.38;45.18;44.79
Jun 28, 2018 12:00 AM;Jun 28, 2018 1:00 AM;-;39.94;39.09;44.70;39.41;40.00;44.70;-;-;44.70;42.15;40.24;39.09;59.40;39.09;40.24
Jun 28, 2018 1:00 AM;Jun 28, 2018 2:00 AM;-;39.06;41.67;41.67;38.84;40.00;42.61;-;-;41.67;38.72;38.34;38.52;57.29;38.52;38.34
Jun 28, 2018 2:00 AM;Jun 28, 2018 3:00 AM;-;38.41;41.63;41.63;38.03;40.30;41.63;-;-;41.63;37.82;37.13;37.45;55.41;37.45;37.13
Jun 28, 2018 3:00 AM;Jun 28, 2018 4:00 AM;-;40.59;41.03;41.03;31.62;38.21;41.03;-;-;41.03;36.94;36.26;35.45;52.52;35.45;36.26
Jun 28, 2018 4:00 AM;Jun 28, 2018 5:00 AM;-;41.20;40.00;40.00;32.24;38.80;40.09;-;-;40.00;36.91;36.25;36.03;52.69;36.03;36.25
Jun 28, 2018 5:00 AM;Jun 28, 2018 6:00 AM;-;38.74;40.24;44.01;36.12;38.08;44.01;-;-;44.01;38.86;39.20;37.23;54.46;37.23;39.20
Jun 28, 2018 6:00 AM;Jun 28, 2018 7:00 AM;-;59.90;47.13;47.13;35.31;54.46;47.13;-;-;47.13;46.78;47.00;47.13;58.61;47.13;47.33
Jun 28, 2018 7:00 AM;Jun 28, 2018 8:00 AM;-;62.66;52.96;52.96;45.26;58.63;49.11;-;-;52.96;55.04;54.04;52.32;59.70;59.70;57.74
Jun 28, 2018 8:00 AM;Jun 28, 2018 9:00 AM;-;61.66;58.50;58.50;58.08;59.69;50.35;-;-;58.50;56.70;57.40;58.50;61.29;60.10;58.17
Jun 28, 2018 9:00 AM;Jun 28, 2018 10:00 AM;-;60.00;51.08;52.34;54.85;62.34;50.34;-;-;52.34;53.00;54.70;51.08;63.14;63.14;58.17
Jun 28, 2018 10:00 AM;Jun 28, 2018 11:00 AM;-;64.43;50.25;50.25;56.46;69.89;49.94;-;-;50.25;50.07;54.00;49.04;61.29;61.29;59.01
Jun 28, 2018 11:00 AM;Jun 28, 2018 12:00 PM;-;59.64;49.75;49.75;53.90;63.51;49.75;-;-;49.75;49.19;53.68;48.56;62.72;62.72;59.06
Jun 28, 2018 12:00 PM;Jun 28, 2018 1:00 PM;-;54.63;49.34;49.34;49.58;58.02;49.34;-;-;49.34;45.94;60.83;44.92;55.77;55.77;60.83
Jun 28, 2018 1:00 PM;Jun 28, 2018 2:00 PM;-;51.02;49.21;49.21;46.88;53.95;49.21;-;-;49.21;44.11;61.27;43.34;56.77;56.77;61.27
Jun 28, 2018 2:00 PM;Jun 28, 2018 3:00 PM;-;50.81;48.52;48.52;45.55;53.92;48.52;-;-;48.52;43.66;58.44;40.99;61.29;61.29;58.44
Jun 28, 2018 3:00 PM;Jun 28, 2018 4:00 PM;-;51.70;47.59;47.59;47.94;53.87;47.59;-;-;47.59;43.66;58.35;44.58;63.05;63.05;58.35
Jun 28, 2018 4:00 PM;Jun 28, 2018 5:00 PM;-;50.57;46.12;46.68;45.98;52.77;46.68;-;-;46.68;43.74;50.00;45.08;63.63;55.01;58.05
Jun 28, 2018 5:00 PM;Jun 28, 2018 6:00 PM;-;48.95;47.95;47.95;48.31;48.95;47.38;-;-;47.95;46.95;50.00;47.95;61.00;55.09;57.05
Jun 28, 2018 6:00 PM;Jun 28, 2018 7:00 PM;-;48.94;48.94;48.94;48.94;48.94;47.54;-;-;48.94;49.17;50.00;48.94;59.26;55.04;55.13
Jun 28, 2018 7:00 PM;Jun 28, 2018 8:00 PM;-;56.40;49.98;49.98;48.71;52.27;47.86;-;-;49.98;51.73;52.60;49.98;62.61;54.10;53.24
Jun 28, 2018 8:00 PM;Jun 28, 2018 9:00 PM;-;48.92;48.92;48.92;48.92;48.92;46.88;-;-;47.75;49.98;50.00;48.92;63.00;55.06;57.30
Jun 28, 2018 9:00 PM;Jun 28, 2018 10:00 PM;-;49.28;44.94;45.78;41.48;47.29;45.78;-;-;45.78;47.56;47.50;44.94;63.76;52.94;55.10
Jun 28, 2018 10:00 PM;Jun 28, 2018 11:00 PM;-;46.40;45.94;45.71;46.22;47.22;45.71;-;-;45.71;46.68;46.70;45.94;63.76;56.10;53.01
Jun 28, 2018 11:00 PM;Jun 29, 2018 12:00 AM;-;44.30;41.46;41.46;42.52;44.32;42.90;-;-;41.46;42.34;40.80;41.46;59.16;41.46;41.98
Jun 29, 2018 12:00 AM;Jun 29, 2018 1:00 AM;-;42.00;39.00;39.00;40.12;42.00;43.40;-;-;39.00;39.58;37.81;39.00;62.36;39.87;37.81
Jun 29, 2018 1:00 AM;Jun 29, 2018 2:00 AM;-;38.96;37.89;37.89;38.53;41.00;42.32;-;-;37.89;37.14;36.32;37.89;58.45;37.89;36.32
Jun 29, 2018 2:00 AM;Jun 29, 2018 3:00 AM;-;37.39;36.02;36.02;36.84;40.00;41.12;-;-;36.02;35.52;34.88;36.02;55.91;36.02;34.88
Jun 29, 2018 3:00 AM;Jun 29, 2018 4:00 AM;-;36.05;33.98;33.98;35.21;40.00;41.14;-;-;33.98;34.19;32.94;33.98;55.39;33.98;32.94
Jun 29, 2018 4:00 AM;Jun 29, 2018 5:00 AM;-;35.94;33.96;33.96;35.14;39.73;41.04;-;-;33.96;34.58;33.70;33.96;53.61;33.96;33.70
Jun 29, 2018 5:00 AM;Jun 29, 2018 6:00 AM;-;38.55;38.47;38.15;38.51;38.70;42.38;-;-;38.15;36.45;37.00;38.47;53.84;40.43;37.00
Jun 29, 2018 6:00 AM;Jun 29, 2018 7:00 AM;-;44.83;44.83;45.15;44.83;44.83;45.15;-;-;45.15;44.29;47.20;44.83;59.21;54.10;47.20
Jun 29, 2018 7:00 AM;Jun 29, 2018 8:00 AM;-;57.40;52.39;52.39;51.55;54.38;47.87;-;-;51.13;51.54;55.34;52.39;61.58;53.10;55.34
Jun 29, 2018 8:00 AM;Jun 29, 2018 9:00 AM;-;72.55;55.87;55.87;53.13;62.55;49.07;-;-;54.53;55.69;57.37;55.87;68.92;55.87;57.37
Jun 29, 2018 9:00 AM;Jun 29, 2018 10:00 AM;-;64.52;49.58;50.81;50.02;56.98;49.58;-;-;50.81;52.57;55.10;52.06;64.00;53.00;55.50
Jun 29, 2018 10:00 AM;Jun 29, 2018 11:00 AM;-;53.16;49.45;49.45;51.61;53.96;49.45;-;-;49.45;51.40;53.59;50.10;60.00;60.00;55.55
Jun 29, 2018 11:00 AM;Jun 29, 2018 12:00 PM;-;54.44;49.09;49.09;51.96;59.00;49.09;-;-;49.09;50.51;52.00;49.09;60.54;60.54;59.74
Jun 29, 2018 12:00 PM;Jun 29, 2018 1:00 PM;-;56.94;48.21;48.21;52.06;59.43;48.21;-;-;48.21;47.57;47.49;47.31;55.91;55.91;58.76
Jun 29, 2018 1:00 PM;Jun 29, 2018 2:00 PM;-;51.09;47.74;47.74;45.77;53.76;47.74;-;-;47.74;45.00;44.56;40.59;55.39;55.39;54.55
Jun 29, 2018 2:00 PM;Jun 29, 2018 3:00 PM;-;46.70;47.08;47.08;42.79;48.64;47.08;-;-;47.08;43.51;42.12;38.72;57.61;57.61;51.36
Jun 29, 2018 3:00 PM;Jun 29, 2018 4:00 PM;-;42.25;46.43;46.43;40.81;47.97;46.43;-;-;46.43;44.31;43.01;38.59;58.16;58.16;49.21
Jun 29, 2018 4:00 PM;Jun 29, 2018 5:00 PM;-;42.46;46.17;46.17;40.54;50.05;46.17;-;-;46.17;44.04;41.60;37.59;59.00;39.59;47.06
Jun 29, 2018 5:00 PM;Jun 29, 2018 6:00 PM;-;45.59;43.79;46.18;44.26;52.00;46.69;-;-;46.18;46.47;44.02;43.79;58.16;43.79;46.20
Jun 29, 2018 6:00 PM;Jun 29, 2018 7:00 PM;-;51.94;47.23;47.72;48.06;70.20;47.72;-;-;47.72;47.49;46.10;47.23;61.60;47.23;46.16
Jun 29, 2018 7:00 PM;Jun 29, 2018 8:00 PM;-;53.24;50.97;50.48;52.37;57.40;48.71;-;-;49.75;50.11;49.90;50.97;63.76;50.97;49.90
Jun 29, 2018 8:00 PM;Jun 29, 2018 9:00 PM;-;50.95;49.73;49.73;50.95;50.95;48.60;-;-;49.73;49.27;51.11;50.95;64.12;50.95;51.68
Jun 29, 2018 9:00 PM;Jun 29, 2018 10:00 PM;-;49.86;48.66;48.66;49.86;49.86;48.26;-;-;48.66;47.01;48.10;49.86;61.60;49.86;51.57
Jun 29, 2018 10:00 PM;Jun 29, 2018 11:00 PM;-;64.19;49.99;49.99;59.75;58.49;47.69;-;-;46.98;48.01;48.00;49.99;59.75;49.99;48.00
Jun 29, 2018 11:00 PM;Jun 30, 2018 12:00 AM;-;58.83;44.35;44.35;53.98;53.60;47.04;-;-;43.28;45.98;42.05;44.35;57.23;44.35;42.05
Jun 30, 2018 12:00 AM;Jun 30, 2018 1:00 AM;-;48.78;43.42;45.04;46.36;49.10;47.53;-;-;45.04;46.92;41.90;43.42;60.00;43.42;41.90
Jun 30, 2018 1:00 AM;Jun 30, 2018 2:00 AM;-;43.67;43.05;43.05;42.98;46.97;45.47;-;-;43.05;44.50;39.47;42.02;59.28;42.02;39.47
Jun 30, 2018 2:00 AM;Jun 30, 2018 3:00 AM;-;42.00;43.23;43.23;41.20;45.85;44.39;-;-;43.23;42.93;38.16;40.10;53.92;40.10;38.16
Jun 30, 2018 3:00 AM;Jun 30, 2018 4:00 AM;-;40.19;40.21;40.21;39.79;42.09;43.48;-;-;40.21;40.80;36.00;39.25;53.39;39.25;36.00
Jun 30, 2018 4:00 AM;Jun 30, 2018 5:00 AM;-;38.84;40.65;40.65;38.38;41.03;42.38;-;-;40.65;39.27;35.30;37.76;52.63;37.76;35.30
Jun 30, 2018 5:00 AM;Jun 30, 2018 6:00 AM;-;39.41;43.17;43.17;38.91;41.79;43.17;-;-;43.17;39.20;35.56;38.23;46.06;38.23;35.56
Jun 30, 2018 6:00 AM;Jun 30, 2018 7:00 AM;-;41.16;44.78;44.78;41.16;43.35;44.78;-;-;44.78;41.00;36.20;41.16;54.34;41.16;36.20
Jun 30, 2018 7:00 AM;Jun 30, 2018 8:00 AM;-;46.03;46.03;46.03;46.03;46.03;46.03;-;-;46.03;42.29;41.00;46.03;58.16;46.03;41.00
Jun 30, 2018 8:00 AM;Jun 30, 2018 9:00 AM;-;48.36;48.36;47.70;48.36;48.36;47.70;-;-;47.70;45.16;44.34;48.36;58.61;48.36;44.34
Jun 30, 2018 9:00 AM;Jun 30, 2018 10:00 AM;-;48.45;46.95;47.62;47.75;49.19;47.62;-;-;47.62;42.02;42.02;46.95;57.61;46.95;42.02
Jun 30, 2018 10:00 AM;Jun 30, 2018 11:00 AM;-;46.59;48.22;48.22;43.53;49.82;48.22;-;-;48.22;38.56;38.22;40.04;54.95;49.90;38.22
Jun 30, 2018 11:00 AM;Jun 30, 2018 12:00 PM;-;47.02;47.92;47.92;44.66;49.50;47.92;-;-;47.92;38.39;36.00;36.02;47.54;47.54;36.09
Jun 30, 2018 12:00 PM;Jun 30, 2018 1:00 PM;-;46.02;47.50;47.50;43.12;49.07;47.50;-;-;47.50;37.50;31.86;32.47;43.12;43.12;34.36
Jun 30, 2018 1:00 PM;Jun 30, 2018 2:00 PM;-;41.45;46.34;46.34;38.23;44.86;46.34;-;-;46.34;37.87;28.56;30.42;38.23;38.23;28.56
Jun 30, 2018 2:00 PM;Jun 30, 2018 3:00 PM;-;42.74;45.82;45.82;38.01;44.35;45.82;-;-;45.82;37.09;26.70;26.47;38.01;38.01;26.70
Jun 30, 2018 3:00 PM;Jun 30, 2018 4:00 PM;-;40.94;45.44;45.44;38.01;43.98;45.44;-;-;45.44;37.42;28.46;30.41;38.01;38.01;28.46
Jun 30, 2018 4:00 PM;Jun 30, 2018 5:00 PM;-;40.91;45.42;45.42;39.47;42.40;45.42;-;-;45.42;38.64;30.70;33.91;45.00;45.00;30.70
Jun 30, 2018 5:00 PM;Jun 30, 2018 6:00 PM;-;43.99;46.37;46.37;42.53;45.50;46.37;-;-;46.37;42.26;37.30;40.89;55.91;40.89;37.30
Jun 30, 2018 6:00 PM;Jun 30, 2018 7:00 PM;-;48.24;47.62;47.62;47.33;49.19;47.62;-;-;47.62;44.77;43.20;46.31;60.00;46.31;43.20
Jun 30, 2018 7:00 PM;Jun 30, 2018 8:00 PM;-;49.48;48.54;48.54;48.85;50.14;48.54;-;-;48.54;48.20;47.05;48.13;62.51;48.13;47.05
Jun 30, 2018 8:00 PM;Jun 30, 2018 9:00 PM;-;49.23;48.16;48.16;48.73;49.75;48.16;-;-;48.16;47.94;46.50;48.16;64.62;48.16;46.50
Jun 30, 2018 9:00 PM;Jun 30, 2018 10:00 PM;-;47.51;47.51;47.51;47.51;47.51;47.51;-;-;47.51;47.05;45.97;47.51;63.31;47.51;45.97
Jun 30, 2018 10:00 PM;Jun 30, 2018 11:00 PM;-;49.01;47.80;47.80;48.23;48.94;47.38;-;-;47.38;46.45;44.50;47.80;60.65;47.80;44.50
Jun 30, 2018 11:00 PM;Jul 1, 2018 12:00 AM;-;47.58;45.45;45.45;45.26;47.39;45.87;-;-;45.45;45.83;41.60;43.96;60.00;43.96;41.60
Jul 1, 2018 12:00 AM;Jul 1, 2018 1:00 AM;-;41.26;46.08;46.08;37.46;45.28;46.08;-;-;46.08;42.52;36.10;33.30;54.35;33.30;36.10
Jul 1, 2018 1:00 AM;Jul 1, 2018 2:00 AM;-;34.80;44.49;44.49;30.76;39.00;44.49;-;-;44.49;38.44;31.78;26.42;39.00;26.42;31.78
Jul 1, 2018 2:00 AM;Jul 1, 2018 3:00 AM;-;26.11;43.12;43.12;26.11;31.20;43.12;-;-;43.12;37.57;30.01;26.11;37.50;26.11;30.01
Jul 1, 2018 3:00 AM;Jul 1, 2018 4:00 AM;-;22.12;42.36;42.36;22.12;22.12;42.36;-;-;42.36;36.32;28.25;22.12;39.00;22.12;28.25
Jul 1, 2018 4:00 AM;Jul 1, 2018 5:00 AM;-;23.42;42.06;42.06;23.42;23.42;42.06;-;-;42.06;35.12;28.00;23.42;39.00;23.42;28.00
Jul 1, 2018 5:00 AM;Jul 1, 2018 6:00 AM;-;21.44;42.33;42.33;21.44;21.44;42.33;-;-;42.33;33.19;26.50;21.44;37.50;21.44;26.50
Jul 1, 2018 6:00 AM;Jul 1, 2018 7:00 AM;-;23.43;44.16;44.16;23.43;34.30;44.16;-;-;44.16;32.82;26.00;23.43;30.01;23.43;26.00
Jul 1, 2018 7:00 AM;Jul 1, 2018 8:00 AM;-;29.37;45.02;45.02;29.37;37.40;45.02;-;-;45.02;34.02;27.96;29.37;34.02;29.37;27.96
Jul 1, 2018 8:00 AM;Jul 1, 2018 9:00 AM;-;29.98;45.42;45.42;29.98;32.40;45.42;-;-;45.42;33.65;28.60;29.98;37.00;29.98;28.60
Jul 1, 2018 9:00 AM;Jul 1, 2018 10:00 AM;-;26.08;45.57;45.57;26.08;37.70;45.57;-;-;45.57;31.15;25.00;26.08;49.50;26.08;25.00
Jul 1, 2018 10:00 AM;Jul 1, 2018 11:00 AM;-;20.71;45.97;45.97;20.71;32.40;45.97;-;-;45.97;21.62;19.99;20.71;56.91;20.71;19.99
Jul 1, 2018 11:00 AM;Jul 1, 2018 12:00 PM;-;30.63;46.03;46.03;25.86;35.65;46.03;-;-;46.03;19.95;20.32;20.75;54.98;20.75;20.32
Jul 1, 2018 12:00 PM;Jul 1, 2018 1:00 PM;-;32.96;46.02;46.02;27.20;39.00;46.02;-;-;46.02;26.30;19.00;21.02;52.29;34.00;30.90
Jul 1, 2018 1:00 PM;Jul 1, 2018 2:00 PM;-;22.78;45.82;45.82;20.11;35.10;45.82;-;-;45.82;18.04;24.51;16.66;48.03;33.00;24.51
Jul 1, 2018 2:00 PM;Jul 1, 2018 3:00 PM;-;22.38;45.61;45.61;18.72;39.00;45.61;-;-;45.61;13.60;21.93;14.01;44.10;14.01;21.93
Jul 1, 2018 3:00 PM;Jul 1, 2018 4:00 PM;-;20.83;46.00;46.00;18.84;30.00;46.00;-;-;46.00;22.00;21.05;16.28;49.11;16.28;21.05
Jul 1, 2018 4:00 PM;Jul 1, 2018 5:00 PM;-;22.30;45.92;45.92;20.87;37.40;45.92;-;-;45.92;23.28;20.78;19.04;54.35;19.04;20.78
Jul 1, 2018 5:00 PM;Jul 1, 2018 6:00 PM;-;28.37;46.25;46.25;28.37;44.77;46.25;-;-;46.25;33.40;27.10;28.37;55.91;28.37;27.10
Jul 1, 2018 6:00 PM;Jul 1, 2018 7:00 PM;-;42.19;46.79;46.79;42.19;45.29;46.79;-;-;46.79;40.96;38.90;42.19;56.42;42.19;38.90
Jul 1, 2018 7:00 PM;Jul 1, 2018 8:00 PM;-;48.37;48.37;48.37;48.37;48.37;48.37;-;-;48.37;48.71;46.00;48.37;61.02;48.37;46.00
Jul 1, 2018 8:00 PM;Jul 1, 2018 9:00 PM;-;49.67;49.67;48.91;49.67;50.52;48.91;-;-;48.91;49.96;46.85;49.67;61.02;49.67;46.85
Jul 1, 2018 9:00 PM;Jul 1, 2018 10:00 PM;-;46.28;46.28;47.04;46.28;48.60;47.04;-;-;47.04;49.73;48.05;46.28;62.56;46.28;48.05
Jul 1, 2018 10:00 PM;Jul 1, 2018 11:00 PM;-;55.40;48.04;48.04;52.01;57.80;48.04;-;-;48.04;50.49;47.45;48.04;62.56;48.04;47.45
Jul 1, 2018 11:00 PM;Jul 2, 2018 12:00 AM;-;47.85;47.56;47.56;44.70;49.96;47.56;-;-;46.53;47.45;42.00;41.00;60.50;41.00;42.00
Jul 2, 2018 12:00 AM;Jul 2, 2018 1:00 AM;-;49.22;47.70;47.70;41.45;48.70;47.70;-;-;47.70;39.09;37.44;36.81;44.20;36.81;37.44
Jul 2, 2018 1:00 AM;Jul 2, 2018 2:00 AM;-;41.30;46.21;46.21;39.25;41.16;46.21;-;-;46.21;37.05;35.60;38.06;39.25;38.06;35.60
Jul 2, 2018 2:00 AM;Jul 2, 2018 3:00 AM;-;38.42;45.91;45.91;38.19;38.40;45.91;-;-;45.91;36.46;35.00;38.06;38.19;38.06;34.92
Jul 2, 2018 3:00 AM;Jul 2, 2018 4:00 AM;-;38.03;45.39;45.39;38.03;38.03;45.39;-;-;45.39;36.22;33.97;38.03;38.03;38.03;33.97
Jul 2, 2018 4:00 AM;Jul 2, 2018 5:00 AM;-;38.08;44.28;44.28;38.08;38.08;44.36;-;-;44.28;36.44;34.70;38.08;38.08;38.08;34.70
Jul 2, 2018 5:00 AM;Jul 2, 2018 6:00 AM;-;39.07;40.12;46.00;39.07;39.07;46.00;-;-;46.00;39.02;37.36;39.07;39.07;39.07;37.36
Jul 2, 2018 6:00 AM;Jul 2, 2018 7:00 AM;-;49.49;49.49;49.49;49.49;49.49;49.49;-;-;49.49;48.78;49.02;49.49;61.14;49.49;49.02
Jul 2, 2018 7:00 AM;Jul 2, 2018 8:00 AM;-;55.95;55.95;55.95;55.95;55.95;50.88;-;-;50.96;54.89;56.00;55.95;62.00;55.95;56.00
Jul 2, 2018 8:00 AM;Jul 2, 2018 9:00 AM;-;54.92;54.92;54.92;54.92;54.92;51.05;-;-;54.02;56.86;58.00;54.92;65.00;54.92;58.00
Jul 2, 2018 9:00 AM;Jul 2, 2018 10:00 AM;-;60.05;52.14;52.14;55.19;60.22;50.85;-;-;52.14;52.02;53.50;52.14;63.02;52.14;53.50
Jul 2, 2018 10:00 AM;Jul 2, 2018 11:00 AM;-;63.38;50.82;50.82;54.83;63.68;50.82;-;-;50.82;49.79;49.89;49.48;62.00;49.48;49.89
Jul 2, 2018 11:00 AM;Jul 2, 2018 12:00 PM;-;65.21;50.79;50.79;54.63;65.58;50.79;-;-;50.79;48.60;48.80;48.03;62.00;48.03;48.80
Jul 2, 2018 12:00 PM;Jul 2, 2018 1:00 PM;-;65.16;50.95;50.95;56.26;64.60;50.80;-;-;50.95;46.21;45.10;46.86;56.42;46.86;45.10
Jul 2, 2018 1:00 PM;Jul 2, 2018 2:00 PM;-;72.58;50.90;50.90;57.63;61.75;50.80;-;-;50.90;47.43;43.44;43.56;57.63;43.56;43.44
Jul 2, 2018 2:00 PM;Jul 2, 2018 3:00 PM;-;72.32;50.94;50.94;57.63;60.82;50.64;-;-;50.94;47.43;42.67;44.46;57.63;44.46;42.67
Jul 2, 2018 3:00 PM;Jul 2, 2018 4:00 PM;-;73.66;50.62;50.62;59.76;63.07;50.62;-;-;50.62;48.59;43.97;46.69;59.76;46.69;43.97
Jul 2, 2018 4:00 PM;Jul 2, 2018 5:00 PM;-;67.60;50.19;50.46;57.44;64.70;50.46;-;-;50.46;48.07;45.89;49.49;60.37;49.49;45.89
Jul 2, 2018 5:00 PM;Jul 2, 2018 6:00 PM;-;69.24;52.13;51.99;62.00;63.50;50.60;-;-;51.99;51.90;51.82;52.13;62.00;52.13;51.82
Jul 2, 2018 6:00 PM;Jul 2, 2018 7:00 PM;-;65.65;55.38;55.38;62.47;60.71;50.59;-;-;55.24;53.68;54.66;55.38;62.47;55.38;54.66
Jul 2, 2018 7:00 PM;Jul 2, 2018 8:00 PM;-;63.50;60.18;60.18;62.47;61.87;50.50;-;-;58.73;56.63;59.51;60.18;62.47;60.18;59.51
Jul 2, 2018 8:00 PM;Jul 2, 2018 9:00 PM;-;59.02;59.02;59.02;59.02;59.02;50.55;-;-;57.60;55.54;58.60;59.02;62.01;59.02;58.60
Jul 2, 2018 9:00 PM;Jul 2, 2018 10:00 PM;-;54.96;54.96;54.96;54.96;54.96;50.75;-;-;53.27;53.21;56.01;54.96;62.46;54.96;56.01
Jul 2, 2018 10:00 PM;Jul 2, 2018 11:00 PM;-;54.50;51.97;51.32;54.50;54.50;50.90;-;-;51.32;52.45;56.34;54.50;60.50;54.50;56.34
Jul 2, 2018 11:00 PM;Jul 3, 2018 12:00 AM;-;52.66;48.29;48.94;51.25;50.55;48.94;-;-;48.94;48.58;48.07;48.29;59.00;48.29;48.07
Jul 3, 2018 12:00 AM;Jul 3, 2018 1:00 AM;-;42.23;42.23;48.53;42.23;42.23;48.53;-;-;48.53;48.76;44.50;42.23;59.19;42.23;44.50
Jul 3, 2018 1:00 AM;Jul 3, 2018 2:00 AM;-;41.44;41.44;46.90;41.44;41.44;46.90;-;-;46.90;45.05;42.98;41.44;58.05;41.44;42.98
Jul 3, 2018 2:00 AM;Jul 3, 2018 3:00 AM;-;41.71;45.18;45.18;41.71;41.71;45.18;-;-;45.18;43.34;41.46;41.71;54.19;41.71;41.46
Jul 3, 2018 3:00 AM;Jul 3, 2018 4:00 AM;-;42.38;44.77;44.77;42.38;42.38;44.77;-;-;44.77;43.19;40.64;42.38;50.86;42.38;40.64
Jul 3, 2018 4:00 AM;Jul 3, 2018 5:00 AM;-;43.02;43.02;44.56;43.02;43.02;44.56;-;-;44.56;41.62;40.50;43.02;50.59;43.02;40.50
Jul 3, 2018 5:00 AM;Jul 3, 2018 6:00 AM;-;44.20;44.20;46.79;44.20;44.20;46.79;-;-;46.79;43.64;42.00;44.20;50.86;44.20;42.00
Jul 3, 2018 6:00 AM;Jul 3, 2018 7:00 AM;-;50.24;50.24;50.21;50.24;50.24;50.21;-;-;50.21;50.80;52.04;50.24;59.19;50.24;52.04
Jul 3, 2018 7:00 AM;Jul 3, 2018 8:00 AM;-;58.00;58.00;58.00;58.00;58.00;51.57;-;-;56.93;57.47;61.00;58.00;60.35;58.00;61.00
Jul 3, 2018 8:00 AM;Jul 3, 2018 9:00 AM;-;61.89;60.40;60.40;61.89;61.89;51.67;-;-;60.40;57.37;58.10;61.89;63.45;61.89;58.10
Jul 3, 2018 9:00 AM;Jul 3, 2018 10:00 AM;-;66.18;55.95;55.95;63.00;62.56;51.74;-;-;55.95;54.13;53.10;55.95;63.00;55.95;53.10
Jul 3, 2018 10:00 AM;Jul 3, 2018 11:00 AM;-;67.63;53.45;53.45;62.96;62.52;51.79;-;-;53.45;52.17;51.40;52.90;62.96;52.90;51.40
Jul 3, 2018 11:00 AM;Jul 3, 2018 12:00 PM;-;70.06;51.92;51.92;63.01;62.57;51.78;-;-;51.92;51.46;50.49;47.76;63.01;47.76;50.49
Jul 3, 2018 12:00 PM;Jul 3, 2018 1:00 PM;-;73.24;52.58;52.58;62.78;62.80;51.53;-;-;52.58;47.71;47.18;42.72;62.78;42.72;47.18
Jul 3, 2018 1:00 PM;Jul 3, 2018 2:00 PM;-;73.10;53.89;53.89;62.52;62.26;51.48;-;-;53.89;46.70;46.03;41.73;62.77;41.73;46.03
Jul 3, 2018 2:00 PM;Jul 3, 2018 3:00 PM;-;73.97;53.51;53.51;62.01;64.50;51.34;-;-;53.51;46.75;45.08;41.43;65.46;41.43;45.08
Jul 3, 2018 3:00 PM;Jul 3, 2018 4:00 PM;-;72.57;52.71;52.71;61.89;65.31;51.27;-;-;52.71;48.45;45.59;42.72;65.46;42.72;45.59
Jul 3, 2018 4:00 PM;Jul 3, 2018 5:00 PM;-;72.67;50.96;50.96;61.96;67.40;50.96;-;-;50.96;50.91;49.62;44.81;66.01;44.81;49.62
Jul 3, 2018 5:00 PM;Jul 3, 2018 6:00 PM;-;68.79;52.99;52.99;62.00;76.37;51.15;-;-;52.99;53.09;52.07;52.99;66.01;52.99;52.07
Jul 3, 2018 6:00 PM;Jul 3, 2018 7:00 PM;-;68.98;55.94;55.94;63.17;76.59;51.14;-;-;54.94;56.38;55.40;55.94;63.17;55.94;55.40
Jul 3, 2018 7:00 PM;Jul 3, 2018 8:00 PM;-;63.94;61.67;61.67;62.93;65.27;50.96;-;-;60.19;61.03;61.90;61.67;63.01;61.67;61.90
Jul 3, 2018 8:00 PM;Jul 3, 2018 9:00 PM;-;63.03;63.03;63.03;63.03;63.03;50.97;-;-;61.52;59.68;62.40;63.03;64.01;63.03;62.40
Jul 3, 2018 9:00 PM;Jul 3, 2018 10:00 PM;-;63.97;60.01;60.01;62.69;62.59;51.27;-;-;58.57;55.98;58.80;60.01;65.46;60.01;58.80
Jul 3, 2018 10:00 PM;Jul 3, 2018 11:00 PM;-;70.28;54.90;54.90;65.00;63.95;51.71;-;-;53.59;56.21;57.50;54.90;65.00;54.90;57.50
Jul 3, 2018 11:00 PM;Jul 4, 2018 12:00 AM;-;67.06;50.28;50.28;61.45;60.35;50.28;-;-;50.28;50.79;49.50;50.55;61.45;50.55;49.50
Jul 4, 2018 12:00 AM;Jul 4, 2018 1:00 AM;-;48.00;48.00;47.99;48.00;48.00;49.80;-;-;47.99;49.13;48.00;48.00;69.42;48.00;48.00
Jul 4, 2018 1:00 AM;Jul 4, 2018 2:00 AM;-;46.23;46.23;46.24;46.23;46.23;47.76;-;-;46.24;47.42;45.72;46.23;66.30;46.23;45.72
Jul 4, 2018 2:00 AM;Jul 4, 2018 3:00 AM;-;45.80;45.80;45.80;45.80;45.80;47.31;-;-;45.80;45.89;44.93;45.80;61.31;45.80;44.93
Jul 4, 2018 3:00 AM;Jul 4, 2018 4:00 AM;-;44.99;46.02;46.02;44.99;44.99;46.02;-;-;46.02;45.04;44.20;44.99;59.96;44.99;44.20
Jul 4, 2018 4:00 AM;Jul 4, 2018 5:00 AM;-;45.44;45.44;45.44;45.44;45.44;46.95;-;-;45.44;45.05;44.04;45.44;59.95;45.44;44.04
Jul 4, 2018 5:00 AM;Jul 4, 2018 6:00 AM;-;46.26;46.26;47.79;46.26;46.26;47.79;-;-;47.79;47.04;45.98;46.26;59.97;46.26;45.98
Jul 4, 2018 6:00 AM;Jul 4, 2018 7:00 AM;-;52.55;52.55;52.55;52.55;52.55;51.10;-;-;51.16;53.92;53.89;52.55;67.95;52.55;53.89
Jul 4, 2018 7:00 AM;Jul 4, 2018 8:00 AM;-;59.98;59.98;59.98;59.98;59.98;51.74;-;-;57.44;61.60;62.01;59.98;71.91;59.98;62.01
Jul 4, 2018 8:00 AM;Jul 4, 2018 9:00 AM;-;62.64;62.64;62.64;62.64;62.64;51.77;-;-;61.14;66.30;66.39;62.64;83.00;62.64;66.39
Jul 4, 2018 9:00 AM;Jul 4, 2018 10:00 AM;-;69.96;58.06;58.06;66.03;70.00;51.79;-;-;58.06;59.60;60.00;58.06;80.00;58.06;60.00
Jul 4, 2018 10:00 AM;Jul 4, 2018 11:00 AM;-;67.24;57.92;57.92;63.30;73.23;51.73;-;-;57.92;57.13;57.30;56.53;75.01;56.53;57.30
Jul 4, 2018 11:00 AM;Jul 4, 2018 12:00 PM;-;67.50;57.29;57.29;63.49;70.00;51.73;-;-;57.29;55.13;55.40;55.91;73.57;55.91;55.40
Jul 4, 2018 12:00 PM;Jul 4, 2018 1:00 PM;-;68.51;54.03;54.03;62.83;71.36;51.69;-;-;54.03;52.07;52.09;51.92;69.41;57.00;52.09
Jul 4, 2018 1:00 PM;Jul 4, 2018 2:00 PM;-;68.44;53.64;53.64;62.50;71.22;51.71;-;-;53.64;51.88;51.10;50.99;69.42;54.91;51.10
Jul 4, 2018 2:00 PM;Jul 4, 2018 3:00 PM;-;68.43;53.67;53.67;62.01;71.31;51.73;-;-;53.67;51.86;50.80;49.58;76.94;53.96;50.80
Jul 4, 2018 3:00 PM;Jul 4, 2018 4:00 PM;-;66.32;53.94;53.94;61.14;68.48;51.73;-;-;53.94;51.98;51.70;50.95;75.00;50.95;51.70
Jul 4, 2018 4:00 PM;Jul 4, 2018 5:00 PM;-;65.12;53.97;53.97;60.50;69.90;51.72;-;-;53.97;52.76;52.92;53.53;76.11;53.53;52.92
Jul 4, 2018 5:00 PM;Jul 4, 2018 6:00 PM;-;66.07;54.95;54.95;60.83;81.00;51.73;-;-;54.95;56.52;56.62;54.95;80.00;54.95;56.62
Jul 4, 2018 6:00 PM;Jul 4, 2018 7:00 PM;-;64.08;57.97;57.97;60.83;64.08;51.64;-;-;57.97;60.61;60.39;57.97;76.11;57.97;60.39
Jul 4, 2018 7:00 PM;Jul 4, 2018 8:00 PM;-;60.38;60.38;60.38;60.38;60.38;51.63;-;-;59.91;65.09;64.40;60.38;80.00;60.38;64.40
Jul 4, 2018 8:00 PM;Jul 4, 2018 9:00 PM;-;59.93;59.93;59.93;59.93;59.93;51.69;-;-;58.49;63.39;63.50;59.93;77.41;59.93;63.50
Jul 4, 2018 9:00 PM;Jul 4, 2018 10:00 PM;-;58.90;58.01;58.01;58.59;58.58;51.66;-;-;56.62;61.08;61.15;58.01;76.11;58.01;61.15
Jul 4, 2018 10:00 PM;Jul 4, 2018 11:00 PM;-;65.66;55.49;55.49;62.01;61.61;51.75;-;-;54.16;57.27;57.43;55.49;72.58;55.49;57.43
Jul 4, 2018 11:00 PM;Jul 5, 2018 12:00 AM;-;62.95;50.93;50.93;58.68;58.05;50.93;-;-;50.93;50.67;50.77;50.93;69.42;50.93;50.77
Jul 5, 2018 12:00 AM;Jul 5, 2018 1:00 AM;-;56.81;49.13;50.34;54.08;53.57;50.34;-;-;50.34;47.43;47.13;49.13;69.08;49.13;47.13
Jul 5, 2018 1:00 AM;Jul 5, 2018 2:00 AM;-;45.48;45.48;48.55;45.48;45.48;48.55;-;-;48.55;44.31;44.83;45.48;63.25;45.48;44.83
Jul 5, 2018 2:00 AM;Jul 5, 2018 3:00 AM;-;44.31;44.31;47.54;44.31;44.31;47.54;-;-;47.54;43.76;44.21;44.31;59.19;44.31;44.21
Jul 5, 2018 3:00 AM;Jul 5, 2018 4:00 AM;-;42.99;47.14;47.14;42.99;42.99;47.14;-;-;47.14;42.79;43.35;42.99;55.09;42.99;43.35
Jul 5, 2018 4:00 AM;Jul 5, 2018 5:00 AM;-;43.11;47.34;47.34;43.11;43.11;47.34;-;-;47.34;41.94;43.31;43.11;53.92;43.11;43.31
Jul 5, 2018 5:00 AM;Jul 5, 2018 6:00 AM;-;44.65;47.57;49.35;44.65;44.65;49.35;-;-;49.35;43.45;44.55;44.65;55.05;44.65;44.55
Jul 5, 2018 6:00 AM;Jul 5, 2018 7:00 AM;-;51.89;51.89;53.17;51.89;51.89;51.39;-;-;53.17;49.70;50.00;51.89;60.41;51.89;50.00
Jul 5, 2018 7:00 AM;Jul 5, 2018 8:00 AM;-;57.71;57.71;57.71;57.71;57.71;52.11;-;-;56.43;54.91;57.80;57.71;60.41;57.71;57.80
Jul 5, 2018 8:00 AM;Jul 5, 2018 9:00 AM;-;61.21;61.21;61.21;61.21;61.21;52.18;-;-;61.21;58.77;59.75;61.21;64.55;61.21;59.75
Jul 5, 2018 9:00 AM;Jul 5, 2018 10:00 AM;-;61.35;60.94;60.94;61.21;61.16;52.20;-;-;60.94;56.39;56.26;60.94;63.32;60.94;56.26
Jul 5, 2018 10:00 AM;Jul 5, 2018 11:00 AM;-;64.48;62.41;62.41;61.85;60.99;52.23;-;-;62.41;54.70;54.90;56.62;63.25;56.62;58.25
Jul 5, 2018 11:00 AM;Jul 5, 2018 12:00 PM;-;65.43;64.07;64.07;62.09;60.74;52.23;-;-;64.07;53.87;54.32;55.43;62.09;60.02;58.06
Jul 5, 2018 12:00 PM;Jul 5, 2018 1:00 PM;-;66.83;63.88;63.88;61.89;60.00;52.25;-;-;63.88;51.78;49.42;52.10;61.89;55.86;57.51
Jul 5, 2018 1:00 PM;Jul 5, 2018 2:00 PM;-;67.19;52.25;63.57;61.66;61.23;52.25;-;-;63.57;51.71;48.00;50.70;61.66;55.10;57.52
Jul 5, 2018 2:00 PM;Jul 5, 2018 3:00 PM;-;63.36;52.06;59.04;58.79;58.38;52.06;-;-;59.04;50.19;46.40;49.76;61.97;53.29;58.18
Jul 5, 2018 3:00 PM;Jul 5, 2018 4:00 PM;-;58.05;51.84;57.56;55.71;55.32;51.84;-;-;57.56;50.32;48.16;51.07;63.25;54.28;54.16
Jul 5, 2018 4:00 PM;Jul 5, 2018 5:00 PM;-;54.13;52.02;53.97;53.39;55.08;52.02;-;-;53.97;50.73;49.00;52.02;65.74;55.22;54.09
Jul 5, 2018 5:00 PM;Jul 5, 2018 6:00 PM;-;67.80;52.97;52.97;62.12;73.68;52.05;-;-;52.97;51.52;51.58;52.97;65.74;54.03;55.51
Jul 5, 2018 6:00 PM;Jul 5, 2018 7:00 PM;-;66.26;54.83;54.83;61.99;68.64;52.03;-;-;54.83;53.06;53.86;54.83;65.74;54.83;53.86
Jul 5, 2018 7:00 PM;Jul 5, 2018 8:00 PM;-;65.51;55.41;55.41;61.75;67.60;51.91;-;-;55.41;53.95;55.39;55.41;66.31;55.41;55.39
Jul 5, 2018 8:00 PM;Jul 5, 2018 9:00 PM;-;65.00;55.10;55.10;59.91;65.00;52.01;-;-;55.10;52.62;52.87;55.10;65.74;55.10;52.87
Jul 5, 2018 9:00 PM;Jul 5, 2018 10:00 PM;-;53.79;53.79;53.79;53.79;53.79;52.07;-;-;53.79;51.72;52.30;53.79;65.74;53.79;52.39
Jul 5, 2018 10:00 PM;Jul 5, 2018 11:00 PM;-;69.27;52.05;52.05;61.63;63.89;52.05;-;-;52.05;50.99;51.96;52.05;62.07;52.05;52.12
Jul 5, 2018 11:00 PM;Jul 6, 2018 12:00 AM;-;67.54;50.21;50.21;59.94;61.90;50.21;-;-;50.21;46.39;46.49;50.21;59.94;50.21;46.98
Jul 6, 2018 12:00 AM;Jul 6, 2018 1:00 AM;-;48.39;48.39;49.58;48.39;48.39;49.58;-;-;49.58;47.05;44.08;48.39;59.44;48.39;44.08
Jul 6, 2018 1:00 AM;Jul 6, 2018 2:00 AM;-;42.98;42.98;47.89;42.98;42.98;47.89;-;-;47.89;43.16;41.46;42.98;57.44;42.98;41.46
Jul 6, 2018 2:00 AM;Jul 6, 2018 3:00 AM;-;42.06;42.06;46.86;42.06;42.06;46.86;-;-;46.86;41.52;40.50;42.06;53.67;42.06;40.50
Jul 6, 2018 3:00 AM;Jul 6, 2018 4:00 AM;-;41.83;44.09;44.09;41.83;41.83;44.09;-;-;44.09;40.87;40.50;41.83;51.47;41.83;40.50
Jul 6, 2018 4:00 AM;Jul 6, 2018 5:00 AM;-;42.00;42.00;43.39;42.00;42.00;43.39;-;-;43.39;39.85;40.47;42.00;52.27;42.00;40.47
Jul 6, 2018 5:00 AM;Jul 6, 2018 6:00 AM;-;41.92;41.92;47.32;41.92;41.92;47.32;-;-;47.32;41.50;41.49;41.92;52.71;41.92;41.49
Jul 6, 2018 6:00 AM;Jul 6, 2018 7:00 AM;-;50.45;49.69;50.07;49.10;50.10;50.07;-;-;50.07;48.06;47.10;49.69;58.95;49.69;47.10
Jul 6, 2018 7:00 AM;Jul 6, 2018 8:00 AM;-;55.01;55.01;54.62;55.01;55.01;51.51;-;-;53.69;52.23;52.23;55.01;65.10;55.01;52.23
Jul 6, 2018 8:00 AM;Jul 6, 2018 9:00 AM;-;56.60;55.92;55.92;56.60;56.60;52.23;-;-;55.92;56.20;56.32;56.60;69.29;56.60;56.32
Jul 6, 2018 9:00 AM;Jul 6, 2018 10:00 AM;-;62.08;55.96;55.96;59.68;64.82;52.44;-;-;55.96;55.42;55.08;55.96;69.29;55.96;55.08
Jul 6, 2018 10:00 AM;Jul 6, 2018 11:00 AM;-;62.83;55.94;55.94;59.88;64.50;52.46;-;-;55.94;53.54;53.39;55.94;66.00;55.94;53.39
Jul 6, 2018 11:00 AM;Jul 6, 2018 12:00 PM;-;62.52;54.88;55.85;59.31;61.58;52.31;-;-;55.85;52.57;52.10;54.88;61.97;54.88;52.10
Jul 6, 2018 12:00 PM;Jul 6, 2018 1:00 PM;-;60.65;51.35;55.40;56.74;60.14;51.92;-;-;55.40;52.00;46.77;51.35;59.00;59.00;54.06
Jul 6, 2018 1:00 PM;Jul 6, 2018 2:00 PM;-;54.98;50.18;54.73;53.00;54.98;51.08;-;-;54.73;50.98;42.50;50.18;58.65;54.10;53.23
Jul 6, 2018 2:00 PM;Jul 6, 2018 3:00 PM;-;57.78;49.31;53.50;51.05;57.78;50.42;-;-;53.50;51.84;40.09;41.51;60.03;52.50;53.36
Jul 6, 2018 3:00 PM;Jul 6, 2018 4:00 PM;-;54.98;49.95;52.39;48.56;54.98;49.95;-;-;52.39;51.02;40.80;39.50;63.74;44.10;52.11
Jul 6, 2018 4:00 PM;Jul 6, 2018 5:00 PM;-;53.10;49.92;50.66;47.37;52.68;49.92;-;-;50.66;50.94;41.40;39.42;66.25;39.42;48.02
Jul 6, 2018 5:00 PM;Jul 6, 2018 6:00 PM;-;59.50;42.67;50.58;51.86;59.50;49.10;-;-;50.58;50.11;43.32;42.67;66.00;44.67;43.32
Jul 6, 2018 6:00 PM;Jul 6, 2018 7:00 PM;-;68.50;47.98;50.26;58.79;68.50;49.19;-;-;50.26;50.44;44.99;47.98;68.08;47.98;44.99
Jul 6, 2018 7:00 PM;Jul 6, 2018 8:00 PM;-;66.55;50.42;50.42;58.40;66.55;49.93;-;-;50.42;50.03;47.23;50.42;68.38;50.42;47.23
Jul 6, 2018 8:00 PM;Jul 6, 2018 9:00 PM;-;54.00;50.17;50.17;51.82;54.00;50.17;-;-;50.17;50.14;47.01;50.17;68.38;50.17;47.01
Jul 6, 2018 9:00 PM;Jul 6, 2018 10:00 PM;-;50.57;49.60;49.60;50.57;50.57;49.60;-;-;49.60;49.31;47.00;50.57;67.22;50.57;47.00
Jul 6, 2018 10:00 PM;Jul 6, 2018 11:00 PM;-;68.89;49.99;48.89;60.32;65.98;48.89;-;-;48.89;49.53;45.94;49.99;64.52;49.99;45.94
Jul 6, 2018 11:00 PM;Jul 7, 2018 12:00 AM;-;66.75;46.50;47.80;57.38;60.10;47.80;-;-;47.80;47.91;42.00;46.50;61.00;46.50;42.00
Jul 7, 2018 12:00 AM;Jul 7, 2018 1:00 AM;-;47.71;47.71;47.71;47.71;47.71;48.18;-;-;48.18;42.67;39.00;47.71;64.00;47.71;39.00
Jul 7, 2018 1:00 AM;Jul 7, 2018 2:00 AM;-;47.77;41.90;41.90;45.03;45.80;47.32;-;-;46.65;41.03;38.32;41.90;56.66;41.90;38.32
Jul 7, 2018 2:00 AM;Jul 7, 2018 3:00 AM;-;42.72;39.08;39.08;41.02;41.60;47.06;-;-;44.07;39.83;36.87;39.08;48.45;39.08;36.87
Jul 7, 2018 3:00 AM;Jul 7, 2018 4:00 AM;-;42.43;39.08;39.08;40.86;41.40;47.03;-;-;40.10;38.07;35.56;39.08;47.02;39.08;35.56
Jul 7, 2018 4:00 AM;Jul 7, 2018 5:00 AM;-;40.61;38.05;38.05;39.46;45.39;46.89;-;-;40.05;35.88;33.80;38.05;45.55;38.05;33.80
Jul 7, 2018 5:00 AM;Jul 7, 2018 6:00 AM;-;39.46;36.72;36.72;38.23;44.60;46.84;-;-;45.03;36.62;33.95;36.72;42.46;36.72;33.95
Jul 7, 2018 6:00 AM;Jul 7, 2018 7:00 AM;-;39.89;39.08;39.08;39.53;41.40;47.39;-;-;47.39;38.02;35.10;39.08;45.55;39.08;35.10
Jul 7, 2018 7:00 AM;Jul 7, 2018 8:00 AM;-;41.40;41.40;47.54;41.40;41.40;47.54;-;-;47.54;38.93;38.39;41.40;47.02;41.40;38.39
Jul 7, 2018 8:00 AM;Jul 7, 2018 9:00 AM;-;43.49;43.49;48.00;43.49;43.49;48.00;-;-;48.00;40.95;39.30;43.49;51.78;43.49;39.30
Jul 7, 2018 9:00 AM;Jul 7, 2018 10:00 AM;-;45.50;39.82;49.10;42.94;47.52;49.10;-;-;49.10;40.05;36.84;39.82;54.53;44.10;38.07
Jul 7, 2018 10:00 AM;Jul 7, 2018 11:00 AM;-;49.11;26.58;49.51;38.94;57.12;49.51;-;-;49.51;38.93;30.50;26.58;50.54;50.54;42.26
Jul 7, 2018 11:00 AM;Jul 7, 2018 12:00 PM;-;61.27;22.26;49.34;42.89;49.90;49.34;-;-;49.34;39.83;25.06;22.26;46.21;46.21;45.00
Jul 7, 2018 12:00 PM;Jul 7, 2018 1:00 PM;-;65.10;27.05;49.09;44.19;51.55;49.09;-;-;49.09;39.81;20.41;20.72;44.19;44.19;42.26
Jul 7, 2018 1:00 PM;Jul 7, 2018 2:00 PM;-;65.89;27.00;48.64;42.33;50.88;48.64;-;-;48.64;39.35;16.07;15.76;42.33;42.33;40.11
Jul 7, 2018 2:00 PM;Jul 7, 2018 3:00 PM;-;67.16;2.34;48.33;37.00;53.48;48.33;-;-;48.33;39.66;14.05;2.34;37.00;37.00;36.05
Jul 7, 2018 3:00 PM;Jul 7, 2018 4:00 PM;-;61.86;11.93;48.04;38.26;48.22;48.04;-;-;48.04;39.02;16.90;11.93;38.26;38.26;32.07
Jul 7, 2018 4:00 PM;Jul 7, 2018 5:00 PM;-;49.99;35.32;47.84;35.96;51.57;47.84;-;-;47.84;38.48;19.06;19.86;43.10;43.10;31.04
Jul 7, 2018 5:00 PM;Jul 7, 2018 6:00 PM;-;64.93;48.29;48.29;44.48;53.30;48.29;-;-;48.29;40.90;26.39;21.48;47.02;41.80;30.06
Jul 7, 2018 6:00 PM;Jul 7, 2018 7:00 PM;-;60.00;48.82;48.82;45.05;55.73;48.82;-;-;48.82;39.82;34.00;32.07;53.65;42.09;34.00
Jul 7, 2018 7:00 PM;Jul 7, 2018 8:00 PM;-;75.17;48.70;48.70;54.98;69.90;48.70;-;-;48.70;40.83;38.95;39.03;56.88;39.03;38.95
Jul 7, 2018 8:00 PM;Jul 7, 2018 9:00 PM;-;64.90;48.43;48.43;50.04;64.90;48.43;-;-;48.43;41.64;41.60;42.19;55.17;42.19;41.60
Jul 7, 2018 9:00 PM;Jul 7, 2018 10:00 PM;-;46.95;48.11;48.11;46.95;46.95;48.11;-;-;48.11;43.57;43.92;46.95;55.00;46.95;43.92
Jul 7, 2018 10:00 PM;Jul 7, 2018 11:00 PM;-;68.31;48.08;48.08;56.34;61.31;48.08;-;-;48.08;45.78;43.50;42.93;56.34;42.93;43.50
Jul 7, 2018 11:00 PM;Jul 8, 2018 12:00 AM;-;70.71;48.25;48.25;55.93;60.89;48.25;-;-;48.25;43.36;40.50;39.05;55.93;39.05;40.50
Jul 8, 2018 12:00 AM;Jul 8, 2018 1:00 AM;-;49.74;48.03;48.03;43.62;49.85;48.26;-;-;48.03;43.95;37.81;40.25;65.01;40.25;37.81
Jul 8, 2018 1:00 AM;Jul 8, 2018 2:00 AM;-;41.41;46.09;46.09;36.98;41.40;47.07;-;-;46.09;41.50;34.11;34.58;62.04;34.58;34.11
Jul 8, 2018 2:00 AM;Jul 8, 2018 3:00 AM;-;35.39;45.06;45.06;33.93;41.80;47.02;-;-;45.06;38.56;31.40;32.19;58.89;32.19;31.40
Jul 8, 2018 3:00 AM;Jul 8, 2018 4:00 AM;-;33.17;45.02;45.02;32.01;38.20;46.88;-;-;45.02;37.59;30.68;30.64;58.19;30.64;30.68
Jul 8, 2018 4:00 AM;Jul 8, 2018 5:00 AM;-;31.96;45.07;45.07;30.33;39.00;46.84;-;-;45.07;34.46;30.26;28.41;58.19;28.41;30.26
Jul 8, 2018 5:00 AM;Jul 8, 2018 6:00 AM;-;32.70;47.11;47.11;31.43;38.20;47.11;-;-;47.11;30.53;27.81;29.93;55.93;29.93;27.81
Jul 8, 2018 6:00 AM;Jul 8, 2018 7:00 AM;-;30.69;48.41;48.41;30.69;30.69;48.41;-;-;48.41;32.61;28.98;30.69;52.55;30.69;28.98
Jul 8, 2018 7:00 AM;Jul 8, 2018 8:00 AM;-;32.69;48.56;48.56;32.69;32.69;48.56;-;-;48.56;31.90;30.03;32.69;50.00;32.69;30.03
Jul 8, 2018 8:00 AM;Jul 8, 2018 9:00 AM;-;33.71;49.24;49.24;33.71;33.71;49.24;-;-;49.24;32.30;32.00;33.71;35.20;35.20;32.00
Jul 8, 2018 9:00 AM;Jul 8, 2018 10:00 AM;-;33.08;49.40;49.40;32.75;35.00;49.40;-;-;49.40;32.83;34.27;32.36;36.20;36.20;34.52
Jul 8, 2018 10:00 AM;Jul 8, 2018 11:00 AM;-;31.35;50.10;50.10;29.88;39.90;50.10;-;-;50.10;28.43;30.30;28.16;43.37;43.37;38.18
Jul 8, 2018 11:00 AM;Jul 8, 2018 12:00 PM;-;30.22;50.27;50.27;29.39;35.00;50.27;-;-;50.27;27.70;29.90;28.41;41.00;41.00;37.00
Jul 8, 2018 12:00 PM;Jul 8, 2018 1:00 PM;-;30.89;50.23;50.23;29.34;39.90;50.23;-;-;50.23;23.92;26.70;27.51;38.20;38.20;29.99
Jul 8, 2018 1:00 PM;Jul 8, 2018 2:00 PM;-;36.48;50.02;50.02;29.82;35.75;50.02;-;-;50.02;19.08;26.63;21.74;34.90;34.90;26.63
Jul 8, 2018 2:00 PM;Jul 8, 2018 3:00 PM;-;33.85;49.79;49.79;27.47;35.10;49.79;-;-;49.79;16.05;23.98;19.75;34.30;34.30;23.98
Jul 8, 2018 3:00 PM;Jul 8, 2018 4:00 PM;-;24.07;49.57;49.57;22.64;32.40;49.57;-;-;49.57;20.86;26.70;20.95;38.61;38.61;28.70
Jul 8, 2018 4:00 PM;Jul 8, 2018 5:00 PM;-;28.72;49.69;49.69;27.43;29.90;49.69;-;-;49.69;27.53;26.80;25.98;53.70;44.10;27.89
Jul 8, 2018 5:00 PM;Jul 8, 2018 6:00 PM;-;29.55;49.93;49.93;29.55;37.40;49.93;-;-;49.93;36.12;35.30;29.55;53.91;53.91;35.82
Jul 8, 2018 6:00 PM;Jul 8, 2018 7:00 PM;-;43.71;50.23;50.23;43.71;43.71;50.23;-;-;50.23;46.51;45.27;43.71;60.00;43.71;45.27
Jul 8, 2018 7:00 PM;Jul 8, 2018 8:00 PM;-;50.17;50.43;50.43;50.17;50.17;50.43;-;-;50.43;49.68;49.41;50.17;64.00;50.17;49.41
Jul 8, 2018 8:00 PM;Jul 8, 2018 9:00 PM;-;50.10;50.51;50.51;50.10;50.10;50.51;-;-;50.51;52.07;51.00;50.10;70.11;50.10;51.00
Jul 8, 2018 9:00 PM;Jul 8, 2018 10:00 PM;-;50.00;50.27;50.27;50.00;50.00;50.27;-;-;50.27;51.47;50.81;50.00;70.15;50.00;50.81
Jul 8, 2018 10:00 PM;Jul 8, 2018 11:00 PM;-;72.23;50.83;50.83;58.55;71.90;50.83;-;-;50.83;50.04;50.68;50.83;70.12;50.83;50.68
Jul 8, 2018 11:00 PM;Jul 9, 2018 12:00 AM;-;70.37;49.94;49.94;57.21;70.15;49.94;-;-;49.94;46.97;47.13;49.94;63.14;49.94;47.13
Jul 9, 2018 12:00 AM;Jul 9, 2018 1:00 AM;-;76.43;42.88;42.88;61.40;71.07;48.93;-;-;48.93;43.08;38.42;42.88;61.69;42.88;38.42
Jul 9, 2018 1:00 AM;Jul 9, 2018 2:00 AM;-;52.13;40.80;40.80;47.01;49.08;47.51;-;-;47.51;41.86;37.50;40.80;60.49;40.80;37.50
Jul 9, 2018 2:00 AM;Jul 9, 2018 3:00 AM;-;45.44;40.09;40.09;42.27;45.44;46.94;-;-;46.94;40.93;36.50;40.09;54.49;40.09;36.50
Jul 9, 2018 3:00 AM;Jul 9, 2018 4:00 AM;-;42.70;39.73;39.73;40.94;42.70;45.76;-;-;45.76;39.47;36.99;39.73;45.00;39.73;36.99
Jul 9, 2018 4:00 AM;Jul 9, 2018 5:00 AM;-;43.20;39.87;39.87;41.32;43.20;45.00;-;-;45.00;38.97;36.75;39.87;46.99;39.87;36.75
Jul 9, 2018 5:00 AM;Jul 9, 2018 6:00 AM;-;43.20;42.60;47.37;42.87;43.20;47.37;-;-;47.37;41.55;39.74;42.60;49.71;42.60;39.74
Jul 9, 2018 6:00 AM;Jul 9, 2018 7:00 AM;-;50.14;50.14;50.14;50.14;50.14;50.14;-;-;50.14;50.03;49.94;50.14;60.02;50.14;49.94
Jul 9, 2018 7:00 AM;Jul 9, 2018 8:00 AM;-;53.52;53.52;53.52;53.52;53.52;50.89;-;-;53.52;55.00;55.40;53.52;60.15;53.52;55.40
Jul 9, 2018 8:00 AM;Jul 9, 2018 9:00 AM;-;54.71;53.86;53.86;54.71;54.71;51.72;-;-;53.86;54.99;56.64;54.71;61.00;54.71;56.64
Jul 9, 2018 9:00 AM;Jul 9, 2018 10:00 AM;-;62.54;52.52;53.37;58.94;59.90;51.60;-;-;53.37;53.09;53.12;52.52;61.37;52.52;53.12
Jul 9, 2018 10:00 AM;Jul 9, 2018 11:00 AM;-;62.67;50.11;53.74;58.15;59.34;51.02;-;-;53.74;52.09;52.34;50.11;60.49;50.11;53.04
Jul 9, 2018 11:00 AM;Jul 9, 2018 12:00 PM;-;64.34;50.96;54.21;58.07;58.96;50.96;-;-;54.21;52.48;51.27;46.92;59.85;46.92;55.84
Jul 9, 2018 12:00 PM;Jul 9, 2018 1:00 PM;-;65.31;50.98;53.47;56.31;56.53;50.98;-;-;53.47;50.92;52.00;40.34;57.86;53.10;55.68
Jul 9, 2018 1:00 PM;Jul 9, 2018 2:00 PM;-;67.90;51.07;53.37;57.70;58.89;51.07;-;-;53.37;51.34;55.62;39.54;58.93;53.03;55.62
Jul 9, 2018 2:00 PM;Jul 9, 2018 3:00 PM;-;66.70;50.90;53.56;57.23;57.20;50.90;-;-;53.56;48.74;48.00;40.32;62.61;41.80;50.18
Jul 9, 2018 3:00 PM;Jul 9, 2018 4:00 PM;-;58.35;50.71;53.19;52.41;52.39;50.71;-;-;53.19;50.02;51.00;41.80;64.14;41.80;51.00
Jul 9, 2018 4:00 PM;Jul 9, 2018 5:00 PM;-;59.33;50.74;52.52;52.54;52.42;50.74;-;-;52.52;50.43;50.22;40.36;65.08;44.00;50.22
Jul 9, 2018 5:00 PM;Jul 9, 2018 6:00 PM;-;53.37;49.60;52.39;52.02;52.58;50.90;-;-;52.39;51.49;50.20;49.60;65.48;49.60;50.20
Jul 9, 2018 6:00 PM;Jul 9, 2018 7:00 PM;-;53.15;52.61;52.61;52.95;53.00;51.30;-;-;52.61;51.47;50.70;52.61;65.00;52.61;50.70
Jul 9, 2018 7:00 PM;Jul 9, 2018 8:00 PM;-;62.94;53.06;53.06;59.41;60.22;51.93;-;-;53.06;52.30;52.00;53.06;65.61;53.06;52.00
Jul 9, 2018 8:00 PM;Jul 9, 2018 9:00 PM;-;53.69;52.73;52.73;53.44;53.49;51.78;-;-;52.73;52.22;52.81;52.99;65.41;52.99;52.81
Jul 9, 2018 9:00 PM;Jul 9, 2018 10:00 PM;-;51.94;51.94;51.94;51.94;51.94;51.88;-;-;51.94;52.06;52.20;51.94;65.71;51.94;52.20
Jul 9, 2018 10:00 PM;Jul 9, 2018 11:00 PM;-;52.59;52.22;52.22;52.59;52.59;51.86;-;-;51.86;52.01;51.75;52.59;64.00;64.00;51.75
Jul 9, 2018 11:00 PM;Jul 10, 2018 12:00 AM;-;49.37;49.37;49.73;49.37;49.37;49.73;-;-;49.73;49.61;47.30;49.37;61.37;61.37;47.30
Jul 10, 2018 12:00 AM;Jul 10, 2018 1:00 AM;-;43.98;43.98;48.37;43.98;43.98;48.37;-;-;48.37;48.53;46.52;43.98;66.26;59.54;46.52
Jul 10, 2018 1:00 AM;Jul 10, 2018 2:00 AM;-;43.30;43.30;47.68;43.30;43.30;47.68;-;-;47.68;45.84;44.20;43.30;62.56;43.30;44.20
Jul 10, 2018 2:00 AM;Jul 10, 2018 3:00 AM;-;44.78;46.65;46.65;44.78;44.78;46.65;-;-;46.65;44.18;42.17;44.78;60.49;44.78;42.17
Jul 10, 2018 3:00 AM;Jul 10, 2018 4:00 AM;-;43.28;45.70;45.70;43.28;43.28;45.70;-;-;45.70;43.28;41.60;43.28;59.93;43.28;41.60
Jul 10, 2018 4:00 AM;Jul 10, 2018 5:00 AM;-;41.70;41.70;45.03;41.70;41.70;45.25;-;-;45.03;43.57;42.10;41.70;59.78;41.70;42.10
Jul 10, 2018 5:00 AM;Jul 10, 2018 6:00 AM;-;44.54;44.54;48.19;44.54;44.54;48.19;-;-;48.19;44.96;44.29;44.54;59.94;44.54;44.29
Jul 10, 2018 6:00 AM;Jul 10, 2018 7:00 AM;-;50.61;50.61;50.61;50.61;50.61;50.61;-;-;50.61;52.00;52.33;50.61;62.80;50.61;52.33
Jul 10, 2018 7:00 AM;Jul 10, 2018 8:00 AM;-;56.82;56.82;56.82;56.82;56.82;51.93;-;-;55.46;58.52;58.92;56.82;65.00;56.82;58.92
Jul 10, 2018 8:00 AM;Jul 10, 2018 9:00 AM;-;58.34;58.34;58.34;58.34;58.34;52.57;-;-;58.34;62.67;63.20;58.34;66.68;58.34;63.20
Jul 10, 2018 9:00 AM;Jul 10, 2018 10:00 AM;-;58.90;58.90;58.90;58.90;58.90;52.62;-;-;58.90;62.79;63.70;58.90;66.09;58.90;63.70
Jul 10, 2018 10:00 AM;Jul 10, 2018 11:00 AM;-;58.41;58.41;58.41;58.41;58.41;52.67;-;-;58.41;61.12;61.78;58.41;66.00;58.41;61.78
Jul 10, 2018 11:00 AM;Jul 10, 2018 12:00 PM;-;58.26;58.26;58.26;58.26;58.26;52.66;-;-;58.26;61.90;62.10;58.26;65.28;63.62;62.10
Jul 10, 2018 12:00 PM;Jul 10, 2018 1:00 PM;-;57.32;57.32;57.32;57.32;57.32;52.64;-;-;57.32;57.83;60.42;57.32;61.68;61.68;60.42
Jul 10, 2018 1:00 PM;Jul 10, 2018 2:00 PM;-;57.02;57.02;57.02;57.02;57.02;52.52;-;-;57.02;57.29;59.99;57.02;61.56;61.56;59.99
Jul 10, 2018 2:00 PM;Jul 10, 2018 3:00 PM;-;55.97;55.97;55.97;55.97;55.97;52.49;-;-;55.97;56.56;57.20;55.97;66.50;59.86;57.20
Jul 10, 2018 3:00 PM;Jul 10, 2018 4:00 PM;-;55.15;55.15;55.15;55.15;55.15;52.45;-;-;55.15;56.01;56.22;55.15;66.92;56.29;56.22
Jul 10, 2018 4:00 PM;Jul 10, 2018 5:00 PM;-;54.37;54.37;54.37;54.37;54.37;52.41;-;-;54.37;56.32;56.00;54.37;67.75;56.04;56.00
Jul 10, 2018 5:00 PM;Jul 10, 2018 6:00 PM;-;56.00;56.00;56.00;56.00;56.00;52.39;-;-;56.00;58.05;59.40;56.00;67.85;56.00;59.40
Jul 10, 2018 6:00 PM;Jul 10, 2018 7:00 PM;-;57.05;57.05;57.05;57.05;57.05;52.40;-;-;57.05;59.16;59.96;57.05;69.68;57.05;59.96
Jul 10, 2018 7:00 PM;Jul 10, 2018 8:00 PM;-;57.50;57.50;57.50;57.50;57.50;51.97;-;-;57.38;60.42;60.85;57.50;70.35;57.50;60.85
Jul 10, 2018 8:00 PM;Jul 10, 2018 9:00 PM;-;56.08;56.08;56.08;56.08;56.08;51.93;-;-;56.08;59.44;60.29;56.08;70.35;56.08;60.29
Jul 10, 2018 9:00 PM;Jul 10, 2018 10:00 PM;-;54.75;54.75;54.75;54.75;54.75;52.12;-;-;54.75;57.48;58.84;54.75;69.68;54.75;58.84
Jul 10, 2018 10:00 PM;Jul 10, 2018 11:00 PM;-;55.99;55.99;55.99;55.99;55.99;52.26;-;-;54.65;56.34;56.51;55.99;66.73;55.99;56.51
Jul 10, 2018 11:00 PM;Jul 11, 2018 12:00 AM;-;50.69;50.69;50.69;50.69;50.69;50.69;-;-;50.69;52.41;52.92;50.69;63.40;50.69;52.92
Jul 11, 2018 12:00 AM;Jul 11, 2018 1:00 AM;-;45.50;45.50;45.50;45.50;45.50;49.48;-;-;49.48;49.14;49.10;45.50;70.00;45.50;49.10
Jul 11, 2018 1:00 AM;Jul 11, 2018 2:00 AM;-;47.48;44.40;44.40;45.51;47.47;49.04;-;-;49.04;47.18;46.20;44.40;65.34;44.40;46.20
Jul 11, 2018 2:00 AM;Jul 11, 2018 3:00 AM;-;44.20;48.15;48.15;43.66;44.17;48.15;-;-;48.15;46.55;45.00;43.36;61.22;43.36;45.00
Jul 11, 2018 3:00 AM;Jul 11, 2018 4:00 AM;-;43.93;47.99;47.99;43.33;43.90;47.99;-;-;47.99;45.39;43.20;43.00;59.93;43.00;43.20
Jul 11, 2018 4:00 AM;Jul 11, 2018 5:00 AM;-;43.39;47.27;47.27;43.39;43.39;47.27;-;-;47.27;45.01;43.34;43.39;56.41;43.39;43.34
Jul 11, 2018 5:00 AM;Jul 11, 2018 6:00 AM;-;43.80;46.40;46.44;43.80;43.80;48.36;-;-;48.36;46.86;45.91;43.80;59.26;43.80;45.91
Jul 11, 2018 6:00 AM;Jul 11, 2018 7:00 AM;-;51.44;51.44;51.41;51.44;51.44;51.41;-;-;51.41;53.22;53.40;51.44;60.26;51.44;53.40
Jul 11, 2018 7:00 AM;Jul 11, 2018 8:00 AM;-;56.99;56.99;56.99;56.99;56.99;52.91;-;-;55.62;59.02;60.19;56.99;63.50;56.99;60.19
Jul 11, 2018 8:00 AM;Jul 11, 2018 9:00 AM;-;57.51;57.51;57.51;57.51;57.51;53.07;-;-;57.51;60.67;61.40;57.51;66.03;57.51;61.40
Jul 11, 2018 9:00 AM;Jul 11, 2018 10:00 AM;-;57.75;57.75;57.75;57.75;57.75;53.10;-;-;57.75;58.99;61.11;57.75;67.86;57.75;61.11
Jul 11, 2018 10:00 AM;Jul 11, 2018 11:00 AM;-;56.94;56.94;56.94;56.94;56.94;53.12;-;-;56.94;58.39;58.96;56.94;66.91;56.94;60.38
Jul 11, 2018 11:00 AM;Jul 11, 2018 12:00 PM;-;56.69;56.69;56.69;56.69;56.69;53.12;-;-;56.69;58.56;59.00;56.69;65.23;65.23;65.05
Jul 11, 2018 12:00 PM;Jul 11, 2018 1:00 PM;-;55.99;55.99;55.99;55.99;55.99;53.11;-;-;55.99;57.60;57.60;55.99;61.37;61.37;65.17
Jul 11, 2018 1:00 PM;Jul 11, 2018 2:00 PM;-;54.99;54.99;54.99;54.99;54.99;53.09;-;-;54.99;57.15;55.13;54.99;63.15;63.15;63.83
Jul 11, 2018 2:00 PM;Jul 11, 2018 3:00 PM;-;53.67;54.29;54.29;53.67;53.67;52.41;-;-;54.29;56.23;53.90;53.67;66.03;66.03;65.15
Jul 11, 2018 3:00 PM;Jul 11, 2018 4:00 PM;-;52.38;53.67;53.67;52.38;52.38;52.34;-;-;53.67;55.27;53.70;52.38;68.96;68.04;64.81
Jul 11, 2018 4:00 PM;Jul 11, 2018 5:00 PM;-;52.66;52.66;52.66;52.66;52.66;52.44;-;-;52.66;54.61;53.60;52.66;69.62;57.30;59.17
Jul 11, 2018 5:00 PM;Jul 11, 2018 6:00 PM;-;55.23;55.23;55.23;55.23;55.23;52.90;-;-;55.23;56.13;56.00;55.23;67.00;55.23;58.07
Jul 11, 2018 6:00 PM;Jul 11, 2018 7:00 PM;-;56.91;56.91;56.91;56.91;56.91;52.82;-;-;56.91;58.10;58.80;56.91;67.00;56.91;58.80
Jul 11, 2018 7:00 PM;Jul 11, 2018 8:00 PM;-;57.77;57.77;57.77;57.77;57.77;52.42;-;-;57.08;58.73;60.30;57.77;66.87;57.77;60.30
Jul 11, 2018 8:00 PM;Jul 11, 2018 9:00 PM;-;56.85;56.85;56.85;56.85;56.85;52.55;-;-;55.83;57.61;59.48;56.85;67.00;56.85;59.48
Jul 11, 2018 9:00 PM;Jul 11, 2018 10:00 PM;-;55.54;55.54;55.54;55.54;55.54;52.71;-;-;55.12;55.91;57.90;55.54;67.00;55.54;57.90
Jul 11, 2018 10:00 PM;Jul 11, 2018 11:00 PM;-;55.65;55.65;55.65;55.65;55.65;52.76;-;-;54.32;56.41;57.78;55.65;63.64;55.65;57.78
Jul 11, 2018 11:00 PM;Jul 12, 2018 12:00 AM;-;51.58;51.58;51.58;51.58;51.58;51.58;-;-;51.58;52.53;52.18;51.58;60.49;51.58;52.18
Jul 12, 2018 12:00 AM;Jul 12, 2018 1:00 AM;-;48.77;48.77;50.34;48.77;48.77;50.34;-;-;50.34;49.42;47.95;48.77;62.00;48.77;47.95
Jul 12, 2018 1:00 AM;Jul 12, 2018 2:00 AM;-;46.10;46.10;46.10;46.10;46.10;49.50;-;-;49.50;46.66;45.50;46.10;59.93;46.10;45.50
Jul 12, 2018 2:00 AM;Jul 12, 2018 3:00 AM;-;47.51;49.09;49.09;47.51;47.51;49.09;-;-;49.09;45.46;44.53;47.51;55.50;47.51;44.53
Jul 12, 2018 3:00 AM;Jul 12, 2018 4:00 AM;-;45.02;49.03;49.03;45.02;45.02;49.03;-;-;49.03;44.01;43.92;45.02;55.50;45.02;43.92
Jul 12, 2018 4:00 AM;Jul 12, 2018 5:00 AM;-;44.43;48.63;48.63;44.43;44.43;48.63;-;-;48.63;43.99;43.94;44.43;55.42;44.43;43.94
Jul 12, 2018 5:00 AM;Jul 12, 2018 6:00 AM;-;44.49;46.02;49.60;44.49;44.49;49.60;-;-;49.60;45.20;45.37;44.49;57.93;44.49;45.37
Jul 12, 2018 6:00 AM;Jul 12, 2018 7:00 AM;-;51.05;51.05;51.05;51.05;51.05;51.05;-;-;51.05;52.66;52.50;51.05;61.00;51.05;52.50
Jul 12, 2018 7:00 AM;Jul 12, 2018 8:00 AM;-;57.94;57.94;57.94;57.94;57.94;53.29;-;-;55.81;57.43;58.40;57.94;65.08;57.94;58.40
Jul 12, 2018 8:00 AM;Jul 12, 2018 9:00 AM;-;58.90;58.90;58.90;58.90;58.90;53.33;-;-;58.90;59.09;60.81;58.90;67.73;58.90;60.81
Jul 12, 2018 9:00 AM;Jul 12, 2018 10:00 AM;-;56.97;56.97;56.97;56.97;56.97;53.32;-;-;56.97;59.10;60.84;56.97;68.45;68.45;63.82
Jul 12, 2018 10:00 AM;Jul 12, 2018 11:00 AM;-;58.31;58.31;58.31;58.31;58.31;53.32;-;-;58.31;57.39;57.76;58.31;66.98;64.24;61.47
Jul 12, 2018 11:00 AM;Jul 12, 2018 12:00 PM;-;58.30;58.30;58.30;58.30;58.30;53.30;-;-;58.30;57.18;57.50;58.30;65.88;65.88;65.05
Jul 12, 2018 12:00 PM;Jul 12, 2018 1:00 PM;-;56.51;56.51;56.51;56.51;56.51;53.30;-;-;56.51;54.85;56.10;56.51;62.00;62.00;64.23
Jul 12, 2018 1:00 PM;Jul 12, 2018 2:00 PM;-;54.92;54.92;54.92;54.92;54.92;53.16;-;-;54.92;54.03;54.25;54.92;62.00;62.00;65.90
Jul 12, 2018 2:00 PM;Jul 12, 2018 3:00 PM;-;53.93;54.45;54.45;53.93;53.93;53.03;-;-;54.45;54.01;53.37;53.93;65.00;65.00;67.91
Jul 12, 2018 3:00 PM;Jul 12, 2018 4:00 PM;-;53.35;54.22;54.22;53.35;53.35;52.69;-;-;54.22;53.76;53.10;53.35;63.64;63.64;67.91
Jul 12, 2018 4:00 PM;Jul 12, 2018 5:00 PM;-;53.46;53.46;53.46;53.46;53.46;52.71;-;-;53.46;53.41;52.68;53.46;67.20;67.20;65.05
Jul 12, 2018 5:00 PM;Jul 12, 2018 6:00 PM;-;55.44;55.44;55.44;55.44;55.44;53.08;-;-;55.44;55.13;55.50;55.44;65.08;59.20;59.02
Jul 12, 2018 6:00 PM;Jul 12, 2018 7:00 PM;-;56.32;56.32;56.32;56.32;56.32;53.05;-;-;56.32;57.49;58.00;56.32;69.45;56.32;58.31
Jul 12, 2018 7:00 PM;Jul 12, 2018 8:00 PM;-;58.64;58.64;58.64;58.64;58.64;52.70;-;-;57.23;57.90;59.25;58.64;71.96;58.64;59.25
Jul 12, 2018 8:00 PM;Jul 12, 2018 9:00 PM;-;57.07;57.07;57.07;57.07;57.07;52.78;-;-;55.70;57.31;57.93;57.07;72.30;57.07;57.93
Jul 12, 2018 9:00 PM;Jul 12, 2018 10:00 PM;-;55.92;55.92;55.92;55.92;55.92;53.00;-;-;54.57;55.81;56.70;55.92;71.00;55.92;58.36
Jul 12, 2018 10:00 PM;Jul 12, 2018 11:00 PM;-;54.85;54.85;54.85;54.85;54.85;53.06;-;-;54.85;54.97;55.70;54.85;67.61;54.85;56.53
Jul 12, 2018 11:00 PM;Jul 13, 2018 12:00 AM;-;51.16;51.16;51.16;51.16;51.16;51.16;-;-;51.16;52.04;51.00;51.16;63.81;51.16;51.00
Jul 13, 2018 12:00 AM;Jul 13, 2018 1:00 AM;-;49.32;49.32;51.33;49.32;49.32;51.33;-;-;51.33;48.13;47.00;49.32;64.85;49.32;47.00
Jul 13, 2018 1:00 AM;Jul 13, 2018 2:00 AM;-;43.91;43.91;50.29;43.91;43.91;50.29;-;-;50.29;45.68;44.68;43.91;61.50;43.91;44.68
Jul 13, 2018 2:00 AM;Jul 13, 2018 3:00 AM;-;43.14;49.84;49.84;43.14;43.14;49.84;-;-;49.84;45.55;44.00;43.14;59.07;43.14;44.00
Jul 13, 2018 3:00 AM;Jul 13, 2018 4:00 AM;-;43.21;49.07;49.07;43.21;43.21;49.07;-;-;49.07;44.08;42.81;43.21;57.67;43.21;42.81
Jul 13, 2018 4:00 AM;Jul 13, 2018 5:00 AM;-;43.50;48.43;48.43;43.50;43.50;48.43;-;-;48.43;44.20;42.78;43.50;56.14;43.50;42.78
Jul 13, 2018 5:00 AM;Jul 13, 2018 6:00 AM;-;44.17;47.32;49.92;44.17;44.17;49.92;-;-;49.92;45.20;44.34;44.17;59.88;44.17;44.34
Jul 13, 2018 6:00 AM;Jul 13, 2018 7:00 AM;-;51.79;51.79;52.44;51.79;51.79;52.44;-;-;52.44;50.61;50.83;51.79;63.00;51.79;50.83
Jul 13, 2018 7:00 AM;Jul 13, 2018 8:00 AM;-;57.69;57.69;57.04;57.69;57.69;54.43;-;-;56.11;55.51;57.03;57.69;68.00;57.69;57.03
Jul 13, 2018 8:00 AM;Jul 13, 2018 9:00 AM;-;57.98;57.98;57.98;57.98;57.98;54.46;-;-;57.98;56.87;57.55;57.98;75.50;57.98;57.55
Jul 13, 2018 9:00 AM;Jul 13, 2018 10:00 AM;-;56.53;56.53;56.53;56.53;56.53;54.47;-;-;56.53;55.23;56.20;56.53;75.00;56.53;56.59
Jul 13, 2018 10:00 AM;Jul 13, 2018 11:00 AM;-;55.00;55.00;55.00;55.00;55.00;54.26;-;-;55.00;54.36;54.70;55.00;71.85;55.00;59.23
Jul 13, 2018 11:00 AM;Jul 13, 2018 12:00 PM;-;54.89;54.21;54.21;54.01;56.00;54.21;-;-;54.21;53.52;53.08;52.91;72.38;54.90;57.95
Jul 13, 2018 12:00 PM;Jul 13, 2018 1:00 PM;-;52.13;54.11;54.21;51.81;52.38;54.11;-;-;54.21;52.30;51.00;51.42;64.01;55.08;56.32
Jul 13, 2018 1:00 PM;Jul 13, 2018 2:00 PM;-;52.03;54.05;54.10;49.04;55.83;54.05;-;-;54.10;50.88;48.47;45.29;63.99;45.29;55.07
Jul 13, 2018 2:00 PM;Jul 13, 2018 3:00 PM;-;48.87;53.41;54.06;46.76;51.70;53.41;-;-;54.06;50.18;47.63;44.20;67.34;44.20;50.06
Jul 13, 2018 3:00 PM;Jul 13, 2018 4:00 PM;-;49.33;53.17;53.60;47.60;51.47;53.17;-;-;53.60;50.00;47.16;45.43;66.66;45.43;48.39
Jul 13, 2018 4:00 PM;Jul 13, 2018 5:00 PM;-;50.53;52.69;52.80;50.06;51.11;52.80;-;-;52.80;51.25;49.25;49.48;69.30;49.48;50.06
Jul 13, 2018 5:00 PM;Jul 13, 2018 6:00 PM;-;54.58;52.63;53.93;53.71;55.71;53.93;-;-;53.93;52.53;52.51;52.63;69.37;52.63;52.51
Jul 13, 2018 6:00 PM;Jul 13, 2018 7:00 PM;-;55.85;55.85;55.71;55.85;55.85;54.06;-;-;55.71;54.78;55.25;55.85;72.53;55.85;55.25
Jul 13, 2018 7:00 PM;Jul 13, 2018 8:00 PM;-;57.96;57.84;57.84;57.96;57.96;54.05;-;-;56.57;56.17;57.01;57.96;74.99;57.96;57.01
Jul 13, 2018 8:00 PM;Jul 13, 2018 9:00 PM;-;56.37;55.02;55.02;56.37;56.37;54.21;-;-;55.02;54.71;55.96;56.37;74.97;56.37;55.96
Jul 13, 2018 9:00 PM;Jul 13, 2018 10:00 PM;-;55.10;54.40;54.40;55.10;55.10;54.13;-;-;54.40;54.21;54.75;55.10;73.25;55.10;54.75
Jul 13, 2018 10:00 PM;Jul 13, 2018 11:00 PM;-;59.89;54.47;54.47;57.75;62.67;54.34;-;-;54.34;54.60;54.48;55.36;67.34;55.36;54.48
Jul 13, 2018 11:00 PM;Jul 14, 2018 12:00 AM;-;53.56;51.79;51.92;52.45;53.64;51.92;-;-;51.92;51.54;51.10;51.79;64.85;51.79;52.01
Jul 14, 2018 12:00 AM;Jul 14, 2018 1:00 AM;-;54.02;52.05;52.05;52.77;53.90;52.17;-;-;52.17;51.94;50.80;52.05;61.88;52.05;50.80
Jul 14, 2018 1:00 AM;Jul 14, 2018 2:00 AM;-;50.00;50.00;50.00;50.00;50.00;50.77;-;-;50.77;49.81;48.16;50.00;55.39;50.00;48.16
Jul 14, 2018 2:00 AM;Jul 14, 2018 3:00 AM;-;48.19;48.19;48.19;48.19;48.19;49.78;-;-;49.78;46.58;46.19;48.19;54.03;48.19;46.19
Jul 14, 2018 3:00 AM;Jul 14, 2018 4:00 AM;-;45.30;45.30;45.30;45.30;45.30;48.91;-;-;48.91;45.11;44.73;45.30;54.02;45.30;44.73
Jul 14, 2018 4:00 AM;Jul 14, 2018 5:00 AM;-;43.42;47.20;47.20;43.42;43.42;47.20;-;-;47.20;44.84;43.80;43.42;54.01;43.42;43.80
Jul 14, 2018 5:00 AM;Jul 14, 2018 6:00 AM;-;42.49;48.23;48.23;42.49;42.49;48.23;-;-;48.23;44.32;43.30;42.49;52.94;42.49;43.30
Jul 14, 2018 6:00 AM;Jul 14, 2018 7:00 AM;-;43.06;43.06;49.66;43.06;43.06;49.66;-;-;49.66;46.02;45.50;43.06;54.12;43.06;45.50
Jul 14, 2018 7:00 AM;Jul 14, 2018 8:00 AM;-;48.18;50.37;50.37;48.18;48.18;50.37;-;-;50.37;47.73;48.14;48.18;53.29;48.18;48.14
Jul 14, 2018 8:00 AM;Jul 14, 2018 9:00 AM;-;51.25;52.51;52.51;51.25;51.25;52.51;-;-;52.51;48.79;49.54;51.25;56.05;51.25;49.54
Jul 14, 2018 9:00 AM;Jul 14, 2018 10:00 AM;-;51.22;52.71;52.71;51.22;51.22;52.71;-;-;52.71;48.06;50.46;51.22;58.46;51.22;50.46
Jul 14, 2018 10:00 AM;Jul 14, 2018 11:00 AM;-;49.53;52.66;52.66;49.29;50.97;52.66;-;-;52.66;47.32;47.96;48.99;57.99;48.99;47.96
Jul 14, 2018 11:00 AM;Jul 14, 2018 12:00 PM;-;46.72;52.63;52.63;46.02;50.95;52.63;-;-;52.63;46.47;46.00;45.15;56.75;49.56;46.97
Jul 14, 2018 12:00 PM;Jul 14, 2018 1:00 PM;-;47.42;52.04;52.04;46.92;50.38;52.04;-;-;52.04;45.74;44.50;46.29;46.92;46.92;45.50
Jul 14, 2018 1:00 PM;Jul 14, 2018 2:00 PM;-;44.30;51.67;51.67;44.20;44.90;51.67;-;-;51.67;44.15;41.07;41.25;44.20;44.20;41.07
Jul 14, 2018 2:00 PM;Jul 14, 2018 3:00 PM;-;43.64;51.38;51.38;43.64;43.64;51.38;-;-;51.38;42.64;39.00;41.62;43.64;43.64;41.44
Jul 14, 2018 3:00 PM;Jul 14, 2018 4:00 PM;-;42.29;51.08;51.08;42.29;42.29;51.08;-;-;51.08;42.90;40.49;42.29;49.63;49.63;44.92
Jul 14, 2018 4:00 PM;Jul 14, 2018 5:00 PM;-;43.20;41.60;51.20;42.48;47.10;51.20;-;-;51.20;44.19;42.50;41.60;56.32;46.56;43.07
Jul 14, 2018 5:00 PM;Jul 14, 2018 6:00 PM;-;48.72;48.72;51.69;48.72;48.72;51.69;-;-;51.69;45.70;47.28;48.72;59.15;48.72;47.28
Jul 14, 2018 6:00 PM;Jul 14, 2018 7:00 PM;-;55.54;53.02;53.45;53.97;55.22;53.45;-;-;53.45;50.04;51.00;53.02;60.49;53.02;51.00
Jul 14, 2018 7:00 PM;Jul 14, 2018 8:00 PM;-;56.32;54.76;54.33;55.34;56.12;54.32;-;-;54.32;52.50;53.50;54.76;63.64;54.76;53.50
Jul 14, 2018 8:00 PM;Jul 14, 2018 9:00 PM;-;60.46;55.82;55.82;57.55;59.90;54.47;-;-;55.00;52.55;53.54;55.82;63.16;55.82;53.54
Jul 14, 2018 9:00 PM;Jul 14, 2018 10:00 PM;-;56.26;54.22;54.22;54.98;56.01;54.22;-;-;54.22;52.06;53.89;54.22;63.64;54.22;53.89
Jul 14, 2018 10:00 PM;Jul 14, 2018 11:00 PM;-;63.28;55.01;55.01;58.12;62.16;54.44;-;-;55.01;53.44;53.47;55.01;60.49;55.01;53.47
Jul 14, 2018 11:00 PM;Jul 15, 2018 12:00 AM;-;62.72;52.40;52.40;56.24;61.22;52.40;-;-;52.40;51.72;50.89;52.40;59.93;52.40;50.89
Jul 15, 2018 12:00 AM;Jul 15, 2018 1:00 AM;-;49.82;49.82;51.05;49.82;49.82;51.05;-;-;51.05;51.01;48.00;49.82;65.00;49.82;48.00
Jul 15, 2018 1:00 AM;Jul 15, 2018 2:00 AM;-;47.64;47.64;49.22;47.64;47.64;49.22;-;-;49.22;48.00;44.50;47.64;59.85;47.64;44.50
Jul 15, 2018 2:00 AM;Jul 15, 2018 3:00 AM;-;45.01;45.01;48.03;45.01;45.01;48.90;-;-;48.03;47.18;43.50;45.01;58.00;45.01;43.50
Jul 15, 2018 3:00 AM;Jul 15, 2018 4:00 AM;-;42.41;42.41;42.41;42.41;42.41;48.91;-;-;46.85;44.34;41.27;42.41;55.03;42.41;41.27
Jul 15, 2018 4:00 AM;Jul 15, 2018 5:00 AM;-;42.29;42.29;42.29;42.29;42.29;48.82;-;-;46.05;43.76;40.87;42.29;54.32;42.29;40.87
Jul 15, 2018 5:00 AM;Jul 15, 2018 6:00 AM;-;42.40;42.40;42.40;42.40;42.40;48.79;-;-;48.02;42.94;39.50;42.40;54.17;42.40;39.50
Jul 15, 2018 6:00 AM;Jul 15, 2018 7:00 AM;-;41.49;41.49;48.93;41.49;41.49;48.93;-;-;48.93;42.94;39.59;41.49;45.00;41.49;39.59
Jul 15, 2018 7:00 AM;Jul 15, 2018 8:00 AM;-;42.24;49.73;49.73;42.24;42.24;49.73;-;-;49.73;43.50;41.00;42.24;45.00;42.24;41.00
Jul 15, 2018 8:00 AM;Jul 15, 2018 9:00 AM;-;42.25;50.85;50.85;42.25;42.25;50.85;-;-;50.85;44.58;41.22;42.25;42.25;42.25;41.22
Jul 15, 2018 9:00 AM;Jul 15, 2018 10:00 AM;-;43.36;51.62;51.62;43.36;43.36;51.62;-;-;51.62;44.56;42.07;43.36;43.36;43.36;42.34
Jul 15, 2018 10:00 AM;Jul 15, 2018 11:00 AM;-;42.14;52.34;52.34;42.14;42.14;52.34;-;-;52.34;44.38;41.82;42.14;46.15;42.14;43.06
Jul 15, 2018 11:00 AM;Jul 15, 2018 12:00 PM;-;43.09;52.37;52.37;43.09;43.09;52.37;-;-;52.37;43.72;42.70;43.09;45.78;45.00;43.90
Jul 15, 2018 12:00 PM;Jul 15, 2018 1:00 PM;-;52.00;52.37;52.37;45.23;50.70;52.37;-;-;52.37;43.18;42.05;41.29;45.78;41.29;43.05
Jul 15, 2018 1:00 PM;Jul 15, 2018 2:00 PM;-;44.54;51.94;51.94;42.99;44.24;51.94;-;-;51.94;41.76;40.10;42.09;42.99;42.09;40.29
Jul 15, 2018 2:00 PM;Jul 15, 2018 3:00 PM;-;40.70;51.81;51.81;40.70;40.70;51.81;-;-;51.81;40.94;40.20;40.70;40.70;40.70;40.20
Jul 15, 2018 3:00 PM;Jul 15, 2018 4:00 PM;-;41.11;51.65;51.65;41.11;41.11;51.65;-;-;51.65;41.78;40.74;41.11;41.90;41.11;41.01
Jul 15, 2018 4:00 PM;Jul 15, 2018 5:00 PM;-;42.30;52.03;52.03;42.30;42.30;52.03;-;-;52.03;42.46;41.38;42.30;51.50;42.30;41.38
Jul 15, 2018 5:00 PM;Jul 15, 2018 6:00 PM;-;42.03;52.47;52.47;42.03;42.03;52.47;-;-;52.47;46.55;46.63;42.03;53.75;42.03;46.63
Jul 15, 2018 6:00 PM;Jul 15, 2018 7:00 PM;-;51.72;51.72;53.10;51.72;51.72;53.10;-;-;53.10;52.21;53.27;51.72;59.85;51.72;53.27
Jul 15, 2018 7:00 PM;Jul 15, 2018 8:00 PM;-;54.25;54.25;54.25;54.25;54.25;54.25;-;-;54.25;53.86;56.47;54.25;65.00;54.25;56.47
Jul 15, 2018 8:00 PM;Jul 15, 2018 9:00 PM;-;56.52;55.78;55.78;56.05;56.42;54.61;-;-;54.61;55.46;58.08;55.78;65.00;55.78;58.08
Jul 15, 2018 9:00 PM;Jul 15, 2018 10:00 PM;-;56.81;55.90;55.90;56.23;56.68;54.87;-;-;54.87;55.20;58.30;55.90;65.23;55.90;58.30
Jul 15, 2018 10:00 PM;Jul 15, 2018 11:00 PM;-;63.40;56.39;56.39;58.98;62.28;55.03;-;-;55.03;55.70;58.00;56.39;65.00;56.39;58.00
Jul 15, 2018 11:00 PM;Jul 16, 2018 12:00 AM;-;63.40;53.26;53.26;56.97;62.16;53.26;-;-;53.26;53.83;55.15;53.26;59.85;53.26;55.15
Jul 16, 2018 12:00 AM;Jul 16, 2018 1:00 AM;-;50.58;50.58;51.11;50.58;50.58;51.11;-;-;51.11;49.97;46.84;50.58;50.58;50.58;46.84
Jul 16, 2018 1:00 AM;Jul 16, 2018 2:00 AM;-;43.85;43.85;49.01;43.85;43.85;49.01;-;-;49.01;47.09;43.40;43.85;46.79;43.85;43.40
Jul 16, 2018 2:00 AM;Jul 16, 2018 3:00 AM;-;42.03;47.90;47.90;42.03;42.03;47.90;-;-;47.90;46.57;43.08;42.03;46.00;42.03;43.08
Jul 16, 2018 3:00 AM;Jul 16, 2018 4:00 AM;-;42.00;47.72;47.72;41.64;41.89;47.72;-;-;47.72;45.21;42.95;41.79;43.99;41.79;42.95
Jul 16, 2018 4:00 AM;Jul 16, 2018 5:00 AM;-;44.96;47.54;47.54;39.54;43.33;47.54;-;-;47.54;46.07;43.10;41.71;45.00;41.71;43.10
Jul 16, 2018 5:00 AM;Jul 16, 2018 6:00 AM;-;46.21;46.19;49.86;43.07;45.31;49.86;-;-;49.86;47.49;45.62;44.33;50.58;44.33;45.62
Jul 16, 2018 6:00 AM;Jul 16, 2018 7:00 AM;-;53.05;53.05;53.05;53.05;53.05;53.05;-;-;53.05;53.33;53.20;53.05;60.00;53.05;53.20
Jul 16, 2018 7:00 AM;Jul 16, 2018 8:00 AM;-;58.09;58.09;58.09;58.09;58.09;54.61;-;-;56.42;57.49;60.28;58.09;62.47;58.09;60.52
Jul 16, 2018 8:00 AM;Jul 16, 2018 9:00 AM;-;59.40;59.40;59.40;59.40;59.40;54.64;-;-;57.97;59.76;60.98;59.40;66.15;59.40;61.56
Jul 16, 2018 9:00 AM;Jul 16, 2018 10:00 AM;-;58.87;58.87;58.87;58.87;58.87;54.65;-;-;58.75;59.33;60.00;58.87;68.31;58.87;60.99
Jul 16, 2018 10:00 AM;Jul 16, 2018 11:00 AM;-;57.43;57.43;57.43;57.43;57.43;54.62;-;-;57.43;59.17;58.66;57.43;67.84;57.43;60.34
Jul 16, 2018 11:00 AM;Jul 16, 2018 12:00 PM;-;59.04;57.74;57.74;58.45;60.19;54.60;-;-;57.74;58.55;57.90;57.74;68.45;68.45;61.20
Jul 16, 2018 12:00 PM;Jul 16, 2018 1:00 PM;-;56.18;56.11;56.11;56.15;56.23;54.44;-;-;56.11;57.01;56.00;56.11;65.99;65.99;63.09
Jul 16, 2018 1:00 PM;Jul 16, 2018 2:00 PM;-;55.69;54.94;54.94;55.35;56.36;54.55;-;-;54.94;56.87;55.40;54.94;67.32;67.32;62.36
Jul 16, 2018 2:00 PM;Jul 16, 2018 3:00 PM;-;55.46;55.46;55.46;55.46;55.46;54.33;-;-;55.46;56.17;55.90;55.46;68.45;68.45;57.10
Jul 16, 2018 3:00 PM;Jul 16, 2018 4:00 PM;-;55.41;55.41;55.41;55.41;55.41;54.30;-;-;55.41;56.50;56.00;55.41;72.01;57.02;57.05
Jul 16, 2018 4:00 PM;Jul 16, 2018 5:00 PM;-;55.91;55.91;55.91;55.91;55.91;54.29;-;-;55.91;56.37;56.41;55.91;69.15;55.91;57.04
Jul 16, 2018 5:00 PM;Jul 16, 2018 6:00 PM;-;57.36;57.36;57.36;57.36;57.36;54.53;-;-;57.36;58.86;59.40;57.36;68.45;57.36;59.94
Jul 16, 2018 6:00 PM;Jul 16, 2018 7:00 PM;-;59.34;59.34;59.34;59.34;59.34;54.55;-;-;57.92;60.45;60.70;59.34;68.31;59.34;60.78
Jul 16, 2018 7:00 PM;Jul 16, 2018 8:00 PM;-;62.82;62.82;62.82;62.82;62.82;54.36;-;-;58.30;62.00;62.61;62.82;68.45;62.82;62.61
Jul 16, 2018 8:00 PM;Jul 16, 2018 9:00 PM;-;59.22;59.22;59.22;59.22;59.22;54.44;-;-;57.80;59.43;60.89;59.22;66.15;59.22;60.89
Jul 16, 2018 9:00 PM;Jul 16, 2018 10:00 PM;-;56.92;56.92;56.92;56.92;56.92;54.48;-;-;55.55;58.45;60.01;56.92;67.50;56.92;60.01
Jul 16, 2018 10:00 PM;Jul 16, 2018 11:00 PM;-;57.08;57.08;57.08;57.08;57.08;54.49;-;-;54.49;56.95;57.93;57.08;63.47;57.08;57.93
Jul 16, 2018 11:00 PM;Jul 17, 2018 12:00 AM;-;51.84;51.84;51.84;51.84;51.84;51.84;-;-;51.84;53.02;52.40;51.84;60.00;51.84;52.40
Jul 17, 2018 12:00 AM;Jul 17, 2018 1:00 AM;-;46.52;46.52;50.27;46.52;46.52;50.72;-;-;50.27;50.33;49.42;46.52;59.95;46.52;49.42
Jul 17, 2018 1:00 AM;Jul 17, 2018 2:00 AM;-;44.44;44.44;49.10;44.44;44.44;49.10;-;-;49.10;47.00;46.50;44.44;59.05;44.44;46.50
Jul 17, 2018 2:00 AM;Jul 17, 2018 3:00 AM;-;42.54;48.03;48.03;42.54;42.54;48.03;-;-;48.03;45.70;45.00;42.54;56.66;42.54;45.00
Jul 17, 2018 3:00 AM;Jul 17, 2018 4:00 AM;-;42.35;47.77;47.77;42.35;42.35;47.77;-;-;47.77;45.02;44.00;42.35;54.58;42.35;44.00
Jul 17, 2018 4:00 AM;Jul 17, 2018 5:00 AM;-;42.60;45.05;45.05;42.60;42.60;46.36;-;-;45.05;44.62;44.00;42.60;53.64;42.60;44.00
Jul 17, 2018 5:00 AM;Jul 17, 2018 6:00 AM;-;43.80;46.08;48.27;43.80;43.80;48.81;-;-;48.27;46.71;45.90;43.80;55.68;43.80;45.90
Jul 17, 2018 6:00 AM;Jul 17, 2018 7:00 AM;-;52.20;52.20;52.43;52.20;52.20;52.43;-;-;52.43;53.29;54.28;52.20;59.39;52.20;54.28
Jul 17, 2018 7:00 AM;Jul 17, 2018 8:00 AM;-;57.96;57.96;57.73;57.96;57.96;54.21;-;-;56.07;57.25;60.30;57.96;61.75;57.96;60.30
Jul 17, 2018 8:00 AM;Jul 17, 2018 9:00 AM;-;59.44;59.44;59.44;59.44;59.44;54.40;-;-;58.91;59.43;61.40;59.44;65.57;59.44;61.40
Jul 17, 2018 9:00 AM;Jul 17, 2018 10:00 AM;-;57.97;57.97;57.97;57.97;57.97;54.41;-;-;57.97;59.00;59.88;57.97;66.98;57.97;60.35
Jul 17, 2018 10:00 AM;Jul 17, 2018 11:00 AM;-;56.05;56.05;56.05;56.05;56.05;54.26;-;-;56.05;57.69;58.13;56.05;63.64;56.05;60.03
Jul 17, 2018 11:00 AM;Jul 17, 2018 12:00 PM;-;56.00;56.00;56.00;56.00;56.00;54.21;-;-;56.00;57.50;58.03;56.00;60.51;60.51;61.62
Jul 17, 2018 12:00 PM;Jul 17, 2018 1:00 PM;-;53.79;53.98;53.98;53.79;53.79;53.98;-;-;53.98;56.14;56.19;53.79;59.05;59.05;61.02
Jul 17, 2018 1:00 PM;Jul 17, 2018 2:00 PM;-;51.99;53.67;53.67;51.99;51.99;53.67;-;-;53.67;54.61;54.88;51.99;60.40;60.40;60.44
Jul 17, 2018 2:00 PM;Jul 17, 2018 3:00 PM;-;52.34;53.63;53.63;52.34;52.34;53.63;-;-;53.63;53.59;53.50;52.34;64.20;57.02;58.01
Jul 17, 2018 3:00 PM;Jul 17, 2018 4:00 PM;-;52.48;53.77;53.77;52.48;52.48;53.77;-;-;53.77;53.57;53.55;52.48;65.81;52.48;55.34
Jul 17, 2018 4:00 PM;Jul 17, 2018 5:00 PM;-;52.42;53.67;53.67;52.42;52.42;53.67;-;-;53.67;53.89;53.83;52.42;68.89;52.42;53.84
Jul 17, 2018 5:00 PM;Jul 17, 2018 6:00 PM;-;53.76;53.76;53.92;53.76;53.76;53.92;-;-;53.92;54.68;55.00;53.76;67.45;53.76;55.04
Jul 17, 2018 6:00 PM;Jul 17, 2018 7:00 PM;-;56.18;56.18;56.18;56.18;56.18;54.31;-;-;56.18;57.51;57.71;56.18;66.48;56.18;57.71
Jul 17, 2018 7:00 PM;Jul 17, 2018 8:00 PM;-;58.56;58.56;58.56;58.56;58.56;54.21;-;-;57.57;58.85;59.20;58.56;69.70;58.56;59.27
Jul 17, 2018 8:00 PM;Jul 17, 2018 9:00 PM;-;56.94;56.94;56.94;56.94;56.94;54.21;-;-;55.57;57.59;57.75;56.94;70.45;56.94;57.75
Jul 17, 2018 9:00 PM;Jul 17, 2018 10:00 PM;-;55.21;55.21;55.21;55.21;55.21;53.88;-;-;53.88;55.72;56.03;55.21;70.45;55.21;56.03
Jul 17, 2018 10:00 PM;Jul 17, 2018 11:00 PM;-;54.44;54.44;54.44;54.44;54.44;53.41;-;-;53.41;55.87;55.26;54.44;63.47;54.44;55.26
Jul 17, 2018 11:00 PM;Jul 18, 2018 12:00 AM;-;51.32;51.32;51.32;51.32;51.32;51.32;-;-;51.32;52.29;50.90;51.32;60.90;51.32;50.90
Jul 18, 2018 12:00 AM;Jul 18, 2018 1:00 AM;-;47.59;44.04;44.04;45.81;49.59;51.23;-;-;49.88;44.54;44.30;44.04;59.95;44.04;44.30
Jul 18, 2018 1:00 AM;Jul 18, 2018 2:00 AM;-;42.23;42.23;42.23;42.23;42.23;49.11;-;-;48.06;42.70;40.93;42.23;59.15;42.23;40.93
Jul 18, 2018 2:00 AM;Jul 18, 2018 3:00 AM;-;41.91;47.90;47.90;41.91;41.91;47.90;-;-;47.90;41.43;39.40;41.91;58.67;41.91;39.40
Jul 18, 2018 3:00 AM;Jul 18, 2018 4:00 AM;-;41.00;46.28;46.28;41.00;41.00;46.28;-;-;46.28;40.43;38.29;41.00;54.92;41.00;38.29
Jul 18, 2018 4:00 AM;Jul 18, 2018 5:00 AM;-;40.89;42.06;42.06;40.89;40.89;43.56;-;-;42.06;40.52;38.69;40.89;54.99;40.89;38.69
Jul 18, 2018 5:00 AM;Jul 18, 2018 6:00 AM;-;41.28;47.88;47.88;41.28;41.28;47.88;-;-;47.88;41.89;39.50;41.28;57.66;41.28;39.50
Jul 18, 2018 6:00 AM;Jul 18, 2018 7:00 AM;-;48.93;49.64;50.14;48.93;48.93;50.14;-;-;50.14;48.17;47.50;48.93;62.00;48.93;47.50
Jul 18, 2018 7:00 AM;Jul 18, 2018 8:00 AM;-;53.68;53.68;53.47;53.68;53.68;53.47;-;-;53.47;52.73;53.30;53.68;68.39;53.68;53.30
Jul 18, 2018 8:00 AM;Jul 18, 2018 9:00 AM;-;55.93;55.93;55.93;55.93;55.93;54.14;-;-;55.63;55.35;55.30;55.93;73.34;55.93;55.30
Jul 18, 2018 9:00 AM;Jul 18, 2018 10:00 AM;-;54.96;54.12;54.12;54.58;55.91;54.12;-;-;54.12;54.34;54.32;54.12;73.14;54.12;54.32
Jul 18, 2018 10:00 AM;Jul 18, 2018 11:00 AM;-;53.68;53.68;53.68;53.68;53.68;53.68;-;-;53.68;53.30;52.43;53.68;70.57;53.68;52.43
Jul 18, 2018 11:00 AM;Jul 18, 2018 12:00 PM;-;54.55;53.69;53.69;54.16;55.46;53.69;-;-;53.69;52.51;54.00;53.69;69.03;55.07;54.00
Jul 18, 2018 12:00 PM;Jul 18, 2018 1:00 PM;-;53.01;53.59;53.59;52.69;53.74;53.59;-;-;53.59;50.72;57.14;52.31;62.22;55.60;57.14
Jul 18, 2018 1:00 PM;Jul 18, 2018 2:00 PM;-;52.06;53.62;53.62;50.62;55.39;53.62;-;-;53.62;48.44;58.00;48.88;65.22;55.60;58.00
Jul 18, 2018 2:00 PM;Jul 18, 2018 3:00 PM;-;52.83;53.43;53.43;49.01;61.60;53.43;-;-;53.43;47.37;51.04;44.43;69.24;65.41;51.04
Jul 18, 2018 3:00 PM;Jul 18, 2018 4:00 PM;-;52.55;53.37;53.37;49.67;59.11;53.37;-;-;53.37;49.00;48.30;46.26;69.96;56.10;48.30
Jul 18, 2018 4:00 PM;Jul 18, 2018 5:00 PM;-;55.58;48.49;53.23;52.06;64.11;53.23;-;-;53.23;49.75;48.39;47.91;72.00;55.60;48.39
Jul 18, 2018 5:00 PM;Jul 18, 2018 6:00 PM;-;54.54;53.68;53.68;54.14;55.46;53.68;-;-;53.68;53.00;52.32;53.68;74.03;53.68;52.32
Jul 18, 2018 6:00 PM;Jul 18, 2018 7:00 PM;-;62.95;55.26;55.26;59.40;70.90;54.18;-;-;54.18;55.01;54.25;55.26;74.61;55.26;54.25
Jul 18, 2018 7:00 PM;Jul 18, 2018 8:00 PM;-;57.97;57.97;57.97;57.97;57.97;54.20;-;-;56.58;57.05;56.94;57.97;76.10;57.97;56.94
Jul 18, 2018 8:00 PM;Jul 18, 2018 9:00 PM;-;56.87;56.87;56.87;56.87;56.87;54.10;-;-;55.51;55.25;55.94;56.87;76.10;56.87;55.94
Jul 18, 2018 9:00 PM;Jul 18, 2018 10:00 PM;-;55.14;55.14;55.14;55.14;55.14;53.72;-;-;53.72;54.21;55.00;55.14;76.10;55.14;55.00
Jul 18, 2018 10:00 PM;Jul 18, 2018 11:00 PM;-;54.32;54.03;54.03;54.17;54.48;52.73;-;-;52.73;54.09;53.00;54.03;71.85;54.03;53.00
Jul 18, 2018 11:00 PM;Jul 19, 2018 12:00 AM;-;50.28;49.88;49.88;50.08;50.50;51.18;-;-;49.88;50.86;48.83;49.88;63.04;49.88;48.83
Jul 19, 2018 12:00 AM;Jul 19, 2018 1:00 AM;-;46.78;43.08;43.08;44.35;47.00;50.33;-;-;50.25;45.41;44.47;43.08;63.00;43.08;44.47
Jul 19, 2018 1:00 AM;Jul 19, 2018 2:00 AM;-;42.60;42.60;42.60;42.60;42.60;49.05;-;-;49.05;42.80;42.24;42.60;62.00;42.60;42.24
Jul 19, 2018 2:00 AM;Jul 19, 2018 3:00 AM;-;41.70;41.70;41.70;41.70;41.70;47.47;-;-;47.47;42.43;41.35;41.70;56.98;41.70;41.35
Jul 19, 2018 3:00 AM;Jul 19, 2018 4:00 AM;-;41.70;41.70;41.70;41.70;41.70;44.24;-;-;42.03;42.09;41.00;41.70;53.60;41.70;41.00
Jul 19, 2018 4:00 AM;Jul 19, 2018 5:00 AM;-;41.39;41.39;41.39;41.39;41.39;42.78;-;-;41.39;42.01;41.37;41.39;53.60;41.39;41.37
Jul 19, 2018 5:00 AM;Jul 19, 2018 6:00 AM;-;43.05;43.05;43.05;43.05;43.05;47.84;-;-;46.21;43.46;42.96;43.05;53.60;43.05;42.96
Jul 19, 2018 6:00 AM;Jul 19, 2018 7:00 AM;-;51.05;51.05;51.05;51.05;51.05;51.05;-;-;51.05;51.63;50.83;51.05;59.39;51.05;50.83
Jul 19, 2018 7:00 AM;Jul 19, 2018 8:00 AM;-;56.32;56.32;56.32;56.32;56.32;53.97;-;-;54.09;56.11;56.39;56.32;59.95;56.32;56.39
Jul 19, 2018 8:00 AM;Jul 19, 2018 9:00 AM;-;57.98;57.98;57.98;57.98;57.98;54.15;-;-;56.59;58.42;58.24;57.98;65.00;57.98;59.05
Jul 19, 2018 9:00 AM;Jul 19, 2018 10:00 AM;-;55.95;55.95;55.95;55.95;55.95;54.16;-;-;55.95;57.37;57.01;55.95;66.89;55.95;58.35
Jul 19, 2018 10:00 AM;Jul 19, 2018 11:00 AM;-;54.08;54.08;54.08;54.08;54.08;54.01;-;-;54.08;56.28;55.28;54.08;64.00;56.10;57.63
Jul 19, 2018 11:00 AM;Jul 19, 2018 12:00 PM;-;53.03;53.03;54.04;53.03;53.03;53.57;-;-;54.04;55.71;55.50;53.03;62.00;62.00;61.63
Jul 19, 2018 12:00 PM;Jul 19, 2018 1:00 PM;-;52.60;53.24;53.89;52.60;52.60;53.24;-;-;53.89;53.66;53.23;52.60;60.00;60.00;62.97
Jul 19, 2018 1:00 PM;Jul 19, 2018 2:00 PM;-;51.29;52.99;52.99;51.29;51.29;52.99;-;-;52.99;52.75;51.65;51.29;60.00;59.10;56.56
Jul 19, 2018 2:00 PM;Jul 19, 2018 3:00 PM;-;51.74;53.01;53.01;51.74;51.74;53.01;-;-;53.01;52.57;50.94;51.74;65.47;57.10;53.04
Jul 19, 2018 3:00 PM;Jul 19, 2018 4:00 PM;-;52.51;52.51;53.80;52.51;52.51;53.32;-;-;53.80;52.41;50.83;52.51;67.10;56.10;52.22
Jul 19, 2018 4:00 PM;Jul 19, 2018 5:00 PM;-;52.73;52.73;53.63;52.73;52.73;53.63;-;-;53.63;52.85;51.98;52.73;68.93;53.33;52.35
Jul 19, 2018 5:00 PM;Jul 19, 2018 6:00 PM;-;55.26;55.26;55.26;55.26;55.26;54.15;-;-;55.26;56.62;56.10;55.26;68.93;55.26;56.10
Jul 19, 2018 6:00 PM;Jul 19, 2018 7:00 PM;-;57.99;57.99;57.99;57.99;57.99;54.43;-;-;56.60;58.46;58.25;57.99;70.09;57.99;58.25
Jul 19, 2018 7:00 PM;Jul 19, 2018 8:00 PM;-;59.38;59.38;59.38;59.38;59.38;54.49;-;-;57.96;60.33;60.72;59.38;73.14;59.38;61.16
Jul 19, 2018 8:00 PM;Jul 19, 2018 9:00 PM;-;58.47;58.47;58.47;58.47;58.47;54.68;-;-;56.57;57.55;58.00;58.47;71.69;58.47;59.54
Jul 19, 2018 9:00 PM;Jul 19, 2018 10:00 PM;-;57.53;57.53;57.53;57.53;57.53;54.71;-;-;55.05;55.93;56.25;57.53;68.93;57.53;56.84
Jul 19, 2018 10:00 PM;Jul 19, 2018 11:00 PM;-;56.15;56.15;56.15;56.15;56.15;54.35;-;-;54.35;55.67;55.34;56.15;66.20;56.15;55.53
Jul 19, 2018 11:00 PM;Jul 20, 2018 12:00 AM;-;51.90;51.90;51.90;51.90;51.90;51.90;-;-;51.90;52.38;51.00;51.90;61.25;51.90;51.00
Jul 20, 2018 12:00 AM;Jul 20, 2018 1:00 AM;-;48.82;48.82;48.82;48.82;48.82;51.52;-;-;51.52;48.62;48.62;48.82;67.95;48.82;48.62
Jul 20, 2018 1:00 AM;Jul 20, 2018 2:00 AM;-;45.60;45.60;45.60;45.60;45.60;50.23;-;-;50.23;45.71;45.96;45.60;62.24;45.60;45.96
Jul 20, 2018 2:00 AM;Jul 20, 2018 3:00 AM;-;44.49;44.49;44.49;44.49;44.49;49.64;-;-;49.64;44.53;44.50;44.49;59.95;44.49;44.50
Jul 20, 2018 3:00 AM;Jul 20, 2018 4:00 AM;-;44.05;48.12;48.12;44.05;44.05;48.12;-;-;48.12;43.85;44.00;44.05;59.39;44.05;44.00
Jul 20, 2018 4:00 AM;Jul 20, 2018 5:00 AM;-;44.93;46.42;46.42;44.93;44.93;46.42;-;-;46.42;43.89;44.00;44.93;59.39;44.93;44.00
Jul 20, 2018 5:00 AM;Jul 20, 2018 6:00 AM;-;45.04;45.69;49.18;45.04;45.04;49.18;-;-;49.18;45.23;45.10;45.04;59.39;45.04;45.10
Jul 20, 2018 6:00 AM;Jul 20, 2018 7:00 AM;-;52.47;52.47;52.47;52.47;52.47;52.47;-;-;52.47;53.14;53.89;52.47;63.30;52.47;53.89
Jul 20, 2018 7:00 AM;Jul 20, 2018 8:00 AM;-;57.61;57.61;57.61;57.61;57.61;54.59;-;-;56.23;58.19;59.37;57.61;67.82;57.61;59.37
Jul 20, 2018 8:00 AM;Jul 20, 2018 9:00 AM;-;57.93;57.93;57.93;57.93;57.93;54.92;-;-;57.46;59.24;59.89;57.93;73.00;57.93;59.89
Jul 20, 2018 9:00 AM;Jul 20, 2018 10:00 AM;-;57.98;57.98;57.98;57.98;57.98;54.92;-;-;57.98;58.59;59.57;57.98;70.55;57.98;59.57
Jul 20, 2018 10:00 AM;Jul 20, 2018 11:00 AM;-;57.06;57.06;57.06;57.06;57.06;54.93;-;-;57.06;57.05;57.57;57.06;66.22;57.06;57.57
Jul 20, 2018 11:00 AM;Jul 20, 2018 12:00 PM;-;56.69;56.69;56.69;56.69;56.69;54.87;-;-;56.69;56.33;57.05;56.69;68.13;56.69;58.07
Jul 20, 2018 12:00 PM;Jul 20, 2018 1:00 PM;-;55.10;55.10;55.10;55.10;55.10;54.68;-;-;55.10;54.92;55.57;55.10;63.32;55.10;59.55
Jul 20, 2018 1:00 PM;Jul 20, 2018 2:00 PM;-;54.07;54.07;55.02;54.07;54.07;54.30;-;-;55.02;53.74;54.06;54.07;62.25;55.21;58.45
Jul 20, 2018 2:00 PM;Jul 20, 2018 3:00 PM;-;54.03;54.03;54.49;54.03;54.03;54.28;-;-;54.49;52.77;52.63;54.03;68.38;62.10;55.07
Jul 20, 2018 3:00 PM;Jul 20, 2018 4:00 PM;-;55.06;55.06;55.06;55.06;55.06;54.61;-;-;55.06;52.97;52.87;55.06;68.38;58.10;55.05
Jul 20, 2018 4:00 PM;Jul 20, 2018 5:00 PM;-;56.07;56.07;56.07;56.07;56.07;54.59;-;-;56.07;53.66;53.75;56.07;71.26;56.07;55.11
Jul 20, 2018 5:00 PM;Jul 20, 2018 6:00 PM;-;57.91;57.91;57.91;57.91;57.91;54.83;-;-;57.91;56.42;56.85;57.91;68.97;57.91;56.85
Jul 20, 2018 6:00 PM;Jul 20, 2018 7:00 PM;-;58.50;58.50;58.50;58.50;58.50;54.83;-;-;58.50;57.85;58.10;58.50;71.14;58.50;58.10
Jul 20, 2018 7:00 PM;Jul 20, 2018 8:00 PM;-;58.95;58.95;58.95;58.95;58.95;54.90;-;-;57.93;58.54;58.67;58.95;74.44;58.95;58.67
Jul 20, 2018 8:00 PM;Jul 20, 2018 9:00 PM;-;57.98;57.98;57.98;57.98;57.98;55.05;-;-;56.61;56.91;57.02;57.98;71.25;57.98;57.02
Jul 20, 2018 9:00 PM;Jul 20, 2018 10:00 PM;-;56.10;56.10;56.10;56.10;56.10;54.79;-;-;55.38;54.96;55.51;56.10;71.45;56.10;55.51
Jul 20, 2018 10:00 PM;Jul 20, 2018 11:00 PM;-;56.02;56.02;56.02;56.02;56.02;54.67;-;-;54.67;54.63;55.00;56.02;65.00;56.02;55.00
Jul 20, 2018 11:00 PM;Jul 21, 2018 12:00 AM;-;52.57;52.57;52.57;52.57;52.57;52.57;-;-;52.57;51.78;51.32;52.57;61.10;52.57;51.32
Jul 21, 2018 12:00 AM;Jul 21, 2018 1:00 AM;-;50.33;50.33;51.99;50.33;50.33;51.99;-;-;51.99;50.77;50.11;50.33;70.00;50.33;50.11
Jul 21, 2018 1:00 AM;Jul 21, 2018 2:00 AM;-;46.18;44.87;50.40;45.58;48.79;50.40;-;-;50.40;48.09;47.49;44.87;65.85;44.87;47.49
Jul 21, 2018 2:00 AM;Jul 21, 2018 3:00 AM;-;44.73;49.18;49.18;44.73;44.73;49.18;-;-;49.18;45.65;45.00;44.73;63.60;44.73;45.00
Jul 21, 2018 3:00 AM;Jul 21, 2018 4:00 AM;-;45.52;49.03;49.03;45.52;45.52;49.03;-;-;49.03;44.48;43.54;45.52;59.95;45.52;43.54
Jul 21, 2018 4:00 AM;Jul 21, 2018 5:00 AM;-;44.67;48.07;48.07;44.67;44.67;48.07;-;-;48.07;43.96;43.34;44.67;59.33;44.67;43.34
Jul 21, 2018 5:00 AM;Jul 21, 2018 6:00 AM;-;44.40;49.01;49.01;44.40;44.40;49.01;-;-;49.01;43.58;43.00;44.40;58.46;44.40;43.00
Jul 21, 2018 6:00 AM;Jul 21, 2018 7:00 AM;-;44.06;50.53;50.53;44.06;44.06;50.53;-;-;50.53;44.80;44.74;44.06;58.01;44.06;44.74
Jul 21, 2018 7:00 AM;Jul 21, 2018 8:00 AM;-;46.69;52.01;52.01;46.69;46.69;52.01;-;-;52.01;49.29;49.50;46.69;59.11;46.69;49.50
Jul 21, 2018 8:00 AM;Jul 21, 2018 9:00 AM;-;52.52;53.81;53.81;52.52;52.52;53.81;-;-;53.81;53.06;53.31;52.52;59.39;52.52;53.31
Jul 21, 2018 9:00 AM;Jul 21, 2018 10:00 AM;-;55.04;55.04;55.04;55.04;55.04;55.04;-;-;55.04;53.54;54.89;55.04;59.95;55.04;54.95
Jul 21, 2018 10:00 AM;Jul 21, 2018 11:00 AM;-;55.09;55.09;55.09;55.09;55.09;55.09;-;-;55.09;52.75;54.03;55.09;59.39;55.09;54.03
Jul 21, 2018 11:00 AM;Jul 21, 2018 12:00 PM;-;55.18;55.18;55.18;55.18;55.18;55.18;-;-;55.18;51.56;52.51;55.18;58.46;58.46;52.94
Jul 21, 2018 12:00 PM;Jul 21, 2018 1:00 PM;-;54.72;54.72;54.72;54.72;54.72;54.72;-;-;54.72;51.04;52.00;54.72;57.98;57.98;52.95
Jul 21, 2018 1:00 PM;Jul 21, 2018 2:00 PM;-;50.46;53.78;53.78;50.46;50.46;53.78;-;-;53.78;48.19;49.74;50.46;56.13;56.13;51.04
Jul 21, 2018 2:00 PM;Jul 21, 2018 3:00 PM;-;45.00;53.26;53.26;45.00;45.00;53.26;-;-;53.26;47.80;49.00;45.00;55.63;55.63;51.95
Jul 21, 2018 3:00 PM;Jul 21, 2018 4:00 PM;-;45.10;52.88;52.88;45.10;45.10;52.88;-;-;52.88;47.97;49.50;45.10;56.66;56.66;51.51
Jul 21, 2018 4:00 PM;Jul 21, 2018 5:00 PM;-;47.09;52.73;52.73;47.09;47.09;52.73;-;-;52.73;48.57;49.40;47.09;58.46;58.46;51.19
Jul 21, 2018 5:00 PM;Jul 21, 2018 6:00 PM;-;53.12;53.12;53.43;53.12;53.12;53.43;-;-;53.43;51.86;52.80;53.12;59.90;59.90;53.00
Jul 21, 2018 6:00 PM;Jul 21, 2018 7:00 PM;-;55.02;55.02;54.79;55.02;55.02;54.79;-;-;54.79;53.74;55.29;55.02;64.75;55.02;55.29
Jul 21, 2018 7:00 PM;Jul 21, 2018 8:00 PM;-;55.22;55.22;55.22;55.22;55.22;55.13;-;-;55.13;54.62;56.30;55.22;64.75;55.22;56.30
Jul 21, 2018 8:00 PM;Jul 21, 2018 9:00 PM;-;54.96;54.96;54.96;54.96;54.96;54.96;-;-;54.96;53.44;54.89;54.96;64.75;54.96;55.04
Jul 21, 2018 9:00 PM;Jul 21, 2018 10:00 PM;-;54.68;54.68;54.68;54.68;54.68;54.68;-;-;54.68;52.71;54.40;54.68;64.75;54.68;54.54
Jul 21, 2018 10:00 PM;Jul 21, 2018 11:00 PM;-;60.08;54.49;54.49;57.48;71.40;54.49;-;-;54.49;53.45;53.68;54.49;64.75;54.49;53.68
Jul 21, 2018 11:00 PM;Jul 22, 2018 12:00 AM;-;53.22;52.44;52.44;52.20;54.17;52.44;-;-;52.44;51.38;51.42;51.18;59.95;51.18;51.42
Jul 22, 2018 12:00 AM;Jul 22, 2018 1:00 AM;-;56.42;52.72;52.72;51.79;60.79;52.72;-;-;52.72;50.41;47.79;47.07;53.14;47.07;47.79
Jul 22, 2018 1:00 AM;Jul 22, 2018 2:00 AM;-;48.18;51.14;51.14;46.75;49.47;51.14;-;-;51.14;48.14;44.17;45.30;47.90;45.30;44.17
Jul 22, 2018 2:00 AM;Jul 22, 2018 3:00 AM;-;44.25;50.29;50.29;44.25;44.25;50.29;-;-;50.29;45.87;43.09;44.25;45.63;44.25;43.09
Jul 22, 2018 3:00 AM;Jul 22, 2018 4:00 AM;-;43.87;49.89;49.89;43.87;43.87;49.89;-;-;49.89;44.03;42.01;43.87;44.10;43.87;42.01
Jul 22, 2018 4:00 AM;Jul 22, 2018 5:00 AM;-;42.85;48.28;48.28;42.85;42.85;48.28;-;-;48.28;42.84;41.50;42.85;42.85;42.85;41.50
Jul 22, 2018 5:00 AM;Jul 22, 2018 6:00 AM;-;42.20;48.96;48.96;42.20;42.20;48.96;-;-;48.96;42.83;40.70;42.20;42.20;42.20;40.70
Jul 22, 2018 6:00 AM;Jul 22, 2018 7:00 AM;-;42.07;50.11;50.11;42.07;42.07;50.11;-;-;50.11;42.38;40.97;42.07;42.07;42.07;40.97
Jul 22, 2018 7:00 AM;Jul 22, 2018 8:00 AM;-;42.40;51.44;51.44;42.40;42.40;51.44;-;-;51.44;43.69;42.02;42.40;42.40;42.40;42.02
Jul 22, 2018 8:00 AM;Jul 22, 2018 9:00 AM;-;43.61;52.46;52.46;43.61;43.61;52.46;-;-;52.46;44.19;43.97;43.61;43.61;43.61;43.97
Jul 22, 2018 9:00 AM;Jul 22, 2018 10:00 AM;-;44.74;52.88;52.88;44.74;44.74;52.88;-;-;52.88;46.14;46.90;44.74;44.74;44.74;46.90
Jul 22, 2018 10:00 AM;Jul 22, 2018 11:00 AM;-;44.50;53.47;53.47;44.50;44.50;53.47;-;-;53.47;46.02;47.38;44.50;44.50;44.50;47.38
Jul 22, 2018 11:00 AM;Jul 22, 2018 12:00 PM;-;44.78;53.71;53.71;44.78;44.78;53.71;-;-;53.71;47.25;48.59;44.78;44.78;44.78;48.59
Jul 22, 2018 12:00 PM;Jul 22, 2018 1:00 PM;-;44.01;53.16;53.16;43.58;46.00;53.16;-;-;53.16;45.89;47.15;43.06;43.58;43.58;47.15
Jul 22, 2018 1:00 PM;Jul 22, 2018 2:00 PM;-;41.98;52.96;52.96;41.98;41.98;52.96;-;-;52.96;44.36;45.25;41.98;41.98;41.98;45.25
Jul 22, 2018 2:00 PM;Jul 22, 2018 3:00 PM;-;41.25;52.67;52.67;41.25;41.25;52.67;-;-;52.67;42.17;43.00;41.25;41.25;41.25;43.00
Jul 22, 2018 3:00 PM;Jul 22, 2018 4:00 PM;-;41.40;52.50;52.50;41.40;41.40;52.50;-;-;52.50;42.63;43.14;41.40;41.40;41.40;43.14
Jul 22, 2018 4:00 PM;Jul 22, 2018 5:00 PM;-;42.87;52.62;52.62;42.87;42.87;52.62;-;-;52.62;43.06;43.96;42.87;42.87;42.87;43.96
Jul 22, 2018 5:00 PM;Jul 22, 2018 6:00 PM;-;46.26;52.76;52.76;45.84;48.00;52.76;-;-;52.76;43.80;44.20;45.34;48.13;45.34;44.20
Jul 22, 2018 6:00 PM;Jul 22, 2018 7:00 PM;-;47.96;52.37;53.14;47.96;47.96;53.14;-;-;53.14;51.28;51.78;47.96;53.87;47.96;51.78
Jul 22, 2018 7:00 PM;Jul 22, 2018 8:00 PM;-;55.14;55.14;55.14;55.14;55.14;55.14;-;-;55.14;54.20;54.80;55.14;56.66;55.14;54.80
Jul 22, 2018 8:00 PM;Jul 22, 2018 9:00 PM;-;56.95;56.95;56.95;56.95;56.95;56.19;-;-;56.19;54.27;55.21;56.95;58.46;56.95;55.21
Jul 22, 2018 9:00 PM;Jul 22, 2018 10:00 PM;-;57.52;56.85;56.85;57.21;58.73;56.85;-;-;56.85;54.41;55.94;56.85;59.95;56.85;55.94
Jul 22, 2018 10:00 PM;Jul 22, 2018 11:00 PM;-;62.00;56.78;56.24;59.41;64.44;56.24;-;-;56.24;55.61;55.66;56.78;59.41;56.78;55.66
Jul 22, 2018 11:00 PM;Jul 23, 2018 12:00 AM;-;59.71;52.85;53.38;56.30;62.93;53.38;-;-;53.38;54.43;53.70;52.85;56.30;52.85;53.70
Jul 23, 2018 12:00 AM;Jul 23, 2018 1:00 AM;-;52.48;51.81;51.81;52.18;53.52;51.81;-;-;51.81;46.50;46.60;51.81;54.24;51.81;46.60
Jul 23, 2018 1:00 AM;Jul 23, 2018 2:00 AM;-;48.59;50.20;50.20;48.59;48.59;50.20;-;-;50.20;44.70;43.61;48.59;49.39;48.59;43.61
Jul 23, 2018 2:00 AM;Jul 23, 2018 3:00 AM;-;45.80;47.95;47.95;45.80;45.80;47.95;-;-;47.95;43.72;42.24;45.80;47.48;45.80;42.24
Jul 23, 2018 3:00 AM;Jul 23, 2018 4:00 AM;-;44.50;47.10;47.10;44.50;44.50;47.10;-;-;47.10;43.17;41.11;44.50;46.30;44.50;41.11
Jul 23, 2018 4:00 AM;Jul 23, 2018 5:00 AM;-;44.68;44.68;45.78;44.68;44.68;46.15;-;-;45.78;43.31;41.52;44.68;47.53;44.68;41.52
Jul 23, 2018 5:00 AM;Jul 23, 2018 6:00 AM;-;47.45;47.45;50.23;47.45;47.45;50.23;-;-;50.23;45.05;43.01;47.45;52.74;47.45;43.01
Jul 23, 2018 6:00 AM;Jul 23, 2018 7:00 AM;-;53.06;53.06;53.61;53.06;53.06;53.61;-;-;53.61;52.92;52.29;53.06;58.62;53.06;52.29
Jul 23, 2018 7:00 AM;Jul 23, 2018 8:00 AM;-;58.95;58.95;58.40;58.95;58.95;56.03;-;-;57.54;56.85;57.60;58.95;62.00;58.95;58.58
Jul 23, 2018 8:00 AM;Jul 23, 2018 9:00 AM;-;59.94;59.94;59.94;59.94;59.94;56.50;-;-;59.94;58.04;58.30;59.94;70.18;59.94;59.39
Jul 23, 2018 9:00 AM;Jul 23, 2018 10:00 AM;-;59.05;59.05;59.05;59.05;59.05;56.13;-;-;59.05;58.57;58.60;59.05;69.36;59.05;59.02
Jul 23, 2018 10:00 AM;Jul 23, 2018 11:00 AM;-;57.99;57.99;99.64;57.99;57.99;56.12;-;-;58.58;57.21;57.79;57.99;65.00;57.99;58.04
Jul 23, 2018 11:00 AM;Jul 23, 2018 12:00 PM;-;57.98;57.98;92.06;57.98;57.98;56.07;-;-;59.40;56.94;57.62;57.98;63.11;57.98;57.69
Jul 23, 2018 12:00 PM;Jul 23, 2018 1:00 PM;-;57.27;57.27;90.53;57.27;57.27;55.44;-;-;58.68;55.90;55.79;57.27;60.74;57.27;56.94
Jul 23, 2018 1:00 PM;Jul 23, 2018 2:00 PM;-;56.86;56.86;56.86;56.86;56.86;55.34;-;-;56.86;55.30;55.19;56.86;61.27;56.86;55.58
Jul 23, 2018 2:00 PM;Jul 23, 2018 3:00 PM;-;55.26;55.26;56.61;55.26;55.26;55.26;-;-;56.61;55.22;54.90;55.26;63.00;55.26;54.90
Jul 23, 2018 3:00 PM;Jul 23, 2018 4:00 PM;-;55.20;55.20;56.56;55.20;55.20;55.20;-;-;56.56;55.38;55.82;55.20;65.00;55.20;55.82
Jul 23, 2018 4:00 PM;Jul 23, 2018 5:00 PM;-;55.82;55.82;56.64;55.82;55.82;55.32;-;-;56.64;56.32;57.07;55.82;65.00;55.82;57.07
Jul 23, 2018 5:00 PM;Jul 23, 2018 6:00 PM;-;57.91;57.91;57.91;57.91;57.91;55.76;-;-;57.91;57.07;58.40;57.91;63.20;57.91;58.40
Jul 23, 2018 6:00 PM;Jul 23, 2018 7:00 PM;-;59.91;59.91;59.91;59.91;59.91;55.79;-;-;58.80;58.86;59.38;59.91;64.31;59.91;59.38
Jul 23, 2018 7:00 PM;Jul 23, 2018 8:00 PM;-;61.45;61.45;61.45;61.45;61.45;55.81;-;-;59.97;59.98;60.57;61.45;64.62;61.45;60.57
Jul 23, 2018 8:00 PM;Jul 23, 2018 9:00 PM;-;60.10;60.10;60.10;60.10;60.10;55.89;-;-;58.66;59.28;59.20;60.10;64.00;60.10;59.20
Jul 23, 2018 9:00 PM;Jul 23, 2018 10:00 PM;-;59.02;59.02;59.02;59.02;59.02;55.93;-;-;57.60;58.22;58.09;59.02;63.11;59.02;58.09
Jul 23, 2018 10:00 PM;Jul 23, 2018 11:00 PM;-;57.98;57.98;57.98;57.98;57.98;56.10;-;-;56.10;58.13;57.95;57.98;61.93;57.98;57.95
Jul 23, 2018 11:00 PM;Jul 24, 2018 12:00 AM;-;55.69;53.95;53.95;54.57;55.74;53.95;-;-;53.95;53.36;51.68;53.95;59.51;53.95;51.68
Jul 24, 2018 12:00 AM;Jul 24, 2018 1:00 AM;-;50.88;50.88;52.56;50.88;50.88;52.56;-;-;52.56;53.56;51.50;50.88;60.17;50.88;51.50
Jul 24, 2018 1:00 AM;Jul 24, 2018 2:00 AM;-;47.47;47.47;50.35;47.47;47.47;50.94;-;-;50.35;50.64;47.96;47.47;55.20;47.47;47.96
Jul 24, 2018 2:00 AM;Jul 24, 2018 3:00 AM;-;46.55;49.57;49.57;46.55;46.55;49.57;-;-;49.57;48.92;45.97;46.55;51.85;46.55;45.97
Jul 24, 2018 3:00 AM;Jul 24, 2018 4:00 AM;-;45.09;49.08;49.08;45.09;45.09;49.08;-;-;49.08;46.97;44.98;45.09;51.75;45.09;44.98
Jul 24, 2018 4:00 AM;Jul 24, 2018 5:00 AM;-;45.57;46.57;48.17;45.57;45.57;48.17;-;-;48.17;46.94;45.17;45.57;46.78;45.57;45.17
Jul 24, 2018 5:00 AM;Jul 24, 2018 6:00 AM;-;47.42;47.42;50.87;47.42;47.42;50.87;-;-;50.87;48.55;47.51;47.42;48.37;47.42;47.51
Jul 24, 2018 6:00 AM;Jul 24, 2018 7:00 AM;-;53.97;53.97;53.97;53.97;53.97;53.97;-;-;53.97;55.52;55.78;53.97;54.39;53.97;55.78
Jul 24, 2018 7:00 AM;Jul 24, 2018 8:00 AM;-;60.63;60.63;60.63;60.63;60.63;55.58;-;-;60.63;60.94;61.75;60.63;60.63;60.63;61.75
Jul 24, 2018 8:00 AM;Jul 24, 2018 9:00 AM;-;62.90;62.90;62.90;62.90;62.90;55.43;-;-;62.90;60.76;61.50;62.90;63.00;62.90;61.50
Jul 24, 2018 9:00 AM;Jul 24, 2018 10:00 AM;-;61.32;61.32;61.32;61.32;61.32;55.43;-;-;61.32;60.83;60.71;61.32;63.11;61.32;60.71
Jul 24, 2018 10:00 AM;Jul 24, 2018 11:00 AM;-;59.57;59.57;59.57;59.57;59.57;55.42;-;-;59.57;58.49;58.08;59.57;63.51;59.57;58.96
Jul 24, 2018 11:00 AM;Jul 24, 2018 12:00 PM;-;63.88;58.46;58.46;61.37;66.40;55.43;-;-;58.46;58.45;58.40;58.46;65.90;60.20;59.17
Jul 24, 2018 12:00 PM;Jul 24, 2018 1:00 PM;-;62.20;57.41;57.44;59.99;64.42;55.42;-;-;57.44;57.11;56.64;57.41;63.00;60.11;57.68
Jul 24, 2018 1:00 PM;Jul 24, 2018 2:00 PM;-;62.03;55.36;56.72;58.95;65.31;55.36;-;-;56.72;56.54;56.11;55.36;63.11;60.10;57.13
Jul 24, 2018 2:00 PM;Jul 24, 2018 3:00 PM;-;61.48;55.92;57.03;58.91;64.22;55.34;-;-;57.03;55.19;54.92;55.92;67.65;60.10;55.65
Jul 24, 2018 3:00 PM;Jul 24, 2018 4:00 PM;-;57.67;57.67;57.67;57.67;57.67;55.35;-;-;57.67;56.12;55.70;57.67;67.65;58.96;56.68
Jul 24, 2018 4:00 PM;Jul 24, 2018 5:00 PM;-;58.19;58.19;58.19;58.19;58.19;55.34;-;-;58.19;56.51;56.15;58.19;67.65;58.19;56.97
Jul 24, 2018 5:00 PM;Jul 24, 2018 6:00 PM;-;63.86;61.86;61.86;63.00;64.90;55.33;-;-;61.86;59.12;58.71;61.86;65.00;61.86;58.81
Jul 24, 2018 6:00 PM;Jul 24, 2018 7:00 PM;-;64.17;64.17;64.17;64.17;64.17;55.36;-;-;62.63;60.77;61.02;64.17;64.62;64.17;61.02
Jul 24, 2018 7:00 PM;Jul 24, 2018 8:00 PM;-;65.51;65.51;65.51;65.51;65.51;55.35;-;-;63.94;62.68;63.01;65.51;65.83;65.51;63.01
Jul 24, 2018 8:00 PM;Jul 24, 2018 9:00 PM;-;64.22;64.22;64.22;64.22;64.22;55.34;-;-;62.68;61.22;61.57;64.22;65.55;64.22;61.57
Jul 24, 2018 9:00 PM;Jul 24, 2018 10:00 PM;-;63.89;63.89;63.89;63.89;63.89;55.60;-;-;62.36;59.55;59.63;63.89;65.90;63.89;59.63
Jul 24, 2018 10:00 PM;Jul 24, 2018 11:00 PM;-;61.50;60.44;60.44;61.02;61.94;55.67;-;-;57.74;58.10;58.01;60.44;65.00;60.44;58.01
Jul 24, 2018 11:00 PM;Jul 25, 2018 12:00 AM;-;55.77;54.91;54.91;55.37;56.27;54.47;-;-;54.47;54.96;53.00;54.91;60.44;54.91;53.00
Jul 25, 2018 12:00 AM;Jul 25, 2018 1:00 AM;-;53.64;53.64;53.64;53.64;53.64;53.64;-;-;53.64;53.92;51.73;53.64;60.74;53.64;51.73
Jul 25, 2018 1:00 AM;Jul 25, 2018 2:00 AM;-;50.66;50.66;51.57;50.66;50.66;51.57;-;-;51.57;51.12;48.01;50.66;58.42;50.66;48.01
Jul 25, 2018 2:00 AM;Jul 25, 2018 3:00 AM;-;49.08;49.08;50.42;49.08;49.08;50.70;-;-;50.42;49.76;48.00;49.08;54.37;49.08;48.00
Jul 25, 2018 3:00 AM;Jul 25, 2018 4:00 AM;-;48.70;50.31;50.31;48.70;48.70;50.31;-;-;50.31;48.21;46.96;48.70;53.40;48.70;46.96
Jul 25, 2018 4:00 AM;Jul 25, 2018 5:00 AM;-;48.48;48.82;50.02;48.23;48.74;50.23;-;-;50.02;47.37;46.63;48.82;52.75;48.82;46.63
Jul 25, 2018 5:00 AM;Jul 25, 2018 6:00 AM;-;49.79;49.79;51.44;49.79;49.79;51.44;-;-;51.44;50.49;50.00;49.79;54.20;49.79;50.00
Jul 25, 2018 6:00 AM;Jul 25, 2018 7:00 AM;-;55.71;55.71;54.43;55.71;55.71;54.43;-;-;54.43;55.76;56.44;55.71;60.49;55.71;56.44
Jul 25, 2018 7:00 AM;Jul 25, 2018 8:00 AM;-;62.96;62.96;62.96;62.96;62.96;54.93;-;-;62.96;63.09;65.23;62.96;62.96;62.96;65.23
Jul 25, 2018 8:00 AM;Jul 25, 2018 9:00 AM;-;65.00;65.00;65.00;65.00;65.00;54.86;-;-;65.00;64.88;66.52;65.00;65.00;65.00;66.52
Jul 25, 2018 9:00 AM;Jul 25, 2018 10:00 AM;-;65.07;65.07;66.67;65.07;65.07;54.85;-;-;66.67;64.26;65.00;65.07;65.07;65.07;65.33
Jul 25, 2018 10:00 AM;Jul 25, 2018 11:00 AM;-;66.43;62.93;65.04;65.00;66.98;54.87;-;-;65.04;62.12;62.30;62.93;65.00;64.87;66.84
Jul 25, 2018 11:00 AM;Jul 25, 2018 12:00 PM;-;64.43;61.43;70.05;63.20;64.90;54.88;-;-;70.05;60.58;61.15;61.43;63.20;63.20;68.16
Jul 25, 2018 12:00 PM;Jul 25, 2018 1:00 PM;-;60.35;58.66;70.90;59.74;60.50;54.95;-;-;70.90;59.06;60.25;58.66;59.74;59.74;64.86
Jul 25, 2018 1:00 PM;Jul 25, 2018 2:00 PM;-;60.74;56.27;70.22;58.87;62.48;54.92;-;-;70.22;58.10;58.60;56.27;61.75;61.75;65.10
Jul 25, 2018 2:00 PM;Jul 25, 2018 3:00 PM;-;58.99;56.42;63.83;57.92;60.00;54.91;-;-;63.83;57.75;57.89;56.42;63.00;63.00;68.67
Jul 25, 2018 3:00 PM;Jul 25, 2018 4:00 PM;-;58.88;57.95;62.11;58.54;59.00;54.91;-;-;62.11;58.35;59.00;57.95;64.00;64.00;68.72
Jul 25, 2018 4:00 PM;Jul 25, 2018 5:00 PM;-;65.61;58.47;59.91;62.85;67.80;54.88;-;-;59.91;58.17;58.90;58.47;64.97;58.47;68.82
Jul 25, 2018 5:00 PM;Jul 25, 2018 6:00 PM;-;70.61;61.40;62.18;67.00;73.60;54.88;-;-;62.18;61.42;61.00;61.40;67.00;61.40;61.00
Jul 25, 2018 6:00 PM;Jul 25, 2018 7:00 PM;-;65.80;65.80;65.80;65.80;65.80;54.89;-;-;65.80;63.96;64.87;65.80;65.80;65.80;64.88
Jul 25, 2018 7:00 PM;Jul 25, 2018 8:00 PM;-;66.90;66.90;66.90;66.90;66.90;54.89;-;-;66.90;65.92;66.20;66.90;67.01;66.90;66.20
Jul 25, 2018 8:00 PM;Jul 25, 2018 9:00 PM;-;65.45;65.45;65.45;65.45;65.45;54.90;-;-;65.45;64.00;64.80;65.45;67.59;65.45;64.80
Jul 25, 2018 9:00 PM;Jul 25, 2018 10:00 PM;-;64.37;64.37;64.37;64.37;64.37;55.26;-;-;64.37;63.17;63.60;64.37;65.45;64.37;63.60
Jul 25, 2018 10:00 PM;Jul 25, 2018 11:00 PM;-;62.02;62.02;62.02;62.02;62.02;55.12;-;-;60.54;60.50;60.00;62.02;63.00;62.02;60.00
Jul 25, 2018 11:00 PM;Jul 26, 2018 12:00 AM;-;55.83;54.43;54.43;55.21;56.23;54.43;-;-;54.43;55.36;54.22;54.43;60.47;54.43;54.22
Jul 26, 2018 12:00 AM;Jul 26, 2018 1:00 AM;-;50.02;50.02;51.67;50.02;50.02;51.67;-;-;51.67;51.40;50.10;50.02;62.70;50.02;50.10
Jul 26, 2018 1:00 AM;Jul 26, 2018 2:00 AM;-;48.40;48.40;50.24;48.40;48.40;50.35;-;-;50.24;49.07;47.52;48.40;60.74;48.40;47.52
Jul 26, 2018 2:00 AM;Jul 26, 2018 3:00 AM;-;47.50;47.50;49.07;47.50;47.50;49.07;-;-;49.07;48.40;45.93;47.50;59.28;47.50;45.93
Jul 26, 2018 3:00 AM;Jul 26, 2018 4:00 AM;-;46.75;48.30;48.30;46.75;46.75;48.30;-;-;48.30;47.92;45.35;46.75;58.42;46.75;45.35
Jul 26, 2018 4:00 AM;Jul 26, 2018 5:00 AM;-;46.35;46.35;47.49;46.35;46.35;47.88;-;-;47.49;47.65;46.70;46.35;58.42;46.35;46.70
Jul 26, 2018 5:00 AM;Jul 26, 2018 6:00 AM;-;47.34;47.34;50.14;47.34;47.34;50.14;-;-;50.14;48.81;47.50;47.34;58.80;47.34;47.50
Jul 26, 2018 6:00 AM;Jul 26, 2018 7:00 AM;-;52.28;52.28;53.57;52.28;52.28;53.57;-;-;53.57;55.01;53.00;52.28;61.90;52.28;53.00
Jul 26, 2018 7:00 AM;Jul 26, 2018 8:00 AM;-;60.77;60.77;60.77;60.77;60.77;54.93;-;-;60.77;61.29;61.53;60.77;63.70;60.77;61.53
Jul 26, 2018 8:00 AM;Jul 26, 2018 9:00 AM;-;64.08;64.08;65.66;64.08;64.08;54.81;-;-;65.66;62.99;64.50;64.08;65.00;64.08;64.50
Jul 26, 2018 9:00 AM;Jul 26, 2018 10:00 AM;-;64.93;62.96;62.96;64.21;65.44;54.85;-;-;62.96;62.70;62.96;62.96;64.21;64.21;62.96
Jul 26, 2018 10:00 AM;Jul 26, 2018 11:00 AM;-;69.07;60.00;61.47;65.76;71.00;54.87;-;-;61.47;61.12;61.87;60.00;65.76;65.10;61.87
Jul 26, 2018 11:00 AM;Jul 26, 2018 12:00 PM;-;69.24;59.67;62.05;65.65;72.35;54.87;-;-;62.05;60.05;61.02;59.67;65.65;65.65;61.02
Jul 26, 2018 12:00 PM;Jul 26, 2018 1:00 PM;-;69.36;52.43;60.77;63.00;75.00;54.86;-;-;60.77;58.94;56.28;52.43;63.00;63.00;58.30
Jul 26, 2018 1:00 PM;Jul 26, 2018 2:00 PM;-;69.44;54.69;60.76;63.78;72.40;54.69;-;-;60.76;58.17;53.70;53.94;63.78;63.78;60.07
Jul 26, 2018 2:00 PM;Jul 26, 2018 3:00 PM;-;69.56;54.71;59.68;64.07;71.87;54.71;-;-;59.68;57.79;52.21;54.71;64.07;64.07;58.02
Jul 26, 2018 3:00 PM;Jul 26, 2018 4:00 PM;-;70.43;56.63;58.02;64.32;67.88;54.82;-;-;58.02;57.83;53.00;56.63;65.00;63.02;55.06
Jul 26, 2018 4:00 PM;Jul 26, 2018 5:00 PM;-;74.90;55.45;56.81;63.55;74.90;54.81;-;-;56.81;59.00;55.59;55.45;66.00;55.45;55.59
Jul 26, 2018 5:00 PM;Jul 26, 2018 6:00 PM;-;74.42;57.59;59.00;67.09;80.10;54.76;-;-;59.00;60.06;59.53;57.59;67.09;57.59;59.53
Jul 26, 2018 6:00 PM;Jul 26, 2018 7:00 PM;-;71.30;61.00;61.00;67.19;74.50;54.73;-;-;61.00;62.68;62.50;61.00;67.19;61.00;62.50
Jul 26, 2018 7:00 PM;Jul 26, 2018 8:00 PM;-;74.17;61.95;61.95;69.30;77.97;54.76;-;-;61.95;63.82;63.64;61.95;70.54;61.95;63.64
Jul 26, 2018 8:00 PM;Jul 26, 2018 9:00 PM;-;70.43;60.61;60.61;66.30;75.48;54.75;-;-;60.61;61.66;61.69;60.61;69.62;65.10;62.47
Jul 26, 2018 9:00 PM;Jul 26, 2018 10:00 PM;-;68.22;59.80;59.80;64.74;71.66;54.88;-;-;59.80;59.29;59.25;59.80;69.57;65.10;59.25
Jul 26, 2018 10:00 PM;Jul 26, 2018 11:00 PM;-;75.13;54.32;54.32;65.70;84.62;54.32;-;-;54.32;56.81;55.00;54.32;65.90;54.32;55.00
Jul 26, 2018 11:00 PM;Jul 27, 2018 12:00 AM;-;74.80;47.16;52.07;62.70;67.64;52.07;-;-;52.07;54.48;48.02;47.16;62.70;50.10;48.02
Jul 27, 2018 12:00 AM;Jul 27, 2018 1:00 AM;-;51.49;47.50;52.06;49.56;56.00;52.06;-;-;52.06;50.08;47.09;47.50;65.10;47.50;47.09
Jul 27, 2018 1:00 AM;Jul 27, 2018 2:00 AM;-;46.51;50.26;50.26;46.51;46.51;50.26;-;-;50.26;47.57;45.65;46.51;61.50;46.51;45.65
Jul 27, 2018 2:00 AM;Jul 27, 2018 3:00 AM;-;45.00;48.11;48.11;45.00;45.00;48.11;-;-;48.11;46.02;45.05;45.00;60.17;45.00;45.05
Jul 27, 2018 3:00 AM;Jul 27, 2018 4:00 AM;-;45.00;47.76;47.76;45.00;45.00;47.76;-;-;47.76;44.82;44.32;45.00;59.89;45.00;44.32
Jul 27, 2018 4:00 AM;Jul 27, 2018 5:00 AM;-;44.72;44.72;46.43;44.72;44.72;46.43;-;-;46.43;44.49;43.95;44.72;59.89;44.72;43.95
Jul 27, 2018 5:00 AM;Jul 27, 2018 6:00 AM;-;47.02;47.02;50.86;47.02;47.02;50.86;-;-;50.86;46.38;45.90;47.02;60.17;47.02;45.90
Jul 27, 2018 6:00 AM;Jul 27, 2018 7:00 AM;-;52.51;52.51;53.35;52.51;52.51;53.35;-;-;53.35;51.30;51.14;52.51;62.26;52.51;51.14
Jul 27, 2018 7:00 AM;Jul 27, 2018 8:00 AM;-;60.91;60.91;60.91;60.91;60.91;54.53;-;-;60.91;58.57;58.70;60.91;67.02;60.91;58.70
Jul 27, 2018 8:00 AM;Jul 27, 2018 9:00 AM;-;62.01;62.01;80.49;62.01;62.01;54.94;-;-;64.78;61.17;61.51;62.01;71.40;62.01;61.51
Jul 27, 2018 9:00 AM;Jul 27, 2018 10:00 AM;-;61.09;61.09;80.46;61.09;61.09;54.94;-;-;64.23;60.91;61.60;61.09;70.54;61.09;61.60
Jul 27, 2018 10:00 AM;Jul 27, 2018 11:00 AM;-;68.93;58.91;80.41;64.37;78.98;54.89;-;-;65.73;59.70;59.50;58.91;70.00;58.91;62.90
Jul 27, 2018 11:00 AM;Jul 27, 2018 12:00 PM;-;67.45;58.47;65.30;63.36;76.47;54.77;-;-;65.30;58.99;57.90;58.47;69.08;60.20;66.04
Jul 27, 2018 12:00 PM;Jul 27, 2018 1:00 PM;-;62.99;55.04;56.39;59.37;71.01;54.77;-;-;56.39;58.22;54.20;55.04;65.00;65.00;64.22
Jul 27, 2018 1:00 PM;Jul 27, 2018 2:00 PM;-;61.90;52.02;54.39;57.60;65.54;54.39;-;-;54.39;58.23;53.20;52.02;64.64;64.10;64.57
Jul 27, 2018 2:00 PM;Jul 27, 2018 3:00 PM;-;67.04;52.55;54.07;58.53;64.49;54.07;-;-;54.07;57.73;49.60;46.76;66.20;60.20;66.10
Jul 27, 2018 3:00 PM;Jul 27, 2018 4:00 PM;-;61.60;50.56;54.25;56.96;60.14;54.25;-;-;54.25;57.65;50.29;50.56;67.17;60.20;67.60
Jul 27, 2018 4:00 PM;Jul 27, 2018 5:00 PM;-;58.66;54.07;54.42;56.55;63.36;54.42;-;-;54.42;57.07;53.30;54.07;69.25;64.10;61.03
Jul 27, 2018 5:00 PM;Jul 27, 2018 6:00 PM;-;66.31;58.02;58.02;62.40;74.90;54.60;-;-;58.02;56.64;54.80;58.02;69.63;58.02;55.47
Jul 27, 2018 6:00 PM;Jul 27, 2018 7:00 PM;-;65.84;60.09;60.09;63.12;71.80;54.74;-;-;60.09;58.92;57.80;60.09;70.48;60.09;57.80
Jul 27, 2018 7:00 PM;Jul 27, 2018 8:00 PM;-;63.58;61.21;61.21;62.46;66.04;54.82;-;-;61.21;58.72;58.12;61.21;70.52;61.21;58.12
Jul 27, 2018 8:00 PM;Jul 27, 2018 9:00 PM;-;65.37;54.67;58.46;62.21;72.10;54.67;-;-;58.46;58.26;57.20;59.90;68.90;59.90;57.29
Jul 27, 2018 9:00 PM;Jul 27, 2018 10:00 PM;-;60.06;54.51;55.83;58.06;64.45;54.51;-;-;55.83;56.53;54.38;55.83;68.57;55.83;55.69
Jul 27, 2018 10:00 PM;Jul 27, 2018 11:00 PM;-;61.09;53.03;53.03;57.00;74.28;53.03;-;-;53.03;55.96;50.64;53.03;64.00;53.03;51.10
Jul 27, 2018 11:00 PM;Jul 28, 2018 12:00 AM;-;54.96;50.85;50.85;53.11;60.18;50.85;-;-;50.85;53.92;46.65;50.85;62.03;50.85;46.65
Jul 28, 2018 12:00 AM;Jul 28, 2018 1:00 AM;-;57.88;46.09;46.09;51.91;71.60;51.90;-;-;50.67;49.48;49.02;46.09;61.35;61.35;49.02
Jul 28, 2018 1:00 AM;Jul 28, 2018 2:00 AM;-;51.21;44.24;44.24;47.75;60.33;49.67;-;-;49.04;45.73;44.60;44.24;63.01;59.96;44.60
Jul 28, 2018 2:00 AM;Jul 28, 2018 3:00 AM;-;44.78;45.05;45.05;43.54;48.81;47.25;-;-;45.05;45.82;43.30;42.26;60.74;48.24;43.30
Jul 28, 2018 3:00 AM;Jul 28, 2018 4:00 AM;-;43.86;43.09;43.09;42.95;47.13;45.62;-;-;43.09;43.34;42.00;42.06;59.29;42.50;42.00
Jul 28, 2018 4:00 AM;Jul 28, 2018 5:00 AM;-;43.79;42.24;42.24;43.04;46.60;45.11;-;-;42.24;43.09;41.91;42.24;59.17;42.24;41.91
Jul 28, 2018 5:00 AM;Jul 28, 2018 6:00 AM;-;42.70;44.46;44.46;42.61;43.04;44.46;-;-;44.46;43.09;41.66;42.51;59.17;42.51;41.66
Jul 28, 2018 6:00 AM;Jul 28, 2018 7:00 AM;-;44.73;47.05;47.05;44.48;45.54;47.05;-;-;47.05;44.03;42.57;44.48;59.17;44.48;42.57
Jul 28, 2018 7:00 AM;Jul 28, 2018 8:00 AM;-;47.36;49.85;49.85;47.08;48.25;49.85;-;-;49.85;46.76;46.53;47.08;60.74;49.00;46.53
Jul 28, 2018 8:00 AM;Jul 28, 2018 9:00 AM;-;50.83;52.08;52.08;50.83;50.83;52.08;-;-;52.08;49.30;47.70;50.83;61.93;61.93;47.70
Jul 28, 2018 9:00 AM;Jul 28, 2018 10:00 AM;-;56.27;53.08;53.08;53.59;65.15;53.08;-;-;53.08;48.81;46.67;50.97;61.86;61.86;46.67
Jul 28, 2018 10:00 AM;Jul 28, 2018 11:00 AM;-;53.97;53.17;53.60;49.06;71.60;53.17;-;-;53.60;46.38;44.35;45.80;60.74;60.74;48.67
Jul 28, 2018 11:00 AM;Jul 28, 2018 12:00 PM;-;49.46;52.17;53.56;46.80;58.99;53.04;-;-;53.56;46.02;45.00;45.04;60.17;60.17;57.22
Jul 28, 2018 12:00 PM;Jul 28, 2018 1:00 PM;-;46.77;52.14;52.64;45.28;54.17;52.44;-;-;52.64;45.50;44.00;43.37;58.35;58.35;55.40
Jul 28, 2018 1:00 PM;Jul 28, 2018 2:00 PM;-;43.54;51.35;51.35;43.02;45.88;51.35;-;-;51.35;44.31;41.41;42.40;57.36;57.36;50.50
Jul 28, 2018 2:00 PM;Jul 28, 2018 3:00 PM;-;42.09;49.10;50.91;42.09;42.09;50.91;-;-;50.91;41.46;40.74;42.09;56.83;56.83;48.96
Jul 28, 2018 3:00 PM;Jul 28, 2018 4:00 PM;-;41.81;50.62;50.62;41.81;41.81;50.62;-;-;50.62;41.82;41.39;41.81;57.42;57.42;53.19
Jul 28, 2018 4:00 PM;Jul 28, 2018 5:00 PM;-;42.40;50.84;50.84;42.40;42.40;50.84;-;-;50.84;42.00;42.37;42.40;60.17;60.17;55.30
Jul 28, 2018 5:00 PM;Jul 28, 2018 6:00 PM;-;45.11;50.88;50.88;45.11;45.11;50.88;-;-;50.88;45.82;45.40;45.11;63.01;63.01;49.41
Jul 28, 2018 6:00 PM;Jul 28, 2018 7:00 PM;-;50.00;51.46;51.46;50.00;50.00;51.46;-;-;51.46;49.32;49.99;50.00;65.00;65.00;49.99
Jul 28, 2018 7:00 PM;Jul 28, 2018 8:00 PM;-;52.88;52.88;52.88;52.88;52.88;52.88;-;-;52.88;52.51;52.74;52.88;65.32;52.88;52.74
Jul 28, 2018 8:00 PM;Jul 28, 2018 9:00 PM;-;52.84;52.84;52.84;52.84;52.84;52.84;-;-;52.84;53.18;54.00;52.84;65.00;52.84;55.20
Jul 28, 2018 9:00 PM;Jul 28, 2018 10:00 PM;-;53.09;53.09;53.09;53.09;53.09;53.09;-;-;53.09;53.51;54.45;53.09;65.32;53.09;55.12
Jul 28, 2018 10:00 PM;Jul 28, 2018 11:00 PM;-;54.03;53.45;53.45;53.76;55.22;53.45;-;-;53.45;54.78;53.99;53.45;65.37;53.45;53.99
Jul 28, 2018 11:00 PM;Jul 29, 2018 12:00 AM;-;50.59;50.59;50.59;50.59;50.59;50.59;-;-;50.59;52.44;50.20;50.59;65.00;50.59;50.20
Jul 29, 2018 12:00 AM;Jul 29, 2018 1:00 AM;-;47.40;47.40;47.40;47.40;47.40;50.02;-;-;50.02;50.25;47.21;47.40;63.32;47.40;47.21
Jul 29, 2018 1:00 AM;Jul 29, 2018 2:00 AM;-;42.78;46.74;46.74;42.78;42.78;46.74;-;-;46.74;46.88;44.14;42.78;60.74;42.78;44.14
Jul 29, 2018 2:00 AM;Jul 29, 2018 3:00 AM;-;41.63;45.04;45.04;41.63;41.63;45.04;-;-;45.04;46.05;41.98;41.63;59.17;41.63;41.98
Jul 29, 2018 3:00 AM;Jul 29, 2018 4:00 AM;-;42.21;44.05;44.05;42.21;42.21;44.05;-;-;44.05;43.68;40.79;42.21;58.36;42.21;40.79
Jul 29, 2018 4:00 AM;Jul 29, 2018 5:00 AM;-;42.50;43.90;43.90;42.50;42.50;43.90;-;-;43.90;43.57;40.23;42.50;57.42;42.50;40.23
Jul 29, 2018 5:00 AM;Jul 29, 2018 6:00 AM;-;42.50;44.02;44.02;42.50;42.50;44.02;-;-;44.02;43.53;39.93;42.50;55.00;42.50;39.93
Jul 29, 2018 6:00 AM;Jul 29, 2018 7:00 AM;-;42.09;46.83;46.83;42.09;42.09;46.83;-;-;46.83;43.17;40.20;42.09;51.17;42.09;40.20
Jul 29, 2018 7:00 AM;Jul 29, 2018 8:00 AM;-;40.49;48.08;48.08;40.49;40.49;48.08;-;-;48.08;44.12;41.33;40.49;52.51;40.49;41.33
Jul 29, 2018 8:00 AM;Jul 29, 2018 9:00 AM;-;40.55;50.20;50.20;40.55;40.55;50.20;-;-;50.20;45.30;42.65;40.55;44.47;43.50;42.65
Jul 29, 2018 9:00 AM;Jul 29, 2018 10:00 AM;-;40.59;51.15;51.15;40.59;40.59;51.15;-;-;51.15;45.21;44.05;40.59;45.90;43.51;44.05
Jul 29, 2018 10:00 AM;Jul 29, 2018 11:00 AM;-;41.57;51.38;51.38;41.57;41.57;51.38;-;-;51.38;45.18;43.00;41.57;47.90;47.90;46.98
Jul 29, 2018 11:00 AM;Jul 29, 2018 12:00 PM;-;40.57;51.25;51.25;40.57;40.57;51.25;-;-;51.25;43.49;44.05;40.57;49.16;49.16;50.00
Jul 29, 2018 12:00 PM;Jul 29, 2018 1:00 PM;-;40.61;51.14;51.14;40.61;40.61;51.14;-;-;51.14;42.98;43.07;40.61;46.32;46.32;50.05
Jul 29, 2018 1:00 PM;Jul 29, 2018 2:00 PM;-;40.98;51.12;51.12;40.98;40.98;51.12;-;-;51.12;41.58;41.00;40.98;43.02;43.02;45.97
Jul 29, 2018 2:00 PM;Jul 29, 2018 3:00 PM;-;36.76;51.21;51.21;36.76;36.76;51.21;-;-;51.21;42.01;39.27;36.76;42.10;42.10;44.04
Jul 29, 2018 3:00 PM;Jul 29, 2018 4:00 PM;-;37.40;51.39;51.39;37.40;37.40;51.39;-;-;51.39;43.01;40.34;37.40;42.76;42.76;43.93
Jul 29, 2018 4:00 PM;Jul 29, 2018 5:00 PM;-;41.53;51.39;51.39;41.53;41.53;51.39;-;-;51.39;43.70;42.00;41.53;50.84;50.10;46.08
Jul 29, 2018 5:00 PM;Jul 29, 2018 6:00 PM;-;42.01;50.18;52.41;42.01;42.01;52.41;-;-;52.41;46.67;44.69;42.01;57.97;42.50;45.65
Jul 29, 2018 6:00 PM;Jul 29, 2018 7:00 PM;-;50.73;50.73;52.84;50.73;50.73;52.84;-;-;52.84;53.33;53.20;50.73;59.35;50.73;53.20
Jul 29, 2018 7:00 PM;Jul 29, 2018 8:00 PM;-;55.76;55.76;55.76;55.76;55.76;54.21;-;-;55.76;57.19;56.90;55.76;63.32;55.76;56.90
Jul 29, 2018 8:00 PM;Jul 29, 2018 9:00 PM;-;57.43;57.43;57.43;57.43;57.43;54.64;-;-;57.43;58.19;58.14;57.43;65.81;57.43;59.37
Jul 29, 2018 9:00 PM;Jul 29, 2018 10:00 PM;-;57.94;57.94;58.37;57.94;57.94;54.62;-;-;58.37;58.28;59.00;57.94;67.67;57.94;60.02
Jul 29, 2018 10:00 PM;Jul 29, 2018 11:00 PM;-;57.22;54.43;56.79;57.22;57.22;54.43;-;-;56.79;57.72;56.20;57.22;67.52;57.22;56.20
Jul 29, 2018 11:00 PM;Jul 30, 2018 12:00 AM;-;53.65;53.03;53.03;53.65;53.65;53.03;-;-;53.03;54.41;51.18;53.65;65.81;53.65;51.18
Jul 30, 2018 12:00 AM;Jul 30, 2018 1:00 AM;-;49.87;49.87;51.52;49.87;49.87;51.52;-;-;51.52;47.90;46.01;49.87;65.52;49.87;46.01
Jul 30, 2018 1:00 AM;Jul 30, 2018 2:00 AM;-;46.58;46.58;48.12;46.58;46.58;48.12;-;-;48.12;45.26;42.93;46.58;61.18;46.58;42.93
Jul 30, 2018 2:00 AM;Jul 30, 2018 3:00 AM;-;45.04;45.04;45.67;45.04;45.04;45.67;-;-;45.67;44.22;41.20;45.04;60.03;45.04;41.20
Jul 30, 2018 3:00 AM;Jul 30, 2018 4:00 AM;-;44.26;45.35;45.35;44.26;44.26;45.35;-;-;45.35;43.60;41.02;44.26;58.25;44.26;41.02
Jul 30, 2018 4:00 AM;Jul 30, 2018 5:00 AM;-;44.81;44.81;45.06;44.81;44.81;45.06;-;-;45.06;43.50;40.96;44.81;58.25;44.81;40.96
Jul 30, 2018 5:00 AM;Jul 30, 2018 6:00 AM;-;45.04;45.04;50.03;45.04;45.04;50.03;-;-;50.03;45.61;42.75;45.04;61.00;45.04;42.75
Jul 30, 2018 6:00 AM;Jul 30, 2018 7:00 AM;-;52.56;52.56;52.56;52.56;52.56;52.56;-;-;52.56;52.10;50.30;52.56;65.00;52.56;50.30
Jul 30, 2018 7:00 AM;Jul 30, 2018 8:00 AM;-;59.21;59.21;59.21;59.21;59.21;53.96;-;-;59.21;58.18;59.57;59.21;68.96;59.21;59.57
Jul 30, 2018 8:00 AM;Jul 30, 2018 9:00 AM;-;60.99;60.99;62.49;60.99;60.99;54.12;-;-;62.49;58.99;60.43;60.99;75.56;60.99;60.43
Jul 30, 2018 9:00 AM;Jul 30, 2018 10:00 AM;-;61.08;61.08;71.04;61.08;61.08;54.10;-;-;71.04;58.47;60.20;61.08;70.75;61.08;60.20
Jul 30, 2018 10:00 AM;Jul 30, 2018 11:00 AM;-;57.36;57.36;70.79;57.36;57.36;54.11;-;-;70.79;57.38;59.81;57.36;68.96;57.36;59.81
Jul 30, 2018 11:00 AM;Jul 30, 2018 12:00 PM;-;57.06;57.06;74.94;57.06;57.06;54.13;-;-;74.94;57.49;59.20;57.06;69.66;57.06;60.07
Jul 30, 2018 12:00 PM;Jul 30, 2018 1:00 PM;-;55.91;55.91;80.04;55.91;55.91;54.12;-;-;80.04;55.69;58.00;55.91;67.33;60.60;60.07
Jul 30, 2018 1:00 PM;Jul 30, 2018 2:00 PM;-;54.47;54.47;61.27;54.47;54.47;53.96;-;-;61.27;55.32;57.94;54.47;69.10;57.10;63.84
Jul 30, 2018 2:00 PM;Jul 30, 2018 3:00 PM;-;53.55;53.90;61.23;53.55;53.55;53.90;-;-;61.23;54.02;55.23;53.55;74.99;53.55;62.09
Jul 30, 2018 3:00 PM;Jul 30, 2018 4:00 PM;-;54.54;54.54;58.08;54.54;54.54;53.96;-;-;58.08;54.04;56.95;54.54;77.00;54.54;62.08
Jul 30, 2018 4:00 PM;Jul 30, 2018 5:00 PM;-;55.94;55.94;57.32;55.94;55.94;54.15;-;-;57.32;55.66;58.95;55.94;89.72;55.94;58.95
Jul 30, 2018 5:00 PM;Jul 30, 2018 6:00 PM;-;61.45;61.45;62.96;61.45;61.45;54.18;-;-;62.96;58.96;62.29;61.45;77.01;62.83;62.29
Jul 30, 2018 6:00 PM;Jul 30, 2018 7:00 PM;-;62.80;62.80;64.35;62.80;62.80;54.22;-;-;64.35;61.03;64.19;62.80;76.32;62.80;64.19
Jul 30, 2018 7:00 PM;Jul 30, 2018 8:00 PM;-;64.63;64.63;66.22;64.63;64.63;54.25;-;-;66.22;62.69;65.04;64.63;77.01;64.63;65.04
Jul 30, 2018 8:00 PM;Jul 30, 2018 9:00 PM;-;63.46;63.46;63.58;63.46;63.46;54.27;-;-;63.58;62.63;64.46;63.46;77.35;63.46;64.46
Jul 30, 2018 9:00 PM;Jul 30, 2018 10:00 PM;-;62.06;62.06;62.34;62.06;62.06;54.38;-;-;62.34;60.55;63.00;62.06;78.92;62.06;63.00
Jul 30, 2018 10:00 PM;Jul 30, 2018 11:00 PM;-;60.37;60.37;60.37;60.37;60.37;54.55;-;-;60.37;59.22;59.30;60.37;73.90;60.37;59.30
Jul 30, 2018 11:00 PM;Jul 31, 2018 12:00 AM;-;51.46;51.46;53.03;51.46;51.46;53.03;-;-;53.03;53.26;52.20;51.46;68.52;51.46;52.20
Jul 31, 2018 12:00 AM;Jul 31, 2018 1:00 AM;-;47.02;47.02;51.44;47.02;47.02;51.44;-;-;51.44;52.36;51.50;47.02;69.05;47.02;51.50
Jul 31, 2018 1:00 AM;Jul 31, 2018 2:00 AM;-;45.98;45.98;50.27;45.98;45.98;50.27;-;-;50.27;50.41;48.73;45.98;63.58;45.98;48.73
Jul 31, 2018 2:00 AM;Jul 31, 2018 3:00 AM;-;45.25;50.19;50.19;45.25;45.25;50.19;-;-;50.19;48.07;46.68;45.25;61.03;45.25;46.68
Jul 31, 2018 3:00 AM;Jul 31, 2018 4:00 AM;-;44.34;49.68;49.68;44.34;44.34;49.68;-;-;49.68;46.31;44.96;44.34;59.25;44.34;44.96
Jul 31, 2018 4:00 AM;Jul 31, 2018 5:00 AM;-;44.03;45.37;47.90;44.03;44.03;47.90;-;-;47.90;45.71;44.70;44.03;58.25;44.03;44.70
Jul 31, 2018 5:00 AM;Jul 31, 2018 6:00 AM;-;46.07;46.07;50.63;46.07;46.07;50.63;-;-;50.63;47.61;46.80;46.07;59.69;46.07;46.80
Jul 31, 2018 6:00 AM;Jul 31, 2018 7:00 AM;-;51.91;51.91;53.08;51.91;51.91;53.08;-;-;53.08;53.72;54.25;51.91;61.03;51.91;54.25
Jul 31, 2018 7:00 AM;Jul 31, 2018 8:00 AM;-;62.48;62.48;62.48;62.48;62.48;54.21;-;-;62.48;61.71;63.88;62.48;63.58;62.48;63.88
Jul 31, 2018 8:00 AM;Jul 31, 2018 9:00 AM;-;65.77;65.77;67.39;65.77;65.77;54.34;-;-;67.39;63.91;65.11;65.77;68.46;65.77;65.92
Jul 31, 2018 9:00 AM;Jul 31, 2018 10:00 AM;-;65.90;65.90;67.52;65.90;65.90;54.26;-;-;67.52;62.96;63.20;65.90;68.46;68.46;63.20
Jul 31, 2018 10:00 AM;Jul 31, 2018 11:00 AM;-;62.03;62.03;63.55;62.03;62.03;54.32;-;-;63.55;60.28;60.50;62.03;70.00;70.00;64.15
Jul 31, 2018 11:00 AM;Jul 31, 2018 12:00 PM;-;60.73;60.73;62.22;60.73;60.73;54.20;-;-;62.22;59.83;60.60;60.73;69.05;69.05;70.18
Jul 31, 2018 12:00 PM;Jul 31, 2018 1:00 PM;-;56.65;56.65;58.05;56.65;56.65;54.35;-;-;58.05;56.36;58.36;56.65;64.65;64.65;68.55
Jul 31, 2018 1:00 PM;Jul 31, 2018 2:00 PM;-;54.46;54.46;55.80;54.46;54.46;54.03;-;-;55.80;55.44;56.80;54.46;66.96;66.96;68.76
Jul 31, 2018 2:00 PM;Jul 31, 2018 3:00 PM;-;52.87;52.87;54.17;52.87;52.87;53.75;-;-;54.17;54.23;55.33;52.87;70.00;70.00;74.36
Jul 31, 2018 3:00 PM;Jul 31, 2018 4:00 PM;-;53.10;53.10;54.41;53.10;53.10;53.87;-;-;54.41;54.83;56.30;53.10;70.00;70.00;74.00
Jul 31, 2018 4:00 PM;Jul 31, 2018 5:00 PM;-;54.02;54.02;55.35;54.02;54.02;53.97;-;-;55.35;56.74;59.30;54.02;74.38;74.38;73.40
Jul 31, 2018 5:00 PM;Jul 31, 2018 6:00 PM;-;61.01;61.01;62.51;61.01;61.01;54.24;-;-;62.51;61.20;62.50;61.01;70.04;70.04;62.50
Jul 31, 2018 6:00 PM;Jul 31, 2018 7:00 PM;-;65.06;65.06;65.06;65.06;65.06;54.31;-;-;65.06;63.11;64.10;65.06;72.60;65.06;64.10
Jul 31, 2018 7:00 PM;Jul 31, 2018 8:00 PM;-;65.96;65.96;65.96;65.96;65.96;54.31;-;-;65.96;64.74;66.18;65.96;75.53;65.96;66.18
Jul 31, 2018 8:00 PM;Jul 31, 2018 9:00 PM;-;65.32;65.32;65.32;65.32;65.32;54.14;-;-;65.32;63.28;66.00;65.32;75.52;68.40;66.00
Jul 31, 2018 9:00 PM;Jul 31, 2018 10:00 PM;-;65.32;65.32;65.32;65.32;65.32;54.02;-;-;65.32;62.12;64.74;65.32;74.68;68.40;64.74
Jul 31, 2018 10:00 PM;Jul 31, 2018 11:00 PM;-;63.68;63.68;63.68;63.68;63.68;54.29;-;-;63.68;59.86;62.30;63.68;70.00;63.68;62.30
Jul 31, 2018 11:00 PM;Aug 1, 2018 12:00 AM;-;52.93;52.93;52.93;52.93;52.93;52.93;-;-;52.93;53.49;54.50;52.93;64.95;52.93;55.03
Aug 1, 2018 12:00 AM;Aug 1, 2018 1:00 AM;-;47.13;47.13;50.33;47.13;47.13;50.33;-;-;50.33;49.20;47.90;47.13;78.45;50.30;47.90
Aug 1, 2018 1:00 AM;Aug 1, 2018 2:00 AM;-;47.00;49.64;49.64;47.00;47.00;49.64;-;-;49.64;48.02;46.84;47.00;73.07;50.30;46.84
Aug 1, 2018 2:00 AM;Aug 1, 2018 3:00 AM;-;44.89;49.07;49.07;44.89;44.89;49.07;-;-;49.07;46.51;46.00;44.89;65.62;44.89;46.00
Aug 1, 2018 3:00 AM;Aug 1, 2018 4:00 AM;-;44.12;48.64;48.64;44.12;44.12;48.64;-;-;48.64;45.53;44.33;44.12;64.56;44.12;44.33
Aug 1, 2018 4:00 AM;Aug 1, 2018 5:00 AM;-;44.21;47.94;47.94;44.21;44.21;47.94;-;-;47.94;45.18;44.56;44.21;64.49;44.21;44.56
Aug 1, 2018 5:00 AM;Aug 1, 2018 6:00 AM;-;45.96;49.90;49.92;45.96;45.96;49.92;-;-;49.92;47.07;46.50;45.96;65.20;45.96;46.50
Aug 1, 2018 6:00 AM;Aug 1, 2018 7:00 AM;-;49.40;49.40;53.30;49.40;49.40;53.30;-;-;53.30;53.72;54.14;49.40;71.03;49.40;54.14
Aug 1, 2018 7:00 AM;Aug 1, 2018 8:00 AM;-;58.60;58.83;60.27;58.44;58.77;54.69;-;-;60.27;60.46;61.50;58.83;65.00;58.83;61.50
Aug 1, 2018 8:00 AM;Aug 1, 2018 9:00 AM;-;60.52;60.52;62.01;60.52;60.52;54.69;-;-;62.01;63.55;65.80;60.52;68.02;60.52;65.80
Aug 1, 2018 9:00 AM;Aug 1, 2018 10:00 AM;-;62.00;62.00;63.53;62.00;62.00;54.68;-;-;63.53;63.91;66.49;62.00;67.63;62.00;66.49
Aug 1, 2018 10:00 AM;Aug 1, 2018 11:00 AM;-;60.43;60.43;61.92;60.43;60.43;54.76;-;-;61.92;61.48;64.76;60.43;69.36;66.30;65.01
Aug 1, 2018 11:00 AM;Aug 1, 2018 12:00 PM;-;59.10;59.10;60.55;59.10;59.10;54.77;-;-;60.55;61.35;67.52;59.10;70.00;66.30;67.52
Aug 1, 2018 12:00 PM;Aug 1, 2018 1:00 PM;-;58.22;58.22;59.65;58.22;58.22;54.91;-;-;59.65;58.02;62.00;58.22;66.30;66.30;66.07
Aug 1, 2018 1:00 PM;Aug 1, 2018 2:00 PM;-;57.80;57.80;59.23;57.80;57.80;54.89;-;-;59.23;57.36;59.55;57.80;70.00;70.00;68.21
Aug 1, 2018 2:00 PM;Aug 1, 2018 3:00 PM;-;57.99;57.99;59.41;57.99;57.99;54.82;-;-;59.41;55.93;58.77;57.99;75.14;66.30;68.75
Aug 1, 2018 3:00 PM;Aug 1, 2018 4:00 PM;-;58.00;58.00;59.42;58.00;58.00;54.82;-;-;59.42;56.56;62.00;58.00;77.01;66.30;68.08
Aug 1, 2018 4:00 PM;Aug 1, 2018 5:00 PM;-;58.24;58.24;59.67;58.24;58.24;54.81;-;-;59.67;58.11;63.00;58.24;77.01;66.30;68.50
Aug 1, 2018 5:00 PM;Aug 1, 2018 6:00 PM;-;63.03;63.03;64.58;63.03;63.03;54.76;-;-;64.58;62.52;64.39;63.03;76.82;66.30;65.56
Aug 1, 2018 6:00 PM;Aug 1, 2018 7:00 PM;-;65.00;65.00;66.60;65.00;65.00;54.88;-;-;66.60;64.51;66.00;65.00;77.01;65.00;66.00
Aug 1, 2018 7:00 PM;Aug 1, 2018 8:00 PM;-;65.87;65.87;67.49;65.87;65.87;54.87;-;-;67.49;65.20;67.00;65.87;77.35;65.87;67.00
Aug 1, 2018 8:00 PM;Aug 1, 2018 9:00 PM;-;64.00;64.00;64.00;64.00;64.00;54.86;-;-;64.00;63.52;64.62;64.00;77.12;64.00;66.00
Aug 1, 2018 9:00 PM;Aug 1, 2018 10:00 PM;-;63.59;63.59;63.59;63.59;63.59;54.97;-;-;63.59;63.58;65.29;63.59;77.01;66.20;65.29
Aug 1, 2018 10:00 PM;Aug 1, 2018 11:00 PM;-;62.54;62.54;62.54;62.54;62.54;54.81;-;-;61.43;62.40;62.84;62.54;72.00;63.10;62.84
Aug 1, 2018 11:00 PM;Aug 2, 2018 12:00 AM;-;53.77;53.77;53.77;53.77;53.77;53.77;-;-;53.77;53.50;53.42;53.77;66.02;55.90;53.42
Aug 2, 2018 12:00 AM;Aug 2, 2018 1:00 AM;-;47.77;47.77;51.46;47.77;47.77;51.46;-;-;51.46;50.08;49.32;47.77;77.01;47.77;49.32
Aug 2, 2018 1:00 AM;Aug 2, 2018 2:00 AM;-;46.13;50.04;50.04;46.13;46.13;50.04;-;-;50.04;49.09;48.00;46.13;72.36;46.13;48.00
Aug 2, 2018 2:00 AM;Aug 2, 2018 3:00 AM;-;46.78;49.58;49.58;46.78;46.78;49.58;-;-;49.58;48.06;45.30;46.78;69.12;46.78;45.30
Aug 2, 2018 3:00 AM;Aug 2, 2018 4:00 AM;-;45.21;49.26;49.26;45.21;45.21;49.26;-;-;49.26;46.81;44.28;45.21;67.45;45.21;44.28
Aug 2, 2018 4:00 AM;Aug 2, 2018 5:00 AM;-;45.30;48.57;48.57;45.30;45.30;48.57;-;-;48.57;47.20;44.52;45.30;66.12;45.30;44.52
Aug 2, 2018 5:00 AM;Aug 2, 2018 6:00 AM;-;46.81;46.81;50.08;46.81;46.81;50.08;-;-;50.08;49.04;47.38;46.81;68.00;46.81;47.38
Aug 2, 2018 6:00 AM;Aug 2, 2018 7:00 AM;-;53.06;53.06;53.47;53.06;53.06;53.47;-;-;53.47;53.06;53.13;53.06;72.03;53.06;53.13
Aug 2, 2018 7:00 AM;Aug 2, 2018 8:00 AM;-;62.21;62.21;62.21;62.21;62.21;54.33;-;-;62.21;62.53;63.00;62.21;68.60;62.21;63.00
Aug 2, 2018 8:00 AM;Aug 2, 2018 9:00 AM;-;64.66;64.66;66.25;64.66;64.66;54.20;-;-;66.25;64.38;65.17;64.66;75.00;64.66;65.17
Aug 2, 2018 9:00 AM;Aug 2, 2018 10:00 AM;-;65.70;65.70;67.32;65.70;65.70;54.10;-;-;67.32;64.85;65.00;65.70;72.03;65.70;65.00
Aug 2, 2018 10:00 AM;Aug 2, 2018 11:00 AM;-;65.70;65.70;67.32;65.70;65.70;54.15;-;-;67.32;64.90;64.08;65.70;70.00;65.70;64.08
Aug 2, 2018 11:00 AM;Aug 2, 2018 12:00 PM;-;64.99;64.99;66.58;64.99;64.99;54.14;-;-;66.58;63.97;64.01;64.99;70.00;64.99;64.01
Aug 2, 2018 12:00 PM;Aug 2, 2018 1:00 PM;-;64.15;64.15;65.72;64.15;64.15;54.22;-;-;65.72;60.48;60.82;64.15;65.28;64.15;63.22
Aug 2, 2018 1:00 PM;Aug 2, 2018 2:00 PM;-;62.85;62.85;64.40;62.85;62.85;54.22;-;-;64.40;60.04;60.19;62.85;68.60;64.20;63.06
Aug 2, 2018 2:00 PM;Aug 2, 2018 3:00 PM;-;62.64;61.08;62.58;61.91;63.20;54.30;-;-;62.58;59.84;58.89;61.08;74.48;64.20;61.43
Aug 2, 2018 3:00 PM;Aug 2, 2018 4:00 PM;-;61.94;61.94;61.94;61.94;61.94;54.29;-;-;61.94;60.04;60.00;61.94;75.00;61.94;60.08
Aug 2, 2018 4:00 PM;Aug 2, 2018 5:00 PM;-;63.07;63.07;63.07;63.07;63.07;54.25;-;-;63.07;61.98;62.30;63.07;75.47;63.07;62.30
Aug 2, 2018 5:00 PM;Aug 2, 2018 6:00 PM;-;66.42;66.42;66.42;66.42;66.42;54.25;-;-;66.42;65.95;65.34;66.42;75.37;66.42;65.34
Aug 2, 2018 6:00 PM;Aug 2, 2018 7:00 PM;-;67.98;67.98;67.98;67.98;67.98;54.24;-;-;67.98;68.44;67.62;67.98;75.47;67.98;67.62
Aug 2, 2018 7:00 PM;Aug 2, 2018 8:00 PM;-;69.41;69.41;69.41;69.41;69.41;54.23;-;-;69.41;68.54;68.34;69.41;76.34;69.41;68.34
Aug 2, 2018 8:00 PM;Aug 2, 2018 9:00 PM;-;67.72;67.72;67.72;67.72;67.72;54.32;-;-;67.72;66.47;67.12;67.72;77.01;67.72;67.12
Aug 2, 2018 9:00 PM;Aug 2, 2018 10:00 PM;-;67.10;67.10;67.10;67.10;67.10;54.36;-;-;65.49;65.75;66.40;67.10;77.01;67.10;66.40
Aug 2, 2018 10:00 PM;Aug 2, 2018 11:00 PM;-;65.44;65.44;65.44;65.44;65.44;54.41;-;-;63.62;63.59;64.01;65.44;75.51;65.44;64.01
Aug 2, 2018 11:00 PM;Aug 3, 2018 12:00 AM;-;56.01;56.01;56.01;56.01;56.01;53.93;-;-;53.93;56.08;54.93;56.01;67.45;56.01;54.93
Aug 3, 2018 12:00 AM;Aug 3, 2018 1:00 AM;-;52.37;52.37;52.37;52.37;52.37;52.37;-;-;52.37;54.04;53.90;52.37;75.00;52.37;53.90
Aug 3, 2018 1:00 AM;Aug 3, 2018 2:00 AM;-;51.14;51.14;51.14;51.14;51.14;51.14;-;-;51.14;50.57;51.01;51.14;70.00;53.90;51.01
Aug 3, 2018 2:00 AM;Aug 3, 2018 3:00 AM;-;49.09;50.29;50.29;49.09;49.09;50.29;-;-;50.29;49.34;48.86;49.09;65.55;49.09;48.86
Aug 3, 2018 3:00 AM;Aug 3, 2018 4:00 AM;-;48.35;49.54;49.54;48.35;48.35;49.54;-;-;49.54;48.05;47.47;48.35;63.99;48.35;47.47
Aug 3, 2018 4:00 AM;Aug 3, 2018 5:00 AM;-;48.47;48.47;49.66;48.47;48.47;49.66;-;-;49.66;48.73;48.61;48.47;63.11;48.47;48.61
Aug 3, 2018 5:00 AM;Aug 3, 2018 6:00 AM;-;49.98;49.98;50.29;49.98;49.98;50.29;-;-;50.29;50.53;51.05;49.98;65.00;49.98;51.05
Aug 3, 2018 6:00 AM;Aug 3, 2018 7:00 AM;-;58.70;58.70;58.70;58.70;58.70;54.29;-;-;57.29;57.32;58.23;58.70;69.06;58.70;58.23
Aug 3, 2018 7:00 AM;Aug 3, 2018 8:00 AM;-;69.80;68.60;75.67;67.76;69.27;54.51;-;-;68.09;67.86;69.49;68.60;68.60;68.60;69.49
Aug 3, 2018 8:00 AM;Aug 3, 2018 9:00 AM;-;71.07;69.98;89.92;69.21;70.57;54.45;-;-;71.70;73.16;73.43;69.98;71.57;69.98;73.43
Aug 3, 2018 9:00 AM;Aug 3, 2018 10:00 AM;-;70.26;70.26;89.99;70.26;70.26;54.50;-;-;71.99;71.04;72.14;70.26;70.26;70.26;72.14
Aug 3, 2018 10:00 AM;Aug 3, 2018 11:00 AM;-;70.46;70.46;89.93;70.46;70.46;54.53;-;-;72.19;70.28;72.04;70.46;75.06;75.06;72.04
Aug 3, 2018 11:00 AM;Aug 3, 2018 12:00 PM;-;70.00;70.00;86.60;70.00;70.00;54.56;-;-;71.72;69.24;72.05;70.00;76.61;76.61;72.05
Aug 3, 2018 12:00 PM;Aug 3, 2018 1:00 PM;-;72.86;65.93;80.07;70.70;70.28;54.65;-;-;67.55;65.23;68.34;65.93;70.70;70.70;68.34
Aug 3, 2018 1:00 PM;Aug 3, 2018 2:00 PM;-;73.79;62.92;80.04;70.41;69.77;54.64;-;-;64.47;63.97;66.74;62.92;71.00;71.00;66.74
Aug 3, 2018 2:00 PM;Aug 3, 2018 3:00 PM;-;74.33;60.38;73.55;70.00;69.13;54.64;-;-;61.86;62.38;65.00;60.38;74.01;74.01;65.00
Aug 3, 2018 3:00 PM;Aug 3, 2018 4:00 PM;-;65.96;61.09;73.39;64.53;64.14;54.48;-;-;62.59;62.39;65.60;61.09;76.00;76.00;65.60
Aug 3, 2018 4:00 PM;Aug 3, 2018 5:00 PM;-;65.92;65.92;72.08;65.92;65.92;54.44;-;-;67.55;63.89;66.60;65.92;76.00;76.00;66.60
Aug 3, 2018 5:00 PM;Aug 3, 2018 6:00 PM;-;69.72;69.72;86.96;69.72;69.72;54.44;-;-;68.07;68.49;71.00;69.72;75.55;75.55;71.00
Aug 3, 2018 6:00 PM;Aug 3, 2018 7:00 PM;-;70.51;70.51;92.02;70.51;70.51;54.45;-;-;68.82;70.75;72.00;70.51;75.55;75.12;72.00
Aug 3, 2018 7:00 PM;Aug 3, 2018 8:00 PM;-;75.49;75.49;89.96;75.49;75.49;54.47;-;-;73.68;71.14;72.34;75.49;76.90;75.49;72.34
Aug 3, 2018 8:00 PM;Aug 3, 2018 9:00 PM;-;70.35;70.35;70.35;70.35;70.35;54.18;-;-;70.35;69.64;71.60;70.35;77.01;70.35;71.60
Aug 3, 2018 9:00 PM;Aug 3, 2018 10:00 PM;-;70.01;70.01;70.01;70.01;70.01;54.30;-;-;70.01;68.36;70.52;70.01;74.70;74.70;70.52
Aug 3, 2018 10:00 PM;Aug 3, 2018 11:00 PM;-;66.98;66.98;66.98;66.98;66.98;54.12;-;-;63.78;65.97;67.23;66.98;69.06;66.98;67.23
Aug 3, 2018 11:00 PM;Aug 4, 2018 12:00 AM;-;58.61;58.61;58.61;58.61;58.61;53.88;-;-;53.88;59.90;59.88;58.61;65.00;62.00;59.88
Aug 4, 2018 12:00 AM;Aug 4, 2018 1:00 AM;-;55.84;55.84;55.84;55.84;55.84;53.72;-;-;53.72;56.24;58.75;55.84;74.01;55.84;58.75
Aug 4, 2018 1:00 AM;Aug 4, 2018 2:00 AM;-;51.51;51.51;51.51;51.51;51.51;51.51;-;-;51.51;51.90;52.70;51.51;70.00;51.51;52.70
Aug 4, 2018 2:00 AM;Aug 4, 2018 3:00 AM;-;49.94;49.94;49.94;49.94;49.94;49.94;-;-;49.94;50.02;50.42;49.94;65.97;49.94;50.42
Aug 4, 2018 3:00 AM;Aug 4, 2018 4:00 AM;-;49.50;49.50;49.50;49.50;49.50;49.50;-;-;49.50;49.41;49.58;49.50;61.61;49.50;49.58
Aug 4, 2018 4:00 AM;Aug 4, 2018 5:00 AM;-;48.75;48.75;48.75;48.75;48.75;48.75;-;-;48.75;48.29;48.40;48.75;61.03;48.75;48.40
Aug 4, 2018 5:00 AM;Aug 4, 2018 6:00 AM;-;48.73;48.73;48.73;48.73;48.73;48.73;-;-;48.73;48.96;48.89;48.73;61.03;48.73;48.89
Aug 4, 2018 6:00 AM;Aug 4, 2018 7:00 AM;-;49.96;49.96;49.96;49.96;49.96;49.96;-;-;49.96;51.04;50.48;49.96;60.25;49.96;50.48
Aug 4, 2018 7:00 AM;Aug 4, 2018 8:00 AM;-;51.84;51.63;51.63;51.51;51.73;51.63;-;-;51.63;54.04;54.97;51.63;61.61;51.63;54.97
Aug 4, 2018 8:00 AM;Aug 4, 2018 9:00 AM;-;54.89;54.89;54.89;54.89;54.89;53.27;-;-;54.89;57.95;59.33;54.89;60.23;54.89;59.33
Aug 4, 2018 9:00 AM;Aug 4, 2018 10:00 AM;-;56.46;56.46;56.46;56.46;56.46;53.89;-;-;56.46;58.06;60.45;56.46;60.00;56.46;60.45
Aug 4, 2018 10:00 AM;Aug 4, 2018 11:00 AM;-;53.79;53.79;53.79;53.79;53.79;53.53;-;-;53.79;56.81;58.56;53.79;59.45;58.04;60.07
Aug 4, 2018 11:00 AM;Aug 4, 2018 12:00 PM;-;51.68;51.68;52.95;51.68;51.68;52.95;-;-;52.95;53.15;55.04;51.68;58.81;58.81;63.22
Aug 4, 2018 12:00 PM;Aug 4, 2018 1:00 PM;-;51.11;51.11;52.37;51.11;51.11;52.37;-;-;52.37;51.68;52.28;51.11;58.25;58.25;60.55
Aug 4, 2018 1:00 PM;Aug 4, 2018 2:00 PM;-;49.33;51.43;51.47;49.33;49.33;51.47;-;-;51.47;49.94;49.82;49.33;57.90;57.90;58.79
Aug 4, 2018 2:00 PM;Aug 4, 2018 3:00 PM;-;46.78;51.24;51.24;46.78;46.78;51.24;-;-;51.24;49.20;49.11;45.65;57.90;57.90;58.07
Aug 4, 2018 3:00 PM;Aug 4, 2018 4:00 PM;-;45.05;51.08;51.08;45.05;45.05;51.08;-;-;51.08;49.10;49.13;45.05;57.90;57.90;57.92
Aug 4, 2018 4:00 PM;Aug 4, 2018 5:00 PM;-;45.10;50.34;51.10;45.10;45.10;51.10;-;-;51.10;49.42;50.50;45.10;59.21;59.21;58.10
Aug 4, 2018 5:00 PM;Aug 4, 2018 6:00 PM;-;49.70;49.70;51.58;49.70;49.70;51.52;-;-;51.58;52.29;53.85;49.70;61.03;60.02;61.00
Aug 4, 2018 6:00 PM;Aug 4, 2018 7:00 PM;-;52.76;52.76;52.76;52.76;52.76;52.76;-;-;52.76;57.82;59.99;52.76;66.15;52.76;60.15
Aug 4, 2018 7:00 PM;Aug 4, 2018 8:00 PM;-;56.26;55.97;56.26;56.26;56.26;53.39;-;-;56.26;58.65;61.00;56.26;70.20;56.26;61.68
Aug 4, 2018 8:00 PM;Aug 4, 2018 9:00 PM;-;54.47;52.93;54.47;54.47;54.47;52.93;-;-;54.47;56.73;58.88;54.47;70.87;54.47;73.99
Aug 4, 2018 9:00 PM;Aug 4, 2018 10:00 PM;-;53.09;52.92;53.09;53.09;53.09;52.85;-;-;53.09;56.61;59.00;53.09;71.94;53.09;65.44
Aug 4, 2018 10:00 PM;Aug 4, 2018 11:00 PM;-;59.95;52.09;52.09;56.57;64.85;52.09;-;-;52.09;55.44;57.09;52.09;68.38;52.09;57.98
Aug 4, 2018 11:00 PM;Aug 5, 2018 12:00 AM;-;49.53;49.53;49.60;49.53;49.53;49.60;-;-;49.60;50.49;51.92;49.53;65.00;49.53;51.92
Aug 5, 2018 12:00 AM;Aug 5, 2018 1:00 AM;-;52.01;50.61;50.61;52.01;52.01;50.61;-;-;50.61;50.53;49.32;52.01;68.50;65.05;49.32
Aug 5, 2018 1:00 AM;Aug 5, 2018 2:00 AM;-;50.03;49.88;49.88;50.03;50.03;49.88;-;-;49.88;47.57;45.00;50.03;64.24;55.10;45.00
Aug 5, 2018 2:00 AM;Aug 5, 2018 3:00 AM;-;49.41;49.41;49.41;49.41;49.41;49.41;-;-;49.41;46.03;43.93;49.41;61.61;55.10;43.93
Aug 5, 2018 3:00 AM;Aug 5, 2018 4:00 AM;-;47.86;47.86;47.86;47.86;47.86;47.86;-;-;47.86;45.74;43.33;47.86;61.61;55.10;43.33
Aug 5, 2018 4:00 AM;Aug 5, 2018 5:00 AM;-;46.58;46.07;46.07;46.37;47.59;46.07;-;-;46.07;45.41;42.50;46.07;61.03;55.10;42.50
Aug 5, 2018 5:00 AM;Aug 5, 2018 6:00 AM;-;45.07;45.07;45.07;45.07;45.07;45.07;-;-;45.07;45.08;42.29;45.07;61.03;45.07;42.29
Aug 5, 2018 6:00 AM;Aug 5, 2018 7:00 AM;-;45.68;45.68;45.68;45.68;45.68;45.68;-;-;45.68;43.89;42.00;45.68;58.62;45.68;42.00
Aug 5, 2018 7:00 AM;Aug 5, 2018 8:00 AM;-;47.44;47.44;47.44;47.44;47.44;47.44;-;-;47.44;45.70;42.70;47.44;56.73;47.44;42.70
Aug 5, 2018 8:00 AM;Aug 5, 2018 9:00 AM;-;49.44;49.44;49.44;49.44;49.44;49.44;-;-;49.44;45.76;43.96;49.44;55.00;55.00;43.96
Aug 5, 2018 9:00 AM;Aug 5, 2018 10:00 AM;-;49.78;49.78;49.78;49.78;49.78;49.78;-;-;49.78;45.75;43.50;49.78;55.53;49.78;43.95
Aug 5, 2018 10:00 AM;Aug 5, 2018 11:00 AM;-;46.09;46.09;49.69;46.09;46.09;49.69;-;-;49.69;44.53;45.60;46.09;59.25;59.25;55.93
Aug 5, 2018 11:00 AM;Aug 5, 2018 12:00 PM;-;45.60;45.60;49.72;45.60;45.60;49.72;-;-;49.72;45.41;45.40;45.60;59.25;59.25;55.92
Aug 5, 2018 12:00 PM;Aug 5, 2018 1:00 PM;-;45.92;45.04;49.46;45.54;47.88;49.46;-;-;49.46;44.61;43.50;45.04;59.25;59.25;53.95
Aug 5, 2018 1:00 PM;Aug 5, 2018 2:00 PM;-;44.85;43.54;49.36;44.28;47.78;49.36;-;-;49.36;41.51;41.00;43.54;57.90;57.90;53.83
Aug 5, 2018 2:00 PM;Aug 5, 2018 3:00 PM;-;44.68;35.85;49.19;44.11;47.61;49.19;-;-;49.19;38.62;39.00;35.85;57.90;57.90;50.09
Aug 5, 2018 3:00 PM;Aug 5, 2018 4:00 PM;-;44.72;43.52;48.05;44.37;46.51;48.05;-;-;48.05;39.04;38.71;43.52;59.04;59.04;50.09
Aug 5, 2018 4:00 PM;Aug 5, 2018 5:00 PM;-;45.32;44.41;48.19;45.06;46.65;48.19;-;-;48.19;43.47;58.65;44.41;61.03;61.03;58.65
Aug 5, 2018 5:00 PM;Aug 5, 2018 6:00 PM;-;49.00;49.00;49.89;49.00;49.00;49.89;-;-;49.89;48.07;48.00;49.00;60.64;60.64;53.58
Aug 5, 2018 6:00 PM;Aug 5, 2018 7:00 PM;-;52.54;52.22;51.65;52.54;52.54;51.33;-;-;51.33;53.40;54.20;52.54;62.66;62.66;57.08
Aug 5, 2018 7:00 PM;Aug 5, 2018 8:00 PM;-;62.03;52.39;52.39;62.03;62.03;52.39;-;-;52.39;59.05;63.10;62.03;68.59;68.59;63.33
Aug 5, 2018 8:00 PM;Aug 5, 2018 9:00 PM;-;64.95;52.91;52.91;64.95;64.95;52.91;-;-;52.91;61.33;65.70;64.95;77.01;77.01;68.04
Aug 5, 2018 9:00 PM;Aug 5, 2018 10:00 PM;-;65.69;53.42;53.42;65.69;65.69;53.42;-;-;53.42;63.48;68.20;65.69;77.29;77.29;70.06
Aug 5, 2018 10:00 PM;Aug 5, 2018 11:00 PM;-;67.59;52.97;52.97;67.59;67.59;52.97;-;-;52.97;62.77;66.50;67.59;70.86;70.86;66.50
Aug 5, 2018 11:00 PM;Aug 6, 2018 12:00 AM;-;63.00;51.51;51.51;63.00;63.00;51.51;-;-;51.51;56.80;58.23;63.00;65.50;65.50;58.23
Aug 6, 2018 12:00 AM;Aug 6, 2018 1:00 AM;-;50.39;50.05;50.05;50.18;50.40;50.05;-;-;50.05;52.01;53.90;50.05;63.71;63.71;53.90
Aug 6, 2018 1:00 AM;Aug 6, 2018 2:00 AM;-;47.99;47.99;47.99;47.99;47.99;47.99;-;-;47.99;49.05;49.31;47.99;62.36;47.99;49.31
Aug 6, 2018 2:00 AM;Aug 6, 2018 3:00 AM;-;47.02;47.02;47.02;47.02;47.02;47.02;-;-;47.02;47.70;47.52;47.02;60.55;47.02;47.52
Aug 6, 2018 3:00 AM;Aug 6, 2018 4:00 AM;-;46.02;46.02;46.02;46.02;46.02;46.02;-;-;46.02;46.29;46.10;46.02;59.46;46.02;46.10
Aug 6, 2018 4:00 AM;Aug 6, 2018 5:00 AM;-;45.08;45.08;45.08;45.08;45.08;45.08;-;-;45.08;47.19;46.70;45.08;59.45;45.08;46.70
Aug 6, 2018 5:00 AM;Aug 6, 2018 6:00 AM;-;47.10;47.10;47.10;47.10;47.10;48.58;-;-;47.10;48.68;49.65;47.10;59.52;47.10;49.65
Aug 6, 2018 6:00 AM;Aug 6, 2018 7:00 AM;-;54.38;54.38;54.38;54.38;54.38;52.91;-;-;52.91;56.69;59.70;54.38;61.00;54.38;59.70
Aug 6, 2018 7:00 AM;Aug 6, 2018 8:00 AM;-;64.94;64.94;64.94;64.94;64.94;53.50;-;-;63.38;64.91;71.97;64.94;64.94;64.94;71.97
Aug 6, 2018 8:00 AM;Aug 6, 2018 9:00 AM;-;68.01;68.01;68.01;68.01;68.01;53.63;-;-;68.01;65.93;66.43;68.01;68.01;68.01;66.43
Aug 6, 2018 9:00 AM;Aug 6, 2018 10:00 AM;-;68.34;68.34;68.34;68.34;68.34;53.72;-;-;68.34;65.12;68.75;68.34;68.34;68.34;68.75
Aug 6, 2018 10:00 AM;Aug 6, 2018 11:00 AM;-;65.94;65.94;65.94;65.94;65.94;53.73;-;-;65.94;65.04;68.00;65.94;65.94;65.94;68.00
Aug 6, 2018 11:00 AM;Aug 6, 2018 12:00 PM;-;64.45;64.45;64.45;64.45;64.45;53.73;-;-;64.45;64.91;69.29;64.45;64.45;64.45;69.29
Aug 6, 2018 12:00 PM;Aug 6, 2018 1:00 PM;-;62.36;62.36;62.36;62.36;62.36;53.72;-;-;62.36;63.34;69.91;62.36;62.36;62.36;69.91
Aug 6, 2018 1:00 PM;Aug 6, 2018 2:00 PM;-;59.72;59.72;59.72;59.72;59.72;53.70;-;-;59.72;62.32;68.00;59.72;62.36;62.36;68.00
Aug 6, 2018 2:00 PM;Aug 6, 2018 3:00 PM;-;60.42;60.42;60.42;60.42;60.42;53.70;-;-;60.42;61.82;65.99;60.42;62.41;62.41;65.99
Aug 6, 2018 3:00 PM;Aug 6, 2018 4:00 PM;-;63.06;63.06;63.06;63.06;63.06;53.62;-;-;63.06;62.11;66.60;63.06;64.45;64.45;66.60
Aug 6, 2018 4:00 PM;Aug 6, 2018 5:00 PM;-;66.99;66.99;66.99;66.99;66.99;53.60;-;-;66.99;65.22;70.00;66.99;69.12;69.12;70.00
Aug 6, 2018 5:00 PM;Aug 6, 2018 6:00 PM;-;71.71;71.71;71.71;71.71;71.71;53.57;-;-;71.71;70.49;71.94;71.71;71.91;71.91;71.94
Aug 6, 2018 6:00 PM;Aug 6, 2018 7:00 PM;-;79.92;76.42;76.42;74.02;78.12;53.55;-;-;74.58;74.65;76.19;76.42;76.42;76.42;76.19
Aug 6, 2018 7:00 PM;Aug 6, 2018 8:00 PM;-;95.69;85.96;85.96;79.31;90.67;53.54;-;-;78.08;79.68;79.40;85.96;79.31;79.31;79.40
Aug 6, 2018 8:00 PM;Aug 6, 2018 9:00 PM;-;87.10;79.19;79.19;73.79;82.93;53.55;-;-;77.29;78.21;79.98;79.19;79.19;79.19;79.98
Aug 6, 2018 9:00 PM;Aug 6, 2018 10:00 PM;-;74.82;74.82;74.82;74.82;74.82;53.68;-;-;74.82;75.21;78.17;74.82;74.82;74.82;78.17
Aug 6, 2018 10:00 PM;Aug 6, 2018 11:00 PM;-;71.61;71.61;71.61;71.61;71.61;53.74;-;-;69.89;69.46;69.15;71.61;71.61;71.61;69.15
Aug 6, 2018 11:00 PM;Aug 7, 2018 12:00 AM;-;67.41;63.05;63.05;66.00;65.61;53.65;-;-;55.63;59.37;59.53;63.05;66.00;66.00;59.53
Aug 7, 2018 12:00 AM;Aug 7, 2018 1:00 AM;-;58.11;58.11;58.11;58.11;58.11;53.29;-;-;53.29;54.28;55.00;58.11;67.84;58.11;55.00
Aug 7, 2018 1:00 AM;Aug 7, 2018 2:00 AM;-;52.42;52.42;52.42;52.42;52.42;52.06;-;-;52.06;51.77;50.99;52.42;65.44;52.42;50.99
Aug 7, 2018 2:00 AM;Aug 7, 2018 3:00 AM;-;51.01;51.01;51.01;51.01;51.01;51.01;-;-;51.01;49.91;49.36;51.01;62.46;51.01;49.36
Aug 7, 2018 3:00 AM;Aug 7, 2018 4:00 AM;-;49.75;49.75;49.75;49.75;49.75;49.75;-;-;49.75;48.85;48.40;49.75;61.59;51.90;48.40
Aug 7, 2018 4:00 AM;Aug 7, 2018 5:00 AM;-;49.53;49.53;49.53;49.53;49.53;49.53;-;-;49.53;48.28;48.00;49.53;60.55;49.53;48.00
Aug 7, 2018 5:00 AM;Aug 7, 2018 6:00 AM;-;51.51;51.51;51.51;51.51;51.51;51.51;-;-;51.51;50.64;50.14;51.51;62.36;51.90;50.14
Aug 7, 2018 6:00 AM;Aug 7, 2018 7:00 AM;-;57.99;57.99;57.99;57.99;57.99;53.25;-;-;56.60;57.81;60.00;57.99;62.00;57.99;60.00
Aug 7, 2018 7:00 AM;Aug 7, 2018 8:00 AM;-;75.14;68.85;68.85;64.45;72.00;52.78;-;-;68.85;65.69;67.98;68.85;64.45;64.45;67.98
Aug 7, 2018 8:00 AM;Aug 7, 2018 9:00 AM;-;78.23;71.73;72.52;66.80;75.00;52.86;-;-;72.52;68.32;69.82;71.73;66.80;66.80;69.82
Aug 7, 2018 9:00 AM;Aug 7, 2018 10:00 AM;-;71.03;70.68;72.42;70.44;70.86;52.89;-;-;72.42;67.98;69.87;70.68;70.44;70.44;69.87
Aug 7, 2018 10:00 AM;Aug 7, 2018 11:00 AM;-;69.00;69.00;70.70;69.00;69.00;52.92;-;-;70.70;67.17;68.14;69.00;69.00;69.00;68.14
Aug 7, 2018 11:00 AM;Aug 7, 2018 12:00 PM;-;67.94;67.94;69.61;67.94;67.94;52.92;-;-;69.61;66.19;67.50;67.94;67.94;67.94;67.96
Aug 7, 2018 12:00 PM;Aug 7, 2018 1:00 PM;-;66.92;66.92;68.56;66.92;66.92;52.90;-;-;68.56;64.96;66.25;66.92;66.92;66.92;66.72
Aug 7, 2018 1:00 PM;Aug 7, 2018 2:00 PM;-;65.75;65.75;67.36;65.75;65.75;52.90;-;-;67.36;63.90;65.05;65.75;65.75;65.75;66.22
Aug 7, 2018 2:00 PM;Aug 7, 2018 3:00 PM;-;66.11;66.11;67.73;66.11;66.11;52.89;-;-;67.73;63.13;64.00;66.11;66.11;66.11;65.94
Aug 7, 2018 3:00 PM;Aug 7, 2018 4:00 PM;-;66.99;66.99;68.63;66.99;66.99;52.88;-;-;68.63;64.17;65.40;66.99;66.99;66.99;66.37
Aug 7, 2018 4:00 PM;Aug 7, 2018 5:00 PM;-;71.87;69.12;69.12;67.19;70.51;52.86;-;-;69.12;67.32;68.45;69.12;69.12;69.12;69.83
Aug 7, 2018 5:00 PM;Aug 7, 2018 6:00 PM;-;77.62;72.59;72.59;69.00;74.99;52.83;-;-;72.59;70.05;72.50;72.59;72.00;72.00;72.64
Aug 7, 2018 6:00 PM;Aug 7, 2018 7:00 PM;-;81.43;77.87;77.87;75.42;79.59;52.95;-;-;76.00;73.54;74.84;77.87;77.87;77.87;74.84
Aug 7, 2018 7:00 PM;Aug 7, 2018 8:00 PM;-;81.08;79.96;79.96;75.05;80.95;52.97;-;-;78.04;76.61;80.78;79.96;79.96;79.96;80.78
Aug 7, 2018 8:00 PM;Aug 7, 2018 9:00 PM;-;79.10;78.28;78.28;67.33;79.79;52.96;-;-;73.06;71.04;72.91;78.28;79.00;78.28;75.58
Aug 7, 2018 9:00 PM;Aug 7, 2018 10:00 PM;-;73.42;70.20;70.20;67.99;71.75;53.17;-;-;66.02;69.27;70.80;70.20;76.00;70.20;70.97
Aug 7, 2018 10:00 PM;Aug 7, 2018 11:00 PM;-;66.91;66.91;66.91;66.91;66.91;53.02;-;-;56.06;66.10;67.17;66.91;67.48;66.91;67.17
Aug 7, 2018 11:00 PM;Aug 8, 2018 12:00 AM;-;58.94;53.04;53.04;57.08;56.51;51.97;-;-;51.97;55.81;56.23;53.04;64.45;64.45;58.35
Aug 8, 2018 12:00 AM;Aug 8, 2018 1:00 AM;-;47.77;47.77;47.77;47.77;47.77;49.35;-;-;49.35;49.28;49.50;47.77;69.50;47.77;49.72
Aug 8, 2018 1:00 AM;Aug 8, 2018 2:00 AM;-;46.41;46.41;46.41;46.41;46.41;47.55;-;-;47.55;46.77;46.11;46.41;65.50;46.41;46.11
Aug 8, 2018 2:00 AM;Aug 8, 2018 3:00 AM;-;45.49;45.49;45.49;45.49;45.49;46.61;-;-;46.61;45.89;45.09;45.49;64.45;45.49;45.09
Aug 8, 2018 3:00 AM;Aug 8, 2018 4:00 AM;-;43.90;43.90;43.90;43.90;43.90;43.90;-;-;43.90;44.92;44.62;43.90;62.46;43.90;44.62
Aug 8, 2018 4:00 AM;Aug 8, 2018 5:00 AM;-;43.90;43.90;43.90;43.90;43.90;43.90;-;-;43.90;44.66;44.57;43.90;62.36;43.90;44.57
Aug 8, 2018 5:00 AM;Aug 8, 2018 6:00 AM;-;46.66;46.66;46.66;46.66;46.66;47.80;-;-;47.80;46.24;46.18;46.66;64.45;46.66;46.18
Aug 8, 2018 6:00 AM;Aug 8, 2018 7:00 AM;-;51.15;51.15;51.15;51.15;51.15;51.15;-;-;51.15;50.54;50.97;51.15;64.45;55.50;50.97
Aug 8, 2018 7:00 AM;Aug 8, 2018 8:00 AM;-;58.71;58.71;58.71;58.71;58.71;52.91;-;-;57.30;60.81;61.69;58.71;67.84;67.84;61.69
Aug 8, 2018 8:00 AM;Aug 8, 2018 9:00 AM;-;65.06;65.06;65.06;65.06;65.06;52.90;-;-;63.50;63.77;65.00;65.06;68.02;68.02;65.00
Aug 8, 2018 9:00 AM;Aug 8, 2018 10:00 AM;-;65.04;65.04;65.04;65.04;65.04;52.86;-;-;65.04;64.32;65.05;65.04;67.84;67.84;66.86
Aug 8, 2018 10:00 AM;Aug 8, 2018 11:00 AM;-;59.12;59.12;59.12;59.12;59.12;52.93;-;-;59.12;61.90;61.97;59.12;67.84;67.84;66.45
Aug 8, 2018 11:00 AM;Aug 8, 2018 12:00 PM;-;55.79;55.79;55.79;55.79;55.79;52.95;-;-;55.79;59.78;59.70;55.79;68.05;68.05;65.92
Aug 8, 2018 12:00 PM;Aug 8, 2018 1:00 PM;-;58.54;50.54;52.62;56.26;55.52;52.62;-;-;52.62;55.55;55.20;50.54;67.84;67.84;65.93
Aug 8, 2018 1:00 PM;Aug 8, 2018 2:00 PM;-;55.99;52.23;52.23;53.47;52.31;52.23;-;-;52.23;53.87;52.30;46.90;69.00;69.00;65.92
Aug 8, 2018 2:00 PM;Aug 8, 2018 3:00 PM;-;50.20;50.56;51.55;49.99;49.90;51.55;-;-;51.55;54.01;52.40;49.44;70.59;70.59;65.90
Aug 8, 2018 3:00 PM;Aug 8, 2018 4:00 PM;-;50.97;50.97;52.13;50.97;50.97;52.13;-;-;52.13;56.06;56.60;50.97;71.05;71.05;64.75
Aug 8, 2018 4:00 PM;Aug 8, 2018 5:00 PM;-;54.56;54.56;54.56;54.56;54.56;52.82;-;-;54.56;59.26;60.62;54.56;74.57;74.57;66.06
Aug 8, 2018 5:00 PM;Aug 8, 2018 6:00 PM;-;62.96;54.33;62.96;62.96;62.96;52.93;-;-;62.96;64.53;65.05;62.96;76.05;76.05;67.45
Aug 8, 2018 6:00 PM;Aug 8, 2018 7:00 PM;-;65.70;53.14;65.70;65.70;65.70;52.97;-;-;64.63;66.81;67.30;65.70;82.47;65.70;69.19
Aug 8, 2018 7:00 PM;Aug 8, 2018 8:00 PM;-;66.59;52.86;67.85;65.67;67.70;52.86;-;-;66.23;68.32;71.00;67.85;84.43;67.85;71.09
Aug 8, 2018 8:00 PM;Aug 8, 2018 9:00 PM;-;66.86;66.67;67.68;66.41;67.49;52.36;-;-;66.06;66.89;70.85;67.68;86.18;67.68;72.75
Aug 8, 2018 9:00 PM;Aug 8, 2018 10:00 PM;-;68.00;68.00;68.00;68.00;68.00;52.46;-;-;62.78;66.90;69.00;68.00;79.96;79.96;69.00
Aug 8, 2018 10:00 PM;Aug 8, 2018 11:00 PM;-;68.01;68.01;68.01;68.01;68.01;52.24;-;-;52.24;65.60;66.73;68.01;75.94;75.94;67.05
Aug 8, 2018 11:00 PM;Aug 9, 2018 12:00 AM;-;64.97;64.97;64.97;64.97;64.97;52.09;-;-;50.07;57.60;58.93;64.97;65.44;65.44;59.05
Aug 9, 2018 12:00 AM;Aug 9, 2018 1:00 AM;-;50.57;50.57;50.57;50.57;50.57;49.94;-;-;49.36;52.43;52.00;50.57;64.00;50.57;52.00
Aug 9, 2018 1:00 AM;Aug 9, 2018 2:00 AM;-;47.47;47.47;47.47;47.47;47.47;48.11;-;-;46.33;50.52;49.33;47.47;62.46;47.47;49.33
Aug 9, 2018 2:00 AM;Aug 9, 2018 3:00 AM;-;46.14;46.14;46.14;46.14;46.14;46.14;-;-;45.04;49.45;48.50;46.14;59.95;46.14;48.50
Aug 9, 2018 3:00 AM;Aug 9, 2018 4:00 AM;-;45.07;45.07;45.07;45.07;45.07;45.07;-;-;43.99;47.80;47.10;45.07;58.79;45.07;47.10
Aug 9, 2018 4:00 AM;Aug 9, 2018 5:00 AM;-;45.50;45.08;45.08;44.80;45.29;45.49;-;-;44.00;47.47;47.22;45.08;58.77;45.08;47.22
Aug 9, 2018 5:00 AM;Aug 9, 2018 6:00 AM;-;50.19;47.76;47.76;46.13;48.97;49.80;-;-;46.61;49.46;49.80;47.76;61.55;47.76;49.80
Aug 9, 2018 6:00 AM;Aug 9, 2018 7:00 AM;-;60.49;55.50;55.50;52.05;58.01;52.06;-;-;51.21;55.40;56.00;55.50;59.95;55.50;56.00
Aug 9, 2018 7:00 AM;Aug 9, 2018 8:00 AM;-;67.01;64.11;64.11;62.14;65.58;52.17;-;-;62.79;64.03;64.20;64.11;62.49;64.11;64.20
Aug 9, 2018 8:00 AM;Aug 9, 2018 9:00 AM;-;66.83;65.08;65.08;63.90;65.99;52.67;-;-;65.08;66.53;69.23;65.08;63.90;63.90;69.23
Aug 9, 2018 9:00 AM;Aug 9, 2018 10:00 AM;-;64.88;64.88;64.88;64.88;64.88;52.75;-;-;64.88;66.49;68.90;64.88;64.88;64.88;68.90
Aug 9, 2018 10:00 AM;Aug 9, 2018 11:00 AM;-;64.67;64.67;66.26;64.67;64.67;52.77;-;-;66.26;65.28;66.20;64.67;64.67;64.67;66.64
Aug 9, 2018 11:00 AM;Aug 9, 2018 12:00 PM;-;64.59;64.59;66.18;64.59;64.59;52.74;-;-;66.18;64.95;65.50;64.59;64.59;64.59;66.57
Aug 9, 2018 12:00 PM;Aug 9, 2018 1:00 PM;-;62.77;62.77;64.31;62.77;62.77;52.76;-;-;64.31;62.16;64.80;62.77;62.77;62.77;65.95
Aug 9, 2018 1:00 PM;Aug 9, 2018 2:00 PM;-;60.00;60.00;61.48;60.00;60.00;52.74;-;-;61.48;60.09;63.00;60.00;62.00;62.00;65.92
Aug 9, 2018 2:00 PM;Aug 9, 2018 3:00 PM;-;57.56;57.56;58.98;57.56;57.56;52.74;-;-;58.98;57.38;60.30;57.56;62.36;62.36;63.94
Aug 9, 2018 3:00 PM;Aug 9, 2018 4:00 PM;-;56.03;56.03;57.41;56.03;56.03;52.64;-;-;57.41;57.80;58.96;56.03;63.58;63.58;63.93
Aug 9, 2018 4:00 PM;Aug 9, 2018 5:00 PM;-;54.39;54.39;55.73;54.39;54.39;52.65;-;-;55.73;58.83;59.92;54.39;65.10;65.10;62.63
Aug 9, 2018 5:00 PM;Aug 9, 2018 6:00 PM;-;56.54;56.54;57.93;56.54;56.54;52.65;-;-;57.93;60.72;64.00;56.54;66.33;66.33;64.36
Aug 9, 2018 6:00 PM;Aug 9, 2018 7:00 PM;-;58.76;58.76;58.76;58.76;58.76;52.67;-;-;58.76;62.05;63.34;58.76;69.09;68.40;65.89
Aug 9, 2018 7:00 PM;Aug 9, 2018 8:00 PM;-;56.90;56.90;56.90;56.90;56.90;52.66;-;-;56.90;61.04;62.90;56.90;72.87;56.90;66.22
Aug 9, 2018 8:00 PM;Aug 9, 2018 9:00 PM;-;52.36;52.36;52.36;52.36;52.36;52.24;-;-;52.36;58.19;59.00;52.36;73.00;68.40;69.72
Aug 9, 2018 9:00 PM;Aug 9, 2018 10:00 PM;-;50.00;51.30;51.41;50.00;50.00;51.41;-;-;51.41;55.03;57.01;50.00;69.09;69.09;70.90
Aug 9, 2018 10:00 PM;Aug 9, 2018 11:00 PM;-;49.54;49.54;49.54;49.54;49.54;49.54;-;-;49.54;50.71;50.80;49.54;63.49;59.17;59.32
Aug 9, 2018 11:00 PM;Aug 10, 2018 12:00 AM;-;45.78;47.29;47.29;45.78;45.78;47.29;-;-;47.29;45.98;44.01;45.78;62.36;62.36;57.30
Aug 10, 2018 12:00 AM;Aug 10, 2018 1:00 AM;-;38.96;32.68;32.68;36.29;43.40;44.84;-;-;44.84;36.00;26.59;32.68;68.50;68.50;55.34
Aug 10, 2018 1:00 AM;Aug 10, 2018 2:00 AM;-;36.67;24.40;24.40;31.43;43.61;42.22;-;-;42.22;31.35;24.14;24.40;64.49;64.49;40.01
Aug 10, 2018 2:00 AM;Aug 10, 2018 3:00 AM;-;41.67;18.68;18.68;31.37;41.67;41.10;-;-;41.10;28.56;19.24;18.68;61.00;52.00;24.77
Aug 10, 2018 3:00 AM;Aug 10, 2018 4:00 AM;-;32.58;18.43;18.43;24.91;39.38;40.68;-;-;40.68;27.23;14.99;18.43;58.50;43.10;17.66
Aug 10, 2018 4:00 AM;Aug 10, 2018 5:00 AM;-;33.74;18.49;18.49;25.39;40.09;38.81;-;-;38.81;25.40;16.00;18.49;58.50;52.00;21.04
Aug 10, 2018 5:00 AM;Aug 10, 2018 6:00 AM;-;36.90;29.40;29.40;32.90;41.25;39.93;-;-;39.93;31.70;23.55;29.40;61.64;61.64;31.41
Aug 10, 2018 6:00 AM;Aug 10, 2018 7:00 AM;-;48.03;43.81;43.81;46.08;48.03;46.49;-;-;47.79;37.82;38.09;43.81;63.50;63.50;47.04
Aug 10, 2018 7:00 AM;Aug 10, 2018 8:00 AM;-;51.33;49.69;49.69;50.62;51.33;49.69;-;-;49.69;45.86;47.54;49.69;69.10;69.10;61.99
Aug 10, 2018 8:00 AM;Aug 10, 2018 9:00 AM;-;54.45;51.43;51.43;53.47;54.83;51.43;-;-;51.43;46.48;56.00;52.02;69.25;69.25;63.94
Aug 10, 2018 9:00 AM;Aug 10, 2018 10:00 AM;-;53.01;51.58;51.58;52.91;53.29;51.58;-;-;51.58;46.54;47.97;52.77;69.25;72.68;65.91
Aug 10, 2018 10:00 AM;Aug 10, 2018 11:00 AM;-;51.78;51.08;51.08;51.50;52.77;51.08;-;-;51.08;45.75;55.00;51.08;69.23;100.05;66.43
Aug 10, 2018 11:00 AM;Aug 10, 2018 12:00 PM;-;50.60;50.60;50.60;50.60;50.60;50.60;-;-;50.60;46.17;60.00;50.60;68.76;89.35;67.19
Aug 10, 2018 12:00 PM;Aug 10, 2018 1:00 PM;-;48.66;48.66;48.66;48.66;48.66;48.66;-;-;48.66;45.47;62.00;48.66;68.00;75.05;71.08
Aug 10, 2018 1:00 PM;Aug 10, 2018 2:00 PM;-;45.55;45.55;47.58;45.55;45.55;45.55;-;-;47.58;44.24;58.80;45.55;65.16;77.09;69.32
Aug 10, 2018 2:00 PM;Aug 10, 2018 3:00 PM;-;44.05;44.05;46.87;44.05;44.05;44.36;-;-;46.87;44.67;56.00;44.05;67.74;100.01;65.98
Aug 10, 2018 3:00 PM;Aug 10, 2018 4:00 PM;-;44.70;44.70;46.18;44.70;44.70;46.18;-;-;46.18;43.91;57.20;44.70;65.43;100.02;65.99
Aug 10, 2018 4:00 PM;Aug 10, 2018 5:00 PM;-;48.04;48.04;48.04;48.04;48.04;48.04;-;-;48.04;44.13;54.00;48.04;65.66;69.10;67.01
Aug 10, 2018 5:00 PM;Aug 10, 2018 6:00 PM;-;50.40;51.69;51.69;49.23;52.18;50.51;-;-;51.69;48.30;53.00;52.96;66.27;66.27;65.97
Aug 10, 2018 6:00 PM;Aug 10, 2018 7:00 PM;-;59.36;51.20;51.20;59.36;59.36;50.98;-;-;50.98;54.16;56.34;59.36;67.26;67.26;68.84
Aug 10, 2018 7:00 PM;Aug 10, 2018 8:00 PM;-;61.95;51.17;51.17;61.95;61.95;51.10;-;-;51.10;57.65;59.93;61.95;68.99;68.99;67.23
Aug 10, 2018 8:00 PM;Aug 10, 2018 9:00 PM;-;58.50;50.39;50.39;57.15;60.57;50.39;-;-;50.39;57.55;60.09;61.50;66.24;66.24;73.04
Aug 10, 2018 9:00 PM;Aug 10, 2018 10:00 PM;-;59.79;51.09;51.09;58.45;59.38;51.09;-;-;51.09;57.02;59.51;58.99;68.99;68.99;71.64
Aug 10, 2018 10:00 PM;Aug 10, 2018 11:00 PM;-;57.00;51.11;51.11;57.00;57.00;51.11;-;-;49.76;55.64;57.00;57.00;64.49;64.49;67.54
Aug 10, 2018 11:00 PM;Aug 11, 2018 12:00 AM;-;53.79;50.52;50.52;53.79;53.79;50.52;-;-;48.25;51.46;52.01;53.79;62.79;62.79;61.90
Aug 11, 2018 12:00 AM;Aug 11, 2018 1:00 AM;-;49.43;49.43;49.43;49.43;49.43;49.42;-;-;48.24;50.13;50.12;49.43;62.00;49.43;50.77
Aug 11, 2018 1:00 AM;Aug 11, 2018 2:00 AM;-;45.80;45.80;45.80;45.80;45.80;45.81;-;-;45.80;47.01;46.70;45.80;58.81;45.80;46.70
Aug 11, 2018 2:00 AM;Aug 11, 2018 3:00 AM;-;44.02;44.02;44.02;44.02;44.02;44.02;-;-;44.02;44.54;44.59;44.02;58.37;44.02;44.59
Aug 11, 2018 3:00 AM;Aug 11, 2018 4:00 AM;-;41.39;41.39;41.39;41.39;41.39;41.39;-;-;41.39;42.95;42.99;41.39;58.00;43.00;42.99
Aug 11, 2018 4:00 AM;Aug 11, 2018 5:00 AM;-;40.64;40.64;40.64;40.64;40.64;40.64;-;-;40.64;42.04;42.09;40.64;58.00;43.00;42.09
Aug 11, 2018 5:00 AM;Aug 11, 2018 6:00 AM;-;41.01;41.01;41.01;41.01;41.01;41.01;-;-;41.01;42.66;42.70;41.01;57.37;41.01;42.70
Aug 11, 2018 6:00 AM;Aug 11, 2018 7:00 AM;-;41.52;41.52;41.52;41.52;41.52;41.52;-;-;41.52;44.06;43.00;41.52;57.98;41.52;43.00
Aug 11, 2018 7:00 AM;Aug 11, 2018 8:00 AM;-;44.22;44.22;44.22;44.22;44.22;44.22;-;-;44.22;45.54;45.09;44.22;56.00;47.00;49.89
Aug 11, 2018 8:00 AM;Aug 11, 2018 9:00 AM;-;47.97;47.97;47.97;47.97;47.97;47.97;-;-;47.97;47.28;46.21;47.97;55.07;53.91;49.32
Aug 11, 2018 9:00 AM;Aug 11, 2018 10:00 AM;-;47.63;48.48;48.48;47.63;47.63;48.48;-;-;48.48;47.66;46.40;47.63;55.05;55.05;55.84
Aug 11, 2018 10:00 AM;Aug 11, 2018 11:00 AM;-;45.02;48.46;48.46;45.02;45.02;48.46;-;-;48.46;45.84;41.60;45.02;55.00;55.00;55.74
Aug 11, 2018 11:00 AM;Aug 11, 2018 12:00 PM;-;47.00;48.56;48.56;47.00;47.00;48.56;-;-;48.56;45.15;38.01;42.04;53.04;53.04;55.41
Aug 11, 2018 12:00 PM;Aug 11, 2018 1:00 PM;-;48.19;48.76;48.76;48.19;48.19;48.76;-;-;48.76;45.36;32.50;37.44;50.99;50.99;54.92
Aug 11, 2018 1:00 PM;Aug 11, 2018 2:00 PM;-;46.80;48.43;48.43;46.78;46.88;48.43;-;-;48.43;42.86;29.50;27.62;48.64;48.64;53.52
Aug 11, 2018 2:00 PM;Aug 11, 2018 3:00 PM;-;43.80;34.35;47.97;43.57;44.90;47.97;-;-;47.97;41.03;28.20;23.44;48.64;48.64;53.04
Aug 11, 2018 3:00 PM;Aug 11, 2018 4:00 PM;-;42.70;28.19;47.08;42.61;43.10;47.08;-;-;47.08;40.97;30.15;28.19;51.24;51.24;53.56
Aug 11, 2018 4:00 PM;Aug 11, 2018 5:00 PM;-;42.81;33.89;48.07;41.68;44.68;48.07;-;-;48.07;40.84;33.71;33.89;54.99;54.99;55.42
Aug 11, 2018 5:00 PM;Aug 11, 2018 6:00 PM;-;51.40;41.09;48.74;47.01;54.82;48.74;-;-;48.74;44.80;40.71;41.09;58.98;58.98;58.01
Aug 11, 2018 6:00 PM;Aug 11, 2018 7:00 PM;-;50.85;49.60;49.60;50.32;51.24;49.60;-;-;49.60;49.06;47.78;49.60;60.01;60.01;59.19
Aug 11, 2018 7:00 PM;Aug 11, 2018 8:00 PM;-;57.98;57.98;57.98;57.98;57.98;50.78;-;-;50.78;53.77;54.00;57.98;62.00;62.00;61.82
Aug 11, 2018 8:00 PM;Aug 11, 2018 9:00 PM;-;58.92;51.43;51.43;58.92;58.92;50.98;-;-;50.98;55.53;55.50;58.92;64.49;64.49;68.71
Aug 11, 2018 9:00 PM;Aug 11, 2018 10:00 PM;-;60.62;51.17;51.17;60.58;60.65;51.17;-;-;51.17;57.21;56.70;60.53;66.46;60.53;68.00
Aug 11, 2018 10:00 PM;Aug 11, 2018 11:00 PM;-;61.39;50.20;50.20;61.14;61.63;50.20;-;-;50.20;57.16;56.10;60.68;61.14;60.68;57.12
Aug 11, 2018 11:00 PM;Aug 12, 2018 12:00 AM;-;58.39;49.38;49.38;58.39;58.39;49.38;-;-;49.38;52.07;51.58;58.39;58.98;58.39;51.58
Aug 12, 2018 12:00 AM;Aug 12, 2018 1:00 AM;-;48.22;47.06;47.06;48.22;48.22;47.06;-;-;47.06;51.48;50.00;48.22;62.00;48.22;50.00
Aug 12, 2018 1:00 AM;Aug 12, 2018 2:00 AM;-;45.00;44.50;44.50;45.00;45.00;44.50;-;-;44.50;48.29;46.60;45.00;58.37;50.42;46.60
Aug 12, 2018 2:00 AM;Aug 12, 2018 3:00 AM;-;42.80;42.80;42.80;42.80;42.80;42.80;-;-;42.80;46.40;44.94;42.80;57.51;44.99;44.94
Aug 12, 2018 3:00 AM;Aug 12, 2018 4:00 AM;-;42.05;42.05;42.05;42.05;42.05;42.05;-;-;42.05;44.76;43.60;42.05;57.51;42.05;43.60
Aug 12, 2018 4:00 AM;Aug 12, 2018 5:00 AM;-;40.99;40.99;40.99;40.99;40.99;40.99;-;-;40.99;43.97;42.45;40.99;58.37;40.99;42.45
Aug 12, 2018 5:00 AM;Aug 12, 2018 6:00 AM;-;40.93;40.93;40.93;40.93;40.93;40.93;-;-;40.93;44.30;42.40;40.93;59.00;40.93;42.40
Aug 12, 2018 6:00 AM;Aug 12, 2018 7:00 AM;-;41.47;41.47;41.47;41.47;41.47;41.47;-;-;41.47;44.41;42.01;41.47;57.49;41.47;42.01
Aug 12, 2018 7:00 AM;Aug 12, 2018 8:00 AM;-;40.97;40.97;40.97;40.97;40.97;40.97;-;-;40.97;44.43;43.31;40.97;56.08;40.97;43.31
Aug 12, 2018 8:00 AM;Aug 12, 2018 9:00 AM;-;41.10;42.11;42.11;41.10;41.10;42.11;-;-;42.11;44.97;44.30;41.10;54.00;54.00;44.95
Aug 12, 2018 9:00 AM;Aug 12, 2018 10:00 AM;-;39.90;43.89;43.89;39.90;39.90;43.89;-;-;43.89;45.06;45.21;39.90;58.00;58.00;46.53
Aug 12, 2018 10:00 AM;Aug 12, 2018 11:00 AM;-;36.47;44.54;44.54;35.84;39.60;44.54;-;-;44.54;43.50;44.34;35.07;59.47;52.31;49.07
Aug 12, 2018 11:00 AM;Aug 12, 2018 12:00 PM;-;36.17;45.02;45.02;35.49;39.60;45.02;-;-;45.02;43.85;44.40;34.65;60.17;59.01;49.98
Aug 12, 2018 12:00 PM;Aug 12, 2018 1:00 PM;-;35.69;45.02;45.02;34.52;41.50;45.02;-;-;45.02;42.14;43.04;33.11;59.46;59.01;49.98
Aug 12, 2018 1:00 PM;Aug 12, 2018 2:00 PM;-;30.63;44.43;44.43;29.27;37.40;44.43;-;-;44.43;38.69;41.93;27.62;58.12;58.00;49.09
Aug 12, 2018 2:00 PM;Aug 12, 2018 3:00 PM;-;26.78;44.41;44.41;24.60;38.00;44.41;-;-;44.41;33.26;38.76;21.96;58.37;49.09;49.06
Aug 12, 2018 3:00 PM;Aug 12, 2018 4:00 PM;-;28.57;45.09;45.09;26.87;37.00;45.09;-;-;45.09;34.53;43.35;24.83;59.00;49.85;49.08
Aug 12, 2018 4:00 PM;Aug 12, 2018 5:00 PM;-;32.37;45.87;45.87;30.08;44.40;45.87;-;-;45.87;42.21;44.36;27.33;60.55;60.55;53.04
Aug 12, 2018 5:00 PM;Aug 12, 2018 6:00 PM;-;42.56;45.84;47.45;42.56;42.56;47.45;-;-;47.45;47.74;48.36;42.56;62.00;62.00;49.76
Aug 12, 2018 6:00 PM;Aug 12, 2018 7:00 PM;-;51.19;51.19;51.19;51.19;51.19;49.58;-;-;49.58;54.34;54.96;51.19;62.36;62.36;54.96
Aug 12, 2018 7:00 PM;Aug 12, 2018 8:00 PM;-;57.55;57.55;57.55;57.55;57.55;50.67;-;-;50.67;61.05;62.52;57.55;65.55;59.15;62.52
Aug 12, 2018 8:00 PM;Aug 12, 2018 9:00 PM;-;61.35;61.35;61.35;61.35;61.35;50.71;-;-;51.80;61.36;63.34;61.35;69.27;61.35;64.32
Aug 12, 2018 9:00 PM;Aug 12, 2018 10:00 PM;-;63.02;63.02;63.02;63.02;63.02;50.74;-;-;54.96;61.83;64.00;63.02;69.55;63.02;64.00
Aug 12, 2018 10:00 PM;Aug 12, 2018 11:00 PM;-;62.10;62.10;62.10;62.10;62.10;50.43;-;-;50.43;61.57;63.06;62.10;66.46;62.10;63.06
Aug 12, 2018 11:00 PM;Aug 13, 2018 12:00 AM;-;57.73;57.73;57.73;57.73;57.73;49.45;-;-;49.45;56.60;57.95;57.73;62.96;57.73;57.95
Aug 13, 2018 12:00 AM;Aug 13, 2018 1:00 AM;-;50.60;50.60;50.60;50.60;50.60;49.06;-;-;49.06;48.97;49.65;50.60;64.01;50.60;51.54
Aug 13, 2018 1:00 AM;Aug 13, 2018 2:00 AM;-;47.08;47.08;47.08;47.08;47.08;47.08;-;-;47.08;44.31;44.50;47.08;62.82;47.08;44.50
Aug 13, 2018 2:00 AM;Aug 13, 2018 3:00 AM;-;44.97;44.97;44.97;44.97;44.97;44.97;-;-;44.97;42.74;43.98;44.97;60.02;44.97;43.98
Aug 13, 2018 3:00 AM;Aug 13, 2018 4:00 AM;-;44.18;44.18;44.18;44.18;44.18;44.18;-;-;44.18;41.52;42.76;44.18;59.42;44.18;42.76
Aug 13, 2018 4:00 AM;Aug 13, 2018 5:00 AM;-;44.06;44.06;44.06;44.06;44.06;44.06;-;-;44.06;41.69;42.81;44.06;58.49;44.06;42.81
Aug 13, 2018 5:00 AM;Aug 13, 2018 6:00 AM;-;47.26;47.26;47.26;47.26;47.26;47.26;-;-;47.26;44.79;46.73;47.26;59.42;47.26;46.73
Aug 13, 2018 6:00 AM;Aug 13, 2018 7:00 AM;-;53.69;53.69;53.69;53.69;53.69;49.78;-;-;53.69;50.55;53.40;53.69;59.08;53.69;53.40
Aug 13, 2018 7:00 AM;Aug 13, 2018 8:00 AM;-;60.79;60.79;60.79;60.79;60.79;49.96;-;-;60.79;58.59;61.97;60.79;60.79;60.79;62.49
Aug 13, 2018 8:00 AM;Aug 13, 2018 9:00 AM;-;61.93;63.04;63.04;61.93;61.93;50.28;-;-;63.04;60.71;64.29;61.93;61.93;61.93;64.50
Aug 13, 2018 9:00 AM;Aug 13, 2018 10:00 AM;-;62.23;63.76;63.76;62.23;62.23;50.41;-;-;63.76;61.60;64.50;62.23;62.23;62.23;65.96
Aug 13, 2018 10:00 AM;Aug 13, 2018 11:00 AM;-;61.38;64.49;64.49;61.38;61.38;50.48;-;-;64.49;61.78;63.00;61.38;61.38;61.38;65.91
Aug 13, 2018 11:00 AM;Aug 13, 2018 12:00 PM;-;62.00;64.93;64.93;62.00;62.00;50.46;-;-;64.93;60.70;63.00;62.00;62.00;62.00;65.95
Aug 13, 2018 12:00 PM;Aug 13, 2018 1:00 PM;-;61.91;63.44;63.44;61.91;61.91;50.43;-;-;63.44;59.69;61.10;61.91;61.91;69.01;66.03
Aug 13, 2018 1:00 PM;Aug 13, 2018 2:00 PM;-;59.81;64.81;64.81;59.81;59.81;50.45;-;-;64.81;56.96;58.22;59.81;59.81;98.90;65.04
Aug 13, 2018 2:00 PM;Aug 13, 2018 3:00 PM;-;58.05;64.32;64.32;58.05;58.05;50.40;-;-;64.32;53.80;55.44;58.05;59.42;66.50;65.04
Aug 13, 2018 3:00 PM;Aug 13, 2018 4:00 PM;-;56.16;60.84;60.84;56.16;56.16;50.33;-;-;60.84;53.80;58.50;56.16;60.01;60.01;65.10
Aug 13, 2018 4:00 PM;Aug 13, 2018 5:00 PM;-;58.13;59.56;59.56;58.13;58.13;50.29;-;-;59.56;55.22;67.96;58.13;61.99;61.99;67.96
Aug 13, 2018 5:00 PM;Aug 13, 2018 6:00 PM;-;60.14;60.14;60.14;60.14;60.14;50.24;-;-;60.14;58.22;65.59;60.14;62.23;62.23;68.50
Aug 13, 2018 6:00 PM;Aug 13, 2018 7:00 PM;-;59.91;59.91;59.91;59.91;59.91;50.18;-;-;59.91;60.61;64.89;59.91;63.87;63.87;70.82
Aug 13, 2018 7:00 PM;Aug 13, 2018 8:00 PM;-;62.09;62.09;62.09;62.09;62.09;50.15;-;-;62.09;60.96;65.79;62.09;65.41;65.41;73.95
Aug 13, 2018 8:00 PM;Aug 13, 2018 9:00 PM;-;59.90;59.90;59.90;59.90;59.90;50.55;-;-;59.26;60.13;65.79;59.90;69.10;69.10;77.98
Aug 13, 2018 9:00 PM;Aug 13, 2018 10:00 PM;-;59.99;59.99;59.99;59.99;59.99;50.62;-;-;59.99;60.81;63.96;59.99;64.24;64.24;71.79
Aug 13, 2018 10:00 PM;Aug 13, 2018 11:00 PM;-;56.70;56.70;56.70;56.70;56.70;50.55;-;-;55.34;59.10;62.00;56.70;62.82;62.82;68.50
Aug 13, 2018 11:00 PM;Aug 14, 2018 12:00 AM;-;50.83;50.83;50.83;50.83;50.83;49.94;-;-;49.94;53.08;54.00;50.83;60.02;60.02;61.78
Aug 14, 2018 12:00 AM;Aug 14, 2018 1:00 AM;-;49.41;49.41;49.41;49.41;49.41;49.41;-;-;49.41;50.67;49.50;49.41;61.01;49.41;55.06
Aug 14, 2018 1:00 AM;Aug 14, 2018 2:00 AM;-;47.88;47.88;47.88;47.88;47.88;47.88;-;-;47.88;47.60;47.31;47.88;56.91;47.88;48.94
Aug 14, 2018 2:00 AM;Aug 14, 2018 3:00 AM;-;46.88;46.88;46.88;46.88;46.88;46.88;-;-;46.88;46.10;46.27;46.88;54.83;46.88;46.27
Aug 14, 2018 3:00 AM;Aug 14, 2018 4:00 AM;-;45.70;45.70;45.70;45.70;45.70;45.70;-;-;45.70;45.53;44.68;45.70;53.99;45.70;44.68
Aug 14, 2018 4:00 AM;Aug 14, 2018 5:00 AM;-;45.77;45.77;45.77;45.77;45.77;46.25;-;-;45.77;45.53;44.76;45.77;53.99;45.77;44.76
Aug 14, 2018 5:00 AM;Aug 14, 2018 6:00 AM;-;48.22;48.22;48.22;48.22;48.22;48.51;-;-;48.22;47.58;47.13;48.22;56.73;48.22;47.90
Aug 14, 2018 6:00 AM;Aug 14, 2018 7:00 AM;-;53.47;53.47;53.47;53.47;53.47;50.80;-;-;53.47;54.48;54.33;53.47;56.72;53.47;54.33
Aug 14, 2018 7:00 AM;Aug 14, 2018 8:00 AM;-;61.71;61.71;61.71;61.71;61.71;50.86;-;-;61.71;59.44;60.30;61.71;61.71;61.71;62.09
Aug 14, 2018 8:00 AM;Aug 14, 2018 9:00 AM;-;64.07;64.07;64.07;64.07;64.07;50.94;-;-;64.07;60.95;61.58;64.07;64.07;64.07;63.97
Aug 14, 2018 9:00 AM;Aug 14, 2018 10:00 AM;-;64.39;64.39;64.39;64.39;64.39;50.97;-;-;64.39;61.02;61.70;64.39;64.39;64.39;63.84
Aug 14, 2018 10:00 AM;Aug 14, 2018 11:00 AM;-;64.03;64.93;64.93;64.03;64.03;51.02;-;-;64.93;60.07;60.40;64.03;64.03;64.03;63.07
Aug 14, 2018 11:00 AM;Aug 14, 2018 12:00 PM;-;63.53;65.09;65.09;63.53;63.53;51.18;-;-;65.09;60.06;60.50;63.53;63.53;63.53;63.78
Aug 14, 2018 12:00 PM;Aug 14, 2018 1:00 PM;-;59.90;65.70;65.70;59.90;59.90;51.16;-;-;65.70;57.41;65.00;59.90;62.23;62.23;68.71
Aug 14, 2018 1:00 PM;Aug 14, 2018 2:00 PM;-;51.83;58.48;63.71;51.83;51.83;50.61;-;-;63.71;52.28;61.00;51.83;62.23;62.23;68.05
Aug 14, 2018 2:00 PM;Aug 14, 2018 3:00 PM;-;48.00;58.43;62.90;48.00;48.00;50.19;-;-;62.90;50.51;50.34;48.00;62.82;62.82;65.99
Aug 14, 2018 3:00 PM;Aug 14, 2018 4:00 PM;-;47.35;50.09;61.93;46.58;48.49;50.09;-;-;61.93;49.53;59.00;45.60;63.13;63.13;63.78
Aug 14, 2018 4:00 PM;Aug 14, 2018 5:00 PM;-;45.81;50.03;60.02;45.81;45.81;50.03;-;-;60.02;50.00;62.00;45.81;64.08;64.08;63.09
Aug 14, 2018 5:00 PM;Aug 14, 2018 6:00 PM;-;50.92;50.92;58.52;50.92;50.92;50.42;-;-;58.52;52.45;62.00;50.92;65.00;65.00;62.92
Aug 14, 2018 6:00 PM;Aug 14, 2018 7:00 PM;-;59.89;59.89;59.89;59.89;59.89;50.78;-;-;59.89;55.55;55.50;59.89;65.62;65.62;62.02
Aug 14, 2018 7:00 PM;Aug 14, 2018 8:00 PM;-;63.53;63.53;63.53;63.53;63.53;50.72;-;-;63.53;58.42;59.70;63.53;66.00;65.45;64.19
Aug 14, 2018 8:00 PM;Aug 14, 2018 9:00 PM;-;63.44;63.44;63.44;63.44;63.44;50.71;-;-;61.92;58.41;59.43;63.44;70.00;68.20;67.10
Aug 14, 2018 9:00 PM;Aug 14, 2018 10:00 PM;-;63.49;63.49;63.49;63.49;63.49;50.70;-;-;61.97;57.77;59.70;63.49;67.45;67.45;65.98
Aug 14, 2018 10:00 PM;Aug 14, 2018 11:00 PM;-;62.15;62.15;62.15;62.15;62.15;50.61;-;-;57.05;56.08;58.00;62.15;64.98;64.98;65.89
Aug 14, 2018 11:00 PM;Aug 15, 2018 12:00 AM;-;56.96;51.77;51.77;54.48;59.90;50.36;-;-;50.99;51.25;51.30;51.77;62.82;62.82;60.13
Aug 15, 2018 12:00 AM;Aug 15, 2018 1:00 AM;-;48.73;48.73;48.73;48.73;48.73;49.41;-;-;49.41;49.53;49.67;48.73;54.70;51.90;50.63
Aug 15, 2018 1:00 AM;Aug 15, 2018 2:00 AM;-;48.05;48.05;48.05;48.05;48.05;48.39;-;-;48.39;48.52;46.99;48.05;49.82;49.82;46.99
Aug 15, 2018 2:00 AM;Aug 15, 2018 3:00 AM;-;47.85;47.85;47.85;47.85;47.85;47.85;-;-;47.85;47.03;46.30;47.85;48.26;48.26;46.30
Aug 15, 2018 3:00 AM;Aug 15, 2018 4:00 AM;-;46.01;46.01;46.01;46.01;46.01;46.55;-;-;46.55;47.47;45.18;46.01;53.96;46.01;45.18
Aug 15, 2018 4:00 AM;Aug 15, 2018 5:00 AM;-;44.43;44.46;44.46;44.43;44.43;45.52;-;-;45.52;45.61;44.76;44.43;61.01;44.43;44.76
Aug 15, 2018 5:00 AM;Aug 15, 2018 6:00 AM;-;46.05;47.19;47.19;46.05;46.05;47.19;-;-;47.19;46.71;46.90;46.05;66.68;46.05;46.90
Aug 15, 2018 6:00 AM;Aug 15, 2018 7:00 AM;-;49.32;51.07;51.07;49.32;49.32;50.02;-;-;51.07;50.96;51.63;49.32;65.04;49.32;51.63
Aug 15, 2018 7:00 AM;Aug 15, 2018 8:00 AM;-;64.77;55.25;55.25;45.84;58.65;50.68;-;-;55.25;57.21;57.93;53.14;65.04;53.14;57.93
Aug 15, 2018 8:00 AM;Aug 15, 2018 9:00 AM;-;59.24;59.68;59.68;51.74;63.40;50.78;-;-;59.68;59.60;60.76;58.25;62.82;58.25;60.76
Aug 15, 2018 9:00 AM;Aug 15, 2018 10:00 AM;-;57.85;59.27;59.27;57.85;57.85;50.77;-;-;59.27;59.91;60.77;57.85;61.24;57.85;60.77
Aug 15, 2018 10:00 AM;Aug 15, 2018 11:00 AM;-;53.69;59.62;59.62;53.69;53.69;50.77;-;-;59.62;58.18;58.97;53.69;60.42;53.69;58.97
Aug 15, 2018 11:00 AM;Aug 15, 2018 12:00 PM;-;54.40;61.30;61.30;54.40;54.40;50.78;-;-;61.30;56.70;58.26;54.40;60.00;54.40;58.26
Aug 15, 2018 12:00 PM;Aug 15, 2018 1:00 PM;-;52.23;60.62;60.62;52.23;52.23;50.56;-;-;60.62;54.78;58.50;52.23;59.39;52.23;58.50
Aug 15, 2018 1:00 PM;Aug 15, 2018 2:00 PM;-;49.53;58.43;58.43;49.01;52.14;50.47;-;-;58.43;52.11;55.45;49.01;53.00;51.90;57.53
Aug 15, 2018 2:00 PM;Aug 15, 2018 3:00 PM;-;48.29;50.04;58.00;48.25;48.44;50.04;-;-;58.00;49.81;52.88;48.25;51.00;51.00;57.81
Aug 15, 2018 3:00 PM;Aug 15, 2018 4:00 PM;-;48.10;50.09;56.97;47.96;48.80;50.09;-;-;56.97;49.40;53.00;47.96;57.38;51.90;57.78
Aug 15, 2018 4:00 PM;Aug 15, 2018 5:00 PM;-;48.66;48.66;53.96;48.66;48.66;50.37;-;-;53.96;51.51;56.19;48.66;60.42;51.90;58.04
Aug 15, 2018 5:00 PM;Aug 15, 2018 6:00 PM;-;53.00;53.00;54.63;53.00;53.00;51.20;-;-;54.63;55.76;58.50;53.00;62.82;53.00;58.50
Aug 15, 2018 6:00 PM;Aug 15, 2018 7:00 PM;-;62.21;62.21;62.21;62.21;62.21;51.95;-;-;57.98;60.24;61.84;62.21;65.00;62.21;61.84
Aug 15, 2018 7:00 PM;Aug 15, 2018 8:00 PM;-;64.28;64.28;64.28;64.28;64.28;51.82;-;-;56.73;62.05;66.63;64.28;71.16;64.28;66.63
Aug 15, 2018 8:00 PM;Aug 15, 2018 9:00 PM;-;65.00;65.00;65.00;65.00;65.00;51.84;-;-;60.40;62.17;68.58;65.00;74.61;65.00;69.54
Aug 15, 2018 9:00 PM;Aug 15, 2018 10:00 PM;-;64.83;64.83;64.83;64.83;64.83;51.73;-;-;61.86;62.02;66.24;64.83;74.61;64.83;66.24
Aug 15, 2018 10:00 PM;Aug 15, 2018 11:00 PM;-;63.83;63.83;63.83;63.83;63.83;51.46;-;-;53.21;61.10;62.73;63.83;74.61;63.83;62.73
Aug 15, 2018 11:00 PM;Aug 16, 2018 12:00 AM;-;55.75;55.75;55.75;55.75;55.75;50.57;-;-;50.57;55.91;56.89;55.75;71.14;55.75;57.98
Aug 16, 2018 12:00 AM;Aug 16, 2018 1:00 AM;-;49.88;49.88;49.88;49.88;49.88;49.41;-;-;49.41;50.92;51.58;49.88;65.04;49.88;51.58
Aug 16, 2018 1:00 AM;Aug 16, 2018 2:00 AM;-;47.97;47.97;47.97;47.97;47.97;47.97;-;-;47.97;49.63;49.23;47.97;57.12;47.97;49.23
Aug 16, 2018 2:00 AM;Aug 16, 2018 3:00 AM;-;47.39;47.39;47.39;47.39;47.39;47.39;-;-;47.39;48.58;48.23;47.39;47.50;47.39;48.23
Aug 16, 2018 3:00 AM;Aug 16, 2018 4:00 AM;-;46.82;46.82;46.82;46.82;46.82;46.82;-;-;46.82;47.65;46.81;46.82;46.82;46.82;46.81
Aug 16, 2018 4:00 AM;Aug 16, 2018 5:00 AM;-;46.51;46.51;46.51;46.51;46.51;46.51;-;-;46.51;47.10;46.27;46.51;46.51;46.51;46.27
Aug 16, 2018 5:00 AM;Aug 16, 2018 6:00 AM;-;48.50;48.50;48.50;48.50;48.50;48.50;-;-;48.50;49.40;49.11;48.50;48.50;48.50;49.11
Aug 16, 2018 6:00 AM;Aug 16, 2018 7:00 AM;-;55.00;53.07;53.07;55.00;55.00;51.55;-;-;52.86;56.30;56.09;55.00;55.00;55.00;56.09
Aug 16, 2018 7:00 AM;Aug 16, 2018 8:00 AM;-;62.11;62.11;62.11;62.11;62.11;51.50;-;-;59.60;62.10;61.81;62.11;62.11;62.11;61.81
Aug 16, 2018 8:00 AM;Aug 16, 2018 9:00 AM;-;63.63;63.63;63.63;63.63;63.63;51.60;-;-;62.10;62.89;64.01;63.63;64.49;63.63;64.01
Aug 16, 2018 9:00 AM;Aug 16, 2018 10:00 AM;-;61.29;57.99;61.29;61.29;61.29;51.55;-;-;59.82;62.59;63.50;61.29;62.50;61.29;63.50
Aug 16, 2018 10:00 AM;Aug 16, 2018 11:00 AM;-;55.01;55.01;55.01;55.01;55.01;51.64;-;-;55.01;61.04;59.50;55.01;61.60;55.01;62.89
Aug 16, 2018 11:00 AM;Aug 16, 2018 12:00 PM;-;53.33;53.03;53.03;53.20;53.50;51.63;-;-;53.03;57.77;65.00;53.03;61.62;60.10;65.00
Aug 16, 2018 12:00 PM;Aug 16, 2018 1:00 PM;-;57.29;51.02;51.02;54.48;59.90;51.02;-;-;51.02;55.31;68.47;51.02;61.65;61.65;68.47
Aug 16, 2018 1:00 PM;Aug 16, 2018 2:00 PM;-;51.44;50.72;50.72;51.14;52.40;50.72;-;-;50.72;52.33;63.53;50.72;60.18;60.18;66.72
Aug 16, 2018 2:00 PM;Aug 16, 2018 3:00 PM;-;51.08;50.46;50.46;50.83;52.13;50.46;-;-;50.46;51.87;62.00;50.46;62.82;62.82;66.22
Aug 16, 2018 3:00 PM;Aug 16, 2018 4:00 PM;-;51.01;50.80;50.80;50.92;51.19;50.80;-;-;50.80;50.99;65.73;50.80;64.92;60.15;65.73
Aug 16, 2018 4:00 PM;Aug 16, 2018 5:00 PM;-;52.20;51.88;51.88;52.07;52.77;51.08;-;-;51.88;54.03;68.44;51.88;65.00;65.00;68.44
Aug 16, 2018 5:00 PM;Aug 16, 2018 6:00 PM;-;62.44;53.03;62.44;62.44;62.44;51.55;-;-;60.94;61.22;67.08;62.44;66.50;62.44;67.08
Aug 16, 2018 6:00 PM;Aug 16, 2018 7:00 PM;-;65.70;53.00;65.70;65.70;65.70;51.54;-;-;63.79;64.01;66.00;65.70;68.90;65.70;66.00
Aug 16, 2018 7:00 PM;Aug 16, 2018 8:00 PM;-;67.01;66.71;67.01;67.01;67.01;51.45;-;-;64.11;65.62;68.62;67.01;71.32;67.01;69.07
Aug 16, 2018 8:00 PM;Aug 16, 2018 9:00 PM;-;67.06;67.06;67.06;67.06;67.06;50.86;-;-;64.40;65.53;68.93;67.06;71.32;67.06;76.38
Aug 16, 2018 9:00 PM;Aug 16, 2018 10:00 PM;-;66.20;66.20;66.20;66.20;66.20;50.71;-;-;50.71;64.24;66.75;66.20;73.38;66.20;67.00
Aug 16, 2018 10:00 PM;Aug 16, 2018 11:00 PM;-;64.39;64.39;64.39;64.39;64.39;50.23;-;-;50.23;63.38;63.50;64.39;70.29;64.39;64.05
Aug 16, 2018 11:00 PM;Aug 17, 2018 12:00 AM;-;60.03;60.03;60.03;60.03;60.03;49.54;-;-;48.11;58.77;58.50;60.03;65.68;60.03;58.50
Aug 17, 2018 12:00 AM;Aug 17, 2018 1:00 AM;-;50.66;50.66;50.66;50.66;50.66;49.04;-;-;46.89;51.15;52.15;50.66;57.89;50.66;52.15
Aug 17, 2018 1:00 AM;Aug 17, 2018 2:00 AM;-;49.39;49.39;49.39;49.39;49.39;48.48;-;-;45.39;49.26;49.40;49.39;51.74;49.39;49.40
Aug 17, 2018 2:00 AM;Aug 17, 2018 3:00 AM;-;47.44;47.44;47.44;47.44;47.44;47.44;-;-;44.89;49.14;48.46;47.44;49.52;47.44;48.46
Aug 17, 2018 3:00 AM;Aug 17, 2018 4:00 AM;-;46.50;46.50;46.50;46.50;46.50;46.50;-;-;44.72;48.40;47.56;46.50;49.29;46.50;47.56
Aug 17, 2018 4:00 AM;Aug 17, 2018 5:00 AM;-;47.02;47.02;47.02;47.02;47.02;47.02;-;-;44.98;48.29;47.94;47.02;49.29;47.02;47.94
Aug 17, 2018 5:00 AM;Aug 17, 2018 6:00 AM;-;48.08;48.08;48.08;48.08;48.08;48.08;-;-;46.57;51.08;50.78;48.08;52.13;48.08;50.78
Aug 17, 2018 6:00 AM;Aug 17, 2018 7:00 AM;-;56.64;56.64;56.64;56.64;56.64;49.89;-;-;52.61;58.88;57.95;56.64;56.64;56.64;57.95
Aug 17, 2018 7:00 AM;Aug 17, 2018 8:00 AM;-;62.96;62.88;62.88;62.82;62.92;50.51;-;-;61.37;63.33;63.00;62.88;62.82;62.88;63.00
Aug 17, 2018 8:00 AM;Aug 17, 2018 9:00 AM;-;65.11;64.44;64.44;63.99;64.76;50.88;-;-;62.90;65.02;66.18;64.44;63.99;64.44;66.18
Aug 17, 2018 9:00 AM;Aug 17, 2018 10:00 AM;-;64.39;64.39;64.39;64.39;64.39;50.94;-;-;64.39;65.13;66.21;64.39;64.39;64.39;66.21
Aug 17, 2018 10:00 AM;Aug 17, 2018 11:00 AM;-;63.05;63.05;63.05;63.05;63.05;50.92;-;-;63.05;63.26;63.91;63.05;63.00;63.05;64.37
Aug 17, 2018 11:00 AM;Aug 17, 2018 12:00 PM;-;62.82;62.82;62.82;62.82;62.82;50.91;-;-;62.82;62.81;63.60;62.82;62.82;62.82;63.98
Aug 17, 2018 12:00 PM;Aug 17, 2018 1:00 PM;-;61.96;61.96;61.96;61.96;61.96;50.91;-;-;60.47;61.64;62.25;61.96;61.96;61.96;64.82
Aug 17, 2018 1:00 PM;Aug 17, 2018 2:00 PM;-;59.27;59.27;59.27;59.27;59.27;50.87;-;-;57.85;59.19;59.40;59.27;59.27;59.27;62.53
Aug 17, 2018 2:00 PM;Aug 17, 2018 3:00 PM;-;55.24;55.24;55.24;55.24;55.24;50.82;-;-;53.92;56.75;56.79;55.24;59.42;55.24;62.36
Aug 17, 2018 3:00 PM;Aug 17, 2018 4:00 PM;-;54.32;54.32;54.32;54.32;54.32;50.70;-;-;53.01;55.48;56.01;54.32;62.06;54.32;63.03
Aug 17, 2018 4:00 PM;Aug 17, 2018 5:00 PM;-;57.21;57.21;57.21;57.21;57.21;50.70;-;-;55.84;56.37;58.01;57.21;64.00;57.21;63.28
Aug 17, 2018 5:00 PM;Aug 17, 2018 6:00 PM;-;63.00;63.00;63.00;63.00;63.00;50.65;-;-;61.49;61.91;62.89;63.00;65.00;63.00;67.02
Aug 17, 2018 6:00 PM;Aug 17, 2018 7:00 PM;-;64.46;64.46;64.46;64.46;64.46;50.62;-;-;62.91;64.02;64.31;64.46;65.41;64.46;66.97
Aug 17, 2018 7:00 PM;Aug 17, 2018 8:00 PM;-;64.60;64.60;64.60;64.60;64.60;50.64;-;-;63.05;64.56;65.78;64.60;66.33;64.60;67.81
Aug 17, 2018 8:00 PM;Aug 17, 2018 9:00 PM;-;64.57;64.57;64.57;64.57;64.57;50.25;-;-;63.02;64.03;64.50;64.57;67.00;64.57;71.28
Aug 17, 2018 9:00 PM;Aug 17, 2018 10:00 PM;-;64.48;64.48;64.48;64.48;64.48;50.37;-;-;62.69;63.20;63.62;64.48;65.81;64.48;64.08
Aug 17, 2018 10:00 PM;Aug 17, 2018 11:00 PM;-;63.90;63.90;63.90;63.90;63.90;49.74;-;-;49.74;62.07;61.12;63.90;65.00;63.90;61.63
Aug 17, 2018 11:00 PM;Aug 18, 2018 12:00 AM;-;54.58;54.58;54.58;54.58;54.58;48.67;-;-;48.67;56.72;56.06;54.58;63.85;54.58;56.06
Aug 18, 2018 12:00 AM;Aug 18, 2018 1:00 AM;-;57.28;53.20;53.20;57.28;57.28;49.09;-;-;49.09;54.05;54.58;57.28;62.50;57.28;54.58
Aug 18, 2018 1:00 AM;Aug 18, 2018 2:00 AM;-;55.41;51.10;51.10;55.41;55.41;48.44;-;-;48.44;51.17;51.56;55.41;60.00;55.41;51.56
Aug 18, 2018 2:00 AM;Aug 18, 2018 3:00 AM;-;49.31;47.73;47.73;49.31;49.31;47.73;-;-;47.73;49.09;49.60;49.31;58.12;49.31;49.60
Aug 18, 2018 3:00 AM;Aug 18, 2018 4:00 AM;-;47.55;46.41;46.41;47.55;47.55;46.41;-;-;46.41;47.67;48.30;47.55;56.60;47.55;48.30
Aug 18, 2018 4:00 AM;Aug 18, 2018 5:00 AM;-;47.30;46.16;46.16;47.30;47.30;46.16;-;-;46.16;46.95;47.77;47.30;56.55;47.30;47.77
Aug 18, 2018 5:00 AM;Aug 18, 2018 6:00 AM;-;47.05;45.92;45.92;47.05;47.05;45.92;-;-;45.92;47.66;48.20;47.05;56.97;47.05;48.20
Aug 18, 2018 6:00 AM;Aug 18, 2018 7:00 AM;-;47.89;47.64;47.64;47.89;47.89;47.64;-;-;47.64;48.90;48.45;47.89;56.08;47.89;48.45
Aug 18, 2018 7:00 AM;Aug 18, 2018 8:00 AM;-;49.50;48.66;48.66;49.50;49.50;48.66;-;-;48.66;51.28;51.30;49.50;52.46;49.50;51.30
Aug 18, 2018 8:00 AM;Aug 18, 2018 9:00 AM;-;53.89;49.99;49.99;53.89;53.89;49.99;-;-;49.99;53.59;53.89;53.89;53.89;53.89;54.47
Aug 18, 2018 9:00 AM;Aug 18, 2018 10:00 AM;-;56.41;50.36;50.36;56.41;56.41;50.36;-;-;50.36;54.84;55.00;56.41;56.41;56.41;57.10
Aug 18, 2018 10:00 AM;Aug 18, 2018 11:00 AM;-;53.60;50.15;50.15;53.60;53.60;50.15;-;-;50.15;53.74;53.20;53.60;53.60;53.60;56.62
Aug 18, 2018 11:00 AM;Aug 18, 2018 12:00 PM;-;53.51;49.48;49.48;53.51;53.51;49.48;-;-;49.48;52.32;52.03;53.51;53.51;57.66;56.66
Aug 18, 2018 12:00 PM;Aug 18, 2018 1:00 PM;-;53.91;47.42;47.42;55.68;51.00;47.42;-;-;47.42;50.39;49.76;47.42;55.68;68.50;56.18
Aug 18, 2018 1:00 PM;Aug 18, 2018 2:00 PM;-;53.51;46.06;46.06;53.51;53.51;46.06;-;-;46.06;47.07;45.23;46.06;53.51;66.10;52.30
Aug 18, 2018 2:00 PM;Aug 18, 2018 3:00 PM;-;52.18;45.57;45.57;52.18;52.18;45.57;-;-;45.57;46.07;43.89;45.57;52.28;53.11;52.11
Aug 18, 2018 3:00 PM;Aug 18, 2018 4:00 PM;-;49.30;46.03;46.03;49.30;49.30;46.03;-;-;46.03;46.09;44.69;46.03;53.80;68.50;54.21
Aug 18, 2018 4:00 PM;Aug 18, 2018 5:00 PM;-;48.97;46.85;46.85;48.97;48.97;46.85;-;-;46.85;46.77;46.04;48.00;58.10;88.02;57.86
Aug 18, 2018 5:00 PM;Aug 18, 2018 6:00 PM;-;55.13;48.00;48.00;55.13;55.13;48.00;-;-;48.00;51.00;51.14;55.13;59.37;89.00;62.11
Aug 18, 2018 6:00 PM;Aug 18, 2018 7:00 PM;-;62.14;48.16;48.16;62.14;62.14;48.16;-;-;48.16;56.53;57.50;62.14;64.00;64.00;63.21
Aug 18, 2018 7:00 PM;Aug 18, 2018 8:00 PM;-;64.45;48.11;48.11;64.45;64.45;48.11;-;-;48.11;60.64;61.39;64.45;64.98;64.98;65.88
Aug 18, 2018 8:00 PM;Aug 18, 2018 9:00 PM;-;64.90;47.67;47.67;64.90;64.90;47.67;-;-;47.67;61.07;62.70;64.90;65.00;65.00;73.09
Aug 18, 2018 9:00 PM;Aug 18, 2018 10:00 PM;-;65.04;48.04;48.04;65.04;65.04;48.04;-;-;48.04;60.99;61.97;65.04;65.04;65.04;66.00
Aug 18, 2018 10:00 PM;Aug 18, 2018 11:00 PM;-;64.98;46.41;46.41;64.98;64.98;46.41;-;-;46.41;59.55;60.22;64.98;64.98;64.98;61.06
Aug 18, 2018 11:00 PM;Aug 19, 2018 12:00 AM;-;62.14;43.64;43.64;62.14;62.14;43.64;-;-;43.64;54.74;54.80;62.14;62.14;62.14;54.80
Aug 19, 2018 12:00 AM;Aug 19, 2018 1:00 AM;-;55.56;44.18;44.18;55.56;55.56;44.18;-;-;44.18;54.66;52.66;55.56;61.47;55.56;53.05
Aug 19, 2018 1:00 AM;Aug 19, 2018 2:00 AM;-;48.80;42.89;42.89;48.80;48.80;42.89;-;-;42.89;50.26;48.70;48.80;59.12;48.80;48.90
Aug 19, 2018 2:00 AM;Aug 19, 2018 3:00 AM;-;46.08;42.66;42.66;46.08;46.08;42.66;-;-;42.66;48.36;47.00;46.08;58.10;46.08;47.00
Aug 19, 2018 3:00 AM;Aug 19, 2018 4:00 AM;-;46.00;43.76;43.76;46.00;46.00;43.76;-;-;42.69;47.52;45.74;46.00;54.08;46.00;45.74
Aug 19, 2018 4:00 AM;Aug 19, 2018 5:00 AM;-;46.05;44.57;44.57;46.05;46.05;44.57;-;-;42.48;46.74;44.86;46.05;54.13;46.05;44.86
Aug 19, 2018 5:00 AM;Aug 19, 2018 6:00 AM;-;46.10;44.62;44.62;46.10;46.10;44.62;-;-;42.90;46.29;44.83;46.10;57.81;46.10;44.83
Aug 19, 2018 6:00 AM;Aug 19, 2018 7:00 AM;-;45.30;44.21;44.21;45.30;45.30;44.21;-;-;44.21;47.38;43.84;45.30;55.53;45.30;43.84
Aug 19, 2018 7:00 AM;Aug 19, 2018 8:00 AM;-;45.00;45.00;45.00;45.00;45.00;45.00;-;-;45.00;47.75;46.00;45.00;50.95;45.00;46.00
Aug 19, 2018 8:00 AM;Aug 19, 2018 9:00 AM;-;46.06;46.06;46.06;46.06;46.06;46.06;-;-;46.06;49.91;47.89;46.06;51.80;46.06;47.89
Aug 19, 2018 9:00 AM;Aug 19, 2018 10:00 AM;-;47.02;47.02;47.02;47.02;47.02;47.02;-;-;47.02;49.83;48.69;47.02;53.62;47.02;49.00
Aug 19, 2018 10:00 AM;Aug 19, 2018 11:00 AM;-;46.02;46.02;46.02;46.02;46.02;46.02;-;-;46.02;46.11;46.29;46.02;56.48;49.10;50.65
Aug 19, 2018 11:00 AM;Aug 19, 2018 12:00 PM;-;45.40;45.89;45.89;45.32;45.80;45.89;-;-;45.89;46.13;45.68;45.22;55.53;48.86;51.20
Aug 19, 2018 12:00 PM;Aug 19, 2018 1:00 PM;-;46.21;44.70;44.70;44.62;46.00;44.70;-;-;44.70;45.59;44.90;43.63;55.54;47.81;50.44
Aug 19, 2018 1:00 PM;Aug 19, 2018 2:00 PM;-;43.66;44.24;44.24;43.26;45.70;44.24;-;-;44.24;43.77;43.60;42.77;53.44;43.60;49.17
Aug 19, 2018 2:00 PM;Aug 19, 2018 3:00 PM;-;41.25;42.65;42.65;40.70;44.06;42.65;-;-;42.65;41.65;41.00;40.04;55.52;44.20;52.02
Aug 19, 2018 3:00 PM;Aug 19, 2018 4:00 PM;-;41.55;41.55;42.58;41.55;41.55;42.58;-;-;42.58;42.38;43.00;41.55;58.81;49.10;55.45
Aug 19, 2018 4:00 PM;Aug 19, 2018 5:00 PM;-;44.02;44.02;44.32;44.02;44.02;44.32;-;-;44.32;43.19;44.20;44.02;61.04;61.04;61.02
Aug 19, 2018 5:00 PM;Aug 19, 2018 6:00 PM;-;47.09;47.09;47.09;47.09;47.09;47.09;-;-;47.09;47.79;48.88;47.09;62.00;62.00;62.50
Aug 19, 2018 6:00 PM;Aug 19, 2018 7:00 PM;-;56.31;56.31;56.31;56.31;56.31;49.61;-;-;49.61;55.91;56.35;56.31;62.40;62.40;66.83
Aug 19, 2018 7:00 PM;Aug 19, 2018 8:00 PM;-;62.26;62.26;62.26;62.26;62.26;49.99;-;-;49.99;60.94;61.40;62.26;64.98;62.26;67.01
Aug 19, 2018 8:00 PM;Aug 19, 2018 9:00 PM;-;63.41;63.41;63.41;63.41;63.41;50.07;-;-;50.07;63.70;64.70;63.41;68.97;63.41;77.72
Aug 19, 2018 9:00 PM;Aug 19, 2018 10:00 PM;-;64.23;64.23;64.23;64.23;64.23;50.17;-;-;50.17;64.14;65.40;64.23;70.00;64.23;72.00
Aug 19, 2018 10:00 PM;Aug 19, 2018 11:00 PM;-;66.19;63.63;63.63;64.60;66.01;49.50;-;-;49.50;63.91;65.00;63.63;65.00;63.63;65.71
Aug 19, 2018 11:00 PM;Aug 20, 2018 12:00 AM;-;62.26;62.26;62.26;62.26;62.26;48.02;-;-;48.02;58.66;57.90;62.26;62.85;62.26;60.99
Aug 20, 2018 12:00 AM;Aug 20, 2018 1:00 AM;-;74.05;46.10;46.59;60.79;79.09;46.59;-;-;46.59;49.49;49.40;46.10;63.49;48.10;55.46
Aug 20, 2018 1:00 AM;Aug 20, 2018 2:00 AM;-;47.62;46.06;46.06;47.11;47.58;46.06;-;-;46.06;47.43;47.40;46.55;60.00;46.55;48.94
Aug 20, 2018 2:00 AM;Aug 20, 2018 3:00 AM;-;44.15;44.15;44.15;44.15;44.15;44.15;-;-;44.15;45.99;46.90;44.15;59.47;44.15;47.57
Aug 20, 2018 3:00 AM;Aug 20, 2018 4:00 AM;-;43.86;43.80;43.80;43.83;44.00;43.80;-;-;43.80;45.36;45.91;43.80;59.45;43.80;45.91
Aug 20, 2018 4:00 AM;Aug 20, 2018 5:00 AM;-;43.60;43.60;43.60;43.60;43.60;43.60;-;-;43.60;44.92;45.60;43.60;59.46;43.60;45.60
Aug 20, 2018 5:00 AM;Aug 20, 2018 6:00 AM;-;47.09;46.76;46.76;47.09;47.09;46.76;-;-;46.76;47.09;48.09;47.09;62.36;47.09;48.09
Aug 20, 2018 6:00 AM;Aug 20, 2018 7:00 AM;-;55.57;50.76;50.76;55.57;55.57;50.76;-;-;50.76;55.27;56.63;55.57;63.00;55.57;56.63
Aug 20, 2018 7:00 AM;Aug 20, 2018 8:00 AM;-;63.43;54.25;54.25;63.43;63.43;50.86;-;-;54.25;61.84;63.88;63.43;63.49;63.43;63.88
Aug 20, 2018 8:00 AM;Aug 20, 2018 9:00 AM;-;64.46;59.95;59.95;64.46;64.46;51.27;-;-;59.95;65.03;66.55;64.46;65.00;64.46;66.55
Aug 20, 2018 9:00 AM;Aug 20, 2018 10:00 AM;-;64.43;59.96;59.96;64.43;64.43;51.44;-;-;59.96;64.54;67.00;64.43;64.75;64.43;67.00
Aug 20, 2018 10:00 AM;Aug 20, 2018 11:00 AM;-;68.92;59.94;59.94;65.55;69.90;51.14;-;-;59.94;63.87;65.23;61.42;65.55;61.42;66.36
Aug 20, 2018 11:00 AM;Aug 20, 2018 12:00 PM;-;73.18;58.87;58.87;67.41;75.00;50.99;-;-;58.87;63.99;64.40;60.32;67.41;61.91;64.40
Aug 20, 2018 12:00 PM;Aug 20, 2018 1:00 PM;-;72.59;57.09;57.09;66.90;74.51;50.97;-;-;57.09;62.46;65.06;59.91;66.90;66.90;65.06
Aug 20, 2018 1:00 PM;Aug 20, 2018 2:00 PM;-;73.26;54.99;54.99;65.69;75.71;50.95;-;-;54.99;61.08;63.00;56.34;65.69;65.69;63.00
Aug 20, 2018 2:00 PM;Aug 20, 2018 3:00 PM;-;76.64;52.86;52.86;66.00;83.00;50.95;-;-;52.86;59.21;61.00;52.86;66.29;66.29;62.06
Aug 20, 2018 3:00 PM;Aug 20, 2018 4:00 PM;-;73.60;52.79;52.79;64.86;80.39;50.88;-;-;52.79;59.07;62.85;54.09;71.65;60.14;62.85
Aug 20, 2018 4:00 PM;Aug 20, 2018 5:00 PM;-;69.59;52.76;52.76;62.80;75.00;50.87;-;-;52.76;60.61;62.88;54.43;72.50;54.43;62.88
Aug 20, 2018 5:00 PM;Aug 20, 2018 6:00 PM;-;62.38;53.83;53.83;62.38;62.38;50.85;-;-;53.83;63.22;64.00;62.38;73.99;62.38;64.00
Aug 20, 2018 6:00 PM;Aug 20, 2018 7:00 PM;-;66.78;54.65;54.65;66.78;66.78;50.78;-;-;54.65;65.59;65.89;66.78;73.99;66.78;65.89
Aug 20, 2018 7:00 PM;Aug 20, 2018 8:00 PM;-;67.03;54.56;54.56;67.03;67.03;50.81;-;-;54.56;67.54;68.10;67.03;75.53;67.03;68.10
Aug 20, 2018 8:00 PM;Aug 20, 2018 9:00 PM;-;67.01;54.05;54.05;67.01;67.01;50.85;-;-;54.05;66.25;69.52;67.01;77.48;67.01;69.95
Aug 20, 2018 9:00 PM;Aug 20, 2018 10:00 PM;-;66.15;53.02;53.02;66.15;66.15;50.86;-;-;53.02;64.82;68.00;66.15;75.78;66.15;68.00
Aug 20, 2018 10:00 PM;Aug 20, 2018 11:00 PM;-;71.09;50.58;50.58;66.65;70.45;50.58;-;-;50.58;64.12;65.88;63.48;73.25;63.48;65.88
Aug 20, 2018 11:00 PM;Aug 21, 2018 12:00 AM;-;65.68;48.19;48.19;63.50;65.48;48.19;-;-;48.19;60.31;58.50;61.97;66.58;61.97;59.90
Aug 21, 2018 12:00 AM;Aug 21, 2018 1:00 AM;-;58.09;48.92;48.92;58.09;58.09;48.92;-;-;48.92;57.22;55.80;58.09;65.27;58.09;55.80
Aug 21, 2018 1:00 AM;Aug 21, 2018 2:00 AM;-;52.41;48.24;48.24;52.41;52.41;48.24;-;-;48.24;53.67;53.38;52.41;62.92;52.41;53.38
Aug 21, 2018 2:00 AM;Aug 21, 2018 3:00 AM;-;51.79;48.08;48.08;51.79;51.79;48.08;-;-;48.08;51.54;51.50;51.79;62.36;51.79;51.50
Aug 21, 2018 3:00 AM;Aug 21, 2018 4:00 AM;-;50.27;48.03;48.03;50.27;50.27;48.03;-;-;48.03;50.88;50.81;50.27;61.06;50.27;50.81
Aug 21, 2018 4:00 AM;Aug 21, 2018 5:00 AM;-;51.16;47.95;47.95;51.16;51.16;47.95;-;-;47.95;51.57;51.20;51.16;61.06;51.16;51.20
Aug 21, 2018 5:00 AM;Aug 21, 2018 6:00 AM;-;54.69;48.91;48.91;54.69;54.69;48.91;-;-;48.91;55.22;56.07;54.69;62.90;54.69;56.07
Aug 21, 2018 6:00 AM;Aug 21, 2018 7:00 AM;-;65.00;65.00;65.00;65.00;65.00;50.12;-;-;52.85;65.39;66.20;65.00;65.00;65.00;66.20
Aug 21, 2018 7:00 AM;Aug 21, 2018 8:00 AM;-;77.92;72.61;72.61;69.07;75.14;50.46;-;-;62.56;73.39;74.43;72.61;69.07;72.61;74.43
Aug 21, 2018 8:00 AM;Aug 21, 2018 9:00 AM;-;76.74;75.10;75.10;74.00;75.90;50.99;-;-;67.94;76.46;78.70;75.10;72.41;75.10;78.70
Aug 21, 2018 9:00 AM;Aug 21, 2018 10:00 AM;-;84.53;75.10;75.10;77.92;83.82;50.89;-;-;73.30;74.87;76.80;75.10;70.83;75.10;76.80
Aug 21, 2018 10:00 AM;Aug 21, 2018 11:00 AM;-;87.89;71.96;71.96;78.79;90.97;50.82;-;-;71.68;72.29;73.88;71.96;70.00;71.96;73.88
Aug 21, 2018 11:00 AM;Aug 21, 2018 12:00 PM;-;84.12;71.01;71.01;76.61;86.20;50.83;-;-;71.01;70.99;73.50;71.01;68.85;71.01;73.50
Aug 21, 2018 12:00 PM;Aug 21, 2018 1:00 PM;-;82.99;68.91;68.91;75.26;85.05;50.93;-;-;68.91;69.77;78.82;68.91;65.03;73.75;78.82
Aug 21, 2018 1:00 PM;Aug 21, 2018 2:00 PM;-;75.02;67.70;67.70;71.10;76.29;50.94;-;-;67.70;68.78;76.00;67.70;68.85;72.53;76.00
Aug 21, 2018 2:00 PM;Aug 21, 2018 3:00 PM;-;73.06;67.92;67.92;70.51;74.41;50.90;-;-;67.92;66.98;74.00;67.92;70.51;70.51;74.00
Aug 21, 2018 3:00 PM;Aug 21, 2018 4:00 PM;-;70.41;67.65;67.65;69.06;71.28;50.49;-;-;66.03;67.43;76.61;67.65;69.06;69.06;76.61
Aug 21, 2018 4:00 PM;Aug 21, 2018 5:00 PM;-;69.00;69.00;69.00;69.00;69.00;50.45;-;-;67.34;68.40;75.40;69.00;69.00;69.00;75.40
Aug 21, 2018 5:00 PM;Aug 21, 2018 6:00 PM;-;76.89;73.53;73.53;71.10;75.03;50.44;-;-;65.43;71.61;75.00;73.53;71.10;73.53;75.00
Aug 21, 2018 6:00 PM;Aug 21, 2018 7:00 PM;-;74.90;74.90;74.90;74.90;74.90;50.40;-;-;64.83;76.04;77.70;74.90;74.90;74.90;77.70
Aug 21, 2018 7:00 PM;Aug 21, 2018 8:00 PM;-;76.52;76.52;76.52;76.52;76.52;50.33;-;-;65.24;78.43;79.40;76.52;76.52;76.52;79.40
Aug 21, 2018 8:00 PM;Aug 21, 2018 9:00 PM;-;75.54;75.54;75.54;75.54;75.54;50.31;-;-;73.40;78.83;79.80;75.54;75.54;75.54;79.89
Aug 21, 2018 9:00 PM;Aug 21, 2018 10:00 PM;-;74.67;73.07;73.07;71.92;73.78;50.17;-;-;64.69;73.25;73.82;73.07;73.07;73.07;73.82
Aug 21, 2018 10:00 PM;Aug 21, 2018 11:00 PM;-;68.93;68.93;68.93;68.93;68.93;50.06;-;-;56.78;67.53;67.98;68.93;68.93;68.93;67.98
Aug 21, 2018 11:00 PM;Aug 22, 2018 12:00 AM;-;64.14;61.85;61.85;62.96;59.66;49.86;-;-;50.71;62.34;61.90;61.85;64.58;61.85;62.05
Aug 22, 2018 12:00 AM;Aug 22, 2018 1:00 AM;-;66.84;52.42;52.42;60.51;66.84;49.92;-;-;51.05;58.17;54.50;52.42;66.43;52.42;55.44
Aug 22, 2018 1:00 AM;Aug 22, 2018 2:00 AM;-;54.00;49.60;49.60;54.00;54.00;49.60;-;-;49.60;52.78;51.08;54.00;62.88;54.00;51.08
Aug 22, 2018 2:00 AM;Aug 22, 2018 3:00 AM;-;51.14;49.27;49.27;51.14;51.14;49.27;-;-;49.27;52.24;50.00;51.14;61.93;51.14;50.00
Aug 22, 2018 3:00 AM;Aug 22, 2018 4:00 AM;-;49.67;48.47;48.47;49.67;49.67;48.47;-;-;48.47;50.85;49.20;49.67;61.06;49.67;49.20
Aug 22, 2018 4:00 AM;Aug 22, 2018 5:00 AM;-;50.53;48.67;48.67;50.53;50.53;48.67;-;-;48.67;50.98;49.13;50.53;61.06;50.53;49.13
Aug 22, 2018 5:00 AM;Aug 22, 2018 6:00 AM;-;55.08;49.10;49.10;55.08;55.08;49.10;-;-;49.10;54.30;51.90;55.08;62.00;55.08;51.90
Aug 22, 2018 6:00 AM;Aug 22, 2018 7:00 AM;-;66.06;58.49;58.49;66.06;66.06;49.48;-;-;58.49;62.98;61.90;66.06;66.06;66.06;61.99
Aug 22, 2018 7:00 AM;Aug 22, 2018 8:00 AM;-;70.00;70.00;70.00;70.00;70.00;49.74;-;-;68.32;68.25;70.70;70.00;70.00;70.00;70.70
Aug 22, 2018 8:00 AM;Aug 22, 2018 9:00 AM;-;72.62;72.20;72.20;71.90;72.41;49.92;-;-;72.20;71.29;72.40;72.20;71.90;72.20;72.40
Aug 22, 2018 9:00 AM;Aug 22, 2018 10:00 AM;-;72.14;72.14;72.14;72.14;72.14;49.98;-;-;72.14;71.71;72.10;72.14;72.14;72.14;72.19
Aug 22, 2018 10:00 AM;Aug 22, 2018 11:00 AM;-;71.98;68.99;68.99;70.53;73.21;49.94;-;-;68.99;67.47;70.01;68.99;70.53;70.53;70.03
Aug 22, 2018 11:00 AM;Aug 22, 2018 12:00 PM;-;73.22;67.89;67.89;70.51;74.59;49.87;-;-;67.89;67.65;73.35;67.89;70.51;88.85;73.35
Aug 22, 2018 12:00 PM;Aug 22, 2018 1:00 PM;-;79.63;60.93;60.93;71.79;79.63;49.85;-;-;60.93;67.00;72.00;60.93;70.00;87.74;75.99
Aug 22, 2018 1:00 PM;Aug 22, 2018 2:00 PM;-;81.42;57.39;57.39;71.16;75.74;49.86;-;-;57.39;65.12;73.87;57.39;71.16;97.02;76.55
Aug 22, 2018 2:00 PM;Aug 22, 2018 3:00 PM;-;82.54;57.10;57.10;71.68;75.65;49.80;-;-;57.10;65.23;72.17;57.10;71.68;97.05;72.93
Aug 22, 2018 3:00 PM;Aug 22, 2018 4:00 PM;-;78.45;59.89;59.89;71.69;73.02;49.77;-;-;59.89;65.51;74.87;62.28;71.69;97.06;74.87
Aug 22, 2018 4:00 PM;Aug 22, 2018 5:00 PM;-;72.27;56.88;56.88;70.67;71.17;49.77;-;-;56.88;66.77;73.00;68.48;70.67;77.01;73.34
Aug 22, 2018 5:00 PM;Aug 22, 2018 6:00 PM;-;74.95;64.14;64.14;74.95;74.95;49.72;-;-;64.14;71.09;73.50;74.95;74.95;77.00;75.45
Aug 22, 2018 6:00 PM;Aug 22, 2018 7:00 PM;-;77.15;69.78;69.78;77.15;77.15;49.64;-;-;64.70;74.70;75.20;77.15;77.15;77.15;76.99
Aug 22, 2018 7:00 PM;Aug 22, 2018 8:00 PM;-;83.93;70.11;70.11;83.93;83.93;49.60;-;-;58.61;76.70;77.30;83.93;83.93;83.93;81.04
Aug 22, 2018 8:00 PM;Aug 22, 2018 9:00 PM;-;80.52;63.55;63.55;80.52;80.52;49.63;-;-;54.35;76.08;77.54;80.52;80.52;80.55;87.43
Aug 22, 2018 9:00 PM;Aug 22, 2018 10:00 PM;-;75.80;68.70;68.70;75.80;75.80;49.72;-;-;53.83;72.47;72.90;75.80;75.80;75.80;74.06
Aug 22, 2018 10:00 PM;Aug 22, 2018 11:00 PM;-;73.62;64.44;64.44;73.62;73.62;49.82;-;-;49.82;69.15;69.00;73.62;73.62;73.62;69.60
Aug 22, 2018 11:00 PM;Aug 23, 2018 12:00 AM;-;67.60;56.31;56.31;67.43;66.96;48.71;-;-;48.06;63.45;61.80;67.27;67.43;67.43;65.09
Aug 23, 2018 12:00 AM;Aug 23, 2018 1:00 AM;-;75.68;48.38;48.38;67.90;67.42;49.39;-;-;48.38;60.00;56.60;56.97;67.90;56.97;61.55
Aug 23, 2018 1:00 AM;Aug 23, 2018 2:00 AM;-;66.18;48.72;48.72;61.77;50.33;48.72;-;-;47.43;56.79;54.60;58.01;63.49;58.01;54.77
Aug 23, 2018 2:00 AM;Aug 23, 2018 3:00 AM;-;57.08;48.40;48.40;55.11;50.00;48.40;-;-;47.30;53.55;53.20;53.44;61.34;53.44;53.20
Aug 23, 2018 3:00 AM;Aug 23, 2018 4:00 AM;-;54.53;48.63;48.63;53.29;50.24;48.63;-;-;47.77;52.41;51.99;52.23;59.34;52.23;51.99
Aug 23, 2018 4:00 AM;Aug 23, 2018 5:00 AM;-;55.70;48.79;48.79;54.12;50.40;48.79;-;-;47.37;53.02;52.90;52.75;60.01;52.75;52.92
Aug 23, 2018 5:00 AM;Aug 23, 2018 6:00 AM;-;59.89;54.65;54.65;57.53;51.76;50.10;-;-;49.31;57.37;57.00;55.51;61.50;55.51;57.00
Aug 23, 2018 6:00 AM;Aug 23, 2018 7:00 AM;-;67.05;66.67;66.67;66.67;66.20;50.48;-;-;54.09;66.16;66.10;66.67;66.67;66.67;66.10
Aug 23, 2018 7:00 AM;Aug 23, 2018 8:00 AM;-;69.91;69.91;69.91;69.91;69.91;50.63;-;-;62.44;73.18;74.27;69.91;69.91;69.91;74.27
Aug 23, 2018 8:00 AM;Aug 23, 2018 9:00 AM;-;73.77;73.77;73.77;73.77;73.77;50.83;-;-;66.42;74.86;75.39;73.77;73.77;73.77;75.39
Aug 23, 2018 9:00 AM;Aug 23, 2018 10:00 AM;-;72.10;71.92;71.92;71.98;71.78;50.85;-;-;70.19;73.51;74.64;71.92;71.98;71.92;74.64
Aug 23, 2018 10:00 AM;Aug 23, 2018 11:00 AM;-;73.54;69.92;69.92;71.69;67.61;51.05;-;-;68.45;70.53;72.00;69.92;70.10;70.10;72.00
Aug 23, 2018 11:00 AM;Aug 23, 2018 12:00 PM;-;77.51;64.98;64.98;71.14;57.85;50.99;-;-;64.96;69.06;75.71;64.98;70.00;77.00;75.71
Aug 23, 2018 12:00 PM;Aug 23, 2018 1:00 PM;-;80.82;58.61;60.05;70.00;52.60;50.92;-;-;60.05;63.24;84.44;58.61;67.86;85.10;85.07
Aug 23, 2018 1:00 PM;Aug 23, 2018 2:00 PM;-;82.85;53.40;56.12;69.11;52.76;51.08;-;-;56.12;63.03;82.00;53.40;67.92;105.03;88.00
Aug 23, 2018 2:00 PM;Aug 23, 2018 3:00 PM;-;81.57;54.01;57.41;68.89;54.40;50.93;-;-;57.41;63.00;73.07;54.01;68.89;85.10;85.94
Aug 23, 2018 3:00 PM;Aug 23, 2018 4:00 PM;-;73.30;60.93;62.43;67.00;54.50;50.92;-;-;62.43;63.16;80.00;60.93;67.00;77.10;80.00
Aug 23, 2018 4:00 PM;Aug 23, 2018 5:00 PM;-;69.12;66.68;66.68;67.86;65.00;50.93;-;-;66.68;66.20;75.01;66.68;67.86;80.01;75.01
Aug 23, 2018 5:00 PM;Aug 23, 2018 6:00 PM;-;70.16;69.91;69.91;70.00;69.71;51.01;-;-;69.91;69.67;70.20;69.91;70.00;69.91;70.20
Aug 23, 2018 6:00 PM;Aug 23, 2018 7:00 PM;-;73.22;72.86;72.86;73.02;72.51;50.71;-;-;71.11;73.00;73.00;72.86;73.02;72.86;73.00
Aug 23, 2018 7:00 PM;Aug 23, 2018 8:00 PM;-;74.36;73.97;73.97;74.14;73.62;50.69;-;-;72.20;75.76;76.50;73.97;74.14;73.97;76.50
Aug 23, 2018 8:00 PM;Aug 23, 2018 9:00 PM;-;74.19;74.19;74.19;74.19;74.19;50.72;-;-;71.24;74.30;75.43;74.19;74.19;74.19;79.03
Aug 23, 2018 9:00 PM;Aug 23, 2018 10:00 PM;-;72.82;72.82;72.82;72.82;72.82;50.77;-;-;67.85;72.36;72.35;72.82;72.82;72.82;72.35
Aug 23, 2018 10:00 PM;Aug 23, 2018 11:00 PM;-;70.13;69.73;69.73;69.89;69.40;50.65;-;-;59.86;70.16;70.02;69.73;69.89;69.73;70.02
Aug 23, 2018 11:00 PM;Aug 24, 2018 12:00 AM;-;67.80;59.63;59.63;64.00;60.00;50.31;-;-;50.31;64.74;63.63;59.63;64.00;59.63;63.63
Aug 24, 2018 12:00 AM;Aug 24, 2018 1:00 AM;-;70.00;50.42;50.42;62.43;63.23;50.42;-;-;50.42;59.44;51.58;50.42;70.84;50.42;52.00
Aug 24, 2018 1:00 AM;Aug 24, 2018 2:00 AM;-;53.21;50.21;50.21;52.50;52.50;50.21;-;-;50.21;55.96;50.10;51.45;66.00;51.45;50.10
Aug 24, 2018 2:00 AM;Aug 24, 2018 3:00 AM;-;51.37;49.73;49.73;51.37;51.37;49.73;-;-;49.73;53.93;48.38;51.37;62.88;51.37;48.94
Aug 24, 2018 3:00 AM;Aug 24, 2018 4:00 AM;-;49.95;49.06;49.06;49.95;49.95;49.06;-;-;49.06;52.11;47.80;49.95;62.63;49.95;47.80
Aug 24, 2018 4:00 AM;Aug 24, 2018 5:00 AM;-;49.62;48.97;48.97;49.62;49.62;48.97;-;-;48.97;51.07;47.64;49.62;61.00;49.62;47.78
Aug 24, 2018 5:00 AM;Aug 24, 2018 6:00 AM;-;51.10;49.62;49.62;51.10;51.10;49.62;-;-;49.62;54.32;50.04;51.10;62.88;51.10;50.04
Aug 24, 2018 6:00 AM;Aug 24, 2018 7:00 AM;-;61.42;53.18;53.18;61.26;60.83;50.63;-;-;53.18;60.99;57.70;61.11;64.13;61.11;57.70
Aug 24, 2018 7:00 AM;Aug 24, 2018 8:00 AM;-;66.90;60.33;60.33;66.90;66.90;50.94;-;-;60.33;66.01;64.90;66.90;66.90;66.90;64.90
Aug 24, 2018 8:00 AM;Aug 24, 2018 9:00 AM;-;68.76;64.98;64.98;68.76;68.76;51.55;-;-;64.98;68.40;68.00;68.76;68.76;68.76;68.00
Aug 24, 2018 9:00 AM;Aug 24, 2018 10:00 AM;-;68.84;62.96;62.96;68.84;68.84;51.67;-;-;62.96;68.83;68.06;68.84;68.84;68.84;68.06
Aug 24, 2018 10:00 AM;Aug 24, 2018 11:00 AM;-;68.32;57.89;57.89;68.32;68.32;51.62;-;-;57.89;67.85;65.77;68.32;68.32;68.32;66.93
Aug 24, 2018 11:00 AM;Aug 24, 2018 12:00 PM;-;76.97;54.87;54.87;67.86;54.96;51.39;-;-;54.87;68.43;65.00;59.00;67.86;60.00;66.02
Aug 24, 2018 12:00 PM;Aug 24, 2018 1:00 PM;-;83.95;51.43;52.51;67.46;50.40;50.59;-;-;52.51;66.03;68.00;51.43;67.46;67.46;72.58
Aug 24, 2018 1:00 PM;Aug 24, 2018 2:00 PM;-;81.50;49.29;51.80;65.21;49.29;50.11;-;-;51.80;66.41;56.54;49.29;65.21;65.21;71.78
Aug 24, 2018 2:00 PM;Aug 24, 2018 3:00 PM;-;76.47;48.84;50.63;62.63;48.90;48.86;-;-;50.63;65.27;48.25;48.84;62.63;62.63;66.66
Aug 24, 2018 3:00 PM;Aug 24, 2018 4:00 PM;-;73.81;48.07;49.45;60.87;49.00;48.59;-;-;49.45;63.63;50.07;48.07;65.00;65.00;67.50
Aug 24, 2018 4:00 PM;Aug 24, 2018 5:00 PM;-;70.87;48.05;49.35;59.77;50.00;49.35;-;-;49.35;61.95;52.97;48.05;66.86;66.86;63.95
Aug 24, 2018 5:00 PM;Aug 24, 2018 6:00 PM;-;66.18;50.98;50.15;58.14;50.98;50.15;-;-;50.15;61.89;56.01;50.98;68.10;68.10;61.79
Aug 24, 2018 6:00 PM;Aug 24, 2018 7:00 PM;-;66.99;53.53;53.53;64.50;58.96;50.73;-;-;52.53;62.10;61.67;62.32;67.23;67.23;63.90
Aug 24, 2018 7:00 PM;Aug 24, 2018 8:00 PM;-;68.47;53.53;53.53;68.47;68.47;50.71;-;-;53.53;66.55;64.53;68.47;68.47;68.47;65.01
Aug 24, 2018 8:00 PM;Aug 24, 2018 9:00 PM;-;68.00;52.85;52.85;68.00;68.00;50.74;-;-;52.85;69.10;67.53;68.00;70.45;70.45;70.84
Aug 24, 2018 9:00 PM;Aug 24, 2018 10:00 PM;-;67.14;52.87;52.87;67.14;67.14;50.75;-;-;52.87;68.16;67.38;67.14;67.25;67.25;67.53
Aug 24, 2018 10:00 PM;Aug 24, 2018 11:00 PM;-;67.81;50.27;50.27;65.94;63.80;50.27;-;-;50.27;64.52;63.96;64.27;65.94;65.94;67.03
Aug 24, 2018 11:00 PM;Aug 25, 2018 12:00 AM;-;71.30;49.50;49.50;64.67;57.00;49.50;-;-;49.50;58.76;56.77;58.73;64.67;64.67;62.02
Aug 25, 2018 12:00 AM;Aug 25, 2018 1:00 AM;-;58.52;50.21;50.21;57.93;56.66;50.21;-;-;50.21;60.03;55.99;57.44;71.76;57.44;57.55
Aug 25, 2018 1:00 AM;Aug 25, 2018 2:00 AM;-;55.97;49.55;49.55;55.97;55.97;49.55;-;-;49.55;56.36;53.35;55.97;68.08;55.97;53.35
Aug 25, 2018 2:00 AM;Aug 25, 2018 3:00 AM;-;53.57;49.10;49.10;53.57;53.57;49.10;-;-;49.10;53.28;50.23;53.57;65.00;53.57;50.23
Aug 25, 2018 3:00 AM;Aug 25, 2018 4:00 AM;-;51.26;49.28;49.28;51.26;51.26;49.28;-;-;49.28;50.93;49.03;51.26;63.49;51.26;49.03
Aug 25, 2018 4:00 AM;Aug 25, 2018 5:00 AM;-;50.86;49.23;49.23;50.86;50.86;49.23;-;-;49.23;49.90;48.80;50.86;63.17;50.86;48.80
Aug 25, 2018 5:00 AM;Aug 25, 2018 6:00 AM;-;51.03;49.38;49.38;51.03;51.03;49.38;-;-;49.38;51.10;48.75;51.03;63.49;51.03;48.75
Aug 25, 2018 6:00 AM;Aug 25, 2018 7:00 AM;-;51.16;49.64;49.64;51.16;51.16;49.64;-;-;49.64;53.31;50.01;51.16;63.00;51.16;53.45
Aug 25, 2018 7:00 AM;Aug 25, 2018 8:00 AM;-;53.57;51.09;51.09;53.57;53.57;51.09;-;-;51.09;55.86;54.10;53.57;65.05;65.05;62.90
Aug 25, 2018 8:00 AM;Aug 25, 2018 9:00 AM;-;58.05;54.62;54.62;58.05;58.05;51.44;-;-;54.62;58.41;57.10;58.05;65.48;65.48;64.99
Aug 25, 2018 9:00 AM;Aug 25, 2018 10:00 AM;-;61.26;56.72;56.72;61.26;61.26;51.90;-;-;55.20;61.97;59.30;61.26;67.86;67.86;67.13
Aug 25, 2018 10:00 AM;Aug 25, 2018 11:00 AM;-;66.62;55.49;54.25;61.26;64.56;52.10;-;-;54.16;60.85;59.40;55.49;64.36;68.10;68.00
Aug 25, 2018 11:00 AM;Aug 25, 2018 12:00 PM;-;72.14;50.52;51.76;62.00;70.64;51.76;-;-;51.76;60.72;59.00;50.52;63.75;63.75;66.98
Aug 25, 2018 12:00 PM;Aug 25, 2018 1:00 PM;-;80.83;48.72;50.34;64.47;52.00;50.34;-;-;50.34;61.66;51.50;48.72;64.47;64.47;67.84
Aug 25, 2018 1:00 PM;Aug 25, 2018 2:00 PM;-;78.94;49.79;49.79;60.12;51.44;49.79;-;-;49.79;60.78;48.35;41.37;62.44;62.44;63.76
Aug 25, 2018 2:00 PM;Aug 25, 2018 3:00 PM;-;70.28;49.61;49.61;55.36;51.25;49.61;-;-;49.61;60.08;47.90;40.29;61.21;61.21;61.73
Aug 25, 2018 3:00 PM;Aug 25, 2018 4:00 PM;-;75.50;49.62;49.62;58.16;51.26;49.62;-;-;49.62;58.99;50.77;40.81;61.47;61.47;60.04
Aug 25, 2018 4:00 PM;Aug 25, 2018 5:00 PM;-;70.27;46.27;50.30;58.13;51.97;50.30;-;-;50.30;58.19;48.90;46.27;63.00;63.00;62.15
Aug 25, 2018 5:00 PM;Aug 25, 2018 6:00 PM;-;67.88;50.04;52.20;59.02;58.00;51.81;-;-;52.20;58.92;51.80;50.04;64.00;64.00;64.53
Aug 25, 2018 6:00 PM;Aug 25, 2018 7:00 PM;-;68.48;60.62;58.45;64.15;55.00;51.88;-;-;55.37;62.54;59.93;60.62;64.76;64.76;63.24
Aug 25, 2018 7:00 PM;Aug 25, 2018 8:00 PM;-;66.01;59.99;59.99;66.01;66.01;51.85;-;-;57.05;64.73;63.88;66.01;66.01;66.01;63.88
Aug 25, 2018 8:00 PM;Aug 25, 2018 9:00 PM;-;68.56;57.45;57.45;67.99;68.91;51.91;-;-;55.93;65.26;65.78;67.34;67.99;67.99;70.05
Aug 25, 2018 9:00 PM;Aug 25, 2018 10:00 PM;-;70.00;58.22;58.22;67.67;71.33;51.92;-;-;55.65;64.39;63.59;65.00;67.67;65.00;64.03
Aug 25, 2018 10:00 PM;Aug 25, 2018 11:00 PM;-;71.69;53.12;53.12;66.69;74.42;51.79;-;-;53.12;63.72;61.40;60.98;66.69;60.98;61.98
Aug 25, 2018 11:00 PM;Aug 26, 2018 12:00 AM;-;81.02;49.88;49.88;66.05;77.41;49.88;-;-;49.88;61.96;55.62;49.88;65.59;49.88;57.42
Aug 26, 2018 12:00 AM;Aug 26, 2018 1:00 AM;-;78.94;48.49;50.02;63.54;51.68;50.02;-;-;50.02;60.40;50.57;48.49;63.54;48.49;50.57
Aug 26, 2018 1:00 AM;Aug 26, 2018 2:00 AM;-;59.90;46.00;49.49;57.06;51.20;49.49;-;-;49.49;56.52;47.00;46.00;60.60;46.00;47.00
Aug 26, 2018 2:00 AM;Aug 26, 2018 3:00 AM;-;58.87;42.09;45.82;58.87;58.87;48.89;-;-;48.89;54.21;45.20;42.09;58.87;42.09;45.20
Aug 26, 2018 3:00 AM;Aug 26, 2018 4:00 AM;-;54.50;48.56;48.56;54.50;54.50;48.56;-;-;48.56;52.75;43.08;46.12;54.50;46.12;43.08
Aug 26, 2018 4:00 AM;Aug 26, 2018 5:00 AM;-;50.06;48.45;48.45;50.06;50.06;48.45;-;-;48.45;51.30;43.26;44.93;50.06;44.93;43.26
Aug 26, 2018 5:00 AM;Aug 26, 2018 6:00 AM;-;49.83;48.24;48.24;49.83;49.83;48.24;-;-;48.24;51.04;42.97;45.92;57.73;45.92;42.97
Aug 26, 2018 6:00 AM;Aug 26, 2018 7:00 AM;-;48.90;48.39;48.39;48.90;48.90;48.39;-;-;48.39;51.04;42.76;46.51;57.84;46.51;42.76
Aug 26, 2018 7:00 AM;Aug 26, 2018 8:00 AM;-;47.68;49.25;49.25;47.68;47.68;49.25;-;-;49.25;51.15;44.46;47.68;51.57;47.68;44.46
Aug 26, 2018 8:00 AM;Aug 26, 2018 9:00 AM;-;49.05;50.26;50.26;49.05;49.05;50.26;-;-;50.26;52.02;46.68;49.05;50.00;49.05;46.68
Aug 26, 2018 9:00 AM;Aug 26, 2018 10:00 AM;-;49.08;50.19;52.39;49.08;49.08;50.19;-;-;52.39;50.71;47.31;47.35;55.39;47.35;49.38
Aug 26, 2018 10:00 AM;Aug 26, 2018 11:00 AM;-;51.94;50.28;54.43;51.94;51.94;50.28;-;-;54.43;46.97;48.79;40.48;55.05;49.70;55.83
Aug 26, 2018 11:00 AM;Aug 26, 2018 12:00 PM;-;53.88;50.72;54.77;53.88;53.88;50.72;-;-;54.77;47.96;47.09;37.80;53.88;49.10;54.10
Aug 26, 2018 12:00 PM;Aug 26, 2018 1:00 PM;-;55.86;50.55;53.38;55.86;55.86;50.55;-;-;53.38;47.06;44.75;40.43;55.86;49.70;53.50
Aug 26, 2018 1:00 PM;Aug 26, 2018 2:00 PM;-;51.00;49.04;52.69;51.00;51.00;49.04;-;-;52.69;44.02;43.30;31.53;51.00;41.10;49.38
Aug 26, 2018 2:00 PM;Aug 26, 2018 3:00 PM;-;46.00;48.15;52.10;46.00;46.00;48.15;-;-;52.10;45.30;40.32;32.09;50.52;32.09;47.53
Aug 26, 2018 3:00 PM;Aug 26, 2018 4:00 PM;-;43.01;43.01;50.29;43.01;43.01;48.29;-;-;50.29;45.03;42.19;43.01;53.75;43.01;48.04
Aug 26, 2018 4:00 PM;Aug 26, 2018 5:00 PM;-;46.00;46.00;50.46;46.00;46.00;49.30;-;-;50.46;48.01;46.00;46.00;57.84;46.00;49.38
Aug 26, 2018 5:00 PM;Aug 26, 2018 6:00 PM;-;49.07;49.07;52.02;49.07;49.07;51.38;-;-;52.02;53.34;48.68;49.07;62.21;49.07;52.22
Aug 26, 2018 6:00 PM;Aug 26, 2018 7:00 PM;-;59.97;59.97;59.97;59.97;59.97;52.45;-;-;58.36;62.15;58.10;59.97;64.52;59.97;59.05
Aug 26, 2018 7:00 PM;Aug 26, 2018 8:00 PM;-;68.10;68.10;68.10;68.10;68.10;52.76;-;-;58.82;65.57;64.50;68.10;68.25;68.10;64.50
Aug 26, 2018 8:00 PM;Aug 26, 2018 9:00 PM;-;70.00;70.00;70.00;70.00;70.00;52.94;-;-;59.91;67.42;66.84;70.00;70.00;70.00;67.85
Aug 26, 2018 9:00 PM;Aug 26, 2018 10:00 PM;-;68.01;63.94;63.94;68.01;68.01;53.21;-;-;59.14;67.07;66.45;68.01;68.25;68.01;66.45
Aug 26, 2018 10:00 PM;Aug 26, 2018 11:00 PM;-;63.64;53.61;53.61;63.43;62.98;52.92;-;-;53.61;64.44;64.02;63.26;64.96;63.26;64.02
Aug 26, 2018 11:00 PM;Aug 27, 2018 12:00 AM;-;51.10;50.15;50.15;59.48;51.10;50.15;-;-;50.15;60.13;57.73;50.15;63.00;50.15;57.73
Aug 27, 2018 12:00 AM;Aug 27, 2018 1:00 AM;-;65.77;29.08;50.00;48.18;47.84;50.00;-;-;50.00;61.34;41.90;29.08;60.23;29.08;41.90
Aug 27, 2018 1:00 AM;Aug 27, 2018 2:00 AM;-;61.80;27.12;48.67;45.39;47.12;48.67;-;-;48.67;57.74;37.46;27.12;57.06;27.12;37.46
Aug 27, 2018 2:00 AM;Aug 27, 2018 3:00 AM;-;43.06;27.59;47.22;35.55;35.30;47.22;-;-;47.22;51.18;31.55;27.59;52.26;27.59;31.55
Aug 27, 2018 3:00 AM;Aug 27, 2018 4:00 AM;-;35.10;21.42;21.42;28.79;30.39;45.07;-;-;45.07;52.72;29.66;21.42;52.13;21.42;29.66
Aug 27, 2018 4:00 AM;Aug 27, 2018 5:00 AM;-;46.51;19.98;19.98;34.04;34.28;35.41;-;-;45.08;50.98;30.07;19.98;52.13;19.98;30.07
Aug 27, 2018 5:00 AM;Aug 27, 2018 6:00 AM;-;42.55;24.53;24.53;33.99;32.21;31.44;-;-;48.82;55.11;40.01;24.53;57.06;24.53;40.01
Aug 27, 2018 6:00 AM;Aug 27, 2018 7:00 AM;-;60.00;43.23;43.23;51.82;49.10;47.26;-;-;51.83;59.44;49.22;43.23;61.20;43.23;49.22
Aug 27, 2018 7:00 AM;Aug 27, 2018 8:00 AM;-;66.32;51.82;54.95;58.82;51.82;49.74;-;-;54.95;64.64;58.08;51.82;64.10;57.33;59.33
Aug 27, 2018 8:00 AM;Aug 27, 2018 9:00 AM;-;81.63;52.83;61.16;66.90;55.00;50.88;-;-;61.16;65.95;59.75;52.83;68.24;53.14;61.68
Aug 27, 2018 9:00 AM;Aug 27, 2018 10:00 AM;-;83.15;51.09;60.58;67.41;63.88;51.09;-;-;60.58;66.05;59.75;51.09;67.41;52.19;62.07
Aug 27, 2018 10:00 AM;Aug 27, 2018 11:00 AM;-;86.33;50.52;60.04;67.12;63.60;50.52;-;-;60.04;66.17;57.37;50.52;67.12;65.10;63.44
Aug 27, 2018 11:00 AM;Aug 27, 2018 12:00 PM;-;83.27;50.09;57.36;65.95;55.00;50.09;-;-;57.36;67.00;54.05;50.09;65.11;65.11;63.48
Aug 27, 2018 12:00 PM;Aug 27, 2018 1:00 PM;-;89.86;50.04;55.99;68.55;51.70;50.04;-;-;55.99;66.94;49.80;49.02;64.36;64.36;65.26
Aug 27, 2018 1:00 PM;Aug 27, 2018 2:00 PM;-;89.08;50.09;59.13;67.50;54.60;50.09;-;-;59.13;67.03;46.60;46.70;65.02;65.02;62.97
Aug 27, 2018 2:00 PM;Aug 27, 2018 3:00 PM;-;87.77;50.40;57.04;67.03;53.00;50.40;-;-;57.04;65.88;45.77;46.97;67.03;67.03;62.18
Aug 27, 2018 3:00 PM;Aug 27, 2018 4:00 PM;-;85.30;50.21;55.46;66.37;51.87;50.21;-;-;55.46;65.95;46.40;48.10;66.37;66.37;62.06
Aug 27, 2018 4:00 PM;Aug 27, 2018 5:00 PM;-;87.70;49.05;54.05;67.98;52.37;50.69;-;-;54.05;65.05;50.50;49.05;67.98;60.11;62.11
Aug 27, 2018 5:00 PM;Aug 27, 2018 6:00 PM;-;88.23;53.46;54.10;70.25;53.53;51.81;-;-;54.10;65.99;57.70;53.46;70.25;61.31;62.08
Aug 27, 2018 6:00 PM;Aug 27, 2018 7:00 PM;-;85.62;57.58;57.58;70.89;57.58;53.27;-;-;57.58;68.01;64.01;57.58;70.89;64.03;64.01
Aug 27, 2018 7:00 PM;Aug 27, 2018 8:00 PM;-;84.19;62.18;62.18;73.52;64.80;53.21;-;-;62.18;69.93;67.31;63.71;73.52;63.71;67.31
Aug 27, 2018 8:00 PM;Aug 27, 2018 9:00 PM;-;84.34;60.96;60.96;74.83;76.88;53.53;-;-;60.96;70.09;70.68;65.23;74.83;68.10;71.10
Aug 27, 2018 9:00 PM;Aug 27, 2018 10:00 PM;-;82.66;59.43;59.43;72.51;90.31;53.66;-;-;59.43;68.42;66.57;60.89;72.51;60.89;66.57
Aug 27, 2018 10:00 PM;Aug 27, 2018 11:00 PM;-;90.88;54.03;52.89;71.74;54.64;52.89;-;-;52.89;67.90;63.73;54.64;71.74;56.49;63.73
Aug 27, 2018 11:00 PM;Aug 28, 2018 12:00 AM;-;91.24;49.00;50.14;68.52;51.80;50.14;-;-;50.14;64.98;57.16;49.00;68.52;49.00;57.16
Aug 28, 2018 12:00 AM;Aug 28, 2018 1:00 AM;-;67.44;52.75;52.75;65.58;55.82;52.75;-;-;52.75;63.13;49.50;54.05;65.58;54.05;50.53
Aug 28, 2018 1:00 AM;Aug 28, 2018 2:00 AM;-;59.03;52.04;52.04;60.50;53.76;52.04;-;-;52.04;58.57;48.00;53.31;60.50;53.31;48.00
Aug 28, 2018 2:00 AM;Aug 28, 2018 3:00 AM;-;57.40;52.51;52.51;58.36;55.63;52.51;-;-;52.51;55.22;47.50;55.04;58.36;55.04;47.50
Aug 28, 2018 3:00 AM;Aug 28, 2018 4:00 AM;-;54.20;52.47;52.47;54.20;54.20;52.47;-;-;52.47;54.03;47.50;54.20;55.58;54.20;47.50
Aug 28, 2018 4:00 AM;Aug 28, 2018 5:00 AM;-;53.97;52.33;52.33;53.97;53.97;52.33;-;-;52.33;52.72;47.64;53.97;56.23;53.97;47.64
Aug 28, 2018 5:00 AM;Aug 28, 2018 6:00 AM;-;57.88;53.55;53.55;58.32;57.54;53.55;-;-;53.55;56.29;51.31;54.87;59.52;54.87;51.31
Aug 28, 2018 6:00 AM;Aug 28, 2018 7:00 AM;-;64.69;62.70;62.70;64.69;64.69;54.50;-;-;62.70;63.76;63.76;64.69;64.69;64.69;63.76
Aug 28, 2018 7:00 AM;Aug 28, 2018 8:00 AM;-;70.01;70.00;70.00;70.00;70.00;55.63;-;-;69.73;71.01;69.44;70.00;70.00;70.00;69.44
Aug 28, 2018 8:00 AM;Aug 28, 2018 9:00 AM;-;72.18;72.18;72.18;72.18;72.18;55.60;-;-;72.18;74.60;73.08;72.18;72.18;72.18;73.08
Aug 28, 2018 9:00 AM;Aug 28, 2018 10:00 AM;-;72.24;72.24;72.24;72.24;72.24;55.45;-;-;72.24;73.49;73.50;72.24;72.24;72.24;73.50
Aug 28, 2018 10:00 AM;Aug 28, 2018 11:00 AM;-;74.32;70.53;70.53;72.14;73.58;55.39;-;-;70.53;70.50;70.00;70.53;70.53;70.53;70.00
Aug 28, 2018 11:00 AM;Aug 28, 2018 12:00 PM;-;72.78;69.95;69.95;71.19;70.69;55.73;-;-;69.95;69.98;68.50;69.95;70.00;69.95;68.50
Aug 28, 2018 12:00 PM;Aug 28, 2018 1:00 PM;-;78.46;66.20;66.20;70.19;69.90;55.86;-;-;66.20;69.20;66.02;63.21;65.00;63.21;66.02
Aug 28, 2018 1:00 PM;Aug 28, 2018 2:00 PM;-;67.44;68.65;68.65;67.47;67.00;55.77;-;-;68.65;68.18;63.26;67.00;67.00;67.00;63.26
Aug 28, 2018 2:00 PM;Aug 28, 2018 3:00 PM;-;71.25;67.10;67.10;68.01;67.29;55.80;-;-;67.10;69.44;64.60;62.93;68.01;62.93;64.60
Aug 28, 2018 3:00 PM;Aug 28, 2018 4:00 PM;-;67.14;68.16;68.16;67.14;67.14;55.00;-;-;68.16;69.21;66.54;67.14;67.14;67.14;66.54
Aug 28, 2018 4:00 PM;Aug 28, 2018 5:00 PM;-;68.74;68.74;68.74;68.74;68.74;55.27;-;-;68.74;69.41;68.64;68.74;68.74;68.74;68.64
Aug 28, 2018 5:00 PM;Aug 28, 2018 6:00 PM;-;71.95;71.95;71.95;71.95;71.95;55.34;-;-;71.95;74.74;74.30;71.95;71.95;71.95;74.30
Aug 28, 2018 6:00 PM;Aug 28, 2018 7:00 PM;-;74.97;74.97;74.97;74.97;74.97;55.12;-;-;73.17;78.08;78.81;74.97;74.97;74.97;78.81
Aug 28, 2018 7:00 PM;Aug 28, 2018 8:00 PM;-;79.52;79.52;79.52;79.52;79.52;54.93;-;-;79.52;81.62;84.60;79.52;79.52;79.52;84.60
Aug 28, 2018 8:00 PM;Aug 28, 2018 9:00 PM;-;82.51;82.51;82.51;82.51;82.51;55.21;-;-;82.51;81.96;85.50;82.51;82.51;82.51;85.50
Aug 28, 2018 9:00 PM;Aug 28, 2018 10:00 PM;-;75.51;73.82;73.82;74.46;75.35;55.27;-;-;72.76;78.03;78.26;73.82;74.46;73.82;78.26
Aug 28, 2018 10:00 PM;Aug 28, 2018 11:00 PM;-;75.01;69.92;69.92;72.14;71.63;54.76;-;-;64.96;72.12;71.30;69.92;72.14;69.92;71.30
Aug 28, 2018 11:00 PM;Aug 29, 2018 12:00 AM;-;76.53;58.82;58.82;67.29;56.07;54.28;-;-;57.40;65.09;64.92;58.82;67.29;58.82;64.92
Aug 29, 2018 12:00 AM;Aug 29, 2018 1:00 AM;-;69.85;56.16;56.16;63.59;58.01;56.16;-;-;56.16;64.38;58.46;56.16;64.08;56.16;58.46
Aug 29, 2018 1:00 AM;Aug 29, 2018 2:00 AM;-;54.87;54.87;54.87;54.87;54.87;54.11;-;-;54.11;62.02;56.71;54.87;62.40;58.00;56.71
Aug 29, 2018 2:00 AM;Aug 29, 2018 3:00 AM;-;53.54;53.54;53.05;53.54;53.54;53.05;-;-;53.05;58.85;54.87;53.54;60.02;53.54;54.87
Aug 29, 2018 3:00 AM;Aug 29, 2018 4:00 AM;-;51.15;51.15;52.40;51.15;51.15;52.40;-;-;52.40;55.87;53.75;51.15;59.97;51.15;53.75
Aug 29, 2018 4:00 AM;Aug 29, 2018 5:00 AM;-;51.25;51.25;52.51;51.25;51.25;52.51;-;-;52.51;55.89;53.96;51.25;59.98;51.25;53.96
Aug 29, 2018 5:00 AM;Aug 29, 2018 6:00 AM;-;54.10;54.10;54.44;54.10;54.10;54.44;-;-;54.44;58.50;56.20;54.10;62.13;54.10;56.20
Aug 29, 2018 6:00 AM;Aug 29, 2018 7:00 AM;-;67.13;66.68;66.68;66.90;66.29;55.73;-;-;65.08;66.19;66.30;66.68;66.90;66.68;66.30
Aug 29, 2018 7:00 AM;Aug 29, 2018 8:00 AM;-;71.95;71.95;71.95;71.95;71.95;57.76;-;-;71.95;72.07;71.61;71.95;71.95;71.95;71.61
Aug 29, 2018 8:00 AM;Aug 29, 2018 9:00 AM;-;73.66;73.66;73.66;73.66;73.66;57.61;-;-;73.66;72.61;72.30;73.66;73.66;73.66;72.30
Aug 29, 2018 9:00 AM;Aug 29, 2018 10:00 AM;-;83.50;73.06;73.06;76.58;80.82;57.74;-;-;73.06;71.00;70.60;72.13;73.66;72.13;70.60
Aug 29, 2018 10:00 AM;Aug 29, 2018 11:00 AM;-;88.37;71.10;71.10;75.94;84.05;57.76;-;-;71.10;70.04;66.06;68.17;73.01;73.01;66.06
Aug 29, 2018 11:00 AM;Aug 29, 2018 12:00 PM;-;95.27;71.03;71.03;75.27;79.44;57.51;-;-;71.03;70.92;64.20;62.56;73.01;73.01;64.85
Aug 29, 2018 12:00 PM;Aug 29, 2018 1:00 PM;-;108.14;67.91;67.91;75.00;79.15;57.18;-;-;67.91;68.37;59.53;53.20;68.45;68.45;62.61
Aug 29, 2018 1:00 PM;Aug 29, 2018 2:00 PM;-;109.84;64.99;64.99;75.18;79.34;57.02;-;-;64.99;68.67;57.50;52.01;68.96;68.96;68.01
Aug 29, 2018 2:00 PM;Aug 29, 2018 3:00 PM;-;102.35;64.94;64.94;74.01;78.11;57.21;-;-;64.94;67.70;58.77;54.95;74.01;74.01;64.40
Aug 29, 2018 3:00 PM;Aug 29, 2018 4:00 PM;-;78.95;68.67;68.81;72.50;75.00;56.79;-;-;68.81;67.76;64.09;68.29;72.50;72.50;65.46
Aug 29, 2018 4:00 PM;Aug 29, 2018 5:00 PM;-;76.36;70.07;70.07;72.53;75.04;56.83;-;-;70.07;68.18;66.42;70.07;72.53;72.53;66.85
Aug 29, 2018 5:00 PM;Aug 29, 2018 6:00 PM;-;75.00;73.28;73.28;72.19;74.07;56.73;-;-;73.28;70.27;70.36;73.28;72.90;72.90;70.36
Aug 29, 2018 6:00 PM;Aug 29, 2018 7:00 PM;-;75.40;75.02;75.02;74.78;75.19;57.02;-;-;75.02;72.53;72.70;75.02;74.78;74.78;72.70
Aug 29, 2018 7:00 PM;Aug 29, 2018 8:00 PM;-;74.90;74.90;74.90;74.90;74.90;57.74;-;-;74.90;74.72;75.44;74.90;74.90;74.90;75.44
Aug 29, 2018 8:00 PM;Aug 29, 2018 9:00 PM;-;74.10;74.10;74.10;74.10;74.10;58.39;-;-;74.10;75.21;76.15;74.10;74.83;74.10;76.15
Aug 29, 2018 9:00 PM;Aug 29, 2018 10:00 PM;-;70.74;70.74;70.74;70.74;70.74;56.25;-;-;66.99;69.87;69.60;70.74;70.74;70.74;69.60
Aug 29, 2018 10:00 PM;Aug 29, 2018 11:00 PM;-;84.44;55.04;53.93;69.84;55.71;53.93;-;-;53.93;66.56;63.49;55.04;69.84;55.04;63.49
Aug 29, 2018 11:00 PM;Aug 30, 2018 12:00 AM;-;78.34;51.14;52.25;64.69;53.98;52.25;-;-;52.25;64.37;54.85;51.14;67.00;67.00;54.85
Aug 30, 2018 12:00 AM;Aug 30, 2018 1:00 AM;-;60.46;51.14;51.78;55.90;53.49;51.78;-;-;51.78;59.23;49.02;51.14;72.02;54.01;51.29
Aug 30, 2018 1:00 AM;Aug 30, 2018 2:00 AM;-;62.48;50.30;50.30;55.87;49.09;50.30;-;-;50.30;54.07;48.15;49.09;70.00;49.09;48.67
Aug 30, 2018 2:00 AM;Aug 30, 2018 3:00 AM;-;56.90;49.84;49.84;52.74;48.48;49.84;-;-;49.84;51.42;46.67;48.48;68.96;48.48;46.67
Aug 30, 2018 3:00 AM;Aug 30, 2018 4:00 AM;-;53.75;49.61;49.61;50.91;48.03;49.61;-;-;49.61;49.81;45.10;48.03;66.58;48.03;45.10
Aug 30, 2018 4:00 AM;Aug 30, 2018 5:00 AM;-;52.56;50.00;50.00;50.50;48.40;50.00;-;-;50.00;49.55;45.72;48.40;66.58;48.40;45.72
Aug 30, 2018 5:00 AM;Aug 30, 2018 6:00 AM;-;66.05;51.09;52.56;58.64;51.09;52.56;-;-;52.56;52.62;48.20;51.09;70.00;51.09;48.87
Aug 30, 2018 6:00 AM;Aug 30, 2018 7:00 AM;-;72.35;57.00;57.00;64.15;57.00;55.50;-;-;56.47;63.63;55.91;57.00;75.27;57.00;55.91
Aug 30, 2018 7:00 AM;Aug 30, 2018 8:00 AM;-;77.98;66.14;66.14;71.34;57.61;55.77;-;-;66.14;69.27;66.51;66.14;72.50;66.14;66.51
Aug 30, 2018 8:00 AM;Aug 30, 2018 9:00 AM;-;83.19;69.40;70.89;74.83;58.78;56.90;-;-;70.89;71.87;69.30;69.40;74.83;69.40;69.30
Aug 30, 2018 9:00 AM;Aug 30, 2018 10:00 AM;-;95.40;68.31;72.35;76.75;58.69;56.82;-;-;72.35;72.86;68.25;68.31;76.75;76.10;68.25
Aug 30, 2018 10:00 AM;Aug 30, 2018 11:00 AM;-;96.78;64.60;74.08;75.43;57.89;56.04;-;-;74.08;72.10;61.76;64.60;75.43;75.43;68.08
Aug 30, 2018 11:00 AM;Aug 30, 2018 12:00 PM;-;92.43;56.99;76.12;74.52;57.00;55.18;-;-;76.12;73.71;60.69;56.99;74.52;74.52;70.79
Aug 30, 2018 12:00 PM;Aug 30, 2018 1:00 PM;-;100.26;52.03;76.29;74.23;52.12;53.85;-;-;76.29;71.24;65.00;52.03;74.23;74.23;72.30
Aug 30, 2018 1:00 PM;Aug 30, 2018 2:00 PM;-;100.00;53.44;76.82;74.96;55.20;53.44;-;-;76.82;71.71;51.04;51.64;74.96;74.96;73.97
Aug 30, 2018 2:00 PM;Aug 30, 2018 3:00 PM;-;101.08;53.32;74.16;73.77;55.08;53.32;-;-;74.16;72.19;49.82;51.13;73.77;73.77;75.01
Aug 30, 2018 3:00 PM;Aug 30, 2018 4:00 PM;-;101.55;53.47;70.36;73.77;55.24;53.47;-;-;70.36;72.15;50.66;51.05;73.77;73.77;74.34
Aug 30, 2018 4:00 PM;Aug 30, 2018 5:00 PM;-;99.92;51.03;66.22;72.93;55.55;53.77;-;-;66.22;72.25;51.82;51.03;73.66;73.66;73.43
Aug 30, 2018 5:00 PM;Aug 30, 2018 6:00 PM;-;85.24;56.72;63.20;72.13;59.00;55.58;-;-;63.20;71.74;57.25;56.72;73.66;73.66;68.70
Aug 30, 2018 6:00 PM;Aug 30, 2018 7:00 PM;-;81.39;67.10;65.49;73.66;58.90;56.51;-;-;65.49;70.24;64.47;67.10;73.66;67.10;66.00
Aug 30, 2018 7:00 PM;Aug 30, 2018 8:00 PM;-;79.46;68.31;68.31;74.83;63.35;56.69;-;-;68.31;69.57;68.20;70.92;74.83;74.83;72.51
Aug 30, 2018 8:00 PM;Aug 30, 2018 9:00 PM;-;75.45;69.77;69.77;73.69;71.91;56.90;-;-;69.77;70.23;69.45;71.91;76.10;76.10;75.02
Aug 30, 2018 9:00 PM;Aug 30, 2018 10:00 PM;-;80.37;63.70;63.70;73.34;69.90;57.69;-;-;63.70;70.01;64.92;65.27;74.83;65.27;65.11
Aug 30, 2018 10:00 PM;Aug 30, 2018 11:00 PM;-;84.75;57.46;56.16;71.59;58.02;56.16;-;-;56.16;70.00;55.48;57.54;74.83;74.83;62.56
Aug 30, 2018 11:00 PM;Aug 31, 2018 12:00 AM;-;80.91;52.63;53.92;66.19;57.00;53.92;-;-;53.92;64.92;51.00;52.63;71.16;71.16;57.04
Aug 31, 2018 12:00 AM;Aug 31, 2018 1:00 AM;-;64.41;52.57;53.87;61.90;55.65;53.87;-;-;53.87;59.67;53.89;52.57;71.37;52.57;53.89
Aug 31, 2018 1:00 AM;Aug 31, 2018 2:00 AM;-;61.05;52.80;52.80;56.69;52.80;52.80;-;-;52.80;57.05;52.46;52.80;72.53;54.00;52.46
Aug 31, 2018 2:00 AM;Aug 31, 2018 3:00 AM;-;54.29;52.66;52.66;54.29;54.29;52.66;-;-;52.66;54.41;51.55;52.66;68.00;52.66;51.55
Aug 31, 2018 3:00 AM;Aug 31, 2018 4:00 AM;-;53.04;53.04;53.04;53.04;53.04;53.04;-;-;53.04;52.67;50.61;53.04;68.00;53.04;50.61
Aug 31, 2018 4:00 AM;Aug 31, 2018 5:00 AM;-;52.09;52.09;53.43;52.09;52.09;53.43;-;-;53.43;52.29;50.59;52.09;67.84;52.09;50.59
Aug 31, 2018 5:00 AM;Aug 31, 2018 6:00 AM;-;53.58;53.58;55.41;53.58;53.58;55.41;-;-;55.41;54.33;53.60;53.58;69.67;53.58;53.60
Aug 31, 2018 6:00 AM;Aug 31, 2018 7:00 AM;-;64.33;62.11;60.28;64.15;63.70;58.68;-;-;58.94;64.91;64.17;63.98;72.53;63.98;64.17
Aug 31, 2018 7:00 AM;Aug 31, 2018 8:00 AM;-;73.75;70.80;70.80;72.18;68.39;60.14;-;-;68.05;71.71;72.81;70.80;72.53;70.80;72.81
Aug 31, 2018 8:00 AM;Aug 31, 2018 9:00 AM;-;73.72;73.32;73.32;73.51;72.99;60.88;-;-;71.56;73.30;74.89;73.32;74.70;73.32;74.89
Aug 31, 2018 9:00 AM;Aug 31, 2018 10:00 AM;-;77.15;71.98;71.98;74.40;71.98;61.28;-;-;71.79;74.34;74.99;71.98;74.40;71.98;75.05
Aug 31, 2018 10:00 AM;Aug 31, 2018 11:00 AM;-;76.47;71.19;71.19;73.66;69.00;60.01;-;-;71.19;72.99;73.10;71.19;73.66;71.19;74.03
Aug 31, 2018 11:00 AM;Aug 31, 2018 12:00 PM;-;76.25;71.06;71.06;73.49;67.72;59.63;-;-;71.06;71.70;70.89;71.06;73.49;71.06;72.92
Aug 31, 2018 12:00 PM;Aug 31, 2018 1:00 PM;-;76.39;69.09;69.09;72.50;64.17;59.41;-;-;69.09;70.64;68.80;69.09;72.50;72.50;72.11
Aug 31, 2018 1:00 PM;Aug 31, 2018 2:00 PM;-;75.28;67.25;67.25;71.00;61.79;59.81;-;-;67.25;70.36;67.97;67.25;71.00;67.25;71.04
Aug 31, 2018 2:00 PM;Aug 31, 2018 3:00 PM;-;73.80;66.77;66.77;70.06;61.60;59.63;-;-;66.77;70.22;67.10;66.77;70.80;66.77;70.90
Aug 31, 2018 3:00 PM;Aug 31, 2018 4:00 PM;-;66.62;65.60;65.60;66.11;64.79;56.67;-;-;65.60;70.02;67.40;65.60;72.53;65.60;70.26
Aug 31, 2018 4:00 PM;Aug 31, 2018 5:00 PM;-;67.05;66.70;66.70;66.87;66.40;56.77;-;-;66.70;70.09;69.91;66.70;73.00;66.70;72.31
Aug 31, 2018 5:00 PM;Aug 31, 2018 6:00 PM;-;70.46;70.07;70.07;70.27;69.77;56.77;-;-;68.39;71.62;72.47;70.07;73.01;70.07;73.98
Aug 31, 2018 6:00 PM;Aug 31, 2018 7:00 PM;-;74.12;70.20;70.20;72.17;67.22;56.80;-;-;67.99;73.83;75.00;70.20;74.02;70.20;75.09
Aug 31, 2018 7:00 PM;Aug 31, 2018 8:00 PM;-;73.02;71.36;71.36;72.19;70.10;56.82;-;-;68.02;74.80;76.60;71.36;74.83;71.36;76.74
Aug 31, 2018 8:00 PM;Aug 31, 2018 9:00 PM;-;74.65;71.97;71.97;73.31;69.95;56.83;-;-;68.54;74.63;76.60;71.97;74.83;74.83;79.28
Aug 31, 2018 9:00 PM;Aug 31, 2018 10:00 PM;-;74.64;70.38;70.38;72.51;70.38;56.90;-;-;66.37;70.93;71.68;70.38;72.53;70.38;72.06
Aug 31, 2018 10:00 PM;Aug 31, 2018 11:00 PM;-;77.88;62.21;62.21;69.98;62.21;56.82;-;-;60.72;66.99;66.42;62.21;69.98;62.21;66.61
Aug 31, 2018 11:00 PM;Sep 1, 2018 12:00 AM;-;72.74;56.88;56.88;65.25;58.45;56.58;-;-;56.88;63.74;58.89;56.88;66.57;56.88;61.92
Sep 1, 2018 12:00 AM;Sep 1, 2018 1:00 AM;-;78.23;57.58;57.58;67.49;57.58;57.58;-;-;57.58;63.79;60.40;57.58;68.72;57.58;60.70
Sep 1, 2018 1:00 AM;Sep 1, 2018 2:00 AM;-;68.45;55.99;55.99;61.91;55.99;55.99;-;-;55.99;61.97;57.45;55.99;66.00;55.99;57.45
Sep 1, 2018 2:00 AM;Sep 1, 2018 3:00 AM;-;55.56;55.56;55.32;55.56;55.56;55.32;-;-;55.32;57.17;54.18;55.56;62.51;55.56;54.18
Sep 1, 2018 3:00 AM;Sep 1, 2018 4:00 AM;-;54.02;54.02;54.26;54.02;54.02;54.26;-;-;54.26;55.22;52.55;54.02;61.79;54.02;52.55
Sep 1, 2018 4:00 AM;Sep 1, 2018 5:00 AM;-;52.69;53.99;53.99;52.69;52.69;53.99;-;-;53.99;55.36;53.00;52.69;61.79;52.69;53.00
Sep 1, 2018 5:00 AM;Sep 1, 2018 6:00 AM;-;52.78;54.08;54.08;52.78;52.78;54.08;-;-;54.08;55.47;52.70;52.78;61.79;52.78;52.70
Sep 1, 2018 6:00 AM;Sep 1, 2018 7:00 AM;-;54.94;54.94;55.69;54.94;54.94;55.69;-;-;55.69;57.39;54.58;54.94;65.00;54.94;54.58
Sep 1, 2018 7:00 AM;Sep 1, 2018 8:00 AM;-;57.95;57.95;57.20;57.95;57.95;57.20;-;-;57.20;61.03;58.65;57.95;68.72;57.95;58.65
Sep 1, 2018 8:00 AM;Sep 1, 2018 9:00 AM;-;60.91;60.91;60.91;60.91;60.91;57.96;-;-;60.91;64.96;63.43;60.91;66.79;60.91;63.43
Sep 1, 2018 9:00 AM;Sep 1, 2018 10:00 AM;-;66.50;66.50;66.50;66.50;66.50;59.09;-;-;64.90;67.68;66.68;66.50;68.81;66.50;66.68
Sep 1, 2018 10:00 AM;Sep 1, 2018 11:00 AM;-;64.68;64.68;64.68;64.68;64.68;59.72;-;-;64.68;66.35;66.07;64.68;66.99;64.68;66.07
Sep 1, 2018 11:00 AM;Sep 1, 2018 12:00 PM;-;64.86;64.86;64.86;64.86;64.86;59.52;-;-;64.86;64.62;64.04;64.86;64.86;64.86;64.04
Sep 1, 2018 12:00 PM;Sep 1, 2018 1:00 PM;-;62.77;62.71;62.71;62.79;62.72;59.00;-;-;61.98;63.89;62.10;62.71;62.79;62.71;62.10
Sep 1, 2018 1:00 PM;Sep 1, 2018 2:00 PM;-;59.33;57.72;57.72;60.00;58.16;57.72;-;-;57.72;60.17;59.20;57.72;60.00;57.72;59.20
Sep 1, 2018 2:00 PM;Sep 1, 2018 3:00 PM;-;56.42;56.42;57.15;56.42;56.42;57.15;-;-;57.15;57.65;56.22;56.42;59.19;56.42;56.22
Sep 1, 2018 3:00 PM;Sep 1, 2018 4:00 PM;-;55.57;55.57;56.93;55.57;55.57;56.93;-;-;56.93;58.64;57.52;55.57;59.18;55.57;57.52
Sep 1, 2018 4:00 PM;Sep 1, 2018 5:00 PM;-;56.05;56.05;57.43;56.05;56.05;57.43;-;-;57.43;59.98;58.52;56.05;61.51;56.05;58.52
Sep 1, 2018 5:00 PM;Sep 1, 2018 6:00 PM;-;61.52;61.52;61.52;61.52;61.52;58.49;-;-;61.00;64.05;63.34;61.52;63.54;61.52;63.34
Sep 1, 2018 6:00 PM;Sep 1, 2018 7:00 PM;-;68.49;68.49;68.49;68.49;68.49;58.73;-;-;64.99;68.19;66.68;68.49;68.55;68.49;66.68
Sep 1, 2018 7:00 PM;Sep 1, 2018 8:00 PM;-;70.00;70.00;70.00;70.00;70.00;58.69;-;-;64.91;69.51;68.80;70.00;73.66;70.00;68.80
Sep 1, 2018 8:00 PM;Sep 1, 2018 9:00 PM;-;71.14;71.14;71.14;71.14;71.14;58.53;-;-;66.88;69.84;69.65;71.14;74.83;71.14;69.65
Sep 1, 2018 9:00 PM;Sep 1, 2018 10:00 PM;-;70.00;68.58;67.92;69.11;69.90;58.35;-;-;62.37;68.94;66.64;68.58;70.02;68.58;66.64
Sep 1, 2018 10:00 PM;Sep 1, 2018 11:00 PM;-;84.75;56.58;57.24;68.72;65.00;57.24;-;-;57.24;66.66;63.89;56.58;68.72;56.58;63.89
Sep 1, 2018 11:00 PM;Sep 2, 2018 12:00 AM;-;83.50;51.07;55.41;65.24;57.24;55.41;-;-;55.41;63.71;56.89;51.07;65.24;51.07;57.59
Sep 2, 2018 12:00 AM;Sep 2, 2018 1:00 AM;-;57.10;50.20;56.14;55.04;59.90;56.14;-;-;56.14;57.97;53.00;50.20;68.00;50.20;53.00
Sep 2, 2018 1:00 AM;Sep 2, 2018 2:00 AM;-;55.14;55.01;55.01;53.35;57.57;55.01;-;-;55.01;54.60;45.00;48.28;63.49;48.28;45.00
Sep 2, 2018 2:00 AM;Sep 2, 2018 3:00 AM;-;50.30;54.07;54.07;49.35;51.62;54.07;-;-;54.07;52.80;42.98;48.16;62.45;48.16;42.98
Sep 2, 2018 3:00 AM;Sep 2, 2018 4:00 AM;-;50.09;53.74;53.74;48.70;52.02;53.74;-;-;53.74;50.61;41.93;46.98;62.99;46.98;41.93
Sep 2, 2018 4:00 AM;Sep 2, 2018 5:00 AM;-;46.37;53.78;53.78;46.37;46.37;53.78;-;-;53.78;49.45;42.99;46.37;62.79;46.37;42.99
Sep 2, 2018 5:00 AM;Sep 2, 2018 6:00 AM;-;46.91;53.77;53.77;46.91;46.91;53.77;-;-;53.77;49.61;42.92;46.91;65.26;46.91;42.92
Sep 2, 2018 6:00 AM;Sep 2, 2018 7:00 AM;-;46.90;54.07;54.07;46.90;46.90;54.07;-;-;54.07;50.58;39.99;46.90;66.57;43.60;39.99
Sep 2, 2018 7:00 AM;Sep 2, 2018 8:00 AM;-;47.01;54.80;54.80;47.01;47.01;54.80;-;-;54.80;50.53;42.64;47.01;62.79;47.01;42.64
Sep 2, 2018 8:00 AM;Sep 2, 2018 9:00 AM;-;49.66;56.23;56.23;49.66;49.66;56.23;-;-;56.23;53.32;49.90;49.66;63.00;49.66;49.90
Sep 2, 2018 9:00 AM;Sep 2, 2018 10:00 AM;-;54.67;56.48;58.05;54.67;54.67;56.48;-;-;58.05;54.71;51.00;54.67;62.79;54.67;51.00
Sep 2, 2018 10:00 AM;Sep 2, 2018 11:00 AM;-;54.45;56.25;58.34;54.45;54.45;56.25;-;-;58.34;53.18;51.08;54.45;63.39;54.45;51.08
Sep 2, 2018 11:00 AM;Sep 2, 2018 12:00 PM;-;55.65;57.49;58.13;55.65;55.65;57.49;-;-;58.13;53.08;52.02;55.65;62.79;55.65;52.02
Sep 2, 2018 12:00 PM;Sep 2, 2018 1:00 PM;-;55.20;57.88;57.88;54.59;56.03;57.88;-;-;57.88;52.97;51.31;53.82;61.45;53.82;51.31
Sep 2, 2018 1:00 PM;Sep 2, 2018 2:00 PM;-;53.52;55.61;56.48;53.52;53.52;55.61;-;-;56.48;51.04;48.05;53.52;57.00;53.52;48.05
Sep 2, 2018 2:00 PM;Sep 2, 2018 3:00 PM;-;50.50;55.57;55.89;50.50;50.50;55.57;-;-;55.89;48.58;46.20;50.50;55.41;50.50;46.20
Sep 2, 2018 3:00 PM;Sep 2, 2018 4:00 PM;-;51.16;55.63;55.86;50.65;51.90;55.63;-;-;55.86;48.20;47.50;50.00;59.00;50.00;47.50
Sep 2, 2018 4:00 PM;Sep 2, 2018 5:00 PM;-;49.36;56.69;56.69;48.35;54.87;56.69;-;-;56.69;50.40;49.18;46.96;60.90;46.96;49.18
Sep 2, 2018 5:00 PM;Sep 2, 2018 6:00 PM;-;54.26;54.74;57.62;53.83;54.88;57.62;-;-;57.62;56.26;54.62;53.28;61.02;53.28;54.62
Sep 2, 2018 6:00 PM;Sep 2, 2018 7:00 PM;-;62.10;62.10;62.10;62.10;62.10;59.22;-;-;59.22;62.95;61.70;62.10;62.10;62.10;61.70
Sep 2, 2018 7:00 PM;Sep 2, 2018 8:00 PM;-;67.72;67.72;67.72;67.72;67.72;60.29;-;-;61.81;67.91;67.00;67.72;69.78;67.72;68.05
Sep 2, 2018 8:00 PM;Sep 2, 2018 9:00 PM;-;72.70;69.39;69.39;70.67;72.55;60.66;-;-;62.77;69.23;67.75;69.39;71.68;69.39;69.80
Sep 2, 2018 9:00 PM;Sep 2, 2018 10:00 PM;-;72.70;62.36;62.36;66.37;72.24;59.65;-;-;59.65;65.06;64.25;62.36;70.30;62.36;64.25
Sep 2, 2018 10:00 PM;Sep 2, 2018 11:00 PM;-;69.39;54.74;56.04;62.80;74.90;56.04;-;-;56.04;62.20;60.00;54.74;67.00;54.74;60.00
Sep 2, 2018 11:00 PM;Sep 3, 2018 12:00 AM;-;56.17;52.44;53.86;56.17;56.17;53.86;-;-;53.86;57.92;52.51;51.01;62.39;51.01;52.51
Sep 3, 2018 12:00 AM;Sep 3, 2018 1:00 AM;-;68.65;53.29;53.29;61.00;77.97;53.29;-;-;53.29;53.57;49.58;49.49;61.00;49.49;49.58
Sep 3, 2018 1:00 AM;Sep 3, 2018 2:00 AM;-;57.26;52.94;52.94;53.78;61.69;52.94;-;-;52.94;51.06;47.99;48.97;58.12;48.97;47.99
Sep 3, 2018 2:00 AM;Sep 3, 2018 3:00 AM;-;54.17;52.53;52.53;51.35;57.73;52.53;-;-;52.53;49.40;46.40;47.42;57.84;47.42;46.40
Sep 3, 2018 3:00 AM;Sep 3, 2018 4:00 AM;-;51.72;52.23;52.23;49.94;53.96;52.23;-;-;52.23;48.65;45.77;47.50;57.80;47.50;45.77
Sep 3, 2018 4:00 AM;Sep 3, 2018 5:00 AM;-;51.67;51.26;52.35;49.72;54.07;52.35;-;-;52.35;48.88;46.61;47.07;57.40;47.07;46.61
Sep 3, 2018 5:00 AM;Sep 3, 2018 6:00 AM;-;52.66;50.40;56.11;51.71;53.86;56.11;-;-;56.11;51.84;50.23;50.40;58.13;50.40;50.23
Sep 3, 2018 6:00 AM;Sep 3, 2018 7:00 AM;-;67.04;67.04;61.34;67.04;67.04;60.03;-;-;60.25;64.58;63.69;67.04;67.04;67.04;63.69
Sep 3, 2018 7:00 AM;Sep 3, 2018 8:00 AM;-;72.00;72.00;72.00;72.00;72.00;60.27;-;-;69.05;72.42;71.86;72.00;72.00;72.00;71.86
Sep 3, 2018 8:00 AM;Sep 3, 2018 9:00 AM;-;73.55;73.55;73.55;73.55;73.55;60.76;-;-;71.79;74.25;73.90;73.55;73.62;73.55;73.90
Sep 3, 2018 9:00 AM;Sep 3, 2018 10:00 AM;-;73.91;73.91;73.91;73.91;73.91;60.63;-;-;72.02;74.16;73.13;73.91;73.91;73.91;73.15
Sep 3, 2018 10:00 AM;Sep 3, 2018 11:00 AM;-;73.51;73.51;73.51;73.51;73.51;60.56;-;-;71.75;73.48;71.81;73.51;73.51;73.51;71.84
Sep 3, 2018 11:00 AM;Sep 3, 2018 12:00 PM;-;73.60;73.60;73.60;73.60;73.60;60.46;-;-;71.83;73.19;71.16;73.60;73.60;73.60;71.60
Sep 3, 2018 12:00 PM;Sep 3, 2018 1:00 PM;-;71.12;71.12;71.12;71.12;71.12;60.30;-;-;71.12;71.91;69.39;71.12;71.12;71.12;70.84
Sep 3, 2018 1:00 PM;Sep 3, 2018 2:00 PM;-;68.63;68.63;68.63;68.63;68.63;60.30;-;-;68.63;70.27;68.30;68.63;68.63;68.63;69.95
Sep 3, 2018 2:00 PM;Sep 3, 2018 3:00 PM;-;67.05;67.05;67.05;67.05;67.05;60.24;-;-;67.05;71.16;67.15;67.05;68.81;67.05;69.94
Sep 3, 2018 3:00 PM;Sep 3, 2018 4:00 PM;-;64.97;64.97;64.97;64.97;64.97;60.17;-;-;64.97;69.99;66.71;64.97;71.24;64.97;68.69
Sep 3, 2018 4:00 PM;Sep 3, 2018 5:00 PM;-;66.96;66.96;66.96;66.96;66.96;60.17;-;-;66.96;70.01;67.11;66.96;71.10;66.96;68.09
Sep 3, 2018 5:00 PM;Sep 3, 2018 6:00 PM;-;70.81;70.81;70.81;70.81;70.81;60.65;-;-;65.99;72.05;69.96;70.81;70.81;70.81;69.96
Sep 3, 2018 6:00 PM;Sep 3, 2018 7:00 PM;-;72.30;72.30;72.30;72.30;72.30;60.73;-;-;67.01;72.55;71.49;72.30;72.30;72.30;71.49
Sep 3, 2018 7:00 PM;Sep 3, 2018 8:00 PM;-;72.99;72.99;72.99;72.99;72.99;60.72;-;-;67.24;73.00;73.20;72.99;74.25;72.99;75.30
Sep 3, 2018 8:00 PM;Sep 3, 2018 9:00 PM;-;72.91;72.91;72.91;72.91;72.91;60.83;-;-;65.94;72.99;74.90;72.91;74.32;74.32;76.54
Sep 3, 2018 9:00 PM;Sep 3, 2018 10:00 PM;-;69.20;67.04;66.28;68.07;67.04;60.70;-;-;61.06;70.28;69.06;67.04;71.24;67.04;69.90
Sep 3, 2018 10:00 PM;Sep 3, 2018 11:00 PM;-;66.01;53.61;57.04;60.03;58.92;57.04;-;-;57.04;66.95;60.00;53.61;70.00;53.61;63.28
Sep 3, 2018 11:00 PM;Sep 4, 2018 12:00 AM;-;64.34;52.26;53.80;58.48;55.58;53.80;-;-;53.80;63.65;54.05;52.26;66.16;52.26;56.21
Sep 4, 2018 12:00 AM;Sep 4, 2018 1:00 AM;-;59.60;54.77;54.77;57.13;54.77;54.77;-;-;54.77;57.00;53.78;54.77;65.00;54.77;53.78
Sep 4, 2018 1:00 AM;Sep 4, 2018 2:00 AM;-;54.09;54.09;54.09;54.09;54.09;54.09;-;-;54.09;54.30;52.20;54.09;63.12;54.09;52.20
Sep 4, 2018 2:00 AM;Sep 4, 2018 3:00 AM;-;52.18;53.29;53.29;52.18;52.18;53.29;-;-;53.29;53.04;50.29;52.18;61.38;52.18;50.29
Sep 4, 2018 3:00 AM;Sep 4, 2018 4:00 AM;-;51.24;52.94;52.94;51.24;51.24;52.94;-;-;52.94;52.51;49.98;51.24;60.71;51.24;49.98
Sep 4, 2018 4:00 AM;Sep 4, 2018 5:00 AM;-;51.69;52.47;53.20;51.69;51.69;53.20;-;-;53.20;51.92;50.03;51.69;60.28;51.69;50.03
Sep 4, 2018 5:00 AM;Sep 4, 2018 6:00 AM;-;54.60;54.60;56.30;54.60;54.60;56.30;-;-;56.30;54.81;53.73;54.60;61.60;54.60;53.73
Sep 4, 2018 6:00 AM;Sep 4, 2018 7:00 AM;-;67.09;67.09;65.39;67.09;67.09;58.67;-;-;64.67;68.35;66.97;67.09;67.10;67.09;66.97
Sep 4, 2018 7:00 AM;Sep 4, 2018 8:00 AM;-;73.02;73.02;73.02;73.02;73.02;59.39;-;-;70.20;73.90;74.89;73.02;73.02;73.02;74.89
Sep 4, 2018 8:00 AM;Sep 4, 2018 9:00 AM;-;74.68;74.68;74.68;74.68;74.68;60.01;-;-;74.47;75.05;76.65;74.68;74.68;74.68;76.65
Sep 4, 2018 9:00 AM;Sep 4, 2018 10:00 AM;-;74.91;74.91;74.91;74.91;74.91;59.69;-;-;74.02;74.25;76.07;74.91;74.91;74.91;76.07
Sep 4, 2018 10:00 AM;Sep 4, 2018 11:00 AM;-;73.92;73.92;73.92;73.92;73.92;59.51;-;-;73.92;73.68;74.34;73.92;73.92;73.92;74.34
Sep 4, 2018 11:00 AM;Sep 4, 2018 12:00 PM;-;73.46;73.46;73.46;73.46;73.46;59.13;-;-;73.46;73.26;73.02;73.46;73.46;73.46;73.43
Sep 4, 2018 12:00 PM;Sep 4, 2018 1:00 PM;-;71.06;71.06;71.06;71.06;71.06;59.07;-;-;71.06;70.37;70.43;71.06;69.55;71.06;71.42
Sep 4, 2018 1:00 PM;Sep 4, 2018 2:00 PM;-;69.02;69.02;69.02;69.02;69.02;59.00;-;-;69.02;68.82;68.99;69.02;69.02;69.02;69.52
Sep 4, 2018 2:00 PM;Sep 4, 2018 3:00 PM;-;68.81;68.81;68.81;68.81;68.81;58.96;-;-;68.81;68.30;67.13;68.81;68.81;68.81;68.58
Sep 4, 2018 3:00 PM;Sep 4, 2018 4:00 PM;-;68.55;68.55;68.55;68.55;68.55;58.87;-;-;68.55;68.95;67.84;68.55;68.55;68.55;68.69
Sep 4, 2018 4:00 PM;Sep 4, 2018 5:00 PM;-;70.01;70.01;70.01;70.01;70.01;58.82;-;-;70.01;69.46;69.70;70.01;70.01;70.01;69.70
Sep 4, 2018 5:00 PM;Sep 4, 2018 6:00 PM;-;72.94;72.94;72.94;72.94;72.94;58.94;-;-;69.97;72.03;72.16;72.94;72.94;72.94;72.16
Sep 4, 2018 6:00 PM;Sep 4, 2018 7:00 PM;-;73.99;73.99;73.99;73.99;73.99;59.08;-;-;69.99;72.98;73.80;73.99;73.99;73.99;73.80
Sep 4, 2018 7:00 PM;Sep 4, 2018 8:00 PM;-;75.00;75.00;75.00;75.00;75.00;59.17;-;-;71.45;74.75;76.59;75.00;75.57;75.00;76.59
Sep 4, 2018 8:00 PM;Sep 4, 2018 9:00 PM;-;75.00;75.00;75.00;75.00;75.00;59.30;-;-;73.05;74.28;75.33;75.00;75.57;75.00;75.81
Sep 4, 2018 9:00 PM;Sep 4, 2018 10:00 PM;-;73.06;73.06;73.06;73.06;73.06;59.00;-;-;65.20;70.64;70.21;73.06;73.06;73.06;70.21
Sep 4, 2018 10:00 PM;Sep 4, 2018 11:00 PM;-;72.08;66.93;66.93;69.30;62.44;58.68;-;-;60.89;64.06;61.00;66.93;69.30;66.93;63.05
Sep 4, 2018 11:00 PM;Sep 5, 2018 12:00 AM;-;65.91;57.99;57.99;61.82;57.43;57.06;-;-;57.06;60.06;55.06;57.99;65.52;57.99;55.06
Sep 5, 2018 12:00 AM;Sep 5, 2018 1:00 AM;-;55.72;55.72;55.72;55.72;55.72;55.72;-;-;55.72;57.09;55.85;55.72;70.15;55.72;55.85
Sep 5, 2018 1:00 AM;Sep 5, 2018 2:00 AM;-;54.47;54.47;54.47;54.47;54.47;54.47;-;-;54.47;54.87;53.95;54.47;66.99;54.47;53.95
Sep 5, 2018 2:00 AM;Sep 5, 2018 3:00 AM;-;53.56;53.56;53.56;53.56;53.56;53.56;-;-;53.56;53.58;52.00;53.56;64.10;53.56;52.00
Sep 5, 2018 3:00 AM;Sep 5, 2018 4:00 AM;-;52.66;53.38;53.38;52.66;52.66;53.38;-;-;53.38;52.73;51.18;52.66;64.10;52.66;51.18
Sep 5, 2018 4:00 AM;Sep 5, 2018 5:00 AM;-;53.18;53.18;54.04;53.18;53.18;54.04;-;-;54.04;53.15;52.31;53.18;64.10;53.18;52.31
Sep 5, 2018 5:00 AM;Sep 5, 2018 6:00 AM;-;55.32;55.32;57.00;55.32;55.32;57.00;-;-;57.00;56.45;56.19;55.32;66.92;55.32;56.19
Sep 5, 2018 6:00 AM;Sep 5, 2018 7:00 AM;-;71.54;71.54;71.54;71.54;71.54;59.68;-;-;65.87;69.26;69.76;71.54;72.00;72.00;69.76
Sep 5, 2018 7:00 AM;Sep 5, 2018 8:00 AM;-;75.65;75.65;75.65;75.65;75.65;60.96;-;-;69.96;74.37;75.99;75.65;75.65;75.65;75.99
Sep 5, 2018 8:00 AM;Sep 5, 2018 9:00 AM;-;76.76;76.76;76.76;76.76;76.76;61.65;-;-;74.00;75.08;76.96;76.76;76.76;76.76;76.96
Sep 5, 2018 9:00 AM;Sep 5, 2018 10:00 AM;-;78.98;75.35;75.35;77.06;80.10;61.23;-;-;73.54;75.04;76.00;75.35;77.06;75.35;76.00
Sep 5, 2018 10:00 AM;Sep 5, 2018 11:00 AM;-;80.34;71.96;71.96;76.68;85.10;61.10;-;-;71.96;73.51;73.21;71.96;76.68;71.96;73.21
Sep 5, 2018 11:00 AM;Sep 5, 2018 12:00 PM;-;80.59;70.97;70.97;77.05;76.51;59.90;-;-;70.97;72.08;72.00;70.97;76.13;74.20;73.30
Sep 5, 2018 12:00 PM;Sep 5, 2018 1:00 PM;-;81.13;66.91;66.91;75.17;74.64;59.88;-;-;66.91;66.89;67.00;64.97;71.99;71.99;68.64
Sep 5, 2018 1:00 PM;Sep 5, 2018 2:00 PM;-;80.56;64.74;64.74;72.05;71.54;59.86;-;-;64.74;66.89;64.02;57.56;72.05;72.05;69.01
Sep 5, 2018 2:00 PM;Sep 5, 2018 3:00 PM;-;79.84;64.55;64.55;72.69;71.02;59.91;-;-;64.55;68.05;66.50;60.37;72.69;72.69;69.24
Sep 5, 2018 3:00 PM;Sep 5, 2018 4:00 PM;-;75.62;67.00;67.00;72.10;68.87;59.91;-;-;67.00;68.16;68.69;67.00;72.10;72.10;69.77
Sep 5, 2018 4:00 PM;Sep 5, 2018 5:00 PM;-;76.39;69.95;69.95;74.02;73.38;59.92;-;-;69.55;70.01;70.93;69.95;74.02;72.02;70.93
Sep 5, 2018 5:00 PM;Sep 5, 2018 6:00 PM;-;75.74;75.36;75.36;75.57;75.97;59.85;-;-;70.82;73.22;73.96;75.36;75.57;75.36;73.96
Sep 5, 2018 6:00 PM;Sep 5, 2018 7:00 PM;-;76.76;76.76;76.76;76.76;76.76;60.42;-;-;69.46;74.60;75.70;76.76;76.76;76.76;75.70
Sep 5, 2018 7:00 PM;Sep 5, 2018 8:00 PM;-;79.62;79.62;79.62;79.62;79.62;60.00;-;-;71.99;76.26;79.40;79.62;79.62;79.62;79.40
Sep 5, 2018 8:00 PM;Sep 5, 2018 9:00 PM;-;79.33;79.33;79.33;79.33;79.33;59.99;-;-;70.02;77.26;78.50;79.33;79.33;79.33;78.62
Sep 5, 2018 9:00 PM;Sep 5, 2018 10:00 PM;-;77.95;73.66;73.66;76.03;80.10;59.93;-;-;63.90;73.31;73.72;73.66;76.03;74.20;73.72
Sep 5, 2018 10:00 PM;Sep 5, 2018 11:00 PM;-;71.18;68.82;68.82;70.01;69.52;59.70;-;-;60.32;66.58;67.57;68.82;73.00;68.82;68.07
Sep 5, 2018 11:00 PM;Sep 6, 2018 12:00 AM;-;66.74;58.84;58.84;62.74;59.32;57.43;-;-;57.43;59.08;58.81;58.84;66.27;58.84;58.96
Sep 6, 2018 12:00 AM;Sep 6, 2018 1:00 AM;-;55.11;55.11;55.11;55.11;55.11;55.11;-;-;55.11;55.10;54.79;55.11;76.12;55.11;54.79
Sep 6, 2018 1:00 AM;Sep 6, 2018 2:00 AM;-;53.63;53.63;53.87;53.63;53.63;53.87;-;-;53.87;53.40;53.26;53.63;76.76;53.63;53.26
Sep 6, 2018 2:00 AM;Sep 6, 2018 3:00 AM;-;52.38;53.11;53.11;52.38;52.38;53.11;-;-;53.11;52.14;51.48;52.38;75.57;52.38;51.48
Sep 6, 2018 3:00 AM;Sep 6, 2018 4:00 AM;-;52.31;52.31;52.99;52.31;52.31;52.99;-;-;52.99;51.25;50.35;52.31;70.28;52.31;50.35
Sep 6, 2018 4:00 AM;Sep 6, 2018 5:00 AM;-;52.38;52.38;53.66;52.38;52.38;53.66;-;-;53.66;52.04;51.01;52.38;70.28;52.38;51.01
Sep 6, 2018 5:00 AM;Sep 6, 2018 6:00 AM;-;54.64;54.64;55.99;54.64;54.64;55.99;-;-;55.99;54.10;53.65;54.64;74.00;54.64;53.65
Sep 6, 2018 6:00 AM;Sep 6, 2018 7:00 AM;-;68.98;68.98;67.64;68.98;68.98;59.95;-;-;65.03;67.16;66.00;68.98;75.57;68.98;66.00
Sep 6, 2018 7:00 AM;Sep 6, 2018 8:00 AM;-;73.78;73.78;73.78;73.78;73.78;60.46;-;-;72.01;73.63;73.18;73.78;75.03;73.78;73.18
Sep 6, 2018 8:00 AM;Sep 6, 2018 9:00 AM;-;74.95;74.95;74.95;74.95;74.95;60.83;-;-;74.95;75.52;75.79;74.95;75.57;74.95;75.79
Sep 6, 2018 9:00 AM;Sep 6, 2018 10:00 AM;-;76.94;73.78;73.78;75.57;78.25;60.63;-;-;73.78;74.06;74.12;73.78;75.57;73.78;74.12
Sep 6, 2018 10:00 AM;Sep 6, 2018 11:00 AM;-;77.65;70.07;70.07;74.36;80.33;60.56;-;-;70.07;72.33;71.53;70.07;74.36;70.07;71.53
Sep 6, 2018 11:00 AM;Sep 6, 2018 12:00 PM;-;76.73;68.91;68.91;73.40;79.30;60.65;-;-;68.91;71.07;71.14;68.91;73.40;68.91;71.14
Sep 6, 2018 12:00 PM;Sep 6, 2018 1:00 PM;-;74.23;66.88;66.88;71.06;77.55;59.88;-;-;66.88;68.93;67.38;66.88;71.06;66.88;67.38
Sep 6, 2018 1:00 PM;Sep 6, 2018 2:00 PM;-;73.33;64.76;64.80;69.63;77.14;59.85;-;-;64.80;69.05;65.38;64.76;69.63;64.76;65.38
Sep 6, 2018 2:00 PM;Sep 6, 2018 3:00 PM;-;71.64;68.40;68.36;70.24;72.78;59.83;-;-;68.36;69.24;66.19;68.40;70.24;68.40;66.19
Sep 6, 2018 3:00 PM;Sep 6, 2018 4:00 PM;-;69.51;67.84;67.84;69.51;69.51;59.73;-;-;67.84;69.39;68.96;69.51;70.28;69.51;68.96
Sep 6, 2018 4:00 PM;Sep 6, 2018 5:00 PM;-;71.09;69.38;69.38;71.09;71.09;59.76;-;-;69.38;70.07;70.12;71.09;75.57;71.09;70.12
Sep 6, 2018 5:00 PM;Sep 6, 2018 6:00 PM;-;73.73;73.73;73.73;73.73;73.73;59.70;-;-;69.98;72.56;72.83;73.73;75.57;73.73;72.83
Sep 6, 2018 6:00 PM;Sep 6, 2018 7:00 PM;-;73.89;73.89;73.89;73.89;73.89;59.74;-;-;68.95;73.80;74.01;73.89;76.76;73.89;74.01
Sep 6, 2018 7:00 PM;Sep 6, 2018 8:00 PM;-;74.03;74.03;74.03;74.03;74.03;59.71;-;-;69.45;75.03;77.00;74.03;79.00;74.15;77.95
Sep 6, 2018 8:00 PM;Sep 6, 2018 9:00 PM;-;74.30;65.94;65.94;74.30;74.30;59.69;-;-;64.60;74.97;75.90;74.30;78.03;74.30;77.73
Sep 6, 2018 9:00 PM;Sep 6, 2018 10:00 PM;-;76.67;62.12;62.12;72.30;81.23;59.61;-;-;62.12;69.85;70.80;66.94;76.76;66.94;70.80
Sep 6, 2018 10:00 PM;Sep 6, 2018 11:00 PM;-;67.85;57.51;57.51;63.71;71.11;57.51;-;-;57.51;64.45;63.20;58.93;75.57;58.93;63.20
Sep 6, 2018 11:00 PM;Sep 7, 2018 12:00 AM;-;67.01;54.65;54.65;61.97;61.54;54.65;-;-;54.65;60.02;55.50;54.65;71.28;54.65;55.50
Sep 7, 2018 12:00 AM;Sep 7, 2018 1:00 AM;-;56.38;54.57;54.57;56.38;56.38;54.57;-;-;54.57;56.31;54.00;56.38;72.79;56.38;54.00
Sep 7, 2018 1:00 AM;Sep 7, 2018 2:00 AM;-;54.74;53.69;53.69;54.74;54.74;53.69;-;-;53.69;54.48;52.98;54.74;69.39;54.74;52.98
Sep 7, 2018 2:00 AM;Sep 7, 2018 3:00 AM;-;53.55;53.38;53.38;53.55;53.55;53.38;-;-;53.38;53.26;51.63;53.55;68.10;53.55;51.63
Sep 7, 2018 3:00 AM;Sep 7, 2018 4:00 AM;-;53.37;53.37;53.37;53.37;53.37;53.37;-;-;53.37;53.20;51.01;53.37;64.39;54.80;51.01
Sep 7, 2018 4:00 AM;Sep 7, 2018 5:00 AM;-;53.66;53.66;53.66;53.66;53.66;53.66;-;-;53.66;53.44;51.51;53.66;64.70;54.71;51.51
Sep 7, 2018 5:00 AM;Sep 7, 2018 6:00 AM;-;55.88;55.37;55.37;55.88;55.88;55.37;-;-;55.37;56.02;54.42;55.88;67.45;55.88;54.42
Sep 7, 2018 6:00 AM;Sep 7, 2018 7:00 AM;-;66.98;60.78;60.78;66.98;66.98;59.08;-;-;60.78;67.82;67.14;66.98;75.57;66.98;67.14
Sep 7, 2018 7:00 AM;Sep 7, 2018 8:00 AM;-;74.14;74.14;74.14;74.14;74.14;59.56;-;-;66.09;74.08;73.09;74.14;78.00;74.14;73.09
Sep 7, 2018 8:00 AM;Sep 7, 2018 9:00 AM;-;80.00;79.99;79.99;79.99;80.00;59.75;-;-;73.76;75.26;74.59;79.99;81.00;79.99;74.59
Sep 7, 2018 9:00 AM;Sep 7, 2018 10:00 AM;-;79.27;74.20;74.20;77.04;82.05;59.67;-;-;72.42;74.04;73.38;74.20;79.15;74.20;73.38
Sep 7, 2018 10:00 AM;Sep 7, 2018 11:00 AM;-;72.68;72.68;72.68;72.68;72.68;59.61;-;-;70.94;73.18;71.90;72.68;77.37;72.68;71.90
Sep 7, 2018 11:00 AM;Sep 7, 2018 12:00 PM;-;71.30;71.30;71.30;71.30;71.30;59.55;-;-;69.59;72.08;70.27;71.30;77.20;71.30;70.27
Sep 7, 2018 12:00 PM;Sep 7, 2018 1:00 PM;-;76.96;65.63;65.63;71.14;65.63;59.49;-;-;64.05;68.72;67.49;65.63;75.57;65.63;67.54
Sep 7, 2018 1:00 PM;Sep 7, 2018 2:00 PM;-;75.60;58.92;58.92;67.36;60.87;58.92;-;-;58.92;66.93;61.21;58.92;75.57;60.62;61.39
Sep 7, 2018 2:00 PM;Sep 7, 2018 3:00 PM;-;71.65;55.59;57.16;63.78;59.05;57.16;-;-;57.16;65.32;58.20;55.59;76.76;55.59;59.21
Sep 7, 2018 3:00 PM;Sep 7, 2018 4:00 PM;-;62.38;55.15;56.50;58.89;58.37;56.50;-;-;56.50;63.72;58.00;55.15;79.00;71.18;59.11
Sep 7, 2018 4:00 PM;Sep 7, 2018 5:00 PM;-;62.80;54.68;57.41;59.78;59.31;57.41;-;-;57.41;65.19;58.42;54.68;77.20;59.45;59.95
Sep 7, 2018 5:00 PM;Sep 7, 2018 6:00 PM;-;61.96;60.52;60.52;61.32;62.65;59.07;-;-;59.07;66.07;64.43;60.52;77.62;66.57;66.38
Sep 7, 2018 6:00 PM;Sep 7, 2018 7:00 PM;-;67.22;67.22;67.22;67.22;67.22;59.31;-;-;60.79;69.28;67.53;67.22;77.20;67.22;70.02
Sep 7, 2018 7:00 PM;Sep 7, 2018 8:00 PM;-;71.14;71.14;71.14;71.14;71.14;59.34;-;-;59.88;71.11;70.90;71.14;79.05;79.05;75.92
Sep 7, 2018 8:00 PM;Sep 7, 2018 9:00 PM;-;72.01;72.01;72.01;72.01;72.01;58.83;-;-;58.83;71.08;69.75;72.01;78.01;78.01;74.37
Sep 7, 2018 9:00 PM;Sep 7, 2018 10:00 PM;-;73.80;59.56;59.56;66.08;65.00;57.91;-;-;57.91;66.79;64.34;59.56;70.75;62.00;67.24
Sep 7, 2018 10:00 PM;Sep 7, 2018 11:00 PM;-;80.00;55.46;55.46;68.58;61.00;55.46;-;-;55.46;66.51;55.93;57.80;68.58;57.80;58.07
Sep 7, 2018 11:00 PM;Sep 8, 2018 12:00 AM;-;77.80;53.34;53.34;65.41;55.10;53.34;-;-;53.34;63.53;51.96;53.34;68.37;53.34;51.96
Sep 8, 2018 12:00 AM;Sep 8, 2018 1:00 AM;-;79.05;52.67;53.97;65.61;53.70;53.97;-;-;53.97;58.71;51.40;52.67;72.45;72.45;54.05
Sep 8, 2018 1:00 AM;Sep 8, 2018 2:00 AM;-;59.37;50.04;53.64;54.85;55.41;53.64;-;-;53.64;55.34;48.40;50.04;69.39;51.80;49.37
Sep 8, 2018 2:00 AM;Sep 8, 2018 3:00 AM;-;54.40;48.57;52.76;51.70;54.95;52.76;-;-;52.76;51.39;46.50;48.57;68.89;48.57;46.52
Sep 8, 2018 3:00 AM;Sep 8, 2018 4:00 AM;-;48.76;46.88;50.99;47.84;52.67;50.99;-;-;50.99;46.16;45.00;46.88;68.00;46.88;45.00
Sep 8, 2018 4:00 AM;Sep 8, 2018 5:00 AM;-;48.33;50.39;50.39;47.52;52.06;50.39;-;-;50.39;44.81;44.61;46.89;67.45;46.89;44.64
Sep 8, 2018 5:00 AM;Sep 8, 2018 6:00 AM;-;48.85;47.01;51.02;47.95;52.71;51.02;-;-;51.02;45.55;45.40;47.01;67.50;47.01;45.58
Sep 8, 2018 6:00 AM;Sep 8, 2018 7:00 AM;-;51.85;50.45;52.08;51.16;53.94;52.08;-;-;52.08;47.98;48.35;50.45;70.30;50.45;49.82
Sep 8, 2018 7:00 AM;Sep 8, 2018 8:00 AM;-;54.00;53.47;53.47;53.74;55.10;53.47;-;-;53.47;53.51;50.50;53.47;70.30;70.30;57.56
Sep 8, 2018 8:00 AM;Sep 8, 2018 9:00 AM;-;57.71;55.83;55.70;56.84;57.54;55.70;-;-;55.70;55.37;51.19;55.83;72.25;72.25;62.30
Sep 8, 2018 9:00 AM;Sep 8, 2018 10:00 AM;-;69.48;51.90;55.66;61.19;74.79;55.27;-;-;55.66;57.85;50.58;51.90;70.01;70.01;66.02
Sep 8, 2018 10:00 AM;Sep 8, 2018 11:00 AM;-;74.94;43.10;56.45;59.92;85.00;55.61;-;-;56.45;57.51;49.50;43.10;68.18;68.18;64.60
Sep 8, 2018 11:00 AM;Sep 8, 2018 12:00 PM;-;82.29;32.40;56.22;58.17;67.90;55.39;-;-;56.22;56.28;45.76;32.40;67.01;67.01;64.08
Sep 8, 2018 12:00 PM;Sep 8, 2018 1:00 PM;-;86.50;32.18;54.91;59.59;56.71;54.89;-;-;54.91;55.58;40.80;32.18;63.99;63.99;64.03
Sep 8, 2018 1:00 PM;Sep 8, 2018 2:00 PM;-;84.93;27.02;54.57;56.17;56.37;54.57;-;-;54.57;54.90;36.30;27.02;59.24;59.24;60.00
Sep 8, 2018 2:00 PM;Sep 8, 2018 3:00 PM;-;69.83;26.56;54.28;51.30;56.07;54.28;-;-;54.28;52.91;35.20;26.56;58.03;58.03;57.98
Sep 8, 2018 3:00 PM;Sep 8, 2018 4:00 PM;-;56.58;39.35;54.27;49.42;56.06;54.27;-;-;54.27;52.40;41.28;39.35;59.72;59.72;57.56
Sep 8, 2018 4:00 PM;Sep 8, 2018 5:00 PM;-;54.90;46.27;54.50;51.12;62.00;54.50;-;-;54.50;54.84;46.00;46.27;65.08;65.08;57.35
Sep 8, 2018 5:00 PM;Sep 8, 2018 6:00 PM;-;65.39;55.68;55.68;60.79;67.99;55.68;-;-;55.68;55.22;52.80;55.68;68.00;68.00;61.41
Sep 8, 2018 6:00 PM;Sep 8, 2018 7:00 PM;-;70.31;57.26;57.26;69.97;70.46;57.26;-;-;57.26;62.32;60.50;69.60;69.97;69.97;66.54
Sep 8, 2018 7:00 PM;Sep 8, 2018 8:00 PM;-;72.30;57.87;57.87;72.30;72.30;57.31;-;-;57.87;67.02;65.71;72.30;74.11;74.11;85.95
Sep 8, 2018 8:00 PM;Sep 8, 2018 9:00 PM;-;77.42;57.57;57.57;74.91;78.09;57.27;-;-;57.57;68.16;68.63;72.10;74.91;74.91;80.93
Sep 8, 2018 9:00 PM;Sep 8, 2018 10:00 PM;-;76.68;56.80;56.80;72.84;77.36;56.80;-;-;56.80;63.35;62.95;68.68;72.84;68.68;64.09
Sep 8, 2018 10:00 PM;Sep 8, 2018 11:00 PM;-;80.74;55.39;55.39;70.66;80.10;55.39;-;-;55.39;59.26;58.88;59.94;70.66;59.94;58.88
Sep 8, 2018 11:00 PM;Sep 9, 2018 12:00 AM;-;79.70;53.65;53.65;66.57;66.10;53.65;-;-;53.65;57.51;53.28;53.65;68.18;53.65;53.28
Sep 9, 2018 12:00 AM;Sep 9, 2018 1:00 AM;-;55.00;54.88;53.57;54.95;55.34;53.57;-;-;53.57;57.46;52.00;54.88;65.67;54.88;52.00
Sep 9, 2018 1:00 AM;Sep 9, 2018 2:00 AM;-;50.17;49.04;51.22;49.70;52.92;51.22;-;-;51.22;53.01;48.71;49.04;61.59;49.04;48.71
Sep 9, 2018 2:00 AM;Sep 9, 2018 3:00 AM;-;45.07;41.93;50.63;43.75;52.31;50.63;-;-;50.63;49.15;46.22;41.93;60.58;41.93;46.22
Sep 9, 2018 3:00 AM;Sep 9, 2018 4:00 AM;-;40.87;36.92;50.60;39.24;50.00;50.60;-;-;50.60;45.82;43.14;36.92;60.79;40.30;43.14
Sep 9, 2018 4:00 AM;Sep 9, 2018 5:00 AM;-;36.10;33.59;50.62;33.81;49.00;50.62;-;-;50.62;45.42;43.10;33.59;60.59;33.59;43.10
Sep 9, 2018 5:00 AM;Sep 9, 2018 6:00 AM;-;38.35;34.02;50.48;36.48;48.86;50.48;-;-;50.48;45.93;43.40;34.02;58.70;34.02;43.40
Sep 9, 2018 6:00 AM;Sep 9, 2018 7:00 AM;-;43.72;41.42;50.55;42.79;48.93;50.55;-;-;50.55;47.16;44.74;41.42;63.46;43.60;44.74
Sep 9, 2018 7:00 AM;Sep 9, 2018 8:00 AM;-;45.82;45.06;51.74;45.06;50.08;51.74;-;-;51.74;47.89;45.85;45.06;61.81;45.06;45.85
Sep 9, 2018 8:00 AM;Sep 9, 2018 9:00 AM;-;48.63;47.48;52.96;48.15;51.27;52.96;-;-;52.96;49.57;48.50;47.48;60.18;47.48;48.50
Sep 9, 2018 9:00 AM;Sep 9, 2018 10:00 AM;-;49.39;48.07;54.22;48.84;52.49;54.22;-;-;54.22;50.41;48.52;48.07;64.69;48.07;48.52
Sep 9, 2018 10:00 AM;Sep 9, 2018 11:00 AM;-;46.27;43.29;55.51;45.01;53.30;54.35;-;-;55.51;48.08;46.53;43.29;65.33;43.29;46.53
Sep 9, 2018 11:00 AM;Sep 9, 2018 12:00 PM;-;46.40;43.60;55.33;45.22;52.80;54.39;-;-;55.33;47.00;45.80;43.60;64.39;43.60;45.80
Sep 9, 2018 12:00 PM;Sep 9, 2018 1:00 PM;-;46.18;43.40;55.03;45.01;52.52;54.26;-;-;55.03;46.80;44.08;43.40;62.32;43.40;44.08
Sep 9, 2018 1:00 PM;Sep 9, 2018 2:00 PM;-;42.22;37.89;54.60;40.40;52.40;54.13;-;-;54.60;41.31;40.05;37.89;54.30;40.30;40.05
Sep 9, 2018 2:00 PM;Sep 9, 2018 3:00 PM;-;37.44;31.20;54.23;34.82;52.10;53.82;-;-;54.23;36.83;34.71;31.20;54.20;31.20;34.71
Sep 9, 2018 3:00 PM;Sep 9, 2018 4:00 PM;-;44.06;42.00;54.01;43.19;48.90;52.39;-;-;54.01;41.54;39.90;42.00;61.49;42.00;39.90
Sep 9, 2018 4:00 PM;Sep 9, 2018 5:00 PM;-;46.01;46.01;54.14;46.01;46.01;54.14;-;-;54.14;45.74;44.90;46.01;64.77;46.01;44.90
Sep 9, 2018 5:00 PM;Sep 9, 2018 6:00 PM;-;55.75;55.75;55.75;55.75;55.75;55.45;-;-;55.75;54.00;52.00;55.75;64.99;55.75;52.00
Sep 9, 2018 6:00 PM;Sep 9, 2018 7:00 PM;-;68.14;68.14;68.14;68.14;68.14;57.26;-;-;57.30;65.45;60.77;68.14;68.14;68.14;60.77
Sep 9, 2018 7:00 PM;Sep 9, 2018 8:00 PM;-;71.90;71.90;71.90;71.90;71.90;57.36;-;-;58.55;69.42;68.23;71.90;74.82;74.82;68.23
Sep 9, 2018 8:00 PM;Sep 9, 2018 9:00 PM;-;74.11;74.11;74.11;74.11;74.11;58.21;-;-;58.48;71.76;73.69;74.11;76.30;74.11;73.69
Sep 9, 2018 9:00 PM;Sep 9, 2018 10:00 PM;-;78.60;58.99;58.99;74.42;78.60;57.74;-;-;57.74;69.28;67.90;69.68;75.57;69.68;67.90
Sep 9, 2018 10:00 PM;Sep 9, 2018 11:00 PM;-;71.90;55.82;55.82;69.77;71.90;55.82;-;-;55.82;65.09;62.10;67.38;73.55;67.38;62.10
Sep 9, 2018 11:00 PM;Sep 10, 2018 12:00 AM;-;66.86;53.11;53.11;60.48;66.85;53.11;-;-;53.11;58.49;54.40;53.11;70.29;53.11;54.40
Sep 10, 2018 12:00 AM;Sep 10, 2018 1:00 AM;-;54.80;53.47;53.47;54.18;55.40;53.47;-;-;53.47;53.61;50.70;53.47;68.85;53.47;50.70
Sep 10, 2018 1:00 AM;Sep 10, 2018 2:00 AM;-;52.10;50.90;50.90;51.54;52.42;50.90;-;-;50.90;50.15;48.92;50.90;67.45;50.90;48.92
Sep 10, 2018 2:00 AM;Sep 10, 2018 3:00 AM;-;49.52;49.52;49.52;49.52;49.52;49.52;-;-;49.52;48.27;46.90;49.52;66.00;49.52;46.90
Sep 10, 2018 3:00 AM;Sep 10, 2018 4:00 AM;-;48.06;48.06;48.06;48.06;48.06;48.06;-;-;48.06;48.03;45.79;48.06;66.00;48.06;45.79
Sep 10, 2018 4:00 AM;Sep 10, 2018 5:00 AM;-;47.56;47.51;49.10;47.47;47.53;49.10;-;-;49.10;48.04;46.62;47.51;66.76;47.51;46.62
Sep 10, 2018 5:00 AM;Sep 10, 2018 6:00 AM;-;51.85;51.85;54.01;51.85;51.85;54.01;-;-;54.01;51.75;50.55;51.85;69.94;51.85;50.55
Sep 10, 2018 6:00 AM;Sep 10, 2018 7:00 AM;-;70.24;60.59;58.44;70.24;70.24;56.84;-;-;56.84;66.26;64.75;70.24;74.15;70.24;64.75
Sep 10, 2018 7:00 AM;Sep 10, 2018 8:00 AM;-;74.30;74.30;74.30;74.30;74.30;57.98;-;-;58.10;70.46;71.62;74.30;79.87;74.30;71.94
Sep 10, 2018 8:00 AM;Sep 10, 2018 9:00 AM;-;75.19;75.19;75.19;75.19;75.19;58.13;-;-;59.19;72.57;72.46;75.19;115.15;75.19;72.46
Sep 10, 2018 9:00 AM;Sep 10, 2018 10:00 AM;-;79.52;71.95;71.95;76.04;81.16;57.97;-;-;59.31;70.82;69.96;71.95;98.03;71.95;69.96
Sep 10, 2018 10:00 AM;Sep 10, 2018 11:00 AM;-;80.01;70.30;70.30;75.43;83.62;57.87;-;-;59.15;68.17;65.70;70.30;90.00;70.30;65.70
Sep 10, 2018 11:00 AM;Sep 10, 2018 12:00 PM;-;76.70;58.31;58.31;72.33;78.25;57.79;-;-;58.31;68.14;64.10;67.34;90.00;67.34;65.02
Sep 10, 2018 12:00 PM;Sep 10, 2018 1:00 PM;-;74.71;57.43;57.59;66.65;78.33;57.43;-;-;57.59;67.05;61.12;57.43;80.00;57.61;64.08
Sep 10, 2018 1:00 PM;Sep 10, 2018 2:00 PM;-;72.30;56.82;56.82;65.18;72.79;56.82;-;-;56.82;67.10;56.27;56.82;80.01;56.82;64.06
Sep 10, 2018 2:00 PM;Sep 10, 2018 3:00 PM;-;60.36;57.13;57.13;59.46;65.18;57.13;-;-;57.13;61.94;55.44;58.14;102.51;58.14;64.05
Sep 10, 2018 3:00 PM;Sep 10, 2018 4:00 PM;-;63.02;56.86;56.86;63.02;63.02;56.86;-;-;56.86;61.26;56.98;63.02;124.22;63.02;61.84
Sep 10, 2018 4:00 PM;Sep 10, 2018 5:00 PM;-;67.92;57.12;57.12;67.92;67.92;57.12;-;-;57.12;62.53;59.70;67.92;133.93;67.92;62.66
Sep 10, 2018 5:00 PM;Sep 10, 2018 6:00 PM;-;72.98;57.44;57.44;72.98;72.98;57.44;-;-;57.44;67.89;67.11;72.98;110.39;72.98;67.11
Sep 10, 2018 6:00 PM;Sep 10, 2018 7:00 PM;-;75.40;75.40;75.40;75.40;75.40;57.46;-;-;57.52;72.39;71.41;75.40;99.43;75.40;71.41
Sep 10, 2018 7:00 PM;Sep 10, 2018 8:00 PM;-;77.36;77.36;77.36;77.36;77.36;57.49;-;-;58.19;74.10;76.00;77.36;115.15;77.36;76.00
Sep 10, 2018 8:00 PM;Sep 10, 2018 9:00 PM;-;79.93;79.93;79.93;79.93;79.93;57.11;-;-;79.93;74.46;77.90;79.93;117.13;79.93;77.90
Sep 10, 2018 9:00 PM;Sep 10, 2018 10:00 PM;-;74.94;74.94;74.94;74.94;74.94;56.36;-;-;56.36;70.93;71.15;74.94;80.91;74.94;71.15
Sep 10, 2018 10:00 PM;Sep 10, 2018 11:00 PM;-;69.93;69.93;69.93;69.93;69.93;55.33;-;-;55.33;65.78;63.53;69.93;78.01;69.93;63.53
Sep 10, 2018 11:00 PM;Sep 11, 2018 12:00 AM;-;58.94;58.80;58.80;58.94;58.94;54.13;-;-;54.13;61.92;55.35;58.94;72.66;58.94;55.35
Sep 11, 2018 12:00 AM;Sep 11, 2018 1:00 AM;-;59.04;53.40;53.40;59.04;59.04;53.40;-;-;53.40;58.39;55.01;59.04;76.59;59.04;55.01
Sep 11, 2018 1:00 AM;Sep 11, 2018 2:00 AM;-;52.35;51.28;51.28;52.15;52.52;51.28;-;-;51.28;54.26;52.87;51.91;73.81;51.91;52.87
Sep 11, 2018 2:00 AM;Sep 11, 2018 3:00 AM;-;48.59;48.59;48.59;48.59;48.59;48.59;-;-;48.59;52.40;51.06;48.59;72.66;48.59;51.06
Sep 11, 2018 3:00 AM;Sep 11, 2018 4:00 AM;-;45.77;46.90;46.90;45.77;46.23;46.90;-;-;46.90;51.14;50.00;46.90;72.47;46.90;50.00
Sep 11, 2018 4:00 AM;Sep 11, 2018 5:00 AM;-;42.08;48.00;48.06;42.08;44.39;48.06;-;-;48.06;49.84;48.88;48.00;72.47;48.00;48.88
Sep 11, 2018 5:00 AM;Sep 11, 2018 6:00 AM;-;48.74;48.74;52.65;48.74;48.74;52.65;-;-;52.65;52.97;51.93;48.74;72.99;48.74;51.93
Sep 11, 2018 6:00 AM;Sep 11, 2018 7:00 AM;-;64.81;61.67;58.09;64.81;64.81;55.14;-;-;57.03;65.69;65.28;64.81;75.77;72.37;65.28
Sep 11, 2018 7:00 AM;Sep 11, 2018 8:00 AM;-;72.50;72.50;72.50;72.50;72.50;55.39;-;-;72.50;72.08;71.20;72.50;74.99;72.50;71.20
Sep 11, 2018 8:00 AM;Sep 11, 2018 9:00 AM;-;74.08;69.97;69.97;73.92;73.50;55.00;-;-;69.97;72.22;72.31;73.77;81.99;73.77;72.31
Sep 11, 2018 9:00 AM;Sep 11, 2018 10:00 AM;-;75.40;58.90;66.59;73.85;76.86;54.97;-;-;66.59;71.59;65.40;71.94;80.53;71.94;65.40
Sep 11, 2018 10:00 AM;Sep 11, 2018 11:00 AM;-;82.97;57.35;65.09;70.76;77.00;54.38;-;-;65.09;72.20;53.80;57.35;78.83;57.35;59.99
Sep 11, 2018 11:00 AM;Sep 11, 2018 12:00 PM;-;83.65;49.41;62.80;68.95;70.67;53.57;-;-;62.80;71.48;50.01;49.41;78.01;65.09;61.00
Sep 11, 2018 12:00 PM;Sep 11, 2018 1:00 PM;-;78.07;49.08;61.89;65.85;61.00;51.83;-;-;61.89;69.87;63.67;49.08;72.55;71.16;63.67
Sep 11, 2018 1:00 PM;Sep 11, 2018 2:00 PM;-;67.63;47.06;59.62;58.48;70.00;49.91;-;-;59.62;70.14;50.00;47.06;72.57;69.30;63.66
Sep 11, 2018 2:00 PM;Sep 11, 2018 3:00 PM;-;72.54;46.53;57.42;61.04;73.50;49.74;-;-;57.42;70.01;50.00;46.53;76.59;68.00;64.16
Sep 11, 2018 3:00 PM;Sep 11, 2018 4:00 PM;-;69.81;48.03;57.40;60.19;70.02;49.71;-;-;57.40;68.73;63.70;48.03;80.00;65.00;63.70
Sep 11, 2018 4:00 PM;Sep 11, 2018 5:00 PM;-;80.10;45.96;57.92;64.09;76.61;51.08;-;-;57.92;66.31;67.80;45.96;80.52;68.00;67.80
Sep 11, 2018 5:00 PM;Sep 11, 2018 6:00 PM;-;75.94;51.94;57.30;65.22;85.66;52.59;-;-;57.30;67.91;66.21;51.94;77.77;64.15;66.21
Sep 11, 2018 6:00 PM;Sep 11, 2018 7:00 PM;-;80.24;57.36;57.36;75.12;86.67;52.91;-;-;57.36;70.51;69.30;68.74;78.04;68.74;69.30
Sep 11, 2018 7:00 PM;Sep 11, 2018 8:00 PM;-;78.52;57.09;58.09;76.04;81.61;54.08;-;-;58.09;72.79;74.75;72.99;81.99;72.99;74.75
Sep 11, 2018 8:00 PM;Sep 11, 2018 9:00 PM;-;83.41;57.28;57.28;79.00;87.64;54.15;-;-;57.28;73.27;74.01;73.39;81.99;73.39;74.01
Sep 11, 2018 9:00 PM;Sep 11, 2018 10:00 PM;-;81.19;56.65;56.65;76.23;84.59;54.20;-;-;56.65;70.72;69.14;69.92;77.23;69.92;69.14
Sep 11, 2018 10:00 PM;Sep 11, 2018 11:00 PM;-;72.15;54.36;54.36;69.62;73.22;53.04;-;-;54.36;66.00;60.90;66.60;74.23;66.60;60.90
Sep 11, 2018 11:00 PM;Sep 12, 2018 12:00 AM;-;77.89;50.94;50.94;66.62;66.15;50.94;-;-;50.94;59.05;53.27;53.90;72.55;53.90;53.27
Sep 12, 2018 12:00 AM;Sep 12, 2018 1:00 AM;-;60.88;48.32;48.32;59.06;62.00;48.32;-;-;48.32;58.45;54.05;56.96;77.25;56.96;54.05
Sep 12, 2018 1:00 AM;Sep 12, 2018 2:00 AM;-;59.90;47.14;47.14;56.09;64.47;47.14;-;-;47.14;53.09;52.04;51.61;74.23;51.61;52.04
Sep 12, 2018 2:00 AM;Sep 12, 2018 3:00 AM;-;51.11;45.97;45.97;51.11;51.11;45.97;-;-;45.97;51.02;50.51;51.11;73.81;51.11;50.51
Sep 12, 2018 3:00 AM;Sep 12, 2018 4:00 AM;-;49.52;47.15;47.15;49.52;49.52;47.15;-;-;47.15;49.36;49.00;49.52;72.90;49.52;49.00
Sep 12, 2018 4:00 AM;Sep 12, 2018 5:00 AM;-;50.05;47.73;47.73;50.05;50.05;47.73;-;-;47.73;49.35;49.89;50.05;72.66;50.05;49.89
Sep 12, 2018 5:00 AM;Sep 12, 2018 6:00 AM;-;56.10;51.15;51.15;56.10;56.10;51.15;-;-;51.15;52.58;52.91;56.10;74.23;56.10;52.91
Sep 12, 2018 6:00 AM;Sep 12, 2018 7:00 AM;-;72.16;53.86;53.86;72.16;72.16;53.86;-;-;53.86;68.59;69.90;72.16;79.30;72.16;69.90
Sep 12, 2018 7:00 AM;Sep 12, 2018 8:00 AM;-;76.04;56.44;56.44;76.04;76.04;54.24;-;-;56.44;74.81;74.80;76.04;79.00;76.04;74.80
Sep 12, 2018 8:00 AM;Sep 12, 2018 9:00 AM;-;76.04;57.93;57.93;76.04;76.04;53.80;-;-;57.93;74.99;74.83;76.04;96.55;76.04;74.83
Sep 12, 2018 9:00 AM;Sep 12, 2018 10:00 AM;-;81.21;57.05;57.05;77.70;83.00;53.80;-;-;57.05;73.42;72.50;73.36;98.35;73.36;72.50
Sep 12, 2018 10:00 AM;Sep 12, 2018 11:00 AM;-;83.88;56.53;56.53;72.78;89.25;53.66;-;-;56.53;72.79;66.48;59.08;89.80;59.08;66.55
Sep 12, 2018 11:00 AM;Sep 12, 2018 12:00 PM;-;94.78;53.40;56.15;76.65;84.58;53.40;-;-;56.15;73.52;61.80;55.96;85.00;64.17;64.60
Sep 12, 2018 12:00 PM;Sep 12, 2018 1:00 PM;-;87.23;53.04;56.26;71.59;86.85;53.04;-;-;56.26;72.70;57.31;53.04;79.34;65.00;66.03
Sep 12, 2018 1:00 PM;Sep 12, 2018 2:00 PM;-;79.27;52.88;55.53;67.54;85.57;52.88;-;-;55.53;72.18;56.23;53.09;79.34;65.00;66.63
Sep 12, 2018 2:00 PM;Sep 12, 2018 3:00 PM;-;80.14;53.34;54.74;68.42;82.33;53.34;-;-;54.74;71.58;56.42;53.97;89.99;65.00;66.03
Sep 12, 2018 3:00 PM;Sep 12, 2018 4:00 PM;-;73.30;54.13;54.13;66.65;76.47;54.13;-;-;54.13;71.30;61.30;58.16;96.55;63.06;66.01
Sep 12, 2018 4:00 PM;Sep 12, 2018 5:00 PM;-;68.79;54.09;54.09;68.79;68.79;54.09;-;-;54.09;71.72;66.74;68.79;104.58;68.79;68.19
Sep 12, 2018 5:00 PM;Sep 12, 2018 6:00 PM;-;80.05;54.60;54.60;76.48;83.89;54.60;-;-;54.60;73.54;74.09;71.99;104.58;71.99;74.09
Sep 12, 2018 6:00 PM;Sep 12, 2018 7:00 PM;-;79.81;54.88;54.88;77.64;82.00;54.88;-;-;54.88;77.07;76.65;74.98;100.05;74.98;76.65
Sep 12, 2018 7:00 PM;Sep 12, 2018 8:00 PM;-;78.78;55.60;55.60;78.78;78.78;54.91;-;-;55.60;79.19;81.60;78.78;119.75;78.78;86.55
Sep 12, 2018 8:00 PM;Sep 12, 2018 9:00 PM;-;80.08;54.88;54.88;80.08;80.08;54.88;-;-;54.88;80.03;81.50;80.08;117.13;80.08;84.84
Sep 12, 2018 9:00 PM;Sep 12, 2018 10:00 PM;-;73.42;54.26;54.26;73.42;73.42;54.26;-;-;54.26;75.84;75.00;73.42;90.23;73.42;75.00
Sep 12, 2018 10:00 PM;Sep 12, 2018 11:00 PM;-;70.91;52.06;52.06;70.91;70.91;52.06;-;-;52.06;72.03;69.87;70.91;83.00;70.91;70.03
Sep 12, 2018 11:00 PM;Sep 13, 2018 12:00 AM;-;65.61;49.55;49.55;65.61;65.61;49.55;-;-;49.55;65.91;62.10;65.61;76.78;65.61;62.10
Sep 13, 2018 12:00 AM;Sep 13, 2018 1:00 AM;-;59.48;50.53;50.53;59.48;59.48;50.53;-;-;50.53;62.04;58.30;59.48;82.14;59.48;58.30
Sep 13, 2018 1:00 AM;Sep 13, 2018 2:00 AM;-;59.40;50.12;50.12;59.40;59.40;50.12;-;-;50.12;56.57;54.13;59.40;85.00;59.40;54.13
Sep 13, 2018 2:00 AM;Sep 13, 2018 3:00 AM;-;56.71;50.12;50.12;56.71;56.71;50.12;-;-;50.12;54.67;52.33;56.71;82.14;56.71;52.33
Sep 13, 2018 3:00 AM;Sep 13, 2018 4:00 AM;-;53.45;50.65;50.65;53.45;53.45;50.65;-;-;50.65;52.49;51.59;53.45;77.30;53.45;51.59
Sep 13, 2018 4:00 AM;Sep 13, 2018 5:00 AM;-;55.31;51.81;51.81;53.94;54.90;51.81;-;-;51.81;52.22;52.08;54.48;75.11;54.48;52.08
Sep 13, 2018 5:00 AM;Sep 13, 2018 6:00 AM;-;58.77;58.31;58.31;58.77;58.77;53.39;-;-;53.39;59.04;57.94;58.77;80.00;58.77;57.94
Sep 13, 2018 6:00 AM;Sep 13, 2018 7:00 AM;-;78.00;74.48;74.48;72.11;76.10;54.43;-;-;62.88;73.07;73.73;74.48;88.69;77.30;73.73
Sep 13, 2018 7:00 AM;Sep 13, 2018 8:00 AM;-;86.46;81.34;81.34;77.89;83.84;54.84;-;-;79.38;77.96;80.15;81.34;82.15;81.34;80.15
Sep 13, 2018 8:00 AM;Sep 13, 2018 9:00 AM;-;87.83;83.91;83.91;81.26;85.75;54.91;-;-;81.90;79.59;81.70;83.91;100.45;83.91;81.70
Sep 13, 2018 9:00 AM;Sep 13, 2018 10:00 AM;-;79.94;79.94;79.94;79.94;79.94;54.85;-;-;78.02;79.44;80.67;79.94;105.00;79.94;80.67
Sep 13, 2018 10:00 AM;Sep 13, 2018 11:00 AM;-;78.89;78.89;78.89;78.89;78.89;54.81;-;-;77.00;76.78;76.89;78.89;104.28;84.86;76.89
Sep 13, 2018 11:00 AM;Sep 13, 2018 12:00 PM;-;77.75;77.75;77.75;77.75;77.75;54.69;-;-;75.88;75.83;76.03;77.75;105.00;99.03;76.03
Sep 13, 2018 12:00 PM;Sep 13, 2018 1:00 PM;-;76.66;76.66;76.66;76.66;76.66;54.69;-;-;74.82;73.01;72.96;76.66;88.69;88.69;72.96
Sep 13, 2018 1:00 PM;Sep 13, 2018 2:00 PM;-;75.32;75.32;75.32;75.32;75.32;54.63;-;-;73.51;72.76;71.70;75.32;89.00;85.20;72.05
Sep 13, 2018 2:00 PM;Sep 13, 2018 3:00 PM;-;74.93;74.93;74.93;74.93;74.93;54.52;-;-;73.13;72.47;71.05;74.93;105.00;74.93;71.05
Sep 13, 2018 3:00 PM;Sep 13, 2018 4:00 PM;-;74.08;74.08;74.08;74.08;74.08;54.47;-;-;72.30;72.05;71.38;74.08;120.00;74.08;71.83
Sep 13, 2018 4:00 PM;Sep 13, 2018 5:00 PM;-;72.93;72.93;72.93;72.93;72.93;54.48;-;-;71.18;72.10;71.20;72.93;106.46;72.93;72.03
Sep 13, 2018 5:00 PM;Sep 13, 2018 6:00 PM;-;75.70;75.70;75.70;75.70;75.70;54.47;-;-;73.88;75.09;75.92;75.70;98.00;75.70;75.92
Sep 13, 2018 6:00 PM;Sep 13, 2018 7:00 PM;-;77.93;77.73;77.73;77.60;77.83;54.48;-;-;75.87;76.44;77.16;77.73;95.43;77.73;79.03
Sep 13, 2018 7:00 PM;Sep 13, 2018 8:00 PM;-;80.70;79.20;79.20;78.19;79.90;54.56;-;-;77.30;78.07;80.99;79.20;103.00;103.00;91.96
Sep 13, 2018 8:00 PM;Sep 13, 2018 9:00 PM;-;87.81;82.43;82.43;78.80;85.00;54.62;-;-;80.45;78.51;80.44;82.43;101.00;96.86;88.00
Sep 13, 2018 9:00 PM;Sep 13, 2018 10:00 PM;-;78.03;73.18;73.18;76.04;77.78;54.50;-;-;73.18;73.00;73.22;74.98;88.69;74.98;73.22
Sep 13, 2018 10:00 PM;Sep 13, 2018 11:00 PM;-;75.19;66.32;66.32;72.90;74.82;54.12;-;-;55.89;71.11;69.20;71.63;85.00;71.63;69.20
Sep 13, 2018 11:00 PM;Sep 14, 2018 12:00 AM;-;64.77;53.65;53.65;63.66;65.49;53.32;-;-;53.65;64.28;62.60;62.36;74.23;62.36;62.60
Sep 14, 2018 12:00 AM;Sep 14, 2018 1:00 AM;-;57.63;53.24;53.24;57.63;57.63;53.17;-;-;53.24;58.41;57.87;57.63;77.38;62.17;58.26
Sep 14, 2018 1:00 AM;Sep 14, 2018 2:00 AM;-;55.38;52.00;52.00;55.38;55.38;52.00;-;-;52.00;55.85;55.48;55.38;77.68;58.70;55.48
Sep 14, 2018 2:00 AM;Sep 14, 2018 3:00 AM;-;54.08;51.57;51.57;54.08;54.08;51.57;-;-;51.57;54.01;53.32;54.08;74.88;54.08;53.32
Sep 14, 2018 3:00 AM;Sep 14, 2018 4:00 AM;-;52.90;50.81;50.81;51.51;52.49;50.81;-;-;50.81;52.17;51.00;52.06;74.23;52.06;51.00
Sep 14, 2018 4:00 AM;Sep 14, 2018 5:00 AM;-;54.40;51.11;51.11;50.53;53.27;51.11;-;-;51.11;52.63;51.48;52.07;74.23;52.07;51.48
Sep 14, 2018 5:00 AM;Sep 14, 2018 6:00 AM;-;56.10;54.76;54.76;56.10;56.10;53.25;-;-;54.76;56.87;55.71;56.10;77.30;58.70;55.71
Sep 14, 2018 6:00 AM;Sep 14, 2018 7:00 AM;-;70.91;70.91;70.91;70.91;70.91;53.71;-;-;63.59;72.03;71.89;70.91;85.00;70.91;71.89
Sep 14, 2018 7:00 AM;Sep 14, 2018 8:00 AM;-;77.09;75.95;75.95;75.16;76.52;54.71;-;-;74.13;75.80;77.50;75.95;81.99;75.95;77.50
Sep 14, 2018 8:00 AM;Sep 14, 2018 9:00 AM;-;78.45;78.45;78.45;78.45;78.45;55.15;-;-;76.57;77.30;78.36;78.45;94.99;78.45;78.36
Sep 14, 2018 9:00 AM;Sep 14, 2018 10:00 AM;-;78.46;78.46;78.46;78.46;78.46;55.10;-;-;76.58;76.03;77.43;78.46;90.00;78.46;77.43
Sep 14, 2018 10:00 AM;Sep 14, 2018 11:00 AM;-;77.45;77.45;77.45;77.45;77.45;54.33;-;-;75.59;75.85;75.36;77.45;85.00;81.10;75.99
Sep 14, 2018 11:00 AM;Sep 14, 2018 12:00 PM;-;75.96;75.96;75.96;75.96;75.96;53.95;-;-;74.14;75.18;74.21;75.96;80.11;80.11;75.03
Sep 14, 2018 12:00 PM;Sep 14, 2018 1:00 PM;-;72.08;69.58;69.58;72.08;72.08;53.85;-;-;69.58;72.55;71.10;72.08;74.62;74.62;73.20
Sep 14, 2018 1:00 PM;Sep 14, 2018 2:00 PM;-;65.18;63.62;63.62;65.18;65.18;53.77;-;-;63.62;69.37;67.03;65.18;74.95;74.95;70.80
Sep 14, 2018 2:00 PM;Sep 14, 2018 3:00 PM;-;69.77;57.51;57.51;64.17;59.03;53.67;-;-;57.51;65.71;62.60;59.03;79.99;79.99;68.79
Sep 14, 2018 3:00 PM;Sep 14, 2018 4:00 PM;-;57.78;56.39;56.39;57.78;57.78;53.57;-;-;56.39;64.30;62.49;57.78;88.01;88.01;69.12
Sep 14, 2018 4:00 PM;Sep 14, 2018 5:00 PM;-;58.00;56.92;56.92;58.00;58.00;53.39;-;-;56.92;64.46;62.49;58.00;90.42;79.10;70.92
Sep 14, 2018 5:00 PM;Sep 14, 2018 6:00 PM;-;62.27;60.78;60.78;62.27;62.27;53.34;-;-;60.78;69.36;67.72;62.27;94.99;62.27;71.01
Sep 14, 2018 6:00 PM;Sep 14, 2018 7:00 PM;-;72.91;71.16;71.16;72.91;72.91;53.36;-;-;71.16;72.70;70.70;72.91;89.15;72.91;73.74
Sep 14, 2018 7:00 PM;Sep 14, 2018 8:00 PM;-;74.91;73.23;73.23;74.91;74.91;53.35;-;-;73.11;73.67;72.60;74.91;101.70;101.70;93.07
Sep 14, 2018 8:00 PM;Sep 14, 2018 9:00 PM;-;74.74;58.50;58.50;74.74;74.74;53.35;-;-;58.50;73.73;73.15;74.74;95.00;95.00;86.22
Sep 14, 2018 9:00 PM;Sep 14, 2018 10:00 PM;-;65.14;55.14;55.14;64.11;66.00;53.33;-;-;55.14;67.07;63.80;62.74;79.75;69.34;64.35
Sep 14, 2018 10:00 PM;Sep 14, 2018 11:00 PM;-;89.26;52.28;52.28;71.94;56.21;52.28;-;-;52.28;62.99;59.66;56.21;76.11;76.11;63.94
Sep 14, 2018 11:00 PM;Sep 15, 2018 12:00 AM;-;86.39;50.09;50.09;70.29;55.82;50.09;-;-;50.09;58.28;54.19;55.82;72.66;72.66;58.19
Sep 15, 2018 12:00 AM;Sep 15, 2018 1:00 AM;-;60.46;49.65;49.65;56.34;62.93;49.65;-;-;49.65;57.41;54.10;51.25;73.22;68.09;60.09
Sep 15, 2018 1:00 AM;Sep 15, 2018 2:00 AM;-;51.63;48.60;48.60;50.27;52.00;48.60;-;-;48.60;53.52;50.72;48.60;74.23;59.00;51.09
Sep 15, 2018 2:00 AM;Sep 15, 2018 3:00 AM;-;50.00;46.04;46.04;48.22;51.71;46.04;-;-;46.04;50.10;48.65;46.04;73.81;51.90;49.00
Sep 15, 2018 3:00 AM;Sep 15, 2018 4:00 AM;-;45.38;44.26;44.26;44.88;45.72;44.26;-;-;44.26;47.51;46.27;44.26;72.66;49.30;46.27
Sep 15, 2018 4:00 AM;Sep 15, 2018 5:00 AM;-;43.86;43.86;43.86;43.86;43.86;43.86;-;-;43.86;46.11;45.20;43.86;72.66;48.50;45.37
Sep 15, 2018 5:00 AM;Sep 15, 2018 6:00 AM;-;45.53;44.04;44.51;44.87;45.98;44.51;-;-;44.51;47.52;46.24;44.04;72.66;59.00;50.14
Sep 15, 2018 6:00 AM;Sep 15, 2018 7:00 AM;-;47.95;46.62;46.81;47.35;48.36;46.81;-;-;46.81;50.60;49.80;46.62;73.81;73.81;54.83
Sep 15, 2018 7:00 AM;Sep 15, 2018 8:00 AM;-;49.06;49.06;48.87;49.06;49.06;48.41;-;-;48.87;53.63;51.47;49.06;73.81;73.81;73.10
Sep 15, 2018 8:00 AM;Sep 15, 2018 9:00 AM;-;58.08;50.38;50.38;54.64;59.61;50.38;-;-;50.38;57.65;56.81;50.38;73.81;73.81;78.17
Sep 15, 2018 9:00 AM;Sep 15, 2018 10:00 AM;-;58.26;52.02;52.02;55.48;60.00;50.35;-;-;52.02;57.05;55.80;52.02;73.81;73.81;77.90
Sep 15, 2018 10:00 AM;Sep 15, 2018 11:00 AM;-;58.74;48.08;51.57;53.98;62.80;49.75;-;-;51.57;54.05;50.02;48.08;72.66;72.66;75.51
Sep 15, 2018 11:00 AM;Sep 15, 2018 12:00 PM;-;59.85;48.72;51.35;53.67;65.50;48.72;-;-;51.35;56.25;45.93;46.01;71.10;71.10;75.00
Sep 15, 2018 12:00 PM;Sep 15, 2018 1:00 PM;-;63.47;48.22;50.20;55.97;69.90;48.22;-;-;50.20;56.31;42.66;46.67;66.02;80.00;72.00
Sep 15, 2018 1:00 PM;Sep 15, 2018 2:00 PM;-;61.43;47.97;48.16;53.99;68.69;47.97;-;-;48.16;55.55;40.06;44.77;63.00;63.00;70.01
Sep 15, 2018 2:00 PM;Sep 15, 2018 3:00 PM;-;54.98;47.64;47.64;49.64;59.88;47.64;-;-;47.64;52.67;38.10;43.02;61.95;61.95;68.76
Sep 15, 2018 3:00 PM;Sep 15, 2018 4:00 PM;-;52.32;45.79;47.80;49.41;55.00;47.80;-;-;47.80;52.31;42.51;45.79;64.87;64.87;70.08
Sep 15, 2018 4:00 PM;Sep 15, 2018 5:00 PM;-;57.49;43.48;48.10;51.25;61.46;48.10;-;-;48.10;53.01;46.80;43.48;66.98;66.98;73.03
Sep 15, 2018 5:00 PM;Sep 15, 2018 6:00 PM;-;51.98;50.10;50.33;51.13;52.36;49.77;-;-;50.33;56.54;54.78;50.10;72.39;72.39;75.93
Sep 15, 2018 6:00 PM;Sep 15, 2018 7:00 PM;-;60.37;57.52;57.29;60.12;60.42;51.22;-;-;57.29;65.44;64.10;59.82;73.81;73.81;81.91
Sep 15, 2018 7:00 PM;Sep 15, 2018 8:00 PM;-;71.14;67.13;67.13;71.14;71.14;51.99;-;-;67.13;70.92;69.70;71.14;87.01;93.00;97.00
Sep 15, 2018 8:00 PM;Sep 15, 2018 9:00 PM;-;74.64;67.35;67.35;74.64;74.64;52.02;-;-;67.35;70.99;71.60;74.64;87.01;87.01;96.18
Sep 15, 2018 9:00 PM;Sep 15, 2018 10:00 PM;-;72.42;67.11;67.11;69.13;72.32;51.63;-;-;51.63;67.69;66.00;67.11;73.81;73.81;81.00
Sep 15, 2018 10:00 PM;Sep 15, 2018 11:00 PM;-;66.19;59.77;59.77;65.22;66.12;50.41;-;-;50.41;62.31;61.28;64.62;72.66;72.66;73.89
Sep 15, 2018 11:00 PM;Sep 16, 2018 12:00 AM;-;61.55;53.69;53.69;61.55;61.55;49.19;-;-;49.19;56.80;56.17;61.55;71.19;67.93;59.93
Sep 16, 2018 12:00 AM;Sep 16, 2018 1:00 AM;-;58.90;54.73;51.87;58.90;58.90;50.00;-;-;51.87;55.34;54.21;58.90;68.25;58.90;56.01
Sep 16, 2018 1:00 AM;Sep 16, 2018 2:00 AM;-;50.02;50.02;49.87;50.02;50.02;48.42;-;-;49.87;51.25;49.72;50.02;68.11;53.10;49.72
Sep 16, 2018 2:00 AM;Sep 16, 2018 3:00 AM;-;47.87;46.13;46.28;45.01;46.95;45.45;-;-;46.28;47.95;46.43;46.13;64.89;46.13;46.43
Sep 16, 2018 3:00 AM;Sep 16, 2018 4:00 AM;-;47.63;42.54;43.59;39.26;44.89;43.53;-;-;43.59;44.51;43.91;42.54;62.70;42.54;43.91
Sep 16, 2018 4:00 AM;Sep 16, 2018 5:00 AM;-;50.22;43.75;43.75;34.93;45.20;43.75;-;-;43.75;42.41;42.16;40.91;62.34;47.29;42.16
Sep 16, 2018 5:00 AM;Sep 16, 2018 6:00 AM;-;52.69;43.70;44.17;28.79;45.15;43.70;-;-;44.17;42.47;42.98;38.14;62.33;38.14;42.98
Sep 16, 2018 6:00 AM;Sep 16, 2018 7:00 AM;-;51.13;43.80;44.17;32.90;45.25;43.80;-;-;44.17;44.81;45.62;40.02;65.75;44.50;45.62
Sep 16, 2018 7:00 AM;Sep 16, 2018 8:00 AM;-;47.78;43.33;48.14;36.97;44.35;43.33;-;-;48.14;45.28;45.70;41.22;62.71;62.71;50.50
Sep 16, 2018 8:00 AM;Sep 16, 2018 9:00 AM;-;44.69;44.41;50.33;44.23;44.55;44.41;-;-;50.33;47.56;46.08;44.41;61.42;61.42;52.18
Sep 16, 2018 9:00 AM;Sep 16, 2018 10:00 AM;-;45.75;45.75;53.19;45.75;45.75;45.75;-;-;53.19;46.75;45.78;45.75;63.42;63.42;61.50
Sep 16, 2018 10:00 AM;Sep 16, 2018 11:00 AM;-;45.21;45.21;54.27;45.21;45.21;44.60;-;-;54.27;44.90;42.00;45.21;63.34;63.34;61.07
Sep 16, 2018 11:00 AM;Sep 16, 2018 12:00 PM;-;43.22;43.22;54.24;43.22;43.22;43.48;-;-;54.24;42.92;40.00;43.22;62.91;62.91;63.20
Sep 16, 2018 12:00 PM;Sep 16, 2018 1:00 PM;-;44.21;42.34;53.27;43.37;44.66;43.23;-;-;53.27;43.00;37.00;42.34;61.42;61.42;59.80
Sep 16, 2018 1:00 PM;Sep 16, 2018 2:00 PM;-;38.44;32.08;52.90;35.59;39.00;40.29;-;-;52.90;37.05;32.50;32.08;59.65;59.65;59.80
Sep 16, 2018 2:00 PM;Sep 16, 2018 3:00 PM;-;28.58;26.11;52.22;27.55;34.90;36.05;-;-;52.22;32.59;28.00;26.11;59.10;59.10;55.10
Sep 16, 2018 3:00 PM;Sep 16, 2018 4:00 PM;-;33.36;30.47;51.93;32.07;34.00;37.15;-;-;51.93;35.36;31.84;30.47;60.10;60.10;54.50
Sep 16, 2018 4:00 PM;Sep 16, 2018 5:00 PM;-;42.34;42.34;52.10;42.34;42.34;43.24;-;-;52.10;37.97;36.70;42.34;63.83;53.19;55.50
Sep 16, 2018 5:00 PM;Sep 16, 2018 6:00 PM;-;49.09;49.09;53.09;49.09;49.09;46.04;-;-;53.09;47.07;46.40;49.09;68.00;65.10;57.29
Sep 16, 2018 6:00 PM;Sep 16, 2018 7:00 PM;-;63.85;53.70;57.14;63.13;64.20;49.17;-;-;57.14;63.53;60.00;62.25;68.81;68.81;64.66
Sep 16, 2018 7:00 PM;Sep 16, 2018 8:00 PM;-;70.78;49.58;57.92;70.78;70.78;49.58;-;-;57.92;69.51;70.00;70.78;73.34;73.34;81.93
Sep 16, 2018 8:00 PM;Sep 16, 2018 9:00 PM;-;75.09;49.97;55.83;74.80;75.28;49.97;-;-;55.83;71.92;69.49;74.45;75.00;75.00;77.86
Sep 16, 2018 9:00 PM;Sep 16, 2018 10:00 PM;-;75.07;49.59;52.79;68.52;81.56;49.59;-;-;52.79;67.50;62.50;60.72;72.84;66.08;67.00
Sep 16, 2018 10:00 PM;Sep 16, 2018 11:00 PM;-;67.34;48.83;50.37;63.97;70.10;48.83;-;-;50.37;60.35;59.39;59.96;72.08;59.96;59.39
Sep 16, 2018 11:00 PM;Sep 17, 2018 12:00 AM;-;66.80;47.43;47.43;58.60;67.56;47.43;-;-;47.43;57.36;51.10;49.02;68.00;53.10;51.10
Sep 17, 2018 12:00 AM;Sep 17, 2018 1:00 AM;-;60.92;44.20;44.20;53.81;69.68;44.20;-;-;44.20;52.59;47.00;45.29;70.00;45.29;47.00
Sep 17, 2018 1:00 AM;Sep 17, 2018 2:00 AM;-;51.67;43.08;43.08;48.25;56.11;43.08;-;-;43.08;50.43;43.69;44.14;69.89;44.14;43.69
Sep 17, 2018 2:00 AM;Sep 17, 2018 3:00 AM;-;47.11;43.04;43.04;45.41;48.68;43.04;-;-;43.04;45.81;42.92;43.33;66.98;43.33;42.92
Sep 17, 2018 3:00 AM;Sep 17, 2018 4:00 AM;-;42.74;41.74;41.74;42.29;43.12;41.74;-;-;41.74;43.49;41.60;41.74;65.66;41.74;41.60
Sep 17, 2018 4:00 AM;Sep 17, 2018 5:00 AM;-;43.94;42.91;42.91;43.48;44.33;42.91;-;-;42.91;45.17;43.17;42.91;69.37;42.91;43.17
Sep 17, 2018 5:00 AM;Sep 17, 2018 6:00 AM;-;49.05;49.05;49.05;49.05;49.05;47.48;-;-;49.05;50.82;49.60;49.05;69.90;58.98;50.44
Sep 17, 2018 6:00 AM;Sep 17, 2018 7:00 AM;-;69.90;63.75;63.75;69.90;69.90;51.12;-;-;60.42;68.03;67.00;69.90;79.57;79.57;69.26
Sep 17, 2018 7:00 AM;Sep 17, 2018 8:00 AM;-;75.47;75.47;75.47;75.47;75.47;51.52;-;-;66.96;75.24;72.50;75.47;77.30;77.30;82.86
Sep 17, 2018 8:00 AM;Sep 17, 2018 9:00 AM;-;75.91;75.91;75.91;75.91;75.91;51.81;-;-;72.02;74.26;73.00;75.91;90.00;90.00;94.06
Sep 17, 2018 9:00 AM;Sep 17, 2018 10:00 AM;-;75.91;75.91;75.91;75.91;75.91;51.76;-;-;70.93;72.98;70.30;75.91;89.99;89.99;89.93
Sep 17, 2018 10:00 AM;Sep 17, 2018 11:00 AM;-;77.95;71.94;71.94;74.69;71.94;51.68;-;-;70.22;68.77;65.11;71.94;86.15;86.15;80.03
Sep 17, 2018 11:00 AM;Sep 17, 2018 12:00 PM;-;78.90;61.80;61.80;70.98;61.10;51.62;-;-;61.80;68.66;61.62;61.80;86.15;86.15;79.48
Sep 17, 2018 12:00 PM;Sep 17, 2018 1:00 PM;-;78.90;54.66;58.60;67.71;53.24;51.54;-;-;58.60;64.84;56.86;54.66;78.72;78.72;79.75
Sep 17, 2018 1:00 PM;Sep 17, 2018 2:00 PM;-;78.80;51.78;55.55;66.89;57.40;51.54;-;-;55.55;65.22;54.69;51.78;81.43;81.43;79.73
Sep 17, 2018 2:00 PM;Sep 17, 2018 3:00 PM;-;72.55;54.05;55.38;64.32;61.00;51.52;-;-;55.38;64.68;55.25;54.05;90.00;90.00;84.61
Sep 17, 2018 3:00 PM;Sep 17, 2018 4:00 PM;-;71.61;57.05;57.05;64.30;63.90;51.50;-;-;57.05;64.06;58.59;57.05;92.62;92.62;91.95
Sep 17, 2018 4:00 PM;Sep 17, 2018 5:00 PM;-;68.00;68.00;68.00;68.00;68.00;51.52;-;-;66.37;66.02;64.90;68.00;101.04;101.04;96.34
Sep 17, 2018 5:00 PM;Sep 17, 2018 6:00 PM;-;75.00;75.00;75.00;75.00;75.00;51.48;-;-;73.20;72.05;69.40;75.00;93.89;93.89;95.08
Sep 17, 2018 6:00 PM;Sep 17, 2018 7:00 PM;-;81.09;78.49;78.49;77.03;79.55;51.49;-;-;74.80;76.33;74.89;78.49;92.15;92.15;96.92
Sep 17, 2018 7:00 PM;Sep 17, 2018 8:00 PM;-;83.88;91.31;91.31;80.01;89.62;51.47;-;-;89.12;79.30;82.00;91.31;100.25;100.25;107.69
Sep 17, 2018 8:00 PM;Sep 17, 2018 9:00 PM;-;81.82;81.82;81.82;81.82;81.82;51.52;-;-;79.86;80.08;82.00;81.82;97.89;97.89;102.03
Sep 17, 2018 9:00 PM;Sep 17, 2018 10:00 PM;-;73.72;73.72;73.72;73.72;73.72;51.35;-;-;68.34;73.27;71.00;73.72;84.71;84.71;76.63
Sep 17, 2018 10:00 PM;Sep 17, 2018 11:00 PM;-;64.50;64.50;64.50;64.50;64.50;50.42;-;-;59.55;68.87;64.70;64.50;77.30;77.30;71.03
Sep 17, 2018 11:00 PM;Sep 18, 2018 12:00 AM;-;50.03;50.03;50.03;50.03;50.03;47.29;-;-;48.89;59.67;57.24;50.03;74.10;74.10;62.34
Sep 18, 2018 12:00 AM;Sep 18, 2018 1:00 AM;-;50.00;50.00;50.00;50.00;50.00;47.22;-;-;50.00;52.21;50.20;50.00;75.22;50.00;59.88
Sep 18, 2018 1:00 AM;Sep 18, 2018 2:00 AM;-;47.93;47.93;48.45;47.93;47.93;46.24;-;-;48.45;49.15;48.01;47.93;75.22;60.00;55.17
Sep 18, 2018 2:00 AM;Sep 18, 2018 3:00 AM;-;44.46;44.46;45.55;44.46;44.46;43.04;-;-;45.55;47.53;46.16;44.46;73.74;44.46;50.80
Sep 18, 2018 3:00 AM;Sep 18, 2018 4:00 AM;-;44.17;42.40;45.03;41.46;43.80;42.40;-;-;45.03;43.19;42.40;42.86;72.59;42.86;45.39
Sep 18, 2018 4:00 AM;Sep 18, 2018 5:00 AM;-;43.54;43.88;45.51;43.37;43.80;42.40;-;-;45.51;43.51;42.92;43.88;72.40;61.00;51.20
Sep 18, 2018 5:00 AM;Sep 18, 2018 6:00 AM;-;46.03;46.03;49.07;46.03;46.03;44.55;-;-;49.07;48.79;47.50;46.03;74.16;60.06;61.81
Sep 18, 2018 6:00 AM;Sep 18, 2018 7:00 AM;-;60.74;59.54;59.54;60.74;60.74;47.57;-;-;57.25;59.75;61.49;60.74;77.29;77.29;79.06
Sep 18, 2018 7:00 AM;Sep 18, 2018 8:00 AM;-;74.50;71.92;71.92;74.50;74.50;47.86;-;-;71.92;69.26;68.23;74.50;89.31;89.31;87.95
Sep 18, 2018 8:00 AM;Sep 18, 2018 9:00 AM;-;74.98;73.96;73.96;74.98;74.98;48.08;-;-;73.96;70.31;68.00;74.98;95.15;95.15;93.66
Sep 18, 2018 9:00 AM;Sep 18, 2018 10:00 AM;-;78.22;69.92;72.99;75.52;79.22;48.54;-;-;72.99;65.81;65.00;71.99;99.67;99.67;90.34
Sep 18, 2018 10:00 AM;Sep 18, 2018 11:00 AM;-;70.22;57.16;69.47;67.88;67.79;48.27;-;-;69.47;63.29;57.04;64.29;90.00;90.00;84.84
Sep 18, 2018 11:00 AM;Sep 18, 2018 12:00 PM;-;73.75;53.49;65.26;66.25;65.10;48.16;-;-;65.26;63.57;51.19;53.49;89.63;89.63;81.87
Sep 18, 2018 12:00 PM;Sep 18, 2018 1:00 PM;-;62.90;47.94;60.17;57.85;56.60;47.94;-;-;60.17;62.40;47.00;49.02;80.88;80.88;81.72
Sep 18, 2018 1:00 PM;Sep 18, 2018 2:00 PM;-;63.34;47.79;55.44;57.90;56.34;47.79;-;-;55.44;61.72;45.01;47.98;83.43;83.43;81.57
Sep 18, 2018 2:00 PM;Sep 18, 2018 3:00 PM;-;61.25;47.59;54.96;56.64;55.22;47.59;-;-;54.96;61.71;44.73;48.10;89.99;89.99;84.10
Sep 18, 2018 3:00 PM;Sep 18, 2018 4:00 PM;-;60.36;44.46;54.30;56.38;55.15;44.46;-;-;54.30;61.17;46.83;49.01;90.00;90.00;86.15
Sep 18, 2018 4:00 PM;Sep 18, 2018 5:00 PM;-;61.40;42.89;55.68;56.87;55.26;42.89;-;-;55.68;60.09;49.42;48.48;91.42;91.42;88.03
Sep 18, 2018 5:00 PM;Sep 18, 2018 6:00 PM;-;67.04;44.02;59.15;67.04;67.04;44.02;-;-;59.15;61.51;59.49;67.04;86.00;84.10;86.15
Sep 18, 2018 6:00 PM;Sep 18, 2018 7:00 PM;-;74.94;42.78;59.72;74.94;74.94;42.78;-;-;59.72;69.10;67.18;74.94;85.00;85.00;91.97
Sep 18, 2018 7:00 PM;Sep 18, 2018 8:00 PM;-;77.65;42.58;59.99;77.65;77.65;42.58;-;-;59.99;71.48;71.06;77.65;90.00;90.00;103.38
Sep 18, 2018 8:00 PM;Sep 18, 2018 9:00 PM;-;85.09;43.01;55.09;81.10;88.50;43.01;-;-;55.09;71.44;70.17;75.91;87.88;87.88;94.28
Sep 18, 2018 9:00 PM;Sep 18, 2018 10:00 PM;-;76.82;42.87;51.87;74.86;74.82;42.87;-;-;51.87;64.54;60.40;71.98;75.66;74.55;63.97
Sep 18, 2018 10:00 PM;Sep 18, 2018 11:00 PM;-;77.49;41.44;48.56;68.07;68.81;41.44;-;-;48.56;64.44;53.50;55.75;76.43;76.43;58.46
Sep 18, 2018 11:00 PM;Sep 19, 2018 12:00 AM;-;70.20;42.03;44.72;61.65;64.70;42.03;-;-;44.72;57.86;47.40;50.04;73.50;73.50;51.03
Sep 19, 2018 12:00 AM;Sep 19, 2018 1:00 AM;-;51.68;43.01;44.04;50.66;52.40;43.01;-;-;44.04;49.42;47.40;49.44;74.91;67.00;55.70
Sep 19, 2018 1:00 AM;Sep 19, 2018 2:00 AM;-;48.13;41.23;41.23;48.13;48.13;41.23;-;-;41.23;47.98;47.00;48.13;74.05;48.13;47.36
Sep 19, 2018 2:00 AM;Sep 19, 2018 3:00 AM;-;46.65;41.28;41.28;46.65;46.65;41.28;-;-;41.28;45.68;46.71;46.65;72.59;46.65;46.71
Sep 19, 2018 3:00 AM;Sep 19, 2018 4:00 AM;-;43.09;41.69;41.69;43.09;43.09;41.69;-;-;41.69;44.18;45.12;43.09;72.59;43.09;45.12
Sep 19, 2018 4:00 AM;Sep 19, 2018 5:00 AM;-;44.26;42.84;42.84;44.26;44.26;42.84;-;-;42.84;45.72;46.50;44.26;72.40;44.26;46.50
Sep 19, 2018 5:00 AM;Sep 19, 2018 6:00 AM;-;48.40;43.88;46.19;48.40;48.40;43.88;-;-;46.19;49.91;50.60;48.40;72.61;56.06;55.79
Sep 19, 2018 6:00 AM;Sep 19, 2018 7:00 AM;-;63.15;56.20;56.20;63.15;63.15;44.30;-;-;56.20;66.00;67.50;63.15;74.91;63.15;69.71
Sep 19, 2018 7:00 AM;Sep 19, 2018 8:00 AM;-;75.99;74.22;74.22;75.99;75.99;45.63;-;-;68.23;75.54;76.23;75.99;77.09;75.99;82.65
Sep 19, 2018 8:00 AM;Sep 19, 2018 9:00 AM;-;81.97;74.22;74.22;79.79;83.00;46.51;-;-;74.22;77.07;77.42;77.02;88.49;77.02;85.90
Sep 19, 2018 9:00 AM;Sep 19, 2018 10:00 AM;-;84.27;58.03;58.03;80.01;76.00;46.17;-;-;58.03;76.01;75.00;75.84;84.01;84.01;85.12
Sep 19, 2018 10:00 AM;Sep 19, 2018 11:00 AM;-;81.44;54.78;55.97;77.86;76.87;45.01;-;-;55.97;70.01;68.52;71.96;80.33;80.33;78.18
Sep 19, 2018 11:00 AM;Sep 19, 2018 12:00 PM;-;90.80;44.43;55.91;73.32;57.65;44.43;-;-;55.91;63.53;63.87;57.65;78.97;78.97;74.55
Sep 19, 2018 12:00 PM;Sep 19, 2018 1:00 PM;-;85.51;44.50;51.92;67.07;50.00;44.50;-;-;51.92;56.58;57.08;50.00;72.47;72.47;75.42
Sep 19, 2018 1:00 PM;Sep 19, 2018 2:00 PM;-;66.83;44.32;50.74;58.08;49.90;44.32;-;-;50.74;53.91;52.99;49.08;72.61;72.61;74.54
Sep 19, 2018 2:00 PM;Sep 19, 2018 3:00 PM;-;60.93;44.27;50.26;54.85;49.06;44.27;-;-;50.26;52.92;51.26;49.06;79.99;79.99;80.00
Sep 19, 2018 3:00 PM;Sep 19, 2018 4:00 PM;-;65.56;44.04;50.67;56.91;49.04;44.04;-;-;50.67;53.37;52.63;49.04;88.02;88.02;80.47
Sep 19, 2018 4:00 PM;Sep 19, 2018 5:00 PM;-;59.59;44.12;51.63;54.23;50.00;44.12;-;-;51.63;54.68;55.30;49.07;88.11;88.11;81.05
Sep 19, 2018 5:00 PM;Sep 19, 2018 6:00 PM;-;63.09;44.35;55.46;63.09;63.09;44.35;-;-;55.46;67.42;66.60;63.09;87.63;87.63;80.00
Sep 19, 2018 6:00 PM;Sep 19, 2018 7:00 PM;-;72.40;44.24;55.28;72.34;72.18;44.24;-;-;55.28;72.64;72.60;72.29;90.00;88.10;86.92
Sep 19, 2018 7:00 PM;Sep 19, 2018 8:00 PM;-;75.99;44.10;55.92;75.99;75.99;44.10;-;-;55.92;75.99;76.40;75.99;110.38;110.38;101.22
Sep 19, 2018 8:00 PM;Sep 19, 2018 9:00 PM;-;87.23;43.73;51.08;79.87;73.00;43.73;-;-;51.08;76.66;77.20;73.00;96.79;96.79;93.93
Sep 19, 2018 9:00 PM;Sep 19, 2018 10:00 PM;-;82.91;43.31;48.52;69.87;60.00;43.31;-;-;48.52;68.77;68.70;56.57;77.17;66.15;70.00
Sep 19, 2018 10:00 PM;Sep 19, 2018 11:00 PM;-;73.75;41.11;43.12;61.24;55.00;41.11;-;-;43.12;61.99;57.90;49.02;75.00;75.00;60.93
Sep 19, 2018 11:00 PM;Sep 20, 2018 12:00 AM;-;63.64;37.58;37.58;54.20;55.00;37.58;-;-;37.58;54.50;48.70;44.57;72.59;72.59;55.71
Sep 20, 2018 12:00 AM;Sep 20, 2018 1:00 AM;-;53.90;37.12;37.12;50.35;50.00;37.12;-;-;37.12;51.22;46.31;47.03;74.16;74.16;55.09
Sep 20, 2018 1:00 AM;Sep 20, 2018 2:00 AM;-;44.12;31.16;31.16;44.10;44.10;31.16;-;-;31.16;48.23;44.84;44.07;73.76;65.00;44.84
Sep 20, 2018 2:00 AM;Sep 20, 2018 3:00 AM;-;42.32;29.58;29.58;42.32;42.32;29.58;-;-;29.58;42.53;41.98;42.32;72.40;42.32;41.98
Sep 20, 2018 3:00 AM;Sep 20, 2018 4:00 AM;-;42.12;31.76;31.76;42.12;42.12;31.76;-;-;31.76;41.33;41.75;42.12;72.05;56.49;41.75
Sep 20, 2018 4:00 AM;Sep 20, 2018 5:00 AM;-;45.02;33.52;33.52;45.02;45.02;33.52;-;-;33.52;43.05;43.63;45.02;72.02;49.48;43.63
Sep 20, 2018 5:00 AM;Sep 20, 2018 6:00 AM;-;49.30;41.26;41.26;49.30;49.30;41.26;-;-;41.26;47.90;48.74;49.30;72.59;61.99;55.94
Sep 20, 2018 6:00 AM;Sep 20, 2018 7:00 AM;-;66.89;47.68;47.68;66.89;66.89;44.44;-;-;47.68;64.02;65.39;66.89;75.92;75.92;69.65
Sep 20, 2018 7:00 AM;Sep 20, 2018 8:00 AM;-;75.70;49.23;49.23;75.70;75.70;45.57;-;-;49.23;75.02;75.00;75.70;77.15;77.15;78.31
Sep 20, 2018 8:00 AM;Sep 20, 2018 9:00 AM;-;75.94;49.64;49.64;75.94;75.94;45.75;-;-;49.64;74.98;75.50;75.94;91.15;91.15;81.97
Sep 20, 2018 9:00 AM;Sep 20, 2018 10:00 AM;-;74.61;48.51;48.51;74.17;75.00;45.72;-;-;48.51;72.70;72.96;73.56;89.99;89.99;83.43
Sep 20, 2018 10:00 AM;Sep 20, 2018 11:00 AM;-;73.04;46.50;46.50;68.89;65.00;45.55;-;-;46.50;67.21;66.19;65.00;86.59;86.59;78.46
Sep 20, 2018 11:00 AM;Sep 20, 2018 12:00 PM;-;82.16;45.35;45.68;68.07;60.00;45.35;-;-;45.68;64.98;56.52;53.26;79.07;79.07;72.94
Sep 20, 2018 12:00 PM;Sep 20, 2018 1:00 PM;-;85.53;45.00;45.00;64.94;46.49;45.00;-;-;45.00;62.43;50.07;46.34;72.40;72.40;69.01
Sep 20, 2018 1:00 PM;Sep 20, 2018 2:00 PM;-;75.00;44.71;44.71;60.09;46.19;44.71;-;-;44.71;59.88;48.42;45.81;72.77;72.77;69.11
Sep 20, 2018 2:00 PM;Sep 20, 2018 3:00 PM;-;75.24;44.50;44.50;60.49;52.90;44.50;-;-;44.50;58.45;48.07;45.59;84.51;84.51;70.79
Sep 20, 2018 3:00 PM;Sep 20, 2018 4:00 PM;-;66.60;44.89;44.89;57.33;52.90;44.89;-;-;44.89;57.01;50.38;47.56;91.14;91.14;74.52
Sep 20, 2018 4:00 PM;Sep 20, 2018 5:00 PM;-;62.32;46.04;46.04;56.87;52.00;45.20;-;-;46.04;55.67;52.72;52.00;91.15;91.15;83.35
Sep 20, 2018 5:00 PM;Sep 20, 2018 6:00 PM;-;70.79;66.95;66.95;69.13;72.67;45.25;-;-;47.12;66.14;66.15;66.95;91.14;91.14;80.63
Sep 20, 2018 6:00 PM;Sep 20, 2018 7:00 PM;-;75.01;75.01;75.01;75.01;75.01;45.17;-;-;47.61;74.31;75.80;75.01;91.01;91.01;86.06
Sep 20, 2018 7:00 PM;Sep 20, 2018 8:00 PM;-;79.65;79.65;79.65;79.65;79.65;45.45;-;-;77.74;76.88;80.50;79.65;109.37;109.37;108.22
Sep 20, 2018 8:00 PM;Sep 20, 2018 9:00 PM;-;78.89;78.89;78.89;78.89;78.89;45.56;-;-;77.00;77.03;80.99;78.89;95.92;95.92;97.25
Sep 20, 2018 9:00 PM;Sep 20, 2018 10:00 PM;-;69.46;69.46;69.46;69.46;69.46;45.70;-;-;47.12;67.12;69.99;69.46;80.43;74.55;70.00
Sep 20, 2018 10:00 PM;Sep 20, 2018 11:00 PM;-;65.14;44.21;44.21;62.26;68.60;44.21;-;-;44.21;59.04;59.45;58.74;76.59;76.59;66.07
Sep 20, 2018 11:00 PM;Sep 21, 2018 12:00 AM;-;60.00;41.86;41.86;54.10;61.84;41.86;-;-;41.86;51.98;52.59;47.23;72.40;72.40;55.42
Sep 21, 2018 12:00 AM;Sep 21, 2018 1:00 AM;-;54.48;40.02;40.02;54.48;54.48;40.02;-;-;40.02;50.64;46.83;54.48;75.00;54.48;53.33
Sep 21, 2018 1:00 AM;Sep 21, 2018 2:00 AM;-;43.82;34.02;34.02;43.82;43.82;34.02;-;-;34.02;44.19;42.16;43.82;74.16;43.82;42.16
Sep 21, 2018 2:00 AM;Sep 21, 2018 3:00 AM;-;32.58;25.48;25.48;32.58;32.58;25.48;-;-;25.48;50.64;36.87;32.58;72.59;32.58;36.87
Sep 21, 2018 3:00 AM;Sep 21, 2018 4:00 AM;-;31.95;25.73;25.73;31.95;31.95;25.73;-;-;25.73;44.19;34.17;31.95;72.40;31.95;34.17
Sep 21, 2018 4:00 AM;Sep 21, 2018 5:00 AM;-;28.81;26.29;26.29;28.81;28.81;26.29;-;-;26.29;37.86;33.35;28.81;72.40;28.81;33.35
Sep 21, 2018 5:00 AM;Sep 21, 2018 6:00 AM;-;34.89;34.05;34.05;34.89;34.89;34.05;-;-;34.05;33.31;37.27;34.89;74.16;34.89;51.59
Sep 21, 2018 6:00 AM;Sep 21, 2018 7:00 AM;-;54.80;42.85;42.85;54.80;54.80;42.85;-;-;42.85;32.27;74.62;54.80;81.00;81.00;74.62
Sep 21, 2018 7:00 AM;Sep 21, 2018 8:00 AM;-;79.50;46.68;46.68;71.86;76.65;46.68;-;-;46.68;36.77;78.17;64.99;92.31;92.31;78.17
Sep 21, 2018 8:00 AM;Sep 21, 2018 9:00 AM;-;96.43;48.89;48.89;74.29;93.01;47.00;-;-;48.89;51.92;89.81;62.54;134.25;134.25;89.81
Sep 21, 2018 9:00 AM;Sep 21, 2018 10:00 AM;-;94.56;46.48;46.48;65.85;94.56;45.39;-;-;46.48;57.84;89.06;46.48;134.25;134.25;89.06
Sep 21, 2018 10:00 AM;Sep 21, 2018 11:00 AM;-;76.50;32.03;45.04;59.17;75.00;43.71;-;-;45.04;60.42;74.37;32.03;102.25;74.58;74.37
Sep 21, 2018 11:00 AM;Sep 21, 2018 12:00 PM;-;72.90;32.54;43.37;65.09;49.90;43.37;-;-;43.37;64.92;73.00;32.54;93.84;77.55;73.00
Sep 21, 2018 12:00 PM;Sep 21, 2018 1:00 PM;-;69.96;28.79;41.22;69.96;49.90;41.22;-;-;41.22;64.94;64.99;28.79;76.50;76.50;70.72
Sep 21, 2018 1:00 PM;Sep 21, 2018 2:00 PM;-;67.16;26.48;38.13;67.16;54.00;38.13;-;-;38.13;64.98;51.90;26.48;76.50;74.51;69.70
Sep 21, 2018 2:00 PM;Sep 21, 2018 3:00 PM;-;64.19;26.98;39.43;64.19;49.90;39.43;-;-;39.43;64.92;47.00;26.98;92.31;78.84;70.00
Sep 21, 2018 3:00 PM;Sep 21, 2018 4:00 PM;-;59.24;31.59;37.37;59.24;46.10;37.37;-;-;37.37;63.90;72.87;31.59;102.25;83.09;72.87
Sep 21, 2018 4:00 PM;Sep 21, 2018 5:00 PM;-;55.17;28.72;38.24;55.17;54.00;38.24;-;-;38.24;62.86;83.46;28.72;117.05;57.10;83.46
Sep 21, 2018 5:00 PM;Sep 21, 2018 6:00 PM;-;60.17;40.07;40.07;60.17;60.17;40.07;-;-;40.07;60.50;85.98;40.07;109.00;66.19;85.98
Sep 21, 2018 6:00 PM;Sep 21, 2018 7:00 PM;-;88.94;43.45;43.45;68.09;54.20;43.45;-;-;43.45;59.78;67.61;53.82;107.97;60.01;85.06
Sep 21, 2018 7:00 PM;Sep 21, 2018 8:00 PM;-;94.62;43.49;43.49;75.00;64.92;43.49;-;-;43.49;59.88;80.00;64.92;138.18;138.18;107.42
Sep 21, 2018 8:00 PM;Sep 21, 2018 9:00 PM;-;76.50;37.98;37.98;75.79;74.92;37.98;-;-;37.98;63.92;55.94;59.07;117.05;117.05;91.91
Sep 21, 2018 9:00 PM;Sep 21, 2018 10:00 PM;-;76.50;34.65;34.65;68.21;69.90;34.65;-;-;34.65;54.92;48.69;40.03;92.31;57.10;63.69
Sep 21, 2018 10:00 PM;Sep 21, 2018 11:00 PM;-;77.75;22.17;22.17;72.40;69.80;22.17;-;-;22.17;56.03;36.38;31.76;82.05;73.36;63.84
Sep 21, 2018 11:00 PM;Sep 22, 2018 12:00 AM;-;72.40;2.40;2.40;68.84;45.00;3.23;-;-;2.40;62.39;25.70;27.04;74.16;56.00;47.60
Sep 22, 2018 12:00 AM;Sep 22, 2018 1:00 AM;-;66.46;3.98;3.98;66.46;51.10;3.98;-;-;3.98;59.98;25.70;17.30;89.99;89.99;51.49
Sep 22, 2018 1:00 AM;Sep 22, 2018 2:00 AM;-;58.31;3.06;3.06;58.31;33.61;3.06;-;-;3.06;58.75;25.70;14.14;93.71;93.71;32.46
Sep 22, 2018 2:00 AM;Sep 22, 2018 3:00 AM;-;63.36;2.42;2.42;56.82;37.40;2.42;-;-;2.42;54.76;10.71;2.48;86.87;40.30;21.96
Sep 22, 2018 3:00 AM;Sep 22, 2018 4:00 AM;-;56.53;2.33;2.33;49.62;46.10;2.33;-;-;2.33;51.02;17.97;2.39;76.17;37.90;17.97
Sep 22, 2018 4:00 AM;Sep 22, 2018 5:00 AM;-;55.00;2.82;2.82;42.04;39.83;2.82;-;-;2.82;47.32;20.55;22.10;75.40;37.90;20.55
Sep 22, 2018 5:00 AM;Sep 22, 2018 6:00 AM;-;65.10;3.52;3.52;43.54;38.70;3.52;-;-;3.52;48.08;23.50;25.72;76.06;37.90;28.89
Sep 22, 2018 6:00 AM;Sep 22, 2018 7:00 AM;-;71.48;16.43;16.43;48.10;45.58;16.43;-;-;16.43;54.70;34.60;27.37;87.19;40.30;47.30
Sep 22, 2018 7:00 AM;Sep 22, 2018 8:00 AM;-;81.90;23.53;23.53;57.74;57.33;23.53;-;-;23.53;61.92;41.20;32.89;87.19;32.89;61.70
Sep 22, 2018 8:00 AM;Sep 22, 2018 9:00 AM;-;100.65;32.04;32.04;65.61;65.15;32.04;-;-;32.04;66.62;44.30;33.93;77.00;33.93;61.17
Sep 22, 2018 9:00 AM;Sep 22, 2018 10:00 AM;-;79.87;31.68;31.68;73.37;74.81;31.68;-;-;31.68;71.04;37.10;31.68;76.14;58.11;66.04
Sep 22, 2018 10:00 AM;Sep 22, 2018 11:00 AM;-;72.82;27.14;31.86;73.24;50.00;30.02;-;-;31.86;72.01;28.71;27.14;73.24;61.91;66.48
Sep 22, 2018 11:00 AM;Sep 22, 2018 12:00 PM;-;69.31;27.13;31.39;72.59;43.10;28.83;-;-;31.39;71.79;22.77;27.13;72.59;66.14;68.15
Sep 22, 2018 12:00 PM;Sep 22, 2018 1:00 PM;-;71.15;1.79;28.60;71.15;50.00;26.48;-;-;28.60;72.04;21.80;1.79;71.15;60.10;66.06
Sep 22, 2018 1:00 PM;Sep 22, 2018 2:00 PM;-;68.59;-6.74;23.95;68.59;46.80;23.95;-;-;23.95;68.46;21.38;-6.74;68.59;60.10;61.18
Sep 22, 2018 2:00 PM;Sep 22, 2018 3:00 PM;-;67.28;-6.79;23.07;67.28;46.70;23.07;-;-;23.07;65.27;3.82;-6.79;67.28;45.10;59.76
Sep 22, 2018 3:00 PM;Sep 22, 2018 4:00 PM;-;68.47;-0.02;22.21;68.47;49.62;22.21;-;-;22.21;65.51;21.79;-0.02;68.47;37.90;53.10
Sep 22, 2018 4:00 PM;Sep 22, 2018 5:00 PM;-;62.41;23.89;23.89;68.11;46.80;23.89;-;-;23.89;65.57;21.83;23.89;70.97;37.90;56.00
Sep 22, 2018 5:00 PM;Sep 22, 2018 6:00 PM;-;74.60;31.54;31.54;66.71;70.10;31.54;-;-;31.54;66.31;36.03;32.31;73.24;37.90;54.07
Sep 22, 2018 6:00 PM;Sep 22, 2018 7:00 PM;-;91.60;35.30;36.52;71.39;69.90;35.30;-;-;36.52;65.14;46.99;54.97;75.40;54.97;61.18
Sep 22, 2018 7:00 PM;Sep 22, 2018 8:00 PM;-;89.54;35.43;37.70;75.70;80.00;35.43;-;-;37.70;65.60;58.70;63.99;95.54;63.99;70.72
Sep 22, 2018 8:00 PM;Sep 22, 2018 9:00 PM;-;90.22;35.48;35.48;77.08;108.65;35.48;-;-;35.48;65.14;60.10;61.11;90.41;61.11;62.24
Sep 22, 2018 9:00 PM;Sep 22, 2018 10:00 PM;-;110.48;31.96;31.96;75.69;89.90;31.96;-;-;31.96;64.93;51.97;47.08;79.73;47.08;51.97
Sep 22, 2018 10:00 PM;Sep 22, 2018 11:00 PM;-;117.89;25.94;25.94;72.01;58.00;25.94;-;-;25.94;65.63;48.50;40.05;75.00;40.05;48.50
Sep 22, 2018 11:00 PM;Sep 23, 2018 12:00 AM;-;99.69;21.04;21.04;69.20;69.51;21.04;-;-;21.04;64.98;45.02;33.91;72.46;33.91;45.02
Sep 23, 2018 12:00 AM;Sep 23, 2018 1:00 AM;-;82.84;22.09;22.09;59.06;66.44;22.09;-;-;22.09;58.75;41.21;28.85;73.24;28.85;41.21
Sep 23, 2018 1:00 AM;Sep 23, 2018 2:00 AM;-;55.18;12.97;12.97;46.58;75.00;12.97;-;-;12.97;53.23;37.73;35.05;72.59;35.05;37.73
Sep 23, 2018 2:00 AM;Sep 23, 2018 3:00 AM;-;39.20;10.03;10.03;38.56;42.70;10.03;-;-;10.03;44.10;35.57;37.67;70.97;37.67;35.57
Sep 23, 2018 3:00 AM;Sep 23, 2018 4:00 AM;-;37.47;17.00;17.00;37.47;37.47;17.00;-;-;17.00;39.03;32.40;37.47;69.26;37.47;32.40
Sep 23, 2018 4:00 AM;Sep 23, 2018 5:00 AM;-;42.74;22.80;22.80;33.60;40.10;22.80;-;-;22.80;40.58;30.28;37.44;69.25;37.44;30.28
Sep 23, 2018 5:00 AM;Sep 23, 2018 6:00 AM;-;41.61;30.84;30.84;32.08;38.85;30.84;-;-;30.84;42.08;32.68;36.08;69.27;36.08;32.68
Sep 23, 2018 6:00 AM;Sep 23, 2018 7:00 AM;-;36.09;34.94;34.94;36.09;36.09;34.94;-;-;34.94;45.42;41.00;36.09;70.97;36.09;41.00
Sep 23, 2018 7:00 AM;Sep 23, 2018 8:00 AM;-;43.14;36.08;36.08;43.14;43.14;36.08;-;-;36.08;50.40;47.58;43.14;66.41;43.14;47.58
Sep 23, 2018 8:00 AM;Sep 23, 2018 9:00 AM;-;55.10;42.05;42.05;55.10;55.10;39.13;-;-;42.05;57.01;53.43;55.10;61.73;55.10;53.93
Sep 23, 2018 9:00 AM;Sep 23, 2018 10:00 AM;-;60.00;43.71;43.71;57.79;58.77;39.70;-;-;43.71;59.38;55.78;58.15;65.90;58.15;56.26
Sep 23, 2018 10:00 AM;Sep 23, 2018 11:00 AM;-;90.25;44.41;44.41;56.35;71.49;40.02;-;-;44.41;59.39;57.49;61.99;64.68;61.99;57.49
Sep 23, 2018 11:00 AM;Sep 23, 2018 12:00 PM;-;83.36;44.32;44.32;60.13;70.51;40.05;-;-;44.32;58.78;55.23;64.00;64.00;64.00;55.50
Sep 23, 2018 12:00 PM;Sep 23, 2018 1:00 PM;-;85.53;43.83;43.83;57.25;69.90;40.01;-;-;43.83;58.45;53.89;61.98;61.73;61.98;54.52
Sep 23, 2018 1:00 PM;Sep 23, 2018 2:00 PM;-;56.06;43.69;43.69;56.06;56.06;39.76;-;-;43.69;54.12;49.29;56.06;56.06;56.06;49.44
Sep 23, 2018 2:00 PM;Sep 23, 2018 3:00 PM;-;47.64;43.57;43.57;47.64;47.64;39.79;-;-;43.57;50.07;43.56;47.64;55.20;47.64;43.83
Sep 23, 2018 3:00 PM;Sep 23, 2018 4:00 PM;-;41.77;40.23;42.76;39.92;40.74;39.44;-;-;42.76;50.05;43.88;40.23;58.29;40.23;43.88
Sep 23, 2018 4:00 PM;Sep 23, 2018 5:00 PM;-;37.84;37.24;43.02;37.58;39.29;38.03;-;-;43.02;50.68;43.30;37.24;61.93;39.80;49.18
Sep 23, 2018 5:00 PM;Sep 23, 2018 6:00 PM;-;41.17;39.35;43.85;40.90;42.70;39.35;-;-;43.85;52.71;44.43;40.54;67.28;40.54;53.01
Sep 23, 2018 6:00 PM;Sep 23, 2018 7:00 PM;-;60.06;39.61;46.84;57.58;75.00;39.61;-;-;46.84;59.92;51.50;54.13;68.73;54.13;63.79
Sep 23, 2018 7:00 PM;Sep 23, 2018 8:00 PM;-;70.97;39.84;48.21;61.78;85.53;39.84;-;-;48.21;65.03;56.74;50.30;80.41;80.41;84.38
Sep 23, 2018 8:00 PM;Sep 23, 2018 9:00 PM;-;82.41;44.99;46.88;67.36;101.64;39.89;-;-;46.88;66.90;53.52;48.61;76.18;66.06;80.06
Sep 23, 2018 9:00 PM;Sep 23, 2018 10:00 PM;-;73.32;35.13;44.01;54.46;70.00;37.58;-;-;44.01;63.32;38.81;35.13;72.59;39.80;42.92
Sep 23, 2018 10:00 PM;Sep 23, 2018 11:00 PM;-;86.00;31.55;42.47;61.67;65.60;34.21;-;-;42.47;62.70;30.30;31.55;72.40;34.61;30.30
Sep 23, 2018 11:00 PM;Sep 24, 2018 12:00 AM;-;97.00;25.17;36.94;67.55;59.00;25.17;-;-;36.94;61.92;14.77;25.17;67.55;25.17;14.77
Sep 24, 2018 12:00 AM;Sep 24, 2018 1:00 AM;-;75.00;25.53;25.53;48.36;35.10;25.53;-;-;25.53;54.03;14.77;26.15;70.53;45.10;14.00
Sep 24, 2018 1:00 AM;Sep 24, 2018 2:00 AM;-;82.49;18.13;18.13;48.18;40.00;18.13;-;-;18.13;50.41;14.77;18.58;64.86;40.30;6.44
Sep 24, 2018 2:00 AM;Sep 24, 2018 3:00 AM;-;94.37;3.97;3.97;46.84;42.70;3.97;-;-;3.97;46.00;3.02;3.97;62.25;40.30;3.02
Sep 24, 2018 3:00 AM;Sep 24, 2018 4:00 AM;-;74.35;4.40;4.40;38.23;42.70;4.40;-;-;4.40;39.99;2.15;4.40;61.48;39.70;2.15
Sep 24, 2018 4:00 AM;Sep 24, 2018 5:00 AM;-;58.98;19.69;19.69;38.91;42.70;19.69;-;-;19.69;39.98;5.00;19.69;61.48;39.70;5.00
Sep 24, 2018 5:00 AM;Sep 24, 2018 6:00 AM;-;73.64;29.99;37.02;50.42;38.24;37.02;-;-;37.02;50.21;19.99;29.99;65.21;65.21;19.99
Sep 24, 2018 6:00 AM;Sep 24, 2018 7:00 AM;-;76.96;44.88;44.88;60.46;55.60;39.27;-;-;44.88;59.86;49.50;46.03;75.97;75.97;49.50
Sep 24, 2018 7:00 AM;Sep 24, 2018 8:00 AM;-;106.81;41.61;47.77;78.93;57.98;40.18;-;-;47.77;70.17;61.00;57.98;78.93;78.93;63.79
Sep 24, 2018 8:00 AM;Sep 24, 2018 9:00 AM;-;121.36;49.64;49.64;80.96;55.90;40.11;-;-;49.64;74.92;61.67;50.86;89.35;81.99;63.95
Sep 24, 2018 9:00 AM;Sep 24, 2018 10:00 AM;-;129.78;40.85;48.41;81.17;55.90;39.59;-;-;48.41;75.15;53.65;40.85;88.50;81.99;62.17
Sep 24, 2018 10:00 AM;Sep 24, 2018 11:00 AM;-;121.79;35.42;47.96;73.90;48.50;38.77;-;-;47.96;75.11;45.50;35.42;85.13;85.13;66.02
Sep 24, 2018 11:00 AM;Sep 24, 2018 12:00 PM;-;132.80;30.14;47.10;74.55;53.40;38.09;-;-;47.10;73.56;36.60;30.14;82.60;82.60;65.93
Sep 24, 2018 12:00 PM;Sep 24, 2018 1:00 PM;-;112.33;29.97;47.21;71.06;53.00;38.06;-;-;47.21;71.08;34.00;29.97;75.88;75.88;66.06
Sep 24, 2018 1:00 PM;Sep 24, 2018 2:00 PM;-;113.65;28.75;46.60;70.92;50.00;38.07;-;-;46.60;68.30;32.52;28.75;76.45;76.45;65.96
Sep 24, 2018 2:00 PM;Sep 24, 2018 3:00 PM;-;112.00;27.57;45.10;69.90;51.00;38.17;-;-;45.10;67.02;31.43;27.57;83.46;83.46;65.91
Sep 24, 2018 3:00 PM;Sep 24, 2018 4:00 PM;-;105.92;32.74;45.09;69.29;53.40;38.08;-;-;45.09;66.88;34.00;32.74;93.00;93.00;62.00
Sep 24, 2018 4:00 PM;Sep 24, 2018 5:00 PM;-;108.89;29.97;45.08;68.80;65.00;39.15;-;-;45.08;65.96;38.49;29.97;95.15;40.40;52.40
Sep 24, 2018 5:00 PM;Sep 24, 2018 6:00 PM;-;93.29;48.14;48.14;69.56;60.00;39.59;-;-;48.14;66.99;50.50;49.32;93.00;49.32;51.76
Sep 24, 2018 6:00 PM;Sep 24, 2018 7:00 PM;-;200.00;46.04;48.23;71.68;62.98;40.06;-;-;48.23;69.00;60.00;62.98;91.45;62.98;61.50
Sep 24, 2018 7:00 PM;Sep 24, 2018 8:00 PM;-;80.11;48.85;48.85;78.30;76.94;40.37;-;-;48.85;75.75;69.35;76.94;115.00;76.94;70.00
Sep 24, 2018 8:00 PM;Sep 24, 2018 9:00 PM;-;411.00;48.63;48.63;74.29;84.90;40.64;-;-;48.63;74.98;68.89;67.98;93.00;67.98;68.89
Sep 24, 2018 9:00 PM;Sep 24, 2018 10:00 PM;-;133.70;46.09;46.09;72.13;66.00;40.50;-;-;46.09;70.93;62.81;60.89;79.23;60.89;62.81
Sep 24, 2018 10:00 PM;Sep 24, 2018 11:00 PM;-;120.00;42.77;42.77;70.01;55.90;40.09;-;-;42.77;69.07;53.50;55.86;75.97;75.97;53.50
Sep 24, 2018 11:00 PM;Sep 25, 2018 12:00 AM;-;100.06;39.22;39.22;69.29;56.00;39.22;-;-;39.22;65.63;44.51;46.09;71.80;46.09;44.51
Sep 25, 2018 12:00 AM;Sep 25, 2018 1:00 AM;-;68.22;37.96;37.96;55.96;81.14;37.96;-;-;37.96;50.86;48.38;41.16;70.31;41.16;48.38
Sep 25, 2018 1:00 AM;Sep 25, 2018 2:00 AM;-;60.00;38.06;38.06;52.49;67.56;38.06;-;-;38.06;51.51;47.10;43.45;67.48;43.45;47.10
Sep 25, 2018 2:00 AM;Sep 25, 2018 3:00 AM;-;50.55;38.13;38.13;47.70;53.74;38.13;-;-;38.13;47.48;46.95;44.28;65.30;44.28;46.95
Sep 25, 2018 3:00 AM;Sep 25, 2018 4:00 AM;-;44.96;38.64;38.64;44.96;44.96;38.64;-;-;38.64;46.10;46.50;44.96;63.55;44.96;46.50
Sep 25, 2018 4:00 AM;Sep 25, 2018 5:00 AM;-;44.49;39.22;39.22;44.49;44.49;39.22;-;-;39.22;46.72;47.64;44.49;62.25;44.49;47.64
Sep 25, 2018 5:00 AM;Sep 25, 2018 6:00 AM;-;54.09;45.19;45.19;54.09;54.09;39.49;-;-;45.19;52.98;53.02;54.09;67.67;54.09;54.64
Sep 25, 2018 6:00 AM;Sep 25, 2018 7:00 AM;-;70.16;67.53;67.53;65.50;69.00;39.66;-;-;49.47;69.45;71.40;67.53;76.91;67.53;72.81
Sep 25, 2018 7:00 AM;Sep 25, 2018 8:00 AM;-;76.93;76.93;76.93;76.93;76.93;40.09;-;-;49.52;78.79;78.75;76.93;91.00;76.93;81.25
Sep 25, 2018 8:00 AM;Sep 25, 2018 9:00 AM;-;114.54;75.01;75.01;82.90;114.54;39.99;-;-;70.49;80.96;78.67;75.01;95.15;75.01;87.61
Sep 25, 2018 9:00 AM;Sep 25, 2018 10:00 AM;-;108.27;68.61;68.61;76.77;108.27;40.06;-;-;66.96;79.72;77.97;68.61;93.98;68.61;80.69
Sep 25, 2018 10:00 AM;Sep 25, 2018 11:00 AM;-;91.01;65.35;65.35;74.21;86.66;39.89;-;-;63.78;75.03;71.90;65.35;85.43;65.35;80.07
Sep 25, 2018 11:00 AM;Sep 25, 2018 12:00 PM;-;79.45;66.99;66.99;71.29;77.43;39.78;-;-;60.20;73.72;66.51;66.99;80.05;66.99;77.81
Sep 25, 2018 12:00 PM;Sep 25, 2018 1:00 PM;-;64.86;60.88;60.88;63.10;67.13;39.63;-;-;54.03;70.38;60.00;60.88;75.97;60.88;71.29
Sep 25, 2018 1:00 PM;Sep 25, 2018 2:00 PM;-;62.17;55.86;55.86;59.38;65.97;39.49;-;-;49.32;69.20;60.36;55.86;76.90;55.86;71.18
Sep 25, 2018 2:00 PM;Sep 25, 2018 3:00 PM;-;60.26;56.90;56.90;58.77;62.30;39.46;-;-;47.05;66.94;62.30;56.90;84.00;56.90;70.74
Sep 25, 2018 3:00 PM;Sep 25, 2018 4:00 PM;-;60.03;60.03;60.03;60.03;60.03;39.68;-;-;46.90;67.69;63.90;60.03;88.00;60.03;70.95
Sep 25, 2018 4:00 PM;Sep 25, 2018 5:00 PM;-;64.31;48.01;48.01;64.31;64.31;39.62;-;-;48.01;68.09;65.60;64.31;91.00;64.31;69.40
Sep 25, 2018 5:00 PM;Sep 25, 2018 6:00 PM;-;71.45;66.52;66.52;71.45;71.45;39.42;-;-;47.27;74.97;74.44;71.45;88.80;71.45;75.01
Sep 25, 2018 6:00 PM;Sep 25, 2018 7:00 PM;-;79.99;69.17;69.17;75.09;78.73;39.44;-;-;48.54;79.94;79.93;77.20;90.00;77.20;81.60
Sep 25, 2018 7:00 PM;Sep 25, 2018 8:00 PM;-;89.01;48.57;48.57;89.01;89.01;39.36;-;-;48.57;87.52;89.00;89.01;97.75;89.01;97.94
Sep 25, 2018 8:00 PM;Sep 25, 2018 9:00 PM;-;79.73;46.70;46.70;79.73;79.73;39.22;-;-;46.70;83.66;84.86;79.73;93.42;79.73;84.86
Sep 25, 2018 9:00 PM;Sep 25, 2018 10:00 PM;-;74.39;42.81;42.81;74.39;74.39;39.02;-;-;42.81;75.82;75.65;74.39;78.52;74.39;76.88
Sep 25, 2018 10:00 PM;Sep 25, 2018 11:00 PM;-;68.47;38.02;38.02;65.80;60.10;38.02;-;-;38.02;67.02;65.63;63.53;70.75;63.53;65.63
Sep 25, 2018 11:00 PM;Sep 26, 2018 12:00 AM;-;69.12;34.47;34.47;58.98;58.56;34.47;-;-;34.47;65.01;54.60;50.01;65.99;50.01;54.60
Sep 26, 2018 12:00 AM;Sep 26, 2018 1:00 AM;-;51.52;25.32;25.32;47.98;56.00;25.32;-;-;25.32;59.36;54.60;44.05;71.74;44.05;48.39
Sep 26, 2018 1:00 AM;Sep 26, 2018 2:00 AM;-;56.90;16.26;16.26;49.30;56.00;16.26;-;-;16.26;49.44;54.60;42.14;69.40;42.14;44.80
Sep 26, 2018 2:00 AM;Sep 26, 2018 3:00 AM;-;56.90;10.09;10.09;45.28;54.41;10.09;-;-;10.09;47.55;41.64;34.04;68.00;34.04;41.64
Sep 26, 2018 3:00 AM;Sep 26, 2018 4:00 AM;-;40.95;6.28;6.28;35.70;47.80;6.28;-;-;6.28;44.51;39.00;29.84;68.18;29.84;39.00
Sep 26, 2018 4:00 AM;Sep 26, 2018 5:00 AM;-;39.13;3.88;3.88;35.81;43.48;3.88;-;-;3.88;42.66;39.69;32.10;68.18;32.10;39.69
Sep 26, 2018 5:00 AM;Sep 26, 2018 6:00 AM;-;58.32;19.04;19.04;49.86;49.51;19.04;-;-;19.04;51.01;46.00;43.01;72.66;43.01;46.28
Sep 26, 2018 6:00 AM;Sep 26, 2018 7:00 AM;-;64.90;35.00;35.00;60.47;57.08;35.00;-;-;35.00;58.85;60.97;57.08;82.97;57.08;60.97
Sep 26, 2018 7:00 AM;Sep 26, 2018 8:00 AM;-;86.63;37.68;38.93;75.36;75.89;37.68;-;-;38.93;71.77;70.29;64.30;90.45;64.30;70.29
Sep 26, 2018 8:00 AM;Sep 26, 2018 9:00 AM;-;85.88;38.10;39.10;75.25;91.07;38.10;-;-;39.10;73.67;70.42;62.98;99.45;62.98;70.42
Sep 26, 2018 9:00 AM;Sep 26, 2018 10:00 AM;-;94.35;37.80;38.96;74.90;97.58;37.80;-;-;38.96;72.50;63.01;52.92;96.22;52.92;63.96
Sep 26, 2018 10:00 AM;Sep 26, 2018 11:00 AM;-;99.34;37.37;38.90;74.10;57.90;37.37;-;-;38.90;72.93;51.55;46.11;88.42;46.11;54.54
Sep 26, 2018 11:00 AM;Sep 26, 2018 12:00 PM;-;108.33;36.69;37.14;72.50;56.00;36.69;-;-;37.14;73.07;45.55;38.05;80.91;71.91;53.48
Sep 26, 2018 12:00 PM;Sep 26, 2018 1:00 PM;-;100.00;32.94;35.03;67.85;56.00;32.94;-;-;35.03;68.58;42.01;32.94;73.52;73.52;55.57
Sep 26, 2018 1:00 PM;Sep 26, 2018 2:00 PM;-;97.74;31.98;31.98;64.43;55.60;31.98;-;-;31.98;65.63;38.65;31.98;74.99;74.99;55.58
Sep 26, 2018 2:00 PM;Sep 26, 2018 3:00 PM;-;89.05;30.82;30.82;63.96;55.00;30.82;-;-;30.82;65.27;40.02;30.82;80.69;42.90;55.59
Sep 26, 2018 3:00 PM;Sep 26, 2018 4:00 PM;-;95.70;33.95;33.95;64.68;57.50;33.95;-;-;33.95;65.53;43.00;34.78;86.15;42.90;60.05
Sep 26, 2018 4:00 PM;Sep 26, 2018 5:00 PM;-;88.28;36.24;36.24;62.38;57.50;36.24;-;-;36.24;62.22;45.38;37.75;90.45;42.99;60.10
Sep 26, 2018 5:00 PM;Sep 26, 2018 6:00 PM;-;98.74;37.47;37.47;71.73;60.00;37.47;-;-;37.47;65.69;55.00;52.09;93.56;52.09;62.25
Sep 26, 2018 6:00 PM;Sep 26, 2018 7:00 PM;-;84.62;38.00;38.00;74.75;75.00;38.00;-;-;38.00;66.98;65.01;64.90;94.55;64.90;85.88
Sep 26, 2018 7:00 PM;Sep 26, 2018 8:00 PM;-;83.16;38.52;38.52;76.78;90.99;38.52;-;-;38.52;72.49;73.00;69.00;116.39;116.39;106.98
Sep 26, 2018 8:00 PM;Sep 26, 2018 9:00 PM;-;97.67;37.90;37.90;79.99;114.81;37.90;-;-;37.90;68.52;66.50;59.18;103.71;67.46;89.04
Sep 26, 2018 9:00 PM;Sep 26, 2018 10:00 PM;-;88.65;35.20;35.20;68.30;75.70;35.20;-;-;35.20;67.08;56.00;48.08;91.16;48.08;61.05
Sep 26, 2018 10:00 PM;Sep 26, 2018 11:00 PM;-;111.88;30.00;30.00;72.69;70.00;30.00;-;-;30.00;66.98;47.30;43.08;86.15;43.08;61.56
Sep 26, 2018 11:00 PM;Sep 27, 2018 12:00 AM;-;90.19;21.61;21.61;63.28;65.70;21.61;-;-;21.61;63.35;43.01;37.84;75.00;40.30;44.17
Sep 27, 2018 12:00 AM;Sep 27, 2018 1:00 AM;-;93.75;18.67;18.67;62.67;69.73;18.67;-;-;18.67;57.71;33.46;32.99;78.00;32.99;35.79
Sep 27, 2018 1:00 AM;Sep 27, 2018 2:00 AM;-;77.38;14.49;14.49;57.60;54.19;14.49;-;-;14.49;52.79;34.57;32.47;72.58;32.47;36.17
Sep 27, 2018 2:00 AM;Sep 27, 2018 3:00 AM;-;57.13;17.98;17.98;48.25;66.41;17.98;-;-;17.98;48.15;34.04;38.04;71.80;38.04;35.07
Sep 27, 2018 3:00 AM;Sep 27, 2018 4:00 AM;-;51.98;22.54;22.54;45.59;54.70;22.54;-;-;22.54;45.05;34.83;38.05;71.80;38.05;34.83
Sep 27, 2018 4:00 AM;Sep 27, 2018 5:00 AM;-;50.90;17.46;17.46;44.92;57.43;17.46;-;-;17.46;40.59;36.70;38.03;71.80;38.03;37.78
Sep 27, 2018 5:00 AM;Sep 27, 2018 6:00 AM;-;57.10;29.43;29.43;52.45;61.37;29.43;-;-;29.43;47.42;45.60;47.09;75.70;47.09;47.89
Sep 27, 2018 6:00 AM;Sep 27, 2018 7:00 AM;-;66.40;39.33;39.33;66.40;66.40;39.33;-;-;39.33;63.28;64.71;66.40;83.15;66.40;67.61
Sep 27, 2018 7:00 AM;Sep 27, 2018 8:00 AM;-;75.98;43.91;43.91;74.90;74.42;43.91;-;-;43.91;74.46;75.01;73.97;97.50;74.14;92.27
Sep 27, 2018 8:00 AM;Sep 27, 2018 9:00 AM;-;82.91;43.91;43.91;78.00;87.53;43.91;-;-;43.91;74.53;73.79;71.82;116.39;71.82;93.16
Sep 27, 2018 9:00 AM;Sep 27, 2018 10:00 AM;-;83.26;42.33;42.33;75.21;91.10;42.33;-;-;42.33;67.09;65.40;64.96;94.00;64.96;79.76
Sep 27, 2018 10:00 AM;Sep 27, 2018 11:00 AM;-;79.63;40.99;41.73;68.46;59.93;40.99;-;-;41.73;67.08;59.29;59.93;83.15;59.93;78.51
Sep 27, 2018 11:00 AM;Sep 27, 2018 12:00 PM;-;91.47;39.76;42.56;70.70;55.40;39.76;-;-;42.56;66.31;54.19;54.57;80.28;66.18;76.64
Sep 27, 2018 12:00 PM;Sep 27, 2018 1:00 PM;-;75.20;38.99;41.41;60.22;55.30;38.99;-;-;41.41;65.05;48.93;47.05;71.72;71.72;73.24
Sep 27, 2018 1:00 PM;Sep 27, 2018 2:00 PM;-;81.32;38.30;39.72;61.50;54.90;38.30;-;-;39.72;64.95;47.30;44.37;73.22;58.10;72.09
Sep 27, 2018 2:00 PM;Sep 27, 2018 3:00 PM;-;77.34;37.52;39.13;60.68;55.20;37.52;-;-;39.13;64.96;46.50;46.30;77.89;58.10;74.03
Sep 27, 2018 3:00 PM;Sep 27, 2018 4:00 PM;-;76.91;35.78;39.47;60.76;55.10;35.78;-;-;39.47;64.23;48.77;46.19;81.76;57.00;74.53
Sep 27, 2018 4:00 PM;Sep 27, 2018 5:00 PM;-;71.98;36.56;39.53;62.43;60.00;36.56;-;-;39.53;63.87;51.70;53.91;89.90;57.00;76.54
Sep 27, 2018 5:00 PM;Sep 27, 2018 6:00 PM;-;66.44;38.50;39.37;66.44;62.85;38.50;-;-;39.37;67.91;63.50;62.85;87.17;62.85;84.29
Sep 27, 2018 6:00 PM;Sep 27, 2018 7:00 PM;-;76.65;39.54;41.73;75.00;78.30;39.54;-;-;41.73;73.08;72.10;73.04;88.98;88.98;97.85
Sep 27, 2018 7:00 PM;Sep 27, 2018 8:00 PM;-;78.26;40.05;43.91;78.26;78.26;40.05;-;-;43.91;77.06;76.20;78.26;114.77;114.77;117.20
Sep 27, 2018 8:00 PM;Sep 27, 2018 9:00 PM;-;86.78;40.04;42.76;79.73;90.00;40.04;-;-;42.76;70.93;68.65;71.96;91.32;90.20;101.59
Sep 27, 2018 9:00 PM;Sep 27, 2018 10:00 PM;-;72.39;39.47;40.00;66.53;74.90;39.47;-;-;40.00;68.96;56.60;59.97;78.40;59.97;72.96
Sep 27, 2018 10:00 PM;Sep 27, 2018 11:00 PM;-;84.72;36.00;36.00;65.76;71.57;36.00;-;-;36.00;67.05;48.97;47.58;77.89;58.11;64.37
Sep 27, 2018 11:00 PM;Sep 28, 2018 12:00 AM;-;86.47;30.41;30.41;64.14;70.47;30.41;-;-;30.41;63.93;41.10;43.54;73.55;58.10;50.08
Sep 28, 2018 12:00 AM;Sep 28, 2018 1:00 AM;-;80.70;32.78;32.78;61.13;68.49;32.78;-;-;32.78;61.13;40.50;42.92;73.50;64.23;45.02
Sep 28, 2018 1:00 AM;Sep 28, 2018 2:00 AM;-;75.49;29.91;29.91;58.89;66.32;29.91;-;-;29.91;55.73;39.00;43.18;71.98;43.89;39.00
Sep 28, 2018 2:00 AM;Sep 28, 2018 3:00 AM;-;63.78;26.07;26.07;52.01;42.98;26.07;-;-;26.07;51.53;39.48;42.98;71.80;42.98;39.48
Sep 28, 2018 3:00 AM;Sep 28, 2018 4:00 AM;-;54.80;28.54;28.54;48.72;51.10;28.54;-;-;28.54;48.80;38.20;42.96;69.71;42.96;38.20
Sep 28, 2018 4:00 AM;Sep 28, 2018 5:00 AM;-;54.80;28.87;28.87;48.98;44.52;28.87;-;-;28.87;48.02;38.93;44.52;69.71;44.52;38.93
Sep 28, 2018 5:00 AM;Sep 28, 2018 6:00 AM;-;60.00;35.65;35.65;51.30;48.40;35.65;-;-;35.65;52.71;45.56;44.01;71.80;71.80;54.93
Sep 28, 2018 6:00 AM;Sep 28, 2018 7:00 AM;-;63.13;40.20;40.20;63.13;63.13;40.20;-;-;40.20;63.28;61.00;63.13;73.64;73.64;70.85
Sep 28, 2018 7:00 AM;Sep 28, 2018 8:00 AM;-;83.90;44.44;44.44;78.00;66.36;44.44;-;-;44.44;71.35;69.74;72.37;78.15;78.15;91.91
Sep 28, 2018 8:00 AM;Sep 28, 2018 9:00 AM;-;82.65;45.48;45.48;80.00;82.00;45.48;-;-;45.48;74.74;70.01;76.97;89.36;89.36;93.88
Sep 28, 2018 9:00 AM;Sep 28, 2018 10:00 AM;-;85.77;45.06;45.06;78.03;90.00;45.06;-;-;45.06;72.33;64.56;68.96;80.00;80.00;83.89
Sep 28, 2018 10:00 AM;Sep 28, 2018 11:00 AM;-;87.15;44.91;44.91;73.26;84.90;44.91;-;-;44.91;69.97;59.50;58.18;75.36;75.36;72.00
Sep 28, 2018 11:00 AM;Sep 28, 2018 12:00 PM;-;91.48;42.71;44.10;70.97;72.85;42.71;-;-;44.10;70.28;54.51;51.96;73.19;73.19;69.51
Sep 28, 2018 12:00 PM;Sep 28, 2018 1:00 PM;-;84.98;41.10;42.07;67.68;62.00;41.10;-;-;42.07;60.93;49.01;48.02;67.72;67.72;72.00
Sep 28, 2018 1:00 PM;Sep 28, 2018 2:00 PM;-;79.49;40.23;41.41;62.58;54.40;40.23;-;-;41.41;61.89;45.18;43.28;67.68;67.68;66.09
Sep 28, 2018 2:00 PM;Sep 28, 2018 3:00 PM;-;68.53;39.81;39.87;56.60;54.40;39.81;-;-;39.87;59.09;44.40;43.01;70.98;70.98;66.00
Sep 28, 2018 3:00 PM;Sep 28, 2018 4:00 PM;-;58.55;38.89;38.99;53.89;52.30;38.89;-;-;38.99;56.96;43.24;43.07;74.24;74.24;66.01
Sep 28, 2018 4:00 PM;Sep 28, 2018 5:00 PM;-;65.04;38.49;38.49;54.38;53.15;38.49;-;-;38.49;57.65;45.00;39.44;77.71;77.71;66.09
Sep 28, 2018 5:00 PM;Sep 28, 2018 6:00 PM;-;57.82;39.15;40.28;53.80;60.68;40.28;-;-;40.28;58.23;52.07;48.37;79.50;79.50;72.00
Sep 28, 2018 6:00 PM;Sep 28, 2018 7:00 PM;-;59.92;44.13;44.13;59.92;59.92;42.99;-;-;44.13;61.81;62.44;59.92;79.94;75.10;72.74
Sep 28, 2018 7:00 PM;Sep 28, 2018 8:00 PM;-;71.44;44.65;44.65;68.76;65.62;43.62;-;-;44.65;66.86;68.61;65.62;108.16;108.16;110.07
Sep 28, 2018 8:00 PM;Sep 28, 2018 9:00 PM;-;66.87;44.64;44.64;64.12;70.10;43.28;-;-;44.64;65.23;65.66;60.46;89.99;89.99;75.08
Sep 28, 2018 9:00 PM;Sep 28, 2018 10:00 PM;-;62.93;43.95;43.95;58.58;62.00;42.16;-;-;43.95;59.31;57.70;52.92;77.71;77.71;61.49
Sep 28, 2018 10:00 PM;Sep 28, 2018 11:00 PM;-;75.97;43.77;43.77;59.94;57.40;41.86;-;-;43.77;57.82;51.52;45.68;77.08;77.08;57.10
Sep 28, 2018 11:00 PM;Sep 29, 2018 12:00 AM;-;65.65;42.98;42.98;56.63;61.00;40.70;-;-;42.98;55.18;47.57;45.30;72.00;72.00;51.70
Sep 29, 2018 12:00 AM;Sep 29, 2018 1:00 AM;-;68.79;42.91;42.91;57.44;74.90;42.91;-;-;42.91;60.88;33.80;43.97;74.93;74.93;49.79
Sep 29, 2018 1:00 AM;Sep 29, 2018 2:00 AM;-;66.07;42.46;42.46;55.70;71.63;42.46;-;-;42.46;56.76;33.80;43.50;74.67;49.10;45.90
Sep 29, 2018 2:00 AM;Sep 29, 2018 3:00 AM;-;59.89;42.48;42.48;52.38;65.00;42.48;-;-;42.48;53.08;33.80;43.52;72.63;43.52;43.92
Sep 29, 2018 3:00 AM;Sep 29, 2018 4:00 AM;-;52.75;42.46;42.46;48.50;54.10;42.38;-;-;42.46;50.00;33.80;43.51;71.98;43.51;42.77
Sep 29, 2018 4:00 AM;Sep 29, 2018 5:00 AM;-;51.42;42.50;42.50;47.81;52.70;42.30;-;-;42.50;47.58;33.80;43.54;71.80;43.54;44.36
Sep 29, 2018 5:00 AM;Sep 29, 2018 6:00 AM;-;50.15;42.07;42.07;48.42;51.30;42.07;-;-;42.07;49.42;41.01;46.39;71.98;49.11;46.23
Sep 29, 2018 6:00 AM;Sep 29, 2018 7:00 AM;-;54.40;49.60;49.60;54.40;54.40;41.38;-;-;41.38;53.86;49.61;54.40;74.93;74.93;60.38
Sep 29, 2018 7:00 AM;Sep 29, 2018 8:00 AM;-;55.38;49.80;49.80;55.38;55.38;41.13;-;-;41.13;58.67;54.09;55.38;74.93;71.20;68.39
Sep 29, 2018 8:00 AM;Sep 29, 2018 9:00 AM;-;59.90;55.18;55.18;59.90;59.90;41.80;-;-;41.80;61.83;45.00;59.90;75.62;74.60;70.07
Sep 29, 2018 9:00 AM;Sep 29, 2018 10:00 AM;-;74.40;54.94;54.94;65.34;82.00;42.49;-;-;42.49;62.23;54.69;54.94;74.77;74.77;72.83
Sep 29, 2018 10:00 AM;Sep 29, 2018 11:00 AM;-;80.39;43.31;43.31;63.21;92.08;42.52;-;-;42.52;60.64;49.64;43.56;69.86;69.86;71.90
Sep 29, 2018 11:00 AM;Sep 29, 2018 12:00 PM;-;80.58;40.29;40.55;61.80;80.58;40.55;-;-;40.55;58.83;45.89;40.29;61.86;61.86;70.53
Sep 29, 2018 12:00 PM;Sep 29, 2018 1:00 PM;-;90.00;36.10;36.63;61.44;63.42;36.63;-;-;36.63;60.12;43.50;36.10;61.44;61.44;65.79
Sep 29, 2018 1:00 PM;Sep 29, 2018 2:00 PM;-;60.00;32.84;32.84;57.39;61.00;32.84;-;-;32.84;57.48;40.82;32.84;57.39;57.39;62.73
Sep 29, 2018 2:00 PM;Sep 29, 2018 3:00 PM;-;80.23;27.26;27.26;54.11;54.90;27.26;-;-;27.26;52.80;39.80;27.26;54.11;54.11;60.06
Sep 29, 2018 3:00 PM;Sep 29, 2018 4:00 PM;-;74.71;33.36;33.36;54.48;54.10;33.36;-;-;33.36;54.48;41.78;33.36;54.60;54.60;57.57
Sep 29, 2018 4:00 PM;Sep 29, 2018 5:00 PM;-;78.79;35.69;35.69;58.19;57.78;35.69;-;-;35.69;55.52;43.79;36.57;60.10;60.10;60.08
Sep 29, 2018 5:00 PM;Sep 29, 2018 6:00 PM;-;62.59;39.45;39.45;57.95;63.98;39.45;-;-;39.45;58.68;52.61;52.64;64.86;64.86;62.46
Sep 29, 2018 6:00 PM;Sep 29, 2018 7:00 PM;-;79.77;40.86;40.86;70.01;78.78;40.86;-;-;40.86;66.22;63.18;60.04;71.80;60.69;70.53
Sep 29, 2018 7:00 PM;Sep 29, 2018 8:00 PM;-;87.72;41.06;41.06;75.46;87.81;41.06;-;-;41.06;72.28;70.17;68.91;83.52;82.00;79.06
Sep 29, 2018 8:00 PM;Sep 29, 2018 9:00 PM;-;92.90;40.07;40.07;77.49;111.09;40.07;-;-;40.07;70.75;65.90;59.91;77.49;59.91;69.03
Sep 29, 2018 9:00 PM;Sep 29, 2018 10:00 PM;-;85.29;37.41;37.41;68.88;69.90;37.41;-;-;37.41;64.93;54.06;54.58;71.80;54.58;59.20
Sep 29, 2018 10:00 PM;Sep 29, 2018 11:00 PM;-;90.57;29.10;29.10;69.26;53.70;29.10;-;-;29.10;65.57;45.00;47.72;69.26;49.10;52.94
Sep 29, 2018 11:00 PM;Sep 30, 2018 12:00 AM;-;88.70;19.92;19.92;65.69;54.10;19.92;-;-;19.92;64.95;42.41;32.93;65.69;44.50;46.97
Sep 30, 2018 12:00 AM;Sep 30, 2018 1:00 AM;-;88.50;25.89;25.89;62.86;80.30;25.89;-;-;25.89;58.64;40.00;36.19;64.00;44.59;45.00
Sep 30, 2018 1:00 AM;Sep 30, 2018 2:00 AM;-;89.70;20.63;20.63;57.20;76.60;20.63;-;-;20.63;55.55;36.11;24.98;62.07;24.98;36.11
Sep 30, 2018 2:00 AM;Sep 30, 2018 3:00 AM;-;81.34;19.17;19.17;54.87;74.76;19.17;-;-;19.17;54.51;33.00;27.98;61.94;27.98;33.00
Sep 30, 2018 3:00 AM;Sep 30, 2018 4:00 AM;-;70.10;21.71;21.71;49.66;65.20;21.71;-;-;21.71;48.60;30.93;28.78;61.48;28.78;30.93
Sep 30, 2018 4:00 AM;Sep 30, 2018 5:00 AM;-;55.00;24.99;24.99;42.54;64.05;24.99;-;-;24.99;43.72;30.42;27.95;61.54;27.95;30.42
Sep 30, 2018 5:00 AM;Sep 30, 2018 6:00 AM;-;58.40;26.53;26.53;43.41;60.00;26.53;-;-;26.53;45.23;32.40;27.18;62.07;27.18;32.40
Sep 30, 2018 6:00 AM;Sep 30, 2018 7:00 AM;-;63.11;30.52;30.52;48.33;51.00;30.52;-;-;30.52;44.55;33.99;34.18;64.78;34.18;33.99
Sep 30, 2018 7:00 AM;Sep 30, 2018 8:00 AM;-;53.60;32.31;32.31;46.79;50.00;32.31;-;-;32.31;49.16;36.75;40.02;62.13;44.50;40.91
Sep 30, 2018 8:00 AM;Sep 30, 2018 9:00 AM;-;72.73;35.65;35.65;54.41;64.11;35.65;-;-;35.65;55.58;42.00;36.53;62.75;51.10;60.04
Sep 30, 2018 9:00 AM;Sep 30, 2018 10:00 AM;-;61.53;37.63;37.63;49.80;59.90;37.63;-;-;37.63;55.05;41.00;37.63;68.25;51.10;61.21
Sep 30, 2018 10:00 AM;Sep 30, 2018 11:00 AM;-;74.82;32.06;32.06;54.44;51.50;32.06;-;-;32.06;55.60;38.18;32.06;63.23;63.23;61.05
Sep 30, 2018 11:00 AM;Sep 30, 2018 12:00 PM;-;57.00;31.14;31.14;56.44;55.00;31.14;-;-;31.14;56.54;35.90;31.14;62.19;62.19;62.04
Sep 30, 2018 12:00 PM;Sep 30, 2018 1:00 PM;-;84.85;30.91;30.91;59.72;78.23;30.91;-;-;30.91;56.20;31.50;30.91;61.48;51.10;60.35
Sep 30, 2018 1:00 PM;Sep 30, 2018 2:00 PM;-;72.91;29.32;30.04;59.69;72.91;30.04;-;-;30.04;50.28;26.00;29.32;59.69;59.69;58.84
Sep 30, 2018 2:00 PM;Sep 30, 2018 3:00 PM;-;53.67;26.73;30.78;41.45;60.00;30.78;-;-;30.78;42.41;23.79;26.73;59.69;59.69;59.52
Sep 30, 2018 3:00 PM;Sep 30, 2018 4:00 PM;-;55.00;33.92;34.75;45.34;62.88;34.75;-;-;34.75;36.49;28.45;33.92;61.48;51.11;60.00
Sep 30, 2018 4:00 PM;Sep 30, 2018 5:00 PM;-;56.14;39.12;39.12;48.25;63.02;39.12;-;-;39.12;39.79;35.30;39.12;62.07;44.59;60.04
Sep 30, 2018 5:00 PM;Sep 30, 2018 6:00 PM;-;55.80;55.80;55.80;55.80;55.80;43.00;-;-;43.00;53.30;48.00;55.80;71.98;55.80;63.03
Sep 30, 2018 6:00 PM;Sep 30, 2018 7:00 PM;-;64.62;64.62;64.62;64.62;64.62;45.19;-;-;45.19;64.92;61.00;64.62;73.55;64.62;68.40
Sep 30, 2018 7:00 PM;Sep 30, 2018 8:00 PM;-;74.21;74.21;74.21;74.21;74.21;46.79;-;-;46.79;70.56;69.00;74.21;83.40;83.40;80.06
Sep 30, 2018 8:00 PM;Sep 30, 2018 9:00 PM;-;80.00;71.31;71.31;74.39;79.97;45.37;-;-;45.37;71.50;65.50;71.31;81.30;81.30;72.02
Sep 30, 2018 9:00 PM;Sep 30, 2018 10:00 PM;-;65.31;65.31;65.31;65.31;65.31;43.80;-;-;43.80;64.99;57.96;65.31;73.83;73.83;65.02
Sep 30, 2018 10:00 PM;Sep 30, 2018 11:00 PM;-;70.00;65.08;65.08;67.19;64.38;42.52;-;-;42.52;64.08;58.63;65.08;72.96;72.96;62.08
Sep 30, 2018 11:00 PM;Oct 1, 2018 12:00 AM;-;61.61;60.87;60.87;61.19;60.76;41.14;-;-;41.14;62.10;48.27;60.87;67.78;60.87;50.71
