,Hydro Run-of-river and pondage
2023-01-01 01:00:00,1212.2125
2023-01-01 02:00:00,1210.9325000000001
2023-01-01 03:00:00,1208.765
2023-01-01 04:00:00,1204.1925
2023-01-01 05:00:00,1203.83
2023-01-01 06:00:00,1195.7975
2023-01-01 07:00:00,1191.3400000000001
2023-01-01 08:00:00,1194.335
2023-01-01 09:00:00,1208.6599999999999
2023-01-01 10:00:00,1215.1075
2023-01-01 11:00:00,1214.77
2023-01-01 12:00:00,1213.195
2023-01-01 13:00:00,1210.0425
2023-01-01 14:00:00,1194.4625
2023-01-01 15:00:00,1182.125
2023-01-01 16:00:00,1177.495
2023-01-01 17:00:00,1178.945
2023-01-01 18:00:00,1179.525
2023-01-01 19:00:00,1176.2849999999999
2023-01-01 20:00:00,1173.0125
2023-01-01 21:00:00,1173.585
2023-01-01 22:00:00,1166.335
2023-01-01 23:00:00,1162.2450000000001
2023-01-02 00:00:00,1172.7575
2023-01-02 01:00:00,1179.9875
2023-01-02 02:00:00,1181.0175
2023-01-02 03:00:00,1180.565
2023-01-02 04:00:00,1184.7575000000002
2023-01-02 05:00:00,1174.825
2023-01-02 06:00:00,1167.715
2023-01-02 07:00:00,1167.9625
2023-01-02 08:00:00,1173.0375
2023-01-02 09:00:00,1193.0425
2023-01-02 10:00:00,1204.9425
2023-01-02 11:00:00,1214.8075
2023-01-02 12:00:00,1221.6325
2023-01-02 13:00:00,1200.435
2023-01-02 14:00:00,1184.2175
2023-01-02 15:00:00,1177.3674999999998
2023-01-02 16:00:00,1184.725
2023-01-02 17:00:00,1195.4975
2023-01-02 18:00:00,1202.6775
2023-01-02 19:00:00,1207.3925
2023-01-02 20:00:00,1222.7825
2023-01-02 21:00:00,1228.4650000000001
2023-01-02 22:00:00,1238.2925
2023-01-02 23:00:00,1249.7575000000002
2023-01-03 00:00:00,1260.0925
2023-01-03 01:00:00,1265.9825
2023-01-03 02:00:00,1276.8575
2023-01-03 03:00:00,1264.3400000000001
2023-01-03 04:00:00,1266.8725
2023-01-03 05:00:00,1271.2975
2023-01-03 06:00:00,1251.1100000000001
2023-01-03 07:00:00,1257.825
2023-01-03 08:00:00,1263.7675
2023-01-03 09:00:00,1267.135
2023-01-03 10:00:00,1265.7225
2023-01-03 11:00:00,1264.165
2023-01-03 12:00:00,1260.555
2023-01-03 13:00:00,1265.7975
2023-01-03 14:00:00,1282.7725
2023-01-03 15:00:00,1283.0725
2023-01-03 16:00:00,1282.4675
2023-01-03 17:00:00,1285.5225
2023-01-03 18:00:00,1276.8025
2023-01-03 19:00:00,1276.1925
2023-01-03 20:00:00,1279.22
2023-01-03 21:00:00,1284.2625
2023-01-03 22:00:00,1284.6175
2023-01-03 23:00:00,1287.1875
2023-01-04 00:00:00,1292.305
2023-01-04 01:00:00,1295.3575
2023-01-04 02:00:00,1290.1
2023-01-04 03:00:00,1281.4875
2023-01-04 04:00:00,1272.2725
2023-01-04 05:00:00,1257.96
2023-01-04 06:00:00,1254.615
2023-01-04 07:00:00,1258.605
2023-01-04 08:00:00,1265.1375
2023-01-04 09:00:00,1272.3225000000002
2023-01-04 10:00:00,1307.6399999999999
2023-01-04 11:00:00,1313.475
2023-01-04 12:00:00,1250.83
2023-01-04 13:00:00,1221.02
2023-01-04 14:00:00,1230.1825
2023-01-04 15:00:00,1244.1025
2023-01-04 16:00:00,1241.2375
2023-01-04 17:00:00,1254.6025
2023-01-04 18:00:00,1251.69
2023-01-04 19:00:00,1243.1775
2023-01-04 20:00:00,1210.7575
2023-01-04 21:00:00,1207.7775000000001
2023-01-04 22:00:00,1205.24
2023-01-04 23:00:00,1206.2675
2023-01-05 00:00:00,1208.8700000000001
2023-01-05 01:00:00,1207.0225
2023-01-05 02:00:00,1217.825
2023-01-05 03:00:00,1219.5575
2023-01-05 04:00:00,1217.3899999999999
2023-01-05 05:00:00,1216.6325000000002
2023-01-05 06:00:00,1226.3675
2023-01-05 07:00:00,1263.1025
2023-01-05 08:00:00,1272.025
2023-01-05 09:00:00,1266.6225
2023-01-05 10:00:00,1268.4299999999998
2023-01-05 11:00:00,1259.0725
2023-01-05 12:00:00,1257.77
2023-01-05 13:00:00,1267.64
2023-01-05 14:00:00,1274.89
2023-01-05 15:00:00,1285.2224999999999
2023-01-05 16:00:00,1287.7575
2023-01-05 17:00:00,1284.66
2023-01-05 18:00:00,1280.085
2023-01-05 19:00:00,1284.31
2023-01-05 20:00:00,1282.6375
2023-01-05 21:00:00,1273.1225
2023-01-05 22:00:00,1262.4575
2023-01-05 23:00:00,1250.2175
2023-01-06 00:00:00,1215.2
2023-01-06 01:00:00,1191.2575
2023-01-06 02:00:00,1189.23
2023-01-06 03:00:00,1182.915
2023-01-06 04:00:00,1164.2325
2023-01-06 05:00:00,1157.415
2023-01-06 06:00:00,1173.145
2023-01-06 07:00:00,1187.0825
2023-01-06 08:00:00,1204.4724999999999
2023-01-06 09:00:00,1229.3025
2023-01-06 10:00:00,1252.9575
2023-01-06 11:00:00,1262.865
2023-01-06 12:00:00,1254.05
2023-01-06 13:00:00,1244.2975000000001
2023-01-06 14:00:00,1227.5025
2023-01-06 15:00:00,1216.8775
2023-01-06 16:00:00,1210.8775
2023-01-06 17:00:00,1200.8125
2023-01-06 18:00:00,1191.9225000000001
2023-01-06 19:00:00,1180.575
2023-01-06 20:00:00,1177.795
2023-01-06 21:00:00,1167.7325
2023-01-06 22:00:00,1169.41
2023-01-06 23:00:00,1166.665
2023-01-07 00:00:00,1157.8675
2023-01-07 01:00:00,1153.4275
2023-01-07 02:00:00,1143.8425
2023-01-07 03:00:00,1145.1375
2023-01-07 04:00:00,1146.935
2023-01-07 05:00:00,1145.9850000000001
2023-01-07 06:00:00,1141.7775000000001
2023-01-07 07:00:00,1151.0275
2023-01-07 08:00:00,1154.1825000000001
2023-01-07 09:00:00,1163.8400000000001
2023-01-07 10:00:00,1173.66
2023-01-07 11:00:00,1177.1425
2023-01-07 12:00:00,1188.5625
2023-01-07 13:00:00,1188.87
2023-01-07 14:00:00,1175.125
2023-01-07 15:00:00,1169.0375
2023-01-07 16:00:00,1158.6875
2023-01-07 17:00:00,1165.6625
2023-01-07 18:00:00,1166.59
2023-01-07 19:00:00,1167.99
2023-01-07 20:00:00,1160.4625
2023-01-07 21:00:00,1152.8174999999999
2023-01-07 22:00:00,1157.2175
2023-01-07 23:00:00,1173.32
2023-01-08 00:00:00,1190.66
2023-01-08 01:00:00,1199.3225
2023-01-08 02:00:00,1202.4425
2023-01-08 03:00:00,1205.1499999999999
2023-01-08 04:00:00,1200.0075
2023-01-08 05:00:00,1179.46
2023-01-08 06:00:00,1172.3325
2023-01-08 07:00:00,1181.01
2023-01-08 08:00:00,1183.5625
2023-01-08 09:00:00,1177.6175
2023-01-08 10:00:00,1179.505
2023-01-08 11:00:00,1183.15
2023-01-08 12:00:00,1167.6925
2023-01-08 13:00:00,1144.73
2023-01-08 14:00:00,1138.5675
2023-01-08 15:00:00,1142.1375
2023-01-08 16:00:00,1146.4650000000001
2023-01-08 17:00:00,1144.045
2023-01-08 18:00:00,1149.685
2023-01-08 19:00:00,1159.2325
2023-01-08 20:00:00,1154.9875
2023-01-08 21:00:00,1151.0025
2023-01-08 22:00:00,1149.9875
2023-01-08 23:00:00,1148.2275
2023-01-09 00:00:00,1140.29
2023-01-09 01:00:00,1134.785
2023-01-09 02:00:00,1131.595
2023-01-09 03:00:00,1134.3275
2023-01-09 04:00:00,1131.2275
2023-01-09 05:00:00,1146.3600000000001
2023-01-09 06:00:00,1157.6
2023-01-09 07:00:00,1180.0549999999998
2023-01-09 08:00:00,1196.945
2023-01-09 09:00:00,1211.4675
2023-01-09 10:00:00,1229.6950000000002
2023-01-09 11:00:00,1242.9724999999999
2023-01-09 12:00:00,1244.755
2023-01-09 13:00:00,1239.7325
2023-01-09 14:00:00,1255.3600000000001
2023-01-09 15:00:00,1276.015
2023-01-09 16:00:00,1297.095
2023-01-09 17:00:00,1334.92
2023-01-09 18:00:00,1351.1975
2023-01-09 19:00:00,1369.98
2023-01-09 20:00:00,1384.88
2023-01-09 21:00:00,1410.6775
2023-01-09 22:00:00,1412.5225
2023-01-09 23:00:00,1407.97
2023-01-10 00:00:00,1394.3049999999998
2023-01-10 01:00:00,1384.8875
2023-01-10 02:00:00,1367.3425
2023-01-10 03:00:00,1352.8775
2023-01-10 04:00:00,1348.9375
2023-01-10 05:00:00,1348.9625
2023-01-10 06:00:00,1352.78
2023-01-10 07:00:00,1377.9475
2023-01-10 08:00:00,1384.835
2023-01-10 09:00:00,1382.3625
2023-01-10 10:00:00,1390.6924999999999
2023-01-10 11:00:00,1385.5875
2023-01-10 12:00:00,1382.5325
2023-01-10 13:00:00,1384.1675
2023-01-10 14:00:00,1400.6950000000002
2023-01-10 15:00:00,1380.6875
2023-01-10 16:00:00,1365.74
2023-01-10 17:00:00,1345.7325
2023-01-10 18:00:00,1335.4850000000001
2023-01-10 19:00:00,1338.055
2023-01-10 20:00:00,1343.9225
2023-01-10 21:00:00,1334.46
2023-01-10 22:00:00,1331.79
2023-01-10 23:00:00,1328.6425
2023-01-11 00:00:00,1318.9
2023-01-11 01:00:00,1317.3825
2023-01-11 02:00:00,1303.6375
2023-01-11 03:00:00,1327.8225
2023-01-11 04:00:00,1354.7075
2023-01-11 05:00:00,1353.16
2023-01-11 06:00:00,1336.0925
2023-01-11 07:00:00,1359.8125
2023-01-11 08:00:00,1367.6475
2023-01-11 09:00:00,1371.02
2023-01-11 10:00:00,1379.97
2023-01-11 11:00:00,1381.005
2023-01-11 12:00:00,1386.325
2023-01-11 13:00:00,1383.245
2023-01-11 14:00:00,1389.56
2023-01-11 15:00:00,1398.9275
2023-01-11 16:00:00,1395.4775
2023-01-11 17:00:00,1391.975
2023-01-11 18:00:00,1381.975
2023-01-11 19:00:00,1391.3225
2023-01-11 20:00:00,1387.3049999999998
2023-01-11 21:00:00,1395.6625000000001
2023-01-11 22:00:00,1409.075
2023-01-11 23:00:00,1411.95
2023-01-12 00:00:00,1427.4175
2023-01-12 01:00:00,1413.18
2023-01-12 02:00:00,1397.9775
2023-01-12 03:00:00,1394.525
2023-01-12 04:00:00,1400.9125
2023-01-12 05:00:00,1388.51
2023-01-12 06:00:00,1384.275
2023-01-12 07:00:00,1369.7549999999999
2023-01-12 08:00:00,1367.52
2023-01-12 09:00:00,1345.8249999999998
2023-01-12 10:00:00,1341.595
2023-01-12 11:00:00,1343.8400000000001
2023-01-12 12:00:00,1344.7275
2023-01-12 13:00:00,1368.4650000000001
2023-01-12 14:00:00,1351.905
2023-01-12 15:00:00,1346.4825
2023-01-12 16:00:00,1358.0625
2023-01-12 17:00:00,1378.2125
2023-01-12 18:00:00,1366.4375
2023-01-12 19:00:00,1386.3925
2023-01-12 20:00:00,1402.9125
2023-01-12 21:00:00,1417.145
2023-01-12 22:00:00,1413.72
2023-01-12 23:00:00,1404.58
2023-01-13 00:00:00,1429.9575
2023-01-13 01:00:00,1435.6725000000001
2023-01-13 02:00:00,1443.945
2023-01-13 03:00:00,1440.94
2023-01-13 04:00:00,1444.5625
2023-01-13 05:00:00,1443.77
2023-01-13 06:00:00,1460.28
2023-01-13 07:00:00,1444.06
2023-01-13 08:00:00,1419.25
2023-01-13 09:00:00,1410.1525
2023-01-13 10:00:00,1403.6399999999999
2023-01-13 11:00:00,1403.2849999999999
2023-01-13 12:00:00,1384.7875
2023-01-13 13:00:00,1386.78
2023-01-13 14:00:00,1376.5375
2023-01-13 15:00:00,1397.2225
2023-01-13 16:00:00,1394.0625
2023-01-13 17:00:00,1386.9775
2023-01-13 18:00:00,1355.175
2023-01-13 19:00:00,1358.605
2023-01-13 20:00:00,1359.9524999999999
2023-01-13 21:00:00,1357.3975
2023-01-13 22:00:00,1369.2925
2023-01-13 23:00:00,1383.1875
2023-01-14 00:00:00,1375.7525
2023-01-14 01:00:00,1388.635
2023-01-14 02:00:00,1385.0825
2023-01-14 03:00:00,1383.93
2023-01-14 04:00:00,1384.475
2023-01-14 05:00:00,1378.805
2023-01-14 06:00:00,1383.6174999999998
2023-01-14 07:00:00,1371.4575
2023-01-14 08:00:00,1377.59
2023-01-14 09:00:00,1379.9175
2023-01-14 10:00:00,1378.7424999999998
2023-01-14 11:00:00,1361.7375
2023-01-14 12:00:00,1337.9775
2023-01-14 13:00:00,1329.79
2023-01-14 14:00:00,1310.7275
2023-01-14 15:00:00,1270.6375
2023-01-14 16:00:00,1247.4475
2023-01-14 17:00:00,1223.285
2023-01-14 18:00:00,1205.145
2023-01-14 19:00:00,1202.4225000000001
2023-01-14 20:00:00,1199.895
2023-01-14 21:00:00,1205.4425
2023-01-14 22:00:00,1218.7275
2023-01-14 23:00:00,1209.26
2023-01-15 00:00:00,1222.665
2023-01-15 01:00:00,1207.1875
2023-01-15 02:00:00,1210.2675
2023-01-15 03:00:00,1215.05
2023-01-15 04:00:00,1207.2325
2023-01-15 05:00:00,1200.1175
2023-01-15 06:00:00,1193.795
2023-01-15 07:00:00,1209.8325
2023-01-15 08:00:00,1212.77
2023-01-15 09:00:00,1212.3325
2023-01-15 10:00:00,1199.9850000000001
2023-01-15 11:00:00,1190.2725
2023-01-15 12:00:00,1183.8474999999999
2023-01-15 13:00:00,1187.05
2023-01-15 14:00:00,1181.6675
2023-01-15 15:00:00,1186.6475
2023-01-15 16:00:00,1186.965
2023-01-15 17:00:00,1185.975
2023-01-15 18:00:00,1192.3274999999999
2023-01-15 19:00:00,1198.295
2023-01-15 20:00:00,1212.9125
2023-01-15 21:00:00,1220.6175
2023-01-15 22:00:00,1207.0
2023-01-15 23:00:00,1209.58
2023-01-16 00:00:00,1222.425
2023-01-16 01:00:00,1227.25
2023-01-16 02:00:00,1221.3725
2023-01-16 03:00:00,1221.3325
2023-01-16 04:00:00,1230.2075
2023-01-16 05:00:00,1242.675
2023-01-16 06:00:00,1248.7224999999999
2023-01-16 07:00:00,1267.63
2023-01-16 08:00:00,1257.2575
2023-01-16 09:00:00,1282.67
2023-01-16 10:00:00,1304.0974999999999
2023-01-16 11:00:00,1313.005
2023-01-16 12:00:00,1297.3775
2023-01-16 13:00:00,1274.0525
2023-01-16 14:00:00,1262.845
2023-01-16 15:00:00,1271.275
2023-01-16 16:00:00,1279.42
2023-01-16 17:00:00,1272.9575
2023-01-16 18:00:00,1284.145
2023-01-16 19:00:00,1288.56
2023-01-16 20:00:00,1288.32
2023-01-16 21:00:00,1280.6575
2023-01-16 22:00:00,1264.6575
2023-01-16 23:00:00,1282.915
2023-01-17 00:00:00,1388.2525
2023-01-17 01:00:00,1365.365
2023-01-17 02:00:00,1341.375
2023-01-17 03:00:00,1333.9425
2023-01-17 04:00:00,1314.4325
2023-01-17 05:00:00,1293.3474999999999
2023-01-17 06:00:00,1242.9074999999998
2023-01-17 07:00:00,1203.0025
2023-01-17 08:00:00,1223.28
2023-01-17 09:00:00,1236.69
2023-01-17 10:00:00,1237.69
2023-01-17 11:00:00,1240.5375
2023-01-17 12:00:00,1236.59
2023-01-17 13:00:00,1240.3175
2023-01-17 14:00:00,1247.7075
2023-01-17 15:00:00,1289.85
2023-01-17 16:00:00,1304.915
2023-01-17 17:00:00,1296.865
2023-01-17 18:00:00,1306.4975
2023-01-17 19:00:00,1304.195
2023-01-17 20:00:00,1302.3175
2023-01-17 21:00:00,1301.225
2023-01-17 22:00:00,1294.93
2023-01-17 23:00:00,1297.23
2023-01-18 00:00:00,1283.095
2023-01-18 01:00:00,1275.8625000000002
2023-01-18 02:00:00,1281.2425
2023-01-18 03:00:00,1281.5425
2023-01-18 04:00:00,1273.3675
2023-01-18 05:00:00,1261.8925
2023-01-18 06:00:00,1262.6574999999998
2023-01-18 07:00:00,1260.2075
2023-01-18 08:00:00,1287.5
2023-01-18 09:00:00,1306.805
2023-01-18 10:00:00,1326.6599999999999
2023-01-18 11:00:00,1351.045
2023-01-18 12:00:00,1350.9675
2023-01-18 13:00:00,1362.01
2023-01-18 14:00:00,1373.535
2023-01-18 15:00:00,1377.3775
2023-01-18 16:00:00,1393.2875
2023-01-18 17:00:00,1391.9825
2023-01-18 18:00:00,1391.11
2023-01-18 19:00:00,1376.6325
2023-01-18 20:00:00,1362.3899999999999
2023-01-18 21:00:00,1366.28
2023-01-18 22:00:00,1356.075
2023-01-18 23:00:00,1359.7375
2023-01-19 00:00:00,1355.355
2023-01-19 01:00:00,1357.23
2023-01-19 02:00:00,1348.1225
2023-01-19 03:00:00,1335.9525
2023-01-19 04:00:00,1329.4
2023-01-19 05:00:00,1324.27
2023-01-19 06:00:00,1328.735
2023-01-19 07:00:00,1328.65
2023-01-19 08:00:00,1315.715
2023-01-19 09:00:00,1318.065
2023-01-19 10:00:00,1325.625
2023-01-19 11:00:00,1332.575
2023-01-19 12:00:00,1328.22
2023-01-19 13:00:00,1336.8425
2023-01-19 14:00:00,1346.685
2023-01-19 15:00:00,1347.37
2023-01-19 16:00:00,1356.3874999999998
2023-01-19 17:00:00,1363.1625
2023-01-19 18:00:00,1379.945
2023-01-19 19:00:00,1390.6275
2023-01-19 20:00:00,1393.27
2023-01-19 21:00:00,1416.7849999999999
2023-01-19 22:00:00,1446.855
2023-01-19 23:00:00,1466.7350000000001
2023-01-20 00:00:00,1487.7375
2023-01-20 01:00:00,1499.9275
2023-01-20 02:00:00,1498.925
2023-01-20 03:00:00,1498.03
2023-01-20 04:00:00,1492.2525
2023-01-20 05:00:00,1471.4975
2023-01-20 06:00:00,1464.4675
2023-01-20 07:00:00,1443.8
2023-01-20 08:00:00,1432.275
2023-01-20 09:00:00,1424.3674999999998
2023-01-20 10:00:00,1406.245
2023-01-20 11:00:00,1398.2425
2023-01-20 12:00:00,1410.2775
2023-01-20 13:00:00,1455.31
2023-01-20 14:00:00,1447.06
2023-01-20 15:00:00,1444.1475
2023-01-20 16:00:00,1448.8975
2023-01-20 17:00:00,1458.0275
2023-01-20 18:00:00,1485.3474999999999
2023-01-20 19:00:00,1512.1999999999998
2023-01-20 20:00:00,1505.915
2023-01-20 21:00:00,1494.0475
2023-01-20 22:00:00,1487.8225
2023-01-20 23:00:00,1483.7575000000002
2023-01-21 00:00:00,1473.9225000000001
2023-01-21 01:00:00,1459.9524999999999
2023-01-21 02:00:00,1454.7849999999999
2023-01-21 03:00:00,1453.9775
2023-01-21 04:00:00,1441.7725
2023-01-21 05:00:00,1423.6225
2023-01-21 06:00:00,1409.335
2023-01-21 07:00:00,1394.0725
2023-01-21 08:00:00,1375.7525
2023-01-21 09:00:00,1359.16
2023-01-21 10:00:00,1355.585
2023-01-21 11:00:00,1341.6399999999999
2023-01-21 12:00:00,1331.345
2023-01-21 13:00:00,1327.9225000000001
2023-01-21 14:00:00,1325.1025
2023-01-21 15:00:00,1318.6025
2023-01-21 16:00:00,1313.5425
2023-01-21 17:00:00,1286.4675
2023-01-21 18:00:00,1286.9125
2023-01-21 19:00:00,1262.0775
2023-01-21 20:00:00,1240.9225000000001
2023-01-21 21:00:00,1223.455
2023-01-21 22:00:00,1201.455
2023-01-21 23:00:00,1174.25
2023-01-22 00:00:00,1165.0325
2023-01-22 01:00:00,1158.6425
2023-01-22 02:00:00,1154.025
2023-01-22 03:00:00,1158.6225
2023-01-22 04:00:00,1160.97
2023-01-22 05:00:00,1154.3025
2023-01-22 06:00:00,1151.125
2023-01-22 07:00:00,1149.4375
2023-01-22 08:00:00,1147.33
2023-01-22 09:00:00,1148.755
2023-01-22 10:00:00,1168.3325
2023-01-22 11:00:00,1187.6725000000001
2023-01-22 12:00:00,1188.785
2023-01-22 13:00:00,1189.0749999999998
2023-01-22 14:00:00,1194.9524999999999
2023-01-22 15:00:00,1200.57
2023-01-22 16:00:00,1205.865
2023-01-22 17:00:00,1212.1075
2023-01-22 18:00:00,1225.225
2023-01-22 19:00:00,1227.8375
2023-01-22 20:00:00,1227.6725000000001
2023-01-22 21:00:00,1241.7549999999999
2023-01-22 22:00:00,1253.47
2023-01-22 23:00:00,1260.5325
2023-01-23 00:00:00,1250.2675
2023-01-23 01:00:00,1243.7175
2023-01-23 02:00:00,1245.7150000000001
2023-01-23 03:00:00,1251.5275
2023-01-23 04:00:00,1257.37
2023-01-23 05:00:00,1281.8925
2023-01-23 06:00:00,1295.7224999999999
2023-01-23 07:00:00,1296.665
2023-01-23 08:00:00,1305.0425
2023-01-23 09:00:00,1324.345
2023-01-23 10:00:00,1333.2375
2023-01-23 11:00:00,1336.7575000000002
2023-01-23 12:00:00,1353.0725
2023-01-23 13:00:00,1354.5125
2023-01-23 14:00:00,1360.6125
2023-01-23 15:00:00,1375.45
2023-01-23 16:00:00,1393.875
2023-01-23 17:00:00,1403.2075
2023-01-23 18:00:00,1410.825
2023-01-23 19:00:00,1414.3775
2023-01-23 20:00:00,1422.8825
2023-01-23 21:00:00,1438.8375
2023-01-23 22:00:00,1459.95
2023-01-23 23:00:00,1467.3525
2023-01-24 00:00:00,1491.8625
2023-01-24 01:00:00,1496.8325
2023-01-24 02:00:00,1486.2575000000002
2023-01-24 03:00:00,1468.2475
2023-01-24 04:00:00,1461.7525
2023-01-24 05:00:00,1450.61
2023-01-24 06:00:00,1425.1225
2023-01-24 07:00:00,1384.905
2023-01-24 08:00:00,1386.2075
2023-01-24 09:00:00,1393.9099999999999
2023-01-24 10:00:00,1385.2275
2023-01-24 11:00:00,1382.8925
2023-01-24 12:00:00,1376.9875
2023-01-24 13:00:00,1377.71
2023-01-24 14:00:00,1382.1799999999998
2023-01-24 15:00:00,1370.0349999999999
2023-01-24 16:00:00,1390.465
2023-01-24 17:00:00,1397.7175
2023-01-24 18:00:00,1404.54
2023-01-24 19:00:00,1392.8425
2023-01-24 20:00:00,1394.2150000000001
2023-01-24 21:00:00,1403.0275
2023-01-24 22:00:00,1410.6625
2023-01-24 23:00:00,1426.615
2023-01-25 00:00:00,1459.18
2023-01-25 01:00:00,1463.3
2023-01-25 02:00:00,1458.0925000000002
2023-01-25 03:00:00,1456.8375
2023-01-25 04:00:00,1460.74
2023-01-25 05:00:00,1447.1225
2023-01-25 06:00:00,1417.9825
2023-01-25 07:00:00,1422.125
2023-01-25 08:00:00,1412.5725
2023-01-25 09:00:00,1401.7675
2023-01-25 10:00:00,1390.9775
2023-01-25 11:00:00,1389.8125
2023-01-25 12:00:00,1388.8925
2023-01-25 13:00:00,1391.1675
2023-01-25 14:00:00,1401.3975
2023-01-25 15:00:00,1412.63
2023-01-25 16:00:00,1402.245
2023-01-25 17:00:00,1410.2725
2023-01-25 18:00:00,1403.5774999999999
2023-01-25 19:00:00,1385.8525
2023-01-25 20:00:00,1377.25
2023-01-25 21:00:00,1361.6525
2023-01-25 22:00:00,1368.7
2023-01-25 23:00:00,1375.3025
2023-01-26 00:00:00,1381.7725
2023-01-26 01:00:00,1386.02
2023-01-26 02:00:00,1392.35
2023-01-26 03:00:00,1394.1399999999999
2023-01-26 04:00:00,1403.535
2023-01-26 05:00:00,1406.365
2023-01-26 06:00:00,1434.39
2023-01-26 07:00:00,1424.6725000000001
2023-01-26 08:00:00,1414.81
2023-01-26 09:00:00,1391.7775
2023-01-26 10:00:00,1371.6924999999999
2023-01-26 11:00:00,1364.4225000000001
2023-01-26 12:00:00,1382.125
2023-01-26 13:00:00,1405.6725000000001
2023-01-26 14:00:00,1407.775
2023-01-26 15:00:00,1398.31
2023-01-26 16:00:00,1410.275
2023-01-26 17:00:00,1417.6100000000001
2023-01-26 18:00:00,1382.1775
2023-01-26 19:00:00,1362.9924999999998
2023-01-26 20:00:00,1349.4325
2023-01-26 21:00:00,1352.545
2023-01-26 22:00:00,1353.8725
2023-01-26 23:00:00,1352.305
2023-01-27 00:00:00,1328.3775
2023-01-27 01:00:00,1310.6825
2023-01-27 02:00:00,1290.08
2023-01-27 03:00:00,1273.8075
2023-01-27 04:00:00,1268.83
2023-01-27 05:00:00,1251.8474999999999
2023-01-27 06:00:00,1259.2224999999999
2023-01-27 07:00:00,1262.945
2023-01-27 08:00:00,1275.015
2023-01-27 09:00:00,1251.925
2023-01-27 10:00:00,1249.995
2023-01-27 11:00:00,1247.8925
2023-01-27 12:00:00,1228.1575
2023-01-27 13:00:00,1238.82
2023-01-27 14:00:00,1258.26
2023-01-27 15:00:00,1274.725
2023-01-27 16:00:00,1284.3675
2023-01-27 17:00:00,1295.9175
2023-01-27 18:00:00,1287.8575
2023-01-27 19:00:00,1261.8225
2023-01-27 20:00:00,1248.935
2023-01-27 21:00:00,1245.105
2023-01-27 22:00:00,1243.96
2023-01-27 23:00:00,1249.045
2023-01-28 00:00:00,1255.4075
2023-01-28 01:00:00,1245.0625
2023-01-28 02:00:00,1239.2849999999999
2023-01-28 03:00:00,1227.9425
2023-01-28 04:00:00,1216.4125
2023-01-28 05:00:00,1205.085
2023-01-28 06:00:00,1196.0525
2023-01-28 07:00:00,1192.9650000000001
2023-01-28 08:00:00,1191.3825
2023-01-28 09:00:00,1189.575
2023-01-28 10:00:00,1190.215
2023-01-28 11:00:00,1212.13
2023-01-28 12:00:00,1223.0775
2023-01-28 13:00:00,1214.5124999999998
2023-01-28 14:00:00,1216.8875
2023-01-28 15:00:00,1192.8425
2023-01-28 16:00:00,1167.9450000000002
2023-01-28 17:00:00,1131.5225
2023-01-28 18:00:00,1115.315
2023-01-28 19:00:00,1100.3999999999999
2023-01-28 20:00:00,1075.3575
2023-01-28 21:00:00,1063.52
2023-01-28 22:00:00,1053.1225
2023-01-28 23:00:00,1044.755
2023-01-29 00:00:00,1046.7825
2023-01-29 01:00:00,1064.8575
2023-01-29 02:00:00,1073.5
2023-01-29 03:00:00,1072.3075
2023-01-29 04:00:00,1063.37
2023-01-29 05:00:00,1065.3899999999999
2023-01-29 06:00:00,1061.39
2023-01-29 07:00:00,1061.415
2023-01-29 08:00:00,1069.2425
2023-01-29 09:00:00,1076.7
2023-01-29 10:00:00,1075.145
2023-01-29 11:00:00,1073.0575
2023-01-29 12:00:00,1074.955
2023-01-29 13:00:00,1069.9575
2023-01-29 14:00:00,1066.2925
2023-01-29 15:00:00,1054.145
2023-01-29 16:00:00,1050.3600000000001
2023-01-29 17:00:00,1045.605
2023-01-29 18:00:00,1042.1950000000002
2023-01-29 19:00:00,1040.125
2023-01-29 20:00:00,1037.5825
2023-01-29 21:00:00,1036.8525
2023-01-29 22:00:00,1031.0825
2023-01-29 23:00:00,1026.8225
2023-01-30 00:00:00,1010.1800000000001
2023-01-30 01:00:00,1020.1324999999999
2023-01-30 02:00:00,1025.7575
2023-01-30 03:00:00,1026.92
2023-01-30 04:00:00,1022.3475
2023-01-30 05:00:00,1020.275
2023-01-30 06:00:00,1019.9225
2023-01-30 07:00:00,1014.21
2023-01-30 08:00:00,1043.2175
2023-01-30 09:00:00,1044.4575
2023-01-30 10:00:00,1044.755
2023-01-30 11:00:00,1071.4225000000001
2023-01-30 12:00:00,1093.0349999999999
2023-01-30 13:00:00,1129.1025
2023-01-30 14:00:00,1156.0475
2023-01-30 15:00:00,1161.7425
2023-01-30 16:00:00,1168.52
2023-01-30 17:00:00,1180.73
2023-01-30 18:00:00,1170.7925
2023-01-30 19:00:00,1180.0225
2023-01-30 20:00:00,1198.305
2023-01-30 21:00:00,1206.8375
2023-01-30 22:00:00,1210.0
2023-01-30 23:00:00,1227.075
2023-01-31 00:00:00,1224.875
2023-01-31 01:00:00,1240.5325
2023-01-31 02:00:00,1236.7875
2023-01-31 03:00:00,1220.945
2023-01-31 04:00:00,1202.7175
2023-01-31 05:00:00,1201.64
2023-01-31 06:00:00,1187.54
2023-01-31 07:00:00,1172.445
2023-01-31 08:00:00,1162.3475
2023-01-31 09:00:00,1170.2225
2023-01-31 10:00:00,1178.7024999999999
2023-01-31 11:00:00,1171.6475
2023-01-31 12:00:00,1154.1875
2023-01-31 13:00:00,1145.32
2023-01-31 14:00:00,1124.5225
2023-01-31 15:00:00,1121.5325
2023-01-31 16:00:00,1121.925
2023-01-31 17:00:00,1110.6125
2023-01-31 18:00:00,1103.9875
2023-01-31 19:00:00,1099.2725
2023-01-31 20:00:00,1115.8725
2023-01-31 21:00:00,1112.1225
2023-01-31 22:00:00,1110.72
2023-01-31 23:00:00,1103.53
2023-02-01 00:00:00,1107.9025000000001
2023-02-01 01:00:00,1096.8975
2023-02-01 02:00:00,1093.6225
2023-02-01 03:00:00,1079.5875
2023-02-01 04:00:00,1061.29
2023-02-01 05:00:00,1043.2875
2023-02-01 06:00:00,1035.8899999999999
2023-02-01 07:00:00,1039.445
2023-02-01 08:00:00,1041.7925
2023-02-01 09:00:00,1036.6375
2023-02-01 10:00:00,1052.125
2023-02-01 11:00:00,1052.8474999999999
2023-02-01 12:00:00,1058.4025
2023-02-01 13:00:00,1059.945
2023-02-01 14:00:00,1074.79
2023-02-01 15:00:00,1070.1925
2023-02-01 16:00:00,1071.4425
2023-02-01 17:00:00,1067.4625
2023-02-01 18:00:00,1068.205
2023-02-01 19:00:00,1076.6275
2023-02-01 20:00:00,1077.305
2023-02-01 21:00:00,1083.1
2023-02-01 22:00:00,1091.035
2023-02-01 23:00:00,1098.65
2023-02-02 00:00:00,1087.5575
2023-02-02 01:00:00,1088.72
2023-02-02 02:00:00,1091.145
2023-02-02 03:00:00,1091.685
2023-02-02 04:00:00,1090.2224999999999
2023-02-02 05:00:00,1082.125
2023-02-02 06:00:00,1076.7150000000001
2023-02-02 07:00:00,1084.88
2023-02-02 08:00:00,1072.7725
2023-02-02 09:00:00,1078.1825000000001
2023-02-02 10:00:00,1096.8125
2023-02-02 11:00:00,1095.395
2023-02-02 12:00:00,1105.7649999999999
2023-02-02 13:00:00,1117.2125
2023-02-02 14:00:00,1147.6325
2023-02-02 15:00:00,1174.645
2023-02-02 16:00:00,1185.4875
2023-02-02 17:00:00,1190.32
2023-02-02 18:00:00,1165.3325
2023-02-02 19:00:00,1158.9675
2023-02-02 20:00:00,1174.2475
2023-02-02 21:00:00,1175.3
2023-02-02 22:00:00,1189.1025
2023-02-02 23:00:00,1188.5974999999999
2023-02-03 00:00:00,1209.9875
2023-02-03 01:00:00,1203.9475
2023-02-03 02:00:00,1208.575
2023-02-03 03:00:00,1214.2350000000001
2023-02-03 04:00:00,1213.4775
2023-02-03 05:00:00,1196.355
2023-02-03 06:00:00,1196.6075
2023-02-03 07:00:00,1205.5625
2023-02-03 08:00:00,1189.335
2023-02-03 09:00:00,1201.15
2023-02-03 10:00:00,1207.9650000000001
2023-02-03 11:00:00,1203.365
2023-02-03 12:00:00,1207.28
2023-02-03 13:00:00,1220.455
2023-02-03 14:00:00,1228.6775
2023-02-03 15:00:00,1230.8
2023-02-03 16:00:00,1229.46
2023-02-03 17:00:00,1214.5075
2023-02-03 18:00:00,1200.7024999999999
2023-02-03 19:00:00,1187.17
2023-02-03 20:00:00,1158.5175
2023-02-03 21:00:00,1143.4425
2023-02-03 22:00:00,1139.31
2023-02-03 23:00:00,1140.4375
2023-02-04 00:00:00,1146.685
2023-02-04 01:00:00,1167.3225
2023-02-04 02:00:00,1178.145
2023-02-04 03:00:00,1180.4925
2023-02-04 04:00:00,1189.1225
2023-02-04 05:00:00,1199.285
2023-02-04 06:00:00,1206.9275
2023-02-04 07:00:00,1207.145
2023-02-04 08:00:00,1228.175
2023-02-04 09:00:00,1237.8625
2023-02-04 10:00:00,1257.37
2023-02-04 11:00:00,1285.1425
2023-02-04 12:00:00,1316.7525
2023-02-04 13:00:00,1347.26
2023-02-04 14:00:00,1353.9875000000002
2023-02-04 15:00:00,1348.5125
2023-02-04 16:00:00,1334.4125
2023-02-04 17:00:00,1324.7125
2023-02-04 18:00:00,1313.16
2023-02-04 19:00:00,1306.4725
2023-02-04 20:00:00,1281.5175
2023-02-04 21:00:00,1271.475
2023-02-04 22:00:00,1254.0875
2023-02-04 23:00:00,1237.1575
2023-02-05 00:00:00,1194.8700000000001
2023-02-05 01:00:00,1175.8325
2023-02-05 02:00:00,1155.785
2023-02-05 03:00:00,1144.8275
2023-02-05 04:00:00,1136.125
2023-02-05 05:00:00,1127.7525
2023-02-05 06:00:00,1123.2275
2023-02-05 07:00:00,1125.9
2023-02-05 08:00:00,1138.5675
2023-02-05 09:00:00,1148.365
2023-02-05 10:00:00,1157.395
2023-02-05 11:00:00,1168.885
2023-02-05 12:00:00,1169.3575
2023-02-05 13:00:00,1148.925
2023-02-05 14:00:00,1139.21
2023-02-05 15:00:00,1129.285
2023-02-05 16:00:00,1117.0625
2023-02-05 17:00:00,1110.68
2023-02-05 18:00:00,1105.17
2023-02-05 19:00:00,1104.9075
2023-02-05 20:00:00,1102.9025
2023-02-05 21:00:00,1099.1525
2023-02-05 22:00:00,1093.7625
2023-02-05 23:00:00,1083.77
2023-02-06 00:00:00,1056.665
2023-02-06 01:00:00,1055.7025
2023-02-06 02:00:00,1064.4825
2023-02-06 03:00:00,1070.545
2023-02-06 04:00:00,1059.725
2023-02-06 05:00:00,1058.69
2023-02-06 06:00:00,1060.425
2023-02-06 07:00:00,1070.6425
2023-02-06 08:00:00,1086.185
2023-02-06 09:00:00,1102.0425
2023-02-06 10:00:00,1127.8975
2023-02-06 11:00:00,1154.9825
2023-02-06 12:00:00,1187.825
2023-02-06 13:00:00,1187.9650000000001
2023-02-06 14:00:00,1207.7749999999999
2023-02-06 15:00:00,1232.4825
2023-02-06 16:00:00,1232.635
2023-02-06 17:00:00,1229.5549999999998
2023-02-06 18:00:00,1238.2875
2023-02-06 19:00:00,1242.9125
2023-02-06 20:00:00,1241.5925
2023-02-06 21:00:00,1255.41
2023-02-06 22:00:00,1284.6075
2023-02-06 23:00:00,1298.6275
2023-02-07 00:00:00,1305.7825
2023-02-07 01:00:00,1297.475
2023-02-07 02:00:00,1291.565
2023-02-07 03:00:00,1268.7275
2023-02-07 04:00:00,1255.6775
2023-02-07 05:00:00,1257.3425
2023-02-07 06:00:00,1237.6
2023-02-07 07:00:00,1229.0225
2023-02-07 08:00:00,1222.5275
2023-02-07 09:00:00,1208.65
2023-02-07 10:00:00,1215.28
2023-02-07 11:00:00,1248.835
2023-02-07 12:00:00,1280.5775
2023-02-07 13:00:00,1304.4675
2023-02-07 14:00:00,1296.2725
2023-02-07 15:00:00,1277.2125
2023-02-07 16:00:00,1265.525
2023-02-07 17:00:00,1250.345
2023-02-07 18:00:00,1226.7549999999999
2023-02-07 19:00:00,1219.62
2023-02-07 20:00:00,1216.1625
2023-02-07 21:00:00,1227.3425
2023-02-07 22:00:00,1243.82
2023-02-07 23:00:00,1257.8825
2023-02-08 00:00:00,1268.2125
2023-02-08 01:00:00,1284.6075
2023-02-08 02:00:00,1289.595
2023-02-08 03:00:00,1280.5
2023-02-08 04:00:00,1256.0725
2023-02-08 05:00:00,1236.76
2023-02-08 06:00:00,1220.39
2023-02-08 07:00:00,1217.04
2023-02-08 08:00:00,1233.3700000000001
2023-02-08 09:00:00,1244.3025
2023-02-08 10:00:00,1249.2125
2023-02-08 11:00:00,1256.125
2023-02-08 12:00:00,1256.9375
2023-02-08 13:00:00,1243.6425
2023-02-08 14:00:00,1226.675
2023-02-08 15:00:00,1212.2525
2023-02-08 16:00:00,1193.1425
2023-02-08 17:00:00,1175.01
2023-02-08 18:00:00,1172.6775
2023-02-08 19:00:00,1169.555
2023-02-08 20:00:00,1171.635
2023-02-08 21:00:00,1179.0525
2023-02-08 22:00:00,1182.1675
2023-02-08 23:00:00,1201.3
2023-02-09 00:00:00,1217.7075
2023-02-09 01:00:00,1222.3175
2023-02-09 02:00:00,1213.21
2023-02-09 03:00:00,1195.05
2023-02-09 04:00:00,1188.4125
2023-02-09 05:00:00,1174.455
2023-02-09 06:00:00,1158.5425
2023-02-09 07:00:00,1160.54
2023-02-09 08:00:00,1182.5700000000002
2023-02-09 09:00:00,1203.9275
2023-02-09 10:00:00,1214.53
2023-02-09 11:00:00,1227.7225
2023-02-09 12:00:00,1248.8775
2023-02-09 13:00:00,1250.6075
2023-02-09 14:00:00,1230.9875
2023-02-09 15:00:00,1214.33
2023-02-09 16:00:00,1182.8025
2023-02-09 17:00:00,1151.675
2023-02-09 18:00:00,1131.3674999999998
2023-02-09 19:00:00,1118.13
2023-02-09 20:00:00,1111.9075
2023-02-09 21:00:00,1121.865
2023-02-09 22:00:00,1114.6100000000001
2023-02-09 23:00:00,1094.9975
2023-02-10 00:00:00,1099.3775
2023-02-10 01:00:00,1102.4675
2023-02-10 02:00:00,1111.1175
2023-02-10 03:00:00,1116.365
2023-02-10 04:00:00,1118.28
2023-02-10 05:00:00,1114.25
2023-02-10 06:00:00,1122.62
2023-02-10 07:00:00,1131.3525
2023-02-10 08:00:00,1152.555
2023-02-10 09:00:00,1183.9075
2023-02-10 10:00:00,1202.51
2023-02-10 11:00:00,1211.24
2023-02-10 12:00:00,1225.22
2023-02-10 13:00:00,1236.185
2023-02-10 14:00:00,1219.6825000000001
2023-02-10 15:00:00,1194.01
2023-02-10 16:00:00,1158.4175
2023-02-10 17:00:00,1135.3375
2023-02-10 18:00:00,1122.5825
2023-02-10 19:00:00,1118.1
2023-02-10 20:00:00,1119.3875
2023-02-10 21:00:00,1129.19
2023-02-10 22:00:00,1139.285
2023-02-10 23:00:00,1144.17
2023-02-11 00:00:00,1156.3425
2023-02-11 01:00:00,1142.5900000000001
2023-02-11 02:00:00,1141.69
2023-02-11 03:00:00,1133.69
2023-02-11 04:00:00,1126.3875
2023-02-11 05:00:00,1127.62
2023-02-11 06:00:00,1114.445
2023-02-11 07:00:00,1100.9850000000001
2023-02-11 08:00:00,1105.2325
2023-02-11 09:00:00,1119.5375
2023-02-11 10:00:00,1125.425
2023-02-11 11:00:00,1150.3025
2023-02-11 12:00:00,1152.0149999999999
2023-02-11 13:00:00,1121.6075
2023-02-11 14:00:00,1114.175
2023-02-11 15:00:00,1105.0325
2023-02-11 16:00:00,1088.71
2023-02-11 17:00:00,1083.61
2023-02-11 18:00:00,1084.03
2023-02-11 19:00:00,1083.4475
2023-02-11 20:00:00,1078.6375
2023-02-11 21:00:00,1079.5075000000002
2023-02-11 22:00:00,1082.6375
2023-02-11 23:00:00,1078.4225000000001
2023-02-12 00:00:00,1072.08
2023-02-12 01:00:00,1068.145
2023-02-12 02:00:00,1073.1475
2023-02-12 03:00:00,1071.8275
2023-02-12 04:00:00,1070.0774999999999
2023-02-12 05:00:00,1062.3825
2023-02-12 06:00:00,1048.0875
2023-02-12 07:00:00,1040.3375
2023-02-12 08:00:00,1038.9099999999999
2023-02-12 09:00:00,1053.56
2023-02-12 10:00:00,1077.2150000000001
2023-02-12 11:00:00,1082.7325
2023-02-12 12:00:00,1075.7975
2023-02-12 13:00:00,1077.3075
2023-02-12 14:00:00,1068.935
2023-02-12 15:00:00,1065.9075
2023-02-12 16:00:00,1056.6875
2023-02-12 17:00:00,1049.4325
2023-02-12 18:00:00,1055.2025
2023-02-12 19:00:00,1053.995
2023-02-12 20:00:00,1057.3575
2023-02-12 21:00:00,1061.3125
2023-02-12 22:00:00,1050.15
2023-02-12 23:00:00,1041.8875
2023-02-13 00:00:00,1051.8775
2023-02-13 01:00:00,1049.1225
2023-02-13 02:00:00,1036.08
2023-02-13 03:00:00,1022.76
2023-02-13 04:00:00,1005.6800000000001
2023-02-13 05:00:00,986.755
2023-02-13 06:00:00,977.655
2023-02-13 07:00:00,976.5575
2023-02-13 08:00:00,989.0925
2023-02-13 09:00:00,995.5725
2023-02-13 10:00:00,1016.4225
2023-02-13 11:00:00,1043.9475
2023-02-13 12:00:00,1069.37
2023-02-13 13:00:00,1099.2
2023-02-13 14:00:00,1122.395
2023-02-13 15:00:00,1117.42
2023-02-13 16:00:00,1104.8325
2023-02-13 17:00:00,1093.3575
2023-02-13 18:00:00,1087.4025
2023-02-13 19:00:00,1096.64
2023-02-13 20:00:00,1116.4125
2023-02-13 21:00:00,1121.1225
2023-02-13 22:00:00,1135.5025
2023-02-13 23:00:00,1155.5375
2023-02-14 00:00:00,1185.9775
2023-02-14 01:00:00,1191.42
2023-02-14 02:00:00,1190.1525
2023-02-14 03:00:00,1174.725
2023-02-14 04:00:00,1157.105
2023-02-14 05:00:00,1140.125
2023-02-14 06:00:00,1119.9625
2023-02-14 07:00:00,1107.8674999999998
2023-02-14 08:00:00,1100.4125
2023-02-14 09:00:00,1108.2450000000001
2023-02-14 10:00:00,1124.9375
2023-02-14 11:00:00,1131.4875
2023-02-14 12:00:00,1142.3725
2023-02-14 13:00:00,1164.5225
2023-02-14 14:00:00,1156.415
2023-02-14 15:00:00,1135.715
2023-02-14 16:00:00,1120.465
2023-02-14 17:00:00,1114.1599999999999
2023-02-14 18:00:00,1102.2125
2023-02-14 19:00:00,1084.025
2023-02-14 20:00:00,1083.01
2023-02-14 21:00:00,1081.545
2023-02-14 22:00:00,1084.1875
2023-02-14 23:00:00,1103.27
2023-02-15 00:00:00,1135.4775
2023-02-15 01:00:00,1132.69
2023-02-15 02:00:00,1125.8600000000001
2023-02-15 03:00:00,1136.575
2023-02-15 04:00:00,1147.775
2023-02-15 05:00:00,1161.68
2023-02-15 06:00:00,1160.0
2023-02-15 07:00:00,1117.17
2023-02-15 08:00:00,1078.1325
2023-02-15 09:00:00,1070.0425
2023-02-15 10:00:00,1130.5049999999999
2023-02-15 11:00:00,1159.905
2023-02-15 12:00:00,1224.3925
2023-02-15 13:00:00,1265.2725
2023-02-15 14:00:00,1264.6675
2023-02-15 15:00:00,1286.5775
2023-02-15 16:00:00,1246.705
2023-02-15 17:00:00,1223.0749999999998
2023-02-15 18:00:00,1214.175
2023-02-15 19:00:00,1197.4425
2023-02-15 20:00:00,1154.02
2023-02-15 21:00:00,1144.4525
2023-02-15 22:00:00,1154.845
2023-02-15 23:00:00,1175.585
2023-02-16 00:00:00,1208.97
2023-02-16 01:00:00,1225.2625
2023-02-16 02:00:00,1217.4025000000001
2023-02-16 03:00:00,1201.525
2023-02-16 04:00:00,1174.475
2023-02-16 05:00:00,1163.2725
2023-02-16 06:00:00,1196.07
2023-02-16 07:00:00,1213.93
2023-02-16 08:00:00,1180.54
2023-02-16 09:00:00,1165.365
2023-02-16 10:00:00,1168.545
2023-02-16 11:00:00,1214.955
2023-02-16 12:00:00,1263.8475
2023-02-16 13:00:00,1265.4425
2023-02-16 14:00:00,1289.13
2023-02-16 15:00:00,1303.63
2023-02-16 16:00:00,1283.7925
2023-02-16 17:00:00,1281.445
2023-02-16 18:00:00,1233.8125
2023-02-16 19:00:00,1226.045
2023-02-16 20:00:00,1205.4524999999999
2023-02-16 21:00:00,1191.225
2023-02-16 22:00:00,1192.7525
2023-02-16 23:00:00,1213.9475
2023-02-17 00:00:00,1226.24
2023-02-17 01:00:00,1218.675
2023-02-17 02:00:00,1240.895
2023-02-17 03:00:00,1225.0375
2023-02-17 04:00:00,1205.555
2023-02-17 05:00:00,1182.8474999999999
2023-02-17 06:00:00,1139.02
2023-02-17 07:00:00,1132.19
2023-02-17 08:00:00,1091.1374999999998
2023-02-17 09:00:00,1077.9475
2023-02-17 10:00:00,1075.57
2023-02-17 11:00:00,1082.8025
2023-02-17 12:00:00,1135.71
2023-02-17 13:00:00,1156.725
2023-02-17 14:00:00,1157.2475
2023-02-17 15:00:00,1166.2525
2023-02-17 16:00:00,1148.385
2023-02-17 17:00:00,1122.5225
2023-02-17 18:00:00,1106.685
2023-02-17 19:00:00,1094.1425
2023-02-17 20:00:00,1091.4075
2023-02-17 21:00:00,1090.7525
2023-02-17 22:00:00,1086.6725000000001
2023-02-17 23:00:00,1076.1225
2023-02-18 00:00:00,1078.05
2023-02-18 01:00:00,1076.4775
2023-02-18 02:00:00,1073.925
2023-02-18 03:00:00,1068.835
2023-02-18 04:00:00,1073.8975
2023-02-18 05:00:00,1081.045
2023-02-18 06:00:00,1077.7224999999999
2023-02-18 07:00:00,1075.1924999999999
2023-02-18 08:00:00,1072.165
2023-02-18 09:00:00,1073.145
2023-02-18 10:00:00,1083.16
2023-02-18 11:00:00,1094.165
2023-02-18 12:00:00,1080.3175
2023-02-18 13:00:00,1083.2475
2023-02-18 14:00:00,1068.545
2023-02-18 15:00:00,1063.785
2023-02-18 16:00:00,1067.345
2023-02-18 17:00:00,1065.4275
2023-02-18 18:00:00,1069.2625
2023-02-18 19:00:00,1081.0325
2023-02-18 20:00:00,1091.2075
2023-02-18 21:00:00,1098.9775
2023-02-18 22:00:00,1099.6575
2023-02-18 23:00:00,1095.9025
2023-02-19 00:00:00,1099.95
2023-02-19 01:00:00,1083.58
2023-02-19 02:00:00,1069.43
2023-02-19 03:00:00,1072.27
2023-02-19 04:00:00,1082.9875
2023-02-19 05:00:00,1099.43
2023-02-19 06:00:00,1114.225
2023-02-19 07:00:00,1121.2275
2023-02-19 08:00:00,1127.1425
2023-02-19 09:00:00,1154.72
2023-02-19 10:00:00,1157.0125
2023-02-19 11:00:00,1141.4375
2023-02-19 12:00:00,1156.34
2023-02-19 13:00:00,1136.0475
2023-02-19 14:00:00,1139.23
2023-02-19 15:00:00,1142.97
2023-02-19 16:00:00,1137.3525
2023-02-19 17:00:00,1124.01
2023-02-19 18:00:00,1126.3125
2023-02-19 19:00:00,1127.415
2023-02-19 20:00:00,1123.2825
2023-02-19 21:00:00,1125.96
2023-02-19 22:00:00,1128.4825
2023-02-19 23:00:00,1133.79
2023-02-20 00:00:00,1132.82
2023-02-20 01:00:00,1133.6374999999998
2023-02-20 02:00:00,1141.8775
2023-02-20 03:00:00,1136.4275
2023-02-20 04:00:00,1130.6225
2023-02-20 05:00:00,1138.1125
2023-02-20 06:00:00,1141.1475
2023-02-20 07:00:00,1141.0075
2023-02-20 08:00:00,1145.29
2023-02-20 09:00:00,1147.53
2023-02-20 10:00:00,1152.275
2023-02-20 11:00:00,1184.4275
2023-02-20 12:00:00,1190.84
2023-02-20 13:00:00,1153.0149999999999
2023-02-20 14:00:00,1162.935
2023-02-20 15:00:00,1144.445
2023-02-20 16:00:00,1121.86
2023-02-20 17:00:00,1107.8825
2023-02-20 18:00:00,1096.1100000000001
2023-02-20 19:00:00,1091.16
2023-02-20 20:00:00,1092.185
2023-02-20 21:00:00,1089.74
2023-02-20 22:00:00,1086.75
2023-02-20 23:00:00,1078.8874999999998
2023-02-21 00:00:00,1072.2075
2023-02-21 01:00:00,1072.35
2023-02-21 02:00:00,1076.205
2023-02-21 03:00:00,1078.995
2023-02-21 04:00:00,1081.4650000000001
2023-02-21 05:00:00,1081.665
2023-02-21 06:00:00,1084.8025
2023-02-21 07:00:00,1088.8375
2023-02-21 08:00:00,1118.315
2023-02-21 09:00:00,1160.2575
2023-02-21 10:00:00,1164.83
2023-02-21 11:00:00,1163.9850000000001
2023-02-21 12:00:00,1170.8675
2023-02-21 13:00:00,1169.92
2023-02-21 14:00:00,1156.4875
2023-02-21 15:00:00,1136.56
2023-02-21 16:00:00,1114.5725
2023-02-21 17:00:00,1085.245
2023-02-21 18:00:00,1064.085
2023-02-21 19:00:00,1060.74
2023-02-21 20:00:00,1052.4675
2023-02-21 21:00:00,1058.3
2023-02-21 22:00:00,1053.2649999999999
2023-02-21 23:00:00,1039.3
2023-02-22 00:00:00,1055.1174999999998
2023-02-22 01:00:00,1069.45
2023-02-22 02:00:00,1077.1375
2023-02-22 03:00:00,1084.975
2023-02-22 04:00:00,1107.785
2023-02-22 05:00:00,1131.83
2023-02-22 06:00:00,1149.56
2023-02-22 07:00:00,1137.0275
2023-02-22 08:00:00,1134.3975
2023-02-22 09:00:00,1119.0075000000002
2023-02-22 10:00:00,1123.745
2023-02-22 11:00:00,1130.2575000000002
2023-02-22 12:00:00,1132.9625
2023-02-22 13:00:00,1131.2024999999999
2023-02-22 14:00:00,1146.59
2023-02-22 15:00:00,1151.6175
2023-02-22 16:00:00,1178.9125
2023-02-22 17:00:00,1155.1100000000001
2023-02-22 18:00:00,1130.9275
2023-02-22 19:00:00,1130.4875
2023-02-22 20:00:00,1127.195
2023-02-22 21:00:00,1120.4225
2023-02-22 22:00:00,1124.6225
2023-02-22 23:00:00,1142.915
2023-02-23 00:00:00,1164.5425
2023-02-23 01:00:00,1176.3025
2023-02-23 02:00:00,1188.35
2023-02-23 03:00:00,1186.195
2023-02-23 04:00:00,1168.8899999999999
2023-02-23 05:00:00,1156.785
2023-02-23 06:00:00,1165.0825
2023-02-23 07:00:00,1147.72
2023-02-23 08:00:00,1145.315
2023-02-23 09:00:00,1131.825
2023-02-23 10:00:00,1130.01
2023-02-23 11:00:00,1165.1399999999999
2023-02-23 12:00:00,1173.33
2023-02-23 13:00:00,1176.1125
2023-02-23 14:00:00,1164.425
2023-02-23 15:00:00,1157.87
2023-02-23 16:00:00,1173.63
2023-02-23 17:00:00,1179.42
2023-02-23 18:00:00,1181.25
2023-02-23 19:00:00,1183.8049999999998
2023-02-23 20:00:00,1177.1475
2023-02-23 21:00:00,1170.195
2023-02-23 22:00:00,1172.6599999999999
2023-02-23 23:00:00,1181.4725
2023-02-24 00:00:00,1195.3925
2023-02-24 01:00:00,1193.935
2023-02-24 02:00:00,1190.9850000000001
2023-02-24 03:00:00,1198.375
2023-02-24 04:00:00,1188.13
2023-02-24 05:00:00,1204.4825
2023-02-24 06:00:00,1217.9825
2023-02-24 07:00:00,1186.5975
2023-02-24 08:00:00,1149.2024999999999
2023-02-24 09:00:00,1137.7575000000002
2023-02-24 10:00:00,1142.42
2023-02-24 11:00:00,1141.0825
2023-02-24 12:00:00,1134.1100000000001
2023-02-24 13:00:00,1135.3225
2023-02-24 14:00:00,1139.24
2023-02-24 15:00:00,1142.9075
2023-02-24 16:00:00,1151.4975
2023-02-24 17:00:00,1153.5025
2023-02-24 18:00:00,1144.65
2023-02-24 19:00:00,1148.4975
2023-02-24 20:00:00,1143.5525
2023-02-24 21:00:00,1130.7075
2023-02-24 22:00:00,1119.4925
2023-02-24 23:00:00,1114.3725
2023-02-25 00:00:00,1122.775
2023-02-25 01:00:00,1121.8
2023-02-25 02:00:00,1118.0825
2023-02-25 03:00:00,1111.5475000000001
2023-02-25 04:00:00,1119.4125
2023-02-25 05:00:00,1123.1575
2023-02-25 06:00:00,1141.4275
2023-02-25 07:00:00,1153.8474999999999
2023-02-25 08:00:00,1161.805
2023-02-25 09:00:00,1170.6275
2023-02-25 10:00:00,1190.42
2023-02-25 11:00:00,1207.6799999999998
2023-02-25 12:00:00,1221.295
2023-02-25 13:00:00,1225.19
2023-02-25 14:00:00,1229.145
2023-02-25 15:00:00,1219.705
2023-02-25 16:00:00,1210.08
2023-02-25 17:00:00,1201.1675
2023-02-25 18:00:00,1195.2625
2023-02-25 19:00:00,1195.1399999999999
2023-02-25 20:00:00,1201.065
2023-02-25 21:00:00,1207.1174999999998
2023-02-25 22:00:00,1206.5700000000002
2023-02-25 23:00:00,1192.99
2023-02-26 00:00:00,1186.24
2023-02-26 01:00:00,1167.1174999999998
2023-02-26 02:00:00,1154.13
2023-02-26 03:00:00,1149.13
2023-02-26 04:00:00,1138.4325
2023-02-26 05:00:00,1116.1075
2023-02-26 06:00:00,1103.315
2023-02-26 07:00:00,1082.4524999999999
2023-02-26 08:00:00,1057.3025
2023-02-26 09:00:00,1076.345
2023-02-26 10:00:00,1070.7575000000002
2023-02-26 11:00:00,1063.415
2023-02-26 12:00:00,1060.9825
2023-02-26 13:00:00,1068.63
2023-02-26 14:00:00,1074.6225
2023-02-26 15:00:00,1073.46
2023-02-26 16:00:00,1075.915
2023-02-26 17:00:00,1079.345
2023-02-26 18:00:00,1081.1875
2023-02-26 19:00:00,1091.58
2023-02-26 20:00:00,1100.085
2023-02-26 21:00:00,1099.4925
2023-02-26 22:00:00,1104.7350000000001
2023-02-26 23:00:00,1104.555
2023-02-27 00:00:00,1106.695
2023-02-27 01:00:00,1096.4625
2023-02-27 02:00:00,1069.42
2023-02-27 03:00:00,1069.34
2023-02-27 04:00:00,1063.7625
2023-02-27 05:00:00,1055.995
2023-02-27 06:00:00,1049.0325
2023-02-27 07:00:00,1035.795
2023-02-27 08:00:00,1029.97
2023-02-27 09:00:00,1050.755
2023-02-27 10:00:00,1063.95
2023-02-27 11:00:00,1073.0475000000001
2023-02-27 12:00:00,1071.3925
2023-02-27 13:00:00,1074.7849999999999
2023-02-27 14:00:00,1070.0175
2023-02-27 15:00:00,1069.355
2023-02-27 16:00:00,1076.6825
2023-02-27 17:00:00,1089.5900000000001
2023-02-27 18:00:00,1092.5325
2023-02-27 19:00:00,1074.2375
2023-02-27 20:00:00,1066.0025
2023-02-27 21:00:00,1061.855
2023-02-27 22:00:00,1054.52
2023-02-27 23:00:00,1064.525
2023-02-28 00:00:00,1073.64
2023-02-28 01:00:00,1088.175
2023-02-28 02:00:00,1093.0175
2023-02-28 03:00:00,1087.0774999999999
2023-02-28 04:00:00,1079.5149999999999
2023-02-28 05:00:00,1076.9225
2023-02-28 06:00:00,1090.32
2023-02-28 07:00:00,1087.09
2023-02-28 08:00:00,1083.9825
2023-02-28 09:00:00,1087.605
2023-02-28 10:00:00,1112.065
2023-02-28 11:00:00,1127.8025
2023-02-28 12:00:00,1138.2125
2023-02-28 13:00:00,1138.315
2023-02-28 14:00:00,1132.7475
2023-02-28 15:00:00,1135.6675
2023-02-28 16:00:00,1121.9299999999998
2023-02-28 17:00:00,1106.8225
2023-02-28 18:00:00,1097.43
2023-02-28 19:00:00,1090.2024999999999
2023-02-28 20:00:00,1089.395
2023-02-28 21:00:00,1097.9425
2023-02-28 22:00:00,1111.0225
2023-02-28 23:00:00,1121.09
2023-03-01 00:00:00,1130.425
2023-03-01 01:00:00,1133.4025
2023-03-01 02:00:00,1131.8325
2023-03-01 03:00:00,1129.0925
2023-03-01 04:00:00,1121.2225
2023-03-01 05:00:00,1123.0625
2023-03-01 06:00:00,1111.3200000000002
2023-03-01 07:00:00,1103.0625
2023-03-01 08:00:00,1083.0
2023-03-01 09:00:00,1088.9975
2023-03-01 10:00:00,1139.8225
2023-03-01 11:00:00,1155.97
2023-03-01 12:00:00,1156.545
2023-03-01 13:00:00,1154.425
2023-03-01 14:00:00,1142.01
2023-03-01 15:00:00,1148.0125
2023-03-01 16:00:00,1143.9575
2023-03-01 17:00:00,1127.2925
2023-03-01 18:00:00,1142.585
2023-03-01 19:00:00,1139.3925
2023-03-01 20:00:00,1130.3075
2023-03-01 21:00:00,1129.39
2023-03-01 22:00:00,1123.6174999999998
2023-03-01 23:00:00,1136.185
2023-03-02 00:00:00,1139.9950000000001
2023-03-02 01:00:00,1129.5125
2023-03-02 02:00:00,1124.2325
2023-03-02 03:00:00,1123.5774999999999
2023-03-02 04:00:00,1107.0025
2023-03-02 05:00:00,1091.7125
2023-03-02 06:00:00,1069.9125
2023-03-02 07:00:00,1054.02
2023-03-02 08:00:00,1061.195
2023-03-02 09:00:00,1096.515
2023-03-02 10:00:00,1133.72
2023-03-02 11:00:00,1135.425
2023-03-02 12:00:00,1063.88
2023-03-02 13:00:00,1042.08
2023-03-02 14:00:00,1058.2649999999999
2023-03-02 15:00:00,1126.5625
2023-03-02 16:00:00,1150.96
2023-03-02 17:00:00,1144.4825
2023-03-02 18:00:00,1146.1925
2023-03-02 19:00:00,1144.6725
2023-03-02 20:00:00,1151.15
2023-03-02 21:00:00,1165.695
2023-03-02 22:00:00,1168.585
2023-03-02 23:00:00,1191.075
2023-03-03 00:00:00,1219.6625
2023-03-03 01:00:00,1224.2675
2023-03-03 02:00:00,1221.7024999999999
2023-03-03 03:00:00,1209.6075
2023-03-03 04:00:00,1200.9475
2023-03-03 05:00:00,1185.2675
2023-03-03 06:00:00,1173.415
2023-03-03 07:00:00,1170.4
2023-03-03 08:00:00,1176.7350000000001
2023-03-03 09:00:00,1183.47
2023-03-03 10:00:00,1193.31
2023-03-03 11:00:00,1210.9225000000001
2023-03-03 12:00:00,1245.2775000000001
2023-03-03 13:00:00,1265.73
2023-03-03 14:00:00,1254.9025
2023-03-03 15:00:00,1236.0725
2023-03-03 16:00:00,1217.455
2023-03-03 17:00:00,1206.6275
2023-03-03 18:00:00,1211.2375
2023-03-03 19:00:00,1215.895
2023-03-03 20:00:00,1228.9524999999999
2023-03-03 21:00:00,1248.19
2023-03-03 22:00:00,1281.1225
2023-03-03 23:00:00,1274.57
2023-03-04 00:00:00,1270.5625
2023-03-04 01:00:00,1261.52
2023-03-04 02:00:00,1252.8175
2023-03-04 03:00:00,1254.995
2023-03-04 04:00:00,1233.6125
2023-03-04 05:00:00,1210.045
2023-03-04 06:00:00,1177.9025000000001
2023-03-04 07:00:00,1144.3175
2023-03-04 08:00:00,1128.8875
2023-03-04 09:00:00,1122.4275
2023-03-04 10:00:00,1105.8125
2023-03-04 11:00:00,1099.4025
2023-03-04 12:00:00,1092.24
2023-03-04 13:00:00,1079.405
2023-03-04 14:00:00,1079.1425
2023-03-04 15:00:00,1064.8025
2023-03-04 16:00:00,1046.315
2023-03-04 17:00:00,1028.355
2023-03-04 18:00:00,997.265
2023-03-04 19:00:00,983.7375
2023-03-04 20:00:00,978.8625
2023-03-04 21:00:00,984.6524999999999
2023-03-04 22:00:00,1001.6425
2023-03-04 23:00:00,995.68
2023-03-05 00:00:00,995.0675
2023-03-05 01:00:00,1006.26
2023-03-05 02:00:00,1007.685
2023-03-05 03:00:00,1003.63
2023-03-05 04:00:00,992.9825
2023-03-05 05:00:00,985.0975
2023-03-05 06:00:00,993.835
2023-03-05 07:00:00,1010.085
2023-03-05 08:00:00,1029.775
2023-03-05 09:00:00,1052.5325
2023-03-05 10:00:00,1068.6075
2023-03-05 11:00:00,1067.675
2023-03-05 12:00:00,1055.955
2023-03-05 13:00:00,1037.8125
2023-03-05 14:00:00,1021.345
2023-03-05 15:00:00,1009.775
2023-03-05 16:00:00,1008.9975
2023-03-05 17:00:00,1012.725
2023-03-05 18:00:00,1024.65
2023-03-05 19:00:00,1030.655
2023-03-05 20:00:00,1033.46
2023-03-05 21:00:00,1030.165
2023-03-05 22:00:00,1037.96
2023-03-05 23:00:00,1053.725
2023-03-06 00:00:00,1063.8400000000001
2023-03-06 01:00:00,1062.29
2023-03-06 02:00:00,1065.4525
2023-03-06 03:00:00,1084.495
2023-03-06 04:00:00,1070.0
2023-03-06 05:00:00,1053.795
2023-03-06 06:00:00,1065.4
2023-03-06 07:00:00,1095.145
2023-03-06 08:00:00,1119.0825
2023-03-06 09:00:00,1115.825
2023-03-06 10:00:00,1126.47
2023-03-06 11:00:00,1129.0025
2023-03-06 12:00:00,1138.7450000000001
2023-03-06 13:00:00,1138.2725
2023-03-06 14:00:00,1127.0025
2023-03-06 15:00:00,1141.205
2023-03-06 16:00:00,1147.8875
2023-03-06 17:00:00,1156.28
2023-03-06 18:00:00,1150.43
2023-03-06 19:00:00,1152.9775
2023-03-06 20:00:00,1173.76
2023-03-06 21:00:00,1163.0925
2023-03-06 22:00:00,1163.22
2023-03-06 23:00:00,1173.195
2023-03-07 00:00:00,1161.54
2023-03-07 01:00:00,1150.9125
2023-03-07 02:00:00,1142.4075
2023-03-07 03:00:00,1131.485
2023-03-07 04:00:00,1121.835
2023-03-07 05:00:00,1104.1425
2023-03-07 06:00:00,1083.0774999999999
2023-03-07 07:00:00,1074.5125
2023-03-07 08:00:00,1066.775
2023-03-07 09:00:00,1049.805
2023-03-07 10:00:00,1066.8449999999998
2023-03-07 11:00:00,1130.04
2023-03-07 12:00:00,1155.165
2023-03-07 13:00:00,1173.3575
2023-03-07 14:00:00,1166.8325
2023-03-07 15:00:00,1133.1825000000001
2023-03-07 16:00:00,1129.2575
2023-03-07 17:00:00,1109.5175
2023-03-07 18:00:00,1111.755
2023-03-07 19:00:00,1107.2825
2023-03-07 20:00:00,1093.8274999999999
2023-03-07 21:00:00,1069.5275000000001
2023-03-07 22:00:00,1050.005
2023-03-07 23:00:00,1052.4524999999999
2023-03-08 00:00:00,1048.26
2023-03-08 01:00:00,1046.955
2023-03-08 02:00:00,1046.3575
2023-03-08 03:00:00,1035.5475000000001
2023-03-08 04:00:00,1010.1
2023-03-08 05:00:00,987.9125
2023-03-08 06:00:00,994.25
2023-03-08 07:00:00,983.8
2023-03-08 08:00:00,979.02
2023-03-08 09:00:00,978.195
2023-03-08 10:00:00,1014.9749999999999
2023-03-08 11:00:00,1018.3025
2023-03-08 12:00:00,1010.2750000000001
2023-03-08 13:00:00,1024.435
2023-03-08 14:00:00,1045.72
2023-03-08 15:00:00,1071.2775
2023-03-08 16:00:00,1087.825
2023-03-08 17:00:00,1086.0575
2023-03-08 18:00:00,1101.1775
2023-03-08 19:00:00,1099.2875
2023-03-08 20:00:00,1098.1875
2023-03-08 21:00:00,1085.1225
2023-03-08 22:00:00,1093.9725
2023-03-08 23:00:00,1113.3075
2023-03-09 00:00:00,1122.4850000000001
2023-03-09 01:00:00,1121.97
2023-03-09 02:00:00,1110.1875
2023-03-09 03:00:00,1127.735
2023-03-09 04:00:00,1128.315
2023-03-09 05:00:00,1147.1
2023-03-09 06:00:00,1169.5475000000001
2023-03-09 07:00:00,1175.94
2023-03-09 08:00:00,1169.7375000000002
2023-03-09 09:00:00,1178.9175
2023-03-09 10:00:00,1177.56
2023-03-09 11:00:00,1197.5175
2023-03-09 12:00:00,1214.1525000000001
2023-03-09 13:00:00,1278.8475
2023-03-09 14:00:00,1213.065
2023-03-09 15:00:00,1199.2849999999999
2023-03-09 16:00:00,1218.0
2023-03-09 17:00:00,1212.1675
2023-03-09 18:00:00,1207.1225
2023-03-09 19:00:00,1203.6025
2023-03-09 20:00:00,1204.68
2023-03-09 21:00:00,1221.7075
2023-03-09 22:00:00,1229.43
2023-03-09 23:00:00,1251.37
2023-03-10 00:00:00,1270.7675
2023-03-10 01:00:00,1273.77
2023-03-10 02:00:00,1259.3275
2023-03-10 03:00:00,1253.8725
2023-03-10 04:00:00,1249.705
2023-03-10 05:00:00,1233.78
2023-03-10 06:00:00,1235.8175
2023-03-10 07:00:00,1206.01
2023-03-10 08:00:00,1192.12
2023-03-10 09:00:00,1227.38
2023-03-10 10:00:00,1255.0425
2023-03-10 11:00:00,1288.63
2023-03-10 12:00:00,1258.2725
2023-03-10 13:00:00,1286.9850000000001
2023-03-10 14:00:00,1278.9675
2023-03-10 15:00:00,1241.855
2023-03-10 16:00:00,1216.255
2023-03-10 17:00:00,1198.8025
2023-03-10 18:00:00,1172.2649999999999
2023-03-10 19:00:00,1163.18
2023-03-10 20:00:00,1146.43
2023-03-10 21:00:00,1144.605
2023-03-10 22:00:00,1127.5149999999999
2023-03-10 23:00:00,1122.37
2023-03-11 00:00:00,1129.4
2023-03-11 01:00:00,1150.1399999999999
2023-03-11 02:00:00,1149.4299999999998
2023-03-11 03:00:00,1149.27
2023-03-11 04:00:00,1145.635
2023-03-11 05:00:00,1145.5875
2023-03-11 06:00:00,1142.3075
2023-03-11 07:00:00,1147.6325
2023-03-11 08:00:00,1164.0275
2023-03-11 09:00:00,1182.3325
2023-03-11 10:00:00,1203.0175
2023-03-11 11:00:00,1202.9125
2023-03-11 12:00:00,1202.5525
2023-03-11 13:00:00,1212.105
2023-03-11 14:00:00,1197.3375
2023-03-11 15:00:00,1189.6425
2023-03-11 16:00:00,1187.42
2023-03-11 17:00:00,1170.395
2023-03-11 18:00:00,1163.125
2023-03-11 19:00:00,1157.7675
2023-03-11 20:00:00,1152.78
2023-03-11 21:00:00,1147.305
2023-03-11 22:00:00,1136.4025
2023-03-11 23:00:00,1139.1775
2023-03-12 00:00:00,1140.3
2023-03-12 01:00:00,1132.6599999999999
2023-03-12 02:00:00,1116.03
2023-03-12 03:00:00,1107.545
2023-03-12 04:00:00,1100.9850000000001
2023-03-12 05:00:00,1089.87
2023-03-12 06:00:00,1079.345
2023-03-12 07:00:00,1083.525
2023-03-12 08:00:00,1105.2225
2023-03-12 09:00:00,1119.4775
2023-03-12 10:00:00,1125.155
2023-03-12 11:00:00,1119.6075
2023-03-12 12:00:00,1111.6325000000002
2023-03-12 13:00:00,1105.9325
2023-03-12 14:00:00,1096.915
2023-03-12 15:00:00,1096.0325
2023-03-12 16:00:00,1089.9325
2023-03-12 17:00:00,1095.6225
2023-03-12 18:00:00,1102.0149999999999
2023-03-12 19:00:00,1101.4075
2023-03-12 20:00:00,1088.245
2023-03-12 21:00:00,1081.04
2023-03-12 22:00:00,1083.0925
2023-03-12 23:00:00,1081.5475
2023-03-13 00:00:00,1080.085
2023-03-13 01:00:00,1080.5475000000001
2023-03-13 02:00:00,1077.2725
2023-03-13 03:00:00,1079.1325
2023-03-13 04:00:00,1083.255
2023-03-13 05:00:00,1083.8925
2023-03-13 06:00:00,1078.5825
2023-03-13 07:00:00,1074.9625
2023-03-13 08:00:00,1070.1575
2023-03-13 09:00:00,1075.2525
2023-03-13 10:00:00,1082.1825
2023-03-13 11:00:00,1120.4225
2023-03-13 12:00:00,1112.745
2023-03-13 13:00:00,1115.35
2023-03-13 14:00:00,1098.0875
2023-03-13 15:00:00,1084.2475
2023-03-13 16:00:00,1067.7975000000001
2023-03-13 17:00:00,1055.685
2023-03-13 18:00:00,1036.8625
2023-03-13 19:00:00,1041.4625
2023-03-13 20:00:00,1056.4675
2023-03-13 21:00:00,1067.2075
2023-03-13 22:00:00,1078.82
2023-03-13 23:00:00,1084.6575
2023-03-14 00:00:00,1078.395
2023-03-14 01:00:00,1071.6875
2023-03-14 02:00:00,1087.7525
2023-03-14 03:00:00,1114.4475
2023-03-14 04:00:00,1130.63
2023-03-14 05:00:00,1157.9725
2023-03-14 06:00:00,1175.7675
2023-03-14 07:00:00,1190.68
2023-03-14 08:00:00,1202.655
2023-03-14 09:00:00,1223.3
2023-03-14 10:00:00,1249.0725
2023-03-14 11:00:00,1287.9675
2023-03-14 12:00:00,1327.02
2023-03-14 13:00:00,1422.09
2023-03-14 14:00:00,1432.07
2023-03-14 15:00:00,1485.975
2023-03-14 16:00:00,1506.3049999999998
2023-03-14 17:00:00,1542.675
2023-03-14 18:00:00,1522.0675
2023-03-14 19:00:00,1589.0125
2023-03-14 20:00:00,1600.5525
2023-03-14 21:00:00,1598.1375
2023-03-14 22:00:00,1583.3274999999999
2023-03-14 23:00:00,1568.2375
2023-03-15 00:00:00,1573.415
2023-03-15 01:00:00,1579.7925
2023-03-15 02:00:00,1582.415
2023-03-15 03:00:00,1562.275
2023-03-15 04:00:00,1545.7725
2023-03-15 05:00:00,1533.6225
2023-03-15 06:00:00,1507.1475
2023-03-15 07:00:00,1492.545
2023-03-15 08:00:00,1489.5325
2023-03-15 09:00:00,1501.285
2023-03-15 10:00:00,1521.9525
2023-03-15 11:00:00,1540.0575
2023-03-15 12:00:00,1523.7075
2023-03-15 13:00:00,1501.295
2023-03-15 14:00:00,1466.8825000000002
2023-03-15 15:00:00,1487.8325
2023-03-15 16:00:00,1468.0575
2023-03-15 17:00:00,1449.8775
2023-03-15 18:00:00,1435.0525
2023-03-15 19:00:00,1416.0700000000002
2023-03-15 20:00:00,1407.1375
2023-03-15 21:00:00,1398.4275
2023-03-15 22:00:00,1361.145
2023-03-15 23:00:00,1340.3575
2023-03-16 00:00:00,1326.59
2023-03-16 01:00:00,1321.5075
2023-03-16 02:00:00,1319.805
2023-03-16 03:00:00,1315.4850000000001
2023-03-16 04:00:00,1294.23
2023-03-16 05:00:00,1272.01
2023-03-16 06:00:00,1281.0549999999998
2023-03-16 07:00:00,1285.5625
2023-03-16 08:00:00,1293.65
2023-03-16 09:00:00,1308.4099999999999
2023-03-16 10:00:00,1328.5
2023-03-16 11:00:00,1339.2725
2023-03-16 12:00:00,1346.29
2023-03-16 13:00:00,1341.8225
2023-03-16 14:00:00,1329.3775
2023-03-16 15:00:00,1301.2725
2023-03-16 16:00:00,1267.5225
2023-03-16 17:00:00,1243.055
2023-03-16 18:00:00,1233.185
2023-03-16 19:00:00,1216.6075
2023-03-16 20:00:00,1199.3525
2023-03-16 21:00:00,1194.6625
2023-03-16 22:00:00,1187.58
2023-03-16 23:00:00,1192.935
2023-03-17 00:00:00,1174.165
2023-03-17 01:00:00,1162.6575
2023-03-17 02:00:00,1159.7825
2023-03-17 03:00:00,1164.43
2023-03-17 04:00:00,1167.6325
2023-03-17 05:00:00,1168.7475
2023-03-17 06:00:00,1187.9275
2023-03-17 07:00:00,1209.37
2023-03-17 08:00:00,1223.935
2023-03-17 09:00:00,1248.175
2023-03-17 10:00:00,1267.6775
2023-03-17 11:00:00,1270.4724999999999
2023-03-17 12:00:00,1266.2150000000001
2023-03-17 13:00:00,1250.33
2023-03-17 14:00:00,1231.19
2023-03-17 15:00:00,1210.8
2023-03-17 16:00:00,1200.95
2023-03-17 17:00:00,1192.355
2023-03-17 18:00:00,1191.9775
2023-03-17 19:00:00,1197.2424999999998
2023-03-17 20:00:00,1206.56
2023-03-17 21:00:00,1220.705
2023-03-17 22:00:00,1199.7325
2023-03-17 23:00:00,1180.7475
2023-03-18 00:00:00,1164.45
2023-03-18 01:00:00,1168.445
2023-03-18 02:00:00,1163.74
2023-03-18 03:00:00,1171.1425
2023-03-18 04:00:00,1173.145
2023-03-18 05:00:00,1160.8425
2023-03-18 06:00:00,1159.2725
2023-03-18 07:00:00,1164.9499999999998
2023-03-18 08:00:00,1175.415
2023-03-18 09:00:00,1198.8125
2023-03-18 10:00:00,1209.1325
2023-03-18 11:00:00,1217.1225
2023-03-18 12:00:00,1238.0125
2023-03-18 13:00:00,1230.51
2023-03-18 14:00:00,1210.525
2023-03-18 15:00:00,1197.305
2023-03-18 16:00:00,1163.8874999999998
2023-03-18 17:00:00,1146.2325
2023-03-18 18:00:00,1127.8475
2023-03-18 19:00:00,1129.4875
2023-03-18 20:00:00,1139.635
2023-03-18 21:00:00,1144.2275
2023-03-18 22:00:00,1145.45
2023-03-18 23:00:00,1138.125
2023-03-19 00:00:00,1137.5875
2023-03-19 01:00:00,1131.825
2023-03-19 02:00:00,1139.97
2023-03-19 03:00:00,1134.0625
2023-03-19 04:00:00,1127.9775
2023-03-19 05:00:00,1124.5675
2023-03-19 06:00:00,1130.52
2023-03-19 07:00:00,1147.0925
2023-03-19 08:00:00,1160.15
2023-03-19 09:00:00,1165.35
2023-03-19 10:00:00,1168.2175
2023-03-19 11:00:00,1174.44
2023-03-19 12:00:00,1183.8425
2023-03-19 13:00:00,1189.475
2023-03-19 14:00:00,1184.3875
2023-03-19 15:00:00,1166.075
2023-03-19 16:00:00,1147.9099999999999
2023-03-19 17:00:00,1142.3925
2023-03-19 18:00:00,1135.1625
2023-03-19 19:00:00,1135.605
2023-03-19 20:00:00,1133.685
2023-03-19 21:00:00,1140.3825
2023-03-19 22:00:00,1142.5775
2023-03-19 23:00:00,1165.55
2023-03-20 00:00:00,1186.8
2023-03-20 01:00:00,1193.2849999999999
2023-03-20 02:00:00,1194.5725
2023-03-20 03:00:00,1202.7150000000001
2023-03-20 04:00:00,1214.795
2023-03-20 05:00:00,1210.7875
2023-03-20 06:00:00,1219.7975000000001
2023-03-20 07:00:00,1215.22
2023-03-20 08:00:00,1252.2675
2023-03-20 09:00:00,1249.4425
2023-03-20 10:00:00,1265.0925
2023-03-20 11:00:00,1278.62
2023-03-20 12:00:00,1277.905
2023-03-20 13:00:00,1274.49
2023-03-20 14:00:00,1270.3375
2023-03-20 15:00:00,1272.6475
2023-03-20 16:00:00,1279.43
2023-03-20 17:00:00,1263.9724999999999
2023-03-20 18:00:00,1262.225
2023-03-20 19:00:00,1286.145
2023-03-20 20:00:00,1307.4175
2023-03-20 21:00:00,1309.1625
2023-03-20 22:00:00,1306.355
2023-03-20 23:00:00,1316.3375
2023-03-21 00:00:00,1330.9275
2023-03-21 01:00:00,1325.4950000000001
2023-03-21 02:00:00,1317.86
2023-03-21 03:00:00,1316.4175
2023-03-21 04:00:00,1316.4175
2023-03-21 05:00:00,1301.3475
2023-03-21 06:00:00,1294.44
2023-03-21 07:00:00,1304.405
2023-03-21 08:00:00,1299.52
2023-03-21 09:00:00,1297.1825
2023-03-21 10:00:00,1363.4275
2023-03-21 11:00:00,1371.1225
2023-03-21 12:00:00,1374.4
2023-03-21 13:00:00,1388.9099999999999
2023-03-21 14:00:00,1372.055
2023-03-21 15:00:00,1281.2675
2023-03-21 16:00:00,1257.73
2023-03-21 17:00:00,1241.1525
2023-03-21 18:00:00,1218.6575
2023-03-21 19:00:00,1203.9575
2023-03-21 20:00:00,1201.66
2023-03-21 21:00:00,1191.54
2023-03-21 22:00:00,1179.53
2023-03-21 23:00:00,1178.75
2023-03-22 00:00:00,1205.6399999999999
2023-03-22 01:00:00,1219.085
2023-03-22 02:00:00,1221.0125
2023-03-22 03:00:00,1218.4575
2023-03-22 04:00:00,1212.9675
2023-03-22 05:00:00,1190.3899999999999
2023-03-22 06:00:00,1186.9425
2023-03-22 07:00:00,1223.9275
2023-03-22 08:00:00,1236.835
2023-03-22 09:00:00,1276.26
2023-03-22 10:00:00,1287.5725
2023-03-22 11:00:00,1279.705
2023-03-22 12:00:00,1273.6875
2023-03-22 13:00:00,1270.925
2023-03-22 14:00:00,1277.3075
2023-03-22 15:00:00,1275.335
2023-03-22 16:00:00,1227.9925
2023-03-22 17:00:00,1240.2649999999999
2023-03-22 18:00:00,1247.58
2023-03-22 19:00:00,1238.3625
2023-03-22 20:00:00,1234.2925
2023-03-22 21:00:00,1219.21
2023-03-22 22:00:00,1215.8175
2023-03-22 23:00:00,1200.535
2023-03-23 00:00:00,1220.33
2023-03-23 01:00:00,1214.25
2023-03-23 02:00:00,1210.46
2023-03-23 03:00:00,1213.4875
2023-03-23 04:00:00,1214.0625
2023-03-23 05:00:00,1211.3625
2023-03-23 06:00:00,1159.365
2023-03-23 07:00:00,1142.105
2023-03-23 08:00:00,1136.665
2023-03-23 09:00:00,1133.0875
2023-03-23 10:00:00,1133.175
2023-03-23 11:00:00,1122.315
2023-03-23 12:00:00,1099.455
2023-03-23 13:00:00,1116.4
2023-03-23 14:00:00,1104.5949999999998
2023-03-23 15:00:00,1127.2175
2023-03-23 16:00:00,1140.3775
2023-03-23 17:00:00,1151.0900000000001
2023-03-23 18:00:00,1146.15
2023-03-23 19:00:00,1134.6374999999998
2023-03-23 20:00:00,1137.9275
2023-03-23 21:00:00,1139.95
2023-03-23 22:00:00,1170.24
2023-03-23 23:00:00,1173.9325
2023-03-24 00:00:00,1206.4524999999999
2023-03-24 01:00:00,1217.2225
2023-03-24 02:00:00,1216.0125
2023-03-24 03:00:00,1212.7025
2023-03-24 04:00:00,1210.9825
2023-03-24 05:00:00,1198.005
2023-03-24 06:00:00,1195.8625
2023-03-24 07:00:00,1159.615
2023-03-24 08:00:00,1153.82
2023-03-24 09:00:00,1156.655
2023-03-24 10:00:00,1165.99
2023-03-24 11:00:00,1171.605
2023-03-24 12:00:00,1181.575
2023-03-24 13:00:00,1208.2125
2023-03-24 14:00:00,1206.335
2023-03-24 15:00:00,1206.2150000000001
2023-03-24 16:00:00,1183.9099999999999
2023-03-24 17:00:00,1204.6225
2023-03-24 18:00:00,1233.8125
2023-03-24 19:00:00,1230.6975
2023-03-24 20:00:00,1250.7
2023-03-24 21:00:00,1260.815
2023-03-24 22:00:00,1269.245
2023-03-24 23:00:00,1286.2375
2023-03-25 00:00:00,1327.4924999999998
2023-03-25 01:00:00,1306.9875
2023-03-25 02:00:00,1340.8425
2023-03-25 03:00:00,1352.8
2023-03-25 04:00:00,1359.2675
2023-03-25 05:00:00,1376.4
2023-03-25 06:00:00,1376.8325
2023-03-25 07:00:00,1382.6575
2023-03-25 08:00:00,1377.6025
2023-03-25 09:00:00,1382.745
2023-03-25 10:00:00,1411.1375
2023-03-25 11:00:00,1407.795
2023-03-25 12:00:00,1401.43
2023-03-25 13:00:00,1418.1
2023-03-25 14:00:00,1435.8
2023-03-25 15:00:00,1423.855
2023-03-25 16:00:00,1408.6100000000001
2023-03-25 17:00:00,1371.655
2023-03-25 18:00:00,1327.33
2023-03-25 19:00:00,1305.4075
2023-03-25 20:00:00,1297.7475
2023-03-25 21:00:00,1285.195
2023-03-25 22:00:00,1274.9699999999998
2023-03-25 23:00:00,1266.3025
2023-03-26 00:00:00,1258.2150000000001
2023-03-26 01:00:00,1247.695
2023-03-26 02:00:00,
2023-03-26 03:00:00,1239.4875
2023-03-26 04:00:00,1226.5774999999999
2023-03-26 05:00:00,1215.095
2023-03-26 06:00:00,1207.54
2023-03-26 07:00:00,1201.1875
2023-03-26 08:00:00,1218.3975
2023-03-26 09:00:00,1221.635
2023-03-26 10:00:00,1217.405
2023-03-26 11:00:00,1225.4825
2023-03-26 12:00:00,1222.2475
2023-03-26 13:00:00,1210.4425
2023-03-26 14:00:00,1213.83
2023-03-26 15:00:00,1212.205
2023-03-26 16:00:00,1198.4125
2023-03-26 17:00:00,1193.0825
2023-03-26 18:00:00,1203.0475000000001
2023-03-26 19:00:00,1213.2775000000001
2023-03-26 20:00:00,1214.895
2023-03-26 21:00:00,1220.655
2023-03-26 22:00:00,1223.385
2023-03-26 23:00:00,1216.4625
2023-03-27 00:00:00,1196.5025
2023-03-27 01:00:00,1192.565
2023-03-27 02:00:00,1182.1625
2023-03-27 03:00:00,1174.43
2023-03-27 04:00:00,1169.9475
2023-03-27 05:00:00,1168.6675
2023-03-27 06:00:00,1175.285
2023-03-27 07:00:00,1178.1825
2023-03-27 08:00:00,1188.0925
2023-03-27 09:00:00,1213.3775
2023-03-27 10:00:00,1234.1
2023-03-27 11:00:00,1263.9575
2023-03-27 12:00:00,1294.5149999999999
2023-03-27 13:00:00,1331.77
2023-03-27 14:00:00,1375.1
2023-03-27 15:00:00,1360.735
2023-03-27 16:00:00,1368.2875
2023-03-27 17:00:00,1395.865
2023-03-27 18:00:00,1377.35
2023-03-27 19:00:00,1376.225
2023-03-27 20:00:00,1385.54
2023-03-27 21:00:00,1394.4325
2023-03-27 22:00:00,1400.1174999999998
2023-03-27 23:00:00,1401.5275
2023-03-28 00:00:00,1394.285
2023-03-28 01:00:00,1383.45
2023-03-28 02:00:00,1381.42
2023-03-28 03:00:00,1365.215
2023-03-28 04:00:00,1356.25
2023-03-28 05:00:00,1336.9725
2023-03-28 06:00:00,1299.5225
2023-03-28 07:00:00,1273.1975
2023-03-28 08:00:00,1252.8600000000001
2023-03-28 09:00:00,1248.3625000000002
2023-03-28 10:00:00,1275.8625
2023-03-28 11:00:00,1286.5475000000001
2023-03-28 12:00:00,1310.98
2023-03-28 13:00:00,1314.5325
2023-03-28 14:00:00,1333.455
2023-03-28 15:00:00,1331.9275
2023-03-28 16:00:00,1326.7150000000001
2023-03-28 17:00:00,1302.605
2023-03-28 18:00:00,1279.15
2023-03-28 19:00:00,1273.1075
2023-03-28 20:00:00,1271.005
2023-03-28 21:00:00,1267.1875
2023-03-28 22:00:00,1277.8375
2023-03-28 23:00:00,1278.62
2023-03-29 00:00:00,1276.6725
2023-03-29 01:00:00,1274.58
2023-03-29 02:00:00,1288.4825
2023-03-29 03:00:00,1274.32
2023-03-29 04:00:00,1263.6325
2023-03-29 05:00:00,1256.3575
2023-03-29 06:00:00,1237.65
2023-03-29 07:00:00,1245.9625
2023-03-29 08:00:00,1267.3474999999999
2023-03-29 09:00:00,1251.03
2023-03-29 10:00:00,1261.1325000000002
2023-03-29 11:00:00,1287.0725
2023-03-29 12:00:00,1301.9650000000001
2023-03-29 13:00:00,1342.3225
2023-03-29 14:00:00,1343.8174999999999
2023-03-29 15:00:00,1341.9325
2023-03-29 16:00:00,1342.925
2023-03-29 17:00:00,1329.6425
2023-03-29 18:00:00,1307.08
2023-03-29 19:00:00,1293.205
2023-03-29 20:00:00,1305.1625
2023-03-29 21:00:00,1311.1075
2023-03-29 22:00:00,1311.5149999999999
2023-03-29 23:00:00,1310.475
2023-03-30 00:00:00,1314.4924999999998
2023-03-30 01:00:00,1307.575
2023-03-30 02:00:00,1307.875
2023-03-30 03:00:00,1310.075
2023-03-30 04:00:00,1309.735
2023-03-30 05:00:00,1316.4925
2023-03-30 06:00:00,1316.94
2023-03-30 07:00:00,1305.475
2023-03-30 08:00:00,1302.6325
2023-03-30 09:00:00,1315.2625
2023-03-30 10:00:00,1354.3925
2023-03-30 11:00:00,1359.7875
2023-03-30 12:00:00,1387.9075
2023-03-30 13:00:00,1409.5025
2023-03-30 14:00:00,1393.61
2023-03-30 15:00:00,1405.75
2023-03-30 16:00:00,1446.0575
2023-03-30 17:00:00,1454.21
2023-03-30 18:00:00,1491.7350000000001
2023-03-30 19:00:00,1528.895
2023-03-30 20:00:00,1584.39
2023-03-30 21:00:00,1642.155
2023-03-30 22:00:00,1664.5149999999999
2023-03-30 23:00:00,1685.7075
2023-03-31 00:00:00,1697.15
2023-03-31 01:00:00,1698.2649999999999
2023-03-31 02:00:00,1696.405
2023-03-31 03:00:00,1692.4175
2023-03-31 04:00:00,1681.4375
2023-03-31 05:00:00,1675.8075
2023-03-31 06:00:00,1677.195
2023-03-31 07:00:00,1684.81
2023-03-31 08:00:00,1708.4225
2023-03-31 09:00:00,1713.48
2023-03-31 10:00:00,1689.675
2023-03-31 11:00:00,1686.2725
2023-03-31 12:00:00,1691.115
2023-03-31 13:00:00,1682.6575
2023-03-31 14:00:00,1673.99
2023-03-31 15:00:00,1666.2175
2023-03-31 16:00:00,1667.6675
2023-03-31 17:00:00,1669.6025
2023-03-31 18:00:00,1673.395
2023-03-31 19:00:00,1672.1725000000001
2023-03-31 20:00:00,1671.185
2023-03-31 21:00:00,1667.64
2023-03-31 22:00:00,1663.5900000000001
2023-03-31 23:00:00,1652.7
2023-04-01 00:00:00,1576.435
2023-04-01 01:00:00,1568.9875
2023-04-01 02:00:00,1559.1175
2023-04-01 03:00:00,1548.39
2023-04-01 04:00:00,1542.28
2023-04-01 05:00:00,1533.15
2023-04-01 06:00:00,1527.1725
2023-04-01 07:00:00,1525.6075
2023-04-01 08:00:00,1539.7024999999999
2023-04-01 09:00:00,1552.2024999999999
2023-04-01 10:00:00,1556.06
2023-04-01 11:00:00,1567.0925
2023-04-01 12:00:00,1552.855
2023-04-01 13:00:00,1522.9125
2023-04-01 14:00:00,1519.165
2023-04-01 15:00:00,1511.4724999999999
2023-04-01 16:00:00,1487.095
2023-04-01 17:00:00,1471.5625
2023-04-01 18:00:00,1472.965
2023-04-01 19:00:00,1470.9325
2023-04-01 20:00:00,1457.5549999999998
2023-04-01 21:00:00,1448.7875
2023-04-01 22:00:00,1419.5675
2023-04-01 23:00:00,1407.23
2023-04-02 00:00:00,1412.3325
2023-04-02 01:00:00,1408.395
2023-04-02 02:00:00,1397.1550000000002
2023-04-02 03:00:00,1381.6125
2023-04-02 04:00:00,1378.1174999999998
2023-04-02 05:00:00,1375.7250000000001
2023-04-02 06:00:00,1363.2175
2023-04-02 07:00:00,1344.3425
2023-04-02 08:00:00,1342.9975
2023-04-02 09:00:00,1346.0375
2023-04-02 10:00:00,1351.155
2023-04-02 11:00:00,1356.005
2023-04-02 12:00:00,1343.4575
2023-04-02 13:00:00,1336.8274999999999
2023-04-02 14:00:00,1348.7675
2023-04-02 15:00:00,1337.53
2023-04-02 16:00:00,1314.1075
2023-04-02 17:00:00,1287.5875
2023-04-02 18:00:00,1287.2975
2023-04-02 19:00:00,1301.6
2023-04-02 20:00:00,1317.705
2023-04-02 21:00:00,1322.675
2023-04-02 22:00:00,1313.9625
2023-04-02 23:00:00,1312.26
2023-04-03 00:00:00,1318.27
2023-04-03 01:00:00,1325.915
2023-04-03 02:00:00,1322.9075
2023-04-03 03:00:00,1331.695
2023-04-03 04:00:00,1354.8075
2023-04-03 05:00:00,1373.9099999999999
2023-04-03 06:00:00,1377.0025
2023-04-03 07:00:00,1406.035
2023-04-03 08:00:00,1428.3575
2023-04-03 09:00:00,1450.9475
2023-04-03 10:00:00,1460.9525
2023-04-03 11:00:00,1474.13
2023-04-03 12:00:00,1486.85
2023-04-03 13:00:00,1497.66
2023-04-03 14:00:00,1489.3475
2023-04-03 15:00:00,1456.3274999999999
2023-04-03 16:00:00,1440.4099999999999
2023-04-03 17:00:00,1431.8425
2023-04-03 18:00:00,1413.7225
2023-04-03 19:00:00,1403.3575
2023-04-03 20:00:00,1386.1599999999999
2023-04-03 21:00:00,1376.945
2023-04-03 22:00:00,1383.28
2023-04-03 23:00:00,1387.825
2023-04-04 00:00:00,1395.09
2023-04-04 01:00:00,1397.7224999999999
2023-04-04 02:00:00,1402.9275
2023-04-04 03:00:00,1399.2350000000001
2023-04-04 04:00:00,1391.275
2023-04-04 05:00:00,1371.63
2023-04-04 06:00:00,1370.45
2023-04-04 07:00:00,1389.8925
2023-04-04 08:00:00,1403.41
2023-04-04 09:00:00,1401.82
2023-04-04 10:00:00,1396.55
2023-04-04 11:00:00,1396.9650000000001
2023-04-04 12:00:00,1396.705
2023-04-04 13:00:00,1401.3675
2023-04-04 14:00:00,1408.3125
2023-04-04 15:00:00,1390.805
2023-04-04 16:00:00,1373.2375
2023-04-04 17:00:00,1354.6375
2023-04-04 18:00:00,1318.9425
2023-04-04 19:00:00,1290.5549999999998
2023-04-04 20:00:00,1282.6950000000002
2023-04-04 21:00:00,1280.98
2023-04-04 22:00:00,1279.21
2023-04-04 23:00:00,1291.6725000000001
2023-04-05 00:00:00,1302.5575
2023-04-05 01:00:00,1310.2375
2023-04-05 02:00:00,1333.475
2023-04-05 03:00:00,1327.2350000000001
2023-04-05 04:00:00,1341.4524999999999
2023-04-05 05:00:00,1345.7275
2023-04-05 06:00:00,1325.3474999999999
2023-04-05 07:00:00,1299.2525
2023-04-05 08:00:00,1302.5625
2023-04-05 09:00:00,1302.65
2023-04-05 10:00:00,1318.045
2023-04-05 11:00:00,1315.685
2023-04-05 12:00:00,1309.49
2023-04-05 13:00:00,1300.085
2023-04-05 14:00:00,1297.9925
2023-04-05 15:00:00,1308.1325
2023-04-05 16:00:00,1288.645
2023-04-05 17:00:00,1258.5875
2023-04-05 18:00:00,1234.0525
2023-04-05 19:00:00,1222.095
2023-04-05 20:00:00,1216.085
2023-04-05 21:00:00,1210.46
2023-04-05 22:00:00,1210.425
2023-04-05 23:00:00,1217.545
2023-04-06 00:00:00,1215.705
2023-04-06 01:00:00,1216.0825
2023-04-06 02:00:00,1218.73
2023-04-06 03:00:00,1226.455
2023-04-06 04:00:00,1229.0674999999999
2023-04-06 05:00:00,1221.8225
2023-04-06 06:00:00,1212.33
2023-04-06 07:00:00,1220.925
2023-04-06 08:00:00,1235.3049999999998
2023-04-06 09:00:00,1234.3775
2023-04-06 10:00:00,1237.7075
2023-04-06 11:00:00,1252.19
2023-04-06 12:00:00,1276.3825
2023-04-06 13:00:00,1268.0700000000002
2023-04-06 14:00:00,1246.6225
2023-04-06 15:00:00,1254.5349999999999
2023-04-06 16:00:00,1259.2175
2023-04-06 17:00:00,1241.4850000000001
2023-04-06 18:00:00,1213.8725
2023-04-06 19:00:00,1199.3375
2023-04-06 20:00:00,1204.9275
2023-04-06 21:00:00,1213.35
2023-04-06 22:00:00,1226.395
2023-04-06 23:00:00,1221.7825
2023-04-07 00:00:00,1192.46
2023-04-07 01:00:00,1185.7425
2023-04-07 02:00:00,1191.915
2023-04-07 03:00:00,1193.7525
2023-04-07 04:00:00,1194.8425
2023-04-07 05:00:00,1182.885
2023-04-07 06:00:00,1175.3825000000002
2023-04-07 07:00:00,1174.215
2023-04-07 08:00:00,1178.1575
2023-04-07 09:00:00,1181.315
2023-04-07 10:00:00,1186.455
2023-04-07 11:00:00,1191.9375
2023-04-07 12:00:00,1203.0725
2023-04-07 13:00:00,1211.3025
2023-04-07 14:00:00,1195.6375
2023-04-07 15:00:00,1171.285
2023-04-07 16:00:00,1167.6675
2023-04-07 17:00:00,1173.365
2023-04-07 18:00:00,1165.12
2023-04-07 19:00:00,1161.4975
2023-04-07 20:00:00,1176.7075
2023-04-07 21:00:00,1186.6525000000001
2023-04-07 22:00:00,1189.7175
2023-04-07 23:00:00,1189.2625
2023-04-08 00:00:00,1188.3775
2023-04-08 01:00:00,1200.3600000000001
2023-04-08 02:00:00,1212.105
2023-04-08 03:00:00,1216.6475
2023-04-08 04:00:00,1224.2875
2023-04-08 05:00:00,1213.71
2023-04-08 06:00:00,1199.17
2023-04-08 07:00:00,1197.6075
2023-04-08 08:00:00,1189.97
2023-04-08 09:00:00,1188.4
2023-04-08 10:00:00,1188.225
2023-04-08 11:00:00,1205.59
2023-04-08 12:00:00,1198.985
2023-04-08 13:00:00,1196.125
2023-04-08 14:00:00,1206.11
2023-04-08 15:00:00,1219.525
2023-04-08 16:00:00,1240.5625
2023-04-08 17:00:00,1251.8975
2023-04-08 18:00:00,1268.055
2023-04-08 19:00:00,1280.655
2023-04-08 20:00:00,1287.5325
2023-04-08 21:00:00,1274.3675
2023-04-08 22:00:00,1261.1399999999999
2023-04-08 23:00:00,1254.845
2023-04-09 00:00:00,1260.635
2023-04-09 01:00:00,1271.9275
2023-04-09 02:00:00,1280.13
2023-04-09 03:00:00,1270.785
2023-04-09 04:00:00,1262.385
2023-04-09 05:00:00,1244.4075
2023-04-09 06:00:00,1225.55
2023-04-09 07:00:00,1215.575
2023-04-09 08:00:00,1207.31
2023-04-09 09:00:00,1222.275
2023-04-09 10:00:00,1280.3175
2023-04-09 11:00:00,1315.6025
2023-04-09 12:00:00,1296.7875
2023-04-09 13:00:00,1286.5149999999999
2023-04-09 14:00:00,1232.9375
2023-04-09 15:00:00,1252.5725
2023-04-09 16:00:00,1275.1175
2023-04-09 17:00:00,1259.955
2023-04-09 18:00:00,1198.6875
2023-04-09 19:00:00,1161.1799999999998
2023-04-09 20:00:00,1145.81
2023-04-09 21:00:00,1123.7725
2023-04-09 22:00:00,1117.355
2023-04-09 23:00:00,1123.9924999999998
2023-04-10 00:00:00,1105.5475
2023-04-10 01:00:00,1105.4025
2023-04-10 02:00:00,1109.9225000000001
2023-04-10 03:00:00,1107.54
2023-04-10 04:00:00,1113.345
2023-04-10 05:00:00,1108.2
2023-04-10 06:00:00,1108.9425
2023-04-10 07:00:00,1116.2625
2023-04-10 08:00:00,1104.9375
2023-04-10 09:00:00,1103.815
2023-04-10 10:00:00,1127.3425
2023-04-10 11:00:00,1103.2425
2023-04-10 12:00:00,1086.925
2023-04-10 13:00:00,1100.9099999999999
2023-04-10 14:00:00,1096.82
2023-04-10 15:00:00,1094.0325
2023-04-10 16:00:00,1072.0475000000001
2023-04-10 17:00:00,1076.57
2023-04-10 18:00:00,1098.1575
2023-04-10 19:00:00,1087.5349999999999
2023-04-10 20:00:00,1067.125
2023-04-10 21:00:00,1053.7525
2023-04-10 22:00:00,1059.965
2023-04-10 23:00:00,1045.6775
2023-04-11 00:00:00,1061.41
2023-04-11 01:00:00,1070.1625
2023-04-11 02:00:00,1065.745
2023-04-11 03:00:00,1069.1775
2023-04-11 04:00:00,1075.9250000000002
2023-04-11 05:00:00,1069.95
2023-04-11 06:00:00,1060.0925
2023-04-11 07:00:00,1035.395
2023-04-11 08:00:00,1025.7975000000001
2023-04-11 09:00:00,1026.53
2023-04-11 10:00:00,1038.8125
2023-04-11 11:00:00,1051.3575
2023-04-11 12:00:00,1068.8625000000002
2023-04-11 13:00:00,1087.13
2023-04-11 14:00:00,1108.8899999999999
2023-04-11 15:00:00,1118.2275
2023-04-11 16:00:00,1138.9075
2023-04-11 17:00:00,1159.8025
2023-04-11 18:00:00,1147.97
2023-04-11 19:00:00,1114.7475
2023-04-11 20:00:00,1119.98
2023-04-11 21:00:00,1136.46
2023-04-11 22:00:00,1171.7925
2023-04-11 23:00:00,1191.7
2023-04-12 00:00:00,1194.34
2023-04-12 01:00:00,1212.4025000000001
2023-04-12 02:00:00,1206.64
2023-04-12 03:00:00,1215.7375
2023-04-12 04:00:00,1243.2125
2023-04-12 05:00:00,1238.0275000000001
2023-04-12 06:00:00,1239.3475
2023-04-12 07:00:00,1210.7675
2023-04-12 08:00:00,1166.3899999999999
2023-04-12 09:00:00,1139.0425
2023-04-12 10:00:00,1137.4275
2023-04-12 11:00:00,1132.47
2023-04-12 12:00:00,1178.695
2023-04-12 13:00:00,1205.2675
2023-04-12 14:00:00,1174.8175
2023-04-12 15:00:00,1171.665
2023-04-12 16:00:00,1168.65
2023-04-12 17:00:00,1188.4375
2023-04-12 18:00:00,1176.9325
2023-04-12 19:00:00,1176.2175
2023-04-12 20:00:00,1184.48
2023-04-12 21:00:00,1172.9525
2023-04-12 22:00:00,1178.715
2023-04-12 23:00:00,1190.5375
2023-04-13 00:00:00,1233.5349999999999
2023-04-13 01:00:00,1262.5525
2023-04-13 02:00:00,1296.1625000000001
2023-04-13 03:00:00,1311.5700000000002
2023-04-13 04:00:00,1313.0925
2023-04-13 05:00:00,1311.1525000000001
2023-04-13 06:00:00,1311.69
2023-04-13 07:00:00,1287.83
2023-04-13 08:00:00,1273.0375
2023-04-13 09:00:00,1292.055
2023-04-13 10:00:00,1323.8575
2023-04-13 11:00:00,1337.4075
2023-04-13 12:00:00,1367.1975
2023-04-13 13:00:00,1395.055
2023-04-13 14:00:00,1399.9724999999999
2023-04-13 15:00:00,1348.825
2023-04-13 16:00:00,1380.2775
2023-04-13 17:00:00,1379.82
2023-04-13 18:00:00,1366.9625
2023-04-13 19:00:00,1362.5675
2023-04-13 20:00:00,1361.5075
2023-04-13 21:00:00,1350.9850000000001
2023-04-13 22:00:00,1343.475
2023-04-13 23:00:00,1343.21
2023-04-14 00:00:00,1366.3375
2023-04-14 01:00:00,1397.305
2023-04-14 02:00:00,1402.96
2023-04-14 03:00:00,1401.7875
2023-04-14 04:00:00,1394.4475
2023-04-14 05:00:00,1389.5575
2023-04-14 06:00:00,1379.9425
2023-04-14 07:00:00,1372.8275
2023-04-14 08:00:00,1359.06
2023-04-14 09:00:00,1350.4325
2023-04-14 10:00:00,1324.7275
2023-04-14 11:00:00,1358.3675
2023-04-14 12:00:00,1357.9625
2023-04-14 13:00:00,1366.385
2023-04-14 14:00:00,1409.82
2023-04-14 15:00:00,1406.0575000000001
2023-04-14 16:00:00,1414.965
2023-04-14 17:00:00,1419.6075
2023-04-14 18:00:00,1419.3125
2023-04-14 19:00:00,1447.17
2023-04-14 20:00:00,1451.485
2023-04-14 21:00:00,1448.195
2023-04-14 22:00:00,1446.125
2023-04-14 23:00:00,1444.6725000000001
2023-04-15 00:00:00,1441.8575
2023-04-15 01:00:00,1439.6100000000001
2023-04-15 02:00:00,1445.8325
2023-04-15 03:00:00,1432.7749999999999
2023-04-15 04:00:00,1423.75
2023-04-15 05:00:00,1409.2575000000002
2023-04-15 06:00:00,1397.5525
2023-04-15 07:00:00,1385.39
2023-04-15 08:00:00,1389.3725
2023-04-15 09:00:00,1393.015
2023-04-15 10:00:00,1387.82
2023-04-15 11:00:00,1380.1125
2023-04-15 12:00:00,1370.2975000000001
2023-04-15 13:00:00,1367.6475
2023-04-15 14:00:00,1374.6975
2023-04-15 15:00:00,1362.26
2023-04-15 16:00:00,1363.545
2023-04-15 17:00:00,1360.5075
2023-04-15 18:00:00,1355.45
2023-04-15 19:00:00,1355.9625
2023-04-15 20:00:00,1360.565
2023-04-15 21:00:00,1363.405
2023-04-15 22:00:00,1364.3999999999999
2023-04-15 23:00:00,1366.81
2023-04-16 00:00:00,1355.8125
2023-04-16 01:00:00,1366.3
2023-04-16 02:00:00,1371.6275
2023-04-16 03:00:00,1356.7225
2023-04-16 04:00:00,1352.4125
2023-04-16 05:00:00,1358.21
2023-04-16 06:00:00,1347.385
2023-04-16 07:00:00,1333.565
2023-04-16 08:00:00,1347.8625
2023-04-16 09:00:00,1361.7225
2023-04-16 10:00:00,1365.44
2023-04-16 11:00:00,1371.525
2023-04-16 12:00:00,1385.1
2023-04-16 13:00:00,1399.4425
2023-04-16 14:00:00,1407.725
2023-04-16 15:00:00,1402.5025
2023-04-16 16:00:00,1420.9
2023-04-16 17:00:00,1434.995
2023-04-16 18:00:00,1426.42
2023-04-16 19:00:00,1426.2575
2023-04-16 20:00:00,1440.1825
2023-04-16 21:00:00,1450.2875
2023-04-16 22:00:00,1452.0575
2023-04-16 23:00:00,1455.75
2023-04-17 00:00:00,1469.5575
2023-04-17 01:00:00,1473.435
2023-04-17 02:00:00,1467.5900000000001
2023-04-17 03:00:00,1483.9225
2023-04-17 04:00:00,1484.415
2023-04-17 05:00:00,1466.0225
2023-04-17 06:00:00,1474.6825
2023-04-17 07:00:00,1494.885
2023-04-17 08:00:00,1487.5325
2023-04-17 09:00:00,1489.58
2023-04-17 10:00:00,1487.625
2023-04-17 11:00:00,1503.4475
2023-04-17 12:00:00,1498.54
2023-04-17 13:00:00,1509.1275
2023-04-17 14:00:00,1520.155
2023-04-17 15:00:00,1481.8625
2023-04-17 16:00:00,1493.0925
2023-04-17 17:00:00,1473.815
2023-04-17 18:00:00,1454.4125000000001
2023-04-17 19:00:00,1431.09
2023-04-17 20:00:00,1416.475
2023-04-17 21:00:00,1393.9225000000001
2023-04-17 22:00:00,1378.7175
2023-04-17 23:00:00,1367.3825
2023-04-18 00:00:00,1367.87
2023-04-18 01:00:00,1372.5325
2023-04-18 02:00:00,1366.6375
2023-04-18 03:00:00,1352.685
2023-04-18 04:00:00,1342.7575
2023-04-18 05:00:00,1332.8525
2023-04-18 06:00:00,1349.72
2023-04-18 07:00:00,1366.0475000000001
2023-04-18 08:00:00,1377.62
2023-04-18 09:00:00,1380.46
2023-04-18 10:00:00,1370.9825
2023-04-18 11:00:00,1375.02
2023-04-18 12:00:00,1402.2150000000001
2023-04-18 13:00:00,1419.2575
2023-04-18 14:00:00,1412.8525
2023-04-18 15:00:00,1399.4275
2023-04-18 16:00:00,1378.0325
2023-04-18 17:00:00,1363.635
2023-04-18 18:00:00,1353.2350000000001
2023-04-18 19:00:00,1352.2425
2023-04-18 20:00:00,1347.2575
2023-04-18 21:00:00,1338.0025
2023-04-18 22:00:00,1320.1175
2023-04-18 23:00:00,1304.1425
2023-04-19 00:00:00,1305.8325
2023-04-19 01:00:00,1302.82
2023-04-19 02:00:00,1291.0225
2023-04-19 03:00:00,1289.76
2023-04-19 04:00:00,1299.16
2023-04-19 05:00:00,1285.2925
2023-04-19 06:00:00,1267.5425
2023-04-19 07:00:00,1276.34
2023-04-19 08:00:00,1291.555
2023-04-19 09:00:00,1313.5425
2023-04-19 10:00:00,1329.275
2023-04-19 11:00:00,1321.705
2023-04-19 12:00:00,1335.9175
2023-04-19 13:00:00,1324.3375
2023-04-19 14:00:00,1318.5125
2023-04-19 15:00:00,1308.3049999999998
2023-04-19 16:00:00,1316.1025
2023-04-19 17:00:00,1309.245
2023-04-19 18:00:00,1317.89
2023-04-19 19:00:00,1332.8125
2023-04-19 20:00:00,1347.36
2023-04-19 21:00:00,1343.2275
2023-04-19 22:00:00,1340.85
2023-04-19 23:00:00,1330.535
2023-04-20 00:00:00,1321.525
2023-04-20 01:00:00,1319.225
2023-04-20 02:00:00,1344.0825
2023-04-20 03:00:00,1356.255
2023-04-20 04:00:00,1358.145
2023-04-20 05:00:00,1355.9299999999998
2023-04-20 06:00:00,1354.27
2023-04-20 07:00:00,1360.7225
2023-04-20 08:00:00,1362.7475
2023-04-20 09:00:00,1374.74
2023-04-20 10:00:00,1390.4225000000001
2023-04-20 11:00:00,1389.3325
2023-04-20 12:00:00,1393.3875
2023-04-20 13:00:00,1399.5425
2023-04-20 14:00:00,1418.8400000000001
2023-04-20 15:00:00,1415.7275
2023-04-20 16:00:00,1404.415
2023-04-20 17:00:00,1388.7275
2023-04-20 18:00:00,1374.5725
2023-04-20 19:00:00,1367.62
2023-04-20 20:00:00,1363.835
2023-04-20 21:00:00,1367.6875
2023-04-20 22:00:00,1373.235
2023-04-20 23:00:00,1376.14
2023-04-21 00:00:00,1364.0325
2023-04-21 01:00:00,1370.4675
2023-04-21 02:00:00,1370.5225
2023-04-21 03:00:00,1375.0
2023-04-21 04:00:00,1372.8725
2023-04-21 05:00:00,1358.0075
2023-04-21 06:00:00,1346.3125
2023-04-21 07:00:00,1353.82
2023-04-21 08:00:00,1366.2775000000001
2023-04-21 09:00:00,1382.04
2023-04-21 10:00:00,1423.4875
2023-04-21 11:00:00,1441.5525
2023-04-21 12:00:00,1449.7725
2023-04-21 13:00:00,1467.95
2023-04-21 14:00:00,1463.56
2023-04-21 15:00:00,1458.2024999999999
2023-04-21 16:00:00,1421.775
2023-04-21 17:00:00,1381.3075
2023-04-21 18:00:00,1355.04
2023-04-21 19:00:00,1329.3400000000001
2023-04-21 20:00:00,1326.2775000000001
2023-04-21 21:00:00,1339.38
2023-04-21 22:00:00,1341.27
2023-04-21 23:00:00,1345.845
2023-04-22 00:00:00,1354.0125
2023-04-22 01:00:00,1354.7849999999999
2023-04-22 02:00:00,1367.0124999999998
2023-04-22 03:00:00,1364.7225
2023-04-22 04:00:00,1362.88
2023-04-22 05:00:00,1362.6399999999999
2023-04-22 06:00:00,1358.705
2023-04-22 07:00:00,1358.35
2023-04-22 08:00:00,1369.9724999999999
2023-04-22 09:00:00,1389.5325
2023-04-22 10:00:00,1397.9425
2023-04-22 11:00:00,1395.6075
2023-04-22 12:00:00,1397.7224999999999
2023-04-22 13:00:00,1403.9125
2023-04-22 14:00:00,1399.2350000000001
2023-04-22 15:00:00,1373.8700000000001
2023-04-22 16:00:00,1336.79
2023-04-22 17:00:00,1302.5575
2023-04-22 18:00:00,1275.8474999999999
2023-04-22 19:00:00,1257.6525000000001
2023-04-22 20:00:00,1241.4325
2023-04-22 21:00:00,1239.92
2023-04-22 22:00:00,1234.02
2023-04-22 23:00:00,1234.615
2023-04-23 00:00:00,1232.005
2023-04-23 01:00:00,1235.3775
2023-04-23 02:00:00,1235.0825
2023-04-23 03:00:00,1245.425
2023-04-23 04:00:00,1257.375
2023-04-23 05:00:00,1257.995
2023-04-23 06:00:00,1258.8725
2023-04-23 07:00:00,1258.1
2023-04-23 08:00:00,1263.425
2023-04-23 09:00:00,1278.6125
2023-04-23 10:00:00,1291.855
2023-04-23 11:00:00,1309.335
2023-04-23 12:00:00,1347.07
2023-04-23 13:00:00,1345.1
2023-04-23 14:00:00,1311.3725
2023-04-23 15:00:00,1365.81
2023-04-23 16:00:00,1378.6075
2023-04-23 17:00:00,1359.095
2023-04-23 18:00:00,1325.0975
2023-04-23 19:00:00,1313.71
2023-04-23 20:00:00,1320.2525
2023-04-23 21:00:00,1318.1025
2023-04-23 22:00:00,1325.0175
2023-04-23 23:00:00,1339.4725
2023-04-24 00:00:00,1343.71
2023-04-24 01:00:00,1348.0425
2023-04-24 02:00:00,1361.4375
2023-04-24 03:00:00,1368.3474999999999
2023-04-24 04:00:00,1373.2775
2023-04-24 05:00:00,1383.3525
2023-04-24 06:00:00,1409.31
2023-04-24 07:00:00,1422.9975
2023-04-24 08:00:00,1460.71
2023-04-24 09:00:00,1499.6525
2023-04-24 10:00:00,1513.4875
2023-04-24 11:00:00,1526.9425
2023-04-24 12:00:00,1574.26
2023-04-24 13:00:00,1598.7125
2023-04-24 14:00:00,1587.0825
2023-04-24 15:00:00,1569.4924999999998
2023-04-24 16:00:00,1569.065
2023-04-24 17:00:00,1586.0875
2023-04-24 18:00:00,1578.995
2023-04-24 19:00:00,1567.4625
2023-04-24 20:00:00,1560.1375
2023-04-24 21:00:00,1553.805
2023-04-24 22:00:00,1554.9524999999999
2023-04-24 23:00:00,1545.9425
2023-04-25 00:00:00,1538.2925
2023-04-25 01:00:00,1525.7350000000001
2023-04-25 02:00:00,1519.1625
2023-04-25 03:00:00,1521.5825
2023-04-25 04:00:00,1510.22
2023-04-25 05:00:00,1513.5900000000001
2023-04-25 06:00:00,1505.805
2023-04-25 07:00:00,1506.795
2023-04-25 08:00:00,1502.4875000000002
2023-04-25 09:00:00,1504.7849999999999
2023-04-25 10:00:00,1460.6875
2023-04-25 11:00:00,1503.965
2023-04-25 12:00:00,1492.2275
2023-04-25 13:00:00,1487.685
2023-04-25 14:00:00,1432.7825
2023-04-25 15:00:00,1444.98
2023-04-25 16:00:00,1425.5875
2023-04-25 17:00:00,1421.3025
2023-04-25 18:00:00,1399.925
2023-04-25 19:00:00,1387.4325
2023-04-25 20:00:00,1383.8899999999999
2023-04-25 21:00:00,1394.52
2023-04-25 22:00:00,1401.5675
2023-04-25 23:00:00,1405.16
2023-04-26 00:00:00,1418.3400000000001
2023-04-26 01:00:00,1424.5325
2023-04-26 02:00:00,1424.6375
2023-04-26 03:00:00,1436.5
2023-04-26 04:00:00,1443.6575
2023-04-26 05:00:00,1438.865
2023-04-26 06:00:00,1410.01
2023-04-26 07:00:00,1439.5774999999999
2023-04-26 08:00:00,1455.375
2023-04-26 09:00:00,1463.2525
2023-04-26 10:00:00,1487.095
2023-04-26 11:00:00,1504.1875
2023-04-26 12:00:00,1493.505
2023-04-26 13:00:00,1494.4325
2023-04-26 14:00:00,1490.6799999999998
2023-04-26 15:00:00,1501.2975000000001
2023-04-26 16:00:00,1489.6725
2023-04-26 17:00:00,1458.48
2023-04-26 18:00:00,1439.0475
2023-04-26 19:00:00,1432.3725
2023-04-26 20:00:00,1421.3075
2023-04-26 21:00:00,1417.315
2023-04-26 22:00:00,1428.4524999999999
2023-04-26 23:00:00,1436.0375
2023-04-27 00:00:00,1436.2125
2023-04-27 01:00:00,1434.2175
2023-04-27 02:00:00,1440.17
2023-04-27 03:00:00,1430.96
2023-04-27 04:00:00,1417.1625
2023-04-27 05:00:00,1407.6
2023-04-27 06:00:00,1395.0975
2023-04-27 07:00:00,1394.3899999999999
2023-04-27 08:00:00,1401.2975
2023-04-27 09:00:00,1415.215
2023-04-27 10:00:00,1442.4325
2023-04-27 11:00:00,1471.925
2023-04-27 12:00:00,1497.3400000000001
2023-04-27 13:00:00,1527.0775
2023-04-27 14:00:00,1528.2275
2023-04-27 15:00:00,1498.6575
2023-04-27 16:00:00,1488.1875
2023-04-27 17:00:00,1481.17
2023-04-27 18:00:00,1461.8175
2023-04-27 19:00:00,1435.46
2023-04-27 20:00:00,1427.21
2023-04-27 21:00:00,1429.6925
2023-04-27 22:00:00,1425.43
2023-04-27 23:00:00,1408.355
2023-04-28 00:00:00,1405.04
2023-04-28 01:00:00,1408.8575
2023-04-28 02:00:00,1405.6225
2023-04-28 03:00:00,1403.9875
2023-04-28 04:00:00,1392.8274999999999
2023-04-28 05:00:00,1380.17
2023-04-28 06:00:00,1363.1399999999999
2023-04-28 07:00:00,1349.7325
2023-04-28 08:00:00,1341.9025000000001
2023-04-28 09:00:00,1348.9299999999998
2023-04-28 10:00:00,1359.045
2023-04-28 11:00:00,1390.4775
2023-04-28 12:00:00,1400.545
2023-04-28 13:00:00,1416.9975
2023-04-28 14:00:00,1442.125
2023-04-28 15:00:00,1456.6325000000002
2023-04-28 16:00:00,1457.905
2023-04-28 17:00:00,1451.105
2023-04-28 18:00:00,1465.435
2023-04-28 19:00:00,1491.345
2023-04-28 20:00:00,1529.785
2023-04-28 21:00:00,1581.8325
2023-04-28 22:00:00,1618.635
2023-04-28 23:00:00,1651.7575
2023-04-29 00:00:00,1696.0525
2023-04-29 01:00:00,1753.8725
2023-04-29 02:00:00,1808.9850000000001
2023-04-29 03:00:00,1834.0125
2023-04-29 04:00:00,1853.5825
2023-04-29 05:00:00,1856.1825000000001
2023-04-29 06:00:00,1858.7849999999999
2023-04-29 07:00:00,1894.42
2023-04-29 08:00:00,1932.7150000000001
2023-04-29 09:00:00,1925.97
2023-04-29 10:00:00,1924.3274999999999
2023-04-29 11:00:00,1929.605
2023-04-29 12:00:00,1914.71
2023-04-29 13:00:00,1890.8425
2023-04-29 14:00:00,1923.04
2023-04-29 15:00:00,1925.6125
2023-04-29 16:00:00,1915.72
2023-04-29 17:00:00,1898.055
2023-04-29 18:00:00,1896.57
2023-04-29 19:00:00,1896.7075
2023-04-29 20:00:00,1894.6525
2023-04-29 21:00:00,1900.995
2023-04-29 22:00:00,1909.365
2023-04-29 23:00:00,1894.3225
2023-04-30 00:00:00,1902.425
2023-04-30 01:00:00,1910.6525000000001
2023-04-30 02:00:00,1931.01
2023-04-30 03:00:00,1928.4275
2023-04-30 04:00:00,1904.0575
2023-04-30 05:00:00,1874.6100000000001
2023-04-30 06:00:00,1894.9
2023-04-30 07:00:00,1907.39
2023-04-30 08:00:00,1907.6275
2023-04-30 09:00:00,1917.625
2023-04-30 10:00:00,1934.3075
2023-04-30 11:00:00,1886.4450000000002
2023-04-30 12:00:00,1834.215
2023-04-30 13:00:00,1839.35
2023-04-30 14:00:00,1847.6675
2023-04-30 15:00:00,1820.8125
2023-04-30 16:00:00,1798.225
2023-04-30 17:00:00,1853.6775
2023-04-30 18:00:00,1846.8799999999999
2023-04-30 19:00:00,1826.935
2023-04-30 20:00:00,1817.1025
2023-04-30 21:00:00,1810.56
2023-04-30 22:00:00,1802.7525
2023-04-30 23:00:00,1805.6875
2023-05-01 00:00:00,1795.805
2023-05-01 01:00:00,1794.9575
2023-05-01 02:00:00,1797.6825
2023-05-01 03:00:00,1795.3674999999998
2023-05-01 04:00:00,1785.865
2023-05-01 05:00:00,1777.9524999999999
2023-05-01 06:00:00,1764.0
2023-05-01 07:00:00,1775.54
2023-05-01 08:00:00,1820.53
2023-05-01 09:00:00,1839.65
2023-05-01 10:00:00,1849.9075
2023-05-01 11:00:00,1867.2925
2023-05-01 12:00:00,1854.3825
2023-05-01 13:00:00,1846.9275
2023-05-01 14:00:00,1848.145
2023-05-01 15:00:00,1842.0525
2023-05-01 16:00:00,1832.6475
2023-05-01 17:00:00,1822.1925
2023-05-01 18:00:00,1797.475
2023-05-01 19:00:00,1791.225
2023-05-01 20:00:00,1800.6875
2023-05-01 21:00:00,1804.105
2023-05-01 22:00:00,1809.7125
2023-05-01 23:00:00,1818.7825
2023-05-02 00:00:00,1819.9725
2023-05-02 01:00:00,1813.905
2023-05-02 02:00:00,1812.8175
2023-05-02 03:00:00,1811.5675
2023-05-02 04:00:00,1814.3675
2023-05-02 05:00:00,1818.8225
2023-05-02 06:00:00,1832.0875
2023-05-02 07:00:00,1849.015
2023-05-02 08:00:00,1860.6225
2023-05-02 09:00:00,1879.0375
2023-05-02 10:00:00,1895.4025
2023-05-02 11:00:00,1903.025
2023-05-02 12:00:00,1907.355
2023-05-02 13:00:00,1921.8575
2023-05-02 14:00:00,1911.8400000000001
2023-05-02 15:00:00,1891.5325
2023-05-02 16:00:00,1885.9975
2023-05-02 17:00:00,1884.79
2023-05-02 18:00:00,1869.42
2023-05-02 19:00:00,1857.1075
2023-05-02 20:00:00,1851.8825
2023-05-02 21:00:00,1845.6475
2023-05-02 22:00:00,1848.74
2023-05-02 23:00:00,1858.115
2023-05-03 00:00:00,1858.1875
2023-05-03 01:00:00,1857.3925
2023-05-03 02:00:00,1856.46
2023-05-03 03:00:00,1861.9175
2023-05-03 04:00:00,1857.4425
2023-05-03 05:00:00,1848.6
2023-05-03 06:00:00,1839.995
2023-05-03 07:00:00,1835.205
2023-05-03 08:00:00,1842.9225000000001
2023-05-03 09:00:00,1838.94
2023-05-03 10:00:00,1865.6525000000001
2023-05-03 11:00:00,1875.2150000000001
2023-05-03 12:00:00,1891.495
2023-05-03 13:00:00,1897.625
2023-05-03 14:00:00,1878.4075
2023-05-03 15:00:00,1878.955
2023-05-03 16:00:00,1805.415
2023-05-03 17:00:00,1837.7825
2023-05-03 18:00:00,1856.0125
2023-05-03 19:00:00,1830.505
2023-05-03 20:00:00,1825.4175
2023-05-03 21:00:00,1815.65
2023-05-03 22:00:00,1810.305
2023-05-03 23:00:00,1815.5225
2023-05-04 00:00:00,1806.545
2023-05-04 01:00:00,1803.7525
2023-05-04 02:00:00,1794.36
2023-05-04 03:00:00,1789.4425
2023-05-04 04:00:00,1767.3225
2023-05-04 05:00:00,1760.1775
2023-05-04 06:00:00,1752.06
2023-05-04 07:00:00,1744.97
2023-05-04 08:00:00,1786.0575
2023-05-04 09:00:00,1845.6625
2023-05-04 10:00:00,1847.2275
2023-05-04 11:00:00,1849.2575
2023-05-04 12:00:00,1867.165
2023-05-04 13:00:00,1850.0275
2023-05-04 14:00:00,1792.0225
2023-05-04 15:00:00,1800.3725
2023-05-04 16:00:00,1736.4425
2023-05-04 17:00:00,1734.0825
2023-05-04 18:00:00,1743.35
2023-05-04 19:00:00,1750.04
2023-05-04 20:00:00,1745.6125
2023-05-04 21:00:00,1756.2475
2023-05-04 22:00:00,1749.6399999999999
2023-05-04 23:00:00,1736.7375
2023-05-05 00:00:00,1736.8
2023-05-05 01:00:00,1712.0275000000001
2023-05-05 02:00:00,1707.045
2023-05-05 03:00:00,1696.8225
2023-05-05 04:00:00,1690.1625
2023-05-05 05:00:00,1683.6075
2023-05-05 06:00:00,1718.4075
2023-05-05 07:00:00,1723.165
2023-05-05 08:00:00,1733.8825
2023-05-05 09:00:00,1794.2225
2023-05-05 10:00:00,1809.035
2023-05-05 11:00:00,1812.4675
2023-05-05 12:00:00,1828.295
2023-05-05 13:00:00,1837.4775
2023-05-05 14:00:00,1832.585
2023-05-05 15:00:00,1801.02
2023-05-05 16:00:00,1751.7224999999999
2023-05-05 17:00:00,1703.6875
2023-05-05 18:00:00,1687.725
2023-05-05 19:00:00,1686.9375
2023-05-05 20:00:00,1703.615
2023-05-05 21:00:00,1708.9075
2023-05-05 22:00:00,1726.5175
2023-05-05 23:00:00,1766.07
2023-05-06 00:00:00,1774.1675
2023-05-06 01:00:00,1779.145
2023-05-06 02:00:00,1790.355
2023-05-06 03:00:00,1803.0775
2023-05-06 04:00:00,1823.245
2023-05-06 05:00:00,1839.72
2023-05-06 06:00:00,1866.89
2023-05-06 07:00:00,1867.1925
2023-05-06 08:00:00,1907.495
2023-05-06 09:00:00,1916.675
2023-05-06 10:00:00,1925.1
2023-05-06 11:00:00,1931.815
2023-05-06 12:00:00,1936.12
2023-05-06 13:00:00,1982.725
2023-05-06 14:00:00,1978.84
2023-05-06 15:00:00,1985.645
2023-05-06 16:00:00,1953.17
2023-05-06 17:00:00,1926.1375
2023-05-06 18:00:00,1895.7975
2023-05-06 19:00:00,1881.71
2023-05-06 20:00:00,1873.1100000000001
2023-05-06 21:00:00,1872.0774999999999
2023-05-06 22:00:00,1870.1625
2023-05-06 23:00:00,1867.65
2023-05-07 00:00:00,1868.1575
2023-05-07 01:00:00,1890.5025
2023-05-07 02:00:00,1880.455
2023-05-07 03:00:00,1869.29
2023-05-07 04:00:00,1850.7375
2023-05-07 05:00:00,1853.51
2023-05-07 06:00:00,1858.5425
2023-05-07 07:00:00,1867.3575
2023-05-07 08:00:00,1884.1675
2023-05-07 09:00:00,1915.445
2023-05-07 10:00:00,1929.3725
2023-05-07 11:00:00,1942.1475
2023-05-07 12:00:00,1911.815
2023-05-07 13:00:00,1893.37
2023-05-07 14:00:00,1907.5725
2023-05-07 15:00:00,1896.59
2023-05-07 16:00:00,1874.8400000000001
2023-05-07 17:00:00,1852.05
2023-05-07 18:00:00,1828.5225
2023-05-07 19:00:00,1848.3675
2023-05-07 20:00:00,1851.7275
2023-05-07 21:00:00,1847.7875
2023-05-07 22:00:00,1835.5925
2023-05-07 23:00:00,1830.185
2023-05-08 00:00:00,1842.39
2023-05-08 01:00:00,1843.1625
2023-05-08 02:00:00,1869.8725
2023-05-08 03:00:00,1887.845
2023-05-08 04:00:00,1880.1225
2023-05-08 05:00:00,1884.7475
2023-05-08 06:00:00,1877.9725
2023-05-08 07:00:00,1886.27
2023-05-08 08:00:00,1909.5425
2023-05-08 09:00:00,1929.7150000000001
2023-05-08 10:00:00,1955.5275000000001
2023-05-08 11:00:00,1984.915
2023-05-08 12:00:00,1962.5875
2023-05-08 13:00:00,1941.3925
2023-05-08 14:00:00,1939.2925
2023-05-08 15:00:00,1980.7975000000001
2023-05-08 16:00:00,1991.255
2023-05-08 17:00:00,1976.85
2023-05-08 18:00:00,1966.4375
2023-05-08 19:00:00,1956.1925
2023-05-08 20:00:00,1960.2375
2023-05-08 21:00:00,1970.28
2023-05-08 22:00:00,1990.525
2023-05-08 23:00:00,1993.3525
2023-05-09 00:00:00,1987.6825
2023-05-09 01:00:00,1982.9
2023-05-09 02:00:00,1975.42
2023-05-09 03:00:00,1972.71
2023-05-09 04:00:00,1965.97
2023-05-09 05:00:00,1968.745
2023-05-09 06:00:00,1978.0725
2023-05-09 07:00:00,1990.3000000000002
2023-05-09 08:00:00,2000.8375
2023-05-09 09:00:00,2015.0325
2023-05-09 10:00:00,1997.175
2023-05-09 11:00:00,1935.625
2023-05-09 12:00:00,1903.27
2023-05-09 13:00:00,1868.525
2023-05-09 14:00:00,1863.43
2023-05-09 15:00:00,1930.29
2023-05-09 16:00:00,2007.875
2023-05-09 17:00:00,1999.34
2023-05-09 18:00:00,1966.99
2023-05-09 19:00:00,1943.8274999999999
2023-05-09 20:00:00,1937.2075
2023-05-09 21:00:00,1946.535
2023-05-09 22:00:00,1964.31
2023-05-09 23:00:00,1975.5025
2023-05-10 00:00:00,1998.0774999999999
2023-05-10 01:00:00,1997.4125
2023-05-10 02:00:00,2001.8925
2023-05-10 03:00:00,1998.42
2023-05-10 04:00:00,1985.5
2023-05-10 05:00:00,1973.92
2023-05-10 06:00:00,1974.0175
2023-05-10 07:00:00,1955.4625
2023-05-10 08:00:00,1970.4525
2023-05-10 09:00:00,1988.0375
2023-05-10 10:00:00,2001.7975000000001
2023-05-10 11:00:00,2020.8049999999998
2023-05-10 12:00:00,2021.1625
2023-05-10 13:00:00,2012.9175
2023-05-10 14:00:00,1997.9475
2023-05-10 15:00:00,1996.4875
2023-05-10 16:00:00,1994.285
2023-05-10 17:00:00,1982.01
2023-05-10 18:00:00,1971.89
2023-05-10 19:00:00,1960.4724999999999
2023-05-10 20:00:00,1946.63
2023-05-10 21:00:00,1934.14
2023-05-10 22:00:00,1915.92
2023-05-10 23:00:00,1903.935
2023-05-11 00:00:00,1905.755
2023-05-11 01:00:00,1897.855
2023-05-11 02:00:00,1879.0125
2023-05-11 03:00:00,1859.7925
2023-05-11 04:00:00,1848.1925
2023-05-11 05:00:00,1848.795
2023-05-11 06:00:00,1843.58
2023-05-11 07:00:00,1813.8200000000002
2023-05-11 08:00:00,1800.0275
2023-05-11 09:00:00,1810.3775
2023-05-11 10:00:00,1823.78
2023-05-11 11:00:00,1833.5575
2023-05-11 12:00:00,1845.3200000000002
2023-05-11 13:00:00,1839.6625
2023-05-11 14:00:00,1839.295
2023-05-11 15:00:00,1859.6599999999999
2023-05-11 16:00:00,1877.025
2023-05-11 17:00:00,1871.6000000000001
2023-05-11 18:00:00,1859.92
2023-05-11 19:00:00,1848.5675
2023-05-11 20:00:00,1843.9025
2023-05-11 21:00:00,1834.0475
2023-05-11 22:00:00,1832.4575
2023-05-11 23:00:00,1830.835
2023-05-12 00:00:00,1837.5
2023-05-12 01:00:00,1836.6125
2023-05-12 02:00:00,1827.3899999999999
2023-05-12 03:00:00,1827.6575
2023-05-12 04:00:00,1855.9524999999999
2023-05-12 05:00:00,1864.745
2023-05-12 06:00:00,1862.7175
2023-05-12 07:00:00,1852.5175
2023-05-12 08:00:00,1891.7325
2023-05-12 09:00:00,1806.395
2023-05-12 10:00:00,1908.7125
2023-05-12 11:00:00,1929.275
2023-05-12 12:00:00,1954.2325
2023-05-12 13:00:00,1951.9025000000001
2023-05-12 14:00:00,1939.97
2023-05-12 15:00:00,1934.99
2023-05-12 16:00:00,1919.3725
2023-05-12 17:00:00,1903.6125
2023-05-12 18:00:00,1926.5425
2023-05-12 19:00:00,1931.7925
2023-05-12 20:00:00,1934.0974999999999
2023-05-12 21:00:00,1940.5774999999999
2023-05-12 22:00:00,1952.6625
2023-05-12 23:00:00,1963.5975
2023-05-13 00:00:00,1974.125
2023-05-13 01:00:00,1975.245
2023-05-13 02:00:00,1963.035
2023-05-13 03:00:00,1954.9524999999999
2023-05-13 04:00:00,1949.4275
2023-05-13 05:00:00,1936.8325
2023-05-13 06:00:00,1933.5475000000001
2023-05-13 07:00:00,1946.725
2023-05-13 08:00:00,1958.505
2023-05-13 09:00:00,1957.01
2023-05-13 10:00:00,1965.4850000000001
2023-05-13 11:00:00,1991.475
2023-05-13 12:00:00,2007.565
2023-05-13 13:00:00,2020.2875
2023-05-13 14:00:00,2025.065
2023-05-13 15:00:00,2005.5425
2023-05-13 16:00:00,1995.115
2023-05-13 17:00:00,1976.3400000000001
2023-05-13 18:00:00,1964.4375
2023-05-13 19:00:00,1950.6075
2023-05-13 20:00:00,1947.88
2023-05-13 21:00:00,1952.69
2023-05-13 22:00:00,1948.54
2023-05-13 23:00:00,1955.3375
2023-05-14 00:00:00,1965.8625
2023-05-14 01:00:00,1966.415
2023-05-14 02:00:00,1967.01
2023-05-14 03:00:00,1972.2475
2023-05-14 04:00:00,1965.18
2023-05-14 05:00:00,1951.0175
2023-05-14 06:00:00,1934.475
2023-05-14 07:00:00,1952.8875
2023-05-14 08:00:00,1960.5225
2023-05-14 09:00:00,1952.465
2023-05-14 10:00:00,1955.51
2023-05-14 11:00:00,1971.6475
2023-05-14 12:00:00,1988.38
2023-05-14 13:00:00,1988.5625
2023-05-14 14:00:00,2002.635
2023-05-14 15:00:00,1982.3925
2023-05-14 16:00:00,1961.115
2023-05-14 17:00:00,1959.21
2023-05-14 18:00:00,1954.2175000000002
2023-05-14 19:00:00,1943.51
2023-05-14 20:00:00,1938.9175
2023-05-14 21:00:00,1923.615
2023-05-14 22:00:00,1924.8725
2023-05-14 23:00:00,1945.1100000000001
2023-05-15 00:00:00,1968.085
2023-05-15 01:00:00,1984.0625
2023-05-15 02:00:00,1999.325
2023-05-15 03:00:00,2001.895
2023-05-15 04:00:00,1999.3600000000001
2023-05-15 05:00:00,2004.265
2023-05-15 06:00:00,2009.7175
2023-05-15 07:00:00,2009.8
2023-05-15 08:00:00,2010.2925
2023-05-15 09:00:00,2014.04
2023-05-15 10:00:00,2008.8200000000002
2023-05-15 11:00:00,2012.835
2023-05-15 12:00:00,2017.8474999999999
2023-05-15 13:00:00,1985.42
2023-05-15 14:00:00,1931.3975
2023-05-15 15:00:00,1917.9425
2023-05-15 16:00:00,1923.965
2023-05-15 17:00:00,1936.9775
2023-05-15 18:00:00,1908.0875
2023-05-15 19:00:00,1887.1975
2023-05-15 20:00:00,1869.8225
2023-05-15 21:00:00,1838.0425
2023-05-15 22:00:00,1848.8975
2023-05-15 23:00:00,1852.705
2023-05-16 00:00:00,1876.635
2023-05-16 01:00:00,1898.1125
2023-05-16 02:00:00,1909.615
2023-05-16 03:00:00,1908.3675
2023-05-16 04:00:00,1914.6075
2023-05-16 05:00:00,1918.695
2023-05-16 06:00:00,1912.25
2023-05-16 07:00:00,1909.695
2023-05-16 08:00:00,1909.44
2023-05-16 09:00:00,1913.3
2023-05-16 10:00:00,1925.69
2023-05-16 11:00:00,1921.7825
2023-05-16 12:00:00,1894.175
2023-05-16 13:00:00,1890.7275
2023-05-16 14:00:00,1925.4325
2023-05-16 15:00:00,1907.6525000000001
2023-05-16 16:00:00,1872.415
2023-05-16 17:00:00,1864.6025
2023-05-16 18:00:00,1868.865
2023-05-16 19:00:00,1872.69
2023-05-16 20:00:00,1869.92
2023-05-16 21:00:00,1893.165
2023-05-16 22:00:00,1916.93
2023-05-16 23:00:00,1915.7624999999998
2023-05-17 00:00:00,1940.0425
2023-05-17 01:00:00,1939.7175
2023-05-17 02:00:00,1940.4325
2023-05-17 03:00:00,1931.99
2023-05-17 04:00:00,1914.9225000000001
2023-05-17 05:00:00,1892.665
2023-05-17 06:00:00,1871.4125
2023-05-17 07:00:00,1858.67
2023-05-17 08:00:00,1844.05
2023-05-17 09:00:00,1828.8899999999999
2023-05-17 10:00:00,1816.6325
2023-05-17 11:00:00,1837.155
2023-05-17 12:00:00,1860.3275
2023-05-17 13:00:00,1869.27
2023-05-17 14:00:00,1847.275
2023-05-17 15:00:00,1843.68
2023-05-17 16:00:00,1841.7775000000001
2023-05-17 17:00:00,1836.075
2023-05-17 18:00:00,1818.19
2023-05-17 19:00:00,1811.0825
2023-05-17 20:00:00,1802.4075
2023-05-17 21:00:00,1809.4125
2023-05-17 22:00:00,1811.1975
2023-05-17 23:00:00,1815.9225000000001
2023-05-18 00:00:00,1819.175
2023-05-18 01:00:00,1822.8474999999999
2023-05-18 02:00:00,1839.58
2023-05-18 03:00:00,1855.7175
2023-05-18 04:00:00,1864.9075
2023-05-18 05:00:00,1857.5325
2023-05-18 06:00:00,1855.7
2023-05-18 07:00:00,1873.5325
2023-05-18 08:00:00,1900.2425
2023-05-18 09:00:00,1933.7575
2023-05-18 10:00:00,1949.0774999999999
2023-05-18 11:00:00,1939.19
2023-05-18 12:00:00,1896.1925
2023-05-18 13:00:00,1860.42
2023-05-18 14:00:00,1849.7024999999999
2023-05-18 15:00:00,1828.605
2023-05-18 16:00:00,1871.47
2023-05-18 17:00:00,1879.4524999999999
2023-05-18 18:00:00,1873.65
2023-05-18 19:00:00,1862.0775
2023-05-18 20:00:00,1850.68
2023-05-18 21:00:00,1853.58
2023-05-18 22:00:00,1856.6
2023-05-18 23:00:00,1862.5675
2023-05-19 00:00:00,1873.92
2023-05-19 01:00:00,1870.2575
2023-05-19 02:00:00,1877.3075000000001
2023-05-19 03:00:00,1883.095
2023-05-19 04:00:00,1878.26
2023-05-19 05:00:00,1866.31
2023-05-19 06:00:00,1861.3125
2023-05-19 07:00:00,1875.6025
2023-05-19 08:00:00,1898.275
2023-05-19 09:00:00,1922.3075
2023-05-19 10:00:00,1920.2024999999999
2023-05-19 11:00:00,1928.1575
2023-05-19 12:00:00,1947.635
2023-05-19 13:00:00,1955.4325
2023-05-19 14:00:00,1964.32
2023-05-19 15:00:00,1968.4375
2023-05-19 16:00:00,1950.645
2023-05-19 17:00:00,1917.32
2023-05-19 18:00:00,1891.565
2023-05-19 19:00:00,1886.17
2023-05-19 20:00:00,1885.6275
2023-05-19 21:00:00,1887.8525
2023-05-19 22:00:00,1892.9099999999999
2023-05-19 23:00:00,1898.5625
2023-05-20 00:00:00,1893.4724999999999
2023-05-20 01:00:00,1884.4850000000001
2023-05-20 02:00:00,1885.5425
2023-05-20 03:00:00,1887.6575
2023-05-20 04:00:00,1882.4275
2023-05-20 05:00:00,1872.76
2023-05-20 06:00:00,1871.2525
2023-05-20 07:00:00,1883.7675
2023-05-20 08:00:00,1901.3274999999999
2023-05-20 09:00:00,1922.03
2023-05-20 10:00:00,1933.075
2023-05-20 11:00:00,1931.415
2023-05-20 12:00:00,1944.1025
2023-05-20 13:00:00,1941.44
2023-05-20 14:00:00,1937.5025
2023-05-20 15:00:00,1916.32
2023-05-20 16:00:00,1904.895
2023-05-20 17:00:00,1877.2575
2023-05-20 18:00:00,1853.3575
2023-05-20 19:00:00,1828.76
2023-05-20 20:00:00,1818.13
2023-05-20 21:00:00,1820.0
2023-05-20 22:00:00,1818.47
2023-05-20 23:00:00,1816.2575
2023-05-21 00:00:00,1815.095
2023-05-21 01:00:00,1809.1775
2023-05-21 02:00:00,1802.9925
2023-05-21 03:00:00,1800.96
2023-05-21 04:00:00,1806.12
2023-05-21 05:00:00,1814.74
2023-05-21 06:00:00,1830.46
2023-05-21 07:00:00,1852.38
2023-05-21 08:00:00,1871.9099999999999
2023-05-21 09:00:00,1890.055
2023-05-21 10:00:00,1905.935
2023-05-21 11:00:00,1882.54
2023-05-21 12:00:00,1764.41
2023-05-21 13:00:00,1536.4625
2023-05-21 14:00:00,1549.0575000000001
2023-05-21 15:00:00,1619.1075
2023-05-21 16:00:00,1801.4025
2023-05-21 17:00:00,1818.1599999999999
2023-05-21 18:00:00,1797.5475
2023-05-21 19:00:00,1790.77
2023-05-21 20:00:00,1782.6925
2023-05-21 21:00:00,1788.7350000000001
2023-05-21 22:00:00,1798.4
2023-05-21 23:00:00,1814.4825
2023-05-22 00:00:00,1829.3775
2023-05-22 01:00:00,1850.9125
2023-05-22 02:00:00,1858.7975000000001
2023-05-22 03:00:00,1858.3825
2023-05-22 04:00:00,1859.0575
2023-05-22 05:00:00,1856.9375
2023-05-22 06:00:00,1866.055
2023-05-22 07:00:00,1877.9875
2023-05-22 08:00:00,1908.7625
2023-05-22 09:00:00,1957.84
2023-05-22 10:00:00,1939.0249999999999
2023-05-22 11:00:00,1927.0125
2023-05-22 12:00:00,1829.69
2023-05-22 13:00:00,1742.9875
2023-05-22 14:00:00,1743.035
2023-05-22 15:00:00,1766.9950000000001
2023-05-22 16:00:00,1813.4424999999999
2023-05-22 17:00:00,1931.6575
2023-05-22 18:00:00,1949.5
2023-05-22 19:00:00,1956.5
2023-05-22 20:00:00,1940.3125
2023-05-22 21:00:00,1947.8825
2023-05-22 22:00:00,1937.9850000000001
2023-05-22 23:00:00,1939.8325
2023-05-23 00:00:00,1941.09
2023-05-23 01:00:00,1959.5475000000001
2023-05-23 02:00:00,1966.0325
2023-05-23 03:00:00,1961.3049999999998
2023-05-23 04:00:00,1948.905
2023-05-23 05:00:00,1940.4625
2023-05-23 06:00:00,1935.7425
2023-05-23 07:00:00,1918.4975
2023-05-23 08:00:00,1916.3575
2023-05-23 09:00:00,1900.5725
2023-05-23 10:00:00,1881.135
2023-05-23 11:00:00,1894.0675
2023-05-23 12:00:00,1849.12
2023-05-23 13:00:00,1817.7325
2023-05-23 14:00:00,1820.1475
2023-05-23 15:00:00,1839.4099999999999
2023-05-23 16:00:00,1820.0875
2023-05-23 17:00:00,1906.0175000000002
2023-05-23 18:00:00,1937.9425
2023-05-23 19:00:00,1940.205
2023-05-23 20:00:00,1948.37
2023-05-23 21:00:00,1953.6975
2023-05-23 22:00:00,1957.88
2023-05-23 23:00:00,1974.6025
2023-05-24 00:00:00,2000.0125
2023-05-24 01:00:00,1998.9275
2023-05-24 02:00:00,1998.0875
2023-05-24 03:00:00,1986.885
2023-05-24 04:00:00,1979.2275
2023-05-24 05:00:00,1965.0149999999999
2023-05-24 06:00:00,1961.685
2023-05-24 07:00:00,1970.4225
2023-05-24 08:00:00,1912.53
2023-05-24 09:00:00,1976.4025000000001
2023-05-24 10:00:00,2009.71
2023-05-24 11:00:00,2009.77
2023-05-24 12:00:00,2006.615
2023-05-24 13:00:00,2011.5900000000001
2023-05-24 14:00:00,2009.615
2023-05-24 15:00:00,1998.865
2023-05-24 16:00:00,2004.575
2023-05-24 17:00:00,2000.41
2023-05-24 18:00:00,2000.835
2023-05-24 19:00:00,1997.9875
2023-05-24 20:00:00,1993.0425
2023-05-24 21:00:00,1985.9
2023-05-24 22:00:00,1979.6975
2023-05-24 23:00:00,1976.69
2023-05-25 00:00:00,1976.3475
2023-05-25 01:00:00,1972.67
2023-05-25 02:00:00,1967.1225
2023-05-25 03:00:00,1957.7125
2023-05-25 04:00:00,1945.125
2023-05-25 05:00:00,1938.9925
2023-05-25 06:00:00,1932.6200000000001
2023-05-25 07:00:00,1933.78
2023-05-25 08:00:00,1935.9225
2023-05-25 09:00:00,1929.075
2023-05-25 10:00:00,1927.8899999999999
2023-05-25 11:00:00,1906.755
2023-05-25 12:00:00,1919.02
2023-05-25 13:00:00,1936.62
2023-05-25 14:00:00,1949.0925
2023-05-25 15:00:00,1967.3125
2023-05-25 16:00:00,1995.6325
2023-05-25 17:00:00,1980.28
2023-05-25 18:00:00,1965.7925
2023-05-25 19:00:00,1963.4975
2023-05-25 20:00:00,1962.1725
2023-05-25 21:00:00,1969.67
2023-05-25 22:00:00,1967.365
2023-05-25 23:00:00,1961.3575
2023-05-26 00:00:00,1967.0325
2023-05-26 01:00:00,1965.75
2023-05-26 02:00:00,1968.6475
2023-05-26 03:00:00,1970.1075
2023-05-26 04:00:00,1963.9625
2023-05-26 05:00:00,1954.5625
2023-05-26 06:00:00,1947.2925
2023-05-26 07:00:00,1955.345
2023-05-26 08:00:00,1973.73
2023-05-26 09:00:00,1996.2275
2023-05-26 10:00:00,2022.925
2023-05-26 11:00:00,2041.9275
2023-05-26 12:00:00,2059.5525
2023-05-26 13:00:00,2067.855
2023-05-26 14:00:00,2068.7675
2023-05-26 15:00:00,2054.6375
2023-05-26 16:00:00,2024.4475
2023-05-26 17:00:00,2020.2075
2023-05-26 18:00:00,2005.99
2023-05-26 19:00:00,1990.8200000000002
2023-05-26 20:00:00,1978.8
2023-05-26 21:00:00,1982.3600000000001
2023-05-26 22:00:00,1986.7125
2023-05-26 23:00:00,1994.6625
2023-05-27 00:00:00,2010.9099999999999
2023-05-27 01:00:00,2009.0375
2023-05-27 02:00:00,2006.8600000000001
2023-05-27 03:00:00,1998.9325000000001
2023-05-27 04:00:00,1999.5974999999999
2023-05-27 05:00:00,2000.955
2023-05-27 06:00:00,2004.7875
2023-05-27 07:00:00,2022.8425
2023-05-27 08:00:00,2045.355
2023-05-27 09:00:00,2060.855
2023-05-27 10:00:00,2071.475
2023-05-27 11:00:00,2073.5150000000003
2023-05-27 12:00:00,2078.8675
2023-05-27 13:00:00,2022.1100000000001
2023-05-27 14:00:00,1994.6175
2023-05-27 15:00:00,1980.3225
2023-05-27 16:00:00,2009.7525
2023-05-27 17:00:00,2022.0025
2023-05-27 18:00:00,1999.8600000000001
2023-05-27 19:00:00,1984.69
2023-05-27 20:00:00,1975.8899999999999
2023-05-27 21:00:00,1976.105
2023-05-27 22:00:00,1979.8975
2023-05-27 23:00:00,1982.8925
2023-05-28 00:00:00,1989.7925
2023-05-28 01:00:00,1994.905
2023-05-28 02:00:00,1993.5075
2023-05-28 03:00:00,1983.92
2023-05-28 04:00:00,1976.065
2023-05-28 05:00:00,1982.5749999999998
2023-05-28 06:00:00,1993.8525
2023-05-28 07:00:00,1997.3400000000001
2023-05-28 08:00:00,2009.565
2023-05-28 09:00:00,2026.6
2023-05-28 10:00:00,2045.5575
2023-05-28 11:00:00,2011.4125
2023-05-28 12:00:00,1520.1275
2023-05-28 13:00:00,1451.01
2023-05-28 14:00:00,1449.0124999999998
2023-05-28 15:00:00,1429.285
2023-05-28 16:00:00,1890.935
2023-05-28 17:00:00,1998.57
2023-05-28 18:00:00,1984.2575
2023-05-28 19:00:00,1960.9075
2023-05-28 20:00:00,1940.92
2023-05-28 21:00:00,1943.4924999999998
2023-05-28 22:00:00,1922.12
2023-05-28 23:00:00,1876.555
2023-05-29 00:00:00,1854.0674999999999
2023-05-29 01:00:00,1878.6125
2023-05-29 02:00:00,1949.845
2023-05-29 03:00:00,1953.9775
2023-05-29 04:00:00,1950.125
2023-05-29 05:00:00,1957.0625
2023-05-29 06:00:00,1942.085
2023-05-29 07:00:00,1946.7350000000001
2023-05-29 08:00:00,1972.13
2023-05-29 09:00:00,1992.9475
2023-05-29 10:00:00,1991.21
2023-05-29 11:00:00,1922.3275
2023-05-29 12:00:00,1510.225
2023-05-29 13:00:00,1477.9175
2023-05-29 14:00:00,1457.2875
2023-05-29 15:00:00,1443.0275000000001
2023-05-29 16:00:00,1552.1625
2023-05-29 17:00:00,1897.2649999999999
2023-05-29 18:00:00,1911.8175
2023-05-29 19:00:00,1901.2475
2023-05-29 20:00:00,1894.745
2023-05-29 21:00:00,1894.6675
2023-05-29 22:00:00,1883.1825
2023-05-29 23:00:00,1872.115
2023-05-30 00:00:00,1876.165
2023-05-30 01:00:00,1876.12
2023-05-30 02:00:00,1888.2075
2023-05-30 03:00:00,1889.27
2023-05-30 04:00:00,1905.78
2023-05-30 05:00:00,1925.5774999999999
2023-05-30 06:00:00,1937.8675
2023-05-30 07:00:00,1962.895
2023-05-30 08:00:00,1963.02
2023-05-30 09:00:00,1942.85
2023-05-30 10:00:00,1890.3575
2023-05-30 11:00:00,1880.155
2023-05-30 12:00:00,1891.5125
2023-05-30 13:00:00,1888.8975
2023-05-30 14:00:00,1887.97
2023-05-30 15:00:00,1900.7825
2023-05-30 16:00:00,1940.88
2023-05-30 17:00:00,1933.2775
2023-05-30 18:00:00,1936.0825
2023-05-30 19:00:00,1925.3674999999998
2023-05-30 20:00:00,1914.2
2023-05-30 21:00:00,1917.5225
2023-05-30 22:00:00,1924.0149999999999
2023-05-30 23:00:00,1924.045
2023-05-31 00:00:00,1945.3
2023-05-31 01:00:00,1944.5675
2023-05-31 02:00:00,1945.22
2023-05-31 03:00:00,1932.3225
2023-05-31 04:00:00,1924.46
2023-05-31 05:00:00,1919.8625
2023-05-31 06:00:00,1914.7975000000001
2023-05-31 07:00:00,1934.0875
2023-05-31 08:00:00,1954.365
2023-05-31 09:00:00,1980.8925
2023-05-31 10:00:00,1928.655
2023-05-31 11:00:00,1923.4575
2023-05-31 12:00:00,1945.1825
2023-05-31 13:00:00,1928.7875
2023-05-31 14:00:00,1928.5525
2023-05-31 15:00:00,1899.6399999999999
2023-05-31 16:00:00,1926.795
2023-05-31 17:00:00,1935.1725000000001
2023-05-31 18:00:00,1955.3425
2023-05-31 19:00:00,1946.99
2023-05-31 20:00:00,1935.35
2023-05-31 21:00:00,1923.3775
2023-05-31 22:00:00,1917.9575
2023-05-31 23:00:00,1919.3249999999998
2023-06-01 00:00:00,1933.0725
2023-06-01 01:00:00,1943.4
2023-06-01 02:00:00,1934.27
2023-06-01 03:00:00,1935.7075
2023-06-01 04:00:00,1923.1375
2023-06-01 05:00:00,1925.4775
2023-06-01 06:00:00,1935.865
2023-06-01 07:00:00,1948.2125
2023-06-01 08:00:00,1964.0375
2023-06-01 09:00:00,1971.5275
2023-06-01 10:00:00,1982.1775
2023-06-01 11:00:00,1934.9675
2023-06-01 12:00:00,1953.1575
2023-06-01 13:00:00,1892.8
2023-06-01 14:00:00,1876.1325
2023-06-01 15:00:00,1887.73
2023-06-01 16:00:00,1948.6599999999999
2023-06-01 17:00:00,1941.3600000000001
2023-06-01 18:00:00,1924.7
2023-06-01 19:00:00,1929.04
2023-06-01 20:00:00,1920.6775
2023-06-01 21:00:00,1923.595
2023-06-01 22:00:00,1938.8899999999999
2023-06-01 23:00:00,1949.7375
2023-06-02 00:00:00,1959.1525
2023-06-02 01:00:00,1960.6825000000001
2023-06-02 02:00:00,1949.1125000000002
2023-06-02 03:00:00,1944.855
2023-06-02 04:00:00,1934.99
2023-06-02 05:00:00,1927.5625
2023-06-02 06:00:00,1940.2775
2023-06-02 07:00:00,1956.5275000000001
2023-06-02 08:00:00,1976.2275
2023-06-02 09:00:00,2007.7
2023-06-02 10:00:00,2032.3174999999999
2023-06-02 11:00:00,2017.055
2023-06-02 12:00:00,2033.97
2023-06-02 13:00:00,2040.2475
2023-06-02 14:00:00,2012.3875
2023-06-02 15:00:00,1993.085
2023-06-02 16:00:00,1987.4
2023-06-02 17:00:00,2007.1175
2023-06-02 18:00:00,1998.83
2023-06-02 19:00:00,1975.2825
2023-06-02 20:00:00,1961.5425
2023-06-02 21:00:00,1955.5175
2023-06-02 22:00:00,1957.4375
2023-06-02 23:00:00,1961.01
2023-06-03 00:00:00,1966.375
2023-06-03 01:00:00,1974.05
2023-06-03 02:00:00,1980.1799999999998
2023-06-03 03:00:00,1969.1675
2023-06-03 04:00:00,1956.5625
2023-06-03 05:00:00,1958.225
2023-06-03 06:00:00,1960.595
2023-06-03 07:00:00,1965.78
2023-06-03 08:00:00,1993.765
2023-06-03 09:00:00,2014.8125
2023-06-03 10:00:00,2000.33
2023-06-03 11:00:00,1964.15
2023-06-03 12:00:00,1849.16
2023-06-03 13:00:00,1786.43
2023-06-03 14:00:00,1766.9075
2023-06-03 15:00:00,1757.8425
2023-06-03 16:00:00,1955.9475
2023-06-03 17:00:00,1972.315
2023-06-03 18:00:00,1957.8075
2023-06-03 19:00:00,1930.9825
2023-06-03 20:00:00,1923.7975
2023-06-03 21:00:00,1918.6025
2023-06-03 22:00:00,1922.705
2023-06-03 23:00:00,1921.1425
2023-06-04 00:00:00,1928.8675
2023-06-04 01:00:00,1935.3575
2023-06-04 02:00:00,1941.1075
2023-06-04 03:00:00,1942.08
2023-06-04 04:00:00,1930.5525
2023-06-04 05:00:00,1929.5625
2023-06-04 06:00:00,1932.58
2023-06-04 07:00:00,1919.96
2023-06-04 08:00:00,1997.36
2023-06-04 09:00:00,1979.6025
2023-06-04 10:00:00,1983.19
2023-06-04 11:00:00,1982.4325
2023-06-04 12:00:00,1887.9724999999999
2023-06-04 13:00:00,1701.0925
2023-06-04 14:00:00,1690.085
2023-06-04 15:00:00,1748.56
2023-06-04 16:00:00,1805.8525
2023-06-04 17:00:00,1969.115
2023-06-04 18:00:00,1950.4825
2023-06-04 19:00:00,1937.0625
2023-06-04 20:00:00,1922.625
2023-06-04 21:00:00,1909.9
2023-06-04 22:00:00,1907.7825
2023-06-04 23:00:00,1908.22
2023-06-05 00:00:00,1905.205
2023-06-05 01:00:00,1925.72
2023-06-05 02:00:00,1919.7875
2023-06-05 03:00:00,1917.4450000000002
2023-06-05 04:00:00,1929.7875
2023-06-05 05:00:00,1943.7375
2023-06-05 06:00:00,1947.0725
2023-06-05 07:00:00,1948.6425
2023-06-05 08:00:00,1961.85
2023-06-05 09:00:00,1970.27
2023-06-05 10:00:00,1990.87
2023-06-05 11:00:00,1955.2375
2023-06-05 12:00:00,1959.325
2023-06-05 13:00:00,1963.5900000000001
2023-06-05 14:00:00,1948.325
2023-06-05 15:00:00,1948.3799999999999
2023-06-05 16:00:00,1949.4325
2023-06-05 17:00:00,1956.3075
2023-06-05 18:00:00,1981.9850000000001
2023-06-05 19:00:00,1977.52
2023-06-05 20:00:00,1974.1775
2023-06-05 21:00:00,1973.4650000000001
2023-06-05 22:00:00,1965.645
2023-06-05 23:00:00,1968.03
2023-06-06 00:00:00,1993.1425
2023-06-06 01:00:00,1980.2725
2023-06-06 02:00:00,1976.975
2023-06-06 03:00:00,1971.0375
2023-06-06 04:00:00,1975.2225
2023-06-06 05:00:00,1984.0700000000002
2023-06-06 06:00:00,1999.0225
2023-06-06 07:00:00,2030.815
2023-06-06 08:00:00,2031.3875
2023-06-06 09:00:00,2020.91
2023-06-06 10:00:00,2025.12
2023-06-06 11:00:00,2024.2375
2023-06-06 12:00:00,2007.2025
2023-06-06 13:00:00,1939.3274999999999
2023-06-06 14:00:00,1894.9725
2023-06-06 15:00:00,1882.56
2023-06-06 16:00:00,1913.51
2023-06-06 17:00:00,2022.71
2023-06-06 18:00:00,2044.7024999999999
2023-06-06 19:00:00,2035.83
2023-06-06 20:00:00,2031.8175
2023-06-06 21:00:00,2051.935
2023-06-06 22:00:00,2026.63
2023-06-06 23:00:00,2011.7775000000001
2023-06-07 00:00:00,1986.1125
2023-06-07 01:00:00,1974.195
2023-06-07 02:00:00,1953.4275
2023-06-07 03:00:00,1936.3975
2023-06-07 04:00:00,1942.7275
2023-06-07 05:00:00,1955.2325
2023-06-07 06:00:00,1981.2925
2023-06-07 07:00:00,1991.6025
2023-06-07 08:00:00,1979.6975
2023-06-07 09:00:00,1969.3725
2023-06-07 10:00:00,2047.4775
2023-06-07 11:00:00,2063.7425000000003
2023-06-07 12:00:00,1984.06
2023-06-07 13:00:00,1933.3274999999999
2023-06-07 14:00:00,1934.3274999999999
2023-06-07 15:00:00,1986.3175
2023-06-07 16:00:00,2038.37
2023-06-07 17:00:00,2011.7875000000001
2023-06-07 18:00:00,1974.055
2023-06-07 19:00:00,1969.6075
2023-06-07 20:00:00,1959.055
2023-06-07 21:00:00,1954.835
2023-06-07 22:00:00,1953.1925
2023-06-07 23:00:00,1951.585
2023-06-08 00:00:00,1955.7975000000001
2023-06-08 01:00:00,1948.5675
2023-06-08 02:00:00,1942.48
2023-06-08 03:00:00,1936.245
2023-06-08 04:00:00,1919.385
2023-06-08 05:00:00,1911.765
2023-06-08 06:00:00,1914.9524999999999
2023-06-08 07:00:00,1918.08
2023-06-08 08:00:00,1951.4175
2023-06-08 09:00:00,1966.02
2023-06-08 10:00:00,1986.4725
2023-06-08 11:00:00,2003.695
2023-06-08 12:00:00,2012.2175
2023-06-08 13:00:00,1997.58
2023-06-08 14:00:00,1995.2649999999999
2023-06-08 15:00:00,1996.6725000000001
2023-06-08 16:00:00,1958.055
2023-06-08 17:00:00,1952.7775
2023-06-08 18:00:00,1956.99
2023-06-08 19:00:00,1933.92
2023-06-08 20:00:00,1926.3075
2023-06-08 21:00:00,1928.6375
2023-06-08 22:00:00,1906.4225000000001
2023-06-08 23:00:00,1892.1125
2023-06-09 00:00:00,1916.065
2023-06-09 01:00:00,1915.9825
2023-06-09 02:00:00,1892.2350000000001
2023-06-09 03:00:00,1874.465
2023-06-09 04:00:00,1873.7475
2023-06-09 05:00:00,1877.675
2023-06-09 06:00:00,1892.1825
2023-06-09 07:00:00,1904.6425
2023-06-09 08:00:00,1893.52
2023-06-09 09:00:00,1967.12
2023-06-09 10:00:00,1904.615
2023-06-09 11:00:00,1895.5375
2023-06-09 12:00:00,1892.935
2023-06-09 13:00:00,1913.7925
2023-06-09 14:00:00,1988.68
2023-06-09 15:00:00,1974.425
2023-06-09 16:00:00,1950.3475
2023-06-09 17:00:00,1937.2625
2023-06-09 18:00:00,1922.13
2023-06-09 19:00:00,1914.46
2023-06-09 20:00:00,1898.85
2023-06-09 21:00:00,1897.1325
2023-06-09 22:00:00,1896.945
2023-06-09 23:00:00,1895.045
2023-06-10 00:00:00,1899.585
2023-06-10 01:00:00,1909.35
2023-06-10 02:00:00,1913.3825000000002
2023-06-10 03:00:00,1890.88
2023-06-10 04:00:00,1876.035
2023-06-10 05:00:00,1867.8325
2023-06-10 06:00:00,1871.6725000000001
2023-06-10 07:00:00,1882.4475
2023-06-10 08:00:00,1896.3075
2023-06-10 09:00:00,1903.9775
2023-06-10 10:00:00,1922.6675
2023-06-10 11:00:00,1930.2775
2023-06-10 12:00:00,1913.4375
2023-06-10 13:00:00,1892.3475
2023-06-10 14:00:00,1895.4475
2023-06-10 15:00:00,1899.71
2023-06-10 16:00:00,1883.575
2023-06-10 17:00:00,1871.6875
2023-06-10 18:00:00,1881.625
2023-06-10 19:00:00,1874.12
2023-06-10 20:00:00,1871.8525
2023-06-10 21:00:00,1868.4175
2023-06-10 22:00:00,1870.7025
2023-06-10 23:00:00,1869.8125
2023-06-11 00:00:00,1861.3575
2023-06-11 01:00:00,1868.5974999999999
2023-06-11 02:00:00,1867.4125
2023-06-11 03:00:00,1853.1075
2023-06-11 04:00:00,1851.65
2023-06-11 05:00:00,1845.3025
2023-06-11 06:00:00,1839.2725
2023-06-11 07:00:00,1857.4575
2023-06-11 08:00:00,1876.4075
2023-06-11 09:00:00,1883.73
2023-06-11 10:00:00,1918.1375
2023-06-11 11:00:00,1941.3975
2023-06-11 12:00:00,1900.7225
2023-06-11 13:00:00,1621.665
2023-06-11 14:00:00,1574.5675
2023-06-11 15:00:00,1799.7125
2023-06-11 16:00:00,1825.4425
2023-06-11 17:00:00,1884.02
2023-06-11 18:00:00,1884.3525
2023-06-11 19:00:00,1860.2075
2023-06-11 20:00:00,1848.97
2023-06-11 21:00:00,1846.2375000000002
2023-06-11 22:00:00,1845.69
2023-06-11 23:00:00,1844.3600000000001
2023-06-12 00:00:00,1832.085
2023-06-12 01:00:00,1832.3225
2023-06-12 02:00:00,1820.075
2023-06-12 03:00:00,1826.5925
2023-06-12 04:00:00,1835.9724999999999
2023-06-12 05:00:00,1849.965
2023-06-12 06:00:00,1862.875
2023-06-12 07:00:00,1875.245
2023-06-12 08:00:00,1897.94
2023-06-12 09:00:00,1913.4075
2023-06-12 10:00:00,1860.19
2023-06-12 11:00:00,1876.95
2023-06-12 12:00:00,1879.5525
2023-06-12 13:00:00,1785.095
2023-06-12 14:00:00,1784.9075
2023-06-12 15:00:00,1780.75
2023-06-12 16:00:00,1753.31
2023-06-12 17:00:00,1896.695
2023-06-12 18:00:00,1900.575
2023-06-12 19:00:00,1898.7
2023-06-12 20:00:00,1892.1475
2023-06-12 21:00:00,1895.51
2023-06-12 22:00:00,1904.85
2023-06-12 23:00:00,1913.82
2023-06-13 00:00:00,1916.44
2023-06-13 01:00:00,1917.93
2023-06-13 02:00:00,1911.185
2023-06-13 03:00:00,1893.3425
2023-06-13 04:00:00,1884.0575
2023-06-13 05:00:00,1873.9225000000001
2023-06-13 06:00:00,1880.72
2023-06-13 07:00:00,1908.2525
2023-06-13 08:00:00,1931.8125
2023-06-13 09:00:00,1937.6125
2023-06-13 10:00:00,1936.8375
2023-06-13 11:00:00,1871.655
2023-06-13 12:00:00,1839.3200000000002
2023-06-13 13:00:00,1798.335
2023-06-13 14:00:00,1795.045
2023-06-13 15:00:00,1789.62
2023-06-13 16:00:00,1773.9275
2023-06-13 17:00:00,1881.9625
2023-06-13 18:00:00,1859.885
2023-06-13 19:00:00,1836.4475
2023-06-13 20:00:00,1844.1525
2023-06-13 21:00:00,1856.525
2023-06-13 22:00:00,1846.7475
2023-06-13 23:00:00,1843.135
2023-06-14 00:00:00,1864.0325
2023-06-14 01:00:00,1866.0525
2023-06-14 02:00:00,1872.575
2023-06-14 03:00:00,1857.3675
2023-06-14 04:00:00,1843.2875
2023-06-14 05:00:00,1839.2525
2023-06-14 06:00:00,1835.565
2023-06-14 07:00:00,1848.8475
2023-06-14 08:00:00,1836.54
2023-06-14 09:00:00,1879.895
2023-06-14 10:00:00,1939.11
2023-06-14 11:00:00,1927.5774999999999
2023-06-14 12:00:00,1910.2575
2023-06-14 13:00:00,1901.7275
2023-06-14 14:00:00,1955.6925
2023-06-14 15:00:00,1948.7575
2023-06-14 16:00:00,1926.7925
2023-06-14 17:00:00,1887.4775
2023-06-14 18:00:00,1874.665
2023-06-14 19:00:00,1855.9175
2023-06-14 20:00:00,1852.7375
2023-06-14 21:00:00,1868.695
2023-06-14 22:00:00,1880.09
2023-06-14 23:00:00,1883.605
2023-06-15 00:00:00,1894.5225
2023-06-15 01:00:00,1892.0375
2023-06-15 02:00:00,1878.7275
2023-06-15 03:00:00,1863.77
2023-06-15 04:00:00,1845.99
2023-06-15 05:00:00,1833.835
2023-06-15 06:00:00,1848.5125
2023-06-15 07:00:00,1865.3425
2023-06-15 08:00:00,1871.4275
2023-06-15 09:00:00,1898.7275
2023-06-15 10:00:00,1910.1525000000001
2023-06-15 11:00:00,1925.41
2023-06-15 12:00:00,1930.05
2023-06-15 13:00:00,1908.6625
2023-06-15 14:00:00,1901.585
2023-06-15 15:00:00,1909.07
2023-06-15 16:00:00,1894.545
2023-06-15 17:00:00,1868.8400000000001
2023-06-15 18:00:00,1873.2350000000001
2023-06-15 19:00:00,1870.25
2023-06-15 20:00:00,1858.06
2023-06-15 21:00:00,1852.2975
2023-06-15 22:00:00,1846.0325
2023-06-15 23:00:00,1845.5025
2023-06-16 00:00:00,1858.795
2023-06-16 01:00:00,1858.1
2023-06-16 02:00:00,1849.08
2023-06-16 03:00:00,1836.06
2023-06-16 04:00:00,1833.3675
2023-06-16 05:00:00,1829.7975
2023-06-16 06:00:00,1827.3825
2023-06-16 07:00:00,1843.525
2023-06-16 08:00:00,1854.0825
2023-06-16 09:00:00,1856.82
2023-06-16 10:00:00,1869.79
2023-06-16 11:00:00,1852.6
2023-06-16 12:00:00,1862.125
2023-06-16 13:00:00,1877.1475
2023-06-16 14:00:00,1892.7275
2023-06-16 15:00:00,1892.495
2023-06-16 16:00:00,1860.625
2023-06-16 17:00:00,1849.0625
2023-06-16 18:00:00,1821.895
2023-06-16 19:00:00,1824.2725
2023-06-16 20:00:00,1819.9875
2023-06-16 21:00:00,1813.4025
2023-06-16 22:00:00,1808.895
2023-06-16 23:00:00,1799.455
2023-06-17 00:00:00,1797.07
2023-06-17 01:00:00,1800.265
2023-06-17 02:00:00,1798.1725000000001
2023-06-17 03:00:00,1794.47
2023-06-17 04:00:00,1794.3575
2023-06-17 05:00:00,1772.49
2023-06-17 06:00:00,1771.31
2023-06-17 07:00:00,1775.1675
2023-06-17 08:00:00,1781.6325
2023-06-17 09:00:00,1790.4425
2023-06-17 10:00:00,1801.935
2023-06-17 11:00:00,1786.8025
2023-06-17 12:00:00,1794.2525
2023-06-17 13:00:00,1796.355
2023-06-17 14:00:00,1789.13
2023-06-17 15:00:00,1777.81
2023-06-17 16:00:00,1754.4325
2023-06-17 17:00:00,1747.985
2023-06-17 18:00:00,1743.665
2023-06-17 19:00:00,1736.685
2023-06-17 20:00:00,1725.5375
2023-06-17 21:00:00,1720.3400000000001
2023-06-17 22:00:00,1709.5175
2023-06-17 23:00:00,1694.3
2023-06-18 00:00:00,1687.9775
2023-06-18 01:00:00,1691.1775
2023-06-18 02:00:00,1695.505
2023-06-18 03:00:00,1687.2125
2023-06-18 04:00:00,1678.9524999999999
2023-06-18 05:00:00,1684.2275
2023-06-18 06:00:00,1685.47
2023-06-18 07:00:00,1686.225
2023-06-18 08:00:00,1689.7925
2023-06-18 09:00:00,1696.6125
2023-06-18 10:00:00,1706.8674999999998
2023-06-18 11:00:00,1716.475
2023-06-18 12:00:00,1712.125
2023-06-18 13:00:00,1723.99
2023-06-18 14:00:00,1729.0975
2023-06-18 15:00:00,1724.25
2023-06-18 16:00:00,1714.325
2023-06-18 17:00:00,1688.24
2023-06-18 18:00:00,1671.19
2023-06-18 19:00:00,1665.6
2023-06-18 20:00:00,1665.855
2023-06-18 21:00:00,1651.7450000000001
2023-06-18 22:00:00,1644.355
2023-06-18 23:00:00,1640.7350000000001
2023-06-19 00:00:00,1633.3999999999999
2023-06-19 01:00:00,1632.0375
2023-06-19 02:00:00,1630.0325
2023-06-19 03:00:00,1609.2975
2023-06-19 04:00:00,1592.6975
2023-06-19 05:00:00,1582.5725
2023-06-19 06:00:00,1587.5025
2023-06-19 07:00:00,1591.28
2023-06-19 08:00:00,1599.2
2023-06-19 09:00:00,1615.8600000000001
2023-06-19 10:00:00,1637.385
2023-06-19 11:00:00,1674.415
2023-06-19 12:00:00,1703.7175
2023-06-19 13:00:00,1721.8400000000001
2023-06-19 14:00:00,1732.935
2023-06-19 15:00:00,1721.815
2023-06-19 16:00:00,1703.83
2023-06-19 17:00:00,1684.4575
2023-06-19 18:00:00,1664.4025
2023-06-19 19:00:00,1660.2225
2023-06-19 20:00:00,1652.655
2023-06-19 21:00:00,1648.87
2023-06-19 22:00:00,1653.4
2023-06-19 23:00:00,1661.1375
2023-06-20 00:00:00,1676.6975
2023-06-20 01:00:00,1684.815
2023-06-20 02:00:00,1694.5075
2023-06-20 03:00:00,1700.5425
2023-06-20 04:00:00,1726.595
2023-06-20 05:00:00,1719.95
2023-06-20 06:00:00,1727.605
2023-06-20 07:00:00,1745.7575
2023-06-20 08:00:00,1769.21
2023-06-20 09:00:00,1804.595
2023-06-20 10:00:00,1805.2425
2023-06-20 11:00:00,1849.2875
2023-06-20 12:00:00,1878.745
2023-06-20 13:00:00,1888.635
2023-06-20 14:00:00,1878.56
2023-06-20 15:00:00,1866.465
2023-06-20 16:00:00,1840.1925
2023-06-20 17:00:00,1825.695
2023-06-20 18:00:00,1805.0475000000001
2023-06-20 19:00:00,1795.195
2023-06-20 20:00:00,1788.9725
2023-06-20 21:00:00,1811.0925
2023-06-20 22:00:00,1831.7925
2023-06-20 23:00:00,1845.7575
2023-06-21 00:00:00,1868.7925
2023-06-21 01:00:00,1872.1999999999998
2023-06-21 02:00:00,1862.94
2023-06-21 03:00:00,1855.355
2023-06-21 04:00:00,1842.8275
2023-06-21 05:00:00,1825.215
2023-06-21 06:00:00,1831.53
2023-06-21 07:00:00,1858.36
2023-06-21 08:00:00,1881.9875
2023-06-21 09:00:00,1918.46
2023-06-21 10:00:00,1949.775
2023-06-21 11:00:00,1964.88
2023-06-21 12:00:00,1972.1025
2023-06-21 13:00:00,1964.4575
2023-06-21 14:00:00,1940.215
2023-06-21 15:00:00,1941.8025
2023-06-21 16:00:00,1934.6375
2023-06-21 17:00:00,1905.2925
2023-06-21 18:00:00,1869.78
2023-06-21 19:00:00,1876.765
2023-06-21 20:00:00,1880.92
2023-06-21 21:00:00,1870.345
2023-06-21 22:00:00,1883.4650000000001
2023-06-21 23:00:00,1901.125
2023-06-22 00:00:00,1929.9225000000001
2023-06-22 01:00:00,1920.32
2023-06-22 02:00:00,1905.7075
2023-06-22 03:00:00,1893.9099999999999
2023-06-22 04:00:00,1895.24
2023-06-22 05:00:00,1916.6625
2023-06-22 06:00:00,1937.5825
2023-06-22 07:00:00,1931.9925
2023-06-22 08:00:00,1925.84
2023-06-22 09:00:00,1934.1775
2023-06-22 10:00:00,1986.9925
2023-06-22 11:00:00,2000.88
2023-06-22 12:00:00,2008.7575000000002
2023-06-22 13:00:00,2013.7275
2023-06-22 14:00:00,1974.695
2023-06-22 15:00:00,1953.23
2023-06-22 16:00:00,1944.9325
2023-06-22 17:00:00,1932.4175
2023-06-22 18:00:00,1904.9975
2023-06-22 19:00:00,1897.6399999999999
2023-06-22 20:00:00,1894.5825
2023-06-22 21:00:00,1897.03
2023-06-22 22:00:00,1906.3925
2023-06-22 23:00:00,1915.6625
2023-06-23 00:00:00,1909.875
2023-06-23 01:00:00,1880.7350000000001
2023-06-23 02:00:00,1865.9825
2023-06-23 03:00:00,1883.4875
2023-06-23 04:00:00,1886.475
2023-06-23 05:00:00,1887.6725
2023-06-23 06:00:00,1913.9475
2023-06-23 07:00:00,1917.26
2023-06-23 08:00:00,1898.655
2023-06-23 09:00:00,1908.4
2023-06-23 10:00:00,1923.7475
2023-06-23 11:00:00,1953.17
2023-06-23 12:00:00,1982.395
2023-06-23 13:00:00,1936.8425
2023-06-23 14:00:00,1941.5
2023-06-23 15:00:00,1968.9524999999999
2023-06-23 16:00:00,1963.4075
2023-06-23 17:00:00,1978.8375
2023-06-23 18:00:00,1979.3775
2023-06-23 19:00:00,1946.35
2023-06-23 20:00:00,1940.18
2023-06-23 21:00:00,1937.0149999999999
2023-06-23 22:00:00,1921.1075
2023-06-23 23:00:00,1890.855
2023-06-24 00:00:00,1878.8425
2023-06-24 01:00:00,1918.1675
2023-06-24 02:00:00,1924.5774999999999
2023-06-24 03:00:00,1922.24
2023-06-24 04:00:00,1915.48
2023-06-24 05:00:00,1913.3899999999999
2023-06-24 06:00:00,1914.625
2023-06-24 07:00:00,1912.5925
2023-06-24 08:00:00,1908.9724999999999
2023-06-24 09:00:00,1912.0049999999999
2023-06-24 10:00:00,1937.125
2023-06-24 11:00:00,1955.6775
2023-06-24 12:00:00,1969.46
2023-06-24 13:00:00,1987.9575
2023-06-24 14:00:00,1994.255
2023-06-24 15:00:00,1975.6425
2023-06-24 16:00:00,1946.5425
2023-06-24 17:00:00,1919.6025
2023-06-24 18:00:00,1894.6675
2023-06-24 19:00:00,1876.65
2023-06-24 20:00:00,1859.595
2023-06-24 21:00:00,1857.1325
2023-06-24 22:00:00,1856.4375
2023-06-24 23:00:00,1842.0575
2023-06-25 00:00:00,1826.6475
2023-06-25 01:00:00,1825.58
2023-06-25 02:00:00,1814.1375
2023-06-25 03:00:00,1799.08
2023-06-25 04:00:00,1783.77
2023-06-25 05:00:00,1771.1825000000001
2023-06-25 06:00:00,1770.125
2023-06-25 07:00:00,1778.585
2023-06-25 08:00:00,1783.85
2023-06-25 09:00:00,1811.6825
2023-06-25 10:00:00,1837.1025
2023-06-25 11:00:00,1836.635
2023-06-25 12:00:00,1819.455
2023-06-25 13:00:00,1818.4475
2023-06-25 14:00:00,1808.195
2023-06-25 15:00:00,1787.8575
2023-06-25 16:00:00,1781.075
2023-06-25 17:00:00,1766.7
2023-06-25 18:00:00,1736.5725
2023-06-25 19:00:00,1718.4
2023-06-25 20:00:00,1709.9099999999999
2023-06-25 21:00:00,1704.3675
2023-06-25 22:00:00,1692.21
2023-06-25 23:00:00,1673.7625
2023-06-26 00:00:00,1665.5625
2023-06-26 01:00:00,1652.095
2023-06-26 02:00:00,1669.8575
2023-06-26 03:00:00,1664.895
2023-06-26 04:00:00,1650.81
2023-06-26 05:00:00,1661.4075
2023-06-26 06:00:00,1676.0175
2023-06-26 07:00:00,1712.5
2023-06-26 08:00:00,1734.98
2023-06-26 09:00:00,1755.5149999999999
2023-06-26 10:00:00,1787.87
2023-06-26 11:00:00,1792.81
2023-06-26 12:00:00,1787.455
2023-06-26 13:00:00,1781.735
2023-06-26 14:00:00,1775.0525
2023-06-26 15:00:00,1750.295
2023-06-26 16:00:00,1729.5
2023-06-26 17:00:00,1708.355
2023-06-26 18:00:00,1677.5025
2023-06-26 19:00:00,1651.3474999999999
2023-06-26 20:00:00,1649.89
2023-06-26 21:00:00,1652.2775000000001
2023-06-26 22:00:00,1688.81
2023-06-26 23:00:00,1649.4625
2023-06-27 00:00:00,1605.565
2023-06-27 01:00:00,1611.635
2023-06-27 02:00:00,1608.28
2023-06-27 03:00:00,1569.4825
2023-06-27 04:00:00,1550.635
2023-06-27 05:00:00,1557.3975
2023-06-27 06:00:00,1550.6675
2023-06-27 07:00:00,1543.5375
2023-06-27 08:00:00,1555.9275
2023-06-27 09:00:00,1587.5025
2023-06-27 10:00:00,1644.175
2023-06-27 11:00:00,1691.1925
2023-06-27 12:00:00,1730.9225000000001
2023-06-27 13:00:00,1723.1775
2023-06-27 14:00:00,1741.145
2023-06-27 15:00:00,1755.9275
2023-06-27 16:00:00,1792.6025
2023-06-27 17:00:00,1774.7024999999999
2023-06-27 18:00:00,1770.1675
2023-06-27 19:00:00,1764.9524999999999
2023-06-27 20:00:00,1758.1725000000001
2023-06-27 21:00:00,1725.8374999999999
2023-06-27 22:00:00,1737.48
2023-06-27 23:00:00,1684.1374999999998
2023-06-28 00:00:00,1669.5925
2023-06-28 01:00:00,1669.7525
2023-06-28 02:00:00,1678.4225000000001
2023-06-28 03:00:00,1670.7275
2023-06-28 04:00:00,1669.0425
2023-06-28 05:00:00,1661.95
2023-06-28 06:00:00,1652.4650000000001
2023-06-28 07:00:00,1654.04
2023-06-28 08:00:00,1703.895
2023-06-28 09:00:00,1741.1575
2023-06-28 10:00:00,1751.805
2023-06-28 11:00:00,1759.0
2023-06-28 12:00:00,1754.6375
2023-06-28 13:00:00,1741.6425
2023-06-28 14:00:00,1750.255
2023-06-28 15:00:00,1733.2024999999999
2023-06-28 16:00:00,1717.8425
2023-06-28 17:00:00,1712.9425
2023-06-28 18:00:00,1675.6975
2023-06-28 19:00:00,1673.94
2023-06-28 20:00:00,1689.3575
2023-06-28 21:00:00,1706.7275
2023-06-28 22:00:00,1709.1575
2023-06-28 23:00:00,1717.9575
2023-06-29 00:00:00,1712.7525
2023-06-29 01:00:00,1706.2825
2023-06-29 02:00:00,1700.705
2023-06-29 03:00:00,1693.44
2023-06-29 04:00:00,1688.2024999999999
2023-06-29 05:00:00,1694.1825
2023-06-29 06:00:00,1680.2825
2023-06-29 07:00:00,1653.885
2023-06-29 08:00:00,1638.725
2023-06-29 09:00:00,1651.5275000000001
2023-06-29 10:00:00,1725.2250000000001
2023-06-29 11:00:00,1745.465
2023-06-29 12:00:00,1749.295
2023-06-29 13:00:00,1746.77
2023-06-29 14:00:00,1747.1975
2023-06-29 15:00:00,1728.9750000000001
2023-06-29 16:00:00,1702.9075
2023-06-29 17:00:00,1688.2525
2023-06-29 18:00:00,1669.5125
2023-06-29 19:00:00,1659.2525
2023-06-29 20:00:00,1653.72
2023-06-29 21:00:00,1647.8925
2023-06-29 22:00:00,1646.2024999999999
2023-06-29 23:00:00,1647.2375
2023-06-30 00:00:00,1650.0
2023-06-30 01:00:00,1652.975
2023-06-30 02:00:00,1656.6875
2023-06-30 03:00:00,1653.03
2023-06-30 04:00:00,1645.085
2023-06-30 05:00:00,1636.1575
2023-06-30 06:00:00,1649.4275
2023-06-30 07:00:00,1639.6875
2023-06-30 08:00:00,1649.7375
2023-06-30 09:00:00,1661.3825
2023-06-30 10:00:00,1671.255
2023-06-30 11:00:00,1690.235
2023-06-30 12:00:00,1696.615
2023-06-30 13:00:00,1725.4625
2023-06-30 14:00:00,1745.06
2023-06-30 15:00:00,1731.7825
2023-06-30 16:00:00,1735.0125
2023-06-30 17:00:00,1712.135
2023-06-30 18:00:00,1700.5375
2023-06-30 19:00:00,1699.7875
2023-06-30 20:00:00,1697.7549999999999
2023-06-30 21:00:00,1706.1875
2023-06-30 22:00:00,1719.7375
2023-06-30 23:00:00,1738.73
2023-07-01 00:00:00,1773.455
2023-07-01 01:00:00,1788.0925
2023-07-01 02:00:00,1799.12
2023-07-01 03:00:00,1786.0525
2023-07-01 04:00:00,1788.7975
2023-07-01 05:00:00,1787.6399999999999
2023-07-01 06:00:00,1775.4
2023-07-01 07:00:00,1778.135
2023-07-01 08:00:00,1800.505
2023-07-01 09:00:00,1818.54
2023-07-01 10:00:00,1839.5774999999999
2023-07-01 11:00:00,1852.745
2023-07-01 12:00:00,1879.5825
2023-07-01 13:00:00,1899.2475
2023-07-01 14:00:00,1876.935
2023-07-01 15:00:00,1891.69
2023-07-01 16:00:00,1874.9250000000002
2023-07-01 17:00:00,1850.6875
2023-07-01 18:00:00,1835.395
2023-07-01 19:00:00,1824.3325
2023-07-01 20:00:00,1822.475
2023-07-01 21:00:00,1812.3875
2023-07-01 22:00:00,1797.0925
2023-07-01 23:00:00,1791.85
2023-07-02 00:00:00,1784.5175
2023-07-02 01:00:00,1767.915
2023-07-02 02:00:00,1765.69
2023-07-02 03:00:00,1764.5475000000001
2023-07-02 04:00:00,1752.16
2023-07-02 05:00:00,1742.525
2023-07-02 06:00:00,1729.6125000000002
2023-07-02 07:00:00,1719.7975000000001
2023-07-02 08:00:00,1725.2575000000002
2023-07-02 09:00:00,1703.4975
2023-07-02 10:00:00,1463.65
2023-07-02 11:00:00,1380.6675
2023-07-02 12:00:00,1280.9325
2023-07-02 13:00:00,1264.1575
2023-07-02 14:00:00,1261.395
2023-07-02 15:00:00,1253.9025000000001
2023-07-02 16:00:00,1247.0725
2023-07-02 17:00:00,1417.7975000000001
2023-07-02 18:00:00,1531.88
2023-07-02 19:00:00,1549.6825
2023-07-02 20:00:00,1546.6725000000001
2023-07-02 21:00:00,1539.025
2023-07-02 22:00:00,1528.395
2023-07-02 23:00:00,1522.5575
2023-07-03 00:00:00,1518.6575
2023-07-03 01:00:00,1519.3775
2023-07-03 02:00:00,1516.42
2023-07-03 03:00:00,1508.4425
2023-07-03 04:00:00,1515.63
2023-07-03 05:00:00,1525.375
2023-07-03 06:00:00,1522.9975
2023-07-03 07:00:00,1560.72
2023-07-03 08:00:00,1583.245
2023-07-03 09:00:00,1603.635
2023-07-03 10:00:00,1617.3525
2023-07-03 11:00:00,1623.32
2023-07-03 12:00:00,1634.9875
2023-07-03 13:00:00,1650.28
2023-07-03 14:00:00,1651.32
2023-07-03 15:00:00,1669.48
2023-07-03 16:00:00,1665.3899999999999
2023-07-03 17:00:00,1651.65
2023-07-03 18:00:00,1620.4825
2023-07-03 19:00:00,1617.9975
2023-07-03 20:00:00,1608.3675
2023-07-03 21:00:00,1599.285
2023-07-03 22:00:00,1597.51
2023-07-03 23:00:00,1590.7775
2023-07-04 00:00:00,1595.175
2023-07-04 01:00:00,1603.3975
2023-07-04 02:00:00,1608.5425
2023-07-04 03:00:00,1604.2675
2023-07-04 04:00:00,1601.4825
2023-07-04 05:00:00,1609.1875
2023-07-04 06:00:00,1615.31
2023-07-04 07:00:00,1624.4225000000001
2023-07-04 08:00:00,1627.2725
2023-07-04 09:00:00,1659.8125
2023-07-04 10:00:00,1650.245
2023-07-04 11:00:00,1670.17
2023-07-04 12:00:00,1684.4875
2023-07-04 13:00:00,1691.1924999999999
2023-07-04 14:00:00,1684.245
2023-07-04 15:00:00,1678.65
2023-07-04 16:00:00,1664.8200000000002
2023-07-04 17:00:00,1653.8075
2023-07-04 18:00:00,1633.3175
2023-07-04 19:00:00,1617.95
2023-07-04 20:00:00,1610.4450000000002
2023-07-04 21:00:00,1595.575
2023-07-04 22:00:00,1617.4325
2023-07-04 23:00:00,1636.835
2023-07-05 00:00:00,1644.315
2023-07-05 01:00:00,1644.0549999999998
2023-07-05 02:00:00,1648.0900000000001
2023-07-05 03:00:00,1655.615
2023-07-05 04:00:00,1669.5025
2023-07-05 05:00:00,1694.4675
2023-07-05 06:00:00,1711.0
2023-07-05 07:00:00,1725.2800000000002
2023-07-05 08:00:00,1744.48
2023-07-05 09:00:00,1759.8975
2023-07-05 10:00:00,1752.355
2023-07-05 11:00:00,1751.9275
2023-07-05 12:00:00,1741.405
2023-07-05 13:00:00,1735.4925
2023-07-05 14:00:00,1716.1225
2023-07-05 15:00:00,1695.73
2023-07-05 16:00:00,1723.58
2023-07-05 17:00:00,1732.2125
2023-07-05 18:00:00,1754.1375
2023-07-05 19:00:00,1760.0325
2023-07-05 20:00:00,1754.19
2023-07-05 21:00:00,1751.975
2023-07-05 22:00:00,1751.58
2023-07-05 23:00:00,1736.4575
2023-07-06 00:00:00,1726.5875
2023-07-06 01:00:00,1721.3600000000001
2023-07-06 02:00:00,1717.965
2023-07-06 03:00:00,1723.8449999999998
2023-07-06 04:00:00,1735.07
2023-07-06 05:00:00,1740.8025
2023-07-06 06:00:00,1739.98
2023-07-06 07:00:00,1756.5875
2023-07-06 08:00:00,1765.5225
2023-07-06 09:00:00,1788.7975
2023-07-06 10:00:00,1799.2375
2023-07-06 11:00:00,1805.505
2023-07-06 12:00:00,1826.3225
2023-07-06 13:00:00,1839.8625
2023-07-06 14:00:00,1849.875
2023-07-06 15:00:00,1829.115
2023-07-06 16:00:00,1806.675
2023-07-06 17:00:00,1788.4275
2023-07-06 18:00:00,1760.77
2023-07-06 19:00:00,1734.0575
2023-07-06 20:00:00,1716.9075
2023-07-06 21:00:00,1717.7075
2023-07-06 22:00:00,1734.135
2023-07-06 23:00:00,1741.0
2023-07-07 00:00:00,1749.445
2023-07-07 01:00:00,1766.075
2023-07-07 02:00:00,1771.145
2023-07-07 03:00:00,1761.52
2023-07-07 04:00:00,1749.0675
2023-07-07 05:00:00,1740.8274999999999
2023-07-07 06:00:00,1730.7975000000001
2023-07-07 07:00:00,1728.0349999999999
2023-07-07 08:00:00,1749.9950000000001
2023-07-07 09:00:00,1777.2875
2023-07-07 10:00:00,1796.9225
2023-07-07 11:00:00,1811.6625
2023-07-07 12:00:00,1817.385
2023-07-07 13:00:00,1810.1625
2023-07-07 14:00:00,1798.73
2023-07-07 15:00:00,1782.3975
2023-07-07 16:00:00,1760.495
2023-07-07 17:00:00,1734.9575
2023-07-07 18:00:00,1687.7625
2023-07-07 19:00:00,1666.8875
2023-07-07 20:00:00,1657.115
2023-07-07 21:00:00,1652.59
2023-07-07 22:00:00,1636.1924999999999
2023-07-07 23:00:00,1611.9475
2023-07-08 00:00:00,1607.5774999999999
2023-07-08 01:00:00,1593.9325
2023-07-08 02:00:00,1571.3675
2023-07-08 03:00:00,1530.375
2023-07-08 04:00:00,1507.1775
2023-07-08 05:00:00,1514.2125
2023-07-08 06:00:00,1517.4850000000001
2023-07-08 07:00:00,1520.725
2023-07-08 08:00:00,1535.4125
2023-07-08 09:00:00,1536.2075
2023-07-08 10:00:00,1542.08
2023-07-08 11:00:00,1550.9825
2023-07-08 12:00:00,1577.65
2023-07-08 13:00:00,1599.055
2023-07-08 14:00:00,1614.1775
2023-07-08 15:00:00,1605.0025
2023-07-08 16:00:00,1579.75
2023-07-08 17:00:00,1554.005
2023-07-08 18:00:00,1536.03
2023-07-08 19:00:00,1535.9675
2023-07-08 20:00:00,1509.3225
2023-07-08 21:00:00,1487.345
2023-07-08 22:00:00,1470.6175
2023-07-08 23:00:00,1446.0125
2023-07-09 00:00:00,1439.9775
2023-07-09 01:00:00,1453.0625
2023-07-09 02:00:00,1448.2350000000001
2023-07-09 03:00:00,1449.8
2023-07-09 04:00:00,1448.5125
2023-07-09 05:00:00,1428.045
2023-07-09 06:00:00,1464.2775000000001
2023-07-09 07:00:00,1480.8525
2023-07-09 08:00:00,1503.7675
2023-07-09 09:00:00,1536.33
2023-07-09 10:00:00,1562.4825
2023-07-09 11:00:00,1577.7675
2023-07-09 12:00:00,1589.6
2023-07-09 13:00:00,1598.9325
2023-07-09 14:00:00,1587.63
2023-07-09 15:00:00,1569.52
2023-07-09 16:00:00,1556.6575
2023-07-09 17:00:00,1536.23
2023-07-09 18:00:00,1524.62
2023-07-09 19:00:00,1513.7575
2023-07-09 20:00:00,1522.1475
2023-07-09 21:00:00,1517.3575
2023-07-09 22:00:00,1500.42
2023-07-09 23:00:00,1483.1975
2023-07-10 00:00:00,1475.335
2023-07-10 01:00:00,1485.5275000000001
2023-07-10 02:00:00,1481.76
2023-07-10 03:00:00,1488.0925
2023-07-10 04:00:00,1472.395
2023-07-10 05:00:00,1466.7925
2023-07-10 06:00:00,1497.405
2023-07-10 07:00:00,1501.895
2023-07-10 08:00:00,1509.8899999999999
2023-07-10 09:00:00,1542.595
2023-07-10 10:00:00,1555.4775
2023-07-10 11:00:00,1541.365
2023-07-10 12:00:00,1546.4225
2023-07-10 13:00:00,1621.76
2023-07-10 14:00:00,1642.1525000000001
2023-07-10 15:00:00,1645.92
2023-07-10 16:00:00,1641.88
2023-07-10 17:00:00,1634.3725
2023-07-10 18:00:00,1615.2424999999998
2023-07-10 19:00:00,1597.34
2023-07-10 20:00:00,1584.7649999999999
2023-07-10 21:00:00,1570.835
2023-07-10 22:00:00,1563.8675
2023-07-10 23:00:00,1592.29
2023-07-11 00:00:00,1604.115
2023-07-11 01:00:00,1622.45
2023-07-11 02:00:00,1629.385
2023-07-11 03:00:00,1631.205
2023-07-11 04:00:00,1629.4275
2023-07-11 05:00:00,1624.5974999999999
2023-07-11 06:00:00,1622.8899999999999
2023-07-11 07:00:00,1633.83
2023-07-11 08:00:00,1635.475
2023-07-11 09:00:00,1620.73
2023-07-11 10:00:00,1620.9425
2023-07-11 11:00:00,1651.0825
2023-07-11 12:00:00,1630.81
2023-07-11 13:00:00,1640.85
2023-07-11 14:00:00,1636.25
2023-07-11 15:00:00,1614.2725
2023-07-11 16:00:00,1591.9375
2023-07-11 17:00:00,1607.9125
2023-07-11 18:00:00,1595.4850000000001
2023-07-11 19:00:00,1577.92
2023-07-11 20:00:00,1565.8025
2023-07-11 21:00:00,1556.4475
2023-07-11 22:00:00,1554.345
2023-07-11 23:00:00,1581.915
2023-07-12 00:00:00,1538.25
2023-07-12 01:00:00,1586.975
2023-07-12 02:00:00,1614.0175
2023-07-12 03:00:00,1614.8600000000001
2023-07-12 04:00:00,1614.89
2023-07-12 05:00:00,1614.3525
2023-07-12 06:00:00,1627.35
2023-07-12 07:00:00,1646.9524999999999
2023-07-12 08:00:00,1662.4125
2023-07-12 09:00:00,1656.0475000000001
2023-07-12 10:00:00,1646.355
2023-07-12 11:00:00,1692.365
2023-07-12 12:00:00,1707.935
2023-07-12 13:00:00,1698.58
2023-07-12 14:00:00,1681.3825
2023-07-12 15:00:00,1661.715
2023-07-12 16:00:00,1633.7975000000001
2023-07-12 17:00:00,1648.6675
2023-07-12 18:00:00,1657.965
2023-07-12 19:00:00,1693.0525
2023-07-12 20:00:00,1729.71
2023-07-12 21:00:00,1759.5700000000002
2023-07-12 22:00:00,1771.3625
2023-07-12 23:00:00,1779.54
2023-07-13 00:00:00,1804.05
2023-07-13 01:00:00,1823.77
2023-07-13 02:00:00,1824.9725
2023-07-13 03:00:00,1824.2
2023-07-13 04:00:00,1822.05
2023-07-13 05:00:00,1834.3225
2023-07-13 06:00:00,1835.5525
2023-07-13 07:00:00,1814.4
2023-07-13 08:00:00,1812.7425
2023-07-13 09:00:00,1826.57
2023-07-13 10:00:00,1828.795
2023-07-13 11:00:00,1858.7075
2023-07-13 12:00:00,1876.7350000000001
2023-07-13 13:00:00,1884.0349999999999
2023-07-13 14:00:00,1951.275
2023-07-13 15:00:00,1973.9925
2023-07-13 16:00:00,1927.1025
2023-07-13 17:00:00,1944.9
2023-07-13 18:00:00,1895.9775
2023-07-13 19:00:00,1859.1975
2023-07-13 20:00:00,1853.8325
2023-07-13 21:00:00,1898.7024999999999
2023-07-13 22:00:00,1916.0375
2023-07-13 23:00:00,1917.345
2023-07-14 00:00:00,1901.085
2023-07-14 01:00:00,1901.9475
2023-07-14 02:00:00,1907.8675
2023-07-14 03:00:00,1905.0275
2023-07-14 04:00:00,1887.82
2023-07-14 05:00:00,1887.7649999999999
2023-07-14 06:00:00,1901.2649999999999
2023-07-14 07:00:00,1916.445
2023-07-14 08:00:00,1926.84
2023-07-14 09:00:00,1936.8625
2023-07-14 10:00:00,1938.4475
2023-07-14 11:00:00,1932.8875
2023-07-14 12:00:00,1925.015
2023-07-14 13:00:00,1928.83
2023-07-14 14:00:00,1915.0725
2023-07-14 15:00:00,1896.915
2023-07-14 16:00:00,1879.0075
2023-07-14 17:00:00,1855.1075
2023-07-14 18:00:00,1832.51
2023-07-14 19:00:00,1804.74
2023-07-14 20:00:00,1785.29
2023-07-14 21:00:00,1772.9924999999998
2023-07-14 22:00:00,1771.9175
2023-07-14 23:00:00,1759.69
2023-07-15 00:00:00,1738.56
2023-07-15 01:00:00,1718.96
2023-07-15 02:00:00,1698.8625
2023-07-15 03:00:00,1681.76
2023-07-15 04:00:00,1676.2975000000001
2023-07-15 05:00:00,1666.2849999999999
2023-07-15 06:00:00,1660.6975
2023-07-15 07:00:00,1665.1525000000001
2023-07-15 08:00:00,1670.25
2023-07-15 09:00:00,1669.5375
2023-07-15 10:00:00,1665.7475
2023-07-15 11:00:00,1654.6775
2023-07-15 12:00:00,1643.2375
2023-07-15 13:00:00,1637.275
2023-07-15 14:00:00,1631.1225
2023-07-15 15:00:00,1629.79
2023-07-15 16:00:00,1612.0075
2023-07-15 17:00:00,1594.8600000000001
2023-07-15 18:00:00,1576.855
2023-07-15 19:00:00,1563.0575
2023-07-15 20:00:00,1534.0875
2023-07-15 21:00:00,1514.7725
2023-07-15 22:00:00,1512.215
2023-07-15 23:00:00,1495.8475
2023-07-16 00:00:00,1488.99
2023-07-16 01:00:00,1463.94
2023-07-16 02:00:00,1472.6575
2023-07-16 03:00:00,1485.3875
2023-07-16 04:00:00,1506.855
2023-07-16 05:00:00,1530.355
2023-07-16 06:00:00,1574.035
2023-07-16 07:00:00,1592.6299999999999
2023-07-16 08:00:00,1611.545
2023-07-16 09:00:00,1547.3125
2023-07-16 10:00:00,1550.6575
2023-07-16 11:00:00,1584.3325
2023-07-16 12:00:00,1347.5500000000002
2023-07-16 13:00:00,1287.1575
2023-07-16 14:00:00,1285.9675
2023-07-16 15:00:00,1277.595
2023-07-16 16:00:00,1407.515
2023-07-16 17:00:00,1550.0975
2023-07-16 18:00:00,1560.37
2023-07-16 19:00:00,1582.895
2023-07-16 20:00:00,1566.41
2023-07-16 21:00:00,1532.945
2023-07-16 22:00:00,1550.2475
2023-07-16 23:00:00,1550.2124999999999
2023-07-17 00:00:00,1530.415
2023-07-17 01:00:00,1565.1475
2023-07-17 02:00:00,1585.4299999999998
2023-07-17 03:00:00,1604.48
2023-07-17 04:00:00,1621.3425
2023-07-17 05:00:00,1639.995
2023-07-17 06:00:00,1665.22
2023-07-17 07:00:00,1635.5725
2023-07-17 08:00:00,1654.7875
2023-07-17 09:00:00,1663.435
2023-07-17 10:00:00,1687.4575
2023-07-17 11:00:00,1700.29
2023-07-17 12:00:00,1690.6075
2023-07-17 13:00:00,1662.475
2023-07-17 14:00:00,1652.5675
2023-07-17 15:00:00,1670.73
2023-07-17 16:00:00,1663.6399999999999
2023-07-17 17:00:00,1657.71
2023-07-17 18:00:00,1685.68
2023-07-17 19:00:00,1687.4524999999999
2023-07-17 20:00:00,1674.3775
2023-07-17 21:00:00,1677.8625
2023-07-17 22:00:00,1654.05
2023-07-17 23:00:00,1634.29
2023-07-18 00:00:00,1640.58
2023-07-18 01:00:00,1611.8125
2023-07-18 02:00:00,1592.6825
2023-07-18 03:00:00,1582.895
2023-07-18 04:00:00,1581.9775
2023-07-18 05:00:00,1579.8025
2023-07-18 06:00:00,1646.765
2023-07-18 07:00:00,1739.205
2023-07-18 08:00:00,1741.5725
2023-07-18 09:00:00,1677.4575
2023-07-18 10:00:00,1612.59
2023-07-18 11:00:00,1600.53
2023-07-18 12:00:00,1571.07
2023-07-18 13:00:00,1536.385
2023-07-18 14:00:00,1514.9025
2023-07-18 15:00:00,1558.06
2023-07-18 16:00:00,1580.4875
2023-07-18 17:00:00,1687.3325
2023-07-18 18:00:00,1670.945
2023-07-18 19:00:00,1647.72
2023-07-18 20:00:00,1644.3799999999999
2023-07-18 21:00:00,1650.9125
2023-07-18 22:00:00,1654.6525000000001
2023-07-18 23:00:00,1669.0025
2023-07-19 00:00:00,1694.745
2023-07-19 01:00:00,1717.65
2023-07-19 02:00:00,1736.1075
2023-07-19 03:00:00,1730.2
2023-07-19 04:00:00,1746.99
2023-07-19 05:00:00,1766.4650000000001
2023-07-19 06:00:00,1795.9225000000001
2023-07-19 07:00:00,1854.8474999999999
2023-07-19 08:00:00,1863.0725
2023-07-19 09:00:00,1893.5700000000002
2023-07-19 10:00:00,1886.0125
2023-07-19 11:00:00,1809.0875
2023-07-19 12:00:00,1804.23
2023-07-19 13:00:00,1800.6
2023-07-19 14:00:00,1790.0
2023-07-19 15:00:00,1804.09
2023-07-19 16:00:00,1823.6225
2023-07-19 17:00:00,1897.81
2023-07-19 18:00:00,1884.8375
2023-07-19 19:00:00,1882.3525
2023-07-19 20:00:00,1884.12
2023-07-19 21:00:00,1867.3625
2023-07-19 22:00:00,1868.9575
2023-07-19 23:00:00,1869.1275
2023-07-20 00:00:00,1843.02
2023-07-20 01:00:00,1835.2425
2023-07-20 02:00:00,1821.4724999999999
2023-07-20 03:00:00,1816.8225
2023-07-20 04:00:00,1828.0349999999999
2023-07-20 05:00:00,1833.695
2023-07-20 06:00:00,1854.2649999999999
2023-07-20 07:00:00,1899.15
2023-07-20 08:00:00,1888.0425
2023-07-20 09:00:00,1857.2975000000001
2023-07-20 10:00:00,1880.3899999999999
2023-07-20 11:00:00,1758.4575
2023-07-20 12:00:00,1716.275
2023-07-20 13:00:00,1716.2849999999999
2023-07-20 14:00:00,1692.6125
2023-07-20 15:00:00,1706.1525000000001
2023-07-20 16:00:00,1706.195
2023-07-20 17:00:00,1797.33
2023-07-20 18:00:00,1812.1275
2023-07-20 19:00:00,1818.52
2023-07-20 20:00:00,1820.3125
2023-07-20 21:00:00,1811.7825
2023-07-20 22:00:00,1799.945
2023-07-20 23:00:00,1799.3875
2023-07-21 00:00:00,1812.845
2023-07-21 01:00:00,1801.2325
2023-07-21 02:00:00,1777.5875
2023-07-21 03:00:00,1771.0025
2023-07-21 04:00:00,1765.5175
2023-07-21 05:00:00,1746.085
2023-07-21 06:00:00,1752.1375
2023-07-21 07:00:00,1746.93
2023-07-21 08:00:00,1749.8025
2023-07-21 09:00:00,1759.085
2023-07-21 10:00:00,1710.895
2023-07-21 11:00:00,1718.0974999999999
2023-07-21 12:00:00,1733.8975
2023-07-21 13:00:00,1772.695
2023-07-21 14:00:00,1796.37
2023-07-21 15:00:00,1787.38
2023-07-21 16:00:00,1763.24
2023-07-21 17:00:00,1787.835
2023-07-21 18:00:00,1790.9375
2023-07-21 19:00:00,1799.895
2023-07-21 20:00:00,1792.7649999999999
2023-07-21 21:00:00,1779.415
2023-07-21 22:00:00,1757.335
2023-07-21 23:00:00,1740.1475
2023-07-22 00:00:00,1740.9625
2023-07-22 01:00:00,1726.4825
2023-07-22 02:00:00,1718.4975
2023-07-22 03:00:00,1695.03
2023-07-22 04:00:00,1681.3825
2023-07-22 05:00:00,1678.73
2023-07-22 06:00:00,1688.4625
2023-07-22 07:00:00,1727.705
2023-07-22 08:00:00,1745.79
2023-07-22 09:00:00,1750.6625
2023-07-22 10:00:00,1762.58
2023-07-22 11:00:00,1739.6075
2023-07-22 12:00:00,1690.6275
2023-07-22 13:00:00,1697.8049999999998
2023-07-22 14:00:00,1676.2275
2023-07-22 15:00:00,1674.935
2023-07-22 16:00:00,1673.005
2023-07-22 17:00:00,1646.895
2023-07-22 18:00:00,1603.5774999999999
2023-07-22 19:00:00,1564.8175
2023-07-22 20:00:00,1540.71
2023-07-22 21:00:00,1522.635
2023-07-22 22:00:00,1500.345
2023-07-22 23:00:00,1497.0900000000001
2023-07-23 00:00:00,1477.745
2023-07-23 01:00:00,1472.6025
2023-07-23 02:00:00,1462.4075
2023-07-23 03:00:00,1461.3200000000002
2023-07-23 04:00:00,1457.375
2023-07-23 05:00:00,1440.0175
2023-07-23 06:00:00,1442.0725
2023-07-23 07:00:00,1450.035
2023-07-23 08:00:00,1464.7875
2023-07-23 09:00:00,1502.155
2023-07-23 10:00:00,1528.12
2023-07-23 11:00:00,1535.825
2023-07-23 12:00:00,1536.2150000000001
2023-07-23 13:00:00,1542.9225000000001
2023-07-23 14:00:00,1530.7849999999999
2023-07-23 15:00:00,1526.555
2023-07-23 16:00:00,1508.1025
2023-07-23 17:00:00,1464.4025
2023-07-23 18:00:00,1438.3899999999999
2023-07-23 19:00:00,1412.1725
2023-07-23 20:00:00,1385.2575
2023-07-23 21:00:00,1376.955
2023-07-23 22:00:00,1358.365
2023-07-23 23:00:00,1323.9425
2023-07-24 00:00:00,1312.4075
2023-07-24 01:00:00,1299.2425
2023-07-24 02:00:00,1303.245
2023-07-24 03:00:00,1304.065
2023-07-24 04:00:00,1302.3625
2023-07-24 05:00:00,1314.44
2023-07-24 06:00:00,1364.1475
2023-07-24 07:00:00,1413.5774999999999
2023-07-24 08:00:00,1418.9275
2023-07-24 09:00:00,1391.1575
2023-07-24 10:00:00,1410.9625
2023-07-24 11:00:00,1434.4
2023-07-24 12:00:00,1465.87
2023-07-24 13:00:00,1506.345
2023-07-24 14:00:00,1454.4575
2023-07-24 15:00:00,1492.395
2023-07-24 16:00:00,1608.7275
2023-07-24 17:00:00,1647.275
2023-07-24 18:00:00,1593.9175
2023-07-24 19:00:00,1618.675
2023-07-24 20:00:00,1588.0225
2023-07-24 21:00:00,1558.0025
2023-07-24 22:00:00,1553.7325
2023-07-24 23:00:00,1523.46
2023-07-25 00:00:00,1520.0575
2023-07-25 01:00:00,1514.8899999999999
2023-07-25 02:00:00,1575.5175
2023-07-25 03:00:00,1611.22
2023-07-25 04:00:00,1658.08
2023-07-25 05:00:00,1692.13
2023-07-25 06:00:00,1698.15
2023-07-25 07:00:00,1719.9275
2023-07-25 08:00:00,1749.055
2023-07-25 09:00:00,1770.295
2023-07-25 10:00:00,1856.9650000000001
2023-07-25 11:00:00,1859.99
2023-07-25 12:00:00,1855.33
2023-07-25 13:00:00,1900.5875
2023-07-25 14:00:00,1933.8775
2023-07-25 15:00:00,1936.2125
2023-07-25 16:00:00,1968.9475
2023-07-25 17:00:00,1958.0475000000001
2023-07-25 18:00:00,1951.35
2023-07-25 19:00:00,1954.745
2023-07-25 20:00:00,1931.2350000000001
2023-07-25 21:00:00,1927.715
2023-07-25 22:00:00,1917.315
2023-07-25 23:00:00,1910.92
2023-07-26 00:00:00,1926.2125
2023-07-26 01:00:00,2051.7625
2023-07-26 02:00:00,2049.0074999999997
2023-07-26 03:00:00,2055.3125
2023-07-26 04:00:00,2049.12
2023-07-26 05:00:00,2033.5875
2023-07-26 06:00:00,2026.0825
2023-07-26 07:00:00,2053.0550000000003
2023-07-26 08:00:00,2077.7525
2023-07-26 09:00:00,2056.79
2023-07-26 10:00:00,2085.0825
2023-07-26 11:00:00,2102.4575
2023-07-26 12:00:00,2118.975
2023-07-26 13:00:00,2044.7675
2023-07-26 14:00:00,2016.3425
2023-07-26 15:00:00,1968.5525
2023-07-26 16:00:00,1999.6375
2023-07-26 17:00:00,2069.5375
2023-07-26 18:00:00,2091.43
2023-07-26 19:00:00,1978.655
2023-07-26 20:00:00,1998.27
2023-07-26 21:00:00,1983.0549999999998
2023-07-26 22:00:00,1993.025
2023-07-26 23:00:00,1998.7825
2023-07-27 00:00:00,1997.05
2023-07-27 01:00:00,2000.8325
2023-07-27 02:00:00,1991.355
2023-07-27 03:00:00,1973.435
2023-07-27 04:00:00,1956.51
2023-07-27 05:00:00,1932.0525
2023-07-27 06:00:00,1904.3125
2023-07-27 07:00:00,1894.75
2023-07-27 08:00:00,1891.805
2023-07-27 09:00:00,1867.5875
2023-07-27 10:00:00,1897.07
2023-07-27 11:00:00,1876.155
2023-07-27 12:00:00,1859.58
2023-07-27 13:00:00,1818.0175
2023-07-27 14:00:00,1810.895
2023-07-27 15:00:00,1771.5525
2023-07-27 16:00:00,1769.99
2023-07-27 17:00:00,1744.8375
2023-07-27 18:00:00,1723.815
2023-07-27 19:00:00,1717.1975
2023-07-27 20:00:00,1723.6775
2023-07-27 21:00:00,1728.8
2023-07-27 22:00:00,1721.7775000000001
2023-07-27 23:00:00,1731.5
2023-07-28 00:00:00,1758.3125
2023-07-28 01:00:00,1776.9225000000001
2023-07-28 02:00:00,1786.5225
2023-07-28 03:00:00,1781.0475000000001
2023-07-28 04:00:00,1766.24
2023-07-28 05:00:00,1765.71
2023-07-28 06:00:00,1749.1575
2023-07-28 07:00:00,1741.21
2023-07-28 08:00:00,1739.665
2023-07-28 09:00:00,1745.3925
2023-07-28 10:00:00,1787.85
2023-07-28 11:00:00,1793.4175
2023-07-28 12:00:00,1760.2075
2023-07-28 13:00:00,1760.5775
2023-07-28 14:00:00,1764.845
2023-07-28 15:00:00,1757.3775
2023-07-28 16:00:00,1727.485
2023-07-28 17:00:00,1721.5125
2023-07-28 18:00:00,1731.3675
2023-07-28 19:00:00,1702.8225
2023-07-28 20:00:00,1690.86
2023-07-28 21:00:00,1689.585
2023-07-28 22:00:00,1683.6575
2023-07-28 23:00:00,1707.7649999999999
2023-07-29 00:00:00,1732.0674999999999
2023-07-29 01:00:00,1746.5
2023-07-29 02:00:00,1768.455
2023-07-29 03:00:00,1781.85
2023-07-29 04:00:00,1788.8600000000001
2023-07-29 05:00:00,1785.545
2023-07-29 06:00:00,1794.06
2023-07-29 07:00:00,1792.1775
2023-07-29 08:00:00,1811.255
2023-07-29 09:00:00,1799.1799999999998
2023-07-29 10:00:00,1806.9825
2023-07-29 11:00:00,1807.275
2023-07-29 12:00:00,1874.69
2023-07-29 13:00:00,1876.845
2023-07-29 14:00:00,1857.04
2023-07-29 15:00:00,1848.8000000000002
2023-07-29 16:00:00,1823.01
2023-07-29 17:00:00,1813.5975
2023-07-29 18:00:00,1826.9625
2023-07-29 19:00:00,1828.0
2023-07-29 20:00:00,1814.5349999999999
2023-07-29 21:00:00,1810.625
2023-07-29 22:00:00,1793.78
2023-07-29 23:00:00,1783.6975
2023-07-30 00:00:00,1789.21
2023-07-30 01:00:00,1779.7225
2023-07-30 02:00:00,1776.965
2023-07-30 03:00:00,1776.4125
2023-07-30 04:00:00,1762.51
2023-07-30 05:00:00,1754.0025
2023-07-30 06:00:00,1769.6775
2023-07-30 07:00:00,1793.89
2023-07-30 08:00:00,1814.1675
2023-07-30 09:00:00,1851.51
2023-07-30 10:00:00,1845.55
2023-07-30 11:00:00,1822.3675
2023-07-30 12:00:00,1785.4850000000001
2023-07-30 13:00:00,1461.025
2023-07-30 14:00:00,1438.6325
2023-07-30 15:00:00,1441.4075
2023-07-30 16:00:00,1778.7125
2023-07-30 17:00:00,1808.0075
2023-07-30 18:00:00,1770.83
2023-07-30 19:00:00,1724.895
2023-07-30 20:00:00,1698.4524999999999
2023-07-30 21:00:00,1692.99
2023-07-30 22:00:00,1689.08
2023-07-30 23:00:00,1679.99
2023-07-31 00:00:00,1665.3400000000001
2023-07-31 01:00:00,1652.795
2023-07-31 02:00:00,1643.6525000000001
2023-07-31 03:00:00,1606.9275
2023-07-31 04:00:00,1601.74
2023-07-31 05:00:00,1589.5175
2023-07-31 06:00:00,1586.475
2023-07-31 07:00:00,1592.285
2023-07-31 08:00:00,1619.045
2023-07-31 09:00:00,1649.4724999999999
2023-07-31 10:00:00,1681.475
2023-07-31 11:00:00,1691.155
2023-07-31 12:00:00,1698.3775
2023-07-31 13:00:00,1709.895
2023-07-31 14:00:00,1704.7675
2023-07-31 15:00:00,1669.2175
2023-07-31 16:00:00,1651.43
2023-07-31 17:00:00,1604.2125
2023-07-31 18:00:00,1564.3175
2023-07-31 19:00:00,1551.3075000000001
2023-07-31 20:00:00,1543.9275
2023-07-31 21:00:00,1538.1675
2023-07-31 22:00:00,1533.6599999999999
2023-07-31 23:00:00,1537.9425
2023-08-01 00:00:00,1546.2925
2023-08-01 01:00:00,1553.9825
2023-08-01 02:00:00,1546.465
2023-08-01 03:00:00,1557.06
2023-08-01 04:00:00,1569.255
2023-08-01 05:00:00,1582.2224999999999
2023-08-01 06:00:00,1601.2175
2023-08-01 07:00:00,1629.535
2023-08-01 08:00:00,1630.115
2023-08-01 09:00:00,1630.3525
2023-08-01 10:00:00,1654.3625
2023-08-01 11:00:00,1672.655
2023-08-01 12:00:00,1692.1299999999999
2023-08-01 13:00:00,1702.225
2023-08-01 14:00:00,1710.52
2023-08-01 15:00:00,1745.165
2023-08-01 16:00:00,1713.88
2023-08-01 17:00:00,1721.3875
2023-08-01 18:00:00,1744.6475
2023-08-01 19:00:00,1739.7675
2023-08-01 20:00:00,1769.3
2023-08-01 21:00:00,1799.6599999999999
2023-08-01 22:00:00,1810.9975
2023-08-01 23:00:00,1823.0275
2023-08-02 00:00:00,1828.3875
2023-08-02 01:00:00,1831.7925
2023-08-02 02:00:00,1853.2675
2023-08-02 03:00:00,1862.565
2023-08-02 04:00:00,1868.4475
2023-08-02 05:00:00,1868.895
2023-08-02 06:00:00,1859.3775
2023-08-02 07:00:00,1873.5325
2023-08-02 08:00:00,1881.065
2023-08-02 09:00:00,1880.3525
2023-08-02 10:00:00,1886.795
2023-08-02 11:00:00,1885.6425
2023-08-02 12:00:00,1903.8175
2023-08-02 13:00:00,1911.3975
2023-08-02 14:00:00,1942.8225
2023-08-02 15:00:00,1944.7325
2023-08-02 16:00:00,1881.7024999999999
2023-08-02 17:00:00,1877.6875
2023-08-02 18:00:00,1845.2375
2023-08-02 19:00:00,1799.9724999999999
2023-08-02 20:00:00,1771.9275
2023-08-02 21:00:00,1759.99
2023-08-02 22:00:00,1754.0825
2023-08-02 23:00:00,1761.34
2023-08-03 00:00:00,1754.815
2023-08-03 01:00:00,1738.72
2023-08-03 02:00:00,1728.84
2023-08-03 03:00:00,1715.99
2023-08-03 04:00:00,1700.725
2023-08-03 05:00:00,1719.4925
2023-08-03 06:00:00,1739.695
2023-08-03 07:00:00,1748.975
2023-08-03 08:00:00,1760.0149999999999
2023-08-03 09:00:00,1776.535
2023-08-03 10:00:00,1809.5675
2023-08-03 11:00:00,1799.955
2023-08-03 12:00:00,1800.6025
2023-08-03 13:00:00,1829.5900000000001
2023-08-03 14:00:00,1925.825
2023-08-03 15:00:00,1910.54
2023-08-03 16:00:00,1899.165
2023-08-03 17:00:00,1912.8175
2023-08-03 18:00:00,1935.54
2023-08-03 19:00:00,1921.5974999999999
2023-08-03 20:00:00,1926.19
2023-08-03 21:00:00,1941.42
2023-08-03 22:00:00,1934.6975
2023-08-03 23:00:00,1915.83
2023-08-04 00:00:00,1910.7525
2023-08-04 01:00:00,1904.915
2023-08-04 02:00:00,1903.3274999999999
2023-08-04 03:00:00,1901.405
2023-08-04 04:00:00,1906.855
2023-08-04 05:00:00,1909.88
2023-08-04 06:00:00,1890.39
2023-08-04 07:00:00,1909.1125
2023-08-04 08:00:00,1949.7925
2023-08-04 09:00:00,1942.7625
2023-08-04 10:00:00,1969.38
2023-08-04 11:00:00,1987.875
2023-08-04 12:00:00,1997.5225
2023-08-04 13:00:00,2014.0325
2023-08-04 14:00:00,2019.9925
2023-08-04 15:00:00,2029.6025
2023-08-04 16:00:00,2019.0349999999999
2023-08-04 17:00:00,2005.53
2023-08-04 18:00:00,1978.0774999999999
2023-08-04 19:00:00,1970.73
2023-08-04 20:00:00,1979.245
2023-08-04 21:00:00,1989.315
2023-08-04 22:00:00,1994.5375
2023-08-04 23:00:00,2000.0075
2023-08-05 00:00:00,2005.1100000000001
2023-08-05 01:00:00,1994.8875
2023-08-05 02:00:00,1986.4075
2023-08-05 03:00:00,1987.2325
2023-08-05 04:00:00,1988.4075
2023-08-05 05:00:00,1988.245
2023-08-05 06:00:00,1982.4850000000001
2023-08-05 07:00:00,1982.715
2023-08-05 08:00:00,2000.7775000000001
2023-08-05 09:00:00,2014.56
2023-08-05 10:00:00,2031.67
2023-08-05 11:00:00,2036.5525
2023-08-05 12:00:00,2037.9175
2023-08-05 13:00:00,2026.4475
2023-08-05 14:00:00,1968.3775
2023-08-05 15:00:00,1968.9875
2023-08-05 16:00:00,1969.6775
2023-08-05 17:00:00,1957.0525
2023-08-05 18:00:00,1955.895
2023-08-05 19:00:00,1959.02
2023-08-05 20:00:00,1966.665
2023-08-05 21:00:00,1968.645
2023-08-05 22:00:00,1970.07
2023-08-05 23:00:00,1975.1125
2023-08-06 00:00:00,1981.6675
2023-08-06 01:00:00,1991.3899999999999
2023-08-06 02:00:00,1990.2825
2023-08-06 03:00:00,1980.7
2023-08-06 04:00:00,1972.0525
2023-08-06 05:00:00,1966.0774999999999
2023-08-06 06:00:00,1968.83
2023-08-06 07:00:00,1957.495
2023-08-06 08:00:00,1946.93
2023-08-06 09:00:00,1959.5
2023-08-06 10:00:00,1958.3075
2023-08-06 11:00:00,1970.675
2023-08-06 12:00:00,1982.2525
2023-08-06 13:00:00,1963.34
2023-08-06 14:00:00,1949.4325
2023-08-06 15:00:00,1944.605
2023-08-06 16:00:00,1908.6575
2023-08-06 17:00:00,1929.03
2023-08-06 18:00:00,1931.685
2023-08-06 19:00:00,1915.2675
2023-08-06 20:00:00,1892.8274999999999
2023-08-06 21:00:00,1885.5825
2023-08-06 22:00:00,1901.305
2023-08-06 23:00:00,1901.52
2023-08-07 00:00:00,1910.4850000000001
2023-08-07 01:00:00,1915.8825
2023-08-07 02:00:00,1910.8225
2023-08-07 03:00:00,1914.7150000000001
2023-08-07 04:00:00,1928.7325
2023-08-07 05:00:00,1927.125
2023-08-07 06:00:00,1913.6575
2023-08-07 07:00:00,1902.9325
2023-08-07 08:00:00,1927.665
2023-08-07 09:00:00,1961.6925
2023-08-07 10:00:00,1976.22
2023-08-07 11:00:00,1981.4
2023-08-07 12:00:00,2004.1
2023-08-07 13:00:00,2011.8125
2023-08-07 14:00:00,2006.73
2023-08-07 15:00:00,1996.19
2023-08-07 16:00:00,1971.585
2023-08-07 17:00:00,1953.95
2023-08-07 18:00:00,1922.4450000000002
2023-08-07 19:00:00,1889.005
2023-08-07 20:00:00,1850.9525
2023-08-07 21:00:00,1842.01
2023-08-07 22:00:00,1845.775
2023-08-07 23:00:00,1855.8374999999999
2023-08-08 00:00:00,1878.59
2023-08-08 01:00:00,1897.3825
2023-08-08 02:00:00,1895.4925
2023-08-08 03:00:00,1882.9275
2023-08-08 04:00:00,1876.4625
2023-08-08 05:00:00,1876.23
2023-08-08 06:00:00,1886.725
2023-08-08 07:00:00,1904.045
2023-08-08 08:00:00,1931.6725000000001
2023-08-08 09:00:00,1938.86
2023-08-08 10:00:00,1917.825
2023-08-08 11:00:00,1880.9225000000001
2023-08-08 12:00:00,1851.575
2023-08-08 13:00:00,1817.965
2023-08-08 14:00:00,1774.425
2023-08-08 15:00:00,1727.7024999999999
2023-08-08 16:00:00,1749.45
2023-08-08 17:00:00,1756.2675
2023-08-08 18:00:00,1720.75
2023-08-08 19:00:00,1688.98
2023-08-08 20:00:00,1673.08
2023-08-08 21:00:00,1676.0675
2023-08-08 22:00:00,1676.6399999999999
2023-08-08 23:00:00,1696.33
2023-08-09 00:00:00,1704.065
2023-08-09 01:00:00,1717.635
2023-08-09 02:00:00,1743.1175
2023-08-09 03:00:00,1768.605
2023-08-09 04:00:00,1789.685
2023-08-09 05:00:00,1818.805
2023-08-09 06:00:00,1836.12
2023-08-09 07:00:00,1846.1225
2023-08-09 08:00:00,1840.8625
2023-08-09 09:00:00,1846.1425
2023-08-09 10:00:00,1825.3899999999999
2023-08-09 11:00:00,1867.7825
2023-08-09 12:00:00,1887.4875
2023-08-09 13:00:00,1886.25
2023-08-09 14:00:00,1903.215
2023-08-09 15:00:00,1951.0075000000002
2023-08-09 16:00:00,1998.7625
2023-08-09 17:00:00,1995.6725
2023-08-09 18:00:00,1996.2975000000001
2023-08-09 19:00:00,1988.53
2023-08-09 20:00:00,1988.2275
2023-08-09 21:00:00,1987.5325
2023-08-09 22:00:00,2000.9375
2023-08-09 23:00:00,2012.99
2023-08-10 00:00:00,2029.73
2023-08-10 01:00:00,2050.9275
2023-08-10 02:00:00,2071.48
2023-08-10 03:00:00,2056.305
2023-08-10 04:00:00,2044.735
2023-08-10 05:00:00,2032.5149999999999
2023-08-10 06:00:00,2000.5025
2023-08-10 07:00:00,1966.1725
2023-08-10 08:00:00,1970.82
2023-08-10 09:00:00,2023.085
2023-08-10 10:00:00,2044.6525000000001
2023-08-10 11:00:00,2040.955
2023-08-10 12:00:00,2075.65
2023-08-10 13:00:00,2049.8675000000003
2023-08-10 14:00:00,2014.7225
2023-08-10 15:00:00,2012.7525
2023-08-10 16:00:00,2018.8525
2023-08-10 17:00:00,2030.205
2023-08-10 18:00:00,1969.0275000000001
2023-08-10 19:00:00,1907.3025
2023-08-10 20:00:00,1886.3625
2023-08-10 21:00:00,1884.4975
2023-08-10 22:00:00,1894.915
2023-08-10 23:00:00,1902.365
2023-08-11 00:00:00,1911.4225000000001
2023-08-11 01:00:00,1902.495
2023-08-11 02:00:00,1890.845
2023-08-11 03:00:00,1881.1399999999999
2023-08-11 04:00:00,1880.055
2023-08-11 05:00:00,1879.7350000000001
2023-08-11 06:00:00,1889.3600000000001
2023-08-11 07:00:00,1878.9825
2023-08-11 08:00:00,1903.5225
2023-08-11 09:00:00,1932.6675
2023-08-11 10:00:00,1918.705
2023-08-11 11:00:00,1885.8575
2023-08-11 12:00:00,1903.9075
2023-08-11 13:00:00,1841.4675
2023-08-11 14:00:00,1883.0175
2023-08-11 15:00:00,1849.2024999999999
2023-08-11 16:00:00,1833.855
2023-08-11 17:00:00,1854.8125
2023-08-11 18:00:00,1786.5475000000001
2023-08-11 19:00:00,1756.56
2023-08-11 20:00:00,1737.175
2023-08-11 21:00:00,1723.4625
2023-08-11 22:00:00,1718.3875
2023-08-11 23:00:00,1728.415
2023-08-12 00:00:00,1723.1125
2023-08-12 01:00:00,1725.76
2023-08-12 02:00:00,1719.385
2023-08-12 03:00:00,1702.2725
2023-08-12 04:00:00,1690.38
2023-08-12 05:00:00,1686.6999999999998
2023-08-12 06:00:00,1688.825
2023-08-12 07:00:00,1699.1275
2023-08-12 08:00:00,1714.28
2023-08-12 09:00:00,1746.1975
2023-08-12 10:00:00,1744.7375
2023-08-12 11:00:00,1738.7425
2023-08-12 12:00:00,1690.08
2023-08-12 13:00:00,1709.3825
2023-08-12 14:00:00,1704.1025
2023-08-12 15:00:00,1703.055
2023-08-12 16:00:00,1680.2575000000002
2023-08-12 17:00:00,1655.95
2023-08-12 18:00:00,1648.2075
2023-08-12 19:00:00,1661.2175
2023-08-12 20:00:00,1659.675
2023-08-12 21:00:00,1664.3525
2023-08-12 22:00:00,1650.0875
2023-08-12 23:00:00,1619.8375
2023-08-13 00:00:00,1607.08
2023-08-13 01:00:00,1595.3175
2023-08-13 02:00:00,1576.85
2023-08-13 03:00:00,1565.2125
2023-08-13 04:00:00,1562.1975
2023-08-13 05:00:00,1586.8600000000001
2023-08-13 06:00:00,1591.4275
2023-08-13 07:00:00,1601.15
2023-08-13 08:00:00,1636.0225
2023-08-13 09:00:00,1677.5175
2023-08-13 10:00:00,1713.8925
2023-08-13 11:00:00,1722.7525
2023-08-13 12:00:00,1719.745
2023-08-13 13:00:00,1714.43
2023-08-13 14:00:00,1707.915
2023-08-13 15:00:00,1687.5275000000001
2023-08-13 16:00:00,1671.755
2023-08-13 17:00:00,1635.7875
2023-08-13 18:00:00,1619.0725
2023-08-13 19:00:00,1593.585
2023-08-13 20:00:00,1570.2375
2023-08-13 21:00:00,1552.4925
2023-08-13 22:00:00,1554.46
2023-08-13 23:00:00,1562.895
2023-08-14 00:00:00,1566.425
2023-08-14 01:00:00,1574.8425
2023-08-14 02:00:00,1596.4299999999998
2023-08-14 03:00:00,1585.775
2023-08-14 04:00:00,1599.13
2023-08-14 05:00:00,1621.5025
2023-08-14 06:00:00,1645.5625
2023-08-14 07:00:00,1675.6875
2023-08-14 08:00:00,1707.9925
2023-08-14 09:00:00,1740.0475000000001
2023-08-14 10:00:00,1772.1175
2023-08-14 11:00:00,1767.7925
2023-08-14 12:00:00,1781.1175
2023-08-14 13:00:00,1786.295
2023-08-14 14:00:00,1766.0774999999999
2023-08-14 15:00:00,1740.8475
2023-08-14 16:00:00,1755.7
2023-08-14 17:00:00,1739.3899999999999
2023-08-14 18:00:00,1705.08
2023-08-14 19:00:00,1687.6025
2023-08-14 20:00:00,1687.845
2023-08-14 21:00:00,1684.7675
2023-08-14 22:00:00,1695.185
2023-08-14 23:00:00,1701.53
2023-08-15 00:00:00,1728.4175
2023-08-15 01:00:00,1725.9325
2023-08-15 02:00:00,1736.315
2023-08-15 03:00:00,1742.615
2023-08-15 04:00:00,1736.4424999999999
2023-08-15 05:00:00,1721.1375
2023-08-15 06:00:00,1715.29
2023-08-15 07:00:00,1718.32
2023-08-15 08:00:00,1732.8
2023-08-15 09:00:00,1756.0825
2023-08-15 10:00:00,1743.7
2023-08-15 11:00:00,1734.935
2023-08-15 12:00:00,1708.7224999999999
2023-08-15 13:00:00,1710.065
2023-08-15 14:00:00,1708.7625
2023-08-15 15:00:00,1701.5125
2023-08-15 16:00:00,1672.7625
2023-08-15 17:00:00,1643.38
2023-08-15 18:00:00,1639.375
2023-08-15 19:00:00,1634.3425
2023-08-15 20:00:00,1644.5725
2023-08-15 21:00:00,1642.01
2023-08-15 22:00:00,1637.94
2023-08-15 23:00:00,1679.35
2023-08-16 00:00:00,1714.15
2023-08-16 01:00:00,1744.49
2023-08-16 02:00:00,1767.5149999999999
2023-08-16 03:00:00,1779.295
2023-08-16 04:00:00,1799.665
2023-08-16 05:00:00,1813.3575
2023-08-16 06:00:00,1816.0175
2023-08-16 07:00:00,1817.1225
2023-08-16 08:00:00,1835.9675
2023-08-16 09:00:00,1854.06
2023-08-16 10:00:00,1857.7075
2023-08-16 11:00:00,1857.4175
2023-08-16 12:00:00,1845.8625
2023-08-16 13:00:00,1862.4125
2023-08-16 14:00:00,1909.3375
2023-08-16 15:00:00,1937.6
2023-08-16 16:00:00,1971.5225
2023-08-16 17:00:00,1967.5349999999999
2023-08-16 18:00:00,1932.4825
2023-08-16 19:00:00,1913.0075
2023-08-16 20:00:00,1902.5425
2023-08-16 21:00:00,1891.0225
2023-08-16 22:00:00,1894.3425
2023-08-16 23:00:00,1915.9625
2023-08-17 00:00:00,1914.6174999999998
2023-08-17 01:00:00,1904.4025
2023-08-17 02:00:00,1898.4025
2023-08-17 03:00:00,1888.51
2023-08-17 04:00:00,1881.5875
2023-08-17 05:00:00,1870.645
2023-08-17 06:00:00,1863.3575
2023-08-17 07:00:00,1853.51
2023-08-17 08:00:00,1883.2375000000002
2023-08-17 09:00:00,1903.185
2023-08-17 10:00:00,1930.5625
2023-08-17 11:00:00,1945.3049999999998
2023-08-17 12:00:00,1937.9225
2023-08-17 13:00:00,1907.9975
2023-08-17 14:00:00,1891.6725000000001
2023-08-17 15:00:00,1870.905
2023-08-17 16:00:00,1854.6975
2023-08-17 17:00:00,1824.7875
2023-08-17 18:00:00,1771.5875
2023-08-17 19:00:00,1752.4099999999999
2023-08-17 20:00:00,1742.1100000000001
2023-08-17 21:00:00,1743.5
2023-08-17 22:00:00,1752.5774999999999
2023-08-17 23:00:00,1780.85
2023-08-18 00:00:00,1813.27
2023-08-18 01:00:00,1827.6275
2023-08-18 02:00:00,1854.1525
2023-08-18 03:00:00,1873.265
2023-08-18 04:00:00,1882.4775
2023-08-18 05:00:00,1890.3225
2023-08-18 06:00:00,1895.655
2023-08-18 07:00:00,1898.155
2023-08-18 08:00:00,1921.7625
2023-08-18 09:00:00,1902.6025
2023-08-18 10:00:00,1859.805
2023-08-18 11:00:00,1861.45
2023-08-18 12:00:00,1882.35
2023-08-18 13:00:00,1898.5275
2023-08-18 14:00:00,1881.7575
2023-08-18 15:00:00,1859.7424999999998
2023-08-18 16:00:00,1850.9775
2023-08-18 17:00:00,1818.76
2023-08-18 18:00:00,1772.78
2023-08-18 19:00:00,1764.775
2023-08-18 20:00:00,1757.3175
2023-08-18 21:00:00,1762.89
2023-08-18 22:00:00,1762.9875000000002
2023-08-18 23:00:00,1777.5475
2023-08-19 00:00:00,1796.22
2023-08-19 01:00:00,1802.255
2023-08-19 02:00:00,1799.2825
2023-08-19 03:00:00,1788.045
2023-08-19 04:00:00,1767.7124999999999
2023-08-19 05:00:00,1754.99
2023-08-19 06:00:00,1736.9625
2023-08-19 07:00:00,1722.0625
2023-08-19 08:00:00,1732.85
2023-08-19 09:00:00,1748.1125
2023-08-19 10:00:00,1750.865
2023-08-19 11:00:00,1761.6375
2023-08-19 12:00:00,1763.2849999999999
2023-08-19 13:00:00,1758.2525
2023-08-19 14:00:00,1743.24
2023-08-19 15:00:00,1719.895
2023-08-19 16:00:00,1692.875
2023-08-19 17:00:00,1681.0275000000001
2023-08-19 18:00:00,1644.1475
2023-08-19 19:00:00,1615.1125
2023-08-19 20:00:00,1595.4925
2023-08-19 21:00:00,1578.165
2023-08-19 22:00:00,1564.2075
2023-08-19 23:00:00,1552.7649999999999
2023-08-20 00:00:00,1549.0075
2023-08-20 01:00:00,1544.9675
2023-08-20 02:00:00,1544.7475
2023-08-20 03:00:00,1546.3425
2023-08-20 04:00:00,1570.4850000000001
2023-08-20 05:00:00,1586.5675
2023-08-20 06:00:00,1599.395
2023-08-20 07:00:00,1617.0275000000001
2023-08-20 08:00:00,1644.825
2023-08-20 09:00:00,1669.335
2023-08-20 10:00:00,1687.805
2023-08-20 11:00:00,1689.8200000000002
2023-08-20 12:00:00,1705.1225
2023-08-20 13:00:00,1706.2325
2023-08-20 14:00:00,1690.055
2023-08-20 15:00:00,1676.8975
2023-08-20 16:00:00,1661.8899999999999
2023-08-20 17:00:00,1645.95
2023-08-20 18:00:00,1607.955
2023-08-20 19:00:00,1586.005
2023-08-20 20:00:00,1579.565
2023-08-20 21:00:00,1581.315
2023-08-20 22:00:00,1573.0325
2023-08-20 23:00:00,1567.605
2023-08-21 00:00:00,1596.3425
2023-08-21 01:00:00,1602.5425
2023-08-21 02:00:00,1597.24
2023-08-21 03:00:00,1600.295
2023-08-21 04:00:00,1605.01
2023-08-21 05:00:00,1590.1975
2023-08-21 06:00:00,1564.26
2023-08-21 07:00:00,1548.915
2023-08-21 08:00:00,1487.8274999999999
2023-08-21 09:00:00,1447.2725
2023-08-21 10:00:00,1456.2175
2023-08-21 11:00:00,1483.25
2023-08-21 12:00:00,1505.8175
2023-08-21 13:00:00,1526.545
2023-08-21 14:00:00,1527.8775
2023-08-21 15:00:00,1510.2625
2023-08-21 16:00:00,1537.0
2023-08-21 17:00:00,1569.605
2023-08-21 18:00:00,1569.5900000000001
2023-08-21 19:00:00,1576.2325
2023-08-21 20:00:00,1595.625
2023-08-21 21:00:00,1612.4099999999999
2023-08-21 22:00:00,1610.9075
2023-08-21 23:00:00,1621.6175
2023-08-22 00:00:00,1635.125
2023-08-22 01:00:00,1635.3675
2023-08-22 02:00:00,1630.41
2023-08-22 03:00:00,1628.3475
2023-08-22 04:00:00,1628.3049999999998
2023-08-22 05:00:00,1639.145
2023-08-22 06:00:00,1636.685
2023-08-22 07:00:00,1658.6275
2023-08-22 08:00:00,1683.955
2023-08-22 09:00:00,1680.9025
2023-08-22 10:00:00,1708.54
2023-08-22 11:00:00,1726.1675
2023-08-22 12:00:00,1745.1375
2023-08-22 13:00:00,1734.305
2023-08-22 14:00:00,1730.6475
2023-08-22 15:00:00,1721.5225
2023-08-22 16:00:00,1707.07
2023-08-22 17:00:00,1703.3925
2023-08-22 18:00:00,1680.1
2023-08-22 19:00:00,1649.98
2023-08-22 20:00:00,1633.23
2023-08-22 21:00:00,1629.7
2023-08-22 22:00:00,1625.6925
2023-08-22 23:00:00,1631.1125
2023-08-23 00:00:00,1649.2525
2023-08-23 01:00:00,1651.5525
2023-08-23 02:00:00,1649.5575
2023-08-23 03:00:00,1669.8
2023-08-23 04:00:00,1686.2025
2023-08-23 05:00:00,1696.37
2023-08-23 06:00:00,1692.7525
2023-08-23 07:00:00,1698.5774999999999
2023-08-23 08:00:00,1699.435
2023-08-23 09:00:00,1721.095
2023-08-23 10:00:00,1759.385
2023-08-23 11:00:00,1773.2
2023-08-23 12:00:00,1783.6225
2023-08-23 13:00:00,1778.4475
2023-08-23 14:00:00,1751.0775
2023-08-23 15:00:00,1746.7175
2023-08-23 16:00:00,1704.8875
2023-08-23 17:00:00,1695.1325000000002
2023-08-23 18:00:00,1673.55
2023-08-23 19:00:00,1656.4099999999999
2023-08-23 20:00:00,1654.6399999999999
2023-08-23 21:00:00,1651.72
2023-08-23 22:00:00,1649.8374999999999
2023-08-23 23:00:00,1674.63
2023-08-24 00:00:00,1666.7649999999999
2023-08-24 01:00:00,1663.2775
2023-08-24 02:00:00,1664.6625
2023-08-24 03:00:00,1650.8875
2023-08-24 04:00:00,1664.79
2023-08-24 05:00:00,1676.145
2023-08-24 06:00:00,1678.775
2023-08-24 07:00:00,1673.8899999999999
2023-08-24 08:00:00,1688.3825
2023-08-24 09:00:00,1704.605
2023-08-24 10:00:00,1724.5075000000002
2023-08-24 11:00:00,1727.2350000000001
2023-08-24 12:00:00,1721.275
2023-08-24 13:00:00,1745.285
2023-08-24 14:00:00,1754.2375
2023-08-24 15:00:00,1748.775
2023-08-24 16:00:00,1750.815
2023-08-24 17:00:00,1719.845
2023-08-24 18:00:00,1678.12
2023-08-24 19:00:00,1638.2350000000001
2023-08-24 20:00:00,1618.315
2023-08-24 21:00:00,1605.2825
2023-08-24 22:00:00,1602.055
2023-08-24 23:00:00,1634.03
2023-08-25 00:00:00,1675.66
2023-08-25 01:00:00,1635.7
2023-08-25 02:00:00,1623.635
2023-08-25 03:00:00,1612.9025
2023-08-25 04:00:00,1647.275
2023-08-25 05:00:00,1671.8025
2023-08-25 06:00:00,1679.935
2023-08-25 07:00:00,1684.83
2023-08-25 08:00:00,1698.19
2023-08-25 09:00:00,1710.885
2023-08-25 10:00:00,1732.68
2023-08-25 11:00:00,1730.15
2023-08-25 12:00:00,1773.44
2023-08-25 13:00:00,1802.195
2023-08-25 14:00:00,1805.6525
2023-08-25 15:00:00,1756.5375000000001
2023-08-25 16:00:00,1705.3725
2023-08-25 17:00:00,1664.9775
2023-08-25 18:00:00,1641.335
2023-08-25 19:00:00,1622.8925
2023-08-25 20:00:00,1621.79
2023-08-25 21:00:00,1632.23
2023-08-25 22:00:00,1636.9925
2023-08-25 23:00:00,1632.5325
2023-08-26 00:00:00,1629.5625
2023-08-26 01:00:00,1650.215
2023-08-26 02:00:00,1669.01
2023-08-26 03:00:00,1677.38
2023-08-26 04:00:00,1690.475
2023-08-26 05:00:00,1706.1375
2023-08-26 06:00:00,1709.8175
2023-08-26 07:00:00,1730.115
2023-08-26 08:00:00,1759.4375
2023-08-26 09:00:00,1773.7525
2023-08-26 10:00:00,1785.3525
2023-08-26 11:00:00,1784.675
2023-08-26 12:00:00,1788.7075
2023-08-26 13:00:00,1791.125
2023-08-26 14:00:00,1779.395
2023-08-26 15:00:00,1771.665
2023-08-26 16:00:00,1707.19
2023-08-26 17:00:00,1652.7375
2023-08-26 18:00:00,1659.06
2023-08-26 19:00:00,1691.9524999999999
2023-08-26 20:00:00,1709.615
2023-08-26 21:00:00,1717.7075
2023-08-26 22:00:00,1739.325
2023-08-26 23:00:00,1770.2424999999998
2023-08-27 00:00:00,1780.215
2023-08-27 01:00:00,1782.625
2023-08-27 02:00:00,1779.925
2023-08-27 03:00:00,1777.1525000000001
2023-08-27 04:00:00,1782.5475
2023-08-27 05:00:00,1780.8925
2023-08-27 06:00:00,1772.395
2023-08-27 07:00:00,1768.505
2023-08-27 08:00:00,1782.12
2023-08-27 09:00:00,1792.1875
2023-08-27 10:00:00,1813.335
2023-08-27 11:00:00,1828.7325
2023-08-27 12:00:00,1821.4875
2023-08-27 13:00:00,1800.635
2023-08-27 14:00:00,1822.8775
2023-08-27 15:00:00,1905.2424999999998
2023-08-27 16:00:00,2000.6125
2023-08-27 17:00:00,2008.7975
2023-08-27 18:00:00,2028.1625000000001
2023-08-27 19:00:00,2029.58
2023-08-27 20:00:00,2051.3875000000003
2023-08-27 21:00:00,2030.67
2023-08-27 22:00:00,2009.1075
2023-08-27 23:00:00,1966.2775
2023-08-28 00:00:00,1908.2625
2023-08-28 01:00:00,1898.5075
2023-08-28 02:00:00,1901.8825
2023-08-28 03:00:00,1912.0549999999998
2023-08-28 04:00:00,1946.6575
2023-08-28 05:00:00,1990.275
2023-08-28 06:00:00,2068.165
2023-08-28 07:00:00,1997.54
2023-08-28 08:00:00,1879.0425
2023-08-28 09:00:00,1791.4875
2023-08-28 10:00:00,1744.685
2023-08-28 11:00:00,1753.7425
2023-08-28 12:00:00,1715.17
2023-08-28 13:00:00,1634.1625
2023-08-28 14:00:00,1602.3225
2023-08-28 15:00:00,1578.715
2023-08-28 16:00:00,1550.55
2023-08-28 17:00:00,1538.2350000000001
2023-08-28 18:00:00,1495.6775
2023-08-28 19:00:00,1426.375
2023-08-28 20:00:00,1406.0575
2023-08-28 21:00:00,1408.965
2023-08-28 22:00:00,1350.4475
2023-08-28 23:00:00,1320.2525
2023-08-29 00:00:00,1277.565
2023-08-29 01:00:00,1257.7475
2023-08-29 02:00:00,1249.5825
2023-08-29 03:00:00,1240.1325
2023-08-29 04:00:00,1281.9675
2023-08-29 05:00:00,1321.95
2023-08-29 06:00:00,1338.295
2023-08-29 07:00:00,1373.8975
2023-08-29 08:00:00,1350.1525000000001
2023-08-29 09:00:00,1361.645
2023-08-29 10:00:00,1354.835
2023-08-29 11:00:00,1379.19
2023-08-29 12:00:00,1365.28
2023-08-29 13:00:00,1352.43
2023-08-29 14:00:00,1361.0925
2023-08-29 15:00:00,1376.025
2023-08-29 16:00:00,1404.64
2023-08-29 17:00:00,1479.8125
2023-08-29 18:00:00,1472.6125
2023-08-29 19:00:00,1497.0875
2023-08-29 20:00:00,1526.46
2023-08-29 21:00:00,1547.755
2023-08-29 22:00:00,1497.2925
2023-08-29 23:00:00,1494.5275000000001
2023-08-30 00:00:00,1500.115
2023-08-30 01:00:00,1512.0
2023-08-30 02:00:00,1512.9875
2023-08-30 03:00:00,1498.1875
2023-08-30 04:00:00,1544.75
2023-08-30 05:00:00,1582.2625
2023-08-30 06:00:00,1614.73
2023-08-30 07:00:00,1630.2024999999999
2023-08-30 08:00:00,1625.4099999999999
2023-08-30 09:00:00,1655.33
2023-08-30 10:00:00,1618.2975000000001
2023-08-30 11:00:00,1653.875
2023-08-30 12:00:00,1708.81
2023-08-30 13:00:00,1708.6399999999999
2023-08-30 14:00:00,1715.6275
2023-08-30 15:00:00,1719.2375
2023-08-30 16:00:00,1745.36
2023-08-30 17:00:00,1791.7
2023-08-30 18:00:00,1809.83
2023-08-30 19:00:00,1841.465
2023-08-30 20:00:00,1850.1425
2023-08-30 21:00:00,1862.6025
2023-08-30 22:00:00,1834.67
2023-08-30 23:00:00,1801.6225
2023-08-31 00:00:00,1818.7375
2023-08-31 01:00:00,1806.4875
2023-08-31 02:00:00,1821.3400000000001
2023-08-31 03:00:00,1817.84
2023-08-31 04:00:00,1815.215
2023-08-31 05:00:00,1861.4775
2023-08-31 06:00:00,1906.5975
2023-08-31 07:00:00,1901.05
2023-08-31 08:00:00,1872.6025
2023-08-31 09:00:00,1815.6275
2023-08-31 10:00:00,1826.2925
2023-08-31 11:00:00,1869.4225000000001
2023-08-31 12:00:00,1910.6725000000001
2023-08-31 13:00:00,1938.6
2023-08-31 14:00:00,1932.135
2023-08-31 15:00:00,1956.865
2023-08-31 16:00:00,1942.8375
2023-08-31 17:00:00,1930.315
2023-08-31 18:00:00,1924.315
2023-08-31 19:00:00,1916.6675
2023-08-31 20:00:00,1916.365
2023-08-31 21:00:00,1974.7225
2023-08-31 22:00:00,1966.4175
2023-08-31 23:00:00,1924.83
2023-09-01 00:00:00,1902.1475
2023-09-01 01:00:00,1901.035
2023-09-01 02:00:00,1961.1599999999999
2023-09-01 03:00:00,1982.79
2023-09-01 04:00:00,1984.005
2023-09-01 05:00:00,1977.495
2023-09-01 06:00:00,1966.2525
2023-09-01 07:00:00,1968.0325
2023-09-01 08:00:00,1992.505
2023-09-01 09:00:00,2022.785
2023-09-01 10:00:00,2052.3025
2023-09-01 11:00:00,2082.8075
2023-09-01 12:00:00,2109.195
2023-09-01 13:00:00,2111.6875
2023-09-01 14:00:00,2105.1175000000003
2023-09-01 15:00:00,2113.4725
2023-09-01 16:00:00,2085.6949999999997
2023-09-01 17:00:00,2058.8225
2023-09-01 18:00:00,2031.4025
2023-09-01 19:00:00,2027.31
2023-09-01 20:00:00,2030.295
2023-09-01 21:00:00,2037.1125
2023-09-01 22:00:00,2041.03
2023-09-01 23:00:00,2041.99
2023-09-02 00:00:00,2044.4299999999998
2023-09-02 01:00:00,2056.1875
2023-09-02 02:00:00,2070.11
2023-09-02 03:00:00,2069.15
2023-09-02 04:00:00,2059.35
2023-09-02 05:00:00,2045.225
2023-09-02 06:00:00,2028.73
2023-09-02 07:00:00,2022.9975
2023-09-02 08:00:00,2034.9875
2023-09-02 09:00:00,2057.175
2023-09-02 10:00:00,2081.1325
2023-09-02 11:00:00,2061.125
2023-09-02 12:00:00,2068.1275
2023-09-02 13:00:00,2054.7775
2023-09-02 14:00:00,2048.095
2023-09-02 15:00:00,2032.7225
2023-09-02 16:00:00,2032.89
2023-09-02 17:00:00,2006.7275
2023-09-02 18:00:00,1980.0325
2023-09-02 19:00:00,1960.8025
2023-09-02 20:00:00,1959.21
2023-09-02 21:00:00,1950.5349999999999
2023-09-02 22:00:00,1944.095
2023-09-02 23:00:00,1940.365
2023-09-03 00:00:00,1917.04
2023-09-03 01:00:00,1932.7350000000001
2023-09-03 02:00:00,1947.6075
2023-09-03 03:00:00,1960.125
2023-09-03 04:00:00,1962.3475
2023-09-03 05:00:00,1957.7975
2023-09-03 06:00:00,1940.4975
2023-09-03 07:00:00,1929.5674999999999
2023-09-03 08:00:00,1931.73
2023-09-03 09:00:00,1945.41
2023-09-03 10:00:00,1971.3975
2023-09-03 11:00:00,1978.5275000000001
2023-09-03 12:00:00,1996.4650000000001
2023-09-03 13:00:00,1999.56
2023-09-03 14:00:00,1987.6975
2023-09-03 15:00:00,1961.6200000000001
2023-09-03 16:00:00,1936.2775
2023-09-03 17:00:00,1914.54
2023-09-03 18:00:00,1890.4525
2023-09-03 19:00:00,1868.79
2023-09-03 20:00:00,1861.51
2023-09-03 21:00:00,1862.3825
2023-09-03 22:00:00,1867.7375000000002
2023-09-03 23:00:00,1869.43
2023-09-04 00:00:00,1882.9925
2023-09-04 01:00:00,1896.9475
2023-09-04 02:00:00,1891.5149999999999
2023-09-04 03:00:00,1860.4
2023-09-04 04:00:00,1837.595
2023-09-04 05:00:00,1832.78
2023-09-04 06:00:00,1835.2475
2023-09-04 07:00:00,1838.0875
2023-09-04 08:00:00,1822.5475
2023-09-04 09:00:00,1832.94
2023-09-04 10:00:00,1842.6075
2023-09-04 11:00:00,1787.9099999999999
2023-09-04 12:00:00,1765.5225
2023-09-04 13:00:00,1753.8525
2023-09-04 14:00:00,1788.43
2023-09-04 15:00:00,1796.4675
2023-09-04 16:00:00,1765.6925
2023-09-04 17:00:00,1732.8225
2023-09-04 18:00:00,1682.3075
2023-09-04 19:00:00,1668.48
2023-09-04 20:00:00,1697.985
2023-09-04 21:00:00,1713.6475
2023-09-04 22:00:00,1741.0
2023-09-04 23:00:00,1774.3375
2023-09-05 00:00:00,1820.3975
2023-09-05 01:00:00,1836.6925
2023-09-05 02:00:00,1819.5925
2023-09-05 03:00:00,1807.87
2023-09-05 04:00:00,1808.435
2023-09-05 05:00:00,1799.84
2023-09-05 06:00:00,1796.2225
2023-09-05 07:00:00,1791.225
2023-09-05 08:00:00,1818.4650000000001
2023-09-05 09:00:00,1846.3674999999998
2023-09-05 10:00:00,1778.79
2023-09-05 11:00:00,1711.5275
2023-09-05 12:00:00,1727.3625
2023-09-05 13:00:00,1741.95
2023-09-05 14:00:00,1759.18
2023-09-05 15:00:00,1763.26
2023-09-05 16:00:00,1790.2624999999998
2023-09-05 17:00:00,1774.74
2023-09-05 18:00:00,1751.7925
2023-09-05 19:00:00,1728.4075
2023-09-05 20:00:00,1723.015
2023-09-05 21:00:00,1714.9
2023-09-05 22:00:00,1716.6599999999999
2023-09-05 23:00:00,1732.9375
2023-09-06 00:00:00,1775.8975
2023-09-06 01:00:00,1797.4225000000001
2023-09-06 02:00:00,1794.5825
2023-09-06 03:00:00,1778.185
2023-09-06 04:00:00,1783.0
2023-09-06 05:00:00,1783.49
2023-09-06 06:00:00,1787.9575
2023-09-06 07:00:00,1786.825
2023-09-06 08:00:00,1799.8600000000001
2023-09-06 09:00:00,1823.425
2023-09-06 10:00:00,1845.1275
2023-09-06 11:00:00,1859.185
2023-09-06 12:00:00,1863.8899999999999
2023-09-06 13:00:00,1856.2
2023-09-06 14:00:00,1835.075
2023-09-06 15:00:00,1826.5925
2023-09-06 16:00:00,1815.1425
2023-09-06 17:00:00,1786.8875
2023-09-06 18:00:00,1745.0625
2023-09-06 19:00:00,1726.895
2023-09-06 20:00:00,1715.5725
2023-09-06 21:00:00,1703.3025
2023-09-06 22:00:00,1712.5925
2023-09-06 23:00:00,1739.88
2023-09-07 00:00:00,1754.9
2023-09-07 01:00:00,1768.0825
2023-09-07 02:00:00,1786.9
2023-09-07 03:00:00,1776.68
2023-09-07 04:00:00,1765.825
2023-09-07 05:00:00,1750.825
2023-09-07 06:00:00,1736.3625000000002
2023-09-07 07:00:00,1727.6525
2023-09-07 08:00:00,1742.6175
2023-09-07 09:00:00,1765.73
2023-09-07 10:00:00,1762.63
2023-09-07 11:00:00,1748.1275
2023-09-07 12:00:00,1731.4975
2023-09-07 13:00:00,1721.475
2023-09-07 14:00:00,1721.365
2023-09-07 15:00:00,1696.38
2023-09-07 16:00:00,1711.595
2023-09-07 17:00:00,1693.7425
2023-09-07 18:00:00,1653.81
2023-09-07 19:00:00,1637.585
2023-09-07 20:00:00,1623.365
2023-09-07 21:00:00,1608.005
2023-09-07 22:00:00,1599.72
2023-09-07 23:00:00,1618.8275
2023-09-08 00:00:00,1640.87
2023-09-08 01:00:00,1656.3825000000002
2023-09-08 02:00:00,1660.6
2023-09-08 03:00:00,1651.455
2023-09-08 04:00:00,1637.9875
2023-09-08 05:00:00,1641.395
2023-09-08 06:00:00,1640.1799999999998
2023-09-08 07:00:00,1641.005
2023-09-08 08:00:00,1665.6225
2023-09-08 09:00:00,1678.5525
2023-09-08 10:00:00,1680.6599999999999
2023-09-08 11:00:00,1668.7024999999999
2023-09-08 12:00:00,1688.8474999999999
2023-09-08 13:00:00,1707.38
2023-09-08 14:00:00,1702.9925
2023-09-08 15:00:00,1709.38
2023-09-08 16:00:00,1756.59
2023-09-08 17:00:00,1721.6325
2023-09-08 18:00:00,1682.11
2023-09-08 19:00:00,1663.6275
2023-09-08 20:00:00,1650.54
2023-09-08 21:00:00,1630.7475
2023-09-08 22:00:00,1635.6575
2023-09-08 23:00:00,1660.2575
2023-09-09 00:00:00,1679.7125
2023-09-09 01:00:00,1687.3725
2023-09-09 02:00:00,1692.7675
2023-09-09 03:00:00,1690.2825
2023-09-09 04:00:00,1675.95
2023-09-09 05:00:00,1658.9175
2023-09-09 06:00:00,1656.865
2023-09-09 07:00:00,1663.415
2023-09-09 08:00:00,1677.4850000000001
2023-09-09 09:00:00,1668.0149999999999
2023-09-09 10:00:00,1662.0625
2023-09-09 11:00:00,1646.25
2023-09-09 12:00:00,1656.1675
2023-09-09 13:00:00,1656.24
2023-09-09 14:00:00,1652.915
2023-09-09 15:00:00,1685.77
2023-09-09 16:00:00,1651.5049999999999
2023-09-09 17:00:00,1614.2425
2023-09-09 18:00:00,1581.66
2023-09-09 19:00:00,1563.5925
2023-09-09 20:00:00,1561.15
2023-09-09 21:00:00,1556.75
2023-09-09 22:00:00,1566.9
2023-09-09 23:00:00,1588.71
2023-09-10 00:00:00,1620.205
2023-09-10 01:00:00,1636.4775
2023-09-10 02:00:00,1628.2575
2023-09-10 03:00:00,1628.2825
2023-09-10 04:00:00,1608.88
2023-09-10 05:00:00,1597.785
2023-09-10 06:00:00,1595.5149999999999
2023-09-10 07:00:00,1596.5575
2023-09-10 08:00:00,1604.525
2023-09-10 09:00:00,1619.4499999999998
2023-09-10 10:00:00,1621.2275
2023-09-10 11:00:00,1623.4225000000001
2023-09-10 12:00:00,1638.5475000000001
2023-09-10 13:00:00,1632.54
2023-09-10 14:00:00,1633.18
2023-09-10 15:00:00,1613.17
2023-09-10 16:00:00,1603.21
2023-09-10 17:00:00,1582.245
2023-09-10 18:00:00,1551.0725
2023-09-10 19:00:00,1538.18
2023-09-10 20:00:00,1526.92
2023-09-10 21:00:00,1514.46
2023-09-10 22:00:00,1508.8725
2023-09-10 23:00:00,1529.0625
2023-09-11 00:00:00,1556.7425
2023-09-11 01:00:00,1574.1425
2023-09-11 02:00:00,1565.625
2023-09-11 03:00:00,1560.4524999999999
2023-09-11 04:00:00,1565.495
2023-09-11 05:00:00,1553.17
2023-09-11 06:00:00,1546.7825
2023-09-11 07:00:00,1569.9675
2023-09-11 08:00:00,1560.9
2023-09-11 09:00:00,1610.3125
2023-09-11 10:00:00,1631.66
2023-09-11 11:00:00,1660.7350000000001
2023-09-11 12:00:00,1677.76
2023-09-11 13:00:00,1695.0925
2023-09-11 14:00:00,1694.9875000000002
2023-09-11 15:00:00,1658.01
2023-09-11 16:00:00,1651.1425
2023-09-11 17:00:00,1633.47
2023-09-11 18:00:00,1612.6525
2023-09-11 19:00:00,1588.695
2023-09-11 20:00:00,1578.7975
2023-09-11 21:00:00,1590.8375
2023-09-11 22:00:00,1604.6425
2023-09-11 23:00:00,1631.1075
2023-09-12 00:00:00,1645.62
2023-09-12 01:00:00,1659.13
2023-09-12 02:00:00,1671.31
2023-09-12 03:00:00,1670.6975
2023-09-12 04:00:00,1674.5
2023-09-12 05:00:00,1657.405
2023-09-12 06:00:00,1616.79
2023-09-12 07:00:00,1589.87
2023-09-12 08:00:00,1574.6075
2023-09-12 09:00:00,1644.3725
2023-09-12 10:00:00,1673.4099999999999
2023-09-12 11:00:00,1700.6775
2023-09-12 12:00:00,1691.175
2023-09-12 13:00:00,1647.66
2023-09-12 14:00:00,1651.3975
2023-09-12 15:00:00,1723.155
2023-09-12 16:00:00,1718.7975
2023-09-12 17:00:00,1679.6200000000001
2023-09-12 18:00:00,1637.925
2023-09-12 19:00:00,1626.5475000000001
2023-09-12 20:00:00,1646.3625
2023-09-12 21:00:00,1663.97
2023-09-12 22:00:00,1676.08
2023-09-12 23:00:00,1692.94
2023-09-13 00:00:00,1708.8575
2023-09-13 01:00:00,1721.825
2023-09-13 02:00:00,1729.3425
2023-09-13 03:00:00,1719.6475
2023-09-13 04:00:00,1706.955
2023-09-13 05:00:00,1697.46
2023-09-13 06:00:00,1677.275
2023-09-13 07:00:00,1673.6425
2023-09-13 08:00:00,1658.7150000000001
2023-09-13 09:00:00,1658.4675
2023-09-13 10:00:00,1697.615
2023-09-13 11:00:00,1735.3175
2023-09-13 12:00:00,1774.435
2023-09-13 13:00:00,1713.78
2023-09-13 14:00:00,1676.685
2023-09-13 15:00:00,1678.3
2023-09-13 16:00:00,1670.0325
2023-09-13 17:00:00,1662.4375
2023-09-13 18:00:00,1679.88
2023-09-13 19:00:00,1704.595
2023-09-13 20:00:00,1734.755
2023-09-13 21:00:00,1765.76
2023-09-13 22:00:00,1794.8575
2023-09-13 23:00:00,1813.22
2023-09-14 00:00:00,1828.115
2023-09-14 01:00:00,1828.905
2023-09-14 02:00:00,1829.6475
2023-09-14 03:00:00,1821.22
2023-09-14 04:00:00,1814.4524999999999
2023-09-14 05:00:00,1801.575
2023-09-14 06:00:00,1807.7625
2023-09-14 07:00:00,1812.5425
2023-09-14 08:00:00,1778.7875
2023-09-14 09:00:00,1745.5425
2023-09-14 10:00:00,1740.2725
2023-09-14 11:00:00,1827.7549999999999
2023-09-14 12:00:00,1838.8675
2023-09-14 13:00:00,1808.49
2023-09-14 14:00:00,1769.5075
2023-09-14 15:00:00,1770.7825
2023-09-14 16:00:00,1754.6025
2023-09-14 17:00:00,1730.7425
2023-09-14 18:00:00,1708.2625
2023-09-14 19:00:00,1698.195
2023-09-14 20:00:00,1697.9375
2023-09-14 21:00:00,1694.485
2023-09-14 22:00:00,1704.085
2023-09-14 23:00:00,1726.65
2023-09-15 00:00:00,1740.4975
2023-09-15 01:00:00,1743.2
2023-09-15 02:00:00,1738.455
2023-09-15 03:00:00,1737.4975
2023-09-15 04:00:00,1712.25
2023-09-15 05:00:00,1706.5875
2023-09-15 06:00:00,1705.48
2023-09-15 07:00:00,1700.1875
2023-09-15 08:00:00,1692.5825
2023-09-15 09:00:00,1715.6875
2023-09-15 10:00:00,1743.5825
2023-09-15 11:00:00,1757.2675
2023-09-15 12:00:00,1772.9
2023-09-15 13:00:00,1778.6475
2023-09-15 14:00:00,1751.2375
2023-09-15 15:00:00,1725.33
2023-09-15 16:00:00,1723.3775
2023-09-15 17:00:00,1689.09
2023-09-15 18:00:00,1659.0349999999999
2023-09-15 19:00:00,1633.9975
2023-09-15 20:00:00,1614.8375
2023-09-15 21:00:00,1602.4475
2023-09-15 22:00:00,1619.8525
2023-09-15 23:00:00,1636.63
2023-09-16 00:00:00,1637.9875
2023-09-16 01:00:00,1621.18
2023-09-16 02:00:00,1605.4875
2023-09-16 03:00:00,1592.715
2023-09-16 04:00:00,1576.5049999999999
2023-09-16 05:00:00,1551.1525000000001
2023-09-16 06:00:00,1525.8200000000002
2023-09-16 07:00:00,1509.1125
2023-09-16 08:00:00,1508.065
2023-09-16 09:00:00,1516.0475
2023-09-16 10:00:00,1539.0125
2023-09-16 11:00:00,1547.8274999999999
2023-09-16 12:00:00,1526.82
2023-09-16 13:00:00,1496.6725
2023-09-16 14:00:00,1466.565
2023-09-16 15:00:00,1448.2350000000001
2023-09-16 16:00:00,1454.695
2023-09-16 17:00:00,1441.91
2023-09-16 18:00:00,1418.555
2023-09-16 19:00:00,1395.3075
2023-09-16 20:00:00,1395.0125
2023-09-16 21:00:00,1398.95
2023-09-16 22:00:00,1413.9299999999998
2023-09-16 23:00:00,1447.2775000000001
2023-09-17 00:00:00,1477.91
2023-09-17 01:00:00,1486.3799999999999
2023-09-17 02:00:00,1476.4524999999999
2023-09-17 03:00:00,1471.4475
2023-09-17 04:00:00,1478.125
2023-09-17 05:00:00,1477.845
2023-09-17 06:00:00,1463.0875
2023-09-17 07:00:00,1463.7525
2023-09-17 08:00:00,1478.505
2023-09-17 09:00:00,1498.9375
2023-09-17 10:00:00,1509.7175
2023-09-17 11:00:00,1484.1925
2023-09-17 12:00:00,1469.3575
2023-09-17 13:00:00,1482.815
2023-09-17 14:00:00,1477.5125
2023-09-17 15:00:00,1444.7225
2023-09-17 16:00:00,1417.0
2023-09-17 17:00:00,1426.0375
2023-09-17 18:00:00,1416.4099999999999
2023-09-17 19:00:00,1401.76
2023-09-17 20:00:00,1386.17
2023-09-17 21:00:00,1374.72
2023-09-17 22:00:00,1347.3725
2023-09-17 23:00:00,1331.725
2023-09-18 00:00:00,1358.77
2023-09-18 01:00:00,1368.7024999999999
2023-09-18 02:00:00,1352.39
2023-09-18 03:00:00,1346.0475
2023-09-18 04:00:00,1347.6175
2023-09-18 05:00:00,1350.3825
2023-09-18 06:00:00,1356.8325
2023-09-18 07:00:00,1373.4299999999998
2023-09-18 08:00:00,1402.245
2023-09-18 09:00:00,1418.5774999999999
2023-09-18 10:00:00,1455.5425
2023-09-18 11:00:00,1451.6675
2023-09-18 12:00:00,1450.6675
2023-09-18 13:00:00,1520.7125
2023-09-18 14:00:00,1508.56
2023-09-18 15:00:00,1469.0325
2023-09-18 16:00:00,1448.51
2023-09-18 17:00:00,1460.53
2023-09-18 18:00:00,1458.8049999999998
2023-09-18 19:00:00,1459.5749999999998
2023-09-18 20:00:00,1473.2875
2023-09-18 21:00:00,1484.295
2023-09-18 22:00:00,1492.2675
2023-09-18 23:00:00,1520.0075000000002
2023-09-19 00:00:00,1542.6975
2023-09-19 01:00:00,1548.98
2023-09-19 02:00:00,1540.55
2023-09-19 03:00:00,1545.9050000000002
2023-09-19 04:00:00,1563.0149999999999
2023-09-19 05:00:00,1571.1299999999999
2023-09-19 06:00:00,1579.1125
2023-09-19 07:00:00,1575.455
2023-09-19 08:00:00,1606.0149999999999
2023-09-19 09:00:00,1637.2675
2023-09-19 10:00:00,1666.15
2023-09-19 11:00:00,1676.1675
2023-09-19 12:00:00,1671.0525
2023-09-19 13:00:00,1723.63
2023-09-19 14:00:00,1713.7024999999999
2023-09-19 15:00:00,1681.5875
2023-09-19 16:00:00,1664.3425
2023-09-19 17:00:00,1654.9524999999999
2023-09-19 18:00:00,1646.835
2023-09-19 19:00:00,1637.9875
2023-09-19 20:00:00,1635.1025
2023-09-19 21:00:00,1640.3374999999999
2023-09-19 22:00:00,1637.955
2023-09-19 23:00:00,1648.1575
2023-09-20 00:00:00,1645.3
2023-09-20 01:00:00,1630.385
2023-09-20 02:00:00,1619.29
2023-09-20 03:00:00,1602.3200000000002
2023-09-20 04:00:00,1594.355
2023-09-20 05:00:00,1580.005
2023-09-20 06:00:00,1552.715
2023-09-20 07:00:00,1532.9575
2023-09-20 08:00:00,1498.6625
2023-09-20 09:00:00,1532.77
2023-09-20 10:00:00,1577.8625
2023-09-20 11:00:00,1593.63
2023-09-20 12:00:00,1623.61
2023-09-20 13:00:00,1639.25
2023-09-20 14:00:00,1639.6725000000001
2023-09-20 15:00:00,1626.095
2023-09-20 16:00:00,1608.3375
2023-09-20 17:00:00,1583.03
2023-09-20 18:00:00,1575.665
2023-09-20 19:00:00,1562.535
2023-09-20 20:00:00,1567.54
2023-09-20 21:00:00,1559.475
2023-09-20 22:00:00,1549.38
2023-09-20 23:00:00,1527.5275000000001
2023-09-21 00:00:00,1516.23
2023-09-21 01:00:00,1496.7425
2023-09-21 02:00:00,1471.6325
2023-09-21 03:00:00,1458.245
2023-09-21 04:00:00,1454.49
2023-09-21 05:00:00,1438.3025
2023-09-21 06:00:00,1429.0325
2023-09-21 07:00:00,1444.605
2023-09-21 08:00:00,1470.695
2023-09-21 09:00:00,1501.7425
2023-09-21 10:00:00,1536.79
2023-09-21 11:00:00,1579.655
2023-09-21 12:00:00,1599.875
2023-09-21 13:00:00,1603.95
2023-09-21 14:00:00,1605.53
2023-09-21 15:00:00,1588.28
2023-09-21 16:00:00,1566.9775
2023-09-21 17:00:00,1532.105
2023-09-21 18:00:00,1510.8225
2023-09-21 19:00:00,1483.4650000000001
2023-09-21 20:00:00,1458.25
2023-09-21 21:00:00,1435.9099999999999
2023-09-21 22:00:00,1426.28
2023-09-21 23:00:00,1423.0225
2023-09-22 00:00:00,1417.1775
2023-09-22 01:00:00,1398.2224999999999
2023-09-22 02:00:00,1396.1675
2023-09-22 03:00:00,1389.4
2023-09-22 04:00:00,1388.7549999999999
2023-09-22 05:00:00,1381.975
2023-09-22 06:00:00,1389.54
2023-09-22 07:00:00,1390.7075
2023-09-22 08:00:00,1391.8400000000001
2023-09-22 09:00:00,1394.73
2023-09-22 10:00:00,1400.38
2023-09-22 11:00:00,1401.0625
2023-09-22 12:00:00,1421.4524999999999
2023-09-22 13:00:00,1443.105
2023-09-22 14:00:00,1453.8200000000002
2023-09-22 15:00:00,1460.4925
2023-09-22 16:00:00,1499.3899999999999
2023-09-22 17:00:00,1541.2525
2023-09-22 18:00:00,1580.995
2023-09-22 19:00:00,1644.365
2023-09-22 20:00:00,1729.78
2023-09-22 21:00:00,1803.12
2023-09-22 22:00:00,1864.79
2023-09-22 23:00:00,1917.6075
2023-09-23 00:00:00,1953.105
2023-09-23 01:00:00,1966.615
2023-09-23 02:00:00,1965.9724999999999
2023-09-23 03:00:00,1962.1775
2023-09-23 04:00:00,1964.7775000000001
2023-09-23 05:00:00,1952.81
2023-09-23 06:00:00,1946.4975
2023-09-23 07:00:00,1943.4675
2023-09-23 08:00:00,1955.0325
2023-09-23 09:00:00,1963.46
2023-09-23 10:00:00,1970.88
2023-09-23 11:00:00,1973.98
2023-09-23 12:00:00,1964.725
2023-09-23 13:00:00,1986.0925
2023-09-23 14:00:00,1974.105
2023-09-23 15:00:00,1970.39
2023-09-23 16:00:00,1958.53
2023-09-23 17:00:00,1915.88
2023-09-23 18:00:00,1895.6575
2023-09-23 19:00:00,1886.6425
2023-09-23 20:00:00,1889.8025
2023-09-23 21:00:00,1887.2375
2023-09-23 22:00:00,1877.3825000000002
2023-09-23 23:00:00,1883.9425
2023-09-24 00:00:00,1880.55
2023-09-24 01:00:00,1868.48
2023-09-24 02:00:00,1845.435
2023-09-24 03:00:00,1811.85
2023-09-24 04:00:00,1785.765
2023-09-24 05:00:00,1779.1975
2023-09-24 06:00:00,1758.0725
2023-09-24 07:00:00,1724.085
2023-09-24 08:00:00,1716.63
2023-09-24 09:00:00,1712.205
2023-09-24 10:00:00,1699.8425
2023-09-24 11:00:00,1682.5
2023-09-24 12:00:00,1639.81
2023-09-24 13:00:00,1667.055
2023-09-24 14:00:00,1667.0425
2023-09-24 15:00:00,1685.6725000000001
2023-09-24 16:00:00,1694.205
2023-09-24 17:00:00,1662.43
2023-09-24 18:00:00,1610.2775000000001
2023-09-24 19:00:00,1609.8275
2023-09-24 20:00:00,1627.1975
2023-09-24 21:00:00,1623.8625
2023-09-24 22:00:00,1628.8575
2023-09-24 23:00:00,1643.52
2023-09-25 00:00:00,1663.2675
2023-09-25 01:00:00,1627.685
2023-09-25 02:00:00,1613.0975
2023-09-25 03:00:00,1585.3575
2023-09-25 04:00:00,1567.6575
2023-09-25 05:00:00,1568.2350000000001
2023-09-25 06:00:00,1596.9625
2023-09-25 07:00:00,1577.2825
2023-09-25 08:00:00,1550.585
2023-09-25 09:00:00,1565.5875
2023-09-25 10:00:00,1568.705
2023-09-25 11:00:00,1619.745
2023-09-25 12:00:00,1642.4025
2023-09-25 13:00:00,1660.385
2023-09-25 14:00:00,1652.0375
2023-09-25 15:00:00,1626.2725
2023-09-25 16:00:00,1598.1675
2023-09-25 17:00:00,1563.355
2023-09-25 18:00:00,1551.83
2023-09-25 19:00:00,1548.7825
2023-09-25 20:00:00,1550.02
2023-09-25 21:00:00,1546.125
2023-09-25 22:00:00,1526.525
2023-09-25 23:00:00,1532.385
2023-09-26 00:00:00,1549.96
2023-09-26 01:00:00,1552.4675
2023-09-26 02:00:00,1551.825
2023-09-26 03:00:00,1551.0525
2023-09-26 04:00:00,1554.3274999999999
2023-09-26 05:00:00,1544.27
2023-09-26 06:00:00,1536.63
2023-09-26 07:00:00,1533.985
2023-09-26 08:00:00,1537.125
2023-09-26 09:00:00,1546.8125
2023-09-26 10:00:00,1568.825
2023-09-26 11:00:00,1592.3475
2023-09-26 12:00:00,1617.81
2023-09-26 13:00:00,1620.7775
2023-09-26 14:00:00,1616.2450000000001
2023-09-26 15:00:00,1615.68
2023-09-26 16:00:00,1602.05
2023-09-26 17:00:00,1569.4499999999998
2023-09-26 18:00:00,1558.2675
2023-09-26 19:00:00,1545.6325
2023-09-26 20:00:00,1547.06
2023-09-26 21:00:00,1541.3875
2023-09-26 22:00:00,1540.6425
2023-09-26 23:00:00,1544.7875
2023-09-27 00:00:00,1543.76
2023-09-27 01:00:00,1531.2675
2023-09-27 02:00:00,1516.945
2023-09-27 03:00:00,1502.18
2023-09-27 04:00:00,1487.2975
2023-09-27 05:00:00,1489.85
2023-09-27 06:00:00,1485.7725
2023-09-27 07:00:00,1460.355
2023-09-27 08:00:00,1425.5975
2023-09-27 09:00:00,1457.145
2023-09-27 10:00:00,1499.6525000000001
2023-09-27 11:00:00,1531.1925
2023-09-27 12:00:00,1572.7350000000001
2023-09-27 13:00:00,1588.48
2023-09-27 14:00:00,1589.2775000000001
2023-09-27 15:00:00,1579.4850000000001
2023-09-27 16:00:00,1554.9850000000001
2023-09-27 17:00:00,1534.79
2023-09-27 18:00:00,1519.3275
2023-09-27 19:00:00,1510.835
2023-09-27 20:00:00,1500.825
2023-09-27 21:00:00,1506.0525
2023-09-27 22:00:00,1507.26
2023-09-27 23:00:00,1508.3275
2023-09-28 00:00:00,1496.3600000000001
2023-09-28 01:00:00,1483.26
2023-09-28 02:00:00,1484.295
2023-09-28 03:00:00,1479.125
2023-09-28 04:00:00,1460.615
2023-09-28 05:00:00,1445.9924999999998
2023-09-28 06:00:00,1440.9025
2023-09-28 07:00:00,1409.3775
2023-09-28 08:00:00,1385.3325
2023-09-28 09:00:00,1434.4525
2023-09-28 10:00:00,1442.19
2023-09-28 11:00:00,1454.46
2023-09-28 12:00:00,1470.0925
2023-09-28 13:00:00,1466.4675
2023-09-28 14:00:00,1470.7
2023-09-28 15:00:00,1471.4950000000001
2023-09-28 16:00:00,1464.3525
2023-09-28 17:00:00,1440.585
2023-09-28 18:00:00,1425.1975
2023-09-28 19:00:00,1427.4625
2023-09-28 20:00:00,1420.8474999999999
2023-09-28 21:00:00,1415.8474999999999
2023-09-28 22:00:00,1405.01
2023-09-28 23:00:00,1419.2350000000001
2023-09-29 00:00:00,1437.51
2023-09-29 01:00:00,1441.7649999999999
2023-09-29 02:00:00,1434.3875
2023-09-29 03:00:00,1412.5974999999999
2023-09-29 04:00:00,1406.9325
2023-09-29 05:00:00,1427.365
2023-09-29 06:00:00,1431.1975
2023-09-29 07:00:00,1427.285
2023-09-29 08:00:00,1427.76
2023-09-29 09:00:00,1427.025
2023-09-29 10:00:00,1448.245
2023-09-29 11:00:00,1463.9025000000001
2023-09-29 12:00:00,1462.3575
2023-09-29 13:00:00,1485.955
2023-09-29 14:00:00,1497.41
2023-09-29 15:00:00,1473.5875
2023-09-29 16:00:00,1444.6375
2023-09-29 17:00:00,1414.44
2023-09-29 18:00:00,1401.58
2023-09-29 19:00:00,1395.6425
2023-09-29 20:00:00,1390.2875
2023-09-29 21:00:00,1392.4575
2023-09-29 22:00:00,1392.945
2023-09-29 23:00:00,1374.2575
2023-09-30 00:00:00,1353.0825
2023-09-30 01:00:00,1354.05
2023-09-30 02:00:00,1355.05
2023-09-30 03:00:00,1334.5975
2023-09-30 04:00:00,1316.51
2023-09-30 05:00:00,1299.305
2023-09-30 06:00:00,1285.41
2023-09-30 07:00:00,1279.245
2023-09-30 08:00:00,1296.3725
2023-09-30 09:00:00,1313.3125
2023-09-30 10:00:00,1319.1975
2023-09-30 11:00:00,1327.445
2023-09-30 12:00:00,1335.5525
2023-09-30 13:00:00,1348.5725
2023-09-30 14:00:00,1346.6675
2023-09-30 15:00:00,1342.3225
2023-09-30 16:00:00,1331.8225
2023-09-30 17:00:00,1315.9425
2023-09-30 18:00:00,1317.28
2023-09-30 19:00:00,1314.885
2023-09-30 20:00:00,1312.5025
2023-09-30 21:00:00,1310.5025
2023-09-30 22:00:00,1311.01
2023-09-30 23:00:00,1320.6
2023-10-01 00:00:00,1312.7175
2023-10-01 01:00:00,1290.5275000000001
2023-10-01 02:00:00,1280.0975
2023-10-01 03:00:00,1263.9575
2023-10-01 04:00:00,1267.5475
2023-10-01 05:00:00,1272.4524999999999
2023-10-01 06:00:00,1271.5974999999999
2023-10-01 07:00:00,1284.4275
2023-10-01 08:00:00,1305.4975
2023-10-01 09:00:00,1326.2275
2023-10-01 10:00:00,1348.7975
2023-10-01 11:00:00,1363.98
2023-10-01 12:00:00,1374.79
2023-10-01 13:00:00,1371.8200000000002
2023-10-01 14:00:00,1373.065
2023-10-01 15:00:00,1354.03
2023-10-01 16:00:00,1326.525
2023-10-01 17:00:00,1295.6975
2023-10-01 18:00:00,1274.685
2023-10-01 19:00:00,1274.1725000000001
2023-10-01 20:00:00,1280.695
2023-10-01 21:00:00,1275.5375
2023-10-01 22:00:00,1281.6825
2023-10-01 23:00:00,1289.9
2023-10-02 00:00:00,1308.6325
2023-10-02 01:00:00,1321.21
2023-10-02 02:00:00,1314.5175
2023-10-02 03:00:00,1303.9875
2023-10-02 04:00:00,1292.8975
2023-10-02 05:00:00,1301.305
2023-10-02 06:00:00,1308.9275
2023-10-02 07:00:00,1319.5175
2023-10-02 08:00:00,1326.45
2023-10-02 09:00:00,1347.3325
2023-10-02 10:00:00,1385.9075
2023-10-02 11:00:00,1398.8825
2023-10-02 12:00:00,1386.19
2023-10-02 13:00:00,1385.71
2023-10-02 14:00:00,1390.8700000000001
2023-10-02 15:00:00,1369.3925
2023-10-02 16:00:00,1337.275
2023-10-02 17:00:00,1304.9025
2023-10-02 18:00:00,1287.6950000000002
2023-10-02 19:00:00,1284.7875
2023-10-02 20:00:00,1290.445
2023-10-02 21:00:00,1290.38
2023-10-02 22:00:00,1289.7525
2023-10-02 23:00:00,1292.9524999999999
2023-10-03 00:00:00,1295.865
2023-10-03 01:00:00,1299.7125
2023-10-03 02:00:00,1288.345
2023-10-03 03:00:00,1276.495
2023-10-03 04:00:00,1267.71
2023-10-03 05:00:00,1258.5175
2023-10-03 06:00:00,1255.965
2023-10-03 07:00:00,1261.33
2023-10-03 08:00:00,1265.4425
2023-10-03 09:00:00,1292.2325
2023-10-03 10:00:00,1310.2024999999999
2023-10-03 11:00:00,1326.3400000000001
2023-10-03 12:00:00,1336.3625
2023-10-03 13:00:00,1326.875
2023-10-03 14:00:00,1303.2375
2023-10-03 15:00:00,1304.0575
2023-10-03 16:00:00,1299.12
2023-10-03 17:00:00,1272.2124999999999
2023-10-03 18:00:00,1255.1775
2023-10-03 19:00:00,1249.5375
2023-10-03 20:00:00,1264.2725
2023-10-03 21:00:00,1269.7275
2023-10-03 22:00:00,1265.3899999999999
2023-10-03 23:00:00,1271.63
2023-10-04 00:00:00,1274.0725
2023-10-04 01:00:00,1265.21
2023-10-04 02:00:00,1244.5900000000001
2023-10-04 03:00:00,1229.335
2023-10-04 04:00:00,1210.8725
2023-10-04 05:00:00,1197.5325
2023-10-04 06:00:00,1195.1475
2023-10-04 07:00:00,1192.3125
2023-10-04 08:00:00,1211.5475000000001
2023-10-04 09:00:00,1242.48
2023-10-04 10:00:00,1261.235
2023-10-04 11:00:00,1282.0975
2023-10-04 12:00:00,1305.8225
2023-10-04 13:00:00,1314.085
2023-10-04 14:00:00,1316.895
2023-10-04 15:00:00,1299.6375
2023-10-04 16:00:00,1285.5175
2023-10-04 17:00:00,1278.1100000000001
2023-10-04 18:00:00,1270.33
2023-10-04 19:00:00,1270.5025
2023-10-04 20:00:00,1281.7275
2023-10-04 21:00:00,1281.9325
2023-10-04 22:00:00,1285.1399999999999
2023-10-04 23:00:00,1276.885
2023-10-05 00:00:00,1256.775
2023-10-05 01:00:00,1246.8375
2023-10-05 02:00:00,1233.76
2023-10-05 03:00:00,1215.775
2023-10-05 04:00:00,1196.1075
2023-10-05 05:00:00,1183.4425
2023-10-05 06:00:00,1188.325
2023-10-05 07:00:00,1191.1525000000001
2023-10-05 08:00:00,1189.9125
2023-10-05 09:00:00,1199.775
2023-10-05 10:00:00,1228.31
2023-10-05 11:00:00,1253.8125
2023-10-05 12:00:00,1285.3175
2023-10-05 13:00:00,1271.955
2023-10-05 14:00:00,1261.2475
2023-10-05 15:00:00,1241.4675
2023-10-05 16:00:00,1239.6374999999998
2023-10-05 17:00:00,1239.3875
2023-10-05 18:00:00,1240.46
2023-10-05 19:00:00,1248.705
2023-10-05 20:00:00,1259.355
2023-10-05 21:00:00,1268.455
2023-10-05 22:00:00,1270.56
2023-10-05 23:00:00,1274.2925
2023-10-06 00:00:00,1274.57
2023-10-06 01:00:00,1264.495
2023-10-06 02:00:00,1254.51
2023-10-06 03:00:00,1238.6825
2023-10-06 04:00:00,1232.9025
2023-10-06 05:00:00,1217.46
2023-10-06 06:00:00,1212.755
2023-10-06 07:00:00,1220.345
2023-10-06 08:00:00,1240.9125
2023-10-06 09:00:00,1252.5425
2023-10-06 10:00:00,1264.6175
2023-10-06 11:00:00,1269.7925
2023-10-06 12:00:00,1272.005
2023-10-06 13:00:00,1267.5325
2023-10-06 14:00:00,1254.8775
2023-10-06 15:00:00,1247.34
2023-10-06 16:00:00,1230.0375
2023-10-06 17:00:00,1207.19
2023-10-06 18:00:00,1199.7575000000002
2023-10-06 19:00:00,1194.31
2023-10-06 20:00:00,1191.4425
2023-10-06 21:00:00,1191.8675
2023-10-06 22:00:00,1187.965
2023-10-06 23:00:00,1193.01
2023-10-07 00:00:00,1190.47
2023-10-07 01:00:00,1181.41
2023-10-07 02:00:00,1186.0425
2023-10-07 03:00:00,1172.51
2023-10-07 04:00:00,1154.26
2023-10-07 05:00:00,1139.4875
2023-10-07 06:00:00,1126.18
2023-10-07 07:00:00,1122.0225
2023-10-07 08:00:00,1136.8474999999999
2023-10-07 09:00:00,1157.8174999999999
2023-10-07 10:00:00,1189.0275
2023-10-07 11:00:00,1211.3925
2023-10-07 12:00:00,1226.4825
2023-10-07 13:00:00,1221.3899999999999
2023-10-07 14:00:00,1194.245
2023-10-07 15:00:00,1166.745
2023-10-07 16:00:00,1151.8725
2023-10-07 17:00:00,1140.2475
2023-10-07 18:00:00,1141.8375
2023-10-07 19:00:00,1136.26
2023-10-07 20:00:00,1136.65
2023-10-07 21:00:00,1140.495
2023-10-07 22:00:00,1137.5375
2023-10-07 23:00:00,1138.935
2023-10-08 00:00:00,1129.4475
2023-10-08 01:00:00,1117.245
2023-10-08 02:00:00,1100.1775
2023-10-08 03:00:00,1086.9475
2023-10-08 04:00:00,1080.1299999999999
2023-10-08 05:00:00,1060.0075
2023-10-08 06:00:00,1044.02
2023-10-08 07:00:00,1053.8899999999999
2023-10-08 08:00:00,1075.44
2023-10-08 09:00:00,1100.3874999999998
2023-10-08 10:00:00,1106.0375
2023-10-08 11:00:00,1116.8575
2023-10-08 12:00:00,1134.2125
2023-10-08 13:00:00,1143.075
2023-10-08 14:00:00,1148.9075
2023-10-08 15:00:00,1142.0325
2023-10-08 16:00:00,1141.455
2023-10-08 17:00:00,1142.9325
2023-10-08 18:00:00,1141.4925
2023-10-08 19:00:00,1149.6075
2023-10-08 20:00:00,1147.485
2023-10-08 21:00:00,1157.455
2023-10-08 22:00:00,1168.8925
2023-10-08 23:00:00,1178.355
2023-10-09 00:00:00,1197.095
2023-10-09 01:00:00,1214.875
2023-10-09 02:00:00,1221.635
2023-10-09 03:00:00,1220.1425
2023-10-09 04:00:00,1223.3725
2023-10-09 05:00:00,1227.6625
2023-10-09 06:00:00,1221.8899999999999
2023-10-09 07:00:00,1247.98
2023-10-09 08:00:00,1260.7075
2023-10-09 09:00:00,1262.32
2023-10-09 10:00:00,1264.49
2023-10-09 11:00:00,1273.49
2023-10-09 12:00:00,1270.43
2023-10-09 13:00:00,1287.9099999999999
2023-10-09 14:00:00,1280.3899999999999
2023-10-09 15:00:00,1262.36
2023-10-09 16:00:00,1260.075
2023-10-09 17:00:00,1263.6375
2023-10-09 18:00:00,1278.8600000000001
2023-10-09 19:00:00,1285.83
2023-10-09 20:00:00,1299.2975000000001
2023-10-09 21:00:00,1308.5975
2023-10-09 22:00:00,1321.9225000000001
2023-10-09 23:00:00,1327.77
2023-10-10 00:00:00,1325.3375
2023-10-10 01:00:00,1330.4825
2023-10-10 02:00:00,1328.805
2023-10-10 03:00:00,1309.57
2023-10-10 04:00:00,1292.74
2023-10-10 05:00:00,1280.405
2023-10-10 06:00:00,1267.2275
2023-10-10 07:00:00,1260.59
2023-10-10 08:00:00,1263.3775
2023-10-10 09:00:00,1266.495
2023-10-10 10:00:00,1273.9424999999999
2023-10-10 11:00:00,1286.94
2023-10-10 12:00:00,1298.0575
2023-10-10 13:00:00,1311.7275
2023-10-10 14:00:00,1321.045
2023-10-10 15:00:00,1301.5525
2023-10-10 16:00:00,1292.905
2023-10-10 17:00:00,1287.0975
2023-10-10 18:00:00,1287.47
2023-10-10 19:00:00,1295.5175
2023-10-10 20:00:00,1312.295
2023-10-10 21:00:00,1305.31
2023-10-10 22:00:00,1311.4275
2023-10-10 23:00:00,1315.0275000000001
2023-10-11 00:00:00,1314.7075
2023-10-11 01:00:00,1324.09
2023-10-11 02:00:00,1319.2025
2023-10-11 03:00:00,1306.79
2023-10-11 04:00:00,1297.92
2023-10-11 05:00:00,1280.1325
2023-10-11 06:00:00,1268.685
2023-10-11 07:00:00,1272.9225000000001
2023-10-11 08:00:00,1273.575
2023-10-11 09:00:00,1294.5
2023-10-11 10:00:00,1300.63
2023-10-11 11:00:00,1331.165
2023-10-11 12:00:00,1345.625
2023-10-11 13:00:00,1352.3899999999999
2023-10-11 14:00:00,1343.6075
2023-10-11 15:00:00,1328.9475
2023-10-11 16:00:00,1311.49
2023-10-11 17:00:00,1285.5625
2023-10-11 18:00:00,1265.7425
2023-10-11 19:00:00,1260.42
2023-10-11 20:00:00,1257.885
2023-10-11 21:00:00,1258.075
2023-10-11 22:00:00,1254.865
2023-10-11 23:00:00,1265.5875
2023-10-12 00:00:00,1272.7725
2023-10-12 01:00:00,1258.1625
2023-10-12 02:00:00,1243.9
2023-10-12 03:00:00,1237.705
2023-10-12 04:00:00,1232.73
2023-10-12 05:00:00,1224.5475000000001
2023-10-12 06:00:00,1223.0475
2023-10-12 07:00:00,1203.96
2023-10-12 08:00:00,1192.0525
2023-10-12 09:00:00,1198.07
2023-10-12 10:00:00,1228.1100000000001
2023-10-12 11:00:00,1254.6299999999999
2023-10-12 12:00:00,1269.0675
2023-10-12 13:00:00,1274.9375
2023-10-12 14:00:00,1259.4925
2023-10-12 15:00:00,1226.0175
2023-10-12 16:00:00,1199.1775
2023-10-12 17:00:00,1175.5675
2023-10-12 18:00:00,1168.6775
2023-10-12 19:00:00,1165.525
2023-10-12 20:00:00,1174.22
2023-10-12 21:00:00,1190.3075000000001
2023-10-12 22:00:00,1215.2875
2023-10-12 23:00:00,1258.76
2023-10-13 00:00:00,1258.4275
2023-10-13 01:00:00,1257.6625
2023-10-13 02:00:00,1252.2175
2023-10-13 03:00:00,1256.205
2023-10-13 04:00:00,1249.21
2023-10-13 05:00:00,1242.9925
2023-10-13 06:00:00,1239.8975
2023-10-13 07:00:00,1235.3125
2023-10-13 08:00:00,1255.4375
2023-10-13 09:00:00,1267.32
2023-10-13 10:00:00,1271.46
2023-10-13 11:00:00,1303.72
2023-10-13 12:00:00,1347.8875
2023-10-13 13:00:00,1351.92
2023-10-13 14:00:00,1318.4975
2023-10-13 15:00:00,1280.2725
2023-10-13 16:00:00,1238.005
2023-10-13 17:00:00,1208.47
2023-10-13 18:00:00,1180.24
2023-10-13 19:00:00,1168.99
2023-10-13 20:00:00,1156.105
2023-10-13 21:00:00,1147.3875
2023-10-13 22:00:00,1152.215
2023-10-13 23:00:00,1159.3075
2023-10-14 00:00:00,1163.99
2023-10-14 01:00:00,1160.885
2023-10-14 02:00:00,1152.2325
2023-10-14 03:00:00,1146.5275
2023-10-14 04:00:00,1137.3475
2023-10-14 05:00:00,1125.4125
2023-10-14 06:00:00,1111.47
2023-10-14 07:00:00,1095.8375
2023-10-14 08:00:00,1095.8
2023-10-14 09:00:00,1093.975
2023-10-14 10:00:00,1091.825
2023-10-14 11:00:00,1100.9275
2023-10-14 12:00:00,1102.17
2023-10-14 13:00:00,1090.2925
2023-10-14 14:00:00,1101.465
2023-10-14 15:00:00,1131.1575
2023-10-14 16:00:00,1114.7575
2023-10-14 17:00:00,1102.47
2023-10-14 18:00:00,1084.3474999999999
2023-10-14 19:00:00,1083.435
2023-10-14 20:00:00,1085.565
2023-10-14 21:00:00,1086.155
2023-10-14 22:00:00,1093.455
2023-10-14 23:00:00,1112.9524999999999
2023-10-15 00:00:00,1120.6725
2023-10-15 01:00:00,1115.3475
2023-10-15 02:00:00,1107.375
2023-10-15 03:00:00,1068.4575
2023-10-15 04:00:00,1100.9975
2023-10-15 05:00:00,1084.1000000000001
2023-10-15 06:00:00,1070.27
2023-10-15 07:00:00,1069.5475000000001
2023-10-15 08:00:00,1080.6575
2023-10-15 09:00:00,1084.0774999999999
2023-10-15 10:00:00,1102.8175
2023-10-15 11:00:00,1106.245
2023-10-15 12:00:00,1081.79
2023-10-15 13:00:00,1081.0725
2023-10-15 14:00:00,1069.27
2023-10-15 15:00:00,1063.875
2023-10-15 16:00:00,1058.5149999999999
2023-10-15 17:00:00,1036.4625
2023-10-15 18:00:00,1027.34
2023-10-15 19:00:00,1018.41
2023-10-15 20:00:00,1016.425
2023-10-15 21:00:00,1022.0775
2023-10-15 22:00:00,1018.6725
2023-10-15 23:00:00,1009.2675
2023-10-16 00:00:00,1015.365
2023-10-16 01:00:00,1023.005
2023-10-16 02:00:00,1019.265
2023-10-16 03:00:00,1006.575
2023-10-16 04:00:00,993.8225
2023-10-16 05:00:00,985.9475
2023-10-16 06:00:00,979.3325
2023-10-16 07:00:00,998.25
2023-10-16 08:00:00,1020.295
2023-10-16 09:00:00,1047.5025
2023-10-16 10:00:00,1066.4875
2023-10-16 11:00:00,1095.4025000000001
2023-10-16 12:00:00,1121.0175
2023-10-16 13:00:00,1140.19
2023-10-16 14:00:00,1157.1075
2023-10-16 15:00:00,1152.4275
2023-10-16 16:00:00,1132.595
2023-10-16 17:00:00,1112.13
2023-10-16 18:00:00,1092.205
2023-10-16 19:00:00,1088.965
2023-10-16 20:00:00,1088.1575
2023-10-16 21:00:00,1093.9425
2023-10-16 22:00:00,1115.78
2023-10-16 23:00:00,1142.4275
2023-10-17 00:00:00,1170.225
2023-10-17 01:00:00,1174.75
2023-10-17 02:00:00,1166.005
2023-10-17 03:00:00,1154.865
2023-10-17 04:00:00,1145.7125
2023-10-17 05:00:00,1132.4825
2023-10-17 06:00:00,1122.98
2023-10-17 07:00:00,1119.69
2023-10-17 08:00:00,1126.045
2023-10-17 09:00:00,1131.7125
2023-10-17 10:00:00,1135.06
2023-10-17 11:00:00,1156.625
2023-10-17 12:00:00,1174.5349999999999
2023-10-17 13:00:00,1172.41
2023-10-17 14:00:00,1170.2825
2023-10-17 15:00:00,1150.2325
2023-10-17 16:00:00,1139.6575
2023-10-17 17:00:00,1121.8274999999999
2023-10-17 18:00:00,1116.1575
2023-10-17 19:00:00,1124.72
2023-10-17 20:00:00,1129.53
2023-10-17 21:00:00,1140.8425
2023-10-17 22:00:00,1148.5625
2023-10-17 23:00:00,1158.6075
2023-10-18 00:00:00,1167.7350000000001
2023-10-18 01:00:00,1173.3274999999999
2023-10-18 02:00:00,1155.0525
2023-10-18 03:00:00,1138.885
2023-10-18 04:00:00,1130.7325
2023-10-18 05:00:00,1114.1025
2023-10-18 06:00:00,1097.975
2023-10-18 07:00:00,1083.7
2023-10-18 08:00:00,1100.6975
2023-10-18 09:00:00,1117.8674999999998
2023-10-18 10:00:00,1121.0625
2023-10-18 11:00:00,1141.6825
2023-10-18 12:00:00,1158.475
2023-10-18 13:00:00,1155.9425
2023-10-18 14:00:00,1124.5
2023-10-18 15:00:00,1100.3075
2023-10-18 16:00:00,1086.2475
2023-10-18 17:00:00,1063.6725
2023-10-18 18:00:00,1057.665
2023-10-18 19:00:00,1066.9275
2023-10-18 20:00:00,1060.07
2023-10-18 21:00:00,1048.6875
2023-10-18 22:00:00,1050.2575
2023-10-18 23:00:00,1057.555
2023-10-19 00:00:00,1063.83
2023-10-19 01:00:00,1065.8600000000001
2023-10-19 02:00:00,1061.4724999999999
2023-10-19 03:00:00,1060.865
2023-10-19 04:00:00,1062.065
2023-10-19 05:00:00,1058.9524999999999
2023-10-19 06:00:00,1055.2475
2023-10-19 07:00:00,1062.6125
2023-10-19 08:00:00,1068.5475000000001
2023-10-19 09:00:00,1083.3375
2023-10-19 10:00:00,1093.365
2023-10-19 11:00:00,1082.195
2023-10-19 12:00:00,1099.0025
2023-10-19 13:00:00,1090.005
2023-10-19 14:00:00,1084.8875
2023-10-19 15:00:00,1079.84
2023-10-19 16:00:00,1038.9825
2023-10-19 17:00:00,1008.53
2023-10-19 18:00:00,1003.965
2023-10-19 19:00:00,1007.0175
2023-10-19 20:00:00,1005.59
2023-10-19 21:00:00,1000.8275
2023-10-19 22:00:00,1011.165
2023-10-19 23:00:00,1009.435
2023-10-20 00:00:00,1013.855
2023-10-20 01:00:00,1028.9450000000002
2023-10-20 02:00:00,1040.44
2023-10-20 03:00:00,1037.8049999999998
2023-10-20 04:00:00,1043.9175
2023-10-20 05:00:00,1062.3225
2023-10-20 06:00:00,1075.32
2023-10-20 07:00:00,1077.7125
2023-10-20 08:00:00,1087.3875
2023-10-20 09:00:00,1096.49
2023-10-20 10:00:00,1094.025
2023-10-20 11:00:00,1096.3400000000001
2023-10-20 12:00:00,1099.295
2023-10-20 13:00:00,1128.935
2023-10-20 14:00:00,1120.21
2023-10-20 15:00:00,1106.51
2023-10-20 16:00:00,1100.1525
2023-10-20 17:00:00,1076.9275
2023-10-20 18:00:00,1071.7125
2023-10-20 19:00:00,1075.3
2023-10-20 20:00:00,1093.5349999999999
2023-10-20 21:00:00,1129.0875
2023-10-20 22:00:00,1167.8475
2023-10-20 23:00:00,1225.325
2023-10-21 00:00:00,1269.085
2023-10-21 01:00:00,1304.17
2023-10-21 02:00:00,1335.56
2023-10-21 03:00:00,1364.4825
2023-10-21 04:00:00,1380.4524999999999
2023-10-21 05:00:00,1391.0825
2023-10-21 06:00:00,1396.365
2023-10-21 07:00:00,1425.1625
2023-10-21 08:00:00,1449.855
2023-10-21 09:00:00,1470.1325
2023-10-21 10:00:00,1501.2849999999999
2023-10-21 11:00:00,1526.1
2023-10-21 12:00:00,1547.6
2023-10-21 13:00:00,1544.42
2023-10-21 14:00:00,1525.4825
2023-10-21 15:00:00,1502.7649999999999
2023-10-21 16:00:00,1466.6924999999999
2023-10-21 17:00:00,1451.15
2023-10-21 18:00:00,1438.9675
2023-10-21 19:00:00,1419.0625
2023-10-21 20:00:00,1396.455
2023-10-21 21:00:00,1374.605
2023-10-21 22:00:00,1348.925
2023-10-21 23:00:00,1320.57
2023-10-22 00:00:00,1299.2875
2023-10-22 01:00:00,1286.08
2023-10-22 02:00:00,1278.23
2023-10-22 03:00:00,1258.5675
2023-10-22 04:00:00,1239.545
2023-10-22 05:00:00,1236.0975
2023-10-22 06:00:00,1235.49
2023-10-22 07:00:00,1229.9825
2023-10-22 08:00:00,1235.6125
2023-10-22 09:00:00,1237.5475000000001
2023-10-22 10:00:00,1230.375
2023-10-22 11:00:00,1254.1275
2023-10-22 12:00:00,1268.2725
2023-10-22 13:00:00,1273.0125
2023-10-22 14:00:00,1257.58
2023-10-22 15:00:00,1231.3474999999999
2023-10-22 16:00:00,1195.385
2023-10-22 17:00:00,1164.18
2023-10-22 18:00:00,1139.8975
2023-10-22 19:00:00,1125.5774999999999
2023-10-22 20:00:00,1124.33
2023-10-22 21:00:00,1129.355
2023-10-22 22:00:00,1133.245
2023-10-22 23:00:00,1144.4850000000001
2023-10-23 00:00:00,1176.475
2023-10-23 01:00:00,1177.3075
2023-10-23 02:00:00,1169.55
2023-10-23 03:00:00,1166.905
2023-10-23 04:00:00,1174.53
2023-10-23 05:00:00,1175.5825
2023-10-23 06:00:00,1171.21
2023-10-23 07:00:00,1159.9099999999999
2023-10-23 08:00:00,1169.7475
2023-10-23 09:00:00,1190.4275
2023-10-23 10:00:00,1232.195
2023-10-23 11:00:00,1252.0974999999999
2023-10-23 12:00:00,1263.055
2023-10-23 13:00:00,1267.6100000000001
2023-10-23 14:00:00,1235.98
2023-10-23 15:00:00,1218.675
2023-10-23 16:00:00,1234.225
2023-10-23 17:00:00,1236.2075
2023-10-23 18:00:00,1237.5425
2023-10-23 19:00:00,1235.3075
2023-10-23 20:00:00,1240.9275
2023-10-23 21:00:00,1258.115
2023-10-23 22:00:00,1271.0425
2023-10-23 23:00:00,1285.745
2023-10-24 00:00:00,1284.175
2023-10-24 01:00:00,1281.1475
2023-10-24 02:00:00,1274.665
2023-10-24 03:00:00,1263.2875
2023-10-24 04:00:00,1261.6399999999999
2023-10-24 05:00:00,1256.9
2023-10-24 06:00:00,1243.7725
2023-10-24 07:00:00,1230.9850000000001
2023-10-24 08:00:00,1233.8
2023-10-24 09:00:00,1228.945
2023-10-24 10:00:00,1217.0725
2023-10-24 11:00:00,1224.335
2023-10-24 12:00:00,1207.67
2023-10-24 13:00:00,1201.585
2023-10-24 14:00:00,1211.7625
2023-10-24 15:00:00,1214.2475
2023-10-24 16:00:00,1214.6525000000001
2023-10-24 17:00:00,1205.115
2023-10-24 18:00:00,1209.6625
2023-10-24 19:00:00,1227.5425
2023-10-24 20:00:00,1228.7225
2023-10-24 21:00:00,1217.8075
2023-10-24 22:00:00,1224.77
2023-10-24 23:00:00,1239.0774999999999
2023-10-25 00:00:00,1246.6825000000001
2023-10-25 01:00:00,1250.1925
2023-10-25 02:00:00,1253.085
2023-10-25 03:00:00,1263.4575
2023-10-25 04:00:00,1276.165
2023-10-25 05:00:00,1279.8825
2023-10-25 06:00:00,1285.4650000000001
2023-10-25 07:00:00,1278.2075
2023-10-25 08:00:00,1288.85
2023-10-25 09:00:00,1328.3675
2023-10-25 10:00:00,1359.47
2023-10-25 11:00:00,1377.8075
2023-10-25 12:00:00,1390.75
2023-10-25 13:00:00,1383.9675
2023-10-25 14:00:00,1369.29
2023-10-25 15:00:00,1327.0825
2023-10-25 16:00:00,1309.12
2023-10-25 17:00:00,1282.215
2023-10-25 18:00:00,1281.85
2023-10-25 19:00:00,1280.4375
2023-10-25 20:00:00,1274.36
2023-10-25 21:00:00,1276.5525
2023-10-25 22:00:00,1276.125
2023-10-25 23:00:00,1288.475
2023-10-26 00:00:00,1296.7775
2023-10-26 01:00:00,1307.065
2023-10-26 02:00:00,1308.355
2023-10-26 03:00:00,1306.885
2023-10-26 04:00:00,1308.9075
2023-10-26 05:00:00,1307.815
2023-10-26 06:00:00,1311.9025
2023-10-26 07:00:00,1304.93
2023-10-26 08:00:00,1311.6075
2023-10-26 09:00:00,1310.745
2023-10-26 10:00:00,1304.295
2023-10-26 11:00:00,1299.5225
2023-10-26 12:00:00,1304.625
2023-10-26 13:00:00,1282.245
2023-10-26 14:00:00,1312.19
2023-10-26 15:00:00,1312.99
2023-10-26 16:00:00,1290.7775
2023-10-26 17:00:00,1275.8899999999999
2023-10-26 18:00:00,1268.1925
2023-10-26 19:00:00,1276.62
2023-10-26 20:00:00,1280.7975000000001
2023-10-26 21:00:00,1284.9499999999998
2023-10-26 22:00:00,1286.68
2023-10-26 23:00:00,1286.9775
2023-10-27 00:00:00,1290.75
2023-10-27 01:00:00,1295.5425
2023-10-27 02:00:00,1306.1725000000001
2023-10-27 03:00:00,1309.9850000000001
2023-10-27 04:00:00,1314.94
2023-10-27 05:00:00,1323.6325
2023-10-27 06:00:00,1323.8075
2023-10-27 07:00:00,1340.575
2023-10-27 08:00:00,1354.695
2023-10-27 09:00:00,1365.9725
2023-10-27 10:00:00,1379.285
2023-10-27 11:00:00,1398.955
2023-10-27 12:00:00,1426.22
2023-10-27 13:00:00,1471.69
2023-10-27 14:00:00,1484.24
2023-10-27 15:00:00,1484.6125
2023-10-27 16:00:00,1485.8475
2023-10-27 17:00:00,1479.3
2023-10-27 18:00:00,1478.42
2023-10-27 19:00:00,1485.095
2023-10-27 20:00:00,1481.7125
2023-10-27 21:00:00,1482.22
2023-10-27 22:00:00,1489.3025
2023-10-27 23:00:00,1497.2925
2023-10-28 00:00:00,1492.3400000000001
2023-10-28 01:00:00,1483.075
2023-10-28 02:00:00,1485.355
2023-10-28 03:00:00,1487.49
2023-10-28 04:00:00,1492.0825
2023-10-28 05:00:00,1495.7649999999999
2023-10-28 06:00:00,1483.1825
2023-10-28 07:00:00,1472.695
2023-10-28 08:00:00,1474.2125
2023-10-28 09:00:00,1478.0
2023-10-28 10:00:00,1478.525
2023-10-28 11:00:00,1487.4825
2023-10-28 12:00:00,1498.0875
2023-10-28 13:00:00,1480.2775
2023-10-28 14:00:00,1455.69
2023-10-28 15:00:00,1422.355
2023-10-28 16:00:00,1381.07
2023-10-28 17:00:00,1361.1775
2023-10-28 18:00:00,1347.585
2023-10-28 19:00:00,1337.7125
2023-10-28 20:00:00,1339.6825
2023-10-28 21:00:00,1334.9099999999999
2023-10-28 22:00:00,1333.0175
2023-10-28 23:00:00,1339.2375
2023-10-29 00:00:00,1329.1325
2023-10-29 01:00:00,1314.48
2023-10-29 02:00:00,1300.06
2023-10-29 03:00:00,1252.0575
2023-10-29 04:00:00,1244.105
2023-10-29 05:00:00,1249.5025
2023-10-29 06:00:00,1241.96
2023-10-29 07:00:00,1235.55
2023-10-29 08:00:00,1273.1875
2023-10-29 09:00:00,1285.06
2023-10-29 10:00:00,1288.0475000000001
2023-10-29 11:00:00,1287.62
2023-10-29 12:00:00,1286.35
2023-10-29 13:00:00,1285.6225
2023-10-29 14:00:00,1256.2775
2023-10-29 15:00:00,1231.8425
2023-10-29 16:00:00,1219.94
2023-10-29 17:00:00,1199.31
2023-10-29 18:00:00,1186.0425
2023-10-29 19:00:00,1174.1875
2023-10-29 20:00:00,1166.1125
2023-10-29 21:00:00,1142.9825
2023-10-29 22:00:00,1128.0475000000001
2023-10-29 23:00:00,1113.9925
2023-10-30 00:00:00,1112.83
2023-10-30 01:00:00,1103.2075
2023-10-30 02:00:00,1095.23
2023-10-30 03:00:00,1094.5625
2023-10-30 04:00:00,1090.0075
2023-10-30 05:00:00,1088.98
2023-10-30 06:00:00,1093.6325
2023-10-30 07:00:00,1099.935
2023-10-30 08:00:00,1132.95
2023-10-30 09:00:00,1149.2725
2023-10-30 10:00:00,1168.8625
2023-10-30 11:00:00,1186.4375
2023-10-30 12:00:00,1194.8225
2023-10-30 13:00:00,1165.51
2023-10-30 14:00:00,1162.1575
2023-10-30 15:00:00,1159.385
2023-10-30 16:00:00,1174.4775
2023-10-30 17:00:00,1198.77
2023-10-30 18:00:00,1223.9975
2023-10-30 19:00:00,1231.365
2023-10-30 20:00:00,1239.845
2023-10-30 21:00:00,1278.685
2023-10-30 22:00:00,1322.9299999999998
2023-10-30 23:00:00,1354.1275
2023-10-31 00:00:00,1382.4524999999999
2023-10-31 01:00:00,1390.6975
2023-10-31 02:00:00,1409.95
2023-10-31 03:00:00,1443.98
2023-10-31 04:00:00,1492.425
2023-10-31 05:00:00,1565.2725
2023-10-31 06:00:00,1651.4375
2023-10-31 07:00:00,1705.6174999999998
2023-10-31 08:00:00,1784.6399999999999
2023-10-31 09:00:00,1821.7525
2023-10-31 10:00:00,1832.3975
2023-10-31 11:00:00,1856.275
2023-10-31 12:00:00,1884.9625
2023-10-31 13:00:00,1896.4775
2023-10-31 14:00:00,1897.1725
2023-10-31 15:00:00,1874.1
2023-10-31 16:00:00,1861.4275
2023-10-31 17:00:00,1864.985
2023-10-31 18:00:00,1873.5
2023-10-31 19:00:00,1883.88
2023-10-31 20:00:00,1885.35
2023-10-31 21:00:00,1876.9425
2023-10-31 22:00:00,1875.405
2023-10-31 23:00:00,1863.23
2023-11-01 00:00:00,1845.6075
2023-11-01 01:00:00,1827.6525
2023-11-01 02:00:00,1810.4325
2023-11-01 03:00:00,1807.2225
2023-11-01 04:00:00,1810.5
2023-11-01 05:00:00,1789.02
2023-11-01 06:00:00,1771.2475
2023-11-01 07:00:00,1749.49
2023-11-01 08:00:00,1758.585
2023-11-01 09:00:00,1755.97
2023-11-01 10:00:00,1754.47
2023-11-01 11:00:00,1755.3425
2023-11-01 12:00:00,1733.0625
2023-11-01 13:00:00,1699.4225
2023-11-01 14:00:00,1655.1725000000001
2023-11-01 15:00:00,1632.55
2023-11-01 16:00:00,1605.9625
2023-11-01 17:00:00,1597.14
2023-11-01 18:00:00,1593.8474999999999
2023-11-01 19:00:00,1583.8875
2023-11-01 20:00:00,1579.6100000000001
2023-11-01 21:00:00,1569.4075
2023-11-01 22:00:00,1555.92
2023-11-01 23:00:00,1541.5525
2023-11-02 00:00:00,1510.7075
2023-11-02 01:00:00,1487.9325
2023-11-02 02:00:00,1471.9724999999999
2023-11-02 03:00:00,1465.925
2023-11-02 04:00:00,1455.9725
2023-11-02 05:00:00,1447.54
2023-11-02 06:00:00,1441.14
2023-11-02 07:00:00,1455.195
2023-11-02 08:00:00,1461.555
2023-11-02 09:00:00,1473.4975
2023-11-02 10:00:00,1480.2250000000001
2023-11-02 11:00:00,1491.8525
2023-11-02 12:00:00,1496.96
2023-11-02 13:00:00,1477.3725
2023-11-02 14:00:00,1483.1175
2023-11-02 15:00:00,1480.0500000000002
2023-11-02 16:00:00,1468.55
2023-11-02 17:00:00,1462.8
2023-11-02 18:00:00,1472.2675
2023-11-02 19:00:00,1476.605
2023-11-02 20:00:00,1469.265
2023-11-02 21:00:00,1478.46
2023-11-02 22:00:00,1499.2875
2023-11-02 23:00:00,1527.4375
2023-11-03 00:00:00,1566.9
2023-11-03 01:00:00,1622.3225
2023-11-03 02:00:00,1672.8875
2023-11-03 03:00:00,1725.855
2023-11-03 04:00:00,1795.73
2023-11-03 05:00:00,1819.79
2023-11-03 06:00:00,1827.86
2023-11-03 07:00:00,1837.81
2023-11-03 08:00:00,1861.2375
2023-11-03 09:00:00,1877.745
2023-11-03 10:00:00,1890.7675
2023-11-03 11:00:00,1888.05
2023-11-03 12:00:00,1885.0875
2023-11-03 13:00:00,1889.8925
2023-11-03 14:00:00,1899.6475
2023-11-03 15:00:00,1885.8625
2023-11-03 16:00:00,1862.3075
2023-11-03 17:00:00,1842.8600000000001
2023-11-03 18:00:00,1828.7575
2023-11-03 19:00:00,1825.79
2023-11-03 20:00:00,1822.6
2023-11-03 21:00:00,1823.3625
2023-11-03 22:00:00,1817.385
2023-11-03 23:00:00,1828.6075
2023-11-04 00:00:00,1842.7625
2023-11-04 01:00:00,1839.385
2023-11-04 02:00:00,1834.9825
2023-11-04 03:00:00,1834.5425
2023-11-04 04:00:00,1823.0825
2023-11-04 05:00:00,1803.13
2023-11-04 06:00:00,1792.6225
2023-11-04 07:00:00,1782.1399999999999
2023-11-04 08:00:00,1791.5475000000001
2023-11-04 09:00:00,1812.0975
2023-11-04 10:00:00,1811.675
2023-11-04 11:00:00,1774.5675
2023-11-04 12:00:00,1762.24
2023-11-04 13:00:00,1722.0825
2023-11-04 14:00:00,1715.6825
2023-11-04 15:00:00,1691.8125
2023-11-04 16:00:00,1660.1125
2023-11-04 17:00:00,1631.0925
2023-11-04 18:00:00,1635.7649999999999
2023-11-04 19:00:00,1650.0925
2023-11-04 20:00:00,1641.9025
2023-11-04 21:00:00,1622.6425
2023-11-04 22:00:00,1608.0325
2023-11-04 23:00:00,1593.6475
2023-11-05 00:00:00,1573.57
2023-11-05 01:00:00,1567.56
2023-11-05 02:00:00,1574.1025
2023-11-05 03:00:00,1574.975
2023-11-05 04:00:00,1571.3925
2023-11-05 05:00:00,1578.525
2023-11-05 06:00:00,1576.9775
2023-11-05 07:00:00,1582.69
2023-11-05 08:00:00,1600.1825
2023-11-05 09:00:00,1600.4
2023-11-05 10:00:00,1616.635
2023-11-05 11:00:00,1607.3875
2023-11-05 12:00:00,1615.2575
2023-11-05 13:00:00,1603.7975000000001
2023-11-05 14:00:00,1598.99
2023-11-05 15:00:00,1564.95
2023-11-05 16:00:00,1537.925
2023-11-05 17:00:00,1521.67
2023-11-05 18:00:00,1509.565
2023-11-05 19:00:00,1499.3525
2023-11-05 20:00:00,1479.5625
2023-11-05 21:00:00,1472.9724999999999
2023-11-05 22:00:00,1489.845
2023-11-05 23:00:00,1483.435
2023-11-06 00:00:00,1477.9625
2023-11-06 01:00:00,1480.305
2023-11-06 02:00:00,1472.8675
2023-11-06 03:00:00,1477.935
2023-11-06 04:00:00,1485.01
2023-11-06 05:00:00,1478.23
2023-11-06 06:00:00,1477.405
2023-11-06 07:00:00,1476.67
2023-11-06 08:00:00,1491.2525
2023-11-06 09:00:00,1512.195
2023-11-06 10:00:00,1543.6575
2023-11-06 11:00:00,1550.0774999999999
2023-11-06 12:00:00,1556.2375
2023-11-06 13:00:00,1552.3400000000001
2023-11-06 14:00:00,1522.325
2023-11-06 15:00:00,1501.27
2023-11-06 16:00:00,1492.3325
2023-11-06 17:00:00,1488.615
2023-11-06 18:00:00,1494.74
2023-11-06 19:00:00,1489.3049999999998
2023-11-06 20:00:00,1504.0425
2023-11-06 21:00:00,1522.295
2023-11-06 22:00:00,1538.375
2023-11-06 23:00:00,1549.335
2023-11-07 00:00:00,1538.4850000000001
2023-11-07 01:00:00,1544.52
2023-11-07 02:00:00,1533.54
2023-11-07 03:00:00,1530.3325
2023-11-07 04:00:00,1541.4175
2023-11-07 05:00:00,1553.4625
2023-11-07 06:00:00,1558.665
2023-11-07 07:00:00,1530.885
2023-11-07 08:00:00,1516.125
2023-11-07 09:00:00,1547.1
2023-11-07 10:00:00,1536.2525
2023-11-07 11:00:00,1513.9225
2023-11-07 12:00:00,1513.0825
2023-11-07 13:00:00,1522.19
2023-11-07 14:00:00,1520.6000000000001
2023-11-07 15:00:00,1519.7825
2023-11-07 16:00:00,1524.995
2023-11-07 17:00:00,1535.7
2023-11-07 18:00:00,1532.48
2023-11-07 19:00:00,1533.7025
2023-11-07 20:00:00,1554.19
2023-11-07 21:00:00,1570.775
2023-11-07 22:00:00,1570.68
2023-11-07 23:00:00,1574.3425
2023-11-08 00:00:00,1577.96
2023-11-08 01:00:00,1564.3525
2023-11-08 02:00:00,1551.685
2023-11-08 03:00:00,1545.3175
2023-11-08 04:00:00,1541.7849999999999
2023-11-08 05:00:00,1529.72
2023-11-08 06:00:00,1524.91
2023-11-08 07:00:00,1532.4325000000001
2023-11-08 08:00:00,1541.1875
2023-11-08 09:00:00,1561.7
2023-11-08 10:00:00,1563.665
2023-11-08 11:00:00,1578.3175
2023-11-08 12:00:00,1601.8725
2023-11-08 13:00:00,1601.2024999999999
2023-11-08 14:00:00,1576.1525
2023-11-08 15:00:00,1551.3525
2023-11-08 16:00:00,1532.99
2023-11-08 17:00:00,1513.205
2023-11-08 18:00:00,1510.7475
2023-11-08 19:00:00,1508.7675
2023-11-08 20:00:00,1514.28
2023-11-08 21:00:00,1516.2925
2023-11-08 22:00:00,1524.1675
2023-11-08 23:00:00,1527.1299999999999
2023-11-09 00:00:00,1519.6675
2023-11-09 01:00:00,1516.0425
2023-11-09 02:00:00,1506.6875
2023-11-09 03:00:00,1496.455
2023-11-09 04:00:00,1493.0974999999999
2023-11-09 05:00:00,1478.1675
2023-11-09 06:00:00,1467.08
2023-11-09 07:00:00,1473.1925
2023-11-09 08:00:00,1488.4975
2023-11-09 09:00:00,1501.56
2023-11-09 10:00:00,1508.415
2023-11-09 11:00:00,1532.04
2023-11-09 12:00:00,1538.8525
2023-11-09 13:00:00,1531.67
2023-11-09 14:00:00,1517.7625
2023-11-09 15:00:00,1489.4975
2023-11-09 16:00:00,1462.1125
2023-11-09 17:00:00,1454.5974999999999
2023-11-09 18:00:00,1452.595
2023-11-09 19:00:00,1447.95
2023-11-09 20:00:00,1449.085
2023-11-09 21:00:00,1458.5525
2023-11-09 22:00:00,1479.1525
2023-11-09 23:00:00,1480.015
2023-11-10 00:00:00,1494.6675
2023-11-10 01:00:00,1479.0275000000001
2023-11-10 02:00:00,1462.575
2023-11-10 03:00:00,1461.6975
2023-11-10 04:00:00,1484.2350000000001
2023-11-10 05:00:00,1509.9825
2023-11-10 06:00:00,1499.2675
2023-11-10 07:00:00,1468.1375
2023-11-10 08:00:00,1455.3875
2023-11-10 09:00:00,1445.12
2023-11-10 10:00:00,1456.545
2023-11-10 11:00:00,1482.1100000000001
2023-11-10 12:00:00,1501.365
2023-11-10 13:00:00,1511.935
2023-11-10 14:00:00,1530.04
2023-11-10 15:00:00,1541.995
2023-11-10 16:00:00,1547.08
2023-11-10 17:00:00,1515.2525
2023-11-10 18:00:00,1490.4125
2023-11-10 19:00:00,1512.315
2023-11-10 20:00:00,1519.9625
2023-11-10 21:00:00,1498.05
2023-11-10 22:00:00,1477.7825
2023-11-10 23:00:00,1484.4475
2023-11-11 00:00:00,1504.2475
2023-11-11 01:00:00,1493.3825000000002
2023-11-11 02:00:00,1496.9675
2023-11-11 03:00:00,1499.0774999999999
2023-11-11 04:00:00,1500.9175
2023-11-11 05:00:00,1505.8525
2023-11-11 06:00:00,1509.635
2023-11-11 07:00:00,1510.5149999999999
2023-11-11 08:00:00,1525.82
2023-11-11 09:00:00,1528.3899999999999
2023-11-11 10:00:00,1533.825
2023-11-11 11:00:00,1537.675
2023-11-11 12:00:00,1514.875
2023-11-11 13:00:00,1505.4625
2023-11-11 14:00:00,1484.1875
2023-11-11 15:00:00,1460.7649999999999
2023-11-11 16:00:00,1440.345
2023-11-11 17:00:00,1430.0625
2023-11-11 18:00:00,1414.36
2023-11-11 19:00:00,1402.3925
2023-11-11 20:00:00,1396.8775
2023-11-11 21:00:00,1389.2549999999999
2023-11-11 22:00:00,1384.29
2023-11-11 23:00:00,1383.1325
2023-11-12 00:00:00,1387.3999999999999
2023-11-12 01:00:00,1380.7
2023-11-12 02:00:00,1377.8325
2023-11-12 03:00:00,1371.945
2023-11-12 04:00:00,1371.2175
2023-11-12 05:00:00,1386.0
2023-11-12 06:00:00,1406.0125
2023-11-12 07:00:00,1419.9175
2023-11-12 08:00:00,1431.805
2023-11-12 09:00:00,1434.26
2023-11-12 10:00:00,1445.055
2023-11-12 11:00:00,1452.905
2023-11-12 12:00:00,1439.1375
2023-11-12 13:00:00,1433.78
2023-11-12 14:00:00,1442.6225
2023-11-12 15:00:00,1434.515
2023-11-12 16:00:00,1433.3525
2023-11-12 17:00:00,1428.42
2023-11-12 18:00:00,1421.825
2023-11-12 19:00:00,1421.775
2023-11-12 20:00:00,1435.8425
2023-11-12 21:00:00,1449.815
2023-11-12 22:00:00,1458.76
2023-11-12 23:00:00,1474.0925000000002
2023-11-13 00:00:00,1483.6475
2023-11-13 01:00:00,1481.8925
2023-11-13 02:00:00,1476.7075
2023-11-13 03:00:00,1484.885
2023-11-13 04:00:00,1507.235
2023-11-13 05:00:00,1538.4475
2023-11-13 06:00:00,1608.6799999999998
2023-11-13 07:00:00,1664.1225
2023-11-13 08:00:00,1676.24
2023-11-13 09:00:00,1680.9425
2023-11-13 10:00:00,1700.665
2023-11-13 11:00:00,1712.0175
2023-11-13 12:00:00,1738.195
2023-11-13 13:00:00,1771.6375
2023-11-13 14:00:00,1810.78
2023-11-13 15:00:00,1819.9525
2023-11-13 16:00:00,1806.075
2023-11-13 17:00:00,1750.1399999999999
2023-11-13 18:00:00,1785.805
2023-11-13 19:00:00,1805.2224999999999
2023-11-13 20:00:00,1815.2050000000002
2023-11-13 21:00:00,1830.1125
2023-11-13 22:00:00,1862.5125
2023-11-13 23:00:00,1877.795
2023-11-14 00:00:00,1864.755
2023-11-14 01:00:00,1866.7675
2023-11-14 02:00:00,1860.5925
2023-11-14 03:00:00,1866.31
2023-11-14 04:00:00,1851.8874999999998
2023-11-14 05:00:00,1805.5149999999999
2023-11-14 06:00:00,1751.6175
2023-11-14 07:00:00,1695.5925
2023-11-14 08:00:00,1683.795
2023-11-14 09:00:00,1671.1625
2023-11-14 10:00:00,1682.6425
2023-11-14 11:00:00,1690.52
2023-11-14 12:00:00,1702.105
2023-11-14 13:00:00,1718.4925
2023-11-14 14:00:00,1735.8175
2023-11-14 15:00:00,1741.885
2023-11-14 16:00:00,1762.535
2023-11-14 17:00:00,1741.0275
2023-11-14 18:00:00,1712.1575
2023-11-14 19:00:00,1700.42
2023-11-14 20:00:00,1706.9125
2023-11-14 21:00:00,1708.2025
2023-11-14 22:00:00,1716.58
2023-11-14 23:00:00,1709.6225
2023-11-15 00:00:00,1714.8575
2023-11-15 01:00:00,1723.8525
2023-11-15 02:00:00,1725.975
2023-11-15 03:00:00,1746.8425
2023-11-15 04:00:00,1718.8875
2023-11-15 05:00:00,1706.085
2023-11-15 06:00:00,1700.655
2023-11-15 07:00:00,1699.1725
2023-11-15 08:00:00,1699.8899999999999
2023-11-15 09:00:00,1701.3274999999999
2023-11-15 10:00:00,1703.995
2023-11-15 11:00:00,1726.78
2023-11-15 12:00:00,1736.315
2023-11-15 13:00:00,1727.195
2023-11-15 14:00:00,1725.4825
2023-11-15 15:00:00,1726.775
2023-11-15 16:00:00,1719.1975
2023-11-15 17:00:00,1713.4575
2023-11-15 18:00:00,1720.8875
2023-11-15 19:00:00,1739.3125
2023-11-15 20:00:00,1762.2350000000001
2023-11-15 21:00:00,1777.0675
2023-11-15 22:00:00,1783.875
2023-11-15 23:00:00,1804.725
2023-11-16 00:00:00,1805.7350000000001
2023-11-16 01:00:00,1790.765
2023-11-16 02:00:00,1786.5625
2023-11-16 03:00:00,1794.525
2023-11-16 04:00:00,1790.1675
2023-11-16 05:00:00,1783.42
2023-11-16 06:00:00,1764.9075
2023-11-16 07:00:00,1758.4675
2023-11-16 08:00:00,1775.865
2023-11-16 09:00:00,1785.81
2023-11-16 10:00:00,1787.075
2023-11-16 11:00:00,1788.9575
2023-11-16 12:00:00,1791.905
2023-11-16 13:00:00,1746.3175
2023-11-16 14:00:00,1771.0475000000001
2023-11-16 15:00:00,1751.0275000000001
2023-11-16 16:00:00,1755.1525000000001
2023-11-16 17:00:00,1756.9025000000001
2023-11-16 18:00:00,1745.88
2023-11-16 19:00:00,1743.345
2023-11-16 20:00:00,1745.405
2023-11-16 21:00:00,1760.5774999999999
2023-11-16 22:00:00,1770.645
2023-11-16 23:00:00,1773.135
2023-11-17 00:00:00,1785.6825
2023-11-17 01:00:00,1777.135
2023-11-17 02:00:00,1777.625
2023-11-17 03:00:00,1789.355
2023-11-17 04:00:00,1790.7125
2023-11-17 05:00:00,1789.3625
2023-11-17 06:00:00,1781.0625
2023-11-17 07:00:00,1772.6625
2023-11-17 08:00:00,1783.6525000000001
2023-11-17 09:00:00,1788.2475
2023-11-17 10:00:00,1787.595
2023-11-17 11:00:00,1793.8275
2023-11-17 12:00:00,1797.0225
2023-11-17 13:00:00,1801.6575
2023-11-17 14:00:00,1803.6475
2023-11-17 15:00:00,1788.53
2023-11-17 16:00:00,1783.2625
2023-11-17 17:00:00,1769.4175
2023-11-17 18:00:00,1764.98
2023-11-17 19:00:00,1763.6725000000001
2023-11-17 20:00:00,1767.55
2023-11-17 21:00:00,1774.2375
2023-11-17 22:00:00,1795.42
2023-11-17 23:00:00,1804.9225000000001
2023-11-18 00:00:00,1811.1325
2023-11-18 01:00:00,1809.1175
2023-11-18 02:00:00,1804.4850000000001
2023-11-18 03:00:00,1800.9325
2023-11-18 04:00:00,1796.7075
2023-11-18 05:00:00,1788.7025
2023-11-18 06:00:00,1776.435
2023-11-18 07:00:00,1764.5025
2023-11-18 08:00:00,1767.1825
2023-11-18 09:00:00,1776.92
2023-11-18 10:00:00,1786.7925
2023-11-18 11:00:00,1795.855
2023-11-18 12:00:00,1799.1
2023-11-18 13:00:00,1783.9925
2023-11-18 14:00:00,1759.2075
2023-11-18 15:00:00,1737.465
2023-11-18 16:00:00,1715.545
2023-11-18 17:00:00,1699.4125000000001
2023-11-18 18:00:00,1688.5025
2023-11-18 19:00:00,1684.9924999999998
2023-11-18 20:00:00,1673.2475
2023-11-18 21:00:00,1656.5175
2023-11-18 22:00:00,1642.9775
2023-11-18 23:00:00,1640.89
2023-11-19 00:00:00,1640.325
2023-11-19 01:00:00,1643.2325
2023-11-19 02:00:00,1649.375
2023-11-19 03:00:00,1655.08
2023-11-19 04:00:00,1662.0875
2023-11-19 05:00:00,1672.1125
2023-11-19 06:00:00,1690.9125
2023-11-19 07:00:00,1710.965
2023-11-19 08:00:00,1744.2275
2023-11-19 09:00:00,1798.75
2023-11-19 10:00:00,1850.6125
2023-11-19 11:00:00,1879.0475000000001
2023-11-19 12:00:00,1888.15
2023-11-19 13:00:00,1875.245
2023-11-19 14:00:00,1842.9925
2023-11-19 15:00:00,1807.76
2023-11-19 16:00:00,1779.715
2023-11-19 17:00:00,1766.7425
2023-11-19 18:00:00,1756.99
2023-11-19 19:00:00,1755.1399999999999
2023-11-19 20:00:00,1751.98
2023-11-19 21:00:00,1743.3725
2023-11-19 22:00:00,1732.4175
2023-11-19 23:00:00,1731.35
2023-11-20 00:00:00,1747.7575000000002
2023-11-20 01:00:00,1760.5575
2023-11-20 02:00:00,1749.6475
2023-11-20 03:00:00,1744.5425
2023-11-20 04:00:00,1738.705
2023-11-20 05:00:00,1729.4924999999998
2023-11-20 06:00:00,1724.5375
2023-11-20 07:00:00,1727.22
2023-11-20 08:00:00,1735.38
2023-11-20 09:00:00,1716.505
2023-11-20 10:00:00,1695.9775
2023-11-20 11:00:00,1764.7475
2023-11-20 12:00:00,1800.4225000000001
2023-11-20 13:00:00,1796.6399999999999
2023-11-20 14:00:00,1777.9850000000001
2023-11-20 15:00:00,1761.5
2023-11-20 16:00:00,1752.79
2023-11-20 17:00:00,1753.795
2023-11-20 18:00:00,1761.2849999999999
2023-11-20 19:00:00,1771.275
2023-11-20 20:00:00,1786.8675
2023-11-20 21:00:00,1791.6425
2023-11-20 22:00:00,1801.79
2023-11-20 23:00:00,1808.4075
2023-11-21 00:00:00,1813.5625
2023-11-21 01:00:00,1813.3
2023-11-21 02:00:00,1811.3925
2023-11-21 03:00:00,1807.1975
2023-11-21 04:00:00,1780.2649999999999
2023-11-21 05:00:00,1772.6625
2023-11-21 06:00:00,1751.975
2023-11-21 07:00:00,1725.3675
2023-11-21 08:00:00,1732.0175
2023-11-21 09:00:00,1724.9375
2023-11-21 10:00:00,1741.5175
2023-11-21 11:00:00,1732.195
2023-11-21 12:00:00,1740.2275
2023-11-21 13:00:00,1755.6325
2023-11-21 14:00:00,1788.7625
2023-11-21 15:00:00,1790.8725
2023-11-21 16:00:00,1806.595
2023-11-21 17:00:00,1809.9650000000001
2023-11-21 18:00:00,1813.5925
2023-11-21 19:00:00,1816.0149999999999
2023-11-21 20:00:00,1826.1325
2023-11-21 21:00:00,1829.6675
2023-11-21 22:00:00,1845.9675
2023-11-21 23:00:00,1850.2625
2023-11-22 00:00:00,1852.93
2023-11-22 01:00:00,1855.2725
2023-11-22 02:00:00,1844.5725
2023-11-22 03:00:00,1842.5575
2023-11-22 04:00:00,1836.705
2023-11-22 05:00:00,1829.7725
2023-11-22 06:00:00,1814.1025
2023-11-22 07:00:00,1804.975
2023-11-22 08:00:00,1802.1825
2023-11-22 09:00:00,1793.565
2023-11-22 10:00:00,1788.9775
2023-11-22 11:00:00,1799.1825
2023-11-22 12:00:00,1799.1825
2023-11-22 13:00:00,1801.75
2023-11-22 14:00:00,1798.495
2023-11-22 15:00:00,1790.1775
2023-11-22 16:00:00,1791.77
2023-11-22 17:00:00,1783.9575
2023-11-22 18:00:00,1780.1675
2023-11-22 19:00:00,1780.4975
2023-11-22 20:00:00,1785.655
2023-11-22 21:00:00,1796.3425
2023-11-22 22:00:00,1796.8899999999999
2023-11-22 23:00:00,1806.5375
2023-11-23 00:00:00,1801.7425
2023-11-23 01:00:00,1800.3375
2023-11-23 02:00:00,1798.5375
2023-11-23 03:00:00,1792.1925
2023-11-23 04:00:00,1788.3425
2023-11-23 05:00:00,1777.6375
2023-11-23 06:00:00,1768.4175
2023-11-23 07:00:00,1764.4524999999999
2023-11-23 08:00:00,1772.905
2023-11-23 09:00:00,1787.25
2023-11-23 10:00:00,1800.1725000000001
2023-11-23 11:00:00,1811.75
2023-11-23 12:00:00,1836.4875
2023-11-23 13:00:00,1829.0075000000002
2023-11-23 14:00:00,1793.6575
2023-11-23 15:00:00,1773.365
2023-11-23 16:00:00,1754.915
2023-11-23 17:00:00,1732.28
2023-11-23 18:00:00,1725.1975
2023-11-23 19:00:00,1721.2275
2023-11-23 20:00:00,1723.065
2023-11-23 21:00:00,1718.74
2023-11-23 22:00:00,1714.0525
2023-11-23 23:00:00,1713.9524999999999
2023-11-24 00:00:00,1712.2575
2023-11-24 01:00:00,1716.1975
2023-11-24 02:00:00,1720.62
2023-11-24 03:00:00,1708.7649999999999
2023-11-24 04:00:00,1721.4225000000001
2023-11-24 05:00:00,1704.295
2023-11-24 06:00:00,1702.79
2023-11-24 07:00:00,1691.415
2023-11-24 08:00:00,1688.6475
2023-11-24 09:00:00,1690.03
2023-11-24 10:00:00,1689.46
2023-11-24 11:00:00,1681.7325
2023-11-24 12:00:00,1680.455
2023-11-24 13:00:00,1691.0725
2023-11-24 14:00:00,1684.985
2023-11-24 15:00:00,1691.3325
2023-11-24 16:00:00,1699.9225000000001
2023-11-24 17:00:00,1710.2075
2023-11-24 18:00:00,1717.23
2023-11-24 19:00:00,1722.95
2023-11-24 20:00:00,1739.8975
2023-11-24 21:00:00,1742.6599999999999
2023-11-24 22:00:00,1754.1025
2023-11-24 23:00:00,1762.355
2023-11-25 00:00:00,1765.5875
2023-11-25 01:00:00,1771.0675
2023-11-25 02:00:00,1768.395
2023-11-25 03:00:00,1770.885
2023-11-25 04:00:00,1767.1375
2023-11-25 05:00:00,1757.525
2023-11-25 06:00:00,1752.535
2023-11-25 07:00:00,1752.7975
2023-11-25 08:00:00,1748.4025000000001
2023-11-25 09:00:00,1745.4075
2023-11-25 10:00:00,1739.4825
2023-11-25 11:00:00,1741.66
2023-11-25 12:00:00,1745.1675
2023-11-25 13:00:00,1744.2825
2023-11-25 14:00:00,1743.115
2023-11-25 15:00:00,1733.5049999999999
2023-11-25 16:00:00,1727.2175
2023-11-25 17:00:00,1724.16
2023-11-25 18:00:00,1720.4425
2023-11-25 19:00:00,1719.6525000000001
2023-11-25 20:00:00,1713.1575
2023-11-25 21:00:00,1709.93
2023-11-25 22:00:00,1712.07
2023-11-25 23:00:00,1702.3899999999999
2023-11-26 00:00:00,1691.9075
2023-11-26 01:00:00,1686.8925
2023-11-26 02:00:00,1677.995
2023-11-26 03:00:00,1683.1599999999999
2023-11-26 04:00:00,1694.145
2023-11-26 05:00:00,1699.12
2023-11-26 06:00:00,1703.145
2023-11-26 07:00:00,1707.5149999999999
2023-11-26 08:00:00,1706.0675
2023-11-26 09:00:00,1709.7975000000001
2023-11-26 10:00:00,1709.8825
2023-11-26 11:00:00,1710.335
2023-11-26 12:00:00,1710.9125
2023-11-26 13:00:00,1706.8075
2023-11-26 14:00:00,1699.9624999999999
2023-11-26 15:00:00,1693.7
2023-11-26 16:00:00,1687.865
2023-11-26 17:00:00,1673.5075
2023-11-26 18:00:00,1664.425
2023-11-26 19:00:00,1659.745
2023-11-26 20:00:00,1645.045
2023-11-26 21:00:00,1647.1825
2023-11-26 22:00:00,1650.055
2023-11-26 23:00:00,1651.74
2023-11-27 00:00:00,1645.4925
2023-11-27 01:00:00,1642.925
2023-11-27 02:00:00,1634.7225
2023-11-27 03:00:00,1631.7625
2023-11-27 04:00:00,1639.3825000000002
2023-11-27 05:00:00,1646.7875
2023-11-27 06:00:00,1639.1025
2023-11-27 07:00:00,1629.4225000000001
2023-11-27 08:00:00,1642.945
2023-11-27 09:00:00,1656.03
2023-11-27 10:00:00,1652.6675
2023-11-27 11:00:00,1669.19
2023-11-27 12:00:00,1671.1525000000001
2023-11-27 13:00:00,1673.8925
2023-11-27 14:00:00,1677.7625
2023-11-27 15:00:00,1677.355
2023-11-27 16:00:00,1675.175
2023-11-27 17:00:00,1672.4925
2023-11-27 18:00:00,1681.2675
2023-11-27 19:00:00,1690.875
2023-11-27 20:00:00,1699.7224999999999
2023-11-27 21:00:00,1703.67
2023-11-27 22:00:00,1707.3175
2023-11-27 23:00:00,1711.1725
2023-11-28 00:00:00,1705.6825
2023-11-28 01:00:00,1689.97
2023-11-28 02:00:00,1684.58
2023-11-28 03:00:00,1671.255
2023-11-28 04:00:00,1663.6025
2023-11-28 05:00:00,1657.1275
2023-11-28 06:00:00,1659.045
2023-11-28 07:00:00,1659.22
2023-11-28 08:00:00,1644.3925
2023-11-28 09:00:00,1655.245
2023-11-28 10:00:00,1643.195
2023-11-28 11:00:00,1650.395
2023-11-28 12:00:00,1657.7649999999999
2023-11-28 13:00:00,1664.7675
2023-11-28 14:00:00,1675.5925
2023-11-28 15:00:00,1696.1575
2023-11-28 16:00:00,1711.3825
2023-11-28 17:00:00,1735.3175
2023-11-28 18:00:00,1747.2325
2023-11-28 19:00:00,1760.235
2023-11-28 20:00:00,1777.8675
2023-11-28 21:00:00,1790.5475
2023-11-28 22:00:00,1802.105
2023-11-28 23:00:00,1804.2375
2023-11-29 00:00:00,1800.21
2023-11-29 01:00:00,1797.175
2023-11-29 02:00:00,1786.88
2023-11-29 03:00:00,1781.9099999999999
2023-11-29 04:00:00,1777.7450000000001
2023-11-29 05:00:00,1778.5675
2023-11-29 06:00:00,1778.545
2023-11-29 07:00:00,1764.6125
2023-11-29 08:00:00,1753.455
2023-11-29 09:00:00,1750.7649999999999
2023-11-29 10:00:00,1742.135
2023-11-29 11:00:00,1742.2575000000002
2023-11-29 12:00:00,1740.6625
2023-11-29 13:00:00,1757.4425
2023-11-29 14:00:00,1746.9625
2023-11-29 15:00:00,1730.2375
2023-11-29 16:00:00,1716.9425
2023-11-29 17:00:00,1720.5425
2023-11-29 18:00:00,1722.5525
2023-11-29 19:00:00,1725.6925
2023-11-29 20:00:00,1730.32
2023-11-29 21:00:00,1747.1625
2023-11-29 22:00:00,1762.7625
2023-11-29 23:00:00,1785.4650000000001
2023-11-30 00:00:00,1794.9475
2023-11-30 01:00:00,1791.165
2023-11-30 02:00:00,1792.04
2023-11-30 03:00:00,1795.7025
2023-11-30 04:00:00,1786.3625000000002
2023-11-30 05:00:00,1777.2925
2023-11-30 06:00:00,1766.52
2023-11-30 07:00:00,1751.535
2023-11-30 08:00:00,1739.3875
2023-11-30 09:00:00,1740.4375
2023-11-30 10:00:00,1724.6775
2023-11-30 11:00:00,1717.99
2023-11-30 12:00:00,1718.8975
2023-11-30 13:00:00,1718.2575
2023-11-30 14:00:00,1715.9724999999999
2023-11-30 15:00:00,1713.3375
2023-11-30 16:00:00,1714.5149999999999
2023-11-30 17:00:00,1715.8125
2023-11-30 18:00:00,1718.97
2023-11-30 19:00:00,1721.1675
2023-11-30 20:00:00,1725.3600000000001
2023-11-30 21:00:00,1738.8274999999999
2023-11-30 22:00:00,1753.54
2023-11-30 23:00:00,1768.2175
2023-12-01 00:00:00,1784.445
2023-12-01 01:00:00,1791.6725000000001
2023-12-01 02:00:00,1787.185
2023-12-01 03:00:00,1772.0
2023-12-01 04:00:00,1761.02
2023-12-01 05:00:00,1750.1925
2023-12-01 06:00:00,1733.8975
2023-12-01 07:00:00,1721.2775
2023-12-01 08:00:00,1704.345
2023-12-01 09:00:00,1682.495
2023-12-01 10:00:00,1668.0875
2023-12-01 11:00:00,1670.44
2023-12-01 12:00:00,1669.995
2023-12-01 13:00:00,1680.5925
2023-12-01 14:00:00,1690.145
2023-12-01 15:00:00,1702.46
2023-12-01 16:00:00,1702.8025
2023-12-01 17:00:00,1712.24
2023-12-01 18:00:00,1746.3975
2023-12-01 19:00:00,1762.3575
2023-12-01 20:00:00,1766.6625
2023-12-01 21:00:00,1776.3600000000001
2023-12-01 22:00:00,1783.5075000000002
2023-12-01 23:00:00,1788.04
2023-12-02 00:00:00,1789.1
2023-12-02 01:00:00,1784.0475000000001
2023-12-02 02:00:00,1782.6875
2023-12-02 03:00:00,1774.4475
2023-12-02 04:00:00,1764.0525
2023-12-02 05:00:00,1750.345
2023-12-02 06:00:00,1743.3274999999999
2023-12-02 07:00:00,1736.8175
2023-12-02 08:00:00,1725.1174999999998
2023-12-02 09:00:00,1711.205
2023-12-02 10:00:00,1695.3674999999998
2023-12-02 11:00:00,1683.1425
2023-12-02 12:00:00,1671.99
2023-12-02 13:00:00,1658.815
2023-12-02 14:00:00,1658.725
2023-12-02 15:00:00,1675.3525
2023-12-02 16:00:00,1680.2775
2023-12-02 17:00:00,1657.15
2023-12-02 18:00:00,1656.9424999999999
2023-12-02 19:00:00,1656.3
2023-12-02 20:00:00,1666.1975
2023-12-02 21:00:00,1692.58
2023-12-02 22:00:00,1704.5475000000001
2023-12-02 23:00:00,1707.305
2023-12-03 00:00:00,1709.2775000000001
2023-12-03 01:00:00,1712.0525
2023-12-03 02:00:00,1712.235
2023-12-03 03:00:00,1718.6875
2023-12-03 04:00:00,1716.69
2023-12-03 05:00:00,1719.0925
2023-12-03 06:00:00,1726.4850000000001
2023-12-03 07:00:00,1729.4075
2023-12-03 08:00:00,1739.8400000000001
2023-12-03 09:00:00,1742.105
2023-12-03 10:00:00,1743.745
2023-12-03 11:00:00,1732.8025
2023-12-03 12:00:00,1730.44
2023-12-03 13:00:00,1727.43
2023-12-03 14:00:00,1720.6125
2023-12-03 15:00:00,1718.0275
2023-12-03 16:00:00,1698.6325000000002
2023-12-03 17:00:00,1663.7575000000002
2023-12-03 18:00:00,1650.94
2023-12-03 19:00:00,1657.185
2023-12-03 20:00:00,1650.4275
2023-12-03 21:00:00,1636.0674999999999
2023-12-03 22:00:00,1624.0025
2023-12-03 23:00:00,1617.395
2023-12-04 00:00:00,1625.12
2023-12-04 01:00:00,1617.8700000000001
2023-12-04 02:00:00,1614.685
2023-12-04 03:00:00,1611.2425
2023-12-04 04:00:00,1600.6625
2023-12-04 05:00:00,1599.795
2023-12-04 06:00:00,1603.18
2023-12-04 07:00:00,1595.7975000000001
2023-12-04 08:00:00,1593.0275
2023-12-04 09:00:00,1589.25
2023-12-04 10:00:00,1591.0475000000001
2023-12-04 11:00:00,1579.85
2023-12-04 12:00:00,1590.1100000000001
2023-12-04 13:00:00,1587.84
2023-12-04 14:00:00,1570.94
2023-12-04 15:00:00,1586.8899999999999
2023-12-04 16:00:00,1606.455
2023-12-04 17:00:00,1606.2325
2023-12-04 18:00:00,1609.51
2023-12-04 19:00:00,1619.3675
2023-12-04 20:00:00,1617.815
2023-12-04 21:00:00,1617.0175
2023-12-04 22:00:00,1623.3625
2023-12-04 23:00:00,1631.255
2023-12-05 00:00:00,1636.4625
2023-12-05 01:00:00,1640.21
2023-12-05 02:00:00,1639.74
2023-12-05 03:00:00,1631.505
2023-12-05 04:00:00,1622.8225
2023-12-05 05:00:00,1615.1075
2023-12-05 06:00:00,1600.4125
2023-12-05 07:00:00,1581.69
2023-12-05 08:00:00,1573.245
2023-12-05 09:00:00,1568.135
2023-12-05 10:00:00,1573.9675
2023-12-05 11:00:00,1581.325
2023-12-05 12:00:00,1592.77
2023-12-05 13:00:00,1605.3899999999999
2023-12-05 14:00:00,1598.225
2023-12-05 15:00:00,1610.865
2023-12-05 16:00:00,1643.2649999999999
2023-12-05 17:00:00,1625.295
2023-12-05 18:00:00,1615.8025
2023-12-05 19:00:00,1619.51
2023-12-05 20:00:00,1617.16
2023-12-05 21:00:00,1618.0349999999999
2023-12-05 22:00:00,1620.575
2023-12-05 23:00:00,1636.0
2023-12-06 00:00:00,1649.1
2023-12-06 01:00:00,1649.085
2023-12-06 02:00:00,1634.7075
2023-12-06 03:00:00,1628.76
2023-12-06 04:00:00,1622.59
2023-12-06 05:00:00,1618.8999999999999
2023-12-06 06:00:00,1612.7075
2023-12-06 07:00:00,1607.09
2023-12-06 08:00:00,1595.4325
2023-12-06 09:00:00,1582.6975
2023-12-06 10:00:00,1573.3025
2023-12-06 11:00:00,1579.3175
2023-12-06 12:00:00,1580.2325
2023-12-06 13:00:00,1605.6275
2023-12-06 14:00:00,1615.9225000000001
2023-12-06 15:00:00,1614.045
2023-12-06 16:00:00,1633.1675
2023-12-06 17:00:00,1651.37
2023-12-06 18:00:00,1675.755
2023-12-06 19:00:00,1689.9325
2023-12-06 20:00:00,1693.7275
2023-12-06 21:00:00,1700.4125
2023-12-06 22:00:00,1704.8375
2023-12-06 23:00:00,1712.895
2023-12-07 00:00:00,1716.375
2023-12-07 01:00:00,1730.095
2023-12-07 02:00:00,1736.665
2023-12-07 03:00:00,1736.1025
2023-12-07 04:00:00,1728.655
2023-12-07 05:00:00,1719.1275
2023-12-07 06:00:00,1698.2325
2023-12-07 07:00:00,1663.23
2023-12-07 08:00:00,1663.5025
2023-12-07 09:00:00,1666.005
2023-12-07 10:00:00,1645.11
2023-12-07 11:00:00,1651.42
2023-12-07 12:00:00,1666.565
2023-12-07 13:00:00,1679.05
2023-12-07 14:00:00,1683.065
2023-12-07 15:00:00,1678.505
2023-12-07 16:00:00,1671.1299999999999
2023-12-07 17:00:00,1661.7024999999999
2023-12-07 18:00:00,1665.37
2023-12-07 19:00:00,1679.9625
2023-12-07 20:00:00,1686.195
2023-12-07 21:00:00,1699.92
2023-12-07 22:00:00,1708.355
2023-12-07 23:00:00,1711.3200000000002
2023-12-08 00:00:00,1709.175
2023-12-08 01:00:00,1703.0900000000001
2023-12-08 02:00:00,1698.4925
2023-12-08 03:00:00,1691.0825
2023-12-08 04:00:00,1679.1675
2023-12-08 05:00:00,1656.6825
2023-12-08 06:00:00,1633.0275000000001
2023-12-08 07:00:00,1614.825
2023-12-08 08:00:00,1602.865
2023-12-08 09:00:00,1596.97
2023-12-08 10:00:00,1586.6975
2023-12-08 11:00:00,1578.3875
2023-12-08 12:00:00,1570.9625
2023-12-08 13:00:00,1577.3525
2023-12-08 14:00:00,1586.9825
2023-12-08 15:00:00,1591.715
2023-12-08 16:00:00,1589.925
2023-12-08 17:00:00,1575.585
2023-12-08 18:00:00,1567.8825000000002
2023-12-08 19:00:00,1559.2375
2023-12-08 20:00:00,1560.18
2023-12-08 21:00:00,1562.8575
2023-12-08 22:00:00,1567.81
2023-12-08 23:00:00,1580.9275
2023-12-09 00:00:00,1588.4299999999998
2023-12-09 01:00:00,1595.8400000000001
2023-12-09 02:00:00,1591.1999999999998
2023-12-09 03:00:00,1591.1
2023-12-09 04:00:00,1600.275
2023-12-09 05:00:00,1599.2275
2023-12-09 06:00:00,1587.3474999999999
2023-12-09 07:00:00,1584.4
2023-12-09 08:00:00,1573.6625
2023-12-09 09:00:00,1571.0375
2023-12-09 10:00:00,1571.3175
2023-12-09 11:00:00,1570.49
2023-12-09 12:00:00,1575.7775
2023-12-09 13:00:00,1566.9525
2023-12-09 14:00:00,1556.83
2023-12-09 15:00:00,1541.41
2023-12-09 16:00:00,1528.63
2023-12-09 17:00:00,1524.7675
2023-12-09 18:00:00,1519.565
2023-12-09 19:00:00,1519.525
2023-12-09 20:00:00,1522.42
2023-12-09 21:00:00,1519.4575
2023-12-09 22:00:00,1513.7675
2023-12-09 23:00:00,1516.715
2023-12-10 00:00:00,1509.415
2023-12-10 01:00:00,1506.0825
2023-12-10 02:00:00,1505.0775
2023-12-10 03:00:00,1509.135
2023-12-10 04:00:00,1513.4475
2023-12-10 05:00:00,1518.63
2023-12-10 06:00:00,1518.745
2023-12-10 07:00:00,1521.7725
2023-12-10 08:00:00,1548.5625
2023-12-10 09:00:00,1568.975
2023-12-10 10:00:00,1590.6725000000001
2023-12-10 11:00:00,1622.8625
2023-12-10 12:00:00,1644.2825
2023-12-10 13:00:00,1667.3625
2023-12-10 14:00:00,1696.2575000000002
2023-12-10 15:00:00,1694.3425
2023-12-10 16:00:00,1687.2625
2023-12-10 17:00:00,1682.135
2023-12-10 18:00:00,1679.065
2023-12-10 19:00:00,1674.8725
2023-12-10 20:00:00,1673.4675
2023-12-10 21:00:00,1659.855
2023-12-10 22:00:00,1643.4375
2023-12-10 23:00:00,1642.3575
2023-12-11 00:00:00,1645.9275
2023-12-11 01:00:00,1642.1075
2023-12-11 02:00:00,1637.9175
2023-12-11 03:00:00,1645.4575
2023-12-11 04:00:00,1642.2575
2023-12-11 05:00:00,1635.5725
2023-12-11 06:00:00,1624.2024999999999
2023-12-11 07:00:00,1613.7199999999998
2023-12-11 08:00:00,1622.5375000000001
2023-12-11 09:00:00,1644.185
2023-12-11 10:00:00,1673.1325
2023-12-11 11:00:00,1688.4850000000001
2023-12-11 12:00:00,1705.0575
2023-12-11 13:00:00,1713.145
2023-12-11 14:00:00,1716.9575
2023-12-11 15:00:00,1731.955
2023-12-11 16:00:00,1746.43
2023-12-11 17:00:00,1752.6525
2023-12-11 18:00:00,1757.815
2023-12-11 19:00:00,1765.875
2023-12-11 20:00:00,1762.3475
2023-12-11 21:00:00,1755.1125
2023-12-11 22:00:00,1748.22
2023-12-11 23:00:00,1744.58
2023-12-12 00:00:00,1729.3275
2023-12-12 01:00:00,1721.8525
2023-12-12 02:00:00,1716.9875
2023-12-12 03:00:00,1708.58
2023-12-12 04:00:00,1707.8525
2023-12-12 05:00:00,1712.3075
2023-12-12 06:00:00,1702.9724999999999
2023-12-12 07:00:00,1679.7875
2023-12-12 08:00:00,1659.355
2023-12-12 09:00:00,1670.9725
2023-12-12 10:00:00,1654.1525
2023-12-12 11:00:00,1622.0575
2023-12-12 12:00:00,1618.6399999999999
2023-12-12 13:00:00,1622.33
2023-12-12 14:00:00,1626.6975
2023-12-12 15:00:00,1647.615
2023-12-12 16:00:00,1654.4675
2023-12-12 17:00:00,1641.5900000000001
2023-12-12 18:00:00,1628.4475
2023-12-12 19:00:00,1626.2875
2023-12-12 20:00:00,1631.6924999999999
2023-12-12 21:00:00,1635.615
2023-12-12 22:00:00,1638.9875
2023-12-12 23:00:00,1630.465
2023-12-13 00:00:00,1635.3875
2023-12-13 01:00:00,1635.7
2023-12-13 02:00:00,1640.405
2023-12-13 03:00:00,1641.2825
2023-12-13 04:00:00,1646.7675
2023-12-13 05:00:00,1658.96
2023-12-13 06:00:00,1664.925
2023-12-13 07:00:00,1673.9524999999999
2023-12-13 08:00:00,1673.2624999999998
2023-12-13 09:00:00,1670.7775
2023-12-13 10:00:00,1662.625
2023-12-13 11:00:00,1647.9
2023-12-13 12:00:00,1676.045
2023-12-13 13:00:00,1668.92
2023-12-13 14:00:00,1674.84
2023-12-13 15:00:00,1669.5974999999999
2023-12-13 16:00:00,1668.25
2023-12-13 17:00:00,1670.2350000000001
2023-12-13 18:00:00,1672.395
2023-12-13 19:00:00,1677.5875
2023-12-13 20:00:00,1682.0975
2023-12-13 21:00:00,1684.3125
2023-12-13 22:00:00,1682.31
2023-12-13 23:00:00,1685.0875
2023-12-14 00:00:00,1687.3925
2023-12-14 01:00:00,1684.26
2023-12-14 02:00:00,1682.2325
2023-12-14 03:00:00,1684.8775
2023-12-14 04:00:00,1683.115
2023-12-14 05:00:00,1679.185
2023-12-14 06:00:00,1672.6975
2023-12-14 07:00:00,1673.3675
2023-12-14 08:00:00,1674.5475
2023-12-14 09:00:00,1671.06
2023-12-14 10:00:00,1673.0525
2023-12-14 11:00:00,1683.1
2023-12-14 12:00:00,1687.4225000000001
2023-12-14 13:00:00,1694.0275
2023-12-14 14:00:00,1682.31
2023-12-14 15:00:00,1676.57
2023-12-14 16:00:00,1676.9099999999999
2023-12-14 17:00:00,1679.6575
2023-12-14 18:00:00,1683.12
2023-12-14 19:00:00,1687.3899999999999
2023-12-14 20:00:00,1702.2425
2023-12-14 21:00:00,1714.58
2023-12-14 22:00:00,1716.365
2023-12-14 23:00:00,1717.025
2023-12-15 00:00:00,1731.915
2023-12-15 01:00:00,1735.7024999999999
2023-12-15 02:00:00,1725.0125
2023-12-15 03:00:00,1754.9475
2023-12-15 04:00:00,1752.85
2023-12-15 05:00:00,1739.745
2023-12-15 06:00:00,1732.0875
2023-12-15 07:00:00,1728.0375
2023-12-15 08:00:00,1726.4525
2023-12-15 09:00:00,1727.7775000000001
2023-12-15 10:00:00,1734.9075
2023-12-15 11:00:00,1743.05
2023-12-15 12:00:00,1742.02
2023-12-15 13:00:00,1734.2475
2023-12-15 14:00:00,1730.9625
2023-12-15 15:00:00,1732.425
2023-12-15 16:00:00,1724.0625
2023-12-15 17:00:00,1713.6425
2023-12-15 18:00:00,1708.385
2023-12-15 19:00:00,1710.3075
2023-12-15 20:00:00,1718.6175
2023-12-15 21:00:00,1719.265
2023-12-15 22:00:00,1726.3125
2023-12-15 23:00:00,1723.3925
2023-12-16 00:00:00,1713.055
2023-12-16 01:00:00,1703.8375
2023-12-16 02:00:00,1712.5525
2023-12-16 03:00:00,1711.3225
2023-12-16 04:00:00,1703.6225
2023-12-16 05:00:00,1708.8325
2023-12-16 06:00:00,1713.965
2023-12-16 07:00:00,1708.8375
2023-12-16 08:00:00,1711.0425
2023-12-16 09:00:00,1705.6
2023-12-16 10:00:00,1703.7275
2023-12-16 11:00:00,1710.9975
2023-12-16 12:00:00,1714.895
2023-12-16 13:00:00,1716.25
2023-12-16 14:00:00,1692.5825
2023-12-16 15:00:00,1659.9175
2023-12-16 16:00:00,1636.245
2023-12-16 17:00:00,1625.0974999999999
2023-12-16 18:00:00,1616.4425
2023-12-16 19:00:00,1605.655
2023-12-16 20:00:00,1600.63
2023-12-16 21:00:00,1603.9225
2023-12-16 22:00:00,1611.0575
2023-12-16 23:00:00,1618.3500000000001
2023-12-17 00:00:00,1618.55
2023-12-17 01:00:00,1617.1875
2023-12-17 02:00:00,1613.835
2023-12-17 03:00:00,1607.9275
2023-12-17 04:00:00,1606.2625
2023-12-17 05:00:00,1612.605
2023-12-17 06:00:00,1609.9
2023-12-17 07:00:00,1609.645
2023-12-17 08:00:00,1617.9075
2023-12-17 09:00:00,1632.175
2023-12-17 10:00:00,1653.8375
2023-12-17 11:00:00,1657.7175
2023-12-17 12:00:00,1650.7450000000001
2023-12-17 13:00:00,1643.19
2023-12-17 14:00:00,1628.3225
2023-12-17 15:00:00,1601.88
2023-12-17 16:00:00,1586.5575
2023-12-17 17:00:00,1570.625
2023-12-17 18:00:00,1552.4975
2023-12-17 19:00:00,1546.845
2023-12-17 20:00:00,1551.0275000000001
2023-12-17 21:00:00,1547.3025
2023-12-17 22:00:00,1544.35
2023-12-17 23:00:00,1543.15
2023-12-18 00:00:00,1537.805
2023-12-18 01:00:00,1544.1975
2023-12-18 02:00:00,1536.5325
2023-12-18 03:00:00,1535.84
2023-12-18 04:00:00,1537.2675
2023-12-18 05:00:00,1534.045
2023-12-18 06:00:00,1537.8225
2023-12-18 07:00:00,1546.775
2023-12-18 08:00:00,1555.115
2023-12-18 09:00:00,1575.2425
2023-12-18 10:00:00,1590.1275
2023-12-18 11:00:00,1605.2375
2023-12-18 12:00:00,1620.875
2023-12-18 13:00:00,1625.23
2023-12-18 14:00:00,1627.5
2023-12-18 15:00:00,1616.905
2023-12-18 16:00:00,1603.2475
2023-12-18 17:00:00,1602.0725
2023-12-18 18:00:00,1592.0825
2023-12-18 19:00:00,1590.5225
2023-12-18 20:00:00,1596.97
2023-12-18 21:00:00,1606.3625
2023-12-18 22:00:00,1622.1975
2023-12-18 23:00:00,1623.9625
2023-12-19 00:00:00,1617.8325
2023-12-19 01:00:00,1611.3675
2023-12-19 02:00:00,1606.7975000000001
2023-12-19 03:00:00,1611.3975
2023-12-19 04:00:00,1608.88
2023-12-19 05:00:00,1604.0075000000002
2023-12-19 06:00:00,1605.8775
2023-12-19 07:00:00,1599.0625
2023-12-19 08:00:00,1601.9925
2023-12-19 09:00:00,1611.2375
2023-12-19 10:00:00,1636.5025
2023-12-19 11:00:00,1657.965
2023-12-19 12:00:00,1681.5625
2023-12-19 13:00:00,1706.0425
2023-12-19 14:00:00,1692.3375
2023-12-19 15:00:00,1669.63
2023-12-19 16:00:00,1652.3575
2023-12-19 17:00:00,1648.6225
2023-12-19 18:00:00,1641.7925
2023-12-19 19:00:00,1650.0425
2023-12-19 20:00:00,1654.94
2023-12-19 21:00:00,1668.54
2023-12-19 22:00:00,1680.5774999999999
2023-12-19 23:00:00,1674.96
2023-12-20 00:00:00,1664.2
2023-12-20 01:00:00,1659.195
2023-12-20 02:00:00,1658.895
2023-12-20 03:00:00,1636.3325
2023-12-20 04:00:00,1637.7875
2023-12-20 05:00:00,1641.7825
2023-12-20 06:00:00,1629.18
2023-12-20 07:00:00,1611.775
2023-12-20 08:00:00,1591.135
2023-12-20 09:00:00,1599.0675
2023-12-20 10:00:00,1594.4875
2023-12-20 11:00:00,1598.13
2023-12-20 12:00:00,1593.2775
2023-12-20 13:00:00,1592.185
2023-12-20 14:00:00,1599.69
2023-12-20 15:00:00,1606.705
2023-12-20 16:00:00,1607.615
2023-12-20 17:00:00,1597.54
2023-12-20 18:00:00,1594.9524999999999
2023-12-20 19:00:00,1592.3625000000002
2023-12-20 20:00:00,1594.585
2023-12-20 21:00:00,1587.585
2023-12-20 22:00:00,1594.2375
2023-12-20 23:00:00,1608.7425
2023-12-21 00:00:00,1614.445
2023-12-21 01:00:00,1608.9475
2023-12-21 02:00:00,1599.0075
2023-12-21 03:00:00,1598.835
2023-12-21 04:00:00,1597.9850000000001
2023-12-21 05:00:00,1597.1925
2023-12-21 06:00:00,1586.505
2023-12-21 07:00:00,1573.385
2023-12-21 08:00:00,1562.9675
2023-12-21 09:00:00,1555.3375
2023-12-21 10:00:00,1566.1375
2023-12-21 11:00:00,1563.455
2023-12-21 12:00:00,1553.87
2023-12-21 13:00:00,1547.94
2023-12-21 14:00:00,1559.795
2023-12-21 15:00:00,1556.3575
2023-12-21 16:00:00,1564.91
2023-12-21 17:00:00,1564.0049999999999
2023-12-21 18:00:00,1524.9675
2023-12-21 19:00:00,1559.7024999999999
2023-12-21 20:00:00,1562.4525
2023-12-21 21:00:00,1557.3525
2023-12-21 22:00:00,1562.54
2023-12-21 23:00:00,1560.9525
2023-12-22 00:00:00,1559.6025
2023-12-22 01:00:00,1569.8525
2023-12-22 02:00:00,1595.2475
2023-12-22 03:00:00,1632.84
2023-12-22 04:00:00,1674.73
2023-12-22 05:00:00,1714.29
2023-12-22 06:00:00,1765.8375
2023-12-22 07:00:00,1780.2375
2023-12-22 08:00:00,1789.4525
2023-12-22 09:00:00,1824.05
2023-12-22 10:00:00,1844.87
2023-12-22 11:00:00,1842.1
2023-12-22 12:00:00,1833.0625
2023-12-22 13:00:00,1829.7675
2023-12-22 14:00:00,1829.9099999999999
2023-12-22 15:00:00,1826.3325
2023-12-22 16:00:00,1818.2624999999998
2023-12-22 17:00:00,1809.9425
2023-12-22 18:00:00,1802.6
2023-12-22 19:00:00,1803.4850000000001
2023-12-22 20:00:00,1801.705
2023-12-22 21:00:00,1800.915
2023-12-22 22:00:00,1810.7125
2023-12-22 23:00:00,1826.2225
2023-12-23 00:00:00,1829.9825
2023-12-23 01:00:00,1840.205
2023-12-23 02:00:00,1851.95
2023-12-23 03:00:00,1845.62
2023-12-23 04:00:00,1834.06
2023-12-23 05:00:00,1823.88
2023-12-23 06:00:00,1814.5900000000001
2023-12-23 07:00:00,1799.335
2023-12-23 08:00:00,1790.5275000000001
2023-12-23 09:00:00,1786.9075
2023-12-23 10:00:00,1774.1225
2023-12-23 11:00:00,1778.875
2023-12-23 12:00:00,1765.5900000000001
2023-12-23 13:00:00,1757.3025
2023-12-23 14:00:00,1753.255
2023-12-23 15:00:00,1755.9850000000001
2023-12-23 16:00:00,1750.005
2023-12-23 17:00:00,1746.21
2023-12-23 18:00:00,1743.645
2023-12-23 19:00:00,1741.045
2023-12-23 20:00:00,1744.605
2023-12-23 21:00:00,1744.9025000000001
2023-12-23 22:00:00,1748.8675
2023-12-23 23:00:00,1746.64
2023-12-24 00:00:00,1730.87
2023-12-24 01:00:00,1725.58
2023-12-24 02:00:00,1735.4575
2023-12-24 03:00:00,1724.92
2023-12-24 04:00:00,1715.955
2023-12-24 05:00:00,1715.4875
2023-12-24 06:00:00,1710.5549999999998
2023-12-24 07:00:00,1707.2575000000002
2023-12-24 08:00:00,1707.05
2023-12-24 09:00:00,1711.97
2023-12-24 10:00:00,1712.33
2023-12-24 11:00:00,1708.4375
2023-12-24 12:00:00,1711.28
2023-12-24 13:00:00,1711.025
2023-12-24 14:00:00,1715.545
2023-12-24 15:00:00,1707.92
2023-12-24 16:00:00,1697.1425
2023-12-24 17:00:00,1691.3025
2023-12-24 18:00:00,1689.46
2023-12-24 19:00:00,1686.35
2023-12-24 20:00:00,1684.455
2023-12-24 21:00:00,1685.895
2023-12-24 22:00:00,1680.385
2023-12-24 23:00:00,1680.55
2023-12-25 00:00:00,1690.5900000000001
2023-12-25 01:00:00,1635.1325000000002
2023-12-25 02:00:00,1611.24
2023-12-25 03:00:00,1610.995
2023-12-25 04:00:00,1616.88
2023-12-25 05:00:00,1628.945
2023-12-25 06:00:00,1628.805
2023-12-25 07:00:00,1632.3175
2023-12-25 08:00:00,1668.2275
2023-12-25 09:00:00,1727.3274999999999
2023-12-25 10:00:00,1745.595
2023-12-25 11:00:00,1763.7425
2023-12-25 12:00:00,1780.905
2023-12-25 13:00:00,1796.6075
2023-12-25 14:00:00,1794.76
2023-12-25 15:00:00,1770.7675
2023-12-25 16:00:00,1753.67
2023-12-25 17:00:00,1746.6075
2023-12-25 18:00:00,1736.2725
2023-12-25 19:00:00,1745.855
2023-12-25 20:00:00,1741.615
2023-12-25 21:00:00,1743.3225
2023-12-25 22:00:00,1749.2825
2023-12-25 23:00:00,1753.4975
2023-12-26 00:00:00,1755.17
2023-12-26 01:00:00,1746.095
2023-12-26 02:00:00,1742.7875
2023-12-26 03:00:00,1738.1175
2023-12-26 04:00:00,1739.605
2023-12-26 05:00:00,1737.0700000000002
2023-12-26 06:00:00,1733.9875
2023-12-26 07:00:00,1734.53
2023-12-26 08:00:00,1740.5825
2023-12-26 09:00:00,1765.6675
2023-12-26 10:00:00,1770.29
2023-12-26 11:00:00,1765.56
2023-12-26 12:00:00,1748.0375
2023-12-26 13:00:00,1733.4225000000001
2023-12-26 14:00:00,1704.5625
2023-12-26 15:00:00,1713.23
2023-12-26 16:00:00,1702.3475
2023-12-26 17:00:00,1696.4525
2023-12-26 18:00:00,1700.9175
2023-12-26 19:00:00,1690.2549999999999
2023-12-26 20:00:00,1681.74
2023-12-26 21:00:00,1687.7625
2023-12-26 22:00:00,1682.225
2023-12-26 23:00:00,1681.365
2023-12-27 00:00:00,1680.025
2023-12-27 01:00:00,1679.0725
2023-12-27 02:00:00,1673.345
2023-12-27 03:00:00,1669.4275
2023-12-27 04:00:00,1669.2075
2023-12-27 05:00:00,1669.2325
2023-12-27 06:00:00,1660.8975
2023-12-27 07:00:00,1662.76
2023-12-27 08:00:00,1665.7675
2023-12-27 09:00:00,1693.355
2023-12-27 10:00:00,1701.1625
2023-12-27 11:00:00,1714.3775
2023-12-27 12:00:00,1719.125
2023-12-27 13:00:00,1736.0149999999999
2023-12-27 14:00:00,1708.925
2023-12-27 15:00:00,1678.16
2023-12-27 16:00:00,1669.5425
2023-12-27 17:00:00,1663.5975
2023-12-27 18:00:00,1654.255
2023-12-27 19:00:00,1655.22
2023-12-27 20:00:00,1655.5725
2023-12-27 21:00:00,1662.2150000000001
2023-12-27 22:00:00,1666.3600000000001
2023-12-27 23:00:00,1664.3899999999999
2023-12-28 00:00:00,1662.16
2023-12-28 01:00:00,1660.655
2023-12-28 02:00:00,1656.355
2023-12-28 03:00:00,1646.85
2023-12-28 04:00:00,1639.54
2023-12-28 05:00:00,1655.0325
2023-12-28 06:00:00,1655.7475
2023-12-28 07:00:00,1643.685
2023-12-28 08:00:00,1655.625
2023-12-28 09:00:00,1677.7725
2023-12-28 10:00:00,1684.7675
2023-12-28 11:00:00,1676.065
2023-12-28 12:00:00,1656.24
2023-12-28 13:00:00,1644.37
2023-12-28 14:00:00,1644.19
2023-12-28 15:00:00,1634.54
2023-12-28 16:00:00,1630.6675
2023-12-28 17:00:00,1623.275
2023-12-28 18:00:00,1617.535
2023-12-28 19:00:00,1611.47
2023-12-28 20:00:00,1608.31
2023-12-28 21:00:00,1599.805
2023-12-28 22:00:00,1603.8775
2023-12-28 23:00:00,1596.9775
2023-12-29 00:00:00,1593.0975
2023-12-29 01:00:00,1589.23
2023-12-29 02:00:00,1584.6
2023-12-29 03:00:00,1589.385
2023-12-29 04:00:00,1590.6525
2023-12-29 05:00:00,1578.9175
2023-12-29 06:00:00,1565.6825
2023-12-29 07:00:00,1572.2775
2023-12-29 08:00:00,1581.5925
2023-12-29 09:00:00,1588.4775
2023-12-29 10:00:00,1606.8
2023-12-29 11:00:00,1616.5225
2023-12-29 12:00:00,1612.7325
2023-12-29 13:00:00,1601.31
2023-12-29 14:00:00,1589.555
2023-12-29 15:00:00,1574.065
2023-12-29 16:00:00,1567.695
2023-12-29 17:00:00,1569.205
2023-12-29 18:00:00,1561.685
2023-12-29 19:00:00,1557.3025
2023-12-29 20:00:00,1559.47
2023-12-29 21:00:00,1561.205
2023-12-29 22:00:00,1564.5625
2023-12-29 23:00:00,1565.585
2023-12-30 00:00:00,1561.42
2023-12-30 01:00:00,1552.2325
2023-12-30 02:00:00,1540.4425
2023-12-30 03:00:00,1538.0175
2023-12-30 04:00:00,1530.8375
2023-12-30 05:00:00,1522.0375
2023-12-30 06:00:00,1520.8675
2023-12-30 07:00:00,1520.3825000000002
2023-12-30 08:00:00,1522.7475
2023-12-30 09:00:00,1541.0225
2023-12-30 10:00:00,1559.5025
2023-12-30 11:00:00,1573.345
2023-12-30 12:00:00,1581.585
2023-12-30 13:00:00,1581.595
2023-12-30 14:00:00,1563.57
2023-12-30 15:00:00,1542.635
2023-12-30 16:00:00,1531.2225
2023-12-30 17:00:00,1528.1025
2023-12-30 18:00:00,1519.1275
2023-12-30 19:00:00,1518.8975
2023-12-30 20:00:00,1528.44
2023-12-30 21:00:00,1531.88
2023-12-30 22:00:00,1537.9675
2023-12-30 23:00:00,1540.2525
2023-12-31 00:00:00,1550.59
2023-12-31 01:00:00,1550.6125
2023-12-31 02:00:00,1551.6999999999998
2023-12-31 03:00:00,1552.565
2023-12-31 04:00:00,1546.925
2023-12-31 05:00:00,1550.9524999999999
2023-12-31 06:00:00,1554.7325
2023-12-31 07:00:00,1549.9875
2023-12-31 08:00:00,1555.8
2023-12-31 09:00:00,1567.265
2023-12-31 10:00:00,1581.5375
2023-12-31 11:00:00,1579.845
2023-12-31 12:00:00,1581.445
2023-12-31 13:00:00,1584.31
2023-12-31 14:00:00,1568.5825
2023-12-31 15:00:00,1568.3675
2023-12-31 16:00:00,1568.4524999999999
2023-12-31 17:00:00,1558.445
2023-12-31 18:00:00,1548.99
2023-12-31 19:00:00,1541.5975
2023-12-31 20:00:00,1545.4575
2023-12-31 21:00:00,1549.415
2023-12-31 22:00:00,1546.0475000000001
2023-12-31 23:00:00,1547.815
2024-01-01 00:00:00,1835.925
