,Hydro Run-of-river and pondage
2021-01-01 01:00:00,1174.5975
2021-01-01 02:00:00,1158.2675
2021-01-01 03:00:00,1155.465
2021-01-01 04:00:00,1152.5525
2021-01-01 05:00:00,1144.4675
2021-01-01 06:00:00,1141.0975
2021-01-01 07:00:00,1143.4775
2021-01-01 08:00:00,1138.78
2021-01-01 09:00:00,1142.7649999999999
2021-01-01 10:00:00,1147.9425
2021-01-01 11:00:00,1149.2675
2021-01-01 12:00:00,1158.3425
2021-01-01 13:00:00,1158.02
2021-01-01 14:00:00,1149.8
2021-01-01 15:00:00,1146.635
2021-01-01 16:00:00,1149.5125
2021-01-01 17:00:00,1150.29
2021-01-01 18:00:00,1150.105
2021-01-01 19:00:00,1147.255
2021-01-01 20:00:00,1147.3575
2021-01-01 21:00:00,1164.4650000000001
2021-01-01 22:00:00,1166.3225
2021-01-01 23:00:00,1161.295
2021-01-02 00:00:00,1142.49
2021-01-02 01:00:00,1137.3575
2021-01-02 02:00:00,1135.8775
2021-01-02 03:00:00,1127.4299999999998
2021-01-02 04:00:00,1119.655
2021-01-02 05:00:00,1116.6425
2021-01-02 06:00:00,1117.9125
2021-01-02 07:00:00,1114.83
2021-01-02 08:00:00,1114.1975
2021-01-02 09:00:00,1128.915
2021-01-02 10:00:00,1136.685
2021-01-02 11:00:00,1134.14
2021-01-02 12:00:00,1123.8325
2021-01-02 13:00:00,1113.535
2021-01-02 14:00:00,1102.345
2021-01-02 15:00:00,1098.9025000000001
2021-01-02 16:00:00,1094.73
2021-01-02 17:00:00,1098.0875
2021-01-02 18:00:00,1108.3575
2021-01-02 19:00:00,1116.925
2021-01-02 20:00:00,1112.0975
2021-01-02 21:00:00,1113.305
2021-01-02 22:00:00,1116.5525
2021-01-02 23:00:00,1111.32
2021-01-03 00:00:00,1107.5
2021-01-03 01:00:00,1102.96
2021-01-03 02:00:00,1105.6625
2021-01-03 03:00:00,1105.9
2021-01-03 04:00:00,1110.9850000000001
2021-01-03 05:00:00,1113.9275
2021-01-03 06:00:00,1106.9025000000001
2021-01-03 07:00:00,1106.6875
2021-01-03 08:00:00,1104.275
2021-01-03 09:00:00,1090.5525
2021-01-03 10:00:00,1094.435
2021-01-03 11:00:00,1090.795
2021-01-03 12:00:00,1094.3025
2021-01-03 13:00:00,1102.7125
2021-01-03 14:00:00,1107.56
2021-01-03 15:00:00,1108.4325
2021-01-03 16:00:00,1115.5225
2021-01-03 17:00:00,1103.98
2021-01-03 18:00:00,1088.1
2021-01-03 19:00:00,1087.7224999999999
2021-01-03 20:00:00,1090.055
2021-01-03 21:00:00,1085.9650000000001
2021-01-03 22:00:00,1085.0725
2021-01-03 23:00:00,1086.4625
2021-01-04 00:00:00,1080.9975
2021-01-04 01:00:00,1067.25
2021-01-04 02:00:00,1067.4875
2021-01-04 03:00:00,1065.4875
2021-01-04 04:00:00,1069.2849999999999
2021-01-04 05:00:00,1071.74
2021-01-04 06:00:00,1075.9850000000001
2021-01-04 07:00:00,1069.065
2021-01-04 08:00:00,1069.2575
2021-01-04 09:00:00,1069.7775
2021-01-04 10:00:00,1098.8125
2021-01-04 11:00:00,1104.7875
2021-01-04 12:00:00,1118.135
2021-01-04 13:00:00,1130.645
2021-01-04 14:00:00,1142.7125
2021-01-04 15:00:00,1147.1299999999999
2021-01-04 16:00:00,1165.1325
2021-01-04 17:00:00,1170.0974999999999
2021-01-04 18:00:00,1173.3675
2021-01-04 19:00:00,1170.96
2021-01-04 20:00:00,1167.0725
2021-01-04 21:00:00,1166.0875
2021-01-04 22:00:00,1173.5925
2021-01-04 23:00:00,1188.3175
2021-01-05 00:00:00,1198.2425
2021-01-05 01:00:00,1210.17
2021-01-05 02:00:00,1218.5525
2021-01-05 03:00:00,1213.1950000000002
2021-01-05 04:00:00,1209.0625
2021-01-05 05:00:00,1208.6475
2021-01-05 06:00:00,1198.02
2021-01-05 07:00:00,1191.93
2021-01-05 08:00:00,1193.6925
2021-01-05 09:00:00,1191.7775000000001
2021-01-05 10:00:00,1193.44
2021-01-05 11:00:00,1211.82
2021-01-05 12:00:00,1227.0075
2021-01-05 13:00:00,1229.4075
2021-01-05 14:00:00,1235.9225000000001
2021-01-05 15:00:00,1238.3325
2021-01-05 16:00:00,1243.3925
2021-01-05 17:00:00,1249.42
2021-01-05 18:00:00,1255.595
2021-01-05 19:00:00,1255.6025
2021-01-05 20:00:00,1264.575
2021-01-05 21:00:00,1267.3525
2021-01-05 22:00:00,1243.005
2021-01-05 23:00:00,1234.5225
2021-01-06 00:00:00,1239.6525
2021-01-06 01:00:00,1236.9425
2021-01-06 02:00:00,1267.78
2021-01-06 03:00:00,1278.9575
2021-01-06 04:00:00,1271.545
2021-01-06 05:00:00,1258.4850000000001
2021-01-06 06:00:00,1244.72
2021-01-06 07:00:00,1228.245
2021-01-06 08:00:00,1223.74
2021-01-06 09:00:00,1212.9775
2021-01-06 10:00:00,1208.7
2021-01-06 11:00:00,1203.505
2021-01-06 12:00:00,1199.0625
2021-01-06 13:00:00,1194.8475
2021-01-06 14:00:00,1191.1825
2021-01-06 15:00:00,1192.6025
2021-01-06 16:00:00,1200.94
2021-01-06 17:00:00,1201.38
2021-01-06 18:00:00,1199.6575
2021-01-06 19:00:00,1207.1275
2021-01-06 20:00:00,1213.3975
2021-01-06 21:00:00,1218.0275
2021-01-06 22:00:00,1221.085
2021-01-06 23:00:00,1213.9325000000001
2021-01-07 00:00:00,1211.3249999999998
2021-01-07 01:00:00,1200.93
2021-01-07 02:00:00,1209.7575
2021-01-07 03:00:00,1210.9325
2021-01-07 04:00:00,1213.9650000000001
2021-01-07 05:00:00,1214.9775
2021-01-07 06:00:00,1219.0325
2021-01-07 07:00:00,1228.41
2021-01-07 08:00:00,1229.0375
2021-01-07 09:00:00,1227.5325
2021-01-07 10:00:00,1231.595
2021-01-07 11:00:00,1238.94
2021-01-07 12:00:00,1250.2975000000001
2021-01-07 13:00:00,1254.1799999999998
2021-01-07 14:00:00,1253.7925
2021-01-07 15:00:00,1238.8925
2021-01-07 16:00:00,1245.94
2021-01-07 17:00:00,1247.9575
2021-01-07 18:00:00,1247.1399999999999
2021-01-07 19:00:00,1254.33
2021-01-07 20:00:00,1254.295
2021-01-07 21:00:00,1253.895
2021-01-07 22:00:00,1258.755
2021-01-07 23:00:00,1281.42
2021-01-08 00:00:00,1319.0975
2021-01-08 01:00:00,1317.6425
2021-01-08 02:00:00,1319.31
2021-01-08 03:00:00,1313.9325
2021-01-08 04:00:00,1316.565
2021-01-08 05:00:00,1306.9475
2021-01-08 06:00:00,1277.4075
2021-01-08 07:00:00,1274.1200000000001
2021-01-08 08:00:00,1274.5625
2021-01-08 09:00:00,1262.8975
2021-01-08 10:00:00,1266.325
2021-01-08 11:00:00,1246.91
2021-01-08 12:00:00,1249.1425
2021-01-08 13:00:00,1244.68
2021-01-08 14:00:00,1259.1025
2021-01-08 15:00:00,1269.5825
2021-01-08 16:00:00,1286.7549999999999
2021-01-08 17:00:00,1290.7425
2021-01-08 18:00:00,1286.6875
2021-01-08 19:00:00,1299.985
2021-01-08 20:00:00,1301.9125
2021-01-08 21:00:00,1312.1475
2021-01-08 22:00:00,1324.62
2021-01-08 23:00:00,1331.905
2021-01-09 00:00:00,1324.4225
2021-01-09 01:00:00,1309.2
2021-01-09 02:00:00,1297.5725
2021-01-09 03:00:00,1284.63
2021-01-09 04:00:00,1271.9175
2021-01-09 05:00:00,1264.6425
2021-01-09 06:00:00,1246.1425
2021-01-09 07:00:00,1225.915
2021-01-09 08:00:00,1217.0900000000001
2021-01-09 09:00:00,1196.8075
2021-01-09 10:00:00,1195.52
2021-01-09 11:00:00,1185.2649999999999
2021-01-09 12:00:00,1181.0725
2021-01-09 13:00:00,1191.6625
2021-01-09 14:00:00,1199.06
2021-01-09 15:00:00,1205.9450000000002
2021-01-09 16:00:00,1212.6875
2021-01-09 17:00:00,1217.2575000000002
2021-01-09 18:00:00,1208.865
2021-01-09 19:00:00,1202.0375
2021-01-09 20:00:00,1183.96
2021-01-09 21:00:00,1169.83
2021-01-09 22:00:00,1185.6075
2021-01-09 23:00:00,1185.165
2021-01-10 00:00:00,1175.0525
2021-01-10 01:00:00,1149.9275
2021-01-10 02:00:00,1138.8175
2021-01-10 03:00:00,1130.875
2021-01-10 04:00:00,1127.9075
2021-01-10 05:00:00,1126.01
2021-01-10 06:00:00,1127.1999999999998
2021-01-10 07:00:00,1132.98
2021-01-10 08:00:00,1138.2825
2021-01-10 09:00:00,1127.135
2021-01-10 10:00:00,1134.6875
2021-01-10 11:00:00,1130.06
2021-01-10 12:00:00,1134.2150000000001
2021-01-10 13:00:00,1126.7925
2021-01-10 14:00:00,1119.0425
2021-01-10 15:00:00,1115.2825
2021-01-10 16:00:00,1112.2625
2021-01-10 17:00:00,1106.46
2021-01-10 18:00:00,1098.9325
2021-01-10 19:00:00,1104.0325
2021-01-10 20:00:00,1109.4
2021-01-10 21:00:00,1098.4025000000001
2021-01-10 22:00:00,1081.0525
2021-01-10 23:00:00,1069.4775
2021-01-11 00:00:00,1048.4625
2021-01-11 01:00:00,1033.3925
2021-01-11 02:00:00,1029.0175
2021-01-11 03:00:00,1018.0925
2021-01-11 04:00:00,1013.2375
2021-01-11 05:00:00,1015.4075
2021-01-11 06:00:00,1007.765
2021-01-11 07:00:00,1007.825
2021-01-11 08:00:00,1002.4375
2021-01-11 09:00:00,1009.98
2021-01-11 10:00:00,1008.9100000000001
2021-01-11 11:00:00,1029.8325
2021-01-11 12:00:00,1049.7775000000001
2021-01-11 13:00:00,1058.76
2021-01-11 14:00:00,1078.9175
2021-01-11 15:00:00,1089.7775
2021-01-11 16:00:00,1090.6975
2021-01-11 17:00:00,1095.7224999999999
2021-01-11 18:00:00,1102.6325000000002
2021-01-11 19:00:00,1110.26
2021-01-11 20:00:00,1118.89
2021-01-11 21:00:00,1124.6525000000001
2021-01-11 22:00:00,1130.4450000000002
2021-01-11 23:00:00,1136.72
2021-01-12 00:00:00,1124.5225
2021-01-12 01:00:00,1106.73
2021-01-12 02:00:00,1106.6525000000001
2021-01-12 03:00:00,1106.655
2021-01-12 04:00:00,1097.2175
2021-01-12 05:00:00,1096.7725
2021-01-12 06:00:00,1091.94
2021-01-12 07:00:00,1078.45
2021-01-12 08:00:00,1070.6525
2021-01-12 09:00:00,1079.8
2021-01-12 10:00:00,1084.0425
2021-01-12 11:00:00,1096.03
2021-01-12 12:00:00,1106.6375
2021-01-12 13:00:00,1132.095
2021-01-12 14:00:00,1140.6175
2021-01-12 15:00:00,1152.75
2021-01-12 16:00:00,1158.8225
2021-01-12 17:00:00,1168.2649999999999
2021-01-12 18:00:00,1170.4975
2021-01-12 19:00:00,1180.4125
2021-01-12 20:00:00,1168.8075
2021-01-12 21:00:00,1156.9725
2021-01-12 22:00:00,1151.8275
2021-01-12 23:00:00,1159.5375
2021-01-13 00:00:00,1162.68
2021-01-13 01:00:00,1169.9125
2021-01-13 02:00:00,1177.4625
2021-01-13 03:00:00,1172.3925
2021-01-13 04:00:00,1175.3575
2021-01-13 05:00:00,1175.2275
2021-01-13 06:00:00,1184.645
2021-01-13 07:00:00,1185.345
2021-01-13 08:00:00,1176.045
2021-01-13 09:00:00,1174.15
2021-01-13 10:00:00,1182.31
2021-01-13 11:00:00,1191.815
2021-01-13 12:00:00,1201.4275
2021-01-13 13:00:00,1223.225
2021-01-13 14:00:00,1231.2325
2021-01-13 15:00:00,1229.2575
2021-01-13 16:00:00,1232.83
2021-01-13 17:00:00,1233.355
2021-01-13 18:00:00,1232.925
2021-01-13 19:00:00,1235.205
2021-01-13 20:00:00,1233.04
2021-01-13 21:00:00,1238.9450000000002
2021-01-13 22:00:00,1253.2425
2021-01-13 23:00:00,1262.885
2021-01-14 00:00:00,1280.4375
2021-01-14 01:00:00,1295.4850000000001
2021-01-14 02:00:00,1303.0675
2021-01-14 03:00:00,1303.76
2021-01-14 04:00:00,1317.1
2021-01-14 05:00:00,1318.94
2021-01-14 06:00:00,1324.1075
2021-01-14 07:00:00,1337.0325
2021-01-14 08:00:00,1335.8
2021-01-14 09:00:00,1329.1399999999999
2021-01-14 10:00:00,1320.615
2021-01-14 11:00:00,1316.335
2021-01-14 12:00:00,1335.0825
2021-01-14 13:00:00,1343.4524999999999
2021-01-14 14:00:00,1346.895
2021-01-14 15:00:00,1346.99
2021-01-14 16:00:00,1355.135
2021-01-14 17:00:00,1354.5875
2021-01-14 18:00:00,1355.835
2021-01-14 19:00:00,1357.4125
2021-01-14 20:00:00,1355.4075
2021-01-14 21:00:00,1353.9075
2021-01-14 22:00:00,1358.2875
2021-01-14 23:00:00,1362.1125
2021-01-15 00:00:00,1372.2575
2021-01-15 01:00:00,1365.455
2021-01-15 02:00:00,1362.665
2021-01-15 03:00:00,1326.3600000000001
2021-01-15 04:00:00,1283.2425
2021-01-15 05:00:00,1286.5825
2021-01-15 06:00:00,1343.0175
2021-01-15 07:00:00,1327.7625
2021-01-15 08:00:00,1329.8625
2021-01-15 09:00:00,1322.27
2021-01-15 10:00:00,1323.31
2021-01-15 11:00:00,1327.3625
2021-01-15 12:00:00,1324.1775
2021-01-15 13:00:00,1357.1675
2021-01-15 14:00:00,1363.0975
2021-01-15 15:00:00,1363.9
2021-01-15 16:00:00,1377.87
2021-01-15 17:00:00,1382.8175
2021-01-15 18:00:00,1399.125
2021-01-15 19:00:00,1402.575
2021-01-15 20:00:00,1420.8474999999999
2021-01-15 21:00:00,1431.525
2021-01-15 22:00:00,1438.76
2021-01-15 23:00:00,1446.2625
2021-01-16 00:00:00,1445.365
2021-01-16 01:00:00,1445.6425
2021-01-16 02:00:00,1439.2725
2021-01-16 03:00:00,1428.97
2021-01-16 04:00:00,1406.855
2021-01-16 05:00:00,1391.8425
2021-01-16 06:00:00,1381.2275
2021-01-16 07:00:00,1360.1950000000002
2021-01-16 08:00:00,1349.37
2021-01-16 09:00:00,1335.4225000000001
2021-01-16 10:00:00,1335.2575000000002
2021-01-16 11:00:00,1327.1275
2021-01-16 12:00:00,1315.5225
2021-01-16 13:00:00,1303.8025
2021-01-16 14:00:00,1282.045
2021-01-16 15:00:00,1272.7175
2021-01-16 16:00:00,1263.5225
2021-01-16 17:00:00,1250.4425
2021-01-16 18:00:00,1245.73
2021-01-16 19:00:00,1226.7150000000001
2021-01-16 20:00:00,1221.12
2021-01-16 21:00:00,1214.9524999999999
2021-01-16 22:00:00,1205.3674999999998
2021-01-16 23:00:00,1193.065
2021-01-17 00:00:00,1172.8775
2021-01-17 01:00:00,1163.6950000000002
2021-01-17 02:00:00,1161.4375
2021-01-17 03:00:00,1161.245
2021-01-17 04:00:00,1159.54
2021-01-17 05:00:00,1153.8225
2021-01-17 06:00:00,1152.3775
2021-01-17 07:00:00,1142.28
2021-01-17 08:00:00,1136.5325
2021-01-17 09:00:00,1139.175
2021-01-17 10:00:00,1147.415
2021-01-17 11:00:00,1152.825
2021-01-17 12:00:00,1151.6475
2021-01-17 13:00:00,1151.5425
2021-01-17 14:00:00,1154.9175
2021-01-17 15:00:00,1158.1275
2021-01-17 16:00:00,1144.2775000000001
2021-01-17 17:00:00,1133.16
2021-01-17 18:00:00,1139.33
2021-01-17 19:00:00,1159.8600000000001
2021-01-17 20:00:00,1169.5149999999999
2021-01-17 21:00:00,1169.6925
2021-01-17 22:00:00,1171.1375
2021-01-17 23:00:00,1169.7350000000001
2021-01-18 00:00:00,1143.015
2021-01-18 01:00:00,1136.42
2021-01-18 02:00:00,1135.515
2021-01-18 03:00:00,1131.2849999999999
2021-01-18 04:00:00,1117.82
2021-01-18 05:00:00,1114.095
2021-01-18 06:00:00,1116.6175
2021-01-18 07:00:00,1111.0325
2021-01-18 08:00:00,1123.6375
2021-01-18 09:00:00,1133.1875
2021-01-18 10:00:00,1149.5825
2021-01-18 11:00:00,1160.045
2021-01-18 12:00:00,1165.0
2021-01-18 13:00:00,1180.03
2021-01-18 14:00:00,1194.6525
2021-01-18 15:00:00,1197.1
2021-01-18 16:00:00,1218.65
2021-01-18 17:00:00,1242.7175
2021-01-18 18:00:00,1248.5300000000002
2021-01-18 19:00:00,1256.37
2021-01-18 20:00:00,1270.7925
2021-01-18 21:00:00,1269.295
2021-01-18 22:00:00,1275.0275
2021-01-18 23:00:00,1298.22
2021-01-19 00:00:00,1310.2075
2021-01-19 01:00:00,1308.765
2021-01-19 02:00:00,1314.5149999999999
2021-01-19 03:00:00,1328.36
2021-01-19 04:00:00,1332.6125
2021-01-19 05:00:00,1318.7024999999999
2021-01-19 06:00:00,1298.7
2021-01-19 07:00:00,1289.77
2021-01-19 08:00:00,1287.49
2021-01-19 09:00:00,1283.3975
2021-01-19 10:00:00,1274.035
2021-01-19 11:00:00,1278.395
2021-01-19 12:00:00,1288.9099999999999
2021-01-19 13:00:00,1298.4975
2021-01-19 14:00:00,1296.15
2021-01-19 15:00:00,1286.8249999999998
2021-01-19 16:00:00,1293.08
2021-01-19 17:00:00,1313.9575
2021-01-19 18:00:00,1302.1125
2021-01-19 19:00:00,1326.0025
2021-01-19 20:00:00,1333.4125
2021-01-19 21:00:00,1324.955
2021-01-19 22:00:00,1321.985
2021-01-19 23:00:00,1329.6825
2021-01-20 00:00:00,1316.955
2021-01-20 01:00:00,1317.9175
2021-01-20 02:00:00,1317.7725
2021-01-20 03:00:00,1300.015
2021-01-20 04:00:00,1287.2175
2021-01-20 05:00:00,1280.9099999999999
2021-01-20 06:00:00,1265.075
2021-01-20 07:00:00,1251.7775
2021-01-20 08:00:00,1238.495
2021-01-20 09:00:00,1241.3975
2021-01-20 10:00:00,1247.6825
2021-01-20 11:00:00,1258.7425
2021-01-20 12:00:00,1253.9825
2021-01-20 13:00:00,1240.185
2021-01-20 14:00:00,1218.3225
2021-01-20 15:00:00,1207.6375
2021-01-20 16:00:00,1194.79
2021-01-20 17:00:00,1181.6750000000002
2021-01-20 18:00:00,1176.495
2021-01-20 19:00:00,1166.67
2021-01-20 20:00:00,1166.875
2021-01-20 21:00:00,1162.8075
2021-01-20 22:00:00,1156.2725
2021-01-20 23:00:00,1157.9075
2021-01-21 00:00:00,1159.845
2021-01-21 01:00:00,1146.155
2021-01-21 02:00:00,1145.775
2021-01-21 03:00:00,1141.3225
2021-01-21 04:00:00,1128.2425
2021-01-21 05:00:00,1116.5525
2021-01-21 06:00:00,1112.0025
2021-01-21 07:00:00,1112.2424999999998
2021-01-21 08:00:00,1111.7375
2021-01-21 09:00:00,1105.48
2021-01-21 10:00:00,1105.6425
2021-01-21 11:00:00,1111.5
2021-01-21 12:00:00,1111.18
2021-01-21 13:00:00,1097.1775
2021-01-21 14:00:00,1078.95
2021-01-21 15:00:00,1077.8975
2021-01-21 16:00:00,1084.855
2021-01-21 17:00:00,1075.8775
2021-01-21 18:00:00,1089.7375
2021-01-21 19:00:00,1086.505
2021-01-21 20:00:00,1096.6425
2021-01-21 21:00:00,1098.245
2021-01-21 22:00:00,1096.3600000000001
2021-01-21 23:00:00,1103.9975
2021-01-22 00:00:00,1106.5925
2021-01-22 01:00:00,1119.8575
2021-01-22 02:00:00,1137.1375
2021-01-22 03:00:00,1146.44
2021-01-22 04:00:00,1157.6525
2021-01-22 05:00:00,1169.7725
2021-01-22 06:00:00,1179.3274999999999
2021-01-22 07:00:00,1181.105
2021-01-22 08:00:00,1180.3899999999999
2021-01-22 09:00:00,1186.1025
2021-01-22 10:00:00,1191.99
2021-01-22 11:00:00,1198.375
2021-01-22 12:00:00,1202.5175
2021-01-22 13:00:00,1206.025
2021-01-22 14:00:00,1207.0975
2021-01-22 15:00:00,1207.3925
2021-01-22 16:00:00,1206.075
2021-01-22 17:00:00,1205.8425
2021-01-22 18:00:00,1207.6375
2021-01-22 19:00:00,1216.365
2021-01-22 20:00:00,1225.4825
2021-01-22 21:00:00,1229.1750000000002
2021-01-22 22:00:00,1228.4099999999999
2021-01-22 23:00:00,1237.1425
2021-01-23 00:00:00,1250.96
2021-01-23 01:00:00,1260.2775
2021-01-23 02:00:00,1272.215
2021-01-23 03:00:00,1278.7975000000001
2021-01-23 04:00:00,1278.895
2021-01-23 05:00:00,1279.8925
2021-01-23 06:00:00,1287.7350000000001
2021-01-23 07:00:00,1296.9924999999998
2021-01-23 08:00:00,1307.035
2021-01-23 09:00:00,1311.425
2021-01-23 10:00:00,1318.85
2021-01-23 11:00:00,1321.065
2021-01-23 12:00:00,1321.9325
2021-01-23 13:00:00,1315.5125
2021-01-23 14:00:00,1308.825
2021-01-23 15:00:00,1310.68
2021-01-23 16:00:00,1309.6425
2021-01-23 17:00:00,1305.775
2021-01-23 18:00:00,1289.285
2021-01-23 19:00:00,1293.0225
2021-01-23 20:00:00,1281.7375
2021-01-23 21:00:00,1283.2275
2021-01-23 22:00:00,1287.33
2021-01-23 23:00:00,1285.935
2021-01-24 00:00:00,1280.5325
2021-01-24 01:00:00,1275.7875
2021-01-24 02:00:00,1271.4775
2021-01-24 03:00:00,1264.615
2021-01-24 04:00:00,1266.56
2021-01-24 05:00:00,1274.4175
2021-01-24 06:00:00,1268.4475
2021-01-24 07:00:00,1264.4375
2021-01-24 08:00:00,1269.4025
2021-01-24 09:00:00,1279.5774999999999
2021-01-24 10:00:00,1289.615
2021-01-24 11:00:00,1293.295
2021-01-24 12:00:00,1292.0149999999999
2021-01-24 13:00:00,1286.245
2021-01-24 14:00:00,1267.46
2021-01-24 15:00:00,1256.145
2021-01-24 16:00:00,1252.51
2021-01-24 17:00:00,1242.925
2021-01-24 18:00:00,1238.9175
2021-01-24 19:00:00,1239.5325
2021-01-24 20:00:00,1234.1725000000001
2021-01-24 21:00:00,1230.475
2021-01-24 22:00:00,1231.315
2021-01-24 23:00:00,1227.37
2021-01-25 00:00:00,1229.575
2021-01-25 01:00:00,1227.2
2021-01-25 02:00:00,1227.1599999999999
2021-01-25 03:00:00,1226.6475
2021-01-25 04:00:00,1230.3725
2021-01-25 05:00:00,1234.7075
2021-01-25 06:00:00,1230.88
2021-01-25 07:00:00,1229.1375
2021-01-25 08:00:00,1219.6299999999999
2021-01-25 09:00:00,1223.885
2021-01-25 10:00:00,1226.225
2021-01-25 11:00:00,1239.3875
2021-01-25 12:00:00,1249.2175
2021-01-25 13:00:00,1274.2975
2021-01-25 14:00:00,1291.2975000000001
2021-01-25 15:00:00,1297.4425
2021-01-25 16:00:00,1309.565
2021-01-25 17:00:00,1300.1825
2021-01-25 18:00:00,1316.1875
2021-01-25 19:00:00,1343.5925
2021-01-25 20:00:00,1356.9075
2021-01-25 21:00:00,1379.04
2021-01-25 22:00:00,1385.7175
2021-01-25 23:00:00,1384.185
2021-01-26 00:00:00,1369.0775
2021-01-26 01:00:00,1357.8274999999999
2021-01-26 02:00:00,1348.2775
2021-01-26 03:00:00,1345.9
2021-01-26 04:00:00,1337.75
2021-01-26 05:00:00,1323.2275
2021-01-26 06:00:00,1316.79
2021-01-26 07:00:00,1298.0925
2021-01-26 08:00:00,1308.995
2021-01-26 09:00:00,1315.8225
2021-01-26 10:00:00,1327.7375
2021-01-26 11:00:00,1337.7649999999999
2021-01-26 12:00:00,1346.1525
2021-01-26 13:00:00,1363.325
2021-01-26 14:00:00,1380.7225
2021-01-26 15:00:00,1387.32
2021-01-26 16:00:00,1405.77
2021-01-26 17:00:00,1403.1125
2021-01-26 18:00:00,1406.875
2021-01-26 19:00:00,1416.7175
2021-01-26 20:00:00,1424.8674999999998
2021-01-26 21:00:00,1432.2175
2021-01-26 22:00:00,1437.3425
2021-01-26 23:00:00,1431.175
2021-01-27 00:00:00,1428.9875
2021-01-27 01:00:00,1424.8075
2021-01-27 02:00:00,1427.0
2021-01-27 03:00:00,1420.8600000000001
2021-01-27 04:00:00,1409.1399999999999
2021-01-27 05:00:00,1404.42
2021-01-27 06:00:00,1400.54
2021-01-27 07:00:00,1373.3600000000001
2021-01-27 08:00:00,1393.135
2021-01-27 09:00:00,1406.865
2021-01-27 10:00:00,1411.3075
2021-01-27 11:00:00,1406.3175
2021-01-27 12:00:00,1398.1825
2021-01-27 13:00:00,1400.795
2021-01-27 14:00:00,1415.5575
2021-01-27 15:00:00,1414.6625
2021-01-27 16:00:00,1416.465
2021-01-27 17:00:00,1419.6475
2021-01-27 18:00:00,1432.4099999999999
2021-01-27 19:00:00,1432.1575
2021-01-27 20:00:00,1431.8075000000001
2021-01-27 21:00:00,1432.5500000000002
2021-01-27 22:00:00,1426.8600000000001
2021-01-27 23:00:00,1429.345
2021-01-28 00:00:00,1447.225
2021-01-28 01:00:00,1433.035
2021-01-28 02:00:00,1427.75
2021-01-28 03:00:00,1429.0625
2021-01-28 04:00:00,1428.125
2021-01-28 05:00:00,1421.0774999999999
2021-01-28 06:00:00,1408.135
2021-01-28 07:00:00,1378.5375
2021-01-28 08:00:00,1359.9925
2021-01-28 09:00:00,1366.8025
2021-01-28 10:00:00,1370.275
2021-01-28 11:00:00,1364.5675
2021-01-28 12:00:00,1361.7575000000002
2021-01-28 13:00:00,1365.79
2021-01-28 14:00:00,1375.4675
2021-01-28 15:00:00,1390.4225
2021-01-28 16:00:00,1414.6425
2021-01-28 17:00:00,1431.9125
2021-01-28 18:00:00,1439.095
2021-01-28 19:00:00,1457.2275
2021-01-28 20:00:00,1465.8725
2021-01-28 21:00:00,1476.2875
2021-01-28 22:00:00,1481.615
2021-01-28 23:00:00,1505.2025
2021-01-29 00:00:00,1511.195
2021-01-29 01:00:00,1503.2325
2021-01-29 02:00:00,1509.795
2021-01-29 03:00:00,1539.55
2021-01-29 04:00:00,1544.3274999999999
2021-01-29 05:00:00,1545.505
2021-01-29 06:00:00,1570.3325
2021-01-29 07:00:00,1588.1575
2021-01-29 08:00:00,1614.2275
2021-01-29 09:00:00,1618.5025
2021-01-29 10:00:00,1633.4625
2021-01-29 11:00:00,1638.2875
2021-01-29 12:00:00,1644.2975000000001
2021-01-29 13:00:00,1655.33
2021-01-29 14:00:00,1669.65
2021-01-29 15:00:00,1665.0949999999998
2021-01-29 16:00:00,1656.65
2021-01-29 17:00:00,1653.5725
2021-01-29 18:00:00,1639.0175
2021-01-29 19:00:00,1629.225
2021-01-29 20:00:00,1626.2475
2021-01-29 21:00:00,1609.05
2021-01-29 22:00:00,1598.3475
2021-01-29 23:00:00,1594.6225
2021-01-30 00:00:00,1592.0725
2021-01-30 01:00:00,1598.8575
2021-01-30 02:00:00,1599.3575
2021-01-30 03:00:00,1592.2175
2021-01-30 04:00:00,1584.4
2021-01-30 05:00:00,1573.76
2021-01-30 06:00:00,1556.2649999999999
2021-01-30 07:00:00,1557.4724999999999
2021-01-30 08:00:00,1553.7375
2021-01-30 09:00:00,1545.635
2021-01-30 10:00:00,1535.095
2021-01-30 11:00:00,1533.5
2021-01-30 12:00:00,1538.0149999999999
2021-01-30 13:00:00,1516.61
2021-01-30 14:00:00,1501.205
2021-01-30 15:00:00,1489.6625
2021-01-30 16:00:00,1481.575
2021-01-30 17:00:00,1458.1275
2021-01-30 18:00:00,1434.52
2021-01-30 19:00:00,1435.9225000000001
2021-01-30 20:00:00,1426.22
2021-01-30 21:00:00,1432.7424999999998
2021-01-30 22:00:00,1427.98
2021-01-30 23:00:00,1420.7649999999999
2021-01-31 00:00:00,1419.6025
2021-01-31 01:00:00,1420.0475
2021-01-31 02:00:00,1414.46
2021-01-31 03:00:00,1423.665
2021-01-31 04:00:00,1423.7150000000001
2021-01-31 05:00:00,1430.0825
2021-01-31 06:00:00,1422.865
2021-01-31 07:00:00,1424.1175
2021-01-31 08:00:00,1414.025
2021-01-31 09:00:00,1449.4325
2021-01-31 10:00:00,1453.2775
2021-01-31 11:00:00,1456.9375
2021-01-31 12:00:00,1475.015
2021-01-31 13:00:00,1478.255
2021-01-31 14:00:00,1479.1100000000001
2021-01-31 15:00:00,1475.27
2021-01-31 16:00:00,1476.8375
2021-01-31 17:00:00,1478.08
2021-01-31 18:00:00,1461.185
2021-01-31 19:00:00,1464.455
2021-01-31 20:00:00,1455.155
2021-01-31 21:00:00,1450.405
2021-01-31 22:00:00,1453.4025000000001
2021-01-31 23:00:00,1442.5225
2021-02-01 00:00:00,1427.9525
2021-02-01 01:00:00,1429.815
2021-02-01 02:00:00,1431.58
2021-02-01 03:00:00,1423.1075
2021-02-01 04:00:00,1415.75
2021-02-01 05:00:00,1413.24
2021-02-01 06:00:00,1404.7725
2021-02-01 07:00:00,1417.435
2021-02-01 08:00:00,1419.1075
2021-02-01 09:00:00,1418.11
2021-02-01 10:00:00,1415.5325
2021-02-01 11:00:00,1388.2575000000002
2021-02-01 12:00:00,1383.295
2021-02-01 13:00:00,1388.865
2021-02-01 14:00:00,1389.8975
2021-02-01 15:00:00,1393.8
2021-02-01 16:00:00,1405.4475
2021-02-01 17:00:00,1404.2425
2021-02-01 18:00:00,1401.0575
2021-02-01 19:00:00,1401.6675
2021-02-01 20:00:00,1404.6425
2021-02-01 21:00:00,1414.72
2021-02-01 22:00:00,1418.8125
2021-02-01 23:00:00,1420.885
2021-02-02 00:00:00,1426.715
2021-02-02 01:00:00,1430.95
2021-02-02 02:00:00,1438.1275
2021-02-02 03:00:00,1416.3925
2021-02-02 04:00:00,1411.1475
2021-02-02 05:00:00,1410.3875
2021-02-02 06:00:00,1409.4225000000001
2021-02-02 07:00:00,1416.4850000000001
2021-02-02 08:00:00,1428.025
2021-02-02 09:00:00,1434.615
2021-02-02 10:00:00,1438.4575
2021-02-02 11:00:00,1447.0675
2021-02-02 12:00:00,1454.66
2021-02-02 13:00:00,1454.1525
2021-02-02 14:00:00,1466.075
2021-02-02 15:00:00,1478.3899999999999
2021-02-02 16:00:00,1483.475
2021-02-02 17:00:00,1494.435
2021-02-02 18:00:00,1499.035
2021-02-02 19:00:00,1499.5149999999999
2021-02-02 20:00:00,1493.3375
2021-02-02 21:00:00,1496.4475
2021-02-02 22:00:00,1503.8075
2021-02-02 23:00:00,1508.3075
2021-02-03 00:00:00,1510.12
2021-02-03 01:00:00,1517.42
2021-02-03 02:00:00,1523.535
2021-02-03 03:00:00,1520.8125
2021-02-03 04:00:00,1518.92
2021-02-03 05:00:00,1524.21
2021-02-03 06:00:00,1518.3025
2021-02-03 07:00:00,1510.37
2021-02-03 08:00:00,1509.425
2021-02-03 09:00:00,1504.91
2021-02-03 10:00:00,1500.31
2021-02-03 11:00:00,1494.455
2021-02-03 12:00:00,1490.975
2021-02-03 13:00:00,1485.445
2021-02-03 14:00:00,1501.4225000000001
2021-02-03 15:00:00,1495.4724999999999
2021-02-03 16:00:00,1500.43
2021-02-03 17:00:00,1512.4
2021-02-03 18:00:00,1519.15
2021-02-03 19:00:00,1528.655
2021-02-03 20:00:00,1532.7325
2021-02-03 21:00:00,1525.32
2021-02-03 22:00:00,1527.9675
2021-02-03 23:00:00,1525.7350000000001
2021-02-04 00:00:00,1527.06
2021-02-04 01:00:00,1535.745
2021-02-04 02:00:00,1533.605
2021-02-04 03:00:00,1530.085
2021-02-04 04:00:00,1522.46
2021-02-04 05:00:00,1520.6725000000001
2021-02-04 06:00:00,1509.8875
2021-02-04 07:00:00,1507.28
2021-02-04 08:00:00,1487.63
2021-02-04 09:00:00,1480.115
2021-02-04 10:00:00,1486.8425
2021-02-04 11:00:00,1490.6625
2021-02-04 12:00:00,1487.8875
2021-02-04 13:00:00,1483.8625
2021-02-04 14:00:00,1486.465
2021-02-04 15:00:00,1476.185
2021-02-04 16:00:00,1471.6174999999998
2021-02-04 17:00:00,1473.435
2021-02-04 18:00:00,1475.3925
2021-02-04 19:00:00,1481.22
2021-02-04 20:00:00,1476.0900000000001
2021-02-04 21:00:00,1469.53
2021-02-04 22:00:00,1470.005
2021-02-04 23:00:00,1462.355
2021-02-05 00:00:00,1468.15
2021-02-05 01:00:00,1474.9924999999998
2021-02-05 02:00:00,1473.1775
2021-02-05 03:00:00,1471.5349999999999
2021-02-05 04:00:00,1462.8425
2021-02-05 05:00:00,1464.07
2021-02-05 06:00:00,1456.3425
2021-02-05 07:00:00,1450.0475000000001
2021-02-05 08:00:00,1450.4325
2021-02-05 09:00:00,1456.0025
2021-02-05 10:00:00,1457.4975
2021-02-05 11:00:00,1455.2025
2021-02-05 12:00:00,1482.9175
2021-02-05 13:00:00,1486.9325
2021-02-05 14:00:00,1472.5075000000002
2021-02-05 15:00:00,1488.875
2021-02-05 16:00:00,1488.1875
2021-02-05 17:00:00,1485.69
2021-02-05 18:00:00,1477.23
2021-02-05 19:00:00,1471.2975
2021-02-05 20:00:00,1467.2725
2021-02-05 21:00:00,1472.855
2021-02-05 22:00:00,1476.785
2021-02-05 23:00:00,1473.685
2021-02-06 00:00:00,1474.435
2021-02-06 01:00:00,1480.8325
2021-02-06 02:00:00,1492.6425
2021-02-06 03:00:00,1495.405
2021-02-06 04:00:00,1489.1775
2021-02-06 05:00:00,1495.7825
2021-02-06 06:00:00,1483.57
2021-02-06 07:00:00,1481.9275
2021-02-06 08:00:00,1481.9675
2021-02-06 09:00:00,1476.1525000000001
2021-02-06 10:00:00,1477.2825
2021-02-06 11:00:00,1476.055
2021-02-06 12:00:00,1474.3675
2021-02-06 13:00:00,1475.7825
2021-02-06 14:00:00,1473.3625
2021-02-06 15:00:00,1465.9575
2021-02-06 16:00:00,1465.29
2021-02-06 17:00:00,1464.5875
2021-02-06 18:00:00,1459.6375
2021-02-06 19:00:00,1454.5674999999999
2021-02-06 20:00:00,1459.76
2021-02-06 21:00:00,1459.215
2021-02-06 22:00:00,1459.6425
2021-02-06 23:00:00,1459.595
2021-02-07 00:00:00,1464.3
2021-02-07 01:00:00,1459.0
2021-02-07 02:00:00,1464.88
2021-02-07 03:00:00,1475.6374999999998
2021-02-07 04:00:00,1488.0425
2021-02-07 05:00:00,1493.33
2021-02-07 06:00:00,1493.0149999999999
2021-02-07 07:00:00,1495.5075
2021-02-07 08:00:00,1498.555
2021-02-07 09:00:00,1497.1975
2021-02-07 10:00:00,1500.375
2021-02-07 11:00:00,1508.0774999999999
2021-02-07 12:00:00,1502.075
2021-02-07 13:00:00,1507.5625
2021-02-07 14:00:00,1514.9425
2021-02-07 15:00:00,1520.8625
2021-02-07 16:00:00,1525.1325
2021-02-07 17:00:00,1522.33
2021-02-07 18:00:00,1530.79
2021-02-07 19:00:00,1527.965
2021-02-07 20:00:00,1563.1950000000002
2021-02-07 21:00:00,1574.0149999999999
2021-02-07 22:00:00,1580.73
2021-02-07 23:00:00,1594.1375
2021-02-08 00:00:00,1615.3825
2021-02-08 01:00:00,1620.7175
2021-02-08 02:00:00,1624.3474999999999
2021-02-08 03:00:00,1637.915
2021-02-08 04:00:00,1638.1100000000001
2021-02-08 05:00:00,1635.8899999999999
2021-02-08 06:00:00,1627.4375
2021-02-08 07:00:00,1629.4175
2021-02-08 08:00:00,1632.185
2021-02-08 09:00:00,1641.44
2021-02-08 10:00:00,1653.9450000000002
2021-02-08 11:00:00,1661.2425
2021-02-08 12:00:00,1677.4875
2021-02-08 13:00:00,1694.4975
2021-02-08 14:00:00,1701.8625
2021-02-08 15:00:00,1717.405
2021-02-08 16:00:00,1742.07
2021-02-08 17:00:00,1746.825
2021-02-08 18:00:00,1744.0225
2021-02-08 19:00:00,1754.38
2021-02-08 20:00:00,1757.97
2021-02-08 21:00:00,1767.1775
2021-02-08 22:00:00,1776.4275
2021-02-08 23:00:00,1781.1725000000001
2021-02-09 00:00:00,1768.31
2021-02-09 01:00:00,1739.705
2021-02-09 02:00:00,1727.9425
2021-02-09 03:00:00,1710.205
2021-02-09 04:00:00,1696.95
2021-02-09 05:00:00,1684.79
2021-02-09 06:00:00,1676.0525
2021-02-09 07:00:00,1661.28
2021-02-09 08:00:00,1647.94
2021-02-09 09:00:00,1640.94
2021-02-09 10:00:00,1644.1375
2021-02-09 11:00:00,1642.5375
2021-02-09 12:00:00,1648.835
2021-02-09 13:00:00,1670.685
2021-02-09 14:00:00,1681.3575
2021-02-09 15:00:00,1690.27
2021-02-09 16:00:00,1712.5225
2021-02-09 17:00:00,1729.99
2021-02-09 18:00:00,1748.895
2021-02-09 19:00:00,1743.6
2021-02-09 20:00:00,1741.3925
2021-02-09 21:00:00,1742.5
2021-02-09 22:00:00,1743.5774999999999
2021-02-09 23:00:00,1739.6325
2021-02-10 00:00:00,1740.51
2021-02-10 01:00:00,1731.4850000000001
2021-02-10 02:00:00,1732.5575
2021-02-10 03:00:00,1725.215
2021-02-10 04:00:00,1712.08
2021-02-10 05:00:00,1699.3425
2021-02-10 06:00:00,1685.84
2021-02-10 07:00:00,1690.25
2021-02-10 08:00:00,1682.1924999999999
2021-02-10 09:00:00,1682.495
2021-02-10 10:00:00,1676.19
2021-02-10 11:00:00,1681.8725
2021-02-10 12:00:00,1685.775
2021-02-10 13:00:00,1675.115
2021-02-10 14:00:00,1685.5125
2021-02-10 15:00:00,1692.5825
2021-02-10 16:00:00,1704.2975000000001
2021-02-10 17:00:00,1742.0375
2021-02-10 18:00:00,1742.2575000000002
2021-02-10 19:00:00,1753.1174999999998
2021-02-10 20:00:00,1761.035
2021-02-10 21:00:00,1776.175
2021-02-10 22:00:00,1787.545
2021-02-10 23:00:00,1788.2775
2021-02-11 00:00:00,1788.84
2021-02-11 01:00:00,1790.4325
2021-02-11 02:00:00,1789.1525
2021-02-11 03:00:00,1762.715
2021-02-11 04:00:00,1720.95
2021-02-11 05:00:00,1711.355
2021-02-11 06:00:00,1701.4099999999999
2021-02-11 07:00:00,1695.37
2021-02-11 08:00:00,1683.46
2021-02-11 09:00:00,1671.855
2021-02-11 10:00:00,1669.2075
2021-02-11 11:00:00,1667.325
2021-02-11 12:00:00,1661.4475
2021-02-11 13:00:00,1665.3400000000001
2021-02-11 14:00:00,1667.2175
2021-02-11 15:00:00,1661.23
2021-02-11 16:00:00,1672.1775
2021-02-11 17:00:00,1677.4575
2021-02-11 18:00:00,1675.7450000000001
2021-02-11 19:00:00,1685.7275
2021-02-11 20:00:00,1700.0125
2021-02-11 21:00:00,1708.2075
2021-02-11 22:00:00,1713.875
2021-02-11 23:00:00,1722.53
2021-02-12 00:00:00,1724.585
2021-02-12 01:00:00,1730.45
2021-02-12 02:00:00,1728.0775
2021-02-12 03:00:00,1713.705
2021-02-12 04:00:00,1696.5125
2021-02-12 05:00:00,1681.2575000000002
2021-02-12 06:00:00,1669.2424999999998
2021-02-12 07:00:00,1660.1575
2021-02-12 08:00:00,1647.7649999999999
2021-02-12 09:00:00,1643.35
2021-02-12 10:00:00,1641.75
2021-02-12 11:00:00,1620.3025
2021-02-12 12:00:00,1617.805
2021-02-12 13:00:00,1631.8325
2021-02-12 14:00:00,1640.6325
2021-02-12 15:00:00,1640.5525
2021-02-12 16:00:00,1626.2175
2021-02-12 17:00:00,1613.2875
2021-02-12 18:00:00,1611.44
2021-02-12 19:00:00,1606.7975000000001
2021-02-12 20:00:00,1611.74
2021-02-12 21:00:00,1638.3025
2021-02-12 22:00:00,1649.7275
2021-02-12 23:00:00,1645.0149999999999
2021-02-13 00:00:00,1637.4
2021-02-13 01:00:00,1625.28
2021-02-13 02:00:00,1624.0325
2021-02-13 03:00:00,1617.4025000000001
2021-02-13 04:00:00,1610.88
2021-02-13 05:00:00,1608.25
2021-02-13 06:00:00,1596.16
2021-02-13 07:00:00,1595.3274999999999
2021-02-13 08:00:00,1593.9875
2021-02-13 09:00:00,1587.38
2021-02-13 10:00:00,1582.955
2021-02-13 11:00:00,1590.53
2021-02-13 12:00:00,1585.145
2021-02-13 13:00:00,1581.335
2021-02-13 14:00:00,1568.7625
2021-02-13 15:00:00,1558.6375
2021-02-13 16:00:00,1557.9675
2021-02-13 17:00:00,1548.645
2021-02-13 18:00:00,1544.355
2021-02-13 19:00:00,1534.17
2021-02-13 20:00:00,1532.8375
2021-02-13 21:00:00,1544.9775
2021-02-13 22:00:00,1531.83
2021-02-13 23:00:00,1532.6275
2021-02-14 00:00:00,1537.975
2021-02-14 01:00:00,1531.5775
2021-02-14 02:00:00,1526.4299999999998
2021-02-14 03:00:00,1521.9575
2021-02-14 04:00:00,1521.7925
2021-02-14 05:00:00,1517.975
2021-02-14 06:00:00,1508.455
2021-02-14 07:00:00,1498.5325
2021-02-14 08:00:00,1497.665
2021-02-14 09:00:00,1502.35
2021-02-14 10:00:00,1509.8274999999999
2021-02-14 11:00:00,1517.47
2021-02-14 12:00:00,1514.7475
2021-02-14 13:00:00,1511.675
2021-02-14 14:00:00,1502.585
2021-02-14 15:00:00,1489.29
2021-02-14 16:00:00,1482.7025
2021-02-14 17:00:00,1473.345
2021-02-14 18:00:00,1453.005
2021-02-14 19:00:00,1444.7325
2021-02-14 20:00:00,1447.0475
2021-02-14 21:00:00,1449.87
2021-02-14 22:00:00,1450.295
2021-02-14 23:00:00,1442.845
2021-02-15 00:00:00,1450.315
2021-02-15 01:00:00,1454.825
2021-02-15 02:00:00,1453.4425
2021-02-15 03:00:00,1443.96
2021-02-15 04:00:00,1445.6575
2021-02-15 05:00:00,1441.805
2021-02-15 06:00:00,1443.21
2021-02-15 07:00:00,1426.7825
2021-02-15 08:00:00,1420.715
2021-02-15 09:00:00,1424.56
2021-02-15 10:00:00,1408.855
2021-02-15 11:00:00,1440.655
2021-02-15 12:00:00,1455.02
2021-02-15 13:00:00,1456.9975
2021-02-15 14:00:00,1458.77
2021-02-15 15:00:00,1446.3125
2021-02-15 16:00:00,1459.56
2021-02-15 17:00:00,1463.4925
2021-02-15 18:00:00,1469.16
2021-02-15 19:00:00,1473.6675
2021-02-15 20:00:00,1478.5175
2021-02-15 21:00:00,1481.915
2021-02-15 22:00:00,1490.525
2021-02-15 23:00:00,1492.7475
2021-02-16 00:00:00,1502.5375
2021-02-16 01:00:00,1500.105
2021-02-16 02:00:00,1510.86
2021-02-16 03:00:00,1508.66
2021-02-16 04:00:00,1510.6875
2021-02-16 05:00:00,1513.2875
2021-02-16 06:00:00,1510.3475
2021-02-16 07:00:00,1517.0900000000001
2021-02-16 08:00:00,1520.3925
2021-02-16 09:00:00,1525.415
2021-02-16 10:00:00,1521.885
2021-02-16 11:00:00,1530.9075
2021-02-16 12:00:00,1561.0925
2021-02-16 13:00:00,1573.88
2021-02-16 14:00:00,1600.5025
2021-02-16 15:00:00,1608.7825
2021-02-16 16:00:00,1608.0725
2021-02-16 17:00:00,1609.27
2021-02-16 18:00:00,1596.435
2021-02-16 19:00:00,1587.725
2021-02-16 20:00:00,1585.16
2021-02-16 21:00:00,1582.9924999999998
2021-02-16 22:00:00,1601.5349999999999
2021-02-16 23:00:00,1607.8875
2021-02-17 00:00:00,1612.6775
2021-02-17 01:00:00,1607.055
2021-02-17 02:00:00,1610.74
2021-02-17 03:00:00,1607.6125
2021-02-17 04:00:00,1586.5149999999999
2021-02-17 05:00:00,1577.2425
2021-02-17 06:00:00,1574.6075
2021-02-17 07:00:00,1579.415
2021-02-17 08:00:00,1580.69
2021-02-17 09:00:00,1582.5225
2021-02-17 10:00:00,1585.1875
2021-02-17 11:00:00,1595.01
2021-02-17 12:00:00,1593.7675
2021-02-17 13:00:00,1593.88
2021-02-17 14:00:00,1598.465
2021-02-17 15:00:00,1592.3425
2021-02-17 16:00:00,1586.5525
2021-02-17 17:00:00,1585.8825
2021-02-17 18:00:00,1586.185
2021-02-17 19:00:00,1586.565
2021-02-17 20:00:00,1585.775
2021-02-17 21:00:00,1603.7649999999999
2021-02-17 22:00:00,1608.4825
2021-02-17 23:00:00,1603.5375
2021-02-18 00:00:00,1606.15
2021-02-18 01:00:00,1614.4625
2021-02-18 02:00:00,1607.09
2021-02-18 03:00:00,1603.0575
2021-02-18 04:00:00,1599.2325
2021-02-18 05:00:00,1597.3125
2021-02-18 06:00:00,1602.185
2021-02-18 07:00:00,1594.595
2021-02-18 08:00:00,1585.8125
2021-02-18 09:00:00,1559.2150000000001
2021-02-18 10:00:00,1558.3075
2021-02-18 11:00:00,1575.3825
2021-02-18 12:00:00,1583.445
2021-02-18 13:00:00,1589.9075
2021-02-18 14:00:00,1586.7075
2021-02-18 15:00:00,1570.03
2021-02-18 16:00:00,1567.6525
2021-02-18 17:00:00,1556.5
2021-02-18 18:00:00,1553.3325
2021-02-18 19:00:00,1550.03
2021-02-18 20:00:00,1543.8375
2021-02-18 21:00:00,1550.5675
2021-02-18 22:00:00,1553.1799999999998
2021-02-18 23:00:00,1551.3425
2021-02-19 00:00:00,1546.16
2021-02-19 01:00:00,1542.055
2021-02-19 02:00:00,1522.95
2021-02-19 03:00:00,1482.9075
2021-02-19 04:00:00,1475.8375
2021-02-19 05:00:00,1465.875
2021-02-19 06:00:00,1467.945
2021-02-19 07:00:00,1470.7175
2021-02-19 08:00:00,1471.205
2021-02-19 09:00:00,1471.1075
2021-02-19 10:00:00,1491.0175
2021-02-19 11:00:00,1485.7075
2021-02-19 12:00:00,1475.3375
2021-02-19 13:00:00,1472.03
2021-02-19 14:00:00,1464.7475
2021-02-19 15:00:00,1455.27
2021-02-19 16:00:00,1447.0625
2021-02-19 17:00:00,1424.8575
2021-02-19 18:00:00,1441.2775
2021-02-19 19:00:00,1449.6825
2021-02-19 20:00:00,1451.1475
2021-02-19 21:00:00,1456.3525
2021-02-19 22:00:00,1451.4575
2021-02-19 23:00:00,1449.1625
2021-02-20 00:00:00,1442.0275
2021-02-20 01:00:00,1444.66
2021-02-20 02:00:00,1446.2625
2021-02-20 03:00:00,1448.2825
2021-02-20 04:00:00,1443.6399999999999
2021-02-20 05:00:00,1439.845
2021-02-20 06:00:00,1434.63
2021-02-20 07:00:00,1429.6975
2021-02-20 08:00:00,1421.34
2021-02-20 09:00:00,1427.8875
2021-02-20 10:00:00,1439.8975
2021-02-20 11:00:00,1441.035
2021-02-20 12:00:00,1444.1825
2021-02-20 13:00:00,1443.405
2021-02-20 14:00:00,1437.6599999999999
2021-02-20 15:00:00,1432.1625
2021-02-20 16:00:00,1423.5149999999999
2021-02-20 17:00:00,1417.375
2021-02-20 18:00:00,1406.135
2021-02-20 19:00:00,1401.965
2021-02-20 20:00:00,1401.88
2021-02-20 21:00:00,1403.35
2021-02-20 22:00:00,1401.815
2021-02-20 23:00:00,1398.35
2021-02-21 00:00:00,1396.5725
2021-02-21 01:00:00,1397.755
2021-02-21 02:00:00,1400.12
2021-02-21 03:00:00,1393.1399999999999
2021-02-21 04:00:00,1391.7175
2021-02-21 05:00:00,1390.6825000000001
2021-02-21 06:00:00,1388.3725
2021-02-21 07:00:00,1382.1525
2021-02-21 08:00:00,1381.8899999999999
2021-02-21 09:00:00,1379.2425
2021-02-21 10:00:00,1379.7
2021-02-21 11:00:00,1375.6575
2021-02-21 12:00:00,1376.06
2021-02-21 13:00:00,1382.4725
2021-02-21 14:00:00,1395.7375
2021-02-21 15:00:00,1389.1100000000001
2021-02-21 16:00:00,1390.08
2021-02-21 17:00:00,1373.6799999999998
2021-02-21 18:00:00,1364.0025
2021-02-21 19:00:00,1373.8575
2021-02-21 20:00:00,1382.3174999999999
2021-02-21 21:00:00,1395.4175
2021-02-21 22:00:00,1395.2224999999999
2021-02-21 23:00:00,1396.18
2021-02-22 00:00:00,1378.3175
2021-02-22 01:00:00,1358.6375
2021-02-22 02:00:00,1362.745
2021-02-22 03:00:00,1356.225
2021-02-22 04:00:00,1352.7775000000001
2021-02-22 05:00:00,1350.5075
2021-02-22 06:00:00,1344.5075
2021-02-22 07:00:00,1344.6399999999999
2021-02-22 08:00:00,1335.8025
2021-02-22 09:00:00,1342.995
2021-02-22 10:00:00,1358.6275
2021-02-22 11:00:00,1373.3275
2021-02-22 12:00:00,1378.145
2021-02-22 13:00:00,1377.26
2021-02-22 14:00:00,1386.5075
2021-02-22 15:00:00,1392.37
2021-02-22 16:00:00,1388.4225000000001
2021-02-22 17:00:00,1381.8
2021-02-22 18:00:00,1386.06
2021-02-22 19:00:00,1390.19
2021-02-22 20:00:00,1397.0
2021-02-22 21:00:00,1396.9575
2021-02-22 22:00:00,1379.3
2021-02-22 23:00:00,1384.5774999999999
2021-02-23 00:00:00,1407.33
2021-02-23 01:00:00,1419.0825
2021-02-23 02:00:00,1407.2275
2021-02-23 03:00:00,1402.5149999999999
2021-02-23 04:00:00,1397.74
2021-02-23 05:00:00,1431.7275
2021-02-23 06:00:00,1427.26
2021-02-23 07:00:00,1429.2675
2021-02-23 08:00:00,1420.2875
2021-02-23 09:00:00,1442.5025
2021-02-23 10:00:00,1447.04
2021-02-23 11:00:00,1449.1375
2021-02-23 12:00:00,1451.7075
2021-02-23 13:00:00,1455.385
2021-02-23 14:00:00,1456.9775
2021-02-23 15:00:00,1456.8600000000001
2021-02-23 16:00:00,1452.145
2021-02-23 17:00:00,1447.0825
2021-02-23 18:00:00,1452.5625
2021-02-23 19:00:00,1458.085
2021-02-23 20:00:00,1458.8975
2021-02-23 21:00:00,1455.0175
2021-02-23 22:00:00,1452.7375
2021-02-23 23:00:00,1439.675
2021-02-24 00:00:00,1443.9575
2021-02-24 01:00:00,1445.7625
2021-02-24 02:00:00,1444.8000000000002
2021-02-24 03:00:00,1442.5425
2021-02-24 04:00:00,1437.555
2021-02-24 05:00:00,1438.56
2021-02-24 06:00:00,1432.125
2021-02-24 07:00:00,1424.605
2021-02-24 08:00:00,1425.53
2021-02-24 09:00:00,1437.3675
2021-02-24 10:00:00,1438.8
2021-02-24 11:00:00,1436.3775
2021-02-24 12:00:00,1443.1399999999999
2021-02-24 13:00:00,1441.55
2021-02-24 14:00:00,1456.4825
2021-02-24 15:00:00,1467.945
2021-02-24 16:00:00,1472.6599999999999
2021-02-24 17:00:00,1462.76
2021-02-24 18:00:00,1452.95
2021-02-24 19:00:00,1457.6525000000001
2021-02-24 20:00:00,1464.3425
2021-02-24 21:00:00,1471.52
2021-02-24 22:00:00,1479.7125
2021-02-24 23:00:00,1489.1975
2021-02-25 00:00:00,1471.0225
2021-02-25 01:00:00,1480.08
2021-02-25 02:00:00,1474.67
2021-02-25 03:00:00,1466.9325
2021-02-25 04:00:00,1458.0025
2021-02-25 05:00:00,1455.7150000000001
2021-02-25 06:00:00,1455.2325
2021-02-25 07:00:00,1458.4625
2021-02-25 08:00:00,1490.59
2021-02-25 09:00:00,1513.205
2021-02-25 10:00:00,1515.765
2021-02-25 11:00:00,1521.665
2021-02-25 12:00:00,1514.5375
2021-02-25 13:00:00,1503.5625
2021-02-25 14:00:00,1510.1875
2021-02-25 15:00:00,1503.17
2021-02-25 16:00:00,1496.9075
2021-02-25 17:00:00,1491.57
2021-02-25 18:00:00,1495.05
2021-02-25 19:00:00,1494.5475000000001
2021-02-25 20:00:00,1480.8625
2021-02-25 21:00:00,1472.355
2021-02-25 22:00:00,1481.24
2021-02-25 23:00:00,1485.4825
2021-02-26 00:00:00,1494.0125
2021-02-26 01:00:00,1493.7024999999999
2021-02-26 02:00:00,1491.27
2021-02-26 03:00:00,1487.17
2021-02-26 04:00:00,1481.24
2021-02-26 05:00:00,1481.5025
2021-02-26 06:00:00,1471.79
2021-02-26 07:00:00,1463.0075
2021-02-26 08:00:00,1453.09
2021-02-26 09:00:00,1460.76
2021-02-26 10:00:00,1454.215
2021-02-26 11:00:00,1454.215
2021-02-26 12:00:00,1450.84
2021-02-26 13:00:00,1438.8025
2021-02-26 14:00:00,1433.3625
2021-02-26 15:00:00,1430.285
2021-02-26 16:00:00,1419.1100000000001
2021-02-26 17:00:00,1417.0075
2021-02-26 18:00:00,1406.0674999999999
2021-02-26 19:00:00,1403.4725
2021-02-26 20:00:00,1404.13
2021-02-26 21:00:00,1413.9425
2021-02-26 22:00:00,1431.12
2021-02-26 23:00:00,1429.4650000000001
2021-02-27 00:00:00,1430.625
2021-02-27 01:00:00,1446.5175
2021-02-27 02:00:00,1449.5425
2021-02-27 03:00:00,1448.915
2021-02-27 04:00:00,1439.33
2021-02-27 05:00:00,1435.005
2021-02-27 06:00:00,1427.4075
2021-02-27 07:00:00,1445.9524999999999
2021-02-27 08:00:00,1455.5625
2021-02-27 09:00:00,1465.6125
2021-02-27 10:00:00,1484.35
2021-02-27 11:00:00,1494.0925
2021-02-27 12:00:00,1502.93
2021-02-27 13:00:00,1501.9975
2021-02-27 14:00:00,1510.2825
2021-02-27 15:00:00,1508.9875
2021-02-27 16:00:00,1512.3925
2021-02-27 17:00:00,1520.6425
2021-02-27 18:00:00,1516.4524999999999
2021-02-27 19:00:00,1529.1225
2021-02-27 20:00:00,1531.7825
2021-02-27 21:00:00,1527.2875
2021-02-27 22:00:00,1531.5149999999999
2021-02-27 23:00:00,1536.5875
2021-02-28 00:00:00,1537.995
2021-02-28 01:00:00,1535.0075000000002
2021-02-28 02:00:00,1536.1399999999999
2021-02-28 03:00:00,1522.8025
2021-02-28 04:00:00,1511.055
2021-02-28 05:00:00,1503.4225000000001
2021-02-28 06:00:00,1494.6825
2021-02-28 07:00:00,1478.575
2021-02-28 08:00:00,1482.375
2021-02-28 09:00:00,1479.5774999999999
2021-02-28 10:00:00,1481.0025
2021-02-28 11:00:00,1482.23
2021-02-28 12:00:00,1476.345
2021-02-28 13:00:00,1453.9825
2021-02-28 14:00:00,1434.055
2021-02-28 15:00:00,1419.49
2021-02-28 16:00:00,1407.405
2021-02-28 17:00:00,1394.2575000000002
2021-02-28 18:00:00,1386.3675
2021-02-28 19:00:00,1375.5725
2021-02-28 20:00:00,1357.615
2021-02-28 21:00:00,1349.85
2021-02-28 22:00:00,1342.055
2021-02-28 23:00:00,1332.5025
2021-03-01 00:00:00,1330.8425
2021-03-01 01:00:00,1335.66
2021-03-01 02:00:00,1331.665
2021-03-01 03:00:00,1325.6
2021-03-01 04:00:00,1323.2575000000002
2021-03-01 05:00:00,1322.9025000000001
2021-03-01 06:00:00,1330.4175
2021-03-01 07:00:00,1343.865
2021-03-01 08:00:00,1353.5075
2021-03-01 09:00:00,1362.7350000000001
2021-03-01 10:00:00,1388.06
2021-03-01 11:00:00,1390.52
2021-03-01 12:00:00,1397.605
2021-03-01 13:00:00,1385.6825000000001
2021-03-01 14:00:00,1386.4975
2021-03-01 15:00:00,1382.5075
2021-03-01 16:00:00,1397.13
2021-03-01 17:00:00,1401.3925
2021-03-01 18:00:00,1395.4
2021-03-01 19:00:00,1396.345
2021-03-01 20:00:00,1402.2825
2021-03-01 21:00:00,1418.4975
2021-03-01 22:00:00,1422.1475
2021-03-01 23:00:00,1426.4025000000001
2021-03-02 00:00:00,1413.82
2021-03-02 01:00:00,1406.7575
2021-03-02 02:00:00,1401.815
2021-03-02 03:00:00,1393.0375
2021-03-02 04:00:00,1379.4650000000001
2021-03-02 05:00:00,1380.1775
2021-03-02 06:00:00,1380.2224999999999
2021-03-02 07:00:00,1401.8875
2021-03-02 08:00:00,1425.0149999999999
2021-03-02 09:00:00,1441.825
2021-03-02 10:00:00,1442.165
2021-03-02 11:00:00,1447.425
2021-03-02 12:00:00,1453.0925
2021-03-02 13:00:00,1463.0149999999999
2021-03-02 14:00:00,1469.4875
2021-03-02 15:00:00,1480.08
2021-03-02 16:00:00,1467.5774999999999
2021-03-02 17:00:00,1459.1475
2021-03-02 18:00:00,1444.87
2021-03-02 19:00:00,1447.0575
2021-03-02 20:00:00,1440.4075
2021-03-02 21:00:00,1444.375
2021-03-02 22:00:00,1450.5125
2021-03-02 23:00:00,1445.5025
2021-03-03 00:00:00,1458.505
2021-03-03 01:00:00,1450.7575
2021-03-03 02:00:00,1455.8475
2021-03-03 03:00:00,1441.9
2021-03-03 04:00:00,1452.15
2021-03-03 05:00:00,1453.22
2021-03-03 06:00:00,1453.0075
2021-03-03 07:00:00,1459.0225
2021-03-03 08:00:00,1467.9575
2021-03-03 09:00:00,1478.9125
2021-03-03 10:00:00,1481.53
2021-03-03 11:00:00,1479.9
2021-03-03 12:00:00,1522.88
2021-03-03 13:00:00,1541.0575
2021-03-03 14:00:00,1539.7825
2021-03-03 15:00:00,1523.83
2021-03-03 16:00:00,1517.9299999999998
2021-03-03 17:00:00,1507.5475000000001
2021-03-03 18:00:00,1502.4425
2021-03-03 19:00:00,1496.6125
2021-03-03 20:00:00,1492.3075
2021-03-03 21:00:00,1492.4
2021-03-03 22:00:00,1499.6225
2021-03-03 23:00:00,1511.2175
2021-03-04 00:00:00,1518.0325
2021-03-04 01:00:00,1513.6925
2021-03-04 02:00:00,1517.5725
2021-03-04 03:00:00,1506.23
2021-03-04 04:00:00,1505.335
2021-03-04 05:00:00,1485.2275
2021-03-04 06:00:00,1489.6225
2021-03-04 07:00:00,1485.6100000000001
2021-03-04 08:00:00,1501.75
2021-03-04 09:00:00,1516.365
2021-03-04 10:00:00,1501.885
2021-03-04 11:00:00,1500.3375
2021-03-04 12:00:00,1510.045
2021-03-04 13:00:00,1533.755
2021-03-04 14:00:00,1541.465
2021-03-04 15:00:00,1544.0375
2021-03-04 16:00:00,1547.2
2021-03-04 17:00:00,1546.93
2021-03-04 18:00:00,1541.7725
2021-03-04 19:00:00,1536.005
2021-03-04 20:00:00,1521.3600000000001
2021-03-04 21:00:00,1509.115
2021-03-04 22:00:00,1506.38
2021-03-04 23:00:00,1511.125
2021-03-05 00:00:00,1505.13
2021-03-05 01:00:00,1494.295
2021-03-05 02:00:00,1481.0075
2021-03-05 03:00:00,1470.0575
2021-03-05 04:00:00,1468.0425
2021-03-05 05:00:00,1463.935
2021-03-05 06:00:00,1475.1175
2021-03-05 07:00:00,1474.805
2021-03-05 08:00:00,1480.2024999999999
2021-03-05 09:00:00,1475.4450000000002
2021-03-05 10:00:00,1478.4475
2021-03-05 11:00:00,1475.37
2021-03-05 12:00:00,1482.0925
2021-03-05 13:00:00,1490.23
2021-03-05 14:00:00,1504.4775
2021-03-05 15:00:00,1496.54
2021-03-05 16:00:00,1493.605
2021-03-05 17:00:00,1487.2625
2021-03-05 18:00:00,1467.5425
2021-03-05 19:00:00,1465.5675
2021-03-05 20:00:00,1449.0575
2021-03-05 21:00:00,1435.9875
2021-03-05 22:00:00,1419.605
2021-03-05 23:00:00,1414.71
2021-03-06 00:00:00,1420.84
2021-03-06 01:00:00,1411.2025
2021-03-06 02:00:00,1415.3575
2021-03-06 03:00:00,1406.6775
2021-03-06 04:00:00,1399.7575
2021-03-06 05:00:00,1394.8775
2021-03-06 06:00:00,1394.62
2021-03-06 07:00:00,1408.065
2021-03-06 08:00:00,1419.9575
2021-03-06 09:00:00,1438.08
2021-03-06 10:00:00,1453.055
2021-03-06 11:00:00,1459.4875
2021-03-06 12:00:00,1470.345
2021-03-06 13:00:00,1474.52
2021-03-06 14:00:00,1476.8674999999998
2021-03-06 15:00:00,1464.3775
2021-03-06 16:00:00,1456.6675
2021-03-06 17:00:00,1445.9825
2021-03-06 18:00:00,1436.75
2021-03-06 19:00:00,1431.6925
2021-03-06 20:00:00,1426.6925
2021-03-06 21:00:00,1398.9375
2021-03-06 22:00:00,1392.2625
2021-03-06 23:00:00,1381.0775
2021-03-07 00:00:00,1372.9
2021-03-07 01:00:00,1373.7525
2021-03-07 02:00:00,1372.51
2021-03-07 03:00:00,1350.8625
2021-03-07 04:00:00,1338.7250000000001
2021-03-07 05:00:00,1331.615
2021-03-07 06:00:00,1321.765
2021-03-07 07:00:00,1325.5725
2021-03-07 08:00:00,1326.5475000000001
2021-03-07 09:00:00,1329.275
2021-03-07 10:00:00,1333.59
2021-03-07 11:00:00,1333.62
2021-03-07 12:00:00,1333.1625
2021-03-07 13:00:00,1335.175
2021-03-07 14:00:00,1332.34
2021-03-07 15:00:00,1322.6950000000002
2021-03-07 16:00:00,1314.4025
2021-03-07 17:00:00,1316.3975
2021-03-07 18:00:00,1320.3925
2021-03-07 19:00:00,1332.0675
2021-03-07 20:00:00,1324.23
2021-03-07 21:00:00,1322.9575
2021-03-07 22:00:00,1324.7
2021-03-07 23:00:00,1324.16
2021-03-08 00:00:00,1309.8075
2021-03-08 01:00:00,1309.91
2021-03-08 02:00:00,1315.4775
2021-03-08 03:00:00,1315.8899999999999
2021-03-08 04:00:00,1307.5149999999999
2021-03-08 05:00:00,1296.51
2021-03-08 06:00:00,1280.455
2021-03-08 07:00:00,1282.7825
2021-03-08 08:00:00,1292.14
2021-03-08 09:00:00,1291.1575
2021-03-08 10:00:00,1282.7925
2021-03-08 11:00:00,1303.5875
2021-03-08 12:00:00,1313.5425
2021-03-08 13:00:00,1328.7725
2021-03-08 14:00:00,1351.0875
2021-03-08 15:00:00,1357.0725
2021-03-08 16:00:00,1356.86
2021-03-08 17:00:00,1339.4775
2021-03-08 18:00:00,1350.445
2021-03-08 19:00:00,1360.3875
2021-03-08 20:00:00,1366.4625
2021-03-08 21:00:00,1372.0175
2021-03-08 22:00:00,1373.6075
2021-03-08 23:00:00,1390.6025
2021-03-09 00:00:00,1418.5075
2021-03-09 01:00:00,1423.245
2021-03-09 02:00:00,1415.7675
2021-03-09 03:00:00,1404.79
2021-03-09 04:00:00,1395.3425
2021-03-09 05:00:00,1398.04
2021-03-09 06:00:00,1387.6775
2021-03-09 07:00:00,1385.7175
2021-03-09 08:00:00,1384.125
2021-03-09 09:00:00,1389.455
2021-03-09 10:00:00,1387.9299999999998
2021-03-09 11:00:00,1393.295
2021-03-09 12:00:00,1400.625
2021-03-09 13:00:00,1398.92
2021-03-09 14:00:00,1380.5149999999999
2021-03-09 15:00:00,1375.3400000000001
2021-03-09 16:00:00,1390.225
2021-03-09 17:00:00,1406.8225
2021-03-09 18:00:00,1416.51
2021-03-09 19:00:00,1421.13
2021-03-09 20:00:00,1428.7125
2021-03-09 21:00:00,1428.4775
2021-03-09 22:00:00,1420.7625
2021-03-09 23:00:00,1425.2025
2021-03-10 00:00:00,1430.3925
2021-03-10 01:00:00,1437.5325
2021-03-10 02:00:00,1438.0175
2021-03-10 03:00:00,1416.4225
2021-03-10 04:00:00,1409.7625
2021-03-10 05:00:00,1401.755
2021-03-10 06:00:00,1396.1375
2021-03-10 07:00:00,1389.115
2021-03-10 08:00:00,1379.6475
2021-03-10 09:00:00,1379.245
2021-03-10 10:00:00,1387.25
2021-03-10 11:00:00,1398.2875
2021-03-10 12:00:00,1403.815
2021-03-10 13:00:00,1411.2450000000001
2021-03-10 14:00:00,1437.5149999999999
2021-03-10 15:00:00,1442.6399999999999
2021-03-10 16:00:00,1433.85
2021-03-10 17:00:00,1433.6825
2021-03-10 18:00:00,1414.21
2021-03-10 19:00:00,1418.995
2021-03-10 20:00:00,1411.53
2021-03-10 21:00:00,1410.7225
2021-03-10 22:00:00,1408.3825
2021-03-10 23:00:00,1400.9875
2021-03-11 00:00:00,1388.1125
2021-03-11 01:00:00,1389.9925
2021-03-11 02:00:00,1340.3025
2021-03-11 03:00:00,1337.81
2021-03-11 04:00:00,1335.19
2021-03-11 05:00:00,1387.1675
2021-03-11 06:00:00,1373.2075
2021-03-11 07:00:00,1348.8474999999999
2021-03-11 08:00:00,1344.125
2021-03-11 09:00:00,1355.15
2021-03-11 10:00:00,1354.5275000000001
2021-03-11 11:00:00,1349.1975
2021-03-11 12:00:00,1341.5425
2021-03-11 13:00:00,1328.1
2021-03-11 14:00:00,1330.9775
2021-03-11 15:00:00,1328.4725
2021-03-11 16:00:00,1325.3899999999999
2021-03-11 17:00:00,1312.7
2021-03-11 18:00:00,1302.415
2021-03-11 19:00:00,1307.585
2021-03-11 20:00:00,1321.2925
2021-03-11 21:00:00,1340.895
2021-03-11 22:00:00,1364.625
2021-03-11 23:00:00,1380.42
2021-03-12 00:00:00,1387.505
2021-03-12 01:00:00,1381.25
2021-03-12 02:00:00,1390.055
2021-03-12 03:00:00,1392.525
2021-03-12 04:00:00,1391.3075000000001
2021-03-12 05:00:00,1395.8975
2021-03-12 06:00:00,1386.21
2021-03-12 07:00:00,1384.5774999999999
2021-03-12 08:00:00,1392.405
2021-03-12 09:00:00,1389.0575000000001
2021-03-12 10:00:00,1402.905
2021-03-12 11:00:00,1414.18
2021-03-12 12:00:00,1413.2875
2021-03-12 13:00:00,1416.425
2021-03-12 14:00:00,1412.63
2021-03-12 15:00:00,1425.865
2021-03-12 16:00:00,1423.77
2021-03-12 17:00:00,1413.555
2021-03-12 18:00:00,1414.7475
2021-03-12 19:00:00,1411.98
2021-03-12 20:00:00,1414.5225
2021-03-12 21:00:00,1427.8375
2021-03-12 22:00:00,1427.8825
2021-03-12 23:00:00,1424.1875
2021-03-13 00:00:00,1408.1275
2021-03-13 01:00:00,1406.0825
2021-03-13 02:00:00,1403.1075
2021-03-13 03:00:00,1393.1399999999999
2021-03-13 04:00:00,1378.915
2021-03-13 05:00:00,1372.1425
2021-03-13 06:00:00,1363.49
2021-03-13 07:00:00,1311.12
2021-03-13 08:00:00,1282.22
2021-03-13 09:00:00,1286.3475
2021-03-13 10:00:00,1296.525
2021-03-13 11:00:00,1297.4125
2021-03-13 12:00:00,1285.625
2021-03-13 13:00:00,1281.3175
2021-03-13 14:00:00,1279.5375
2021-03-13 15:00:00,1281.685
2021-03-13 16:00:00,1282.2075
2021-03-13 17:00:00,1314.4075
2021-03-13 18:00:00,1336.5774999999999
2021-03-13 19:00:00,1336.06
2021-03-13 20:00:00,1345.17
2021-03-13 21:00:00,1344.88
2021-03-13 22:00:00,1340.7
2021-03-13 23:00:00,1345.41
2021-03-14 00:00:00,1332.8425
2021-03-14 01:00:00,1326.875
2021-03-14 02:00:00,1331.8375
2021-03-14 03:00:00,1336.105
2021-03-14 04:00:00,1340.4250000000002
2021-03-14 05:00:00,1350.8
2021-03-14 06:00:00,1348.0149999999999
2021-03-14 07:00:00,1347.4375
2021-03-14 08:00:00,1341.09
2021-03-14 09:00:00,1348.275
2021-03-14 10:00:00,1351.3975
2021-03-14 11:00:00,1346.13
2021-03-14 12:00:00,1351.795
2021-03-14 13:00:00,1357.9
2021-03-14 14:00:00,1347.47
2021-03-14 15:00:00,1343.7475
2021-03-14 16:00:00,1339.3025
2021-03-14 17:00:00,1338.015
2021-03-14 18:00:00,1344.2475
2021-03-14 19:00:00,1351.715
2021-03-14 20:00:00,1362.7875
2021-03-14 21:00:00,1367.925
2021-03-14 22:00:00,1364.5
2021-03-14 23:00:00,1370.3425
2021-03-15 00:00:00,1356.385
2021-03-15 01:00:00,1349.4099999999999
2021-03-15 02:00:00,1349.4775
2021-03-15 03:00:00,1352.155
2021-03-15 04:00:00,1354.8025
2021-03-15 05:00:00,1355.52
2021-03-15 06:00:00,1353.5774999999999
2021-03-15 07:00:00,1344.2824999999998
2021-03-15 08:00:00,1351.9475
2021-03-15 09:00:00,1358.78
2021-03-15 10:00:00,1368.725
2021-03-15 11:00:00,1388.7275
2021-03-15 12:00:00,1389.0775
2021-03-15 13:00:00,1396.5700000000002
2021-03-15 14:00:00,1387.08
2021-03-15 15:00:00,1396.1975
2021-03-15 16:00:00,1413.2549999999999
2021-03-15 17:00:00,1428.8899999999999
2021-03-15 18:00:00,1425.975
2021-03-15 19:00:00,1431.9575
2021-03-15 20:00:00,1434.5175
2021-03-15 21:00:00,1442.3225
2021-03-15 22:00:00,1456.68
2021-03-15 23:00:00,1470.6325
2021-03-16 00:00:00,1479.3600000000001
2021-03-16 01:00:00,1472.285
2021-03-16 02:00:00,1473.375
2021-03-16 03:00:00,1472.2625
2021-03-16 04:00:00,1465.7925
2021-03-16 05:00:00,1459.6775
2021-03-16 06:00:00,1455.0225
2021-03-16 07:00:00,1441.2725
2021-03-16 08:00:00,1444.4825
2021-03-16 09:00:00,1452.9250000000002
2021-03-16 10:00:00,1460.1325000000002
2021-03-16 11:00:00,1472.19
2021-03-16 12:00:00,1481.46
2021-03-16 13:00:00,1491.2675
2021-03-16 14:00:00,1493.9
2021-03-16 15:00:00,1504.7525
2021-03-16 16:00:00,1512.975
2021-03-16 17:00:00,1511.3475
2021-03-16 18:00:00,1514.7275
2021-03-16 19:00:00,1510.5774999999999
2021-03-16 20:00:00,1501.1025
2021-03-16 21:00:00,1504.25
2021-03-16 22:00:00,1516.6025
2021-03-16 23:00:00,1523.6575
2021-03-17 00:00:00,1536.1525
2021-03-17 01:00:00,1543.7725
2021-03-17 02:00:00,1543.475
2021-03-17 03:00:00,1529.3425
2021-03-17 04:00:00,1509.345
2021-03-17 05:00:00,1499.27
2021-03-17 06:00:00,1484.775
2021-03-17 07:00:00,1476.1375
2021-03-17 08:00:00,1483.5375
2021-03-17 09:00:00,1486.05
2021-03-17 10:00:00,1479.305
2021-03-17 11:00:00,1471.205
2021-03-17 12:00:00,1474.91
2021-03-17 13:00:00,1486.75
2021-03-17 14:00:00,1484.8225
2021-03-17 15:00:00,1478.505
2021-03-17 16:00:00,1483.9275
2021-03-17 17:00:00,1483.85
2021-03-17 18:00:00,1479.315
2021-03-17 19:00:00,1480.25
2021-03-17 20:00:00,1483.2375
2021-03-17 21:00:00,1483.49
2021-03-17 22:00:00,1489.315
2021-03-17 23:00:00,1489.6225
2021-03-18 00:00:00,1493.8775
2021-03-18 01:00:00,1500.76
2021-03-18 02:00:00,1515.97
2021-03-18 03:00:00,1512.465
2021-03-18 04:00:00,1501.6525
2021-03-18 05:00:00,1499.15
2021-03-18 06:00:00,1494.7125
2021-03-18 07:00:00,1498.1075
2021-03-18 08:00:00,1500.94
2021-03-18 09:00:00,1505.05
2021-03-18 10:00:00,1503.575
2021-03-18 11:00:00,1508.4925
2021-03-18 12:00:00,1496.02
2021-03-18 13:00:00,1499.7325
2021-03-18 14:00:00,1524.52
2021-03-18 15:00:00,1523.31
2021-03-18 16:00:00,1510.3775
2021-03-18 17:00:00,1509.4775
2021-03-18 18:00:00,1512.63
2021-03-18 19:00:00,1506.8225
2021-03-18 20:00:00,1497.6675
2021-03-18 21:00:00,1501.6275
2021-03-18 22:00:00,1502.175
2021-03-18 23:00:00,1507.3500000000001
2021-03-19 00:00:00,1525.805
2021-03-19 01:00:00,1532.565
2021-03-19 02:00:00,1538.01
2021-03-19 03:00:00,1531.1675
2021-03-19 04:00:00,1525.8325
2021-03-19 05:00:00,1519.8175
2021-03-19 06:00:00,1517.41
2021-03-19 07:00:00,1511.0725
2021-03-19 08:00:00,1505.7025
2021-03-19 09:00:00,1498.56
2021-03-19 10:00:00,1496.1325
2021-03-19 11:00:00,1489.255
2021-03-19 12:00:00,1480.985
2021-03-19 13:00:00,1481.8375
2021-03-19 14:00:00,1473.305
2021-03-19 15:00:00,1453.145
2021-03-19 16:00:00,1450.4275
2021-03-19 17:00:00,1437.4375
2021-03-19 18:00:00,1419.355
2021-03-19 19:00:00,1422.0075000000002
2021-03-19 20:00:00,1425.9450000000002
2021-03-19 21:00:00,1423.4775
2021-03-19 22:00:00,1415.0175
2021-03-19 23:00:00,1416.0075
2021-03-20 00:00:00,1418.5
2021-03-20 01:00:00,1435.705
2021-03-20 02:00:00,1448.6975
2021-03-20 03:00:00,1442.2125
2021-03-20 04:00:00,1431.5325
2021-03-20 05:00:00,1421.6125
2021-03-20 06:00:00,1415.66
2021-03-20 07:00:00,1421.52
2021-03-20 08:00:00,1422.0425
2021-03-20 09:00:00,1420.3475
2021-03-20 10:00:00,1428.1325
2021-03-20 11:00:00,1436.2925
2021-03-20 12:00:00,1435.115
2021-03-20 13:00:00,1430.92
2021-03-20 14:00:00,1414.335
2021-03-20 15:00:00,1364.4025
2021-03-20 16:00:00,1355.62
2021-03-20 17:00:00,1346.79
2021-03-20 18:00:00,1356.9125
2021-03-20 19:00:00,1351.54
2021-03-20 20:00:00,1348.5625
2021-03-20 21:00:00,1350.84
2021-03-20 22:00:00,1349.5925
2021-03-20 23:00:00,1346.7225
2021-03-21 00:00:00,1333.8125
2021-03-21 01:00:00,1332.415
2021-03-21 02:00:00,1315.8025
2021-03-21 03:00:00,1320.34
2021-03-21 04:00:00,1320.7575000000002
2021-03-21 05:00:00,1322.0225
2021-03-21 06:00:00,1309.82
2021-03-21 07:00:00,1300.5125
2021-03-21 08:00:00,1299.6775
2021-03-21 09:00:00,1291.845
2021-03-21 10:00:00,1293.6299999999999
2021-03-21 11:00:00,1289.845
2021-03-21 12:00:00,1284.8775
2021-03-21 13:00:00,1282.8975
2021-03-21 14:00:00,1286.1675
2021-03-21 15:00:00,1289.875
2021-03-21 16:00:00,1279.87
2021-03-21 17:00:00,1277.9025
2021-03-21 18:00:00,1261.4875
2021-03-21 19:00:00,1264.325
2021-03-21 20:00:00,1270.3600000000001
2021-03-21 21:00:00,1255.6275
2021-03-21 22:00:00,1231.8325
2021-03-21 23:00:00,1223.63
2021-03-22 00:00:00,1217.8875
2021-03-22 01:00:00,1210.555
2021-03-22 02:00:00,1208.62
2021-03-22 03:00:00,1214.48
2021-03-22 04:00:00,1218.0549999999998
2021-03-22 05:00:00,1222.7675
2021-03-22 06:00:00,1218.71
2021-03-22 07:00:00,1219.025
2021-03-22 08:00:00,1213.495
2021-03-22 09:00:00,1212.01
2021-03-22 10:00:00,1207.575
2021-03-22 11:00:00,1201.6799999999998
2021-03-22 12:00:00,1214.2575
2021-03-22 13:00:00,1214.2824999999998
2021-03-22 14:00:00,1217.73
2021-03-22 15:00:00,1216.56
2021-03-22 16:00:00,1232.2675
2021-03-22 17:00:00,1238.4475
2021-03-22 18:00:00,1244.0825
2021-03-22 19:00:00,1250.2024999999999
2021-03-22 20:00:00,1249.7250000000001
2021-03-22 21:00:00,1246.69
2021-03-22 22:00:00,1243.8925
2021-03-22 23:00:00,1243.5425
2021-03-23 00:00:00,1249.5575
2021-03-23 01:00:00,1256.5349999999999
2021-03-23 02:00:00,1268.8275
2021-03-23 03:00:00,1278.47
2021-03-23 04:00:00,1287.5125
2021-03-23 05:00:00,1291.9575
2021-03-23 06:00:00,1292.575
2021-03-23 07:00:00,1289.0525
2021-03-23 08:00:00,1291.3975
2021-03-23 09:00:00,1295.8474999999999
2021-03-23 10:00:00,1289.3725
2021-03-23 11:00:00,1285.49
2021-03-23 12:00:00,1277.0900000000001
2021-03-23 13:00:00,1271.3425
2021-03-23 14:00:00,1267.885
2021-03-23 15:00:00,1271.38
2021-03-23 16:00:00,1269.0375
2021-03-23 17:00:00,1265.415
2021-03-23 18:00:00,1256.0325
2021-03-23 19:00:00,1236.7225
2021-03-23 20:00:00,1236.4375
2021-03-23 21:00:00,1245.8425
2021-03-23 22:00:00,1240.765
2021-03-23 23:00:00,1228.7775000000001
2021-03-24 00:00:00,1174.5275
2021-03-24 01:00:00,1204.9575
2021-03-24 02:00:00,1246.5425
2021-03-24 03:00:00,1255.625
2021-03-24 04:00:00,1257.2425
2021-03-24 05:00:00,1254.3825
2021-03-24 06:00:00,1243.385
2021-03-24 07:00:00,1197.1775
2021-03-24 08:00:00,1209.0325
2021-03-24 09:00:00,1215.29
2021-03-24 10:00:00,1220.825
2021-03-24 11:00:00,1221.8200000000002
2021-03-24 12:00:00,1229.62
2021-03-24 13:00:00,1223.28
2021-03-24 14:00:00,1221.0125
2021-03-24 15:00:00,1225.0
2021-03-24 16:00:00,1230.9675
2021-03-24 17:00:00,1245.31
2021-03-24 18:00:00,1231.955
2021-03-24 19:00:00,1229.6225
2021-03-24 20:00:00,1232.7975000000001
2021-03-24 21:00:00,1231.4975
2021-03-24 22:00:00,1239.585
2021-03-24 23:00:00,1240.185
2021-03-25 00:00:00,1235.1725000000001
2021-03-25 01:00:00,1222.94
2021-03-25 02:00:00,1228.77
2021-03-25 03:00:00,1236.675
2021-03-25 04:00:00,1239.375
2021-03-25 05:00:00,1227.1975
2021-03-25 06:00:00,1216.5149999999999
2021-03-25 07:00:00,1221.05
2021-03-25 08:00:00,1248.0525
2021-03-25 09:00:00,1258.4925
2021-03-25 10:00:00,1257.7125
2021-03-25 11:00:00,1270.41
2021-03-25 12:00:00,1263.4625
2021-03-25 13:00:00,1262.6375
2021-03-25 14:00:00,1277.5875
2021-03-25 15:00:00,1266.3975
2021-03-25 16:00:00,1273.2325
2021-03-25 17:00:00,1273.045
2021-03-25 18:00:00,1282.3375
2021-03-25 19:00:00,1284.81
2021-03-25 20:00:00,1293.4375
2021-03-25 21:00:00,1311.105
2021-03-25 22:00:00,1308.2625
2021-03-25 23:00:00,1317.2025
2021-03-26 00:00:00,1332.9175
2021-03-26 01:00:00,1345.925
2021-03-26 02:00:00,1348.0225
2021-03-26 03:00:00,1353.2649999999999
2021-03-26 04:00:00,1356.115
2021-03-26 05:00:00,1377.1725
2021-03-26 06:00:00,1368.7475
2021-03-26 07:00:00,1361.0925
2021-03-26 08:00:00,1376.8799999999999
2021-03-26 09:00:00,1377.0375
2021-03-26 10:00:00,1368.385
2021-03-26 11:00:00,1359.175
2021-03-26 12:00:00,1345.5225
2021-03-26 13:00:00,1348.89
2021-03-26 14:00:00,1348.4275
2021-03-26 15:00:00,1348.92
2021-03-26 16:00:00,1342.505
2021-03-26 17:00:00,1350.2225
2021-03-26 18:00:00,1346.8274999999999
2021-03-26 19:00:00,1359.12
2021-03-26 20:00:00,1366.3175
2021-03-26 21:00:00,1371.4775
2021-03-26 22:00:00,1380.65
2021-03-26 23:00:00,1400.8275
2021-03-27 00:00:00,1413.19
2021-03-27 01:00:00,1422.8325
2021-03-27 02:00:00,1421.3375
2021-03-27 03:00:00,1422.0875
2021-03-27 04:00:00,1431.595
2021-03-27 05:00:00,1435.6399999999999
2021-03-27 06:00:00,1439.0075
2021-03-27 07:00:00,1453.9775
2021-03-27 08:00:00,1472.0875
2021-03-27 09:00:00,1442.9275
2021-03-27 10:00:00,1410.0225
2021-03-27 11:00:00,1421.5575
2021-03-27 12:00:00,1303.2175
2021-03-27 13:00:00,1281.15
2021-03-27 14:00:00,1332.4025000000001
2021-03-27 15:00:00,1436.7
2021-03-27 16:00:00,1492.6299999999999
2021-03-27 17:00:00,1480.365
2021-03-27 18:00:00,1474.175
2021-03-27 19:00:00,1464.355
2021-03-27 20:00:00,1457.6025
2021-03-27 21:00:00,1462.7625
2021-03-27 22:00:00,1446.5725
2021-03-27 23:00:00,1439.3875
2021-03-28 00:00:00,1453.2875
2021-03-28 01:00:00,1446.5749999999998
2021-03-28 02:00:00,
2021-03-28 03:00:00,1445.995
2021-03-28 04:00:00,1452.0575
2021-03-28 05:00:00,1449.8975
2021-03-28 06:00:00,1445.9075
2021-03-28 07:00:00,1437.6525
2021-03-28 08:00:00,1436.745
2021-03-28 09:00:00,1436.23
2021-03-28 10:00:00,1428.805
2021-03-28 11:00:00,1319.93
2021-03-28 12:00:00,1265.275
2021-03-28 13:00:00,1133.5
2021-03-28 14:00:00,1125.5925
2021-03-28 15:00:00,1155.7375
2021-03-28 16:00:00,1239.1325
2021-03-28 17:00:00,1290.96
2021-03-28 18:00:00,1344.5375
2021-03-28 19:00:00,1334.4775
2021-03-28 20:00:00,1333.06
2021-03-28 21:00:00,1344.66
2021-03-28 22:00:00,1348.3625
2021-03-28 23:00:00,1344.1225
2021-03-29 00:00:00,1347.4425
2021-03-29 01:00:00,1358.5674999999999
2021-03-29 02:00:00,1357.53
2021-03-29 03:00:00,1356.5
2021-03-29 04:00:00,1347.0475000000001
2021-03-29 05:00:00,1344.5025
2021-03-29 06:00:00,1348.245
2021-03-29 07:00:00,1349.9975
2021-03-29 08:00:00,1340.7024999999999
2021-03-29 09:00:00,1346.17
2021-03-29 10:00:00,1356.665
2021-03-29 11:00:00,1355.7825
2021-03-29 12:00:00,1355.935
2021-03-29 13:00:00,1346.09
2021-03-29 14:00:00,1343.88
2021-03-29 15:00:00,1350.5075
2021-03-29 16:00:00,1333.2875
2021-03-29 17:00:00,1325.885
2021-03-29 18:00:00,1327.7125
2021-03-29 19:00:00,1310.3575
2021-03-29 20:00:00,1317.8175
2021-03-29 21:00:00,1320.52
2021-03-29 22:00:00,1330.1025
2021-03-29 23:00:00,1343.3925
2021-03-30 00:00:00,1353.01
2021-03-30 01:00:00,1360.8875
2021-03-30 02:00:00,1370.815
2021-03-30 03:00:00,1369.4125
2021-03-30 04:00:00,1372.1100000000001
2021-03-30 05:00:00,1379.5774999999999
2021-03-30 06:00:00,1371.075
2021-03-30 07:00:00,1353.4375
2021-03-30 08:00:00,1367.4724999999999
2021-03-30 09:00:00,1389.1174999999998
2021-03-30 10:00:00,1406.3625
2021-03-30 11:00:00,1416.075
2021-03-30 12:00:00,1412.975
2021-03-30 13:00:00,1411.545
2021-03-30 14:00:00,1426.8825
2021-03-30 15:00:00,1425.1374999999998
2021-03-30 16:00:00,1429.9925
2021-03-30 17:00:00,1411.8725
2021-03-30 18:00:00,1411.6025
2021-03-30 19:00:00,1391.2825
2021-03-30 20:00:00,1392.4825
2021-03-30 21:00:00,1405.7125
2021-03-30 22:00:00,1415.5875
2021-03-30 23:00:00,1428.07
2021-03-31 00:00:00,1446.0675
2021-03-31 01:00:00,1458.0375
2021-03-31 02:00:00,1466.375
2021-03-31 03:00:00,1466.9775
2021-03-31 04:00:00,1466.5475
2021-03-31 05:00:00,1460.97
2021-03-31 06:00:00,1454.8899999999999
2021-03-31 07:00:00,1455.3325
2021-03-31 08:00:00,1453.72
2021-03-31 09:00:00,1457.6125
2021-03-31 10:00:00,1459.705
2021-03-31 11:00:00,1477.98
2021-03-31 12:00:00,1484.115
2021-03-31 13:00:00,1484.76
2021-03-31 14:00:00,1491.5
2021-03-31 15:00:00,1483.745
2021-03-31 16:00:00,1483.22
2021-03-31 17:00:00,1480.4125
2021-03-31 18:00:00,1476.9525
2021-03-31 19:00:00,1467.0275000000001
2021-03-31 20:00:00,1479.5149999999999
2021-03-31 21:00:00,1494.3375
2021-03-31 22:00:00,1515.3874999999998
2021-03-31 23:00:00,1520.9475
2021-04-01 00:00:00,1498.8575
2021-04-01 01:00:00,1524.535
2021-04-01 02:00:00,1526.6375
2021-04-01 03:00:00,1509.895
2021-04-01 04:00:00,1500.8725
2021-04-01 05:00:00,1500.5875
2021-04-01 06:00:00,1513.325
2021-04-01 07:00:00,1517.0700000000002
2021-04-01 08:00:00,1516.8525
2021-04-01 09:00:00,1540.1525000000001
2021-04-01 10:00:00,1547.5
2021-04-01 11:00:00,1556.7575
2021-04-01 12:00:00,1558.37
2021-04-01 13:00:00,1550.32
2021-04-01 14:00:00,1551.8475
2021-04-01 15:00:00,1550.5974999999999
2021-04-01 16:00:00,1546.295
2021-04-01 17:00:00,1546.5149999999999
2021-04-01 18:00:00,1545.0625
2021-04-01 19:00:00,1535.31
2021-04-01 20:00:00,1532.7775000000001
2021-04-01 21:00:00,1545.1599999999999
2021-04-01 22:00:00,1552.96
2021-04-01 23:00:00,1562.9950000000001
2021-04-02 00:00:00,1568.7875
2021-04-02 01:00:00,1574.215
2021-04-02 02:00:00,1581.1275
2021-04-02 03:00:00,1577.37
2021-04-02 04:00:00,1576.7325
2021-04-02 05:00:00,1577.0525
2021-04-02 06:00:00,1579.4225000000001
2021-04-02 07:00:00,1592.675
2021-04-02 08:00:00,1612.76
2021-04-02 09:00:00,1618.4075
2021-04-02 10:00:00,1616.8475
2021-04-02 11:00:00,1615.3825
2021-04-02 12:00:00,1612.4975
2021-04-02 13:00:00,1584.9625
2021-04-02 14:00:00,1534.24
2021-04-02 15:00:00,1524.5275000000001
2021-04-02 16:00:00,1529.7775
2021-04-02 17:00:00,1567.4975
2021-04-02 18:00:00,1556.735
2021-04-02 19:00:00,1540.845
2021-04-02 20:00:00,1545.585
2021-04-02 21:00:00,1551.47
2021-04-02 22:00:00,1550.4725
2021-04-02 23:00:00,1549.2325
2021-04-03 00:00:00,1596.8575
2021-04-03 01:00:00,1612.0325
2021-04-03 02:00:00,1622.175
2021-04-03 03:00:00,1609.64
2021-04-03 04:00:00,1611.935
2021-04-03 05:00:00,1615.795
2021-04-03 06:00:00,1615.49
2021-04-03 07:00:00,1615.285
2021-04-03 08:00:00,1616.6375
2021-04-03 09:00:00,1617.845
2021-04-03 10:00:00,1612.9175
2021-04-03 11:00:00,1598.6599999999999
2021-04-03 12:00:00,1597.335
2021-04-03 13:00:00,1598.6475
2021-04-03 14:00:00,1579.19
2021-04-03 15:00:00,1569.4275
2021-04-03 16:00:00,1562.0774999999999
2021-04-03 17:00:00,1551.585
2021-04-03 18:00:00,1537.1675
2021-04-03 19:00:00,1527.8
2021-04-03 20:00:00,1525.5900000000001
2021-04-03 21:00:00,1524.43
2021-04-03 22:00:00,1517.3075
2021-04-03 23:00:00,1523.7250000000001
2021-04-04 00:00:00,1523.4
2021-04-04 01:00:00,1519.08
2021-04-04 02:00:00,1515.2224999999999
2021-04-04 03:00:00,1505.15
2021-04-04 04:00:00,1491.21
2021-04-04 05:00:00,1470.25
2021-04-04 06:00:00,1457.8625
2021-04-04 07:00:00,1448.6875
2021-04-04 08:00:00,1443.04
2021-04-04 09:00:00,1446.8725
2021-04-04 10:00:00,1453.2024999999999
2021-04-04 11:00:00,1450.4825
2021-04-04 12:00:00,1439.425
2021-04-04 13:00:00,1441.935
2021-04-04 14:00:00,1434.455
2021-04-04 15:00:00,1424.1075
2021-04-04 16:00:00,1420.3799999999999
2021-04-04 17:00:00,1408.675
2021-04-04 18:00:00,1401.1025
2021-04-04 19:00:00,1395.03
2021-04-04 20:00:00,1395.1875
2021-04-04 21:00:00,1395.095
2021-04-04 22:00:00,1389.275
2021-04-04 23:00:00,1385.0175
2021-04-05 00:00:00,1328.6999999999998
2021-04-05 01:00:00,1306.87
2021-04-05 02:00:00,1303.5175
2021-04-05 03:00:00,1294.3225
2021-04-05 04:00:00,1293.8674999999998
2021-04-05 05:00:00,1287.9225
2021-04-05 06:00:00,1283.4924999999998
2021-04-05 07:00:00,1277.4425
2021-04-05 08:00:00,1273.675
2021-04-05 09:00:00,1280.6
2021-04-05 10:00:00,1279.6175
2021-04-05 11:00:00,1274.5149999999999
2021-04-05 12:00:00,1274.2150000000001
2021-04-05 13:00:00,1196.3525
2021-04-05 14:00:00,1138.0149999999999
2021-04-05 15:00:00,1142.085
2021-04-05 16:00:00,1170.7575
2021-04-05 17:00:00,1285.755
2021-04-05 18:00:00,1337.145
2021-04-05 19:00:00,1342.6100000000001
2021-04-05 20:00:00,1330.9325
2021-04-05 21:00:00,1330.2325
2021-04-05 22:00:00,1326.74
2021-04-05 23:00:00,1322.3725
2021-04-06 00:00:00,1319.9375
2021-04-06 01:00:00,1331.7525
2021-04-06 02:00:00,1339.6975
2021-04-06 03:00:00,1334.335
2021-04-06 04:00:00,1333.8049999999998
2021-04-06 05:00:00,1332.25
2021-04-06 06:00:00,1321.0475000000001
2021-04-06 07:00:00,1317.87
2021-04-06 08:00:00,1327.4625
2021-04-06 09:00:00,1328.8
2021-04-06 10:00:00,1343.1825
2021-04-06 11:00:00,1352.3575
2021-04-06 12:00:00,1362.545
2021-04-06 13:00:00,1383.695
2021-04-06 14:00:00,1385.4025
2021-04-06 15:00:00,1379.19
2021-04-06 16:00:00,1377.85
2021-04-06 17:00:00,1381.71
2021-04-06 18:00:00,1380.0025
2021-04-06 19:00:00,1370.3825
2021-04-06 20:00:00,1378.7525
2021-04-06 21:00:00,1403.025
2021-04-06 22:00:00,1425.515
2021-04-06 23:00:00,1436.085
2021-04-07 00:00:00,1454.5325
2021-04-07 01:00:00,1460.0275000000001
2021-04-07 02:00:00,1464.9575
2021-04-07 03:00:00,1453.7525
2021-04-07 04:00:00,1472.14
2021-04-07 05:00:00,1461.705
2021-04-07 06:00:00,1445.1775
2021-04-07 07:00:00,1431.7825
2021-04-07 08:00:00,1436.6075
2021-04-07 09:00:00,1430.81
2021-04-07 10:00:00,1442.71
2021-04-07 11:00:00,1452.1325000000002
2021-04-07 12:00:00,1451.8225
2021-04-07 13:00:00,1449.7175
2021-04-07 14:00:00,1449.935
2021-04-07 15:00:00,1442.3075
2021-04-07 16:00:00,1418.2575
2021-04-07 17:00:00,1398.1950000000002
2021-04-07 18:00:00,1396.6475
2021-04-07 19:00:00,1402.3575
2021-04-07 20:00:00,1409.2275
2021-04-07 21:00:00,1411.1375
2021-04-07 22:00:00,1408.73
2021-04-07 23:00:00,1409.5625
2021-04-08 00:00:00,1399.4850000000001
2021-04-08 01:00:00,1400.3425
2021-04-08 02:00:00,1400.24
2021-04-08 03:00:00,1404.3274999999999
2021-04-08 04:00:00,1388.5025
2021-04-08 05:00:00,1386.5225
2021-04-08 06:00:00,1377.8725
2021-04-08 07:00:00,1371.645
2021-04-08 08:00:00,1353.665
2021-04-08 09:00:00,1373.655
2021-04-08 10:00:00,1383.4275
2021-04-08 11:00:00,1387.79
2021-04-08 12:00:00,1385.9724999999999
2021-04-08 13:00:00,1390.76
2021-04-08 14:00:00,1400.7375
2021-04-08 15:00:00,1394.7125
2021-04-08 16:00:00,1383.1475
2021-04-08 17:00:00,1373.0725
2021-04-08 18:00:00,1360.9825
2021-04-08 19:00:00,1349.525
2021-04-08 20:00:00,1343.1275
2021-04-08 21:00:00,1348.865
2021-04-08 22:00:00,1357.86
2021-04-08 23:00:00,1361.165
2021-04-09 00:00:00,1361.0875
2021-04-09 01:00:00,1375.3899999999999
2021-04-09 02:00:00,1382.2224999999999
2021-04-09 03:00:00,1382.6775
2021-04-09 04:00:00,1373.0149999999999
2021-04-09 05:00:00,1366.665
2021-04-09 06:00:00,1341.0475000000001
2021-04-09 07:00:00,1322.0349999999999
2021-04-09 08:00:00,1318.3175
2021-04-09 09:00:00,1316.0825
2021-04-09 10:00:00,1326.2525
2021-04-09 11:00:00,1303.345
2021-04-09 12:00:00,1300.6925
2021-04-09 13:00:00,1290.7975000000001
2021-04-09 14:00:00,1285.59
2021-04-09 15:00:00,1267.9850000000001
2021-04-09 16:00:00,1253.0475000000001
2021-04-09 17:00:00,1252.68
2021-04-09 18:00:00,1246.855
2021-04-09 19:00:00,1235.8675
2021-04-09 20:00:00,1230.0225
2021-04-09 21:00:00,1227.2525
2021-04-09 22:00:00,1235.225
2021-04-09 23:00:00,1245.02
2021-04-10 00:00:00,1255.9225
2021-04-10 01:00:00,1259.395
2021-04-10 02:00:00,1265.98
2021-04-10 03:00:00,1270.32
2021-04-10 04:00:00,1270.5575
2021-04-10 05:00:00,1267.6925
2021-04-10 06:00:00,1273.165
2021-04-10 07:00:00,1273.1975
2021-04-10 08:00:00,1272.35
2021-04-10 09:00:00,1276.7075
2021-04-10 10:00:00,1286.76
2021-04-10 11:00:00,1288.4850000000001
2021-04-10 12:00:00,1290.7125
2021-04-10 13:00:00,1298.735
2021-04-10 14:00:00,1305.815
2021-04-10 15:00:00,1304.3225
2021-04-10 16:00:00,1296.8625
2021-04-10 17:00:00,1291.9925
2021-04-10 18:00:00,1298.325
2021-04-10 19:00:00,1298.255
2021-04-10 20:00:00,1298.885
2021-04-10 21:00:00,1303.6425
2021-04-10 22:00:00,1310.55
2021-04-10 23:00:00,1319.3375
2021-04-11 00:00:00,1341.0425
2021-04-11 01:00:00,1336.6175
2021-04-11 02:00:00,1326.2450000000001
2021-04-11 03:00:00,1318.27
2021-04-11 04:00:00,1324.165
2021-04-11 05:00:00,1330.2725
2021-04-11 06:00:00,1333.3425
2021-04-11 07:00:00,1331.385
2021-04-11 08:00:00,1335.76
2021-04-11 09:00:00,1341.6575
2021-04-11 10:00:00,1340.56
2021-04-11 11:00:00,1338.905
2021-04-11 12:00:00,1342.68
2021-04-11 13:00:00,1343.495
2021-04-11 14:00:00,1341.4299999999998
2021-04-11 15:00:00,1348.7375
2021-04-11 16:00:00,1348.295
2021-04-11 17:00:00,1344.01
2021-04-11 18:00:00,1345.19
2021-04-11 19:00:00,1344.52
2021-04-11 20:00:00,1346.6975
2021-04-11 21:00:00,1345.6625
2021-04-11 22:00:00,1350.105
2021-04-11 23:00:00,1363.255
2021-04-12 00:00:00,1364.23
2021-04-12 01:00:00,1357.2175
2021-04-12 02:00:00,1362.495
2021-04-12 03:00:00,1363.0025
2021-04-12 04:00:00,1360.93
2021-04-12 05:00:00,1361.1825
2021-04-12 06:00:00,1357.955
2021-04-12 07:00:00,1359.3274999999999
2021-04-12 08:00:00,1366.055
2021-04-12 09:00:00,1379.715
2021-04-12 10:00:00,1396.9775
2021-04-12 11:00:00,1408.675
2021-04-12 12:00:00,1417.325
2021-04-12 13:00:00,1448.5549999999998
2021-04-12 14:00:00,1462.65
2021-04-12 15:00:00,1455.07
2021-04-12 16:00:00,1460.725
2021-04-12 17:00:00,1455.54
2021-04-12 18:00:00,1455.83
2021-04-12 19:00:00,1460.83
2021-04-12 20:00:00,1467.0475000000001
2021-04-12 21:00:00,1480.1675
2021-04-12 22:00:00,1478.18
2021-04-12 23:00:00,1476.355
2021-04-13 00:00:00,1476.595
2021-04-13 01:00:00,1468.9775
2021-04-13 02:00:00,1473.995
2021-04-13 03:00:00,1468.3025
2021-04-13 04:00:00,1448.115
2021-04-13 05:00:00,1431.21
2021-04-13 06:00:00,1425.0275
2021-04-13 07:00:00,1429.2225
2021-04-13 08:00:00,1425.745
2021-04-13 09:00:00,1427.8899999999999
2021-04-13 10:00:00,1433.8525
2021-04-13 11:00:00,1417.4275
2021-04-13 12:00:00,1408.1575
2021-04-13 13:00:00,1417.9725
2021-04-13 14:00:00,1423.0025
2021-04-13 15:00:00,1407.1175
2021-04-13 16:00:00,1399.4650000000001
2021-04-13 17:00:00,1396.6175
2021-04-13 18:00:00,1398.4825
2021-04-13 19:00:00,1391.835
2021-04-13 20:00:00,1407.2849999999999
2021-04-13 21:00:00,1434.63
2021-04-13 22:00:00,1442.0125
2021-04-13 23:00:00,1450.18
2021-04-14 00:00:00,1453.0625
2021-04-14 01:00:00,1459.3175
2021-04-14 02:00:00,1462.53
2021-04-14 03:00:00,1448.7975
2021-04-14 04:00:00,1434.78
2021-04-14 05:00:00,1429.2725
2021-04-14 06:00:00,1404.385
2021-04-14 07:00:00,1388.98
2021-04-14 08:00:00,1381.3
2021-04-14 09:00:00,1377.76
2021-04-14 10:00:00,1387.87
2021-04-14 11:00:00,1391.23
2021-04-14 12:00:00,1402.77
2021-04-14 13:00:00,1403.405
2021-04-14 14:00:00,1397.09
2021-04-14 15:00:00,1400.9850000000001
2021-04-14 16:00:00,1400.9875
2021-04-14 17:00:00,1398.81
2021-04-14 18:00:00,1394.47
2021-04-14 19:00:00,1394.195
2021-04-14 20:00:00,1396.9850000000001
2021-04-14 21:00:00,1398.1525
2021-04-14 22:00:00,1390.7575
2021-04-14 23:00:00,1391.7075
2021-04-15 00:00:00,1382.4875
2021-04-15 01:00:00,1370.8000000000002
2021-04-15 02:00:00,1363.945
2021-04-15 03:00:00,1354.135
2021-04-15 04:00:00,1352.405
2021-04-15 05:00:00,1348.695
2021-04-15 06:00:00,1336.5625
2021-04-15 07:00:00,1333.67
2021-04-15 08:00:00,1329.4
2021-04-15 09:00:00,1345.49
2021-04-15 10:00:00,1346.5475000000001
2021-04-15 11:00:00,1341.18
2021-04-15 12:00:00,1338.16
2021-04-15 13:00:00,1321.95
2021-04-15 14:00:00,1331.3925
2021-04-15 15:00:00,1335.68
2021-04-15 16:00:00,1336.4175
2021-04-15 17:00:00,1346.9125
2021-04-15 18:00:00,1356.0275000000001
2021-04-15 19:00:00,1362.6575
2021-04-15 20:00:00,1347.88
2021-04-15 21:00:00,1345.0125
2021-04-15 22:00:00,1342.8225
2021-04-15 23:00:00,1343.9075
2021-04-16 00:00:00,1348.815
2021-04-16 01:00:00,1343.0525
2021-04-16 02:00:00,1351.72
2021-04-16 03:00:00,1346.185
2021-04-16 04:00:00,1345.24
2021-04-16 05:00:00,1345.155
2021-04-16 06:00:00,1340.76
2021-04-16 07:00:00,1333.885
2021-04-16 08:00:00,1320.37
2021-04-16 09:00:00,1315.7849999999999
2021-04-16 10:00:00,1304.77
2021-04-16 11:00:00,1287.8375
2021-04-16 12:00:00,1285.375
2021-04-16 13:00:00,1282.955
2021-04-16 14:00:00,1283.7375000000002
2021-04-16 15:00:00,1284.5025
2021-04-16 16:00:00,1284.4225
2021-04-16 17:00:00,1289.4025000000001
2021-04-16 18:00:00,1278.8075
2021-04-16 19:00:00,1280.9325
2021-04-16 20:00:00,1280.4925
2021-04-16 21:00:00,1286.2325
2021-04-16 22:00:00,1282.2375000000002
2021-04-16 23:00:00,1283.0674999999999
2021-04-17 00:00:00,1287.12
2021-04-17 01:00:00,1290.0349999999999
2021-04-17 02:00:00,1285.5625
2021-04-17 03:00:00,1273.105
2021-04-17 04:00:00,1272.1175
2021-04-17 05:00:00,1278.24
2021-04-17 06:00:00,1270.825
2021-04-17 07:00:00,1267.5275000000001
2021-04-17 08:00:00,1263.6
2021-04-17 09:00:00,1266.3675
2021-04-17 10:00:00,1270.2175
2021-04-17 11:00:00,1258.07
2021-04-17 12:00:00,1259.2475
2021-04-17 13:00:00,1259.49
2021-04-17 14:00:00,1256.2975
2021-04-17 15:00:00,1258.835
2021-04-17 16:00:00,1259.88
2021-04-17 17:00:00,1265.36
2021-04-17 18:00:00,1258.1225
2021-04-17 19:00:00,1256.74
2021-04-17 20:00:00,1257.7825
2021-04-17 21:00:00,1248.905
2021-04-17 22:00:00,1248.2825
2021-04-17 23:00:00,1252.4925
2021-04-18 00:00:00,1248.54
2021-04-18 01:00:00,1245.14
2021-04-18 02:00:00,1242.2775
2021-04-18 03:00:00,1240.0075
2021-04-18 04:00:00,1235.6375
2021-04-18 05:00:00,1235.445
2021-04-18 06:00:00,1232.4924999999998
2021-04-18 07:00:00,1229.6625
2021-04-18 08:00:00,1235.9675
2021-04-18 09:00:00,1242.2275
2021-04-18 10:00:00,1239.595
2021-04-18 11:00:00,1236.59
2021-04-18 12:00:00,1235.605
2021-04-18 13:00:00,1223.4025
2021-04-18 14:00:00,1217.1875
2021-04-18 15:00:00,1214.6475
2021-04-18 16:00:00,1205.6375
2021-04-18 17:00:00,1202.4524999999999
2021-04-18 18:00:00,1196.86
2021-04-18 19:00:00,1190.7675
2021-04-18 20:00:00,1192.575
2021-04-18 21:00:00,1189.835
2021-04-18 22:00:00,1197.19
2021-04-18 23:00:00,1198.795
2021-04-19 00:00:00,1186.9875
2021-04-19 01:00:00,1186.45
2021-04-19 02:00:00,1188.35
2021-04-19 03:00:00,1180.79
2021-04-19 04:00:00,1172.8975
2021-04-19 05:00:00,1171.0249999999999
2021-04-19 06:00:00,1164.2125
2021-04-19 07:00:00,1158.815
2021-04-19 08:00:00,1158.59
2021-04-19 09:00:00,1174.745
2021-04-19 10:00:00,1185.1725
2021-04-19 11:00:00,1181.9575
2021-04-19 12:00:00,1192.3975
2021-04-19 13:00:00,1192.2649999999999
2021-04-19 14:00:00,1192.8425
2021-04-19 15:00:00,1189.3725
2021-04-19 16:00:00,1189.2125
2021-04-19 17:00:00,1199.76
2021-04-19 18:00:00,1201.4125
2021-04-19 19:00:00,1203.945
2021-04-19 20:00:00,1218.705
2021-04-19 21:00:00,1228.6825
2021-04-19 22:00:00,1243.1975
2021-04-19 23:00:00,1253.6725000000001
2021-04-20 00:00:00,1255.145
2021-04-20 01:00:00,1252.145
2021-04-20 02:00:00,1254.815
2021-04-20 03:00:00,1246.855
2021-04-20 04:00:00,1232.1025
2021-04-20 05:00:00,1224.0625
2021-04-20 06:00:00,1212.8675
2021-04-20 07:00:00,1215.595
2021-04-20 08:00:00,1222.185
2021-04-20 09:00:00,1237.34
2021-04-20 10:00:00,1246.7625
2021-04-20 11:00:00,1238.4075
2021-04-20 12:00:00,1243.915
2021-04-20 13:00:00,1243.9425
2021-04-20 14:00:00,1233.125
2021-04-20 15:00:00,1247.68
2021-04-20 16:00:00,1252.79
2021-04-20 17:00:00,1267.6625
2021-04-20 18:00:00,1261.7625
2021-04-20 19:00:00,1254.315
2021-04-20 20:00:00,1249.5700000000002
2021-04-20 21:00:00,1229.2825
2021-04-20 22:00:00,1220.9524999999999
2021-04-20 23:00:00,1226.4825
2021-04-21 00:00:00,1212.1175
2021-04-21 01:00:00,1214.85
2021-04-21 02:00:00,1225.095
2021-04-21 03:00:00,1211.9
2021-04-21 04:00:00,1199.7625
2021-04-21 05:00:00,1202.45
2021-04-21 06:00:00,1184.8274999999999
2021-04-21 07:00:00,1186.6175
2021-04-21 08:00:00,1193.5925
2021-04-21 09:00:00,1198.9575
2021-04-21 10:00:00,1213.98
2021-04-21 11:00:00,1215.8425
2021-04-21 12:00:00,1212.81
2021-04-21 13:00:00,1208.005
2021-04-21 14:00:00,1206.0425
2021-04-21 15:00:00,1211.0425
2021-04-21 16:00:00,1199.7125
2021-04-21 17:00:00,1192.6025
2021-04-21 18:00:00,1194.9499999999998
2021-04-21 19:00:00,1182.81
2021-04-21 20:00:00,1195.385
2021-04-21 21:00:00,1201.4875
2021-04-21 22:00:00,1203.215
2021-04-21 23:00:00,1210.02
2021-04-22 00:00:00,1197.1775
2021-04-22 01:00:00,1188.5175
2021-04-22 02:00:00,1188.42
2021-04-22 03:00:00,1190.4099999999999
2021-04-22 04:00:00,1195.41
2021-04-22 05:00:00,1196.6599999999999
2021-04-22 06:00:00,1199.23
2021-04-22 07:00:00,1196.115
2021-04-22 08:00:00,1188.8925
2021-04-22 09:00:00,1201.435
2021-04-22 10:00:00,1199.9850000000001
2021-04-22 11:00:00,1206.0675
2021-04-22 12:00:00,1217.4375
2021-04-22 13:00:00,1225.35
2021-04-22 14:00:00,1230.52
2021-04-22 15:00:00,1227.0825
2021-04-22 16:00:00,1217.625
2021-04-22 17:00:00,1211.6599999999999
2021-04-22 18:00:00,1203.5774999999999
2021-04-22 19:00:00,1209.505
2021-04-22 20:00:00,1203.4075
2021-04-22 21:00:00,1208.175
2021-04-22 22:00:00,1208.9075
2021-04-22 23:00:00,1218.2375000000002
2021-04-23 00:00:00,1215.6525000000001
2021-04-23 01:00:00,1222.4524999999999
2021-04-23 02:00:00,1221.8625
2021-04-23 03:00:00,1219.335
2021-04-23 04:00:00,1216.72
2021-04-23 05:00:00,1212.4075
2021-04-23 06:00:00,1203.15
2021-04-23 07:00:00,1204.4775
2021-04-23 08:00:00,1211.46
2021-04-23 09:00:00,1223.225
2021-04-23 10:00:00,1235.2825
2021-04-23 11:00:00,1244.3899999999999
2021-04-23 12:00:00,1248.3400000000001
2021-04-23 13:00:00,1247.0275000000001
2021-04-23 14:00:00,1239.565
2021-04-23 15:00:00,1224.2475
2021-04-23 16:00:00,1214.27
2021-04-23 17:00:00,1205.3875
2021-04-23 18:00:00,1202.4325
2021-04-23 19:00:00,1201.44
2021-04-23 20:00:00,1197.94
2021-04-23 21:00:00,1193.6975
2021-04-23 22:00:00,1198.185
2021-04-23 23:00:00,1206.085
2021-04-24 00:00:00,1199.6425
2021-04-24 01:00:00,1200.595
2021-04-24 02:00:00,1195.365
2021-04-24 03:00:00,1180.415
2021-04-24 04:00:00,1180.945
2021-04-24 05:00:00,1181.3025
2021-04-24 06:00:00,1181.865
2021-04-24 07:00:00,1184.8325
2021-04-24 08:00:00,1193.5275
2021-04-24 09:00:00,1199.6425
2021-04-24 10:00:00,1207.305
2021-04-24 11:00:00,1220.7575
2021-04-24 12:00:00,1224.525
2021-04-24 13:00:00,1217.575
2021-04-24 14:00:00,1197.5225
2021-04-24 15:00:00,1185.1575
2021-04-24 16:00:00,1173.9125
2021-04-24 17:00:00,1182.835
2021-04-24 18:00:00,1173.925
2021-04-24 19:00:00,1175.385
2021-04-24 20:00:00,1171.705
2021-04-24 21:00:00,1182.6575
2021-04-24 22:00:00,1183.5425
2021-04-24 23:00:00,1182.7575
2021-04-25 00:00:00,1177.8775
2021-04-25 01:00:00,1178.3899999999999
2021-04-25 02:00:00,1178.3899999999999
2021-04-25 03:00:00,1168.0325
2021-04-25 04:00:00,1164.7025
2021-04-25 05:00:00,1159.6925
2021-04-25 06:00:00,1146.0825
2021-04-25 07:00:00,1146.0125
2021-04-25 08:00:00,1150.3899999999999
2021-04-25 09:00:00,1156.7775000000001
2021-04-25 10:00:00,1158.8625
2021-04-25 11:00:00,1162.6675
2021-04-25 12:00:00,1175.8625
2021-04-25 13:00:00,1153.9650000000001
2021-04-25 14:00:00,1149.5075000000002
2021-04-25 15:00:00,1150.4975
2021-04-25 16:00:00,1148.2125
2021-04-25 17:00:00,1166.3075
2021-04-25 18:00:00,1158.4575
2021-04-25 19:00:00,1153.595
2021-04-25 20:00:00,1161.8600000000001
2021-04-25 21:00:00,1153.9775
2021-04-25 22:00:00,1160.6625
2021-04-25 23:00:00,1167.5925
2021-04-26 00:00:00,1166.305
2021-04-26 01:00:00,1178.3725
2021-04-26 02:00:00,1183.8325
2021-04-26 03:00:00,1177.53
2021-04-26 04:00:00,1182.1075
2021-04-26 05:00:00,1166.3075
2021-04-26 06:00:00,1162.4099999999999
2021-04-26 07:00:00,1154.8425
2021-04-26 08:00:00,1164.165
2021-04-26 09:00:00,1166.17
2021-04-26 10:00:00,1172.3325
2021-04-26 11:00:00,1182.9075
2021-04-26 12:00:00,1190.6875
2021-04-26 13:00:00,1198.3575
2021-04-26 14:00:00,1201.135
2021-04-26 15:00:00,1204.115
2021-04-26 16:00:00,1216.3575
2021-04-26 17:00:00,1218.03
2021-04-26 18:00:00,1218.2675
2021-04-26 19:00:00,1215.2825
2021-04-26 20:00:00,1214.6
2021-04-26 21:00:00,1227.155
2021-04-26 22:00:00,1233.0275
2021-04-26 23:00:00,1233.615
2021-04-27 00:00:00,1232.1925
2021-04-27 01:00:00,1247.67
2021-04-27 02:00:00,1263.235
2021-04-27 03:00:00,1258.285
2021-04-27 04:00:00,1264.0675
2021-04-27 05:00:00,1268.21
2021-04-27 06:00:00,1261.075
2021-04-27 07:00:00,1259.335
2021-04-27 08:00:00,1264.1775
2021-04-27 09:00:00,1257.94
2021-04-27 10:00:00,1270.1425
2021-04-27 11:00:00,1279.8249999999998
2021-04-27 12:00:00,1304.165
2021-04-27 13:00:00,1300.145
2021-04-27 14:00:00,1295.3675
2021-04-27 15:00:00,1297.7475
2021-04-27 16:00:00,1294.725
2021-04-27 17:00:00,1200.3725
2021-04-27 18:00:00,1277.435
2021-04-27 19:00:00,1271.8175
2021-04-27 20:00:00,1265.8325
2021-04-27 21:00:00,1262.2775
2021-04-27 22:00:00,1277.475
2021-04-27 23:00:00,1282.57
2021-04-28 00:00:00,1271.5675
2021-04-28 01:00:00,1272.78
2021-04-28 02:00:00,1283.3600000000001
2021-04-28 03:00:00,1276.275
2021-04-28 04:00:00,1273.9325
2021-04-28 05:00:00,1269.0349999999999
2021-04-28 06:00:00,1261.2875
2021-04-28 07:00:00,1274.72
2021-04-28 08:00:00,1283.6
2021-04-28 09:00:00,1299.99
2021-04-28 10:00:00,1304.855
2021-04-28 11:00:00,1311.4175
2021-04-28 12:00:00,1327.3925
2021-04-28 13:00:00,1330.8625
2021-04-28 14:00:00,1332.8025
2021-04-28 15:00:00,1334.2025
2021-04-28 16:00:00,1337.63
2021-04-28 17:00:00,1330.7
2021-04-28 18:00:00,1325.2150000000001
2021-04-28 19:00:00,1317.3725
2021-04-28 20:00:00,1320.1100000000001
2021-04-28 21:00:00,1335.2125
2021-04-28 22:00:00,1344.8925
2021-04-28 23:00:00,1351.0075
2021-04-29 00:00:00,1360.05
2021-04-29 01:00:00,1367.9425
2021-04-29 02:00:00,1376.375
2021-04-29 03:00:00,1372.95
2021-04-29 04:00:00,1377.025
2021-04-29 05:00:00,1377.1125
2021-04-29 06:00:00,1373.1725000000001
2021-04-29 07:00:00,1373.9499999999998
2021-04-29 08:00:00,1382.2875
2021-04-29 09:00:00,1389.8825
2021-04-29 10:00:00,1408.83
2021-04-29 11:00:00,1402.255
2021-04-29 12:00:00,1408.22
2021-04-29 13:00:00,1418.4275
2021-04-29 14:00:00,1412.7475
2021-04-29 15:00:00,1414.735
2021-04-29 16:00:00,1410.2875
2021-04-29 17:00:00,1417.8474999999999
2021-04-29 18:00:00,1415.0225
2021-04-29 19:00:00,1415.7075
2021-04-29 20:00:00,1410.5175
2021-04-29 21:00:00,1421.0725
2021-04-29 22:00:00,1432.82
2021-04-29 23:00:00,1443.635
2021-04-30 00:00:00,1441.31
2021-04-30 01:00:00,1447.28
2021-04-30 02:00:00,1457.9075
2021-04-30 03:00:00,1462.87
2021-04-30 04:00:00,1470.295
2021-04-30 05:00:00,1484.765
2021-04-30 06:00:00,1489.52
2021-04-30 07:00:00,1500.0375
2021-04-30 08:00:00,1505.7825
2021-04-30 09:00:00,1517.5974999999999
2021-04-30 10:00:00,1523.7475
2021-04-30 11:00:00,1524.8049999999998
2021-04-30 12:00:00,1536.48
2021-04-30 13:00:00,1542.74
2021-04-30 14:00:00,1543.81
2021-04-30 15:00:00,1545.4650000000001
2021-04-30 16:00:00,1542.0575
2021-04-30 17:00:00,1545.8925
2021-04-30 18:00:00,1551.66
2021-04-30 19:00:00,1571.3600000000001
2021-04-30 20:00:00,1598.35
2021-04-30 21:00:00,1609.1100000000001
2021-04-30 22:00:00,1622.4125
2021-04-30 23:00:00,1634.505
2021-05-01 00:00:00,1645.38
2021-05-01 01:00:00,1648.7725
2021-05-01 02:00:00,1650.16
2021-05-01 03:00:00,1661.795
2021-05-01 04:00:00,1676.9925
2021-05-01 05:00:00,1674.64
2021-05-01 06:00:00,1673.1675
2021-05-01 07:00:00,1682.13
2021-05-01 08:00:00,1678.62
2021-05-01 09:00:00,1676.3400000000001
2021-05-01 10:00:00,1672.8975
2021-05-01 11:00:00,1677.5475000000001
2021-05-01 12:00:00,1674.04
2021-05-01 13:00:00,1669.3225
2021-05-01 14:00:00,1670.4175
2021-05-01 15:00:00,1670.75
2021-05-01 16:00:00,1655.8725
2021-05-01 17:00:00,1637.5325
2021-05-01 18:00:00,1622.48
2021-05-01 19:00:00,1620.6975
2021-05-01 20:00:00,1612.9575
2021-05-01 21:00:00,1616.235
2021-05-01 22:00:00,1630.9025000000001
2021-05-01 23:00:00,1643.58
2021-05-02 00:00:00,1642.615
2021-05-02 01:00:00,1659.0625
2021-05-02 02:00:00,1676.3225
2021-05-02 03:00:00,1686.42
2021-05-02 04:00:00,1695.8425
2021-05-02 05:00:00,1707.365
2021-05-02 06:00:00,1722.94
2021-05-02 07:00:00,1749.0475000000001
2021-05-02 08:00:00,1762.6375
2021-05-02 09:00:00,1777.6875
2021-05-02 10:00:00,1797.5675
2021-05-02 11:00:00,1808.145
2021-05-02 12:00:00,1826.6
2021-05-02 13:00:00,1833.44
2021-05-02 14:00:00,1838.5
2021-05-02 15:00:00,1843.74
2021-05-02 16:00:00,1838.4375
2021-05-02 17:00:00,1840.5
2021-05-02 18:00:00,1831.78
2021-05-02 19:00:00,1828.74
2021-05-02 20:00:00,1820.5325
2021-05-02 21:00:00,1818.04
2021-05-02 22:00:00,1811.4475
2021-05-02 23:00:00,1804.17
2021-05-03 00:00:00,1787.96
2021-05-03 01:00:00,1799.47
2021-05-03 02:00:00,1785.825
2021-05-03 03:00:00,1748.5125
2021-05-03 04:00:00,1741.31
2021-05-03 05:00:00,1734.2125
2021-05-03 06:00:00,1715.3175
2021-05-03 07:00:00,1695.1625
2021-05-03 08:00:00,1697.045
2021-05-03 09:00:00,1699.375
2021-05-03 10:00:00,1705.4975
2021-05-03 11:00:00,1699.5275000000001
2021-05-03 12:00:00,1698.97
2021-05-03 13:00:00,1699.21
2021-05-03 14:00:00,1688.6375
2021-05-03 15:00:00,1688.8675
2021-05-03 16:00:00,1681.905
2021-05-03 17:00:00,1703.79
2021-05-03 18:00:00,1693.46
2021-05-03 19:00:00,1683.01
2021-05-03 20:00:00,1671.4425
2021-05-03 21:00:00,1663.905
2021-05-03 22:00:00,1662.5175
2021-05-03 23:00:00,1658.1225
2021-05-04 00:00:00,1658.4025
2021-05-04 01:00:00,1677.865
2021-05-04 02:00:00,1682.3125
2021-05-04 03:00:00,1669.8675
2021-05-04 04:00:00,1662.4925
2021-05-04 05:00:00,1657.67
2021-05-04 06:00:00,1646.2975000000001
2021-05-04 07:00:00,1613.95
2021-05-04 08:00:00,1611.865
2021-05-04 09:00:00,1603.495
2021-05-04 10:00:00,1602.3525
2021-05-04 11:00:00,1603.5175
2021-05-04 12:00:00,1605.93
2021-05-04 13:00:00,1567.19
2021-05-04 14:00:00,1515.815
2021-05-04 15:00:00,1501.355
2021-05-04 16:00:00,1511.1075
2021-05-04 17:00:00,1561.5
2021-05-04 18:00:00,1559.1325
2021-05-04 19:00:00,1556.915
2021-05-04 20:00:00,1545.645
2021-05-04 21:00:00,1561.6575
2021-05-04 22:00:00,1558.165
2021-05-04 23:00:00,1551.5325
2021-05-05 00:00:00,1540.325
2021-05-05 01:00:00,1530.4725
2021-05-05 02:00:00,1527.4625
2021-05-05 03:00:00,1518.5775
2021-05-05 04:00:00,1515.0825
2021-05-05 05:00:00,1516.3225
2021-05-05 06:00:00,1521.9875
2021-05-05 07:00:00,1537.135
2021-05-05 08:00:00,1555.76
2021-05-05 09:00:00,1571.1875
2021-05-05 10:00:00,1589.4325
2021-05-05 11:00:00,1601.945
2021-05-05 12:00:00,1628.725
2021-05-05 13:00:00,1632.9475
2021-05-05 14:00:00,1643.8575
2021-05-05 15:00:00,1659.4225000000001
2021-05-05 16:00:00,1664.8600000000001
2021-05-05 17:00:00,1664.24
2021-05-05 18:00:00,1654.2925
2021-05-05 19:00:00,1649.3725
2021-05-05 20:00:00,1641.6
2021-05-05 21:00:00,1666.46
2021-05-05 22:00:00,1687.125
2021-05-05 23:00:00,1715.62
2021-05-06 00:00:00,1739.905
2021-05-06 01:00:00,1753.1799999999998
2021-05-06 02:00:00,1768.325
2021-05-06 03:00:00,1764.625
2021-05-06 04:00:00,1763.845
2021-05-06 05:00:00,1760.025
2021-05-06 06:00:00,1756.195
2021-05-06 07:00:00,1740.48
2021-05-06 08:00:00,1726.405
2021-05-06 09:00:00,1738.9075
2021-05-06 10:00:00,1748.0725
2021-05-06 11:00:00,1742.33
2021-05-06 12:00:00,1740.1
2021-05-06 13:00:00,1732.5900000000001
2021-05-06 14:00:00,1743.0075000000002
2021-05-06 15:00:00,1751.6075
2021-05-06 16:00:00,1741.92
2021-05-06 17:00:00,1739.6675
2021-05-06 18:00:00,1732.9125
2021-05-06 19:00:00,1744.625
2021-05-06 20:00:00,1745.715
2021-05-06 21:00:00,1757.9925
2021-05-06 22:00:00,1770.87
2021-05-06 23:00:00,1794.2825
2021-05-07 00:00:00,1805.72
2021-05-07 01:00:00,1815.5175
2021-05-07 02:00:00,1818.7475
2021-05-07 03:00:00,1824.18
2021-05-07 04:00:00,1832.8875
2021-05-07 05:00:00,1841.3675
2021-05-07 06:00:00,1832.3725
2021-05-07 07:00:00,1823.6525000000001
2021-05-07 08:00:00,1824.845
2021-05-07 09:00:00,1838.1525000000001
2021-05-07 10:00:00,1848.27
2021-05-07 11:00:00,1862.755
2021-05-07 12:00:00,1883.9225000000001
2021-05-07 13:00:00,1877.9425
2021-05-07 14:00:00,1857.71
2021-05-07 15:00:00,1864.24
2021-05-07 16:00:00,1886.5149999999999
2021-05-07 17:00:00,1886.42
2021-05-07 18:00:00,1866.6975
2021-05-07 19:00:00,1856.59
2021-05-07 20:00:00,1848.9375
2021-05-07 21:00:00,1857.98
2021-05-07 22:00:00,1867.0725
2021-05-07 23:00:00,1871.835
2021-05-08 00:00:00,1850.06
2021-05-08 01:00:00,1848.7525
2021-05-08 02:00:00,1839.155
2021-05-08 03:00:00,1822.5
2021-05-08 04:00:00,1812.07
2021-05-08 05:00:00,1795.325
2021-05-08 06:00:00,1783.155
2021-05-08 07:00:00,1772.505
2021-05-08 08:00:00,1767.6725000000001
2021-05-08 09:00:00,1759.525
2021-05-08 10:00:00,1765.95
2021-05-08 11:00:00,1756.2075
2021-05-08 12:00:00,1740.0325
2021-05-08 13:00:00,1722.505
2021-05-08 14:00:00,1707.1025
2021-05-08 15:00:00,1685.5149999999999
2021-05-08 16:00:00,1672.9975
2021-05-08 17:00:00,1651.3225
2021-05-08 18:00:00,1636.45
2021-05-08 19:00:00,1623.1725
2021-05-08 20:00:00,1612.05
2021-05-08 21:00:00,1607.1100000000001
2021-05-08 22:00:00,1620.655
2021-05-08 23:00:00,1619.59
2021-05-09 00:00:00,1610.1125
2021-05-09 01:00:00,1607.7325
2021-05-09 02:00:00,1601.4650000000001
2021-05-09 03:00:00,1595.96
2021-05-09 04:00:00,1595.215
2021-05-09 05:00:00,1589.24
2021-05-09 06:00:00,1583.4325
2021-05-09 07:00:00,1588.1775
2021-05-09 08:00:00,1587.7150000000001
2021-05-09 09:00:00,1584.66
2021-05-09 10:00:00,1571.685
2021-05-09 11:00:00,1485.9875
2021-05-09 12:00:00,1488.6675
2021-05-09 13:00:00,1474.84
2021-05-09 14:00:00,1365.085
2021-05-09 15:00:00,1355.8325
2021-05-09 16:00:00,1457.8899999999999
2021-05-09 17:00:00,1541.9425
2021-05-09 18:00:00,1574.9975
2021-05-09 19:00:00,1585.1475
2021-05-09 20:00:00,1593.7525
2021-05-09 21:00:00,1613.1025
2021-05-09 22:00:00,1635.3975
2021-05-09 23:00:00,1641.7375
2021-05-10 00:00:00,1632.525
2021-05-10 01:00:00,1630.72
2021-05-10 02:00:00,1639.9275
2021-05-10 03:00:00,1638.445
2021-05-10 04:00:00,1639.2725
2021-05-10 05:00:00,1639.9625
2021-05-10 06:00:00,1638.5175
2021-05-10 07:00:00,1616.6875
2021-05-10 08:00:00,1611.8525
2021-05-10 09:00:00,1633.315
2021-05-10 10:00:00,1654.955
2021-05-10 11:00:00,1658.8200000000002
2021-05-10 12:00:00,1659.305
2021-05-10 13:00:00,1670.6125
2021-05-10 14:00:00,1674.64
2021-05-10 15:00:00,1686.1950000000002
2021-05-10 16:00:00,1727.5725
2021-05-10 17:00:00,1777.525
2021-05-10 18:00:00,1791.155
2021-05-10 19:00:00,1810.2175
2021-05-10 20:00:00,1846.8675
2021-05-10 21:00:00,1897.3025
2021-05-10 22:00:00,1930.7075
2021-05-10 23:00:00,1946.7
2021-05-11 00:00:00,1964.27
2021-05-11 01:00:00,1981.2825
2021-05-11 02:00:00,1980.0625
2021-05-11 03:00:00,1988.7175
2021-05-11 04:00:00,1998.5225
2021-05-11 05:00:00,2002.7075
2021-05-11 06:00:00,1999.125
2021-05-11 07:00:00,1980.6175
2021-05-11 08:00:00,1986.8025
2021-05-11 09:00:00,1984.6875
2021-05-11 10:00:00,1987.855
2021-05-11 11:00:00,2005.4175
2021-05-11 12:00:00,2022.365
2021-05-11 13:00:00,2040.955
2021-05-11 14:00:00,2060.16
2021-05-11 15:00:00,2068.5875
2021-05-11 16:00:00,2083.115
2021-05-11 17:00:00,2091.21
2021-05-11 18:00:00,2102.375
2021-05-11 19:00:00,2098.42
2021-05-11 20:00:00,2107.7175
2021-05-11 21:00:00,2118.14
2021-05-11 22:00:00,2134.6549999999997
2021-05-11 23:00:00,2146.1725
2021-05-12 00:00:00,2156.6275
2021-05-12 01:00:00,2174.925
2021-05-12 02:00:00,2189.2325
2021-05-12 03:00:00,2178.5074999999997
2021-05-12 04:00:00,2178.5924999999997
2021-05-12 05:00:00,2184.3575
2021-05-12 06:00:00,2174.36
2021-05-12 07:00:00,2156.865
2021-05-12 08:00:00,2168.7725
2021-05-12 09:00:00,2173.5225
2021-05-12 10:00:00,2181.0125
2021-05-12 11:00:00,2185.45
2021-05-12 12:00:00,2189.0699999999997
2021-05-12 13:00:00,2201.31
2021-05-12 14:00:00,2211.735
2021-05-12 15:00:00,2214.2349999999997
2021-05-12 16:00:00,2229.5525000000002
2021-05-12 17:00:00,2224.3
2021-05-12 18:00:00,2218.235
2021-05-12 19:00:00,2207.8225
2021-05-12 20:00:00,2211.5075
2021-05-12 21:00:00,2211.665
2021-05-12 22:00:00,2209.8975
2021-05-12 23:00:00,2212.185
2021-05-13 00:00:00,2214.0699999999997
2021-05-13 01:00:00,2204.0275
2021-05-13 02:00:00,2205.8424999999997
2021-05-13 03:00:00,2199.07
2021-05-13 04:00:00,2182.3475
2021-05-13 05:00:00,2185.815
2021-05-13 06:00:00,2175.8625
2021-05-13 07:00:00,2176.565
2021-05-13 08:00:00,2179.245
2021-05-13 09:00:00,2189.13
2021-05-13 10:00:00,2201.58
2021-05-13 11:00:00,2205.69
2021-05-13 12:00:00,2203.3325
2021-05-13 13:00:00,2201.2
2021-05-13 14:00:00,2189.2625
2021-05-13 15:00:00,2186.1625
2021-05-13 16:00:00,2175.7225
2021-05-13 17:00:00,2157.5775000000003
2021-05-13 18:00:00,2155.21
2021-05-13 19:00:00,2151.085
2021-05-13 20:00:00,2139.7875
2021-05-13 21:00:00,2130.7349999999997
2021-05-13 22:00:00,2119.7125
2021-05-13 23:00:00,2115.08
2021-05-14 00:00:00,2121.985
2021-05-14 01:00:00,2129.6575000000003
2021-05-14 02:00:00,2139.5075
2021-05-14 03:00:00,2148.74
2021-05-14 04:00:00,2146.395
2021-05-14 05:00:00,2136.3975
2021-05-14 06:00:00,2131.59
2021-05-14 07:00:00,2116.985
2021-05-14 08:00:00,2111.545
2021-05-14 09:00:00,2108.075
2021-05-14 10:00:00,2113.885
2021-05-14 11:00:00,2125.575
2021-05-14 12:00:00,2119.2425000000003
2021-05-14 13:00:00,2122.375
2021-05-14 14:00:00,2123.4125
2021-05-14 15:00:00,2129.7650000000003
2021-05-14 16:00:00,2132.7799999999997
2021-05-14 17:00:00,2111.79
2021-05-14 18:00:00,2093.81
2021-05-14 19:00:00,2079.2325
2021-05-14 20:00:00,2066.9275
2021-05-14 21:00:00,2063.4825
2021-05-14 22:00:00,2055.1275
2021-05-14 23:00:00,2059.625
2021-05-15 00:00:00,2069.1625
2021-05-15 01:00:00,2073.1125
2021-05-15 02:00:00,2083.115
2021-05-15 03:00:00,2090.25
2021-05-15 04:00:00,2081.305
2021-05-15 05:00:00,2073.3
2021-05-15 06:00:00,2062.5025
2021-05-15 07:00:00,2053.3475
2021-05-15 08:00:00,2060.5775
2021-05-15 09:00:00,2064.2475
2021-05-15 10:00:00,2071.7475
2021-05-15 11:00:00,2070.4
2021-05-15 12:00:00,2061.07
2021-05-15 13:00:00,2059.73
2021-05-15 14:00:00,2063.5675
2021-05-15 15:00:00,2058.6525
2021-05-15 16:00:00,2044.8475
2021-05-15 17:00:00,2034.0974999999999
2021-05-15 18:00:00,2025.93
2021-05-15 19:00:00,2017.82
2021-05-15 20:00:00,2011.4175
2021-05-15 21:00:00,2000.4925
2021-05-15 22:00:00,1988.03
2021-05-15 23:00:00,1982.0975
2021-05-16 00:00:00,1987.8925
2021-05-16 01:00:00,1977.7775
2021-05-16 02:00:00,1963.6399999999999
2021-05-16 03:00:00,1950.14
2021-05-16 04:00:00,1941.08
2021-05-16 05:00:00,1933.56
2021-05-16 06:00:00,1931.065
2021-05-16 07:00:00,1936.9475
2021-05-16 08:00:00,1940.305
2021-05-16 09:00:00,1940.695
2021-05-16 10:00:00,1946.06
2021-05-16 11:00:00,1957.1575
2021-05-16 12:00:00,1949.7775
2021-05-16 13:00:00,1961.3425
2021-05-16 14:00:00,1966.5
2021-05-16 15:00:00,1971.5025
2021-05-16 16:00:00,1971.8625
2021-05-16 17:00:00,1961.48
2021-05-16 18:00:00,1953.8375
2021-05-16 19:00:00,1939.15
2021-05-16 20:00:00,1928.2575
2021-05-16 21:00:00,1922.7675
2021-05-16 22:00:00,1912.5975
2021-05-16 23:00:00,1915.3925
2021-05-17 00:00:00,1923.9875
2021-05-17 01:00:00,1937.5575
2021-05-17 02:00:00,1961.4325
2021-05-17 03:00:00,1974.22
2021-05-17 04:00:00,1983.42
2021-05-17 05:00:00,2012.37
2021-05-17 06:00:00,2018.6525000000001
2021-05-17 07:00:00,1981.5
2021-05-17 08:00:00,1978.02
2021-05-17 09:00:00,1991.6525
2021-05-17 10:00:00,2022.615
2021-05-17 11:00:00,2039.6875
2021-05-17 12:00:00,2064.1825
2021-05-17 13:00:00,2076.0275
2021-05-17 14:00:00,2094.805
2021-05-17 15:00:00,2095.2725
2021-05-17 16:00:00,2115.245
2021-05-17 17:00:00,2135.13
2021-05-17 18:00:00,2126.84
2021-05-17 19:00:00,2116.175
2021-05-17 20:00:00,2112.96
2021-05-17 21:00:00,2099.8424999999997
2021-05-17 22:00:00,2096.6549999999997
2021-05-17 23:00:00,2106.6375
2021-05-18 00:00:00,2119.075
2021-05-18 01:00:00,2120.7225
2021-05-18 02:00:00,2122.93
2021-05-18 03:00:00,2113.66
2021-05-18 04:00:00,2108.44
2021-05-18 05:00:00,2101.05
2021-05-18 06:00:00,2093.6549999999997
2021-05-18 07:00:00,2081.1225
2021-05-18 08:00:00,2068.5825
2021-05-18 09:00:00,2063.14
2021-05-18 10:00:00,2068.375
2021-05-18 11:00:00,2079.45
2021-05-18 12:00:00,2091.995
2021-05-18 13:00:00,2095.855
2021-05-18 14:00:00,2092.76
2021-05-18 15:00:00,2098.1525
2021-05-18 16:00:00,2091.285
2021-05-18 17:00:00,2082.965
2021-05-18 18:00:00,2078.2525
2021-05-18 19:00:00,2057.0175
2021-05-18 20:00:00,2051.0775
2021-05-18 21:00:00,2049.6675
2021-05-18 22:00:00,2051.0475
2021-05-18 23:00:00,2047.6599999999999
2021-05-19 00:00:00,2058.4674999999997
2021-05-19 01:00:00,2062.7725
2021-05-19 02:00:00,2071.5875
2021-05-19 03:00:00,2076.13
2021-05-19 04:00:00,2078.8125
2021-05-19 05:00:00,2079.8775
2021-05-19 06:00:00,2077.9325
2021-05-19 07:00:00,2069.7975
2021-05-19 08:00:00,2055.4425
2021-05-19 09:00:00,2048.1724999999997
2021-05-19 10:00:00,2053.5425
2021-05-19 11:00:00,2062.9
2021-05-19 12:00:00,2085.1725
2021-05-19 13:00:00,2100.6425
2021-05-19 14:00:00,2103.32
2021-05-19 15:00:00,2107.895
2021-05-19 16:00:00,2107.5425
2021-05-19 17:00:00,2111.5275
2021-05-19 18:00:00,2130.6475
2021-05-19 19:00:00,2125.7174999999997
2021-05-19 20:00:00,2133.7275
2021-05-19 21:00:00,2127.245
2021-05-19 22:00:00,2124.625
2021-05-19 23:00:00,2132.1675
2021-05-20 00:00:00,2139.4049999999997
2021-05-20 01:00:00,2137.45
2021-05-20 02:00:00,2145.3849999999998
2021-05-20 03:00:00,2145.4175
2021-05-20 04:00:00,2139.725
2021-05-20 05:00:00,2136.2075
2021-05-20 06:00:00,2129.335
2021-05-20 07:00:00,2112.0925
2021-05-20 08:00:00,2102.0474999999997
2021-05-20 09:00:00,2096.3675
2021-05-20 10:00:00,2092.6925
2021-05-20 11:00:00,2105.205
2021-05-20 12:00:00,2104.52
2021-05-20 13:00:00,2106.1825
2021-05-20 14:00:00,2117.8375
2021-05-20 15:00:00,2118.91
2021-05-20 16:00:00,2118.725
2021-05-20 17:00:00,2109.5775
2021-05-20 18:00:00,2099.225
2021-05-20 19:00:00,2083.35
2021-05-20 20:00:00,2075.86
2021-05-20 21:00:00,2065.02
2021-05-20 22:00:00,2063.2375
2021-05-20 23:00:00,2058.5975
2021-05-21 00:00:00,2053.4674999999997
2021-05-21 01:00:00,2056.0924999999997
2021-05-21 02:00:00,2043.4075
2021-05-21 03:00:00,2030.2275
2021-05-21 04:00:00,2013.5774999999999
2021-05-21 05:00:00,2001.6575
2021-05-21 06:00:00,2001.9175
2021-05-21 07:00:00,2005.5425
2021-05-21 08:00:00,1985.005
2021-05-21 09:00:00,1965.745
2021-05-21 10:00:00,1967.79
2021-05-21 11:00:00,1962.8075
2021-05-21 12:00:00,1954.065
2021-05-21 13:00:00,1954.4475
2021-05-21 14:00:00,1952.9625
2021-05-21 15:00:00,1938.835
2021-05-21 16:00:00,1929.755
2021-05-21 17:00:00,1922.8175
2021-05-21 18:00:00,1909.0125
2021-05-21 19:00:00,1900.06
2021-05-21 20:00:00,1896.46
2021-05-21 21:00:00,1898.7575000000002
2021-05-21 22:00:00,1890.7175
2021-05-21 23:00:00,1871.8975
2021-05-22 00:00:00,1869.8025
2021-05-22 01:00:00,1862.1525000000001
2021-05-22 02:00:00,1858.77
2021-05-22 03:00:00,1860.8475
2021-05-22 04:00:00,1865.01
2021-05-22 05:00:00,1881.7175
2021-05-22 06:00:00,1892.0
2021-05-22 07:00:00,1893.8625
2021-05-22 08:00:00,1872.9825
2021-05-22 09:00:00,1778.43
2021-05-22 10:00:00,1538.8675
2021-05-22 11:00:00,1447.9575
2021-05-22 12:00:00,1444.8575
2021-05-22 13:00:00,1451.8175
2021-05-22 14:00:00,1439.645
2021-05-22 15:00:00,1430.8225
2021-05-22 16:00:00,1431.2025
2021-05-22 17:00:00,1652.76
2021-05-22 18:00:00,1771.5825
2021-05-22 19:00:00,1861.3775
2021-05-22 20:00:00,1863.79
2021-05-22 21:00:00,1855.5275
2021-05-22 22:00:00,1853.88
2021-05-22 23:00:00,1862.7125
2021-05-23 00:00:00,1875.8525
2021-05-23 01:00:00,1877.78
2021-05-23 02:00:00,1885.1950000000002
2021-05-23 03:00:00,1885.8175
2021-05-23 04:00:00,1879.72
2021-05-23 05:00:00,1884.71
2021-05-23 06:00:00,1888.19
2021-05-23 07:00:00,1889.205
2021-05-23 08:00:00,1898.8625
2021-05-23 09:00:00,1911.8725
2021-05-23 10:00:00,1945.07
2021-05-23 11:00:00,1960.7975
2021-05-23 12:00:00,1932.3675
2021-05-23 13:00:00,1816.4
2021-05-23 14:00:00,1778.5575
2021-05-23 15:00:00,1678.2675
2021-05-23 16:00:00,1790.1299999999999
2021-05-23 17:00:00,1880.2
2021-05-23 18:00:00,1974.5774999999999
2021-05-23 19:00:00,1971.0125
2021-05-23 20:00:00,1978.82
2021-05-23 21:00:00,1983.6575
2021-05-23 22:00:00,1992.425
2021-05-23 23:00:00,2014.875
2021-05-24 00:00:00,2039.1399999999999
2021-05-24 01:00:00,2050.745
2021-05-24 02:00:00,2040.995
2021-05-24 03:00:00,2026.8025
2021-05-24 04:00:00,2007.2825
2021-05-24 05:00:00,1987.0925
2021-05-24 06:00:00,1991.455
2021-05-24 07:00:00,1991.615
2021-05-24 08:00:00,1969.1
2021-05-24 09:00:00,1972.9425
2021-05-24 10:00:00,1976.2675
2021-05-24 11:00:00,1863.0575
2021-05-24 12:00:00,1840.335
2021-05-24 13:00:00,1837.4074999999998
2021-05-24 14:00:00,1824.6950000000002
2021-05-24 15:00:00,1820.8025
2021-05-24 16:00:00,1902.675
2021-05-24 17:00:00,1918.1375
2021-05-24 18:00:00,1920.2075
2021-05-24 19:00:00,1906.7825
2021-05-24 20:00:00,1906.2975000000001
2021-05-24 21:00:00,1914.905
2021-05-24 22:00:00,1952.72
2021-05-24 23:00:00,1952.145
2021-05-25 00:00:00,1962.255
2021-05-25 01:00:00,1973.3725
2021-05-25 02:00:00,1983.42
2021-05-25 03:00:00,1992.92
2021-05-25 04:00:00,2004.635
2021-05-25 05:00:00,2017.5325
2021-05-25 06:00:00,2043.82
2021-05-25 07:00:00,2059.3825
2021-05-25 08:00:00,2083.4225
2021-05-25 09:00:00,2081.4225
2021-05-25 10:00:00,2089.48
2021-05-25 11:00:00,2101.5625
2021-05-25 12:00:00,2111.835
2021-05-25 13:00:00,2098.605
2021-05-25 14:00:00,2115.33
2021-05-25 15:00:00,2145.585
2021-05-25 16:00:00,2166.9425
2021-05-25 17:00:00,2166.35
2021-05-25 18:00:00,2169.1725
2021-05-25 19:00:00,2156.0225
2021-05-25 20:00:00,2154.61
2021-05-25 21:00:00,2149.165
2021-05-25 22:00:00,2138.1825
2021-05-25 23:00:00,2136.2575
2021-05-26 00:00:00,2135.695
2021-05-26 01:00:00,2138.815
2021-05-26 02:00:00,2146.94
2021-05-26 03:00:00,2153.775
2021-05-26 04:00:00,2149.25
2021-05-26 05:00:00,2144.0525
2021-05-26 06:00:00,2132.4075000000003
2021-05-26 07:00:00,2125.63
2021-05-26 08:00:00,2120.6099999999997
2021-05-26 09:00:00,2107.9425
2021-05-26 10:00:00,2107.06
2021-05-26 11:00:00,2103.3875
2021-05-26 12:00:00,2093.715
2021-05-26 13:00:00,2084.0
2021-05-26 14:00:00,2109.1
2021-05-26 15:00:00,2111.255
2021-05-26 16:00:00,2106.825
2021-05-26 17:00:00,2101.8575
2021-05-26 18:00:00,2096.4925000000003
2021-05-26 19:00:00,2083.2174999999997
2021-05-26 20:00:00,2077.0675
2021-05-26 21:00:00,2084.74
2021-05-26 22:00:00,2083.4625
2021-05-26 23:00:00,2081.47
2021-05-27 00:00:00,2086.88
2021-05-27 01:00:00,2087.7525
2021-05-27 02:00:00,2093.5225
2021-05-27 03:00:00,2095.0275
2021-05-27 04:00:00,2084.935
2021-05-27 05:00:00,2078.4
2021-05-27 06:00:00,2069.895
2021-05-27 07:00:00,2067.79
2021-05-27 08:00:00,2069.8224999999998
2021-05-27 09:00:00,2073.005
2021-05-27 10:00:00,2067.285
2021-05-27 11:00:00,2071.8125
2021-05-27 12:00:00,2075.7225
2021-05-27 13:00:00,2084.9225
2021-05-27 14:00:00,2085.3725
2021-05-27 15:00:00,2090.9625
2021-05-27 16:00:00,2087.81
2021-05-27 17:00:00,2078.5525
2021-05-27 18:00:00,2075.6875
2021-05-27 19:00:00,2072.7025
2021-05-27 20:00:00,2072.7
2021-05-27 21:00:00,2075.055
2021-05-27 22:00:00,2065.325
2021-05-27 23:00:00,2067.94
2021-05-28 00:00:00,2072.21
2021-05-28 01:00:00,2078.7925
2021-05-28 02:00:00,2089.965
2021-05-28 03:00:00,2084.4900000000002
2021-05-28 04:00:00,2073.35
2021-05-28 05:00:00,2067.0099999999998
2021-05-28 06:00:00,2058.6875
2021-05-28 07:00:00,2052.99
2021-05-28 08:00:00,2058.985
2021-05-28 09:00:00,2052.8825
2021-05-28 10:00:00,2062.9425
2021-05-28 11:00:00,2065.2125
2021-05-28 12:00:00,2063.585
2021-05-28 13:00:00,2064.705
2021-05-28 14:00:00,2073.455
2021-05-28 15:00:00,2079.315
2021-05-28 16:00:00,2081.3975
2021-05-28 17:00:00,2070.7325
2021-05-28 18:00:00,2062.7675
2021-05-28 19:00:00,2052.4175
2021-05-28 20:00:00,2045.7424999999998
2021-05-28 21:00:00,2039.0675
2021-05-28 22:00:00,2028.075
2021-05-28 23:00:00,2018.205
2021-05-29 00:00:00,2018.5225
2021-05-29 01:00:00,2023.1
2021-05-29 02:00:00,2024.6
2021-05-29 03:00:00,2026.0575000000001
2021-05-29 04:00:00,2022.6475
2021-05-29 05:00:00,2009.8375
2021-05-29 06:00:00,2003.005
2021-05-29 07:00:00,2005.2975000000001
2021-05-29 08:00:00,2014.6625
2021-05-29 09:00:00,2019.6375
2021-05-29 10:00:00,2022.3825
2021-05-29 11:00:00,2022.87
2021-05-29 12:00:00,2019.8775
2021-05-29 13:00:00,2024.7725
2021-05-29 14:00:00,2020.1525
2021-05-29 15:00:00,2026.3075
2021-05-29 16:00:00,2016.76
2021-05-29 17:00:00,2003.2075
2021-05-29 18:00:00,1968.3400000000001
2021-05-29 19:00:00,1952.805
2021-05-29 20:00:00,1943.1225
2021-05-29 21:00:00,1930.7424999999998
2021-05-29 22:00:00,1920.915
2021-05-29 23:00:00,1917.5974999999999
2021-05-30 00:00:00,1913.49
2021-05-30 01:00:00,1898.945
2021-05-30 02:00:00,1889.6475
2021-05-30 03:00:00,1877.895
2021-05-30 04:00:00,1864.4425
2021-05-30 05:00:00,1859.035
2021-05-30 06:00:00,1860.0325
2021-05-30 07:00:00,1862.0925000000002
2021-05-30 08:00:00,1879.5575
2021-05-30 09:00:00,1882.8425
2021-05-30 10:00:00,1885.1100000000001
2021-05-30 11:00:00,1891.8125
2021-05-30 12:00:00,1886.205
2021-05-30 13:00:00,1819.2549999999999
2021-05-30 14:00:00,1807.1375
2021-05-30 15:00:00,1803.0075
2021-05-30 16:00:00,1794.6875
2021-05-30 17:00:00,1837.4225000000001
2021-05-30 18:00:00,1858.875
2021-05-30 19:00:00,1841.4125
2021-05-30 20:00:00,1836.5775
2021-05-30 21:00:00,1824.7225
2021-05-30 22:00:00,1832.1125
2021-05-30 23:00:00,1838.08
2021-05-31 00:00:00,1836.6
2021-05-31 01:00:00,1828.4025000000001
2021-05-31 02:00:00,1820.79
2021-05-31 03:00:00,1813.0725
2021-05-31 04:00:00,1804.955
2021-05-31 05:00:00,1811.745
2021-05-31 06:00:00,1810.595
2021-05-31 07:00:00,1813.5325
2021-05-31 08:00:00,1831.8925
2021-05-31 09:00:00,1849.38
2021-05-31 10:00:00,1860.5525
2021-05-31 11:00:00,1864.6625
2021-05-31 12:00:00,1861.5875
2021-05-31 13:00:00,1857.4225000000001
2021-05-31 14:00:00,1889.31
2021-05-31 15:00:00,1912.7325
2021-05-31 16:00:00,1915.0575
2021-05-31 17:00:00,1914.52
2021-05-31 18:00:00,1910.8125
2021-05-31 19:00:00,1896.5225
2021-05-31 20:00:00,1896.2075
2021-05-31 21:00:00,1885.77
2021-05-31 22:00:00,1880.8475
2021-05-31 23:00:00,1880.2475
2021-06-01 00:00:00,1888.4850000000001
2021-06-01 01:00:00,1895.7125
2021-06-01 02:00:00,1900.835
2021-06-01 03:00:00,1901.1325
2021-06-01 04:00:00,1888.1125
2021-06-01 05:00:00,1888.4125000000001
2021-06-01 06:00:00,1889.4325
2021-06-01 07:00:00,1886.7525
2021-06-01 08:00:00,1887.79
2021-06-01 09:00:00,1903.465
2021-06-01 10:00:00,1903.8200000000002
2021-06-01 11:00:00,1909.865
2021-06-01 12:00:00,1918.6100000000001
2021-06-01 13:00:00,1927.6025
2021-06-01 14:00:00,1925.3625
2021-06-01 15:00:00,1926.605
2021-06-01 16:00:00,1925.425
2021-06-01 17:00:00,1914.315
2021-06-01 18:00:00,1906.895
2021-06-01 19:00:00,1905.7975000000001
2021-06-01 20:00:00,1900.4875
2021-06-01 21:00:00,1905.91
2021-06-01 22:00:00,1921.835
2021-06-01 23:00:00,1922.2
2021-06-02 00:00:00,1928.415
2021-06-02 01:00:00,1936.9125
2021-06-02 02:00:00,1940.8325
2021-06-02 03:00:00,1946.6399999999999
2021-06-02 04:00:00,1938.2325
2021-06-02 05:00:00,1934.7649999999999
2021-06-02 06:00:00,1934.89
2021-06-02 07:00:00,1930.8325
2021-06-02 08:00:00,1933.32
2021-06-02 09:00:00,1935.7825
2021-06-02 10:00:00,1941.7125
2021-06-02 11:00:00,1951.985
2021-06-02 12:00:00,1956.3899999999999
2021-06-02 13:00:00,1953.72
2021-06-02 14:00:00,1957.875
2021-06-02 15:00:00,1964.5175
2021-06-02 16:00:00,1963.555
2021-06-02 17:00:00,1951.96
2021-06-02 18:00:00,1937.5349999999999
2021-06-02 19:00:00,1937.5900000000001
2021-06-02 20:00:00,1926.28
2021-06-02 21:00:00,1919.6625
2021-06-02 22:00:00,1921.7525
2021-06-02 23:00:00,1926.9175
2021-06-03 00:00:00,1942.1575
2021-06-03 01:00:00,1942.0725
2021-06-03 02:00:00,1947.1275
2021-06-03 03:00:00,1949.5825
2021-06-03 04:00:00,1947.245
2021-06-03 05:00:00,1948.0025
2021-06-03 06:00:00,1950.2
2021-06-03 07:00:00,1953.04
2021-06-03 08:00:00,1947.755
2021-06-03 09:00:00,1952.71
2021-06-03 10:00:00,1979.04
2021-06-03 11:00:00,1985.755
2021-06-03 12:00:00,1998.22
2021-06-03 13:00:00,2004.2649999999999
2021-06-03 14:00:00,1999.135
2021-06-03 15:00:00,1997.2525
2021-06-03 16:00:00,1986.7525
2021-06-03 17:00:00,1980.68
2021-06-03 18:00:00,1977.4650000000001
2021-06-03 19:00:00,1982.1599999999999
2021-06-03 20:00:00,1984.2775
2021-06-03 21:00:00,1983.72
2021-06-03 22:00:00,1980.995
2021-06-03 23:00:00,1989.535
2021-06-04 00:00:00,2002.1100000000001
2021-06-04 01:00:00,2013.0225
2021-06-04 02:00:00,2016.13
2021-06-04 03:00:00,2014.1175
2021-06-04 04:00:00,2022.25
2021-06-04 05:00:00,2023.1999999999998
2021-06-04 06:00:00,1992.3575
2021-06-04 07:00:00,1985.8925
2021-06-04 08:00:00,1997.1475
2021-06-04 09:00:00,2015.9025000000001
2021-06-04 10:00:00,2033.6375
2021-06-04 11:00:00,2069.2
2021-06-04 12:00:00,2077.29
2021-06-04 13:00:00,2067.5925
2021-06-04 14:00:00,2064.6275
2021-06-04 15:00:00,2068.3225
2021-06-04 16:00:00,2066.365
2021-06-04 17:00:00,2060.93
2021-06-04 18:00:00,2056.4875
2021-06-04 19:00:00,2055.685
2021-06-04 20:00:00,2061.39
2021-06-04 21:00:00,2063.2325
2021-06-04 22:00:00,2084.9425
2021-06-04 23:00:00,2108.8125
2021-06-05 00:00:00,2126.585
2021-06-05 01:00:00,2131.4875
2021-06-05 02:00:00,2133.5575
2021-06-05 03:00:00,2154.7075
2021-06-05 04:00:00,2157.725
2021-06-05 05:00:00,2153.135
2021-06-05 06:00:00,2149.6275
2021-06-05 07:00:00,2149.3225
2021-06-05 08:00:00,2151.0575
2021-06-05 09:00:00,2155.415
2021-06-05 10:00:00,2156.8725
2021-06-05 11:00:00,2145.205
2021-06-05 12:00:00,2132.48
2021-06-05 13:00:00,2147.1175000000003
2021-06-05 14:00:00,2153.7475
2021-06-05 15:00:00,2151.495
2021-06-05 16:00:00,2154.4275
2021-06-05 17:00:00,2146.4674999999997
2021-06-05 18:00:00,2134.2425
2021-06-05 19:00:00,2130.2675
2021-06-05 20:00:00,2139.6525
2021-06-05 21:00:00,2159.225
2021-06-05 22:00:00,2155.0225
2021-06-05 23:00:00,2164.9025
2021-06-06 00:00:00,2162.2425
2021-06-06 01:00:00,2158.8125
2021-06-06 02:00:00,2157.1275
2021-06-06 03:00:00,2146.8675000000003
2021-06-06 04:00:00,2139.5325000000003
2021-06-06 05:00:00,2131.5074999999997
2021-06-06 06:00:00,2120.0425
2021-06-06 07:00:00,2106.5275
2021-06-06 08:00:00,2101.4575
2021-06-06 09:00:00,2103.5925
2021-06-06 10:00:00,2102.895
2021-06-06 11:00:00,2098.175
2021-06-06 12:00:00,2097.6549999999997
2021-06-06 13:00:00,2102.585
2021-06-06 14:00:00,2107.1675
2021-06-06 15:00:00,2126.0825
2021-06-06 16:00:00,2123.6475
2021-06-06 17:00:00,2121.7425000000003
2021-06-06 18:00:00,2127.0625
2021-06-06 19:00:00,2122.295
2021-06-06 20:00:00,2124.01
2021-06-06 21:00:00,2129.7650000000003
2021-06-06 22:00:00,2142.41
2021-06-06 23:00:00,2154.8625
2021-06-07 00:00:00,2169.3
2021-06-07 01:00:00,2175.2475
2021-06-07 02:00:00,2182.015
2021-06-07 03:00:00,2175.1825
2021-06-07 04:00:00,2171.965
2021-06-07 05:00:00,2167.8875
2021-06-07 06:00:00,2160.11
2021-06-07 07:00:00,2163.2875
2021-06-07 08:00:00,2170.34
2021-06-07 09:00:00,2162.385
2021-06-07 10:00:00,2147.555
2021-06-07 11:00:00,2192.2875
2021-06-07 12:00:00,2180.5425
2021-06-07 13:00:00,2186.87
2021-06-07 14:00:00,2178.06
2021-06-07 15:00:00,2177.85
2021-06-07 16:00:00,2175.645
2021-06-07 17:00:00,2170.96
2021-06-07 18:00:00,2169.0
2021-06-07 19:00:00,2161.9825
2021-06-07 20:00:00,2158.7475
2021-06-07 21:00:00,2153.385
2021-06-07 22:00:00,2151.3775
2021-06-07 23:00:00,2149.1875
2021-06-08 00:00:00,2140.6025
2021-06-08 01:00:00,2139.3025
2021-06-08 02:00:00,2135.7875
2021-06-08 03:00:00,2130.8
2021-06-08 04:00:00,2131.0724999999998
2021-06-08 05:00:00,2129.3925
2021-06-08 06:00:00,2118.5
2021-06-08 07:00:00,2110.545
2021-06-08 08:00:00,2119.8450000000003
2021-06-08 09:00:00,2109.0225
2021-06-08 10:00:00,2128.2775
2021-06-08 11:00:00,2128.7799999999997
2021-06-08 12:00:00,2122.86
2021-06-08 13:00:00,2133.5125
2021-06-08 14:00:00,2132.3125
2021-06-08 15:00:00,2135.6175
2021-06-08 16:00:00,2132.79
2021-06-08 17:00:00,2124.3624999999997
2021-06-08 18:00:00,2130.1525
2021-06-08 19:00:00,2129.9674999999997
2021-06-08 20:00:00,2124.1949999999997
2021-06-08 21:00:00,2123.1925
2021-06-08 22:00:00,2121.105
2021-06-08 23:00:00,2128.17
2021-06-09 00:00:00,2122.2075
2021-06-09 01:00:00,2112.9325
2021-06-09 02:00:00,2119.67
2021-06-09 03:00:00,2120.1949999999997
2021-06-09 04:00:00,2102.1825
2021-06-09 05:00:00,2089.73
2021-06-09 06:00:00,2088.7799999999997
2021-06-09 07:00:00,2095.415
2021-06-09 08:00:00,2119.2625
2021-06-09 09:00:00,2115.0475
2021-06-09 10:00:00,2122.1575
2021-06-09 11:00:00,2115.2200000000003
2021-06-09 12:00:00,2131.77
2021-06-09 13:00:00,2139.6150000000002
2021-06-09 14:00:00,2136.4075000000003
2021-06-09 15:00:00,2155.45
2021-06-09 16:00:00,2155.9875
2021-06-09 17:00:00,2146.91
2021-06-09 18:00:00,2145.125
2021-06-09 19:00:00,2138.8374999999996
2021-06-09 20:00:00,2133.3075
2021-06-09 21:00:00,2126.685
2021-06-09 22:00:00,2131.235
2021-06-09 23:00:00,2122.965
2021-06-10 00:00:00,2113.7174999999997
2021-06-10 01:00:00,2103.76
2021-06-10 02:00:00,2111.2174999999997
2021-06-10 03:00:00,2114.22
2021-06-10 04:00:00,2098.3175
2021-06-10 05:00:00,2092.875
2021-06-10 06:00:00,2085.5325
2021-06-10 07:00:00,2074.7250000000004
2021-06-10 08:00:00,2080.21
2021-06-10 09:00:00,2075.9700000000003
2021-06-10 10:00:00,2100.755
2021-06-10 11:00:00,2105.515
2021-06-10 12:00:00,2106.585
2021-06-10 13:00:00,2105.615
2021-06-10 14:00:00,2098.12
2021-06-10 15:00:00,2106.3875
2021-06-10 16:00:00,2115.9325
2021-06-10 17:00:00,2110.4075
2021-06-10 18:00:00,2101.7799999999997
2021-06-10 19:00:00,2098.2
2021-06-10 20:00:00,2097.835
2021-06-10 21:00:00,2092.375
2021-06-10 22:00:00,2088.115
2021-06-10 23:00:00,2096.3975
2021-06-11 00:00:00,2097.9325
2021-06-11 01:00:00,2096.015
2021-06-11 02:00:00,2097.635
2021-06-11 03:00:00,2095.425
2021-06-11 04:00:00,2092.425
2021-06-11 05:00:00,2091.175
2021-06-11 06:00:00,2088.7349999999997
2021-06-11 07:00:00,2063.7425
2021-06-11 08:00:00,2113.4075000000003
2021-06-11 09:00:00,2132.885
2021-06-11 10:00:00,2149.5325000000003
2021-06-11 11:00:00,2151.29
2021-06-11 12:00:00,2147.4224999999997
2021-06-11 13:00:00,2149.0275
2021-06-11 14:00:00,2163.735
2021-06-11 15:00:00,2177.8475
2021-06-11 16:00:00,2177.4025
2021-06-11 17:00:00,2177.4675
2021-06-11 18:00:00,2169.8575
2021-06-11 19:00:00,2160.605
2021-06-11 20:00:00,2161.635
2021-06-11 21:00:00,2161.69
2021-06-11 22:00:00,2153.8175
2021-06-11 23:00:00,2161.4225
2021-06-12 00:00:00,2165.295
2021-06-12 01:00:00,2164.6925
2021-06-12 02:00:00,2173.135
2021-06-12 03:00:00,2183.815
2021-06-12 04:00:00,2181.8450000000003
2021-06-12 05:00:00,2183.575
2021-06-12 06:00:00,2185.8675
2021-06-12 07:00:00,2187.865
2021-06-12 08:00:00,2187.1025
2021-06-12 09:00:00,2185.9049999999997
2021-06-12 10:00:00,2198.84
2021-06-12 11:00:00,2199.75
2021-06-12 12:00:00,2195.935
2021-06-12 13:00:00,2126.7225
2021-06-12 14:00:00,1919.165
2021-06-12 15:00:00,1900.0475000000001
2021-06-12 16:00:00,2070.8325
2021-06-12 17:00:00,2166.8375
2021-06-12 18:00:00,2224.0175
2021-06-12 19:00:00,2211.1475
2021-06-12 20:00:00,2209.5075
2021-06-12 21:00:00,2210.0
2021-06-12 22:00:00,2207.1724999999997
2021-06-12 23:00:00,2199.815
2021-06-13 00:00:00,2212.075
2021-06-13 01:00:00,2207.2225
2021-06-13 02:00:00,2198.1075
2021-06-13 03:00:00,2202.01
2021-06-13 04:00:00,2196.1475
2021-06-13 05:00:00,2174.2725
2021-06-13 06:00:00,2136.825
2021-06-13 07:00:00,2206.8325
2021-06-13 08:00:00,2217.7574999999997
2021-06-13 09:00:00,2212.2125
2021-06-13 10:00:00,2200.4825
2021-06-13 11:00:00,2203.3824999999997
2021-06-13 12:00:00,2102.8450000000003
2021-06-13 13:00:00,1859.0775
2021-06-13 14:00:00,1803.885
2021-06-13 15:00:00,1824.73
2021-06-13 16:00:00,2136.65
2021-06-13 17:00:00,2192.535
2021-06-13 18:00:00,2206.665
2021-06-13 19:00:00,2188.34
2021-06-13 20:00:00,2187.415
2021-06-13 21:00:00,2183.975
2021-06-13 22:00:00,2175.5325000000003
2021-06-13 23:00:00,2176.2124999999996
2021-06-14 00:00:00,2187.1125
2021-06-14 01:00:00,2188.73
2021-06-14 02:00:00,2190.0375
2021-06-14 03:00:00,2185.6375
2021-06-14 04:00:00,2142.8275
2021-06-14 05:00:00,2162.0474999999997
2021-06-14 06:00:00,2154.2025
2021-06-14 07:00:00,2144.6575000000003
2021-06-14 08:00:00,2151.245
2021-06-14 09:00:00,2136.6899999999996
2021-06-14 10:00:00,2139.1275
2021-06-14 11:00:00,2137.65
2021-06-14 12:00:00,2148.34
2021-06-14 13:00:00,2148.8424999999997
2021-06-14 14:00:00,2144.61
2021-06-14 15:00:00,2158.035
2021-06-14 16:00:00,2126.495
2021-06-14 17:00:00,2095.7025
2021-06-14 18:00:00,2147.115
2021-06-14 19:00:00,2138.2575
2021-06-14 20:00:00,2134.135
2021-06-14 21:00:00,2129.2025000000003
2021-06-14 22:00:00,2104.8275
2021-06-14 23:00:00,2107.7675
2021-06-15 00:00:00,2120.09
2021-06-15 01:00:00,2129.0150000000003
2021-06-15 02:00:00,2127.18
2021-06-15 03:00:00,2132.6
2021-06-15 04:00:00,2125.8475
2021-06-15 05:00:00,2120.61
2021-06-15 06:00:00,2101.7575
2021-06-15 07:00:00,2102.0025
2021-06-15 08:00:00,2123.5425
2021-06-15 09:00:00,2119.8125
2021-06-15 10:00:00,2128.215
2021-06-15 11:00:00,2126.1124999999997
2021-06-15 12:00:00,2130.7175
2021-06-15 13:00:00,2133.76
2021-06-15 14:00:00,2126.795
2021-06-15 15:00:00,2102.12
2021-06-15 16:00:00,2139.3325
2021-06-15 17:00:00,2122.985
2021-06-15 18:00:00,2132.935
2021-06-15 19:00:00,2120.9825
2021-06-15 20:00:00,2117.6175
2021-06-15 21:00:00,2118.5275
2021-06-15 22:00:00,2115.635
2021-06-15 23:00:00,2114.6825
2021-06-16 00:00:00,2115.9225
2021-06-16 01:00:00,2109.5875
2021-06-16 02:00:00,2117.315
2021-06-16 03:00:00,2116.5025
2021-06-16 04:00:00,2108.085
2021-06-16 05:00:00,2108.4375
2021-06-16 06:00:00,2105.9925000000003
2021-06-16 07:00:00,2100.5125
2021-06-16 08:00:00,2103.4225
2021-06-16 09:00:00,2104.7200000000003
2021-06-16 10:00:00,2110.0
2021-06-16 11:00:00,2133.685
2021-06-16 12:00:00,2136.815
2021-06-16 13:00:00,2142.395
2021-06-16 14:00:00,2130.775
2021-06-16 15:00:00,2126.59
2021-06-16 16:00:00,2120.025
2021-06-16 17:00:00,2084.68
2021-06-16 18:00:00,2085.955
2021-06-16 19:00:00,2074.2725
2021-06-16 20:00:00,2073.05
2021-06-16 21:00:00,2069.13
2021-06-16 22:00:00,2068.0425
2021-06-16 23:00:00,2078.7425
2021-06-17 00:00:00,2086.56
2021-06-17 01:00:00,2082.37
2021-06-17 02:00:00,2084.1425
2021-06-17 03:00:00,2089.37
2021-06-17 04:00:00,2078.4875
2021-06-17 05:00:00,2073.09
2021-06-17 06:00:00,2070.3575
2021-06-17 07:00:00,2070.1324999999997
2021-06-17 08:00:00,2081.4825
2021-06-17 09:00:00,2090.115
2021-06-17 10:00:00,2090.9849999999997
2021-06-17 11:00:00,2085.205
2021-06-17 12:00:00,2082.8599999999997
2021-06-17 13:00:00,2059.5875
2021-06-17 14:00:00,2061.26
2021-06-17 15:00:00,2073.5525
2021-06-17 16:00:00,2065.565
2021-06-17 17:00:00,2053.72
2021-06-17 18:00:00,2052.86
2021-06-17 19:00:00,2058.1775
2021-06-17 20:00:00,2049.7875
2021-06-17 21:00:00,2046.1525
2021-06-17 22:00:00,2040.2075
2021-06-17 23:00:00,2059.0025
2021-06-18 00:00:00,2069.1625
2021-06-18 01:00:00,2045.5125
2021-06-18 02:00:00,2042.4375
2021-06-18 03:00:00,2066.2975
2021-06-18 04:00:00,2053.45
2021-06-18 05:00:00,2048.4325
2021-06-18 06:00:00,2042.545
2021-06-18 07:00:00,2038.8275
2021-06-18 08:00:00,2048.59
2021-06-18 09:00:00,2037.1950000000002
2021-06-18 10:00:00,2016.475
2021-06-18 11:00:00,2034.525
2021-06-18 12:00:00,2022.7350000000001
2021-06-18 13:00:00,1998.0349999999999
2021-06-18 14:00:00,2003.4724999999999
2021-06-18 15:00:00,1987.1275
2021-06-18 16:00:00,1983.19
2021-06-18 17:00:00,1999.58
2021-06-18 18:00:00,1985.3075
2021-06-18 19:00:00,1987.2275
2021-06-18 20:00:00,2003.245
2021-06-18 21:00:00,1978.02
2021-06-18 22:00:00,1989.045
2021-06-18 23:00:00,1994.9450000000002
2021-06-19 00:00:00,2001.065
2021-06-19 01:00:00,2011.8
2021-06-19 02:00:00,2008.205
2021-06-19 03:00:00,1970.2075
2021-06-19 04:00:00,1997.225
2021-06-19 05:00:00,2011.4675
2021-06-19 06:00:00,2003.1425
2021-06-19 07:00:00,1987.6200000000001
2021-06-19 08:00:00,1987.6825
2021-06-19 09:00:00,1981.2675
2021-06-19 10:00:00,1983.435
2021-06-19 11:00:00,1988.1625
2021-06-19 12:00:00,1970.075
2021-06-19 13:00:00,1975.7375
2021-06-19 14:00:00,1979.1375
2021-06-19 15:00:00,1978.69
2021-06-19 16:00:00,1978.51
2021-06-19 17:00:00,1963.9925
2021-06-19 18:00:00,1970.68
2021-06-19 19:00:00,1959.3425
2021-06-19 20:00:00,1966.47
2021-06-19 21:00:00,1970.0075
2021-06-19 22:00:00,1969.0275000000001
2021-06-19 23:00:00,1977.3475
2021-06-20 00:00:00,1989.3275
2021-06-20 01:00:00,1989.4850000000001
2021-06-20 02:00:00,1989.2675
2021-06-20 03:00:00,1994.7275
2021-06-20 04:00:00,1979.38
2021-06-20 05:00:00,1963.3825
2021-06-20 06:00:00,1995.495
2021-06-20 07:00:00,1995.47
2021-06-20 08:00:00,1989.08
2021-06-20 09:00:00,1993.89
2021-06-20 10:00:00,2009.87
2021-06-20 11:00:00,2001.7975
2021-06-20 12:00:00,2006.835
2021-06-20 13:00:00,2009.2725
2021-06-20 14:00:00,2026.7625
2021-06-20 15:00:00,2036.2075
2021-06-20 16:00:00,2038.675
2021-06-20 17:00:00,2021.4724999999999
2021-06-20 18:00:00,2026.95
2021-06-20 19:00:00,2031.605
2021-06-20 20:00:00,2042.065
2021-06-20 21:00:00,2054.8575
2021-06-20 22:00:00,2059.4300000000003
2021-06-20 23:00:00,2057.3900000000003
2021-06-21 00:00:00,2070.555
2021-06-21 01:00:00,2074.8425
2021-06-21 02:00:00,2077.5975
2021-06-21 03:00:00,2078.5575
2021-06-21 04:00:00,2074.4925000000003
2021-06-21 05:00:00,2063.5475
2021-06-21 06:00:00,2052.885
2021-06-21 07:00:00,2043.1075
2021-06-21 08:00:00,2046.545
2021-06-21 09:00:00,2047.53
2021-06-21 10:00:00,2053.8125
2021-06-21 11:00:00,2054.5275
2021-06-21 12:00:00,2026.6575
2021-06-21 13:00:00,2042.8075
2021-06-21 14:00:00,2038.6475
2021-06-21 15:00:00,2051.8325
2021-06-21 16:00:00,2048.315
2021-06-21 17:00:00,2046.36
2021-06-21 18:00:00,2048.5475
2021-06-21 19:00:00,2041.05
2021-06-21 20:00:00,2036.1525
2021-06-21 21:00:00,2036.8575
2021-06-21 22:00:00,2043.1299999999999
2021-06-21 23:00:00,2047.0149999999999
2021-06-22 00:00:00,2047.7175
2021-06-22 01:00:00,2051.665
2021-06-22 02:00:00,2043.33
2021-06-22 03:00:00,2028.0725
2021-06-22 04:00:00,2005.4275
2021-06-22 05:00:00,2004.2275
2021-06-22 06:00:00,2008.225
2021-06-22 07:00:00,2017.045
2021-06-22 08:00:00,2050.36
2021-06-22 09:00:00,2034.355
2021-06-22 10:00:00,2061.8875
2021-06-22 11:00:00,2036.165
2021-06-22 12:00:00,2049.545
2021-06-22 13:00:00,2047.4675
2021-06-22 14:00:00,2048.2225
2021-06-22 15:00:00,2058.7375
2021-06-22 16:00:00,2060.6225
2021-06-22 17:00:00,2058.3225
2021-06-22 18:00:00,2017.77
2021-06-22 19:00:00,1998.06
2021-06-22 20:00:00,1990.3600000000001
2021-06-22 21:00:00,1987.4325
2021-06-22 22:00:00,2000.8
2021-06-22 23:00:00,1986.7775
2021-06-23 00:00:00,1996.31
2021-06-23 01:00:00,2021.29
2021-06-23 02:00:00,2007.2625
2021-06-23 03:00:00,2017.92
2021-06-23 04:00:00,2008.715
2021-06-23 05:00:00,2006.96
2021-06-23 06:00:00,2009.7275
2021-06-23 07:00:00,2000.5125
2021-06-23 08:00:00,2032.1075
2021-06-23 09:00:00,2026.005
2021-06-23 10:00:00,2009.1525000000001
2021-06-23 11:00:00,2004.2975000000001
2021-06-23 12:00:00,2035.7675
2021-06-23 13:00:00,2045.915
2021-06-23 14:00:00,2037.9775
2021-06-23 15:00:00,2054.8
2021-06-23 16:00:00,2081.3925
2021-06-23 17:00:00,2076.8175
2021-06-23 18:00:00,2090.7425000000003
2021-06-23 19:00:00,2072.36
2021-06-23 20:00:00,2025.8825
2021-06-23 21:00:00,2008.7825
2021-06-23 22:00:00,2036.755
2021-06-23 23:00:00,2070.5950000000003
2021-06-24 00:00:00,2085.1275
2021-06-24 01:00:00,2074.2650000000003
2021-06-24 02:00:00,2074.1949999999997
2021-06-24 03:00:00,2073.575
2021-06-24 04:00:00,2071.1975
2021-06-24 05:00:00,2068.6975
2021-06-24 06:00:00,2074.205
2021-06-24 07:00:00,2081.16
2021-06-24 08:00:00,2096.06
2021-06-24 09:00:00,2091.1525
2021-06-24 10:00:00,2111.8275
2021-06-24 11:00:00,2138.295
2021-06-24 12:00:00,2139.4750000000004
2021-06-24 13:00:00,2142.1275
2021-06-24 14:00:00,2129.7925
2021-06-24 15:00:00,2137.855
2021-06-24 16:00:00,2126.1275
2021-06-24 17:00:00,2114.93
2021-06-24 18:00:00,2119.1125
2021-06-24 19:00:00,2104.1225
2021-06-24 20:00:00,2102.3575
2021-06-24 21:00:00,2099.1925
2021-06-24 22:00:00,2094.41
2021-06-24 23:00:00,2090.7325
2021-06-25 00:00:00,2093.8475
2021-06-25 01:00:00,2091.555
2021-06-25 02:00:00,2096.965
2021-06-25 03:00:00,2102.56
2021-06-25 04:00:00,2100.6525
2021-06-25 05:00:00,2099.345
2021-06-25 06:00:00,2101.1775
2021-06-25 07:00:00,2117.7349999999997
2021-06-25 08:00:00,2116.6525
2021-06-25 09:00:00,2134.955
2021-06-25 10:00:00,2153.9025
2021-06-25 11:00:00,2165.92
2021-06-25 12:00:00,2175.77
2021-06-25 13:00:00,2164.84
2021-06-25 14:00:00,2158.395
2021-06-25 15:00:00,2159.7575
2021-06-25 16:00:00,2162.2075
2021-06-25 17:00:00,2156.9449999999997
2021-06-25 18:00:00,2148.7925
2021-06-25 19:00:00,2140.115
2021-06-25 20:00:00,2134.8125
2021-06-25 21:00:00,2129.295
2021-06-25 22:00:00,2140.885
2021-06-25 23:00:00,2146.395
2021-06-26 00:00:00,2149.3175
2021-06-26 01:00:00,2143.225
2021-06-26 02:00:00,2138.9125
2021-06-26 03:00:00,2134.525
2021-06-26 04:00:00,2126.6549999999997
2021-06-26 05:00:00,2130.595
2021-06-26 06:00:00,2127.0475
2021-06-26 07:00:00,2129.91
2021-06-26 08:00:00,2133.9125
2021-06-26 09:00:00,2152.54
2021-06-26 10:00:00,2170.245
2021-06-26 11:00:00,2171.8650000000002
2021-06-26 12:00:00,2164.13
2021-06-26 13:00:00,2157.225
2021-06-26 14:00:00,2149.6324999999997
2021-06-26 15:00:00,2147.2075
2021-06-26 16:00:00,2136.625
2021-06-26 17:00:00,2124.3050000000003
2021-06-26 18:00:00,2129.6075
2021-06-26 19:00:00,2133.6949999999997
2021-06-26 20:00:00,2125.4225
2021-06-26 21:00:00,2111.3675
2021-06-26 22:00:00,2099.98
2021-06-26 23:00:00,2098.3725
2021-06-27 00:00:00,2104.9275
2021-06-27 01:00:00,2116.04
2021-06-27 02:00:00,2121.6475
2021-06-27 03:00:00,2128.9975
2021-06-27 04:00:00,2124.7875
2021-06-27 05:00:00,2124.205
2021-06-27 06:00:00,2126.12
2021-06-27 07:00:00,2123.0025
2021-06-27 08:00:00,2127.8525
2021-06-27 09:00:00,2135.0175
2021-06-27 10:00:00,2130.8325
2021-06-27 11:00:00,2152.425
2021-06-27 12:00:00,2163.2125
2021-06-27 13:00:00,2178.615
2021-06-27 14:00:00,2174.67
2021-06-27 15:00:00,2167.7825
2021-06-27 16:00:00,2152.2225
2021-06-27 17:00:00,2147.9825
2021-06-27 18:00:00,2142.6075
2021-06-27 19:00:00,2130.9425
2021-06-27 20:00:00,2128.6125
2021-06-27 21:00:00,2115.1675
2021-06-27 22:00:00,2102.21
2021-06-27 23:00:00,2096.5
2021-06-28 00:00:00,2101.975
2021-06-28 01:00:00,2107.1275
2021-06-28 02:00:00,2112.745
2021-06-28 03:00:00,2116.2675
2021-06-28 04:00:00,2122.0525
2021-06-28 05:00:00,2128.255
2021-06-28 06:00:00,2124.4975
2021-06-28 07:00:00,2127.54
2021-06-28 08:00:00,2127.4275
2021-06-28 09:00:00,2114.3775
2021-06-28 10:00:00,2122.505
2021-06-28 11:00:00,2141.9775
2021-06-28 12:00:00,2150.8025
2021-06-28 13:00:00,2153.895
2021-06-28 14:00:00,2157.435
2021-06-28 15:00:00,2161.9875
2021-06-28 16:00:00,2148.3625
2021-06-28 17:00:00,2126.0649999999996
2021-06-28 18:00:00,2140.3225
2021-06-28 19:00:00,2128.5525
2021-06-28 20:00:00,2126.0950000000003
2021-06-28 21:00:00,2130.8775
2021-06-28 22:00:00,2137.0275
2021-06-28 23:00:00,2142.36
2021-06-29 00:00:00,2144.8475
2021-06-29 01:00:00,2147.495
2021-06-29 02:00:00,2143.1125
2021-06-29 03:00:00,2138.905
2021-06-29 04:00:00,2134.6325
2021-06-29 05:00:00,2139.9875
2021-06-29 06:00:00,2140.2275
2021-06-29 07:00:00,2138.485
2021-06-29 08:00:00,2148.225
2021-06-29 09:00:00,2156.6125
2021-06-29 10:00:00,2156.89
2021-06-29 11:00:00,2160.19
2021-06-29 12:00:00,2148.745
2021-06-29 13:00:00,2149.76
2021-06-29 14:00:00,2137.3425
2021-06-29 15:00:00,2129.6975
2021-06-29 16:00:00,2143.725
2021-06-29 17:00:00,2150.1225
2021-06-29 18:00:00,2153.105
2021-06-29 19:00:00,2160.935
2021-06-29 20:00:00,2152.4875
2021-06-29 21:00:00,2139.58
2021-06-29 22:00:00,2134.0875
2021-06-29 23:00:00,2133.07
2021-06-30 00:00:00,2136.0225
2021-06-30 01:00:00,2141.7825000000003
2021-06-30 02:00:00,2138.8375
2021-06-30 03:00:00,2131.7125
2021-06-30 04:00:00,2136.6725
2021-06-30 05:00:00,2134.51
2021-06-30 06:00:00,2140.7675
2021-06-30 07:00:00,2139.0
2021-06-30 08:00:00,2155.6825
2021-06-30 09:00:00,2168.29
2021-06-30 10:00:00,2179.5175
2021-06-30 11:00:00,2188.19
2021-06-30 12:00:00,2179.8
2021-06-30 13:00:00,2174.1475
2021-06-30 14:00:00,2181.7799999999997
2021-06-30 15:00:00,2199.8475
2021-06-30 16:00:00,2204.3125
2021-06-30 17:00:00,2190.8925
2021-06-30 18:00:00,2192.1
2021-06-30 19:00:00,2182.3175
2021-06-30 20:00:00,2178.27
2021-06-30 21:00:00,2179.9525
2021-06-30 22:00:00,2177.4449999999997
2021-06-30 23:00:00,2175.545
2021-07-01 00:00:00,2175.035
2021-07-01 01:00:00,2172.21
2021-07-01 02:00:00,2167.455
2021-07-01 03:00:00,2171.8025
2021-07-01 04:00:00,2168.325
2021-07-01 05:00:00,2167.1724999999997
2021-07-01 06:00:00,2170.0375
2021-07-01 07:00:00,2178.825
2021-07-01 08:00:00,2183.315
2021-07-01 09:00:00,2186.6925
2021-07-01 10:00:00,2188.1325
2021-07-01 11:00:00,2196.83
2021-07-01 12:00:00,2196.0625
2021-07-01 13:00:00,2192.9625
2021-07-01 14:00:00,2184.5924999999997
2021-07-01 15:00:00,2182.7675
2021-07-01 16:00:00,2184.7125
2021-07-01 17:00:00,2187.245
2021-07-01 18:00:00,2189.2625
2021-07-01 19:00:00,2186.8925
2021-07-01 20:00:00,2182.4
2021-07-01 21:00:00,2180.8199999999997
2021-07-01 22:00:00,2172.5
2021-07-01 23:00:00,2169.5675
2021-07-02 00:00:00,2170.36
2021-07-02 01:00:00,2171.025
2021-07-02 02:00:00,2172.19
2021-07-02 03:00:00,2172.435
2021-07-02 04:00:00,2162.2
2021-07-02 05:00:00,2157.2975
2021-07-02 06:00:00,2148.2225
2021-07-02 07:00:00,2129.47
2021-07-02 08:00:00,2124.3925
2021-07-02 09:00:00,2131.43
2021-07-02 10:00:00,2134.3199999999997
2021-07-02 11:00:00,2136.3325
2021-07-02 12:00:00,2137.0924999999997
2021-07-02 13:00:00,2139.5425
2021-07-02 14:00:00,2128.005
2021-07-02 15:00:00,2119.4025
2021-07-02 16:00:00,2115.2025
2021-07-02 17:00:00,2111.925
2021-07-02 18:00:00,2100.6
2021-07-02 19:00:00,2089.0924999999997
2021-07-02 20:00:00,2082.6
2021-07-02 21:00:00,2091.01
2021-07-02 22:00:00,2085.44
2021-07-02 23:00:00,2099.21
2021-07-03 00:00:00,2113.0675
2021-07-03 01:00:00,2106.1225
2021-07-03 02:00:00,2099.6725
2021-07-03 03:00:00,2102.1225
2021-07-03 04:00:00,2091.135
2021-07-03 05:00:00,2081.2725
2021-07-03 06:00:00,2071.6075
2021-07-03 07:00:00,2062.4325
2021-07-03 08:00:00,2064.2475
2021-07-03 09:00:00,2059.4425
2021-07-03 10:00:00,2059.5099999999998
2021-07-03 11:00:00,2063.795
2021-07-03 12:00:00,2066.715
2021-07-03 13:00:00,2070.7525
2021-07-03 14:00:00,2066.0475
2021-07-03 15:00:00,2059.0924999999997
2021-07-03 16:00:00,2047.3375
2021-07-03 17:00:00,2038.925
2021-07-03 18:00:00,2035.3725
2021-07-03 19:00:00,2017.6725000000001
2021-07-03 20:00:00,2009.895
2021-07-03 21:00:00,2001.8375
2021-07-03 22:00:00,1992.5125
2021-07-03 23:00:00,1997.5225
2021-07-04 00:00:00,1992.785
2021-07-04 01:00:00,1999.2775
2021-07-04 02:00:00,2006.5475000000001
2021-07-04 03:00:00,2011.7575
2021-07-04 04:00:00,1998.7525
2021-07-04 05:00:00,1998.3375
2021-07-04 06:00:00,1983.53
2021-07-04 07:00:00,1989.615
2021-07-04 08:00:00,1988.5825
2021-07-04 09:00:00,1991.3575
2021-07-04 10:00:00,1991.665
2021-07-04 11:00:00,1994.415
2021-07-04 12:00:00,2010.4875
2021-07-04 13:00:00,2017.1174999999998
2021-07-04 14:00:00,2017.9925
2021-07-04 15:00:00,2019.975
2021-07-04 16:00:00,2020.41
2021-07-04 17:00:00,2014.6525
2021-07-04 18:00:00,2010.6625
2021-07-04 19:00:00,2002.265
2021-07-04 20:00:00,2020.3625
2021-07-04 21:00:00,2014.5025
2021-07-04 22:00:00,2013.73
2021-07-04 23:00:00,2022.145
2021-07-05 00:00:00,2025.2175
2021-07-05 01:00:00,2017.3675
2021-07-05 02:00:00,2023.64
2021-07-05 03:00:00,2041.1625000000001
2021-07-05 04:00:00,2033.335
2021-07-05 05:00:00,2042.4524999999999
2021-07-05 06:00:00,2053.105
2021-07-05 07:00:00,2059.1575
2021-07-05 08:00:00,2061.625
2021-07-05 09:00:00,2074.5475
2021-07-05 10:00:00,2077.09
2021-07-05 11:00:00,2100.1525
2021-07-05 12:00:00,2120.4025
2021-07-05 13:00:00,2153.83
2021-07-05 14:00:00,2168.5975
2021-07-05 15:00:00,2189.1400000000003
2021-07-05 16:00:00,2202.1525
2021-07-05 17:00:00,2185.2075
2021-07-05 18:00:00,2167.27
2021-07-05 19:00:00,2143.3
2021-07-05 20:00:00,2134.7525
2021-07-05 21:00:00,2134.1275
2021-07-05 22:00:00,2133.0775000000003
2021-07-05 23:00:00,2138.1125
2021-07-06 00:00:00,2140.015
2021-07-06 01:00:00,2146.205
2021-07-06 02:00:00,2107.3475
2021-07-06 03:00:00,2098.6475
2021-07-06 04:00:00,2097.27
2021-07-06 05:00:00,2088.1825
2021-07-06 06:00:00,2075.9275
2021-07-06 07:00:00,2066.0275
2021-07-06 08:00:00,2057.3925
2021-07-06 09:00:00,2051.19
2021-07-06 10:00:00,2039.49
2021-07-06 11:00:00,2056.2925
2021-07-06 12:00:00,2044.8625000000002
2021-07-06 13:00:00,2044.2675
2021-07-06 14:00:00,2035.0349999999999
2021-07-06 15:00:00,2046.9475
2021-07-06 16:00:00,2062.58
2021-07-06 17:00:00,2068.7124999999996
2021-07-06 18:00:00,2062.9075000000003
2021-07-06 19:00:00,2054.0025
2021-07-06 20:00:00,2036.255
2021-07-06 21:00:00,2007.5675
2021-07-06 22:00:00,1996.23
2021-07-06 23:00:00,1999.7675
2021-07-07 00:00:00,2005.72
2021-07-07 01:00:00,2006.6975
2021-07-07 02:00:00,2012.4375
2021-07-07 03:00:00,2018.035
2021-07-07 04:00:00,2019.8825
2021-07-07 05:00:00,2020.5175
2021-07-07 06:00:00,2013.0025
2021-07-07 07:00:00,2006.5
2021-07-07 08:00:00,1995.3925
2021-07-07 09:00:00,1997.8775
2021-07-07 10:00:00,2015.29
2021-07-07 11:00:00,2023.575
2021-07-07 12:00:00,2043.5325
2021-07-07 13:00:00,2050.58
2021-07-07 14:00:00,2046.5275
2021-07-07 15:00:00,2037.1925
2021-07-07 16:00:00,2036.9125
2021-07-07 17:00:00,2044.31
2021-07-07 18:00:00,2060.415
2021-07-07 19:00:00,2041.4325
2021-07-07 20:00:00,2038.6775
2021-07-07 21:00:00,2044.4175
2021-07-07 22:00:00,2056.56
2021-07-07 23:00:00,2059.7574999999997
2021-07-08 00:00:00,2063.1724999999997
2021-07-08 01:00:00,2074.9675
2021-07-08 02:00:00,2071.915
2021-07-08 03:00:00,2056.4425
2021-07-08 04:00:00,2049.085
2021-07-08 05:00:00,2051.705
2021-07-08 06:00:00,2046.1924999999999
2021-07-08 07:00:00,2040.2675
2021-07-08 08:00:00,2043.78
2021-07-08 09:00:00,2051.3199999999997
2021-07-08 10:00:00,2050.0
2021-07-08 11:00:00,2076.04
2021-07-08 12:00:00,2102.34
2021-07-08 13:00:00,2113.335
2021-07-08 14:00:00,2115.8675
2021-07-08 15:00:00,2132.2974999999997
2021-07-08 16:00:00,2130.76
2021-07-08 17:00:00,2129.745
2021-07-08 18:00:00,2131.2675
2021-07-08 19:00:00,2124.7349999999997
2021-07-08 20:00:00,2124.23
2021-07-08 21:00:00,2120.755
2021-07-08 22:00:00,2114.6375
2021-07-08 23:00:00,2123.94
2021-07-09 00:00:00,2126.31
2021-07-09 01:00:00,2109.6324999999997
2021-07-09 02:00:00,2090.6625000000004
2021-07-09 03:00:00,2064.36
2021-07-09 04:00:00,2031.1775
2021-07-09 05:00:00,2003.78
2021-07-09 06:00:00,1945.8375
2021-07-09 07:00:00,1939.22
2021-07-09 08:00:00,1926.4225
2021-07-09 09:00:00,1905.75
2021-07-09 10:00:00,1899.0275000000001
2021-07-09 11:00:00,1869.62
2021-07-09 12:00:00,1883.0125
2021-07-09 13:00:00,1887.0225
2021-07-09 14:00:00,1880.705
2021-07-09 15:00:00,1892.025
2021-07-09 16:00:00,1903.1675
2021-07-09 17:00:00,1922.8274999999999
2021-07-09 18:00:00,1917.1
2021-07-09 19:00:00,1874.725
2021-07-09 20:00:00,1915.6875
2021-07-09 21:00:00,1941.48
2021-07-09 22:00:00,1951.295
2021-07-09 23:00:00,1974.0625
2021-07-10 00:00:00,1988.595
2021-07-10 01:00:00,2006.185
2021-07-10 02:00:00,2018.685
2021-07-10 03:00:00,2023.3275
2021-07-10 04:00:00,2036.81
2021-07-10 05:00:00,2040.0625
2021-07-10 06:00:00,2044.005
2021-07-10 07:00:00,2053.3575
2021-07-10 08:00:00,2055.6575000000003
2021-07-10 09:00:00,2055.44
2021-07-10 10:00:00,2055.9175
2021-07-10 11:00:00,2048.4025
2021-07-10 12:00:00,2038.0900000000001
2021-07-10 13:00:00,2035.1575
2021-07-10 14:00:00,2024.9975
2021-07-10 15:00:00,2014.2825
2021-07-10 16:00:00,2006.19
2021-07-10 17:00:00,1996.4975
2021-07-10 18:00:00,1983.825
2021-07-10 19:00:00,1968.0549999999998
2021-07-10 20:00:00,1955.555
2021-07-10 21:00:00,1946.37
2021-07-10 22:00:00,1941.25
2021-07-10 23:00:00,1956.0375
2021-07-11 00:00:00,1962.37
2021-07-11 01:00:00,1961.105
2021-07-11 02:00:00,1966.09
2021-07-11 03:00:00,1970.845
2021-07-11 04:00:00,1954.74
2021-07-11 05:00:00,1952.9524999999999
2021-07-11 06:00:00,1954.6799999999998
2021-07-11 07:00:00,1948.0125
2021-07-11 08:00:00,1951.465
2021-07-11 09:00:00,1957.175
2021-07-11 10:00:00,1972.7
2021-07-11 11:00:00,1986.66
2021-07-11 12:00:00,1983.0774999999999
2021-07-11 13:00:00,1997.19
2021-07-11 14:00:00,2001.8875
2021-07-11 15:00:00,2000.9625
2021-07-11 16:00:00,2005.46
2021-07-11 17:00:00,2004.8474999999999
2021-07-11 18:00:00,2005.6175
2021-07-11 19:00:00,1996.2475
2021-07-11 20:00:00,1995.2125
2021-07-11 21:00:00,1992.0775
2021-07-11 22:00:00,1987.09
2021-07-11 23:00:00,1977.845
2021-07-12 00:00:00,1976.9775
2021-07-12 01:00:00,1977.625
2021-07-12 02:00:00,1983.11
2021-07-12 03:00:00,1991.6225
2021-07-12 04:00:00,1995.255
2021-07-12 05:00:00,1991.745
2021-07-12 06:00:00,1993.9225
2021-07-12 07:00:00,1995.1325
2021-07-12 08:00:00,1995.615
2021-07-12 09:00:00,1994.0075
2021-07-12 10:00:00,1994.955
2021-07-12 11:00:00,2002.7024999999999
2021-07-12 12:00:00,2011.3975
2021-07-12 13:00:00,2018.8274999999999
2021-07-12 14:00:00,2024.2849999999999
2021-07-12 15:00:00,2045.4825
2021-07-12 16:00:00,2061.3875
2021-07-12 17:00:00,2056.5325000000003
2021-07-12 18:00:00,2049.9825
2021-07-12 19:00:00,2031.96
2021-07-12 20:00:00,2027.2125
2021-07-12 21:00:00,2027.48
2021-07-12 22:00:00,2028.195
2021-07-12 23:00:00,2036.6825
2021-07-13 00:00:00,2040.8
2021-07-13 01:00:00,2040.4325
2021-07-13 02:00:00,2047.295
2021-07-13 03:00:00,2059.265
2021-07-13 04:00:00,2054.4625
2021-07-13 05:00:00,2057.375
2021-07-13 06:00:00,2060.0275
2021-07-13 07:00:00,2062.2425000000003
2021-07-13 08:00:00,2046.3274999999999
2021-07-13 09:00:00,2033.975
2021-07-13 10:00:00,2024.27
2021-07-13 11:00:00,2033.5825
2021-07-13 12:00:00,2037.4
2021-07-13 13:00:00,2042.135
2021-07-13 14:00:00,2040.6100000000001
2021-07-13 15:00:00,2046.0774999999999
2021-07-13 16:00:00,2043.575
2021-07-13 17:00:00,2036.8725
2021-07-13 18:00:00,2032.285
2021-07-13 19:00:00,2017.9825
2021-07-13 20:00:00,2009.7849999999999
2021-07-13 21:00:00,2017.09
2021-07-13 22:00:00,2014.5749999999998
2021-07-13 23:00:00,2019.405
2021-07-14 00:00:00,2026.575
2021-07-14 01:00:00,2014.69
2021-07-14 02:00:00,1994.635
2021-07-14 03:00:00,1996.0475000000001
2021-07-14 04:00:00,1985.3425
2021-07-14 05:00:00,1976.2675
2021-07-14 06:00:00,1964.6175
2021-07-14 07:00:00,1962.81
2021-07-14 08:00:00,1974.195
2021-07-14 09:00:00,1972.4225000000001
2021-07-14 10:00:00,1976.3325
2021-07-14 11:00:00,1982.9125
2021-07-14 12:00:00,1984.5925
2021-07-14 13:00:00,1990.7175
2021-07-14 14:00:00,2000.1475
2021-07-14 15:00:00,1993.83
2021-07-14 16:00:00,1995.42
2021-07-14 17:00:00,1944.8075
2021-07-14 18:00:00,2007.08
2021-07-14 19:00:00,2012.1875
2021-07-14 20:00:00,2011.345
2021-07-14 21:00:00,2013.0725
2021-07-14 22:00:00,2002.58
2021-07-14 23:00:00,1989.565
2021-07-15 00:00:00,1983.9275
2021-07-15 01:00:00,1985.27
2021-07-15 02:00:00,1983.835
2021-07-15 03:00:00,1974.955
2021-07-15 04:00:00,1975.37
2021-07-15 05:00:00,1982.0774999999999
2021-07-15 06:00:00,1989.9475
2021-07-15 07:00:00,1989.4875
2021-07-15 08:00:00,1994.4675
2021-07-15 09:00:00,2003.4075
2021-07-15 10:00:00,2013.4125
2021-07-15 11:00:00,2021.305
2021-07-15 12:00:00,2024.28
2021-07-15 13:00:00,2035.3675
2021-07-15 14:00:00,2038.54
2021-07-15 15:00:00,2031.0275000000001
2021-07-15 16:00:00,2022.635
2021-07-15 17:00:00,2034.8075
2021-07-15 18:00:00,2034.435
2021-07-15 19:00:00,2033.665
2021-07-15 20:00:00,2031.03
2021-07-15 21:00:00,2045.48
2021-07-15 22:00:00,2056.13
2021-07-15 23:00:00,2062.6325
2021-07-16 00:00:00,2067.11
2021-07-16 01:00:00,2064.705
2021-07-16 02:00:00,2058.5125
2021-07-16 03:00:00,2052.655
2021-07-16 04:00:00,2056.5125
2021-07-16 05:00:00,2052.11
2021-07-16 06:00:00,2045.4950000000001
2021-07-16 07:00:00,2029.4575
2021-07-16 08:00:00,2021.805
2021-07-16 09:00:00,2045.585
2021-07-16 10:00:00,2041.81
2021-07-16 11:00:00,2047.5425
2021-07-16 12:00:00,2057.2574999999997
2021-07-16 13:00:00,2059.745
2021-07-16 14:00:00,2043.4275
2021-07-16 15:00:00,2030.5825
2021-07-16 16:00:00,2012.3525
2021-07-16 17:00:00,2007.7024999999999
2021-07-16 18:00:00,2000.55
2021-07-16 19:00:00,1967.87
2021-07-16 20:00:00,1979.5700000000002
2021-07-16 21:00:00,1978.2925
2021-07-16 22:00:00,1987.3375
2021-07-16 23:00:00,1994.585
2021-07-17 00:00:00,2010.935
2021-07-17 01:00:00,2008.18
2021-07-17 02:00:00,1994.2675
2021-07-17 03:00:00,1987.0925
2021-07-17 04:00:00,1976.52
2021-07-17 05:00:00,1972.4875
2021-07-17 06:00:00,1969.9524999999999
2021-07-17 07:00:00,1955.9225000000001
2021-07-17 08:00:00,1950.34
2021-07-17 09:00:00,1951.2275
2021-07-17 10:00:00,1946.9225000000001
2021-07-17 11:00:00,1943.355
2021-07-17 12:00:00,1976.5725
2021-07-17 13:00:00,2019.3225
2021-07-17 14:00:00,2023.06
2021-07-17 15:00:00,2022.4425
2021-07-17 16:00:00,2027.1075
2021-07-17 17:00:00,2024.2475
2021-07-17 18:00:00,2008.8975
2021-07-17 19:00:00,1981.9625
2021-07-17 20:00:00,1968.0225
2021-07-17 21:00:00,1929.8425
2021-07-17 22:00:00,1863.7975
2021-07-17 23:00:00,1784.205
2021-07-18 00:00:00,1649.5225
2021-07-18 01:00:00,1649.2525
2021-07-18 02:00:00,1596.8925
2021-07-18 03:00:00,1541.23
2021-07-18 04:00:00,1503.8675
2021-07-18 05:00:00,1472.13
2021-07-18 06:00:00,1443.6075
2021-07-18 07:00:00,1415.21
2021-07-18 08:00:00,1402.3075
2021-07-18 09:00:00,1377.4025
2021-07-18 10:00:00,1350.0875
2021-07-18 11:00:00,1331.2925
2021-07-18 12:00:00,1296.09
2021-07-18 13:00:00,1249.9075
2021-07-18 14:00:00,1221.58
2021-07-18 15:00:00,1205.3600000000001
2021-07-18 16:00:00,1189.8975
2021-07-18 17:00:00,1224.6975
2021-07-18 18:00:00,1238.835
2021-07-18 19:00:00,1243.615
2021-07-18 20:00:00,1233.835
2021-07-18 21:00:00,1223.5475000000001
2021-07-18 22:00:00,1224.41
2021-07-18 23:00:00,1245.0325
2021-07-19 00:00:00,1250.5325
2021-07-19 01:00:00,1268.2024999999999
2021-07-19 02:00:00,1305.5625
2021-07-19 03:00:00,1342.4375
2021-07-19 04:00:00,1346.8075
2021-07-19 05:00:00,1359.16
2021-07-19 06:00:00,1366.335
2021-07-19 07:00:00,1382.8725
2021-07-19 08:00:00,1406.6225
2021-07-19 09:00:00,1423.3575
2021-07-19 10:00:00,1434.4675
2021-07-19 11:00:00,1447.9
2021-07-19 12:00:00,1473.7075
2021-07-19 13:00:00,1495.3875
2021-07-19 14:00:00,1529.0225
2021-07-19 15:00:00,1548.1
2021-07-19 16:00:00,1570.4975
2021-07-19 17:00:00,1564.365
2021-07-19 18:00:00,1556.5975
2021-07-19 19:00:00,1513.7125
2021-07-19 20:00:00,1521.3225
2021-07-19 21:00:00,1533.7975000000001
2021-07-19 22:00:00,1552.655
2021-07-19 23:00:00,1565.5925
2021-07-20 00:00:00,1587.875
2021-07-20 01:00:00,1584.665
2021-07-20 02:00:00,1567.76
2021-07-20 03:00:00,1562.925
2021-07-20 04:00:00,1553.0075
2021-07-20 05:00:00,1570.3675
2021-07-20 06:00:00,1589.425
2021-07-20 07:00:00,1610.0925
2021-07-20 08:00:00,1629.59
2021-07-20 09:00:00,1630.275
2021-07-20 10:00:00,1706.22
2021-07-20 11:00:00,1704.8325
2021-07-20 12:00:00,1710.5325
2021-07-20 13:00:00,1719.6175
2021-07-20 14:00:00,1726.3075
2021-07-20 15:00:00,1760.46
2021-07-20 16:00:00,1780.1125
2021-07-20 17:00:00,1784.435
2021-07-20 18:00:00,1781.9575
2021-07-20 19:00:00,1784.8825
2021-07-20 20:00:00,1783.0475000000001
2021-07-20 21:00:00,1795.93
2021-07-20 22:00:00,1798.0325
2021-07-20 23:00:00,1824.905
2021-07-21 00:00:00,1849.0049999999999
2021-07-21 01:00:00,1860.625
2021-07-21 02:00:00,1862.63
2021-07-21 03:00:00,1864.03
2021-07-21 04:00:00,1879.6575
2021-07-21 05:00:00,1883.5700000000002
2021-07-21 06:00:00,1881.715
2021-07-21 07:00:00,1892.97
2021-07-21 08:00:00,1907.9025
2021-07-21 09:00:00,1926.0025
2021-07-21 10:00:00,1934.9575
2021-07-21 11:00:00,1956.48
2021-07-21 12:00:00,1962.825
2021-07-21 13:00:00,1976.075
2021-07-21 14:00:00,1991.7325
2021-07-21 15:00:00,1997.15
2021-07-21 16:00:00,2024.2175
2021-07-21 17:00:00,2034.945
2021-07-21 18:00:00,2039.245
2021-07-21 19:00:00,2044.1775
2021-07-21 20:00:00,2027.67
2021-07-21 21:00:00,2022.69
2021-07-21 22:00:00,2023.1775
2021-07-21 23:00:00,2032.7849999999999
2021-07-22 00:00:00,2046.205
2021-07-22 01:00:00,2042.3525
2021-07-22 02:00:00,2034.435
2021-07-22 03:00:00,2047.4699999999998
2021-07-22 04:00:00,2048.7775
2021-07-22 05:00:00,2043.8175
2021-07-22 06:00:00,2031.0149999999999
2021-07-22 07:00:00,2030.0275
2021-07-22 08:00:00,2038.56
2021-07-22 09:00:00,2042.2575
2021-07-22 10:00:00,2046.6125
2021-07-22 11:00:00,2048.8225
2021-07-22 12:00:00,2050.0875
2021-07-22 13:00:00,2054.58
2021-07-22 14:00:00,2077.5
2021-07-22 15:00:00,2091.045
2021-07-22 16:00:00,2094.4925
2021-07-22 17:00:00,2095.8325
2021-07-22 18:00:00,2104.2425000000003
2021-07-22 19:00:00,2110.4975
2021-07-22 20:00:00,2110.15
2021-07-22 21:00:00,2094.47
2021-07-22 22:00:00,2099.81
2021-07-22 23:00:00,2104.8475
2021-07-23 00:00:00,2109.09
2021-07-23 01:00:00,2112.6975
2021-07-23 02:00:00,2115.04
2021-07-23 03:00:00,2110.91
2021-07-23 04:00:00,2108.49
2021-07-23 05:00:00,2104.5600000000004
2021-07-23 06:00:00,2096.065
2021-07-23 07:00:00,2099.3224999999998
2021-07-23 08:00:00,2104.1375
2021-07-23 09:00:00,2110.195
2021-07-23 10:00:00,2115.2325
2021-07-23 11:00:00,2104.0275
2021-07-23 12:00:00,2097.0825
2021-07-23 13:00:00,2100.015
2021-07-23 14:00:00,2113.8875
2021-07-23 15:00:00,2126.9375
2021-07-23 16:00:00,2117.1525
2021-07-23 17:00:00,2102.885
2021-07-23 18:00:00,2094.795
2021-07-23 19:00:00,2082.59
2021-07-23 20:00:00,2076.0299999999997
2021-07-23 21:00:00,2072.1675
2021-07-23 22:00:00,2076.415
2021-07-23 23:00:00,2083.9125
2021-07-24 00:00:00,2102.505
2021-07-24 01:00:00,2111.54
2021-07-24 02:00:00,2109.85
2021-07-24 03:00:00,2102.075
2021-07-24 04:00:00,2091.0275
2021-07-24 05:00:00,2085.48
2021-07-24 06:00:00,2082.0375
2021-07-24 07:00:00,2085.4875
2021-07-24 08:00:00,2093.4425
2021-07-24 09:00:00,2092.38
2021-07-24 10:00:00,2083.3025
2021-07-24 11:00:00,2084.7650000000003
2021-07-24 12:00:00,2076.0
2021-07-24 13:00:00,2073.0875
2021-07-24 14:00:00,2070.11
2021-07-24 15:00:00,2065.4225
2021-07-24 16:00:00,2059.8925
2021-07-24 17:00:00,2044.3899999999999
2021-07-24 18:00:00,2039.815
2021-07-24 19:00:00,2048.035
2021-07-24 20:00:00,2047.625
2021-07-24 21:00:00,2061.58
2021-07-24 22:00:00,2082.9849999999997
2021-07-24 23:00:00,2099.67
2021-07-25 00:00:00,2103.7675
2021-07-25 01:00:00,2106.96
2021-07-25 02:00:00,2107.5925
2021-07-25 03:00:00,2088.2825000000003
2021-07-25 04:00:00,2078.2925
2021-07-25 05:00:00,2073.7075
2021-07-25 06:00:00,2066.125
2021-07-25 07:00:00,2067.55
2021-07-25 08:00:00,2071.205
2021-07-25 09:00:00,2068.54
2021-07-25 10:00:00,2070.585
2021-07-25 11:00:00,2059.2025
2021-07-25 12:00:00,2061.21
2021-07-25 13:00:00,2060.44
2021-07-25 14:00:00,2055.9275
2021-07-25 15:00:00,2057.8025
2021-07-25 16:00:00,2060.19
2021-07-25 17:00:00,2057.2799999999997
2021-07-25 18:00:00,2052.205
2021-07-25 19:00:00,2036.8025
2021-07-25 20:00:00,2019.2649999999999
2021-07-25 21:00:00,2020.8075
2021-07-25 22:00:00,2024.6375
2021-07-25 23:00:00,2029.65
2021-07-26 00:00:00,2029.2075
2021-07-26 01:00:00,2035.4
2021-07-26 02:00:00,2034.22
2021-07-26 03:00:00,2030.565
2021-07-26 04:00:00,2034.2024999999999
2021-07-26 05:00:00,2033.0900000000001
2021-07-26 06:00:00,2035.1025
2021-07-26 07:00:00,2032.7175000000002
2021-07-26 08:00:00,2029.0825
2021-07-26 09:00:00,2033.28
2021-07-26 10:00:00,2024.4775
2021-07-26 11:00:00,2050.855
2021-07-26 12:00:00,2086.97
2021-07-26 13:00:00,2096.4224999999997
2021-07-26 14:00:00,2096.39
2021-07-26 15:00:00,2098.2875
2021-07-26 16:00:00,2085.6225
2021-07-26 17:00:00,2082.2275
2021-07-26 18:00:00,2081.7075
2021-07-26 19:00:00,2078.8675
2021-07-26 20:00:00,2071.975
2021-07-26 21:00:00,2076.2725
2021-07-26 22:00:00,2084.1525
2021-07-26 23:00:00,2100.495
2021-07-27 00:00:00,2108.2650000000003
2021-07-27 01:00:00,2107.8025000000002
2021-07-27 02:00:00,2103.16
2021-07-27 03:00:00,2096.8325
2021-07-27 04:00:00,2088.81
2021-07-27 05:00:00,2076.3525
2021-07-27 06:00:00,2065.3424999999997
2021-07-27 07:00:00,2054.27
2021-07-27 08:00:00,2058.48
2021-07-27 09:00:00,2072.76
2021-07-27 10:00:00,2062.1475
2021-07-27 11:00:00,2085.51
2021-07-27 12:00:00,2105.9125000000004
2021-07-27 13:00:00,2116.8575
2021-07-27 14:00:00,2107.2725
2021-07-27 15:00:00,2105.965
2021-07-27 16:00:00,2114.685
2021-07-27 17:00:00,2123.3
2021-07-27 18:00:00,2119.9175
2021-07-27 19:00:00,2109.3425
2021-07-27 20:00:00,2109.1549999999997
2021-07-27 21:00:00,2110.0725
2021-07-27 22:00:00,2112.9975
2021-07-27 23:00:00,2124.5
2021-07-28 00:00:00,2125.275
2021-07-28 01:00:00,2124.225
2021-07-28 02:00:00,2117.0875
2021-07-28 03:00:00,2108.965
2021-07-28 04:00:00,2102.18
2021-07-28 05:00:00,2106.1725
2021-07-28 06:00:00,2099.6975
2021-07-28 07:00:00,2095.5525
2021-07-28 08:00:00,2100.11
2021-07-28 09:00:00,2096.52
2021-07-28 10:00:00,2098.005
2021-07-28 11:00:00,2122.115
2021-07-28 12:00:00,2130.79
2021-07-28 13:00:00,2139.34
2021-07-28 14:00:00,2153.6125
2021-07-28 15:00:00,2152.2825
2021-07-28 16:00:00,2155.215
2021-07-28 17:00:00,2145.4049999999997
2021-07-28 18:00:00,2139.7675
2021-07-28 19:00:00,2128.5575
2021-07-28 20:00:00,2119.2875000000004
2021-07-28 21:00:00,2119.8
2021-07-28 22:00:00,2125.96
2021-07-28 23:00:00,2124.4575
2021-07-29 00:00:00,2112.865
2021-07-29 01:00:00,2122.2174999999997
2021-07-29 02:00:00,2128.2525
2021-07-29 03:00:00,2128.625
2021-07-29 04:00:00,2118.375
2021-07-29 05:00:00,2110.1575000000003
2021-07-29 06:00:00,2112.71
2021-07-29 07:00:00,2107.07
2021-07-29 08:00:00,2107.4975
2021-07-29 09:00:00,2106.015
2021-07-29 10:00:00,2082.6775000000002
2021-07-29 11:00:00,2024.63
2021-07-29 12:00:00,1986.005
2021-07-29 13:00:00,1984.8899999999999
2021-07-29 14:00:00,1984.4675
2021-07-29 15:00:00,1985.835
2021-07-29 16:00:00,2038.88
2021-07-29 17:00:00,2084.555
2021-07-29 18:00:00,2084.05
2021-07-29 19:00:00,2076.215
2021-07-29 20:00:00,2067.1175
2021-07-29 21:00:00,2059.325
2021-07-29 22:00:00,2059.0924999999997
2021-07-29 23:00:00,2069.385
2021-07-30 00:00:00,2086.86
2021-07-30 01:00:00,2082.6124999999997
2021-07-30 02:00:00,2084.755
2021-07-30 03:00:00,2085.1400000000003
2021-07-30 04:00:00,2077.86
2021-07-30 05:00:00,2065.6375
2021-07-30 06:00:00,2059.1825
2021-07-30 07:00:00,2052.2775
2021-07-30 08:00:00,2044.24
2021-07-30 09:00:00,2048.035
2021-07-30 10:00:00,2046.8875
2021-07-30 11:00:00,2061.805
2021-07-30 12:00:00,2067.98
2021-07-30 13:00:00,2080.685
2021-07-30 14:00:00,2090.4925
2021-07-30 15:00:00,2088.0075
2021-07-30 16:00:00,2083.6625
2021-07-30 17:00:00,2067.265
2021-07-30 18:00:00,2039.22
2021-07-30 19:00:00,2024.5025
2021-07-30 20:00:00,2035.55
2021-07-30 21:00:00,2042.2525
2021-07-30 22:00:00,2050.0275
2021-07-30 23:00:00,2057.8975
2021-07-31 00:00:00,2073.865
2021-07-31 01:00:00,2092.5125
2021-07-31 02:00:00,2113.115
2021-07-31 03:00:00,2113.9275
2021-07-31 04:00:00,2101.5325
2021-07-31 05:00:00,2088.1075
2021-07-31 06:00:00,2070.535
2021-07-31 07:00:00,2051.3
2021-07-31 08:00:00,2057.6099999999997
2021-07-31 09:00:00,2064.4175
2021-07-31 10:00:00,2040.4275
2021-07-31 11:00:00,1986.2075
2021-07-31 12:00:00,1967.76
2021-07-31 13:00:00,1889.6275
2021-07-31 14:00:00,1883.905
2021-07-31 15:00:00,1883.2649999999999
2021-07-31 16:00:00,1982.5674999999999
2021-07-31 17:00:00,2037.5725
2021-07-31 18:00:00,2015.46
2021-07-31 19:00:00,1997.5625
2021-07-31 20:00:00,1989.4524999999999
2021-07-31 21:00:00,1987.135
2021-07-31 22:00:00,2003.5674999999999
2021-07-31 23:00:00,2021.5425
2021-08-01 00:00:00,2022.17
2021-08-01 01:00:00,2022.095
2021-08-01 02:00:00,2015.8675
2021-08-01 03:00:00,2020.1025
2021-08-01 04:00:00,2030.1675
2021-08-01 05:00:00,2031.8025
2021-08-01 06:00:00,2038.68
2021-08-01 07:00:00,2038.575
2021-08-01 08:00:00,2040.98
2021-08-01 09:00:00,2047.8474999999999
2021-08-01 10:00:00,2062.39
2021-08-01 11:00:00,2077.8975
2021-08-01 12:00:00,2043.5349999999999
2021-08-01 13:00:00,2075.5375
2021-08-01 14:00:00,2101.7625
2021-08-01 15:00:00,2099.1075
2021-08-01 16:00:00,2099.3925
2021-08-01 17:00:00,2084.5425
2021-08-01 18:00:00,2077.3050000000003
2021-08-01 19:00:00,2072.7075
2021-08-01 20:00:00,2068.4875
2021-08-01 21:00:00,2063.2925
2021-08-01 22:00:00,2061.0225
2021-08-01 23:00:00,2060.8125
2021-08-02 00:00:00,2060.4
2021-08-02 01:00:00,2060.265
2021-08-02 02:00:00,2059.49
2021-08-02 03:00:00,2054.395
2021-08-02 04:00:00,2042.5575000000001
2021-08-02 05:00:00,2054.1025
2021-08-02 06:00:00,2044.4925
2021-08-02 07:00:00,2049.3675
2021-08-02 08:00:00,2022.7975
2021-08-02 09:00:00,2018.9
2021-08-02 10:00:00,2028.15
2021-08-02 11:00:00,2026.065
2021-08-02 12:00:00,2036.3899999999999
2021-08-02 13:00:00,2043.4275
2021-08-02 14:00:00,2046.0575
2021-08-02 15:00:00,2058.3125
2021-08-02 16:00:00,2063.7075
2021-08-02 17:00:00,2062.245
2021-08-02 18:00:00,2061.9975
2021-08-02 19:00:00,2050.39
2021-08-02 20:00:00,2039.3025
2021-08-02 21:00:00,2039.665
2021-08-02 22:00:00,2045.5974999999999
2021-08-02 23:00:00,2057.9875
2021-08-03 00:00:00,2063.4
2021-08-03 01:00:00,2067.41
2021-08-03 02:00:00,2070.165
2021-08-03 03:00:00,2067.91
2021-08-03 04:00:00,2059.9075
2021-08-03 05:00:00,2056.9900000000002
2021-08-03 06:00:00,2049.1075
2021-08-03 07:00:00,2043.065
2021-08-03 08:00:00,2047.4325000000001
2021-08-03 09:00:00,2057.9725
2021-08-03 10:00:00,2067.56
2021-08-03 11:00:00,2080.0
2021-08-03 12:00:00,2096.4525000000003
2021-08-03 13:00:00,2092.1825
2021-08-03 14:00:00,2094.1825
2021-08-03 15:00:00,2108.6275
2021-08-03 16:00:00,2110.0074999999997
2021-08-03 17:00:00,2093.4849999999997
2021-08-03 18:00:00,2082.35
2021-08-03 19:00:00,2073.7975
2021-08-03 20:00:00,2082.6475
2021-08-03 21:00:00,2092.3025000000002
2021-08-03 22:00:00,2096.5225
2021-08-03 23:00:00,2097.5275
2021-08-04 00:00:00,2105.855
2021-08-04 01:00:00,2108.4175
2021-08-04 02:00:00,2112.8424999999997
2021-08-04 03:00:00,2115.85
2021-08-04 04:00:00,2114.02
2021-08-04 05:00:00,2112.0775
2021-08-04 06:00:00,2108.3450000000003
2021-08-04 07:00:00,2099.7375
2021-08-04 08:00:00,2098.125
2021-08-04 09:00:00,2096.25
2021-08-04 10:00:00,2088.9925000000003
2021-08-04 11:00:00,2097.385
2021-08-04 12:00:00,2107.5550000000003
2021-08-04 13:00:00,2102.8075
2021-08-04 14:00:00,2104.9825
2021-08-04 15:00:00,2111.525
2021-08-04 16:00:00,2109.5675
2021-08-04 17:00:00,2105.1225
2021-08-04 18:00:00,2103.8325
2021-08-04 19:00:00,2098.8025
2021-08-04 20:00:00,2085.9275
2021-08-04 21:00:00,2081.3675000000003
2021-08-04 22:00:00,2075.9625
2021-08-04 23:00:00,2071.0975
2021-08-05 00:00:00,2060.3
2021-08-05 01:00:00,2047.88
2021-08-05 02:00:00,2034.96
2021-08-05 03:00:00,2002.585
2021-08-05 04:00:00,1965.55
2021-08-05 05:00:00,1930.5425
2021-08-05 06:00:00,1906.67
2021-08-05 07:00:00,1892.305
2021-08-05 08:00:00,1867.0
2021-08-05 09:00:00,1851.97
2021-08-05 10:00:00,1842.12
2021-08-05 11:00:00,1836.855
2021-08-05 12:00:00,1823.155
2021-08-05 13:00:00,1829.6425
2021-08-05 14:00:00,1828.5674999999999
2021-08-05 15:00:00,1849.6399999999999
2021-08-05 16:00:00,1853.44
2021-08-05 17:00:00,1847.97
2021-08-05 18:00:00,1848.085
2021-08-05 19:00:00,1841.4275
2021-08-05 20:00:00,1845.4325
2021-08-05 21:00:00,1853.555
2021-08-05 22:00:00,1857.51
2021-08-05 23:00:00,1861.025
2021-08-06 00:00:00,1860.8725
2021-08-06 01:00:00,1864.1825
2021-08-06 02:00:00,1869.725
2021-08-06 03:00:00,1881.0025
2021-08-06 04:00:00,1888.15
2021-08-06 05:00:00,1898.255
2021-08-06 06:00:00,1915.1924999999999
2021-08-06 07:00:00,1928.2175
2021-08-06 08:00:00,1936.23
2021-08-06 09:00:00,1939.3975
2021-08-06 10:00:00,1957.4775
2021-08-06 11:00:00,1965.19
2021-08-06 12:00:00,1985.0625
2021-08-06 13:00:00,2002.0175
2021-08-06 14:00:00,2012.0625
2021-08-06 15:00:00,2027.365
2021-08-06 16:00:00,2030.745
2021-08-06 17:00:00,2030.15
2021-08-06 18:00:00,2038.9925
2021-08-06 19:00:00,2030.6425
2021-08-06 20:00:00,2040.3975
2021-08-06 21:00:00,2040.7549999999999
2021-08-06 22:00:00,2047.9975
2021-08-06 23:00:00,2053.4674999999997
2021-08-07 00:00:00,2060.8025000000002
2021-08-07 01:00:00,2061.75
2021-08-07 02:00:00,2060.335
2021-08-07 03:00:00,2065.81
2021-08-07 04:00:00,2068.2574999999997
2021-08-07 05:00:00,2067.5550000000003
2021-08-07 06:00:00,2073.5525
2021-08-07 07:00:00,2075.8875
2021-08-07 08:00:00,2082.2275
2021-08-07 09:00:00,2084.3425
2021-08-07 10:00:00,2085.245
2021-08-07 11:00:00,2091.94
2021-08-07 12:00:00,2093.5675
2021-08-07 13:00:00,2095.8450000000003
2021-08-07 14:00:00,2092.3575
2021-08-07 15:00:00,2085.6025
2021-08-07 16:00:00,2088.0025
2021-08-07 17:00:00,2080.94
2021-08-07 18:00:00,2082.435
2021-08-07 19:00:00,2077.855
2021-08-07 20:00:00,2069.1525
2021-08-07 21:00:00,2063.205
2021-08-07 22:00:00,2053.8125
2021-08-07 23:00:00,2044.6275
2021-08-08 00:00:00,2038.4825
2021-08-08 01:00:00,2036.105
2021-08-08 02:00:00,2054.1825
2021-08-08 03:00:00,2055.7025
2021-08-08 04:00:00,2036.155
2021-08-08 05:00:00,2018.4325
2021-08-08 06:00:00,1997.9925
2021-08-08 07:00:00,1935.43
2021-08-08 08:00:00,1894.72
2021-08-08 09:00:00,1895.22
2021-08-08 10:00:00,1860.98
2021-08-08 11:00:00,1815.3674999999998
2021-08-08 12:00:00,1706.6325
2021-08-08 13:00:00,1672.8025
2021-08-08 14:00:00,1602.5375
2021-08-08 15:00:00,1598.6325
2021-08-08 16:00:00,1694.625
2021-08-08 17:00:00,1846.3225
2021-08-08 18:00:00,1891.435
2021-08-08 19:00:00,1890.22
2021-08-08 20:00:00,1892.495
2021-08-08 21:00:00,1893.1225
2021-08-08 22:00:00,1898.6799999999998
2021-08-08 23:00:00,1902.97
2021-08-09 00:00:00,1911.6925
2021-08-09 01:00:00,1913.7575
2021-08-09 02:00:00,1921.5625
2021-08-09 03:00:00,1921.97
2021-08-09 04:00:00,1924.45
2021-08-09 05:00:00,1925.4475
2021-08-09 06:00:00,1922.88
2021-08-09 07:00:00,1923.4125
2021-08-09 08:00:00,1927.1625
2021-08-09 09:00:00,1945.0925
2021-08-09 10:00:00,1939.29
2021-08-09 11:00:00,1955.3775
2021-08-09 12:00:00,1974.145
2021-08-09 13:00:00,1966.435
2021-08-09 14:00:00,1992.085
2021-08-09 15:00:00,1985.765
2021-08-09 16:00:00,1996.9
2021-08-09 17:00:00,2002.395
2021-08-09 18:00:00,2005.58
2021-08-09 19:00:00,2006.165
2021-08-09 20:00:00,2009.22
2021-08-09 21:00:00,2006.04
2021-08-09 22:00:00,2002.905
2021-08-09 23:00:00,2008.995
2021-08-10 00:00:00,2010.0925
2021-08-10 01:00:00,2009.385
2021-08-10 02:00:00,2012.5525
2021-08-10 03:00:00,2013.2075
2021-08-10 04:00:00,2008.8825
2021-08-10 05:00:00,2005.59
2021-08-10 06:00:00,2003.02
2021-08-10 07:00:00,2003.8725
2021-08-10 08:00:00,2015.445
2021-08-10 09:00:00,2016.6125
2021-08-10 10:00:00,2021.155
2021-08-10 11:00:00,2029.9375
2021-08-10 12:00:00,2031.6125
2021-08-10 13:00:00,2031.4725
2021-08-10 14:00:00,2028.2075
2021-08-10 15:00:00,2028.2775
2021-08-10 16:00:00,2027.175
2021-08-10 17:00:00,2026.3575
2021-08-10 18:00:00,2026.1725000000001
2021-08-10 19:00:00,2024.38
2021-08-10 20:00:00,2027.0275000000001
2021-08-10 21:00:00,2028.675
2021-08-10 22:00:00,2027.5149999999999
2021-08-10 23:00:00,2030.5825
2021-08-11 00:00:00,2034.6875
2021-08-11 01:00:00,2033.8575
2021-08-11 02:00:00,2028.9524999999999
2021-08-11 03:00:00,2033.59
2021-08-11 04:00:00,2038.605
2021-08-11 05:00:00,2040.9
2021-08-11 06:00:00,2038.87
2021-08-11 07:00:00,2054.3
2021-08-11 08:00:00,2048.8125
2021-08-11 09:00:00,2050.5
2021-08-11 10:00:00,2049.8125
2021-08-11 11:00:00,2051.6825
2021-08-11 12:00:00,2055.9
2021-08-11 13:00:00,2060.88
2021-08-11 14:00:00,2059.635
2021-08-11 15:00:00,2057.8775
2021-08-11 16:00:00,2044.53
2021-08-11 17:00:00,2053.2925
2021-08-11 18:00:00,2050.32
2021-08-11 19:00:00,2048.5025
2021-08-11 20:00:00,2047.6100000000001
2021-08-11 21:00:00,2043.455
2021-08-11 22:00:00,2036.71
2021-08-11 23:00:00,2037.3725
2021-08-12 00:00:00,2041.1675
2021-08-12 01:00:00,2044.2675
2021-08-12 02:00:00,2046.135
2021-08-12 03:00:00,2043.125
2021-08-12 04:00:00,2040.8600000000001
2021-08-12 05:00:00,2039.475
2021-08-12 06:00:00,2036.8125
2021-08-12 07:00:00,2017.7725
2021-08-12 08:00:00,2046.6875
2021-08-12 09:00:00,2065.12
2021-08-12 10:00:00,2078.735
2021-08-12 11:00:00,2069.03
2021-08-12 12:00:00,2070.6175
2021-08-12 13:00:00,2072.04
2021-08-12 14:00:00,2067.8775
2021-08-12 15:00:00,2069.04
2021-08-12 16:00:00,2064.4375
2021-08-12 17:00:00,2061.8775
2021-08-12 18:00:00,2069.0699999999997
2021-08-12 19:00:00,2062.45
2021-08-12 20:00:00,2061.815
2021-08-12 21:00:00,2061.88
2021-08-12 22:00:00,2056.3175
2021-08-12 23:00:00,2053.9575
2021-08-13 00:00:00,2050.83
2021-08-13 01:00:00,2048.1675
2021-08-13 02:00:00,2047.255
2021-08-13 03:00:00,2048.6125
2021-08-13 04:00:00,2049.2325
2021-08-13 05:00:00,2048.7725
2021-08-13 06:00:00,2043.2
2021-08-13 07:00:00,2045.92
2021-08-13 08:00:00,2052.245
2021-08-13 09:00:00,2058.665
2021-08-13 10:00:00,2051.7625
2021-08-13 11:00:00,2064.0325000000003
2021-08-13 12:00:00,2067.405
2021-08-13 13:00:00,2064.5225
2021-08-13 14:00:00,2062.355
2021-08-13 15:00:00,2055.88
2021-08-13 16:00:00,2055.6675
2021-08-13 17:00:00,2057.9275
2021-08-13 18:00:00,2054.405
2021-08-13 19:00:00,2046.525
2021-08-13 20:00:00,2028.1125
2021-08-13 21:00:00,2035.205
2021-08-13 22:00:00,2035.245
2021-08-13 23:00:00,2044.0475000000001
2021-08-14 00:00:00,2042.3200000000002
2021-08-14 01:00:00,2045.0075
2021-08-14 02:00:00,2048.33
2021-08-14 03:00:00,2047.4225000000001
2021-08-14 04:00:00,2049.9900000000002
2021-08-14 05:00:00,2049.15
2021-08-14 06:00:00,2046.2825
2021-08-14 07:00:00,2047.695
2021-08-14 08:00:00,2045.84
2021-08-14 09:00:00,2045.2450000000001
2021-08-14 10:00:00,2043.9325
2021-08-14 11:00:00,2047.91
2021-08-14 12:00:00,2048.525
2021-08-14 13:00:00,2038.06
2021-08-14 14:00:00,2045.7
2021-08-14 15:00:00,2038.095
2021-08-14 16:00:00,2027.7649999999999
2021-08-14 17:00:00,2014.7075
2021-08-14 18:00:00,2002.5774999999999
2021-08-14 19:00:00,2004.1399999999999
2021-08-14 20:00:00,2000.7649999999999
2021-08-14 21:00:00,2000.0875
2021-08-14 22:00:00,2002.0675
2021-08-14 23:00:00,2001.58
2021-08-15 00:00:00,2003.21
2021-08-15 01:00:00,2009.8975
2021-08-15 02:00:00,2008.9275
2021-08-15 03:00:00,2007.825
2021-08-15 04:00:00,2006.995
2021-08-15 05:00:00,2012.2175
2021-08-15 06:00:00,2012.965
2021-08-15 07:00:00,2016.2425
2021-08-15 08:00:00,2019.695
2021-08-15 09:00:00,2015.685
2021-08-15 10:00:00,2014.5925
2021-08-15 11:00:00,2018.3675
2021-08-15 12:00:00,2030.4975
2021-08-15 13:00:00,2024.885
2021-08-15 14:00:00,2023.3825000000002
2021-08-15 15:00:00,2009.775
2021-08-15 16:00:00,2005.9325
2021-08-15 17:00:00,2010.5900000000001
2021-08-15 18:00:00,2006.75
2021-08-15 19:00:00,2005.7475
2021-08-15 20:00:00,2000.9225000000001
2021-08-15 21:00:00,1997.8725
2021-08-15 22:00:00,1991.9
2021-08-15 23:00:00,1990.15
2021-08-16 00:00:00,1987.375
2021-08-16 01:00:00,1989.7175
2021-08-16 02:00:00,1986.5275000000001
2021-08-16 03:00:00,1979.3875
2021-08-16 04:00:00,1980.3125
2021-08-16 05:00:00,1971.8725
2021-08-16 06:00:00,1954.615
2021-08-16 07:00:00,1982.765
2021-08-16 08:00:00,1996.0125
2021-08-16 09:00:00,1999.9975
2021-08-16 10:00:00,2001.785
2021-08-16 11:00:00,2006.5125
2021-08-16 12:00:00,2016.885
2021-08-16 13:00:00,2030.51
2021-08-16 14:00:00,2035.9524999999999
2021-08-16 15:00:00,2036.0025
2021-08-16 16:00:00,2037.2725
2021-08-16 17:00:00,2046.4125
2021-08-16 18:00:00,2058.175
2021-08-16 19:00:00,2063.1625
2021-08-16 20:00:00,2061.5475
2021-08-16 21:00:00,2032.695
2021-08-16 22:00:00,1994.8725
2021-08-16 23:00:00,1931.09
2021-08-17 00:00:00,1886.69
2021-08-17 01:00:00,1878.8775
2021-08-17 02:00:00,1813.315
2021-08-17 03:00:00,1809.2925
2021-08-17 04:00:00,1837.7575
2021-08-17 05:00:00,1871.93
2021-08-17 06:00:00,1842.1825
2021-08-17 07:00:00,1815.15
2021-08-17 08:00:00,1834.8075
2021-08-17 09:00:00,1845.03
2021-08-17 10:00:00,1859.4475
2021-08-17 11:00:00,1885.955
2021-08-17 12:00:00,1890.595
2021-08-17 13:00:00,1901.29
2021-08-17 14:00:00,1912.7350000000001
2021-08-17 15:00:00,1889.805
2021-08-17 16:00:00,1949.2125
2021-08-17 17:00:00,1978.4975
2021-08-17 18:00:00,1988.185
2021-08-17 19:00:00,1994.2975000000001
2021-08-17 20:00:00,2004.7
2021-08-17 21:00:00,2006.2675
2021-08-17 22:00:00,2019.5425
2021-08-17 23:00:00,2033.9850000000001
2021-08-18 00:00:00,2053.04
2021-08-18 01:00:00,2077.7025
2021-08-18 02:00:00,2078.04
2021-08-18 03:00:00,2081.1975
2021-08-18 04:00:00,2076.71
2021-08-18 05:00:00,2076.4900000000002
2021-08-18 06:00:00,2061.1825
2021-08-18 07:00:00,2067.2775
2021-08-18 08:00:00,2062.15
2021-08-18 09:00:00,2066.1549999999997
2021-08-18 10:00:00,2070.7174999999997
2021-08-18 11:00:00,2084.9
2021-08-18 12:00:00,2096.37
2021-08-18 13:00:00,2097.0625
2021-08-18 14:00:00,2112.96
2021-08-18 15:00:00,2121.3925
2021-08-18 16:00:00,2103.8875
2021-08-18 17:00:00,2096.4075000000003
2021-08-18 18:00:00,2090.1325
2021-08-18 19:00:00,2077.6675
2021-08-18 20:00:00,2078.3875
2021-08-18 21:00:00,2077.345
2021-08-18 22:00:00,2074.5
2021-08-18 23:00:00,2067.81
2021-08-19 00:00:00,2063.3125
2021-08-19 01:00:00,2070.7650000000003
2021-08-19 02:00:00,2088.05
2021-08-19 03:00:00,2082.9750000000004
2021-08-19 04:00:00,2068.3199999999997
2021-08-19 05:00:00,2056.85
2021-08-19 06:00:00,2046.7224999999999
2021-08-19 07:00:00,2051.6475
2021-08-19 08:00:00,2058.7200000000003
2021-08-19 09:00:00,2057.975
2021-08-19 10:00:00,2060.3875
2021-08-19 11:00:00,2064.38
2021-08-19 12:00:00,2067.4225
2021-08-19 13:00:00,2075.0225
2021-08-19 14:00:00,2068.9375
2021-08-19 15:00:00,2067.375
2021-08-19 16:00:00,2066.4575
2021-08-19 17:00:00,2062.0775
2021-08-19 18:00:00,2060.74
2021-08-19 19:00:00,2052.4449999999997
2021-08-19 20:00:00,2039.79
2021-08-19 21:00:00,2039.9625
2021-08-19 22:00:00,2035.3925
2021-08-19 23:00:00,2032.3875
2021-08-20 00:00:00,2031.6075
2021-08-20 01:00:00,2048.0675
2021-08-20 02:00:00,2060.7625
2021-08-20 03:00:00,2056.655
2021-08-20 04:00:00,2056.33
2021-08-20 05:00:00,2051.6925
2021-08-20 06:00:00,2037.9924999999998
2021-08-20 07:00:00,2033.5875
2021-08-20 08:00:00,2022.715
2021-08-20 09:00:00,2022.84
2021-08-20 10:00:00,2027.005
2021-08-20 11:00:00,2041.4825
2021-08-20 12:00:00,2050.0425
2021-08-20 13:00:00,2055.0675
2021-08-20 14:00:00,2058.015
2021-08-20 15:00:00,2050.6275
2021-08-20 16:00:00,2050.9275
2021-08-20 17:00:00,2046.7325
2021-08-20 18:00:00,2032.8674999999998
2021-08-20 19:00:00,2022.3475
2021-08-20 20:00:00,2011.625
2021-08-20 21:00:00,2006.7925
2021-08-20 22:00:00,2007.82
2021-08-20 23:00:00,2014.5625
2021-08-21 00:00:00,2026.8275
2021-08-21 01:00:00,2038.2375
2021-08-21 02:00:00,2033.8899999999999
2021-08-21 03:00:00,2014.955
2021-08-21 04:00:00,2023.8075
2021-08-21 05:00:00,2026.6875
2021-08-21 06:00:00,2027.2125
2021-08-21 07:00:00,2025.545
2021-08-21 08:00:00,2016.095
2021-08-21 09:00:00,2012.3975
2021-08-21 10:00:00,2014.695
2021-08-21 11:00:00,2015.0900000000001
2021-08-21 12:00:00,2008.0349999999999
2021-08-21 13:00:00,2004.51
2021-08-21 14:00:00,1998.23
2021-08-21 15:00:00,1982.175
2021-08-21 16:00:00,1974.1799999999998
2021-08-21 17:00:00,1962.235
2021-08-21 18:00:00,1962.63
2021-08-21 19:00:00,1962.76
2021-08-21 20:00:00,1955.7325
2021-08-21 21:00:00,1954.615
2021-08-21 22:00:00,1961.3625
2021-08-21 23:00:00,1960.9275
2021-08-22 00:00:00,1957.3625
2021-08-22 01:00:00,1966.9625
2021-08-22 02:00:00,1967.655
2021-08-22 03:00:00,1958.81
2021-08-22 04:00:00,1960.8325
2021-08-22 05:00:00,1957.5625
2021-08-22 06:00:00,1951.29
2021-08-22 07:00:00,1946.6225
2021-08-22 08:00:00,1937.69
2021-08-22 09:00:00,1931.5375
2021-08-22 10:00:00,1928.8725
2021-08-22 11:00:00,1934.7424999999998
2021-08-22 12:00:00,1935.215
2021-08-22 13:00:00,1929.115
2021-08-22 14:00:00,1927.175
2021-08-22 15:00:00,1924.8174999999999
2021-08-22 16:00:00,1921.1799999999998
2021-08-22 17:00:00,1917.4125
2021-08-22 18:00:00,1924.5475000000001
2021-08-22 19:00:00,1931.615
2021-08-22 20:00:00,1930.595
2021-08-22 21:00:00,1940.055
2021-08-22 22:00:00,1940.0925
2021-08-22 23:00:00,1950.0025
2021-08-23 00:00:00,1970.82
2021-08-23 01:00:00,1981.065
2021-08-23 02:00:00,1987.8400000000001
2021-08-23 03:00:00,2002.0825
2021-08-23 04:00:00,2011.16
2021-08-23 05:00:00,2011.7125
2021-08-23 06:00:00,2010.465
2021-08-23 07:00:00,2018.2975000000001
2021-08-23 08:00:00,2012.2649999999999
2021-08-23 09:00:00,2026.925
2021-08-23 10:00:00,2034.9925
2021-08-23 11:00:00,2038.435
2021-08-23 12:00:00,2051.9475
2021-08-23 13:00:00,2078.0625
2021-08-23 14:00:00,2087.945
2021-08-23 15:00:00,2096.825
2021-08-23 16:00:00,2094.3975
2021-08-23 17:00:00,2086.6275
2021-08-23 18:00:00,2078.3450000000003
2021-08-23 19:00:00,2070.7574999999997
2021-08-23 20:00:00,2069.96
2021-08-23 21:00:00,2068.04
2021-08-23 22:00:00,2059.4449999999997
2021-08-23 23:00:00,2062.4875
2021-08-24 00:00:00,2061.0950000000003
2021-08-24 01:00:00,2061.5474999999997
2021-08-24 02:00:00,2061.395
2021-08-24 03:00:00,2062.2775
2021-08-24 04:00:00,2067.1075
2021-08-24 05:00:00,2057.295
2021-08-24 06:00:00,2056.7200000000003
2021-08-24 07:00:00,2053.49
2021-08-24 08:00:00,2050.7625
2021-08-24 09:00:00,2054.3025
2021-08-24 10:00:00,2052.43
2021-08-24 11:00:00,2058.0625
2021-08-24 12:00:00,2058.475
2021-08-24 13:00:00,2057.24
2021-08-24 14:00:00,2058.65
2021-08-24 15:00:00,2053.145
2021-08-24 16:00:00,2051.7075
2021-08-24 17:00:00,2045.9025
2021-08-24 18:00:00,2043.4825
2021-08-24 19:00:00,2034.8725
2021-08-24 20:00:00,2023.075
2021-08-24 21:00:00,2012.3075
2021-08-24 22:00:00,2011.945
2021-08-24 23:00:00,2009.495
2021-08-25 00:00:00,2012.6575
2021-08-25 01:00:00,2018.1125
2021-08-25 02:00:00,2019.03
2021-08-25 03:00:00,2016.9325
2021-08-25 04:00:00,2012.665
2021-08-25 05:00:00,2009.1875
2021-08-25 06:00:00,1999.2675
2021-08-25 07:00:00,1992.375
2021-08-25 08:00:00,1983.955
2021-08-25 09:00:00,1982.4075
2021-08-25 10:00:00,1978.705
2021-08-25 11:00:00,1980.07
2021-08-25 12:00:00,1991.38
2021-08-25 13:00:00,1991.8825
2021-08-25 14:00:00,1992.1475
2021-08-25 15:00:00,1987.4675
2021-08-25 16:00:00,1979.1575
2021-08-25 17:00:00,1964.8575
2021-08-25 18:00:00,1950.6599999999999
2021-08-25 19:00:00,1944.38
2021-08-25 20:00:00,1935.47
2021-08-25 21:00:00,1930.48
2021-08-25 22:00:00,1924.1325
2021-08-25 23:00:00,1917.7925
2021-08-26 00:00:00,1911.18
2021-08-26 01:00:00,1904.875
2021-08-26 02:00:00,1902.0875
2021-08-26 03:00:00,1894.7350000000001
2021-08-26 04:00:00,1891.9825
2021-08-26 05:00:00,1890.6025
2021-08-26 06:00:00,1890.4975
2021-08-26 07:00:00,1890.46
2021-08-26 08:00:00,1883.4275
2021-08-26 09:00:00,1895.8775
2021-08-26 10:00:00,1894.77
2021-08-26 11:00:00,1913.4850000000001
2021-08-26 12:00:00,1929.895
2021-08-26 13:00:00,1943.0075
2021-08-26 14:00:00,1959.1475
2021-08-26 15:00:00,1950.0900000000001
2021-08-26 16:00:00,1964.9375
2021-08-26 17:00:00,1973.3175
2021-08-26 18:00:00,1963.6925
2021-08-26 19:00:00,1959.49
2021-08-26 20:00:00,1950.2849999999999
2021-08-26 21:00:00,1946.8225
2021-08-26 22:00:00,1959.165
2021-08-26 23:00:00,1963.8875
2021-08-27 00:00:00,1973.7275
2021-08-27 01:00:00,1973.6875
2021-08-27 02:00:00,1983.1725000000001
2021-08-27 03:00:00,1978.0
2021-08-27 04:00:00,1981.03
2021-08-27 05:00:00,1976.9425
2021-08-27 06:00:00,1964.6625
2021-08-27 07:00:00,1955.575
2021-08-27 08:00:00,1934.7875
2021-08-27 09:00:00,1945.9425
2021-08-27 10:00:00,1958.995
2021-08-27 11:00:00,1965.7
2021-08-27 12:00:00,1971.0025
2021-08-27 13:00:00,1963.81
2021-08-27 14:00:00,1969.4625
2021-08-27 15:00:00,1973.3725
2021-08-27 16:00:00,1972.6875
2021-08-27 17:00:00,1964.955
2021-08-27 18:00:00,1957.0575
2021-08-27 19:00:00,1949.5025
2021-08-27 20:00:00,1940.6925
2021-08-27 21:00:00,1925.5549999999998
2021-08-27 22:00:00,1919.9025
2021-08-27 23:00:00,1925.56
2021-08-28 00:00:00,1921.53
2021-08-28 01:00:00,1937.8775
2021-08-28 02:00:00,1943.5475
2021-08-28 03:00:00,1940.44
2021-08-28 04:00:00,1936.3925
2021-08-28 05:00:00,1921.5275
2021-08-28 06:00:00,1906.6925
2021-08-28 07:00:00,1901.1100000000001
2021-08-28 08:00:00,1897.5475
2021-08-28 09:00:00,1893.2675
2021-08-28 10:00:00,1897.01
2021-08-28 11:00:00,1918.98
2021-08-28 12:00:00,1926.695
2021-08-28 13:00:00,1929.4025000000001
2021-08-28 14:00:00,1932.935
2021-08-28 15:00:00,1941.5149999999999
2021-08-28 16:00:00,1936.565
2021-08-28 17:00:00,1936.2825
2021-08-28 18:00:00,1940.805
2021-08-28 19:00:00,1930.9375
2021-08-28 20:00:00,1925.9575
2021-08-28 21:00:00,1932.0525
2021-08-28 22:00:00,1935.1799999999998
2021-08-28 23:00:00,1949.9575
2021-08-29 00:00:00,1955.025
2021-08-29 01:00:00,1965.785
2021-08-29 02:00:00,1966.8675
2021-08-29 03:00:00,1971.13
2021-08-29 04:00:00,1974.5875
2021-08-29 05:00:00,1965.2849999999999
2021-08-29 06:00:00,1954.5675
2021-08-29 07:00:00,1954.8700000000001
2021-08-29 08:00:00,1952.2325
2021-08-29 09:00:00,1956.33
2021-08-29 10:00:00,1955.7575
2021-08-29 11:00:00,1948.7825
2021-08-29 12:00:00,1950.0375
2021-08-29 13:00:00,1947.8725
2021-08-29 14:00:00,1949.2125
2021-08-29 15:00:00,1948.15
2021-08-29 16:00:00,1933.8325
2021-08-29 17:00:00,1950.3175
2021-08-29 18:00:00,1951.6475
2021-08-29 19:00:00,1953.5275
2021-08-29 20:00:00,1956.6950000000002
2021-08-29 21:00:00,1959.48
2021-08-29 22:00:00,1967.3825
2021-08-29 23:00:00,1976.21
2021-08-30 00:00:00,1977.64
2021-08-30 01:00:00,1990.7175
2021-08-30 02:00:00,1991.975
2021-08-30 03:00:00,1995.0825
2021-08-30 04:00:00,2007.06
2021-08-30 05:00:00,2024.325
2021-08-30 06:00:00,2024.2525
2021-08-30 07:00:00,2023.3975
2021-08-30 08:00:00,2041.7350000000001
2021-08-30 09:00:00,2050.5825
2021-08-30 10:00:00,2064.4225
2021-08-30 11:00:00,2075.12
2021-08-30 12:00:00,2077.4525
2021-08-30 13:00:00,2053.6549999999997
2021-08-30 14:00:00,2025.24
2021-08-30 15:00:00,1998.69
2021-08-30 16:00:00,1974.1175
2021-08-30 17:00:00,1941.3375
2021-08-30 18:00:00,1906.9725
2021-08-30 19:00:00,1891.5975
2021-08-30 20:00:00,1883.0725
2021-08-30 21:00:00,1903.59
2021-08-30 22:00:00,1888.3075000000001
2021-08-30 23:00:00,1898.4524999999999
2021-08-31 00:00:00,1903.44
2021-08-31 01:00:00,1903.6100000000001
2021-08-31 02:00:00,1890.2975
2021-08-31 03:00:00,1882.8825
2021-08-31 04:00:00,1880.9724999999999
2021-08-31 05:00:00,1885.5375
2021-08-31 06:00:00,1873.35
2021-08-31 07:00:00,1875.8
2021-08-31 08:00:00,1881.5749999999998
2021-08-31 09:00:00,1900.2175
2021-08-31 10:00:00,1913.185
2021-08-31 11:00:00,1922.32
2021-08-31 12:00:00,1916.145
2021-08-31 13:00:00,1923.0974999999999
2021-08-31 14:00:00,1923.05
2021-08-31 15:00:00,1923.625
2021-08-31 16:00:00,1924.9425
2021-08-31 17:00:00,1933.98
2021-08-31 18:00:00,1936.385
2021-08-31 19:00:00,1924.0125
2021-08-31 20:00:00,1918.1525000000001
2021-08-31 21:00:00,1913.8825000000002
2021-08-31 22:00:00,1907.255
2021-08-31 23:00:00,1902.0025
2021-09-01 00:00:00,1892.4
2021-09-01 01:00:00,1881.215
2021-09-01 02:00:00,1871.4725
2021-09-01 03:00:00,1867.5875
2021-09-01 04:00:00,1861.52
2021-09-01 05:00:00,1858.9450000000002
2021-09-01 06:00:00,1865.045
2021-09-01 07:00:00,1866.395
2021-09-01 08:00:00,1877.555
2021-09-01 09:00:00,1892.2575000000002
2021-09-01 10:00:00,1907.55
2021-09-01 11:00:00,1909.4575
2021-09-01 12:00:00,1913.2125
2021-09-01 13:00:00,1896.8925
2021-09-01 14:00:00,1905.34
2021-09-01 15:00:00,1915.3200000000002
2021-09-01 16:00:00,1917.6275
2021-09-01 17:00:00,1903.5475000000001
2021-09-01 18:00:00,1895.395
2021-09-01 19:00:00,1886.65
2021-09-01 20:00:00,1882.4425
2021-09-01 21:00:00,1882.1475
2021-09-01 22:00:00,1882.1525000000001
2021-09-01 23:00:00,1884.925
2021-09-02 00:00:00,1896.1975
2021-09-02 01:00:00,1900.27
2021-09-02 02:00:00,1903.955
2021-09-02 03:00:00,1898.315
2021-09-02 04:00:00,1899.5625
2021-09-02 05:00:00,1893.1775
2021-09-02 06:00:00,1886.5
2021-09-02 07:00:00,1890.0475
2021-09-02 08:00:00,1893.06
2021-09-02 09:00:00,1896.8375
2021-09-02 10:00:00,1899.6399999999999
2021-09-02 11:00:00,1915.395
2021-09-02 12:00:00,1947.4850000000001
2021-09-02 13:00:00,1952.74
2021-09-02 14:00:00,1961.96
2021-09-02 15:00:00,1970.2975
2021-09-02 16:00:00,1955.0175
2021-09-02 17:00:00,1944.3625
2021-09-02 18:00:00,1952.9074999999998
2021-09-02 19:00:00,1954.455
2021-09-02 20:00:00,1945.2275
2021-09-02 21:00:00,1949.8425
2021-09-02 22:00:00,1948.845
2021-09-02 23:00:00,1964.3425
2021-09-03 00:00:00,1958.1125
2021-09-03 01:00:00,1959.92
2021-09-03 02:00:00,1955.6125
2021-09-03 03:00:00,1941.9575
2021-09-03 04:00:00,1933.46
2021-09-03 05:00:00,1923.0825
2021-09-03 06:00:00,1919.805
2021-09-03 07:00:00,1917.995
2021-09-03 08:00:00,1925.5175
2021-09-03 09:00:00,1946.895
2021-09-03 10:00:00,1957.1625
2021-09-03 11:00:00,1963.095
2021-09-03 12:00:00,1970.8
2021-09-03 13:00:00,1969.29
2021-09-03 14:00:00,1962.7625
2021-09-03 15:00:00,1952.565
2021-09-03 16:00:00,1944.18
2021-09-03 17:00:00,1936.15
2021-09-03 18:00:00,1925.0725
2021-09-03 19:00:00,1918.39
2021-09-03 20:00:00,1917.7325
2021-09-03 21:00:00,1916.5975
2021-09-03 22:00:00,1917.9375
2021-09-03 23:00:00,1923.28
2021-09-04 00:00:00,1934.8725
2021-09-04 01:00:00,1941.1875
2021-09-04 02:00:00,1936.5
2021-09-04 03:00:00,1932.1175
2021-09-04 04:00:00,1922.16
2021-09-04 05:00:00,1904.245
2021-09-04 06:00:00,1889.255
2021-09-04 07:00:00,1889.0525
2021-09-04 08:00:00,1884.1799999999998
2021-09-04 09:00:00,1889.94
2021-09-04 10:00:00,1895.5025
2021-09-04 11:00:00,1896.1775
2021-09-04 12:00:00,1901.04
2021-09-04 13:00:00,1900.29
2021-09-04 14:00:00,1901.13
2021-09-04 15:00:00,1892.955
2021-09-04 16:00:00,1871.2425
2021-09-04 17:00:00,1875.01
2021-09-04 18:00:00,1863.9675
2021-09-04 19:00:00,1853.375
2021-09-04 20:00:00,1847.03
2021-09-04 21:00:00,1850.0975
2021-09-04 22:00:00,1859.665
2021-09-04 23:00:00,1858.3799999999999
2021-09-05 00:00:00,1870.365
2021-09-05 01:00:00,1878.19
2021-09-05 02:00:00,1877.655
2021-09-05 03:00:00,1868.325
2021-09-05 04:00:00,1848.41
2021-09-05 05:00:00,1828.7975
2021-09-05 06:00:00,1824.9625
2021-09-05 07:00:00,1821.8925
2021-09-05 08:00:00,1821.81
2021-09-05 09:00:00,1826.5575
2021-09-05 10:00:00,1820.75
2021-09-05 11:00:00,1814.1625
2021-09-05 12:00:00,1822.065
2021-09-05 13:00:00,1823.3925
2021-09-05 14:00:00,1815.6225
2021-09-05 15:00:00,1803.165
2021-09-05 16:00:00,1798.7275
2021-09-05 17:00:00,1800.1975
2021-09-05 18:00:00,1787.3975
2021-09-05 19:00:00,1775.6625
2021-09-05 20:00:00,1758.3075
2021-09-05 21:00:00,1756.06
2021-09-05 22:00:00,1758.8225
2021-09-05 23:00:00,1750.94
2021-09-06 00:00:00,1752.795
2021-09-06 01:00:00,1764.665
2021-09-06 02:00:00,1758.8049999999998
2021-09-06 03:00:00,1755.7825
2021-09-06 04:00:00,1743.4425
2021-09-06 05:00:00,1726.755
2021-09-06 06:00:00,1741.9175
2021-09-06 07:00:00,1751.23
2021-09-06 08:00:00,1755.9524999999999
2021-09-06 09:00:00,1769.0325
2021-09-06 10:00:00,1767.4175
2021-09-06 11:00:00,1770.97
2021-09-06 12:00:00,1789.9175
2021-09-06 13:00:00,1794.2375000000002
2021-09-06 14:00:00,1791.0575
2021-09-06 15:00:00,1795.365
2021-09-06 16:00:00,1795.12
2021-09-06 17:00:00,1790.455
2021-09-06 18:00:00,1776.4299999999998
2021-09-06 19:00:00,1777.2325
2021-09-06 20:00:00,1775.0925
2021-09-06 21:00:00,1774.9325
2021-09-06 22:00:00,1787.715
2021-09-06 23:00:00,1793.4925
2021-09-07 00:00:00,1792.1475
2021-09-07 01:00:00,1790.285
2021-09-07 02:00:00,1781.75
2021-09-07 03:00:00,1774.8175
2021-09-07 04:00:00,1766.175
2021-09-07 05:00:00,1742.4625
2021-09-07 06:00:00,1723.9524999999999
2021-09-07 07:00:00,1729.545
2021-09-07 08:00:00,1729.27
2021-09-07 09:00:00,1732.68
2021-09-07 10:00:00,1737.455
2021-09-07 11:00:00,1743.0675
2021-09-07 12:00:00,1757.9375
2021-09-07 13:00:00,1765.1225
2021-09-07 14:00:00,1761.83
2021-09-07 15:00:00,1761.8825
2021-09-07 16:00:00,1759.25
2021-09-07 17:00:00,1754.385
2021-09-07 18:00:00,1743.74
2021-09-07 19:00:00,1736.3875
2021-09-07 20:00:00,1743.97
2021-09-07 21:00:00,1743.8075
2021-09-07 22:00:00,1734.575
2021-09-07 23:00:00,1739.1475
2021-09-08 00:00:00,1744.2875
2021-09-08 01:00:00,1740.7725
2021-09-08 02:00:00,1730.7725
2021-09-08 03:00:00,1711.1374999999998
2021-09-08 04:00:00,1701.305
2021-09-08 05:00:00,1690.85
2021-09-08 06:00:00,1685.5875
2021-09-08 07:00:00,1672.6275
2021-09-08 08:00:00,1655.315
2021-09-08 09:00:00,1668.5875
2021-09-08 10:00:00,1671.8525
2021-09-08 11:00:00,1665.6825000000001
2021-09-08 12:00:00,1669.6675
2021-09-08 13:00:00,1679.76
2021-09-08 14:00:00,1675.2625
2021-09-08 15:00:00,1665.4650000000001
2021-09-08 16:00:00,1663.5225
2021-09-08 17:00:00,1654.1025
2021-09-08 18:00:00,1639.585
2021-09-08 19:00:00,1634.79
2021-09-08 20:00:00,1625.655
2021-09-08 21:00:00,1627.5774999999999
2021-09-08 22:00:00,1632.4175
2021-09-08 23:00:00,1640.0825
2021-09-09 00:00:00,1641.15
2021-09-09 01:00:00,1643.1125
2021-09-09 02:00:00,1630.385
2021-09-09 03:00:00,1618.5725
2021-09-09 04:00:00,1615.365
2021-09-09 05:00:00,1602.67
2021-09-09 06:00:00,1596.8925
2021-09-09 07:00:00,1596.9775
2021-09-09 08:00:00,1587.725
2021-09-09 09:00:00,1596.9025
2021-09-09 10:00:00,1598.9175
2021-09-09 11:00:00,1602.5725
2021-09-09 12:00:00,1615.585
2021-09-09 13:00:00,1624.8475
2021-09-09 14:00:00,1627.5725
2021-09-09 15:00:00,1632.2675
2021-09-09 16:00:00,1626.755
2021-09-09 17:00:00,1616.7024999999999
2021-09-09 18:00:00,1615.4499999999998
2021-09-09 19:00:00,1617.365
2021-09-09 20:00:00,1615.81
2021-09-09 21:00:00,1622.8925
2021-09-09 22:00:00,1636.82
2021-09-09 23:00:00,1655.5175
2021-09-10 00:00:00,1661.4724999999999
2021-09-10 01:00:00,1661.8525
2021-09-10 02:00:00,1654.4875
2021-09-10 03:00:00,1630.575
2021-09-10 04:00:00,1624.2150000000001
2021-09-10 05:00:00,1620.935
2021-09-10 06:00:00,1617.335
2021-09-10 07:00:00,1611.8875
2021-09-10 08:00:00,1609.65
2021-09-10 09:00:00,1613.275
2021-09-10 10:00:00,1613.81
2021-09-10 11:00:00,1620.8625
2021-09-10 12:00:00,1643.2775
2021-09-10 13:00:00,1665.4525
2021-09-10 14:00:00,1683.725
2021-09-10 15:00:00,1694.9
2021-09-10 16:00:00,1680.405
2021-09-10 17:00:00,1666.67
2021-09-10 18:00:00,1656.5075
2021-09-10 19:00:00,1650.08
2021-09-10 20:00:00,1647.06
2021-09-10 21:00:00,1643.4025000000001
2021-09-10 22:00:00,1650.2775
2021-09-10 23:00:00,1655.4525
2021-09-11 00:00:00,1660.55
2021-09-11 01:00:00,1655.73
2021-09-11 02:00:00,1658.69
2021-09-11 03:00:00,1645.7150000000001
2021-09-11 04:00:00,1628.595
2021-09-11 05:00:00,1623.365
2021-09-11 06:00:00,1618.7375
2021-09-11 07:00:00,1624.615
2021-09-11 08:00:00,1617.3525
2021-09-11 09:00:00,1609.5525
2021-09-11 10:00:00,1610.52
2021-09-11 11:00:00,1606.8400000000001
2021-09-11 12:00:00,1602.48
2021-09-11 13:00:00,1601.685
2021-09-11 14:00:00,1599.555
2021-09-11 15:00:00,1600.415
2021-09-11 16:00:00,1588.71
2021-09-11 17:00:00,1581.725
2021-09-11 18:00:00,1570.76
2021-09-11 19:00:00,1567.15
2021-09-11 20:00:00,1563.1625
2021-09-11 21:00:00,1558.46
2021-09-11 22:00:00,1562.505
2021-09-11 23:00:00,1564.8325
2021-09-12 00:00:00,1531.425
2021-09-12 01:00:00,1530.575
2021-09-12 02:00:00,1526.5475000000001
2021-09-12 03:00:00,1516.815
2021-09-12 04:00:00,1523.0900000000001
2021-09-12 05:00:00,1513.965
2021-09-12 06:00:00,1504.8125
2021-09-12 07:00:00,1517.6575
2021-09-12 08:00:00,1512.2
2021-09-12 09:00:00,1518.7150000000001
2021-09-12 10:00:00,1520.0075
2021-09-12 11:00:00,1514.4125
2021-09-12 12:00:00,1519.475
2021-09-12 13:00:00,1508.9924999999998
2021-09-12 14:00:00,1502.6225
2021-09-12 15:00:00,1495.1575
2021-09-12 16:00:00,1480.76
2021-09-12 17:00:00,1471.53
2021-09-12 18:00:00,1461.805
2021-09-12 19:00:00,1456.0674999999999
2021-09-12 20:00:00,1450.9724999999999
2021-09-12 21:00:00,1446.315
2021-09-12 22:00:00,1451.6925
2021-09-12 23:00:00,1446.4
2021-09-13 00:00:00,1431.42
2021-09-13 01:00:00,1424.5974999999999
2021-09-13 02:00:00,1418.59
2021-09-13 03:00:00,1413.3625
2021-09-13 04:00:00,1410.465
2021-09-13 05:00:00,1404.4275
2021-09-13 06:00:00,1395.3325
2021-09-13 07:00:00,1406.315
2021-09-13 08:00:00,1414.1875
2021-09-13 09:00:00,1425.3475
2021-09-13 10:00:00,1429.52
2021-09-13 11:00:00,1436.7275
2021-09-13 12:00:00,1442.275
2021-09-13 13:00:00,1449.905
2021-09-13 14:00:00,1462.9625
2021-09-13 15:00:00,1468.56
2021-09-13 16:00:00,1467.1325
2021-09-13 17:00:00,1459.25
2021-09-13 18:00:00,1475.9
2021-09-13 19:00:00,1484.0525
2021-09-13 20:00:00,1492.105
2021-09-13 21:00:00,1496.6475
2021-09-13 22:00:00,1500.165
2021-09-13 23:00:00,1500.48
2021-09-14 00:00:00,1497.97
2021-09-14 01:00:00,1508.1325
2021-09-14 02:00:00,1510.21
2021-09-14 03:00:00,1508.095
2021-09-14 04:00:00,1510.315
2021-09-14 05:00:00,1513.8425
2021-09-14 06:00:00,1509.47
2021-09-14 07:00:00,1512.6925
2021-09-14 08:00:00,1513.9225000000001
2021-09-14 09:00:00,1517.9175
2021-09-14 10:00:00,1497.775
2021-09-14 11:00:00,1448.71
2021-09-14 12:00:00,1512.2575000000002
2021-09-14 13:00:00,1533.755
2021-09-14 14:00:00,1535.1475
2021-09-14 15:00:00,1539.35
2021-09-14 16:00:00,1542.4
2021-09-14 17:00:00,1555.4325000000001
2021-09-14 18:00:00,1547.325
2021-09-14 19:00:00,1551.7450000000001
2021-09-14 20:00:00,1545.7375000000002
2021-09-14 21:00:00,1541.34
2021-09-14 22:00:00,1540.0175
2021-09-14 23:00:00,1537.075
2021-09-15 00:00:00,1530.9925
2021-09-15 01:00:00,1531.415
2021-09-15 02:00:00,1534.42
2021-09-15 03:00:00,1529.79
2021-09-15 04:00:00,1530.0349999999999
2021-09-15 05:00:00,1530.33
2021-09-15 06:00:00,1529.915
2021-09-15 07:00:00,1525.265
2021-09-15 08:00:00,1515.3775
2021-09-15 09:00:00,1525.495
2021-09-15 10:00:00,1522.425
2021-09-15 11:00:00,1523.205
2021-09-15 12:00:00,1524.7425
2021-09-15 13:00:00,1517.595
2021-09-15 14:00:00,1516.1
2021-09-15 15:00:00,1523.7825
2021-09-15 16:00:00,1533.8925
2021-09-15 17:00:00,1535.3175
2021-09-15 18:00:00,1528.195
2021-09-15 19:00:00,1540.9125
2021-09-15 20:00:00,1543.5975
2021-09-15 21:00:00,1554.9625
2021-09-15 22:00:00,1575.36
2021-09-15 23:00:00,1586.6925
2021-09-16 00:00:00,1578.3725
2021-09-16 01:00:00,1594.98
2021-09-16 02:00:00,1604.76
2021-09-16 03:00:00,1595.9975
2021-09-16 04:00:00,1611.4925
2021-09-16 05:00:00,1617.9375
2021-09-16 06:00:00,1623.875
2021-09-16 07:00:00,1629.0124999999998
2021-09-16 08:00:00,1627.53
2021-09-16 09:00:00,1626.6425
2021-09-16 10:00:00,1631.605
2021-09-16 11:00:00,1634.84
2021-09-16 12:00:00,1634.955
2021-09-16 13:00:00,1632.0175
2021-09-16 14:00:00,1639.69
2021-09-16 15:00:00,1638.1725000000001
2021-09-16 16:00:00,1620.1225
2021-09-16 17:00:00,1621.7325
2021-09-16 18:00:00,1619.885
2021-09-16 19:00:00,1615.6675
2021-09-16 20:00:00,1623.1125000000002
2021-09-16 21:00:00,1641.425
2021-09-16 22:00:00,1645.685
2021-09-16 23:00:00,1643.125
2021-09-17 00:00:00,1650.9325
2021-09-17 01:00:00,1670.9825
2021-09-17 02:00:00,1685.3475
2021-09-17 03:00:00,1694.875
2021-09-17 04:00:00,1696.0149999999999
2021-09-17 05:00:00,1696.3225
2021-09-17 06:00:00,1699.79
2021-09-17 07:00:00,1708.7024999999999
2021-09-17 08:00:00,1716.3275
2021-09-17 09:00:00,1724.91
2021-09-17 10:00:00,1721.4775
2021-09-17 11:00:00,1735.8375
2021-09-17 12:00:00,1745.8400000000001
2021-09-17 13:00:00,1746.2625
2021-09-17 14:00:00,1742.8925
2021-09-17 15:00:00,1734.4925
2021-09-17 16:00:00,1728.395
2021-09-17 17:00:00,1719.0549999999998
2021-09-17 18:00:00,1698.135
2021-09-17 19:00:00,1699.25
2021-09-17 20:00:00,1703.205
2021-09-17 21:00:00,1694.4724999999999
2021-09-17 22:00:00,1681.8175
2021-09-17 23:00:00,1675.8925
2021-09-18 00:00:00,1669.095
2021-09-18 01:00:00,1670.2075
2021-09-18 02:00:00,1651.8375
2021-09-18 03:00:00,1642.9225000000001
2021-09-18 04:00:00,1627.905
2021-09-18 05:00:00,1622.2975000000001
2021-09-18 06:00:00,1623.5175
2021-09-18 07:00:00,1626.595
2021-09-18 08:00:00,1623.9975
2021-09-18 09:00:00,1618.1950000000002
2021-09-18 10:00:00,1601.805
2021-09-18 11:00:00,1594.965
2021-09-18 12:00:00,1591.1375
2021-09-18 13:00:00,1587.9975
2021-09-18 14:00:00,1587.96
2021-09-18 15:00:00,1576.515
2021-09-18 16:00:00,1569.9075
2021-09-18 17:00:00,1565.2450000000001
2021-09-18 18:00:00,1554.495
2021-09-18 19:00:00,1541.6925
2021-09-18 20:00:00,1530.8575
2021-09-18 21:00:00,1525.225
2021-09-18 22:00:00,1522.065
2021-09-18 23:00:00,1508.7025
2021-09-19 00:00:00,1501.4575
2021-09-19 01:00:00,1495.875
2021-09-19 02:00:00,1478.0774999999999
2021-09-19 03:00:00,1466.96
2021-09-19 04:00:00,1467.035
2021-09-19 05:00:00,1460.8125
2021-09-19 06:00:00,1460.665
2021-09-19 07:00:00,1461.2375000000002
2021-09-19 08:00:00,1458.0075
2021-09-19 09:00:00,1453.1675
2021-09-19 10:00:00,1453.3525
2021-09-19 11:00:00,1454.4225
2021-09-19 12:00:00,1457.06
2021-09-19 13:00:00,1451.07
2021-09-19 14:00:00,1446.375
2021-09-19 15:00:00,1436.9
2021-09-19 16:00:00,1437.165
2021-09-19 17:00:00,1451.72
2021-09-19 18:00:00,1448.105
2021-09-19 19:00:00,1446.4175
2021-09-19 20:00:00,1453.56
2021-09-19 21:00:00,1453.7024999999999
2021-09-19 22:00:00,1449.4725
2021-09-19 23:00:00,1460.32
2021-09-20 00:00:00,1469.11
2021-09-20 01:00:00,1459.5725
2021-09-20 02:00:00,1460.695
2021-09-20 03:00:00,1468.81
2021-09-20 04:00:00,1486.365
2021-09-20 05:00:00,1511.5700000000002
2021-09-20 06:00:00,1535.0125
2021-09-20 07:00:00,1554.3274999999999
2021-09-20 08:00:00,1549.4875
2021-09-20 09:00:00,1537.52
2021-09-20 10:00:00,1524.225
2021-09-20 11:00:00,1519.8200000000002
2021-09-20 12:00:00,1516.3775
2021-09-20 13:00:00,1534.8125
2021-09-20 14:00:00,1520.3474999999999
2021-09-20 15:00:00,1491.1425
2021-09-20 16:00:00,1496.3025
2021-09-20 17:00:00,1503.2350000000001
2021-09-20 18:00:00,1497.45
2021-09-20 19:00:00,1490.0225
2021-09-20 20:00:00,1483.7375
2021-09-20 21:00:00,1482.83
2021-09-20 22:00:00,1481.54
2021-09-20 23:00:00,1484.8625
2021-09-21 00:00:00,1485.3600000000001
2021-09-21 01:00:00,1486.4099999999999
2021-09-21 02:00:00,1483.13
2021-09-21 03:00:00,1473.9225
2021-09-21 04:00:00,1462.8875
2021-09-21 05:00:00,1453.0675
2021-09-21 06:00:00,1444.2575
2021-09-21 07:00:00,1422.9825
2021-09-21 08:00:00,1412.0575
2021-09-21 09:00:00,1408.5675
2021-09-21 10:00:00,1407.1675
2021-09-21 11:00:00,1416.565
2021-09-21 12:00:00,1422.43
2021-09-21 13:00:00,1435.5
2021-09-21 14:00:00,1433.495
2021-09-21 15:00:00,1422.56
2021-09-21 16:00:00,1415.3
2021-09-21 17:00:00,1402.765
2021-09-21 18:00:00,1400.17
2021-09-21 19:00:00,1400.01
2021-09-21 20:00:00,1396.31
2021-09-21 21:00:00,1393.2775000000001
2021-09-21 22:00:00,1391.6625
2021-09-21 23:00:00,1389.4275
2021-09-22 00:00:00,1382.5025
2021-09-22 01:00:00,1374.44
2021-09-22 02:00:00,1371.55
2021-09-22 03:00:00,1357.7575000000002
2021-09-22 04:00:00,1345.795
2021-09-22 05:00:00,1342.36
2021-09-22 06:00:00,1341.31
2021-09-22 07:00:00,1341.4724999999999
2021-09-22 08:00:00,1325.545
2021-09-22 09:00:00,1333.26
2021-09-22 10:00:00,1328.6675
2021-09-22 11:00:00,1330.485
2021-09-22 12:00:00,1342.285
2021-09-22 13:00:00,1345.285
2021-09-22 14:00:00,1338.9775
2021-09-22 15:00:00,1336.0925
2021-09-22 16:00:00,1335.705
2021-09-22 17:00:00,1336.24
2021-09-22 18:00:00,1326.085
2021-09-22 19:00:00,1327.5349999999999
2021-09-22 20:00:00,1328.4724999999999
2021-09-22 21:00:00,1333.8274999999999
2021-09-22 22:00:00,1343.7175
2021-09-22 23:00:00,1349.2475
2021-09-23 00:00:00,1351.0774999999999
2021-09-23 01:00:00,1349.8425
2021-09-23 02:00:00,1348.01
2021-09-23 03:00:00,1331.6475
2021-09-23 04:00:00,1318.5425
2021-09-23 05:00:00,1309.4
2021-09-23 06:00:00,1302.5375
2021-09-23 07:00:00,1302.145
2021-09-23 08:00:00,1294.3975
2021-09-23 09:00:00,1314.7175
2021-09-23 10:00:00,1329.9
2021-09-23 11:00:00,1332.3125
2021-09-23 12:00:00,1331.565
2021-09-23 13:00:00,1321.9025
2021-09-23 14:00:00,1302.2225
2021-09-23 15:00:00,1279.8525
2021-09-23 16:00:00,1285.5225
2021-09-23 17:00:00,1269.415
2021-09-23 18:00:00,1258.6925
2021-09-23 19:00:00,1257.7725
2021-09-23 20:00:00,1254.3400000000001
2021-09-23 21:00:00,1258.6475
2021-09-23 22:00:00,1265.6950000000002
2021-09-23 23:00:00,1262.05
2021-09-24 00:00:00,1255.305
2021-09-24 01:00:00,1263.655
2021-09-24 02:00:00,1269.8
2021-09-24 03:00:00,1270.9225000000001
2021-09-24 04:00:00,1265.5149999999999
2021-09-24 05:00:00,1263.525
2021-09-24 06:00:00,1259.2575
2021-09-24 07:00:00,1258.78
2021-09-24 08:00:00,1273.8575
2021-09-24 09:00:00,1268.9925
2021-09-24 10:00:00,1262.21
2021-09-24 11:00:00,1268.8425
2021-09-24 12:00:00,1276.575
2021-09-24 13:00:00,1272.8474999999999
2021-09-24 14:00:00,1267.6375
2021-09-24 15:00:00,1257.665
2021-09-24 16:00:00,1255.315
2021-09-24 17:00:00,1252.9
2021-09-24 18:00:00,1240.4
2021-09-24 19:00:00,1238.795
2021-09-24 20:00:00,1240.4
2021-09-24 21:00:00,1245.8275
2021-09-24 22:00:00,1246.0975
2021-09-24 23:00:00,1248.2525
2021-09-25 00:00:00,1245.62
2021-09-25 01:00:00,1244.66
2021-09-25 02:00:00,1235.35
2021-09-25 03:00:00,1222.925
2021-09-25 04:00:00,1214.5325
2021-09-25 05:00:00,1209.64
2021-09-25 06:00:00,1202.75
2021-09-25 07:00:00,1197.13
2021-09-25 08:00:00,1196.5025
2021-09-25 09:00:00,1199.2425
2021-09-25 10:00:00,1207.8225
2021-09-25 11:00:00,1214.345
2021-09-25 12:00:00,1220.435
2021-09-25 13:00:00,1219.72
2021-09-25 14:00:00,1213.77
2021-09-25 15:00:00,1207.415
2021-09-25 16:00:00,1195.2625
2021-09-25 17:00:00,1185.8675
2021-09-25 18:00:00,1176.315
2021-09-25 19:00:00,1171.22
2021-09-25 20:00:00,1163.07
2021-09-25 21:00:00,1162.4075
2021-09-25 22:00:00,1164.42
2021-09-25 23:00:00,1174.3625
2021-09-26 00:00:00,1174.12
2021-09-26 01:00:00,1178.55
2021-09-26 02:00:00,1179.3525
2021-09-26 03:00:00,1173.18
2021-09-26 04:00:00,1166.3425
2021-09-26 05:00:00,1163.8375
2021-09-26 06:00:00,1159.025
2021-09-26 07:00:00,1166.1325
2021-09-26 08:00:00,1169.7875
2021-09-26 09:00:00,1174.33
2021-09-26 10:00:00,1182.9
2021-09-26 11:00:00,1171.325
2021-09-26 12:00:00,1161.355
2021-09-26 13:00:00,1158.74
2021-09-26 14:00:00,1156.215
2021-09-26 15:00:00,1153.21
2021-09-26 16:00:00,1153.305
2021-09-26 17:00:00,1146.955
2021-09-26 18:00:00,1138.2625
2021-09-26 19:00:00,1138.0225
2021-09-26 20:00:00,1133.7775
2021-09-26 21:00:00,1126.455
2021-09-26 22:00:00,1120.6775
2021-09-26 23:00:00,1116.73
2021-09-27 00:00:00,1120.3625
2021-09-27 01:00:00,1131.5325
2021-09-27 02:00:00,1163.3175
2021-09-27 03:00:00,1164.9275
2021-09-27 04:00:00,1175.445
2021-09-27 05:00:00,1180.6775
2021-09-27 06:00:00,1190.9675
2021-09-27 07:00:00,1210.9425
2021-09-27 08:00:00,1224.765
2021-09-27 09:00:00,1234.46
2021-09-27 10:00:00,1235.3825
2021-09-27 11:00:00,1243.8325
2021-09-27 12:00:00,1257.1075
2021-09-27 13:00:00,1263.305
2021-09-27 14:00:00,1260.66
2021-09-27 15:00:00,1257.475
2021-09-27 16:00:00,1256.0
2021-09-27 17:00:00,1257.8875
2021-09-27 18:00:00,1249.7024999999999
2021-09-27 19:00:00,1254.5475000000001
2021-09-27 20:00:00,1258.6725000000001
2021-09-27 21:00:00,1268.6275
2021-09-27 22:00:00,1271.3400000000001
2021-09-27 23:00:00,1275.03
2021-09-28 00:00:00,1259.5075
2021-09-28 01:00:00,1247.555
2021-09-28 02:00:00,1243.045
2021-09-28 03:00:00,1230.32
2021-09-28 04:00:00,1222.44
2021-09-28 05:00:00,1216.9
2021-09-28 06:00:00,1215.6675
2021-09-28 07:00:00,1216.89
2021-09-28 08:00:00,1210.2350000000001
2021-09-28 09:00:00,1229.58
2021-09-28 10:00:00,1234.835
2021-09-28 11:00:00,1233.9675
2021-09-28 12:00:00,1245.9075
2021-09-28 13:00:00,1263.82
2021-09-28 14:00:00,1266.3625
2021-09-28 15:00:00,1262.345
2021-09-28 16:00:00,1275.155
2021-09-28 17:00:00,1283.065
2021-09-28 18:00:00,1281.875
2021-09-28 19:00:00,1288.9850000000001
2021-09-28 20:00:00,1300.7775
2021-09-28 21:00:00,1310.575
2021-09-28 22:00:00,1313.79
2021-09-28 23:00:00,1313.995
2021-09-29 00:00:00,1316.0875
2021-09-29 01:00:00,1310.7925
2021-09-29 02:00:00,1291.8525
2021-09-29 03:00:00,1268.405
2021-09-29 04:00:00,1240.3825000000002
2021-09-29 05:00:00,1221.465
2021-09-29 06:00:00,1200.9099999999999
2021-09-29 07:00:00,1191.1425
2021-09-29 08:00:00,1193.6575
2021-09-29 09:00:00,1203.4275
2021-09-29 10:00:00,1211.4075
2021-09-29 11:00:00,1221.7025
2021-09-29 12:00:00,1261.2875
2021-09-29 13:00:00,1265.8725
2021-09-29 14:00:00,1280.245
2021-09-29 15:00:00,1297.0575000000001
2021-09-29 16:00:00,1303.7275
2021-09-29 17:00:00,1313.8075000000001
2021-09-29 18:00:00,1315.56
2021-09-29 19:00:00,1316.03
2021-09-29 20:00:00,1317.1575
2021-09-29 21:00:00,1320.3325
2021-09-29 22:00:00,1323.26
2021-09-29 23:00:00,1321.4125
2021-09-30 00:00:00,1295.7024999999999
2021-09-30 01:00:00,1285.28
2021-09-30 02:00:00,1272.3175
2021-09-30 03:00:00,1253.315
2021-09-30 04:00:00,1240.98
2021-09-30 05:00:00,1231.1
2021-09-30 06:00:00,1217.88
2021-09-30 07:00:00,1210.7150000000001
2021-09-30 08:00:00,1202.245
2021-09-30 09:00:00,1200.9325
2021-09-30 10:00:00,1198.51
2021-09-30 11:00:00,1196.5425
2021-09-30 12:00:00,1192.51
2021-09-30 13:00:00,1208.03
2021-09-30 14:00:00,1209.47
2021-09-30 15:00:00,1216.415
2021-09-30 16:00:00,1213.25
2021-09-30 17:00:00,1220.425
2021-09-30 18:00:00,1218.9425
2021-09-30 19:00:00,1226.195
2021-09-30 20:00:00,1223.2224999999999
2021-09-30 21:00:00,1231.385
2021-09-30 22:00:00,1234.9850000000001
2021-09-30 23:00:00,1235.565
2021-10-01 00:00:00,1241.765
2021-10-01 01:00:00,1246.175
2021-10-01 02:00:00,1241.6425
2021-10-01 03:00:00,1229.5075
2021-10-01 04:00:00,1222.2275
2021-10-01 05:00:00,1205.785
2021-10-01 06:00:00,1194.3525
2021-10-01 07:00:00,1188.565
2021-10-01 08:00:00,1179.93
2021-10-01 09:00:00,1177.18
2021-10-01 10:00:00,1174.29
2021-10-01 11:00:00,1180.2125
2021-10-01 12:00:00,1184.5575
2021-10-01 13:00:00,1181.6525000000001
2021-10-01 14:00:00,1186.6075
2021-10-01 15:00:00,1185.98
2021-10-01 16:00:00,1176.055
2021-10-01 17:00:00,1163.7575
2021-10-01 18:00:00,1157.4375
2021-10-01 19:00:00,1156.2175
2021-10-01 20:00:00,1151.6924999999999
2021-10-01 21:00:00,1157.7024999999999
2021-10-01 22:00:00,1163.9425
2021-10-01 23:00:00,1162.6725000000001
2021-10-02 00:00:00,1155.7875
2021-10-02 01:00:00,1168.665
2021-10-02 02:00:00,1154.7775000000001
2021-10-02 03:00:00,1138.4325
2021-10-02 04:00:00,1128.0875
2021-10-02 05:00:00,1114.895
2021-10-02 06:00:00,1102.975
2021-10-02 07:00:00,1096.6875
2021-10-02 08:00:00,1089.7825
2021-10-02 09:00:00,1093.065
2021-10-02 10:00:00,1091.0575
2021-10-02 11:00:00,1088.685
2021-10-02 12:00:00,1088.7150000000001
2021-10-02 13:00:00,1083.465
2021-10-02 14:00:00,1083.445
2021-10-02 15:00:00,1072.485
2021-10-02 16:00:00,1067.3725
2021-10-02 17:00:00,1055.4524999999999
2021-10-02 18:00:00,1050.48
2021-10-02 19:00:00,1053.8075
2021-10-02 20:00:00,1050.68
2021-10-02 21:00:00,1052.105
2021-10-02 22:00:00,1060.02
2021-10-02 23:00:00,1065.6399999999999
2021-10-03 00:00:00,1063.45
2021-10-03 01:00:00,1062.3975
2021-10-03 02:00:00,1058.1
2021-10-03 03:00:00,1050.125
2021-10-03 04:00:00,1051.0475000000001
2021-10-03 05:00:00,1043.15
2021-10-03 06:00:00,1028.655
2021-10-03 07:00:00,1026.65
2021-10-03 08:00:00,1031.085
2021-10-03 09:00:00,1035.645
2021-10-03 10:00:00,1035.7
2021-10-03 11:00:00,1036.2075
2021-10-03 12:00:00,1034.6325
2021-10-03 13:00:00,1039.7649999999999
2021-10-03 14:00:00,1037.2
2021-10-03 15:00:00,1030.9724999999999
2021-10-03 16:00:00,1022.3175
2021-10-03 17:00:00,1016.7725
2021-10-03 18:00:00,1013.41
2021-10-03 19:00:00,1015.37
2021-10-03 20:00:00,1008.6725
2021-10-03 21:00:00,1006.4975
2021-10-03 22:00:00,1012.2975
2021-10-03 23:00:00,1013.755
2021-10-04 00:00:00,1013.9
2021-10-04 01:00:00,1016.4
2021-10-04 02:00:00,1014.0925
2021-10-04 03:00:00,1005.7075
2021-10-04 04:00:00,1013.105
2021-10-04 05:00:00,1008.2375
2021-10-04 06:00:00,1002.7975
2021-10-04 07:00:00,1001.6125
2021-10-04 08:00:00,1003.975
2021-10-04 09:00:00,1010.085
2021-10-04 10:00:00,1024.1125
2021-10-04 11:00:00,1029.745
2021-10-04 12:00:00,1033.7175
2021-10-04 13:00:00,1038.0925
2021-10-04 14:00:00,1050.6825
2021-10-04 15:00:00,1065.07
2021-10-04 16:00:00,1072.7875
2021-10-04 17:00:00,1068.66
2021-10-04 18:00:00,1065.1299999999999
2021-10-04 19:00:00,1070.9175
2021-10-04 20:00:00,1072.41
2021-10-04 21:00:00,1066.0475
2021-10-04 22:00:00,1070.3
2021-10-04 23:00:00,1084.6925
2021-10-05 00:00:00,1088.3325
2021-10-05 01:00:00,1088.62
2021-10-05 02:00:00,1084.625
2021-10-05 03:00:00,1075.1125
2021-10-05 04:00:00,1075.6
2021-10-05 05:00:00,1075.6375
2021-10-05 06:00:00,1075.9524999999999
2021-10-05 07:00:00,1076.4225000000001
2021-10-05 08:00:00,1068.3125
2021-10-05 09:00:00,1076.595
2021-10-05 10:00:00,1089.4225000000001
2021-10-05 11:00:00,1104.0349999999999
2021-10-05 12:00:00,1116.9075
2021-10-05 13:00:00,1144.9125
2021-10-05 14:00:00,1168.2975
2021-10-05 15:00:00,1177.98
2021-10-05 16:00:00,1174.2150000000001
2021-10-05 17:00:00,1190.5025
2021-10-05 18:00:00,1208.63
2021-10-05 19:00:00,1221.065
2021-10-05 20:00:00,1232.5875
2021-10-05 21:00:00,1256.315
2021-10-05 22:00:00,1286.9025
2021-10-05 23:00:00,1301.8625
2021-10-06 00:00:00,1315.99
2021-10-06 01:00:00,1320.97
2021-10-06 02:00:00,1319.595
2021-10-06 03:00:00,1314.52
2021-10-06 04:00:00,1324.0225
2021-10-06 05:00:00,1335.7725
2021-10-06 06:00:00,1336.925
2021-10-06 07:00:00,1335.1975
2021-10-06 08:00:00,1341.08
2021-10-06 09:00:00,1357.19
2021-10-06 10:00:00,1360.4250000000002
2021-10-06 11:00:00,1375.44
2021-10-06 12:00:00,1389.1375
2021-10-06 13:00:00,1387.07
2021-10-06 14:00:00,1386.2675
2021-10-06 15:00:00,1382.6374999999998
2021-10-06 16:00:00,1380.4075
2021-10-06 17:00:00,1393.2625
2021-10-06 18:00:00,1394.5774999999999
2021-10-06 19:00:00,1407.3925
2021-10-06 20:00:00,1398.595
2021-10-06 21:00:00,1406.2525
2021-10-06 22:00:00,1413.0825
2021-10-06 23:00:00,1417.9275
2021-10-07 00:00:00,1416.0425
2021-10-07 01:00:00,1432.2375
2021-10-07 02:00:00,1423.76
2021-10-07 03:00:00,1405.4625
2021-10-07 04:00:00,1409.1575
2021-10-07 05:00:00,1399.885
2021-10-07 06:00:00,1389.9675
2021-10-07 07:00:00,1379.6225
2021-10-07 08:00:00,1365.37
2021-10-07 09:00:00,1361.08
2021-10-07 10:00:00,1348.14
2021-10-07 11:00:00,1354.1725000000001
2021-10-07 12:00:00,1354.84
2021-10-07 13:00:00,1369.95
2021-10-07 14:00:00,1372.9525
2021-10-07 15:00:00,1370.0775
2021-10-07 16:00:00,1357.325
2021-10-07 17:00:00,1348.68
2021-10-07 18:00:00,1336.24
2021-10-07 19:00:00,1335.145
2021-10-07 20:00:00,1335.83
2021-10-07 21:00:00,1328.9775
2021-10-07 22:00:00,1328.615
2021-10-07 23:00:00,1345.04
2021-10-08 00:00:00,1342.65
2021-10-08 01:00:00,1338.2350000000001
2021-10-08 02:00:00,1335.3625
2021-10-08 03:00:00,1325.6725000000001
2021-10-08 04:00:00,1318.2075
2021-10-08 05:00:00,1312.0375
2021-10-08 06:00:00,1301.8675
2021-10-08 07:00:00,1298.385
2021-10-08 08:00:00,1279.08
2021-10-08 09:00:00,1263.3925
2021-10-08 10:00:00,1263.55
2021-10-08 11:00:00,1278.305
2021-10-08 12:00:00,1283.0825
2021-10-08 13:00:00,1285.585
2021-10-08 14:00:00,1279.945
2021-10-08 15:00:00,1265.7575
2021-10-08 16:00:00,1264.6075
2021-10-08 17:00:00,1255.6575
2021-10-08 18:00:00,1239.46
2021-10-08 19:00:00,1242.545
2021-10-08 20:00:00,1237.1525
2021-10-08 21:00:00,1232.0125
2021-10-08 22:00:00,1243.98
2021-10-08 23:00:00,1241.985
2021-10-09 00:00:00,1235.8375
2021-10-09 01:00:00,1242.6599999999999
2021-10-09 02:00:00,1241.8625
2021-10-09 03:00:00,1226.4275
2021-10-09 04:00:00,1215.6075
2021-10-09 05:00:00,1217.1925
2021-10-09 06:00:00,1197.6625
2021-10-09 07:00:00,1188.7150000000001
2021-10-09 08:00:00,1177.2024999999999
2021-10-09 09:00:00,1174.155
2021-10-09 10:00:00,1164.1475
2021-10-09 11:00:00,1161.7150000000001
2021-10-09 12:00:00,1124.665
2021-10-09 13:00:00,1158.4025
2021-10-09 14:00:00,1158.835
2021-10-09 15:00:00,1153.3600000000001
2021-10-09 16:00:00,1150.815
2021-10-09 17:00:00,1149.0625
2021-10-09 18:00:00,1146.0075
2021-10-09 19:00:00,1146.0775
2021-10-09 20:00:00,1137.03
2021-10-09 21:00:00,1135.315
2021-10-09 22:00:00,1146.9025000000001
2021-10-09 23:00:00,1140.49
2021-10-10 00:00:00,1131.9775
2021-10-10 01:00:00,1132.73
2021-10-10 02:00:00,1133.1
2021-10-10 03:00:00,1123.2025
2021-10-10 04:00:00,1124.5925
2021-10-10 05:00:00,1115.0525
2021-10-10 06:00:00,1110.52
2021-10-10 07:00:00,1107.2
2021-10-10 08:00:00,1103.5725
2021-10-10 09:00:00,1105.74
2021-10-10 10:00:00,1104.0075
2021-10-10 11:00:00,1103.4725
2021-10-10 12:00:00,1101.575
2021-10-10 13:00:00,1097.945
2021-10-10 14:00:00,1057.6425
2021-10-10 15:00:00,1054.0700000000002
2021-10-10 16:00:00,1056.8975
2021-10-10 17:00:00,1053.0700000000002
2021-10-10 18:00:00,1059.815
2021-10-10 19:00:00,1064.0575000000001
2021-10-10 20:00:00,1051.43
2021-10-10 21:00:00,1055.1725000000001
2021-10-10 22:00:00,1096.4299999999998
2021-10-10 23:00:00,1106.5425
2021-10-11 00:00:00,1102.655
2021-10-11 01:00:00,1097.6
2021-10-11 02:00:00,1092.7575
2021-10-11 03:00:00,1079.385
2021-10-11 04:00:00,1072.5375
2021-10-11 05:00:00,1069.07
2021-10-11 06:00:00,1065.8225
2021-10-11 07:00:00,1061.17
2021-10-11 08:00:00,1053.5949999999998
2021-10-11 09:00:00,1047.3075
2021-10-11 10:00:00,1042.615
2021-10-11 11:00:00,1046.3325
2021-10-11 12:00:00,1050.49
2021-10-11 13:00:00,1062.9975
2021-10-11 14:00:00,1073.355
2021-10-11 15:00:00,1076.0349999999999
2021-10-11 16:00:00,1068.015
2021-10-11 17:00:00,1062.1925
2021-10-11 18:00:00,1056.3400000000001
2021-10-11 19:00:00,1056.8325
2021-10-11 20:00:00,1060.44
2021-10-11 21:00:00,1082.1525
2021-10-11 22:00:00,1109.065
2021-10-11 23:00:00,1118.4725
2021-10-12 00:00:00,1119.655
2021-10-12 01:00:00,1115.8474999999999
2021-10-12 02:00:00,1107.81
2021-10-12 03:00:00,1101.8225
2021-10-12 04:00:00,1098.8775
2021-10-12 05:00:00,1101.275
2021-10-12 06:00:00,1102.6125
2021-10-12 07:00:00,1104.8675
2021-10-12 08:00:00,1107.1025
2021-10-12 09:00:00,1105.6000000000001
2021-10-12 10:00:00,1106.2125
2021-10-12 11:00:00,1112.22
2021-10-12 12:00:00,1113.6
2021-10-12 13:00:00,1115.1375
2021-10-12 14:00:00,1102.355
2021-10-12 15:00:00,1101.12
2021-10-12 16:00:00,1113.53
2021-10-12 17:00:00,1115.1275
2021-10-12 18:00:00,1102.4825
2021-10-12 19:00:00,1098.7075
2021-10-12 20:00:00,1112.22
2021-10-12 21:00:00,1116.405
2021-10-12 22:00:00,1123.575
2021-10-12 23:00:00,1124.9325
2021-10-13 00:00:00,1127.44
2021-10-13 01:00:00,1134.6725000000001
2021-10-13 02:00:00,1134.6575
2021-10-13 03:00:00,1135.1525
2021-10-13 04:00:00,1134.8075
2021-10-13 05:00:00,1141.97
2021-10-13 06:00:00,1154.3325
2021-10-13 07:00:00,1168.1
2021-10-13 08:00:00,1175.88
2021-10-13 09:00:00,1179.9475
2021-10-13 10:00:00,1183.9175
2021-10-13 11:00:00,1190.375
2021-10-13 12:00:00,1177.8625
2021-10-13 13:00:00,1182.575
2021-10-13 14:00:00,1194.3175
2021-10-13 15:00:00,1177.8400000000001
2021-10-13 16:00:00,1186.1525
2021-10-13 17:00:00,1188.3000000000002
2021-10-13 18:00:00,1185.99
2021-10-13 19:00:00,1181.8474999999999
2021-10-13 20:00:00,1177.7925
2021-10-13 21:00:00,1184.3225
2021-10-13 22:00:00,1194.88
2021-10-13 23:00:00,1195.2875
2021-10-14 00:00:00,1204.4675
2021-10-14 01:00:00,1203.475
2021-10-14 02:00:00,1203.5575
2021-10-14 03:00:00,1187.825
2021-10-14 04:00:00,1180.4775
2021-10-14 05:00:00,1178.9175
2021-10-14 06:00:00,1178.845
2021-10-14 07:00:00,1169.15
2021-10-14 08:00:00,1156.23
2021-10-14 09:00:00,1158.1
2021-10-14 10:00:00,1162.1975
2021-10-14 11:00:00,1166.4850000000001
2021-10-14 12:00:00,1165.9225
2021-10-14 13:00:00,1162.3049999999998
2021-10-14 14:00:00,1165.11
2021-10-14 15:00:00,1163.0749999999998
2021-10-14 16:00:00,1168.42
2021-10-14 17:00:00,1161.92
2021-10-14 18:00:00,1163.0974999999999
2021-10-14 19:00:00,1162.695
2021-10-14 20:00:00,1155.49
2021-10-14 21:00:00,1157.795
2021-10-14 22:00:00,1156.21
2021-10-14 23:00:00,1162.855
2021-10-15 00:00:00,1173.6925
2021-10-15 01:00:00,1181.3799999999999
2021-10-15 02:00:00,1177.01
2021-10-15 03:00:00,1170.52
2021-10-15 04:00:00,1173.19
2021-10-15 05:00:00,1169.065
2021-10-15 06:00:00,1161.3675
2021-10-15 07:00:00,1149.085
2021-10-15 08:00:00,1141.865
2021-10-15 09:00:00,1142.115
2021-10-15 10:00:00,1133.5825
2021-10-15 11:00:00,1132.935
2021-10-15 12:00:00,1137.35
2021-10-15 13:00:00,1142.5025
2021-10-15 14:00:00,1144.4825
2021-10-15 15:00:00,1137.615
2021-10-15 16:00:00,1127.28
2021-10-15 17:00:00,1112.74
2021-10-15 18:00:00,1114.82
2021-10-15 19:00:00,1112.9524999999999
2021-10-15 20:00:00,1113.7225
2021-10-15 21:00:00,1122.095
2021-10-15 22:00:00,1132.99
2021-10-15 23:00:00,1135.77
2021-10-16 00:00:00,1145.8675
2021-10-16 01:00:00,1156.5225
2021-10-16 02:00:00,1158.4225000000001
2021-10-16 03:00:00,1150.3825
2021-10-16 04:00:00,1151.0775
2021-10-16 05:00:00,1153.325
2021-10-16 06:00:00,1152.075
2021-10-16 07:00:00,1153.125
2021-10-16 08:00:00,1149.58
2021-10-16 09:00:00,1152.9725
2021-10-16 10:00:00,1153.1775
2021-10-16 11:00:00,1152.9075
2021-10-16 12:00:00,1154.32
2021-10-16 13:00:00,1154.03
2021-10-16 14:00:00,1154.095
2021-10-16 15:00:00,1140.7224999999999
2021-10-16 16:00:00,1133.67
2021-10-16 17:00:00,1127.34
2021-10-16 18:00:00,1117.915
2021-10-16 19:00:00,1116.2225
2021-10-16 20:00:00,1113.1725000000001
2021-10-16 21:00:00,1110.19
2021-10-16 22:00:00,1111.6225
2021-10-16 23:00:00,1109.865
2021-10-17 00:00:00,1104.6775
2021-10-17 01:00:00,1098.9625
2021-10-17 02:00:00,1108.15
2021-10-17 03:00:00,1103.3175
2021-10-17 04:00:00,1091.6825
2021-10-17 05:00:00,1084.3425
2021-10-17 06:00:00,1074.01
2021-10-17 07:00:00,1067.9475
2021-10-17 08:00:00,1071.865
2021-10-17 09:00:00,1077.0900000000001
2021-10-17 10:00:00,1073.365
2021-10-17 11:00:00,1075.155
2021-10-17 12:00:00,1071.4875000000002
2021-10-17 13:00:00,1061.03
2021-10-17 14:00:00,1051.345
2021-10-17 15:00:00,1042.115
2021-10-17 16:00:00,1034.8975
2021-10-17 17:00:00,1034.375
2021-10-17 18:00:00,1028.0675
2021-10-17 19:00:00,1028.8725
2021-10-17 20:00:00,1021.0775
2021-10-17 21:00:00,1019.155
2021-10-17 22:00:00,1026.19
2021-10-17 23:00:00,1020.3499999999999
2021-10-18 00:00:00,1032.5275
2021-10-18 01:00:00,1034.85
2021-10-18 02:00:00,1028.7224999999999
2021-10-18 03:00:00,1017.8375
2021-10-18 04:00:00,1026.0549999999998
2021-10-18 05:00:00,1021.8275
2021-10-18 06:00:00,1015.3975
2021-10-18 07:00:00,1021.2575
2021-10-18 08:00:00,1027.3275
2021-10-18 09:00:00,1042.75
2021-10-18 10:00:00,1048.33
2021-10-18 11:00:00,1048.1
2021-10-18 12:00:00,1047.4125
2021-10-18 13:00:00,1064.6625
2021-10-18 14:00:00,1072.5575
2021-10-18 15:00:00,1073.4075
2021-10-18 16:00:00,1074.1325
2021-10-18 17:00:00,1077.085
2021-10-18 18:00:00,1074.98
2021-10-18 19:00:00,1074.6275
2021-10-18 20:00:00,1071.915
2021-10-18 21:00:00,1070.29
2021-10-18 22:00:00,1073.4025000000001
2021-10-18 23:00:00,1073.865
2021-10-19 00:00:00,1079.35
2021-10-19 01:00:00,1092.525
2021-10-19 02:00:00,1085.9450000000002
2021-10-19 03:00:00,1078.2925
2021-10-19 04:00:00,1074.085
2021-10-19 05:00:00,1074.1375
2021-10-19 06:00:00,1073.0475
2021-10-19 07:00:00,1077.655
2021-10-19 08:00:00,1075.765
2021-10-19 09:00:00,1082.0475
2021-10-19 10:00:00,1084.1
2021-10-19 11:00:00,1083.85
2021-10-19 12:00:00,1082.125
2021-10-19 13:00:00,1081.505
2021-10-19 14:00:00,1078.045
2021-10-19 15:00:00,1070.6075
2021-10-19 16:00:00,1059.175
2021-10-19 17:00:00,1069.1775
2021-10-19 18:00:00,1059.465
2021-10-19 19:00:00,1058.71
2021-10-19 20:00:00,1053.665
2021-10-19 21:00:00,1055.9875
2021-10-19 22:00:00,1068.3525
2021-10-19 23:00:00,1067.49
2021-10-20 00:00:00,1053.3600000000001
2021-10-20 01:00:00,1055.8874999999998
2021-10-20 02:00:00,1059.8925
2021-10-20 03:00:00,1056.7849999999999
2021-10-20 04:00:00,1051.21
2021-10-20 05:00:00,1046.2375
2021-10-20 06:00:00,1047.0
2021-10-20 07:00:00,1049.3174999999999
2021-10-20 08:00:00,1042.0275000000001
2021-10-20 09:00:00,1045.1425
2021-10-20 10:00:00,1043.475
2021-10-20 11:00:00,1041.09
2021-10-20 12:00:00,1048.9175
2021-10-20 13:00:00,1046.6425
2021-10-20 14:00:00,1039.24
2021-10-20 15:00:00,1034.1725000000001
2021-10-20 16:00:00,1029.3700000000001
2021-10-20 17:00:00,1031.1825
2021-10-20 18:00:00,1021.0575
2021-10-20 19:00:00,1019.1625
2021-10-20 20:00:00,1018.2674999999999
2021-10-20 21:00:00,1016.875
2021-10-20 22:00:00,1016.9775
2021-10-20 23:00:00,1015.1975
2021-10-21 00:00:00,1018.2625
2021-10-21 01:00:00,1015.75
2021-10-21 02:00:00,1011.785
2021-10-21 03:00:00,1010.3175
2021-10-21 04:00:00,1008.7075
2021-10-21 05:00:00,1000.3325
2021-10-21 06:00:00,1000.75
2021-10-21 07:00:00,1002.3125
2021-10-21 08:00:00,1004.7275
2021-10-21 09:00:00,1012.98
2021-10-21 10:00:00,1015.355
2021-10-21 11:00:00,1017.4525
2021-10-21 12:00:00,1030.0375
2021-10-21 13:00:00,1029.0725
2021-10-21 14:00:00,1020.09
2021-10-21 15:00:00,1010.72
2021-10-21 16:00:00,1006.705
2021-10-21 17:00:00,1015.485
2021-10-21 18:00:00,1014.9475
2021-10-21 19:00:00,1018.2
2021-10-21 20:00:00,1022.9775
2021-10-21 21:00:00,1033.3174999999999
2021-10-21 22:00:00,1056.2925
2021-10-21 23:00:00,1062.815
2021-10-22 00:00:00,1051.98
2021-10-22 01:00:00,1056.2475
2021-10-22 02:00:00,1067.1275
2021-10-22 03:00:00,1057.1925
2021-10-22 04:00:00,1049.6825000000001
2021-10-22 05:00:00,1040.7675
2021-10-22 06:00:00,1035.07
2021-10-22 07:00:00,1058.7350000000001
2021-10-22 08:00:00,1066.1174999999998
2021-10-22 09:00:00,1075.1225
2021-10-22 10:00:00,1081.48
2021-10-22 11:00:00,1087.6
2021-10-22 12:00:00,1094.495
2021-10-22 13:00:00,1089.43
2021-10-22 14:00:00,1090.175
2021-10-22 15:00:00,1093.8
2021-10-22 16:00:00,1085.705
2021-10-22 17:00:00,1075.055
2021-10-22 18:00:00,1072.035
2021-10-22 19:00:00,1075.595
2021-10-22 20:00:00,1080.7125
2021-10-22 21:00:00,1078.06
2021-10-22 22:00:00,1078.155
2021-10-22 23:00:00,1075.85
2021-10-23 00:00:00,1073.4375
2021-10-23 01:00:00,1070.405
2021-10-23 02:00:00,1058.7825
2021-10-23 03:00:00,1045.5775
2021-10-23 04:00:00,1041.8775
2021-10-23 05:00:00,1035.1175
2021-10-23 06:00:00,1046.92
2021-10-23 07:00:00,1045.6025
2021-10-23 08:00:00,1043.5675
2021-10-23 09:00:00,1038.3775
2021-10-23 10:00:00,1036.5025
2021-10-23 11:00:00,1032.9175
2021-10-23 12:00:00,1039.3425
2021-10-23 13:00:00,1036.0349999999999
2021-10-23 14:00:00,1029.805
2021-10-23 15:00:00,1026.7525
2021-10-23 16:00:00,1019.83
2021-10-23 17:00:00,1004.575
2021-10-23 18:00:00,1000.9449999999999
2021-10-23 19:00:00,999.4875000000001
2021-10-23 20:00:00,998.5425
2021-10-23 21:00:00,998.7574999999999
2021-10-23 22:00:00,1005.6625
2021-10-23 23:00:00,1008.12
2021-10-24 00:00:00,1010.7075
2021-10-24 01:00:00,1017.2475
2021-10-24 02:00:00,1018.9825000000001
2021-10-24 03:00:00,1009.0775
2021-10-24 04:00:00,1004.3875
2021-10-24 05:00:00,994.43
2021-10-24 06:00:00,989.6
2021-10-24 07:00:00,986.4325
2021-10-24 08:00:00,989.9375
2021-10-24 09:00:00,999.1700000000001
2021-10-24 10:00:00,1002.7825
2021-10-24 11:00:00,997.935
2021-10-24 12:00:00,991.455
2021-10-24 13:00:00,976.3775
2021-10-24 14:00:00,972.3775
2021-10-24 15:00:00,968.26
2021-10-24 16:00:00,961.325
2021-10-24 17:00:00,951.7725
2021-10-24 18:00:00,951.1675
2021-10-24 19:00:00,948.1775
2021-10-24 20:00:00,947.8325
2021-10-24 21:00:00,948.0550000000001
2021-10-24 22:00:00,944.335
2021-10-24 23:00:00,939.4775
2021-10-25 00:00:00,930.355
2021-10-25 01:00:00,930.4175
2021-10-25 02:00:00,932.8125
2021-10-25 03:00:00,928.2
2021-10-25 04:00:00,920.7775
2021-10-25 05:00:00,910.345
2021-10-25 06:00:00,898.1175000000001
2021-10-25 07:00:00,903.9
2021-10-25 08:00:00,901.6600000000001
2021-10-25 09:00:00,892.4300000000001
2021-10-25 10:00:00,897.39
2021-10-25 11:00:00,913.55
2021-10-25 12:00:00,916.125
2021-10-25 13:00:00,920.7375
2021-10-25 14:00:00,926.515
2021-10-25 15:00:00,925.8375
2021-10-25 16:00:00,919.3625
2021-10-25 17:00:00,921.2775
2021-10-25 18:00:00,926.345
2021-10-25 19:00:00,923.465
2021-10-25 20:00:00,915.5175
2021-10-25 21:00:00,922.74
2021-10-25 22:00:00,932.7375
2021-10-25 23:00:00,939.6875
2021-10-26 00:00:00,950.11
2021-10-26 01:00:00,976.88
2021-10-26 02:00:00,982.9775
2021-10-26 03:00:00,980.9075
2021-10-26 04:00:00,982.0274999999999
2021-10-26 05:00:00,980.005
2021-10-26 06:00:00,985.12
2021-10-26 07:00:00,1001.92
2021-10-26 08:00:00,1009.0799999999999
2021-10-26 09:00:00,1024.8825
2021-10-26 10:00:00,1028.4975
2021-10-26 11:00:00,1044.8625
2021-10-26 12:00:00,1063.9925
2021-10-26 13:00:00,1064.46
2021-10-26 14:00:00,1054.925
2021-10-26 15:00:00,1050.57
2021-10-26 16:00:00,1046.9925
2021-10-26 17:00:00,1042.1075
2021-10-26 18:00:00,1045.315
2021-10-26 19:00:00,1045.7024999999999
2021-10-26 20:00:00,1046.96
2021-10-26 21:00:00,1054.2875000000001
2021-10-26 22:00:00,1054.17
2021-10-26 23:00:00,1050.4175
2021-10-27 00:00:00,1048.545
2021-10-27 01:00:00,1041.58
2021-10-27 02:00:00,1045.0575
2021-10-27 03:00:00,1032.4625
2021-10-27 04:00:00,1030.415
2021-10-27 05:00:00,1020.555
2021-10-27 06:00:00,1027.1925
2021-10-27 07:00:00,1028.055
2021-10-27 08:00:00,1034.005
2021-10-27 09:00:00,1044.7675
2021-10-27 10:00:00,1048.055
2021-10-27 11:00:00,1051.375
2021-10-27 12:00:00,1053.665
2021-10-27 13:00:00,1055.58
2021-10-27 14:00:00,1048.7675
2021-10-27 15:00:00,1040.5975
2021-10-27 16:00:00,1034.025
2021-10-27 17:00:00,1033.97
2021-10-27 18:00:00,1034.8625
2021-10-27 19:00:00,1042.3925
2021-10-27 20:00:00,1052.295
2021-10-27 21:00:00,1066.48
2021-10-27 22:00:00,1076.0025
2021-10-27 23:00:00,1085.0275
2021-10-28 00:00:00,1080.655
2021-10-28 01:00:00,1082.1599999999999
2021-10-28 02:00:00,1080.22
2021-10-28 03:00:00,1064.7875
2021-10-28 04:00:00,1054.0725
2021-10-28 05:00:00,1044.1275
2021-10-28 06:00:00,1043.5625
2021-10-28 07:00:00,1044.4875
2021-10-28 08:00:00,1040.48
2021-10-28 09:00:00,1035.0725
2021-10-28 10:00:00,1029.8725
2021-10-28 11:00:00,1031.1924999999999
2021-10-28 12:00:00,1033.955
2021-10-28 13:00:00,1036.905
2021-10-28 14:00:00,1027.1975
2021-10-28 15:00:00,1027.7925
2021-10-28 16:00:00,1023.1925
2021-10-28 17:00:00,1010.2825
2021-10-28 18:00:00,1004.3025
2021-10-28 19:00:00,992.2850000000001
2021-10-28 20:00:00,988.39
2021-10-28 21:00:00,996.17
2021-10-28 22:00:00,994.8050000000001
2021-10-28 23:00:00,997.2175
2021-10-29 00:00:00,997.5275
2021-10-29 01:00:00,994.3025
2021-10-29 02:00:00,984.65
2021-10-29 03:00:00,977.77
2021-10-29 04:00:00,976.2975
2021-10-29 05:00:00,970.9375
2021-10-29 06:00:00,968.98
2021-10-29 07:00:00,963.11
2021-10-29 08:00:00,959.375
2021-10-29 09:00:00,958.775
2021-10-29 10:00:00,949.2275
2021-10-29 11:00:00,940.9025
2021-10-29 12:00:00,941.6075000000001
2021-10-29 13:00:00,940.415
2021-10-29 14:00:00,936.635
2021-10-29 15:00:00,931.34
2021-10-29 16:00:00,924.825
2021-10-29 17:00:00,917.8924999999999
2021-10-29 18:00:00,915.24
2021-10-29 19:00:00,914.1625
2021-10-29 20:00:00,906.285
2021-10-29 21:00:00,905.6949999999999
2021-10-29 22:00:00,900.875
2021-10-29 23:00:00,905.2475
2021-10-30 00:00:00,904.8125
2021-10-30 01:00:00,907.4625
2021-10-30 02:00:00,903.42
2021-10-30 03:00:00,894.13
2021-10-30 04:00:00,893.0925
2021-10-30 05:00:00,897.3375
2021-10-30 06:00:00,893.245
2021-10-30 07:00:00,892.055
2021-10-30 08:00:00,889.05
2021-10-30 09:00:00,888.4625
2021-10-30 10:00:00,892.4075
2021-10-30 11:00:00,892.5550000000001
2021-10-30 12:00:00,894.4725
2021-10-30 13:00:00,898.7775
2021-10-30 14:00:00,893.7125
2021-10-30 15:00:00,898.3125
2021-10-30 16:00:00,899.3775
2021-10-30 17:00:00,901.545
2021-10-30 18:00:00,892.6375
2021-10-30 19:00:00,893.745
2021-10-30 20:00:00,889.0925
2021-10-30 21:00:00,883.67
2021-10-30 22:00:00,887.86
2021-10-30 23:00:00,887.35
2021-10-31 00:00:00,879.245
2021-10-31 01:00:00,879.8975
2021-10-31 02:00:00,884.0125
2021-10-31 03:00:00,877.5550000000001
2021-10-31 04:00:00,873.985
2021-10-31 05:00:00,867.7425000000001
2021-10-31 06:00:00,860.155
2021-10-31 07:00:00,858.97
2021-10-31 08:00:00,862.3399999999999
2021-10-31 09:00:00,869.425
2021-10-31 10:00:00,867.7325
2021-10-31 11:00:00,869.6875
2021-10-31 12:00:00,874.2175
2021-10-31 13:00:00,870.7125
2021-10-31 14:00:00,866.3125
2021-10-31 15:00:00,865.435
2021-10-31 16:00:00,862.5799999999999
2021-10-31 17:00:00,857.6275
2021-10-31 18:00:00,857.3425
2021-10-31 19:00:00,861.525
2021-10-31 20:00:00,863.635
2021-10-31 21:00:00,864.57
2021-10-31 22:00:00,859.675
2021-10-31 23:00:00,858.1075
2021-11-01 00:00:00,859.035
2021-11-01 01:00:00,867.22
2021-11-01 02:00:00,867.605
2021-11-01 03:00:00,857.7825
2021-11-01 04:00:00,859.705
2021-11-01 05:00:00,853.6075000000001
2021-11-01 06:00:00,857.865
2021-11-01 07:00:00,862.74
2021-11-01 08:00:00,869.7625
2021-11-01 09:00:00,870.655
2021-11-01 10:00:00,873.5575
2021-11-01 11:00:00,873.5125
2021-11-01 12:00:00,881.7
2021-11-01 13:00:00,881.4125
2021-11-01 14:00:00,885.085
2021-11-01 15:00:00,889.79
2021-11-01 16:00:00,892.435
2021-11-01 17:00:00,894.9625
2021-11-01 18:00:00,901.5875
2021-11-01 19:00:00,911.5675
2021-11-01 20:00:00,915.7225
2021-11-01 21:00:00,932.97
2021-11-01 22:00:00,950.26
2021-11-01 23:00:00,960.965
2021-11-02 00:00:00,969.52
2021-11-02 01:00:00,984.02
2021-11-02 02:00:00,1004.0625
2021-11-02 03:00:00,1019.5325
2021-11-02 04:00:00,1026.5975
2021-11-02 05:00:00,1034.0875
2021-11-02 06:00:00,1047.5025
2021-11-02 07:00:00,1059.57
2021-11-02 08:00:00,1063.05
2021-11-02 09:00:00,1061.9375
2021-11-02 10:00:00,1065.6775
2021-11-02 11:00:00,1066.83
2021-11-02 12:00:00,1062.2649999999999
2021-11-02 13:00:00,1063.3525
2021-11-02 14:00:00,1057.2125
2021-11-02 15:00:00,1051.0925
2021-11-02 16:00:00,1056.7825
2021-11-02 17:00:00,1056.6575
2021-11-02 18:00:00,1062.7075
2021-11-02 19:00:00,1067.8225
2021-11-02 20:00:00,1059.105
2021-11-02 21:00:00,1050.57
2021-11-02 22:00:00,1053.9625
2021-11-02 23:00:00,1070.245
2021-11-03 00:00:00,1095.5975
2021-11-03 01:00:00,1091.5825
2021-11-03 02:00:00,1091.07
2021-11-03 03:00:00,1083.1425
2021-11-03 04:00:00,1082.205
2021-11-03 05:00:00,1082.755
2021-11-03 06:00:00,1081.96
2021-11-03 07:00:00,1077.4775
2021-11-03 08:00:00,1081.185
2021-11-03 09:00:00,1079.0825
2021-11-03 10:00:00,1080.9524999999999
2021-11-03 11:00:00,1082.365
2021-11-03 12:00:00,1091.1475
2021-11-03 13:00:00,1103.125
2021-11-03 14:00:00,1105.0075
2021-11-03 15:00:00,1115.4275
2021-11-03 16:00:00,1112.975
2021-11-03 17:00:00,1110.5625
2021-11-03 18:00:00,1108.6125
2021-11-03 19:00:00,1114.8899999999999
2021-11-03 20:00:00,1120.9675
2021-11-03 21:00:00,1130.45
2021-11-03 22:00:00,1138.95
2021-11-03 23:00:00,1146.78
2021-11-04 00:00:00,1142.2275
2021-11-04 01:00:00,1145.7424999999998
2021-11-04 02:00:00,1144.0625
2021-11-04 03:00:00,1130.42
2021-11-04 04:00:00,1137.25
2021-11-04 05:00:00,1150.775
2021-11-04 06:00:00,1165.1625
2021-11-04 07:00:00,1191.315
2021-11-04 08:00:00,1197.2475
2021-11-04 09:00:00,1213.9099999999999
2021-11-04 10:00:00,1210.7350000000001
2021-11-04 11:00:00,1210.9275
2021-11-04 12:00:00,1218.3175
2021-11-04 13:00:00,1214.2624999999998
2021-11-04 14:00:00,1219.8899999999999
2021-11-04 15:00:00,1206.89
2021-11-04 16:00:00,1207.915
2021-11-04 17:00:00,1222.3775
2021-11-04 18:00:00,1215.91
2021-11-04 19:00:00,1211.2925
2021-11-04 20:00:00,1204.385
2021-11-04 21:00:00,1207.17
2021-11-04 22:00:00,1221.3525
2021-11-04 23:00:00,1230.8725
2021-11-05 00:00:00,1228.8075
2021-11-05 01:00:00,1225.8075000000001
2021-11-05 02:00:00,1224.7350000000001
2021-11-05 03:00:00,1211.21
2021-11-05 04:00:00,1206.7150000000001
2021-11-05 05:00:00,1191.445
2021-11-05 06:00:00,1169.465
2021-11-05 07:00:00,1157.815
2021-11-05 08:00:00,1142.245
2021-11-05 09:00:00,1133.2525
2021-11-05 10:00:00,1119.8474999999999
2021-11-05 11:00:00,1125.58
2021-11-05 12:00:00,1128.545
2021-11-05 13:00:00,1118.83
2021-11-05 14:00:00,1122.3525
2021-11-05 15:00:00,1123.87
2021-11-05 16:00:00,1124.7325
2021-11-05 17:00:00,1128.5125
2021-11-05 18:00:00,1119.995
2021-11-05 19:00:00,1119.7225
2021-11-05 20:00:00,1107.5925
2021-11-05 21:00:00,1106.78
2021-11-05 22:00:00,1117.9675
2021-11-05 23:00:00,1133.3975
2021-11-06 00:00:00,1127.415
2021-11-06 01:00:00,1127.235
2021-11-06 02:00:00,1117.2725
2021-11-06 03:00:00,1103.7125
2021-11-06 04:00:00,1095.4525
2021-11-06 05:00:00,1093.8375
2021-11-06 06:00:00,1086.2325
2021-11-06 07:00:00,1078.9675
2021-11-06 08:00:00,1075.6575
2021-11-06 09:00:00,1083.7575
2021-11-06 10:00:00,1086.69
2021-11-06 11:00:00,1086.035
2021-11-06 12:00:00,1084.9775
2021-11-06 13:00:00,1076.975
2021-11-06 14:00:00,1069.895
2021-11-06 15:00:00,1060.7075
2021-11-06 16:00:00,1057.295
2021-11-06 17:00:00,1049.55
2021-11-06 18:00:00,1042.0175
2021-11-06 19:00:00,1036.3225
2021-11-06 20:00:00,1032.4450000000002
2021-11-06 21:00:00,1036.5700000000002
2021-11-06 22:00:00,1043.3475
2021-11-06 23:00:00,1040.5925
2021-11-07 00:00:00,1024.195
2021-11-07 01:00:00,1033.93
2021-11-07 02:00:00,1048.5175
2021-11-07 03:00:00,1037.43
2021-11-07 04:00:00,1033.6525
2021-11-07 05:00:00,1023.0875
2021-11-07 06:00:00,1007.6775
2021-11-07 07:00:00,1016.61
2021-11-07 08:00:00,1016.14
2021-11-07 09:00:00,1015.71
2021-11-07 10:00:00,1009.0174999999999
2021-11-07 11:00:00,1007.79
2021-11-07 12:00:00,1011.6675
2021-11-07 13:00:00,996.885
2021-11-07 14:00:00,997.0775
2021-11-07 15:00:00,992.925
2021-11-07 16:00:00,985.4200000000001
2021-11-07 17:00:00,987.2049999999999
2021-11-07 18:00:00,986.25
2021-11-07 19:00:00,992.47
2021-11-07 20:00:00,991.47
2021-11-07 21:00:00,988.1075
2021-11-07 22:00:00,989.265
2021-11-07 23:00:00,987.06
2021-11-08 00:00:00,998.465
2021-11-08 01:00:00,1006.5
2021-11-08 02:00:00,1000.0575
2021-11-08 03:00:00,983.6475
2021-11-08 04:00:00,974.3
2021-11-08 05:00:00,968.44
2021-11-08 06:00:00,960.2825
2021-11-08 07:00:00,962.4325
2021-11-08 08:00:00,965.2950000000001
2021-11-08 09:00:00,971.9925000000001
2021-11-08 10:00:00,979.05
2021-11-08 11:00:00,980.24
2021-11-08 12:00:00,986.5350000000001
2021-11-08 13:00:00,984.9375
2021-11-08 14:00:00,1000.0075
2021-11-08 15:00:00,1011.285
2021-11-08 16:00:00,1004.4375
2021-11-08 17:00:00,1000.3425
2021-11-08 18:00:00,997.4024999999999
2021-11-08 19:00:00,1008.5225
2021-11-08 20:00:00,1020.285
2021-11-08 21:00:00,1030.395
2021-11-08 22:00:00,1047.72
2021-11-08 23:00:00,1058.375
2021-11-09 00:00:00,1060.3625000000002
2021-11-09 01:00:00,1060.0875
2021-11-09 02:00:00,1065.565
2021-11-09 03:00:00,1060.3400000000001
2021-11-09 04:00:00,1064.1275
2021-11-09 05:00:00,1068.435
2021-11-09 06:00:00,1066.225
2021-11-09 07:00:00,1046.45
2021-11-09 08:00:00,1066.7725
2021-11-09 09:00:00,1061.1125
2021-11-09 10:00:00,1061.79
2021-11-09 11:00:00,1063.8075
2021-11-09 12:00:00,1067.8899999999999
2021-11-09 13:00:00,1073.165
2021-11-09 14:00:00,1071.3674999999998
2021-11-09 15:00:00,1060.935
2021-11-09 16:00:00,1046.8225
2021-11-09 17:00:00,1047.2175
2021-11-09 18:00:00,1046.17
2021-11-09 19:00:00,1048.4275
2021-11-09 20:00:00,1041.415
2021-11-09 21:00:00,1037.7075
2021-11-09 22:00:00,1042.6475
2021-11-09 23:00:00,1043.9225
2021-11-10 00:00:00,1040.795
2021-11-10 01:00:00,1037.8375
2021-11-10 02:00:00,1026.17
2021-11-10 03:00:00,1022.36
2021-11-10 04:00:00,1023.3375
2021-11-10 05:00:00,1022.1975
2021-11-10 06:00:00,1020.2625
2021-11-10 07:00:00,1021.045
2021-11-10 08:00:00,1020.585
2021-11-10 09:00:00,1021.37
2021-11-10 10:00:00,1017.765
2021-11-10 11:00:00,1007.3199999999999
2021-11-10 12:00:00,1013.2475
2021-11-10 13:00:00,1010.135
2021-11-10 14:00:00,1000.2574999999999
2021-11-10 15:00:00,1009.005
2021-11-10 16:00:00,1015.3375
2021-11-10 17:00:00,1028.3
2021-11-10 18:00:00,1044.5549999999998
2021-11-10 19:00:00,1067.6125
2021-11-10 20:00:00,1077.0125
2021-11-10 21:00:00,1079.2625
2021-11-10 22:00:00,1081.3825
2021-11-10 23:00:00,1091.475
2021-11-11 00:00:00,1102.5025
2021-11-11 01:00:00,1113.27
2021-11-11 02:00:00,1116.885
2021-11-11 03:00:00,1116.085
2021-11-11 04:00:00,1116.4875
2021-11-11 05:00:00,1116.415
2021-11-11 06:00:00,1109.295
2021-11-11 07:00:00,1114.7525
2021-11-11 08:00:00,1108.7275
2021-11-11 09:00:00,1102.88
2021-11-11 10:00:00,1100.04
2021-11-11 11:00:00,1099.475
2021-11-11 12:00:00,1107.305
2021-11-11 13:00:00,1106.2625
2021-11-11 14:00:00,1111.6075
2021-11-11 15:00:00,1112.9625
2021-11-11 16:00:00,1114.945
2021-11-11 17:00:00,1108.4425
2021-11-11 18:00:00,1101.0549999999998
2021-11-11 19:00:00,1099.5525
2021-11-11 20:00:00,1094.4825
2021-11-11 21:00:00,1093.065
2021-11-11 22:00:00,1094.93
2021-11-11 23:00:00,1099.165
2021-11-12 00:00:00,1098.83
2021-11-12 01:00:00,1099.67
2021-11-12 02:00:00,1092.925
2021-11-12 03:00:00,1077.1375
2021-11-12 04:00:00,1064.4425
2021-11-12 05:00:00,1058.0774999999999
2021-11-12 06:00:00,1059.645
2021-11-12 07:00:00,1053.3799999999999
2021-11-12 08:00:00,1051.225
2021-11-12 09:00:00,1055.0774999999999
2021-11-12 10:00:00,1057.9425
2021-11-12 11:00:00,1061.2625
2021-11-12 12:00:00,1072.1375
2021-11-12 13:00:00,1092.24
2021-11-12 14:00:00,1110.15
2021-11-12 15:00:00,1115.6425
2021-11-12 16:00:00,1116.0425
2021-11-12 17:00:00,1116.7575
2021-11-12 18:00:00,1108.895
2021-11-12 19:00:00,1103.8725
2021-11-12 20:00:00,1093.1725000000001
2021-11-12 21:00:00,1090.505
2021-11-12 22:00:00,1086.695
2021-11-12 23:00:00,1083.9925
2021-11-13 00:00:00,1080.4525
2021-11-13 01:00:00,1086.1950000000002
2021-11-13 02:00:00,1078.2975000000001
2021-11-13 03:00:00,1078.945
2021-11-13 04:00:00,1074.6100000000001
2021-11-13 05:00:00,1064.8725
2021-11-13 06:00:00,1068.085
2021-11-13 07:00:00,1056.3675
2021-11-13 08:00:00,1048.4325
2021-11-13 09:00:00,1045.4475
2021-11-13 10:00:00,1034.3
2021-11-13 11:00:00,1030.7225
2021-11-13 12:00:00,1030.24
2021-11-13 13:00:00,1027.135
2021-11-13 14:00:00,1025.8125
2021-11-13 15:00:00,1025.3125
2021-11-13 16:00:00,1022.255
2021-11-13 17:00:00,1019.825
2021-11-13 18:00:00,1022.6750000000001
2021-11-13 19:00:00,1020.2075
2021-11-13 20:00:00,1018.2425
2021-11-13 21:00:00,1011.475
2021-11-13 22:00:00,1008.5525
2021-11-13 23:00:00,1003.9100000000001
2021-11-14 00:00:00,1005.345
2021-11-14 01:00:00,1013.24
2021-11-14 02:00:00,1011.12
2021-11-14 03:00:00,1007.0899999999999
2021-11-14 04:00:00,1007.315
2021-11-14 05:00:00,1018.8225
2021-11-14 06:00:00,1020.595
2021-11-14 07:00:00,1014.9200000000001
2021-11-14 08:00:00,1013.3775
2021-11-14 09:00:00,1016.6975
2021-11-14 10:00:00,1016.9775
2021-11-14 11:00:00,1028.01
2021-11-14 12:00:00,1037.145
2021-11-14 13:00:00,1030.34
2021-11-14 14:00:00,1022.7875
2021-11-14 15:00:00,1013.6
2021-11-14 16:00:00,1017.355
2021-11-14 17:00:00,1021.8675000000001
2021-11-14 18:00:00,1024.8225
2021-11-14 19:00:00,1030.1875
2021-11-14 20:00:00,1022.55
2021-11-14 21:00:00,1020.58
2021-11-14 22:00:00,1018.205
2021-11-14 23:00:00,1014.4449999999999
2021-11-15 00:00:00,1004.5975
2021-11-15 01:00:00,1015.4425
2021-11-15 02:00:00,1018.5525
2021-11-15 03:00:00,1008.86
2021-11-15 04:00:00,1008.145
2021-11-15 05:00:00,1006.135
2021-11-15 06:00:00,996.7025
2021-11-15 07:00:00,1001.3125
2021-11-15 08:00:00,999.9275
2021-11-15 09:00:00,989.55
2021-11-15 10:00:00,1011.0125
2021-11-15 11:00:00,1013.5625
2021-11-15 12:00:00,1042.4675
2021-11-15 13:00:00,1062.545
2021-11-15 14:00:00,1083.98
2021-11-15 15:00:00,1085.905
2021-11-15 16:00:00,1094.605
2021-11-15 17:00:00,1094.9
2021-11-15 18:00:00,1114.2525
2021-11-15 19:00:00,1112.5475000000001
2021-11-15 20:00:00,1113.905
2021-11-15 21:00:00,1124.21
2021-11-15 22:00:00,1135.505
2021-11-15 23:00:00,1139.0775
2021-11-16 00:00:00,1136.3400000000001
2021-11-16 01:00:00,1134.185
2021-11-16 02:00:00,1135.8475
2021-11-16 03:00:00,1128.3125
2021-11-16 04:00:00,1129.1950000000002
2021-11-16 05:00:00,1123.26
2021-11-16 06:00:00,1119.3274999999999
2021-11-16 07:00:00,1122.93
2021-11-16 08:00:00,1122.3025
2021-11-16 09:00:00,1123.1275
2021-11-16 10:00:00,1121.81
2021-11-16 11:00:00,1133.1625
2021-11-16 12:00:00,1137.075
2021-11-16 13:00:00,1148.47
2021-11-16 14:00:00,1149.6375
2021-11-16 15:00:00,1154.5825
2021-11-16 16:00:00,1151.4975
2021-11-16 17:00:00,1153.25
2021-11-16 18:00:00,1152.8425
2021-11-16 19:00:00,1166.5175
2021-11-16 20:00:00,1172.98
2021-11-16 21:00:00,1166.6725
2021-11-16 22:00:00,1156.0225
2021-11-16 23:00:00,1155.32
2021-11-17 00:00:00,1151.56
2021-11-17 01:00:00,1156.55
2021-11-17 02:00:00,1146.37
2021-11-17 03:00:00,1132.6975
2021-11-17 04:00:00,1117.1950000000002
2021-11-17 05:00:00,1103.4175
2021-11-17 06:00:00,1099.1275
2021-11-17 07:00:00,1107.635
2021-11-17 08:00:00,1112.425
2021-11-17 09:00:00,1108.245
2021-11-17 10:00:00,1111.2275
2021-11-17 11:00:00,1121.6325
2021-11-17 12:00:00,1139.25
2021-11-17 13:00:00,1163.44
2021-11-17 14:00:00,1159.4650000000001
2021-11-17 15:00:00,1161.2025
2021-11-17 16:00:00,1165.13
2021-11-17 17:00:00,1165.4975
2021-11-17 18:00:00,1160.5025
2021-11-17 19:00:00,1158.6325
2021-11-17 20:00:00,1164.9424999999999
2021-11-17 21:00:00,1161.8425
2021-11-17 22:00:00,1158.885
2021-11-17 23:00:00,1157.3874999999998
2021-11-18 00:00:00,1138.4075
2021-11-18 01:00:00,1138.125
2021-11-18 02:00:00,1135.9825
2021-11-18 03:00:00,1127.565
2021-11-18 04:00:00,1115.6225
2021-11-18 05:00:00,1104.94
2021-11-18 06:00:00,1091.3400000000001
2021-11-18 07:00:00,1082.19
2021-11-18 08:00:00,1079.8600000000001
2021-11-18 09:00:00,1074.075
2021-11-18 10:00:00,1040.3825000000002
2021-11-18 11:00:00,1037.6475
2021-11-18 12:00:00,1028.1725000000001
2021-11-18 13:00:00,1031.68
2021-11-18 14:00:00,1035.6025
2021-11-18 15:00:00,1045.5175
2021-11-18 16:00:00,1055.6775
2021-11-18 17:00:00,1065.3175
2021-11-18 18:00:00,1064.0325
2021-11-18 19:00:00,1067.5149999999999
2021-11-18 20:00:00,1070.9325
2021-11-18 21:00:00,1070.62
2021-11-18 22:00:00,1074.54
2021-11-18 23:00:00,1064.5325
2021-11-19 00:00:00,1066.8049999999998
2021-11-19 01:00:00,1066.6725000000001
2021-11-19 02:00:00,1072.7375
2021-11-19 03:00:00,1072.9375
2021-11-19 04:00:00,1068.3325
2021-11-19 05:00:00,1068.39
2021-11-19 06:00:00,1053.6
2021-11-19 07:00:00,1045.6775
2021-11-19 08:00:00,1043.045
2021-11-19 09:00:00,1031.2575
2021-11-19 10:00:00,1022.4449999999999
2021-11-19 11:00:00,1013.1225
2021-11-19 12:00:00,1000.7925
2021-11-19 13:00:00,1005.975
2021-11-19 14:00:00,1002.4825
2021-11-19 15:00:00,1003.7725
2021-11-19 16:00:00,1007.15
2021-11-19 17:00:00,1002.0074999999999
2021-11-19 18:00:00,1000.36
2021-11-19 19:00:00,986.845
2021-11-19 20:00:00,971.0550000000001
2021-11-19 21:00:00,962.135
2021-11-19 22:00:00,972.7225
2021-11-19 23:00:00,979.64
2021-11-20 00:00:00,989.56
2021-11-20 01:00:00,992.3299999999999
2021-11-20 02:00:00,989.0225
2021-11-20 03:00:00,988.69
2021-11-20 04:00:00,975.385
2021-11-20 05:00:00,965.335
2021-11-20 06:00:00,956.7525
2021-11-20 07:00:00,957.655
2021-11-20 08:00:00,952.87
2021-11-20 09:00:00,957.3675
2021-11-20 10:00:00,958.94
2021-11-20 11:00:00,958.1025
2021-11-20 12:00:00,953.1775
2021-11-20 13:00:00,943.935
2021-11-20 14:00:00,943.09
2021-11-20 15:00:00,941.2725
2021-11-20 16:00:00,930.9725
2021-11-20 17:00:00,928.5975
2021-11-20 18:00:00,922.0125
2021-11-20 19:00:00,916.9575
2021-11-20 20:00:00,915.0450000000001
2021-11-20 21:00:00,912.8975
2021-11-20 22:00:00,913.03
2021-11-20 23:00:00,913.5775
2021-11-21 00:00:00,900.8
2021-11-21 01:00:00,893.1175000000001
2021-11-21 02:00:00,886.85
2021-11-21 03:00:00,884.0775
2021-11-21 04:00:00,884.6175000000001
2021-11-21 05:00:00,882.6975
2021-11-21 06:00:00,870.34
2021-11-21 07:00:00,875.3525
2021-11-21 08:00:00,877.1675
2021-11-21 09:00:00,875.4875
2021-11-21 10:00:00,878.575
2021-11-21 11:00:00,874.8025
2021-11-21 12:00:00,878.26
2021-11-21 13:00:00,879.7325000000001
2021-11-21 14:00:00,881.72
2021-11-21 15:00:00,877.8525
2021-11-21 16:00:00,879.095
2021-11-21 17:00:00,882.8075
2021-11-21 18:00:00,883.81
2021-11-21 19:00:00,892.39
2021-11-21 20:00:00,889.2750000000001
2021-11-21 21:00:00,885.7574999999999
2021-11-21 22:00:00,886.6275
2021-11-21 23:00:00,887.825
2021-11-22 00:00:00,882.1275
2021-11-22 01:00:00,888.6075
2021-11-22 02:00:00,889.7
2021-11-22 03:00:00,889.3275
2021-11-22 04:00:00,885.89
2021-11-22 05:00:00,880.4425
2021-11-22 06:00:00,878.2125
2021-11-22 07:00:00,892.7425
2021-11-22 08:00:00,903.415
2021-11-22 09:00:00,906.0875
2021-11-22 10:00:00,909.13
2021-11-22 11:00:00,912.7375
2021-11-22 12:00:00,913.6025
2021-11-22 13:00:00,917.4775
2021-11-22 14:00:00,940.3050000000001
2021-11-22 15:00:00,939.715
2021-11-22 16:00:00,936.4275
2021-11-22 17:00:00,946.1624999999999
2021-11-22 18:00:00,968.6725
2021-11-22 19:00:00,972.5425
2021-11-22 20:00:00,976.6125
2021-11-22 21:00:00,981.8425
2021-11-22 22:00:00,984.6675
2021-11-22 23:00:00,986.42
2021-11-23 00:00:00,997.7049999999999
2021-11-23 01:00:00,1005.44
2021-11-23 02:00:00,1003.54
2021-11-23 03:00:00,998.8575
2021-11-23 04:00:00,998.7525
2021-11-23 05:00:00,998.26
2021-11-23 06:00:00,1005.8675000000001
2021-11-23 07:00:00,1005.81
2021-11-23 08:00:00,1010.8375000000001
2021-11-23 09:00:00,1015.765
2021-11-23 10:00:00,1023.5375
2021-11-23 11:00:00,1027.4175
2021-11-23 12:00:00,1033.45
2021-11-23 13:00:00,1049.1875
2021-11-23 14:00:00,1053.3375
2021-11-23 15:00:00,1058.0375
2021-11-23 16:00:00,1065.39
2021-11-23 17:00:00,1064.475
2021-11-23 18:00:00,1056.06
2021-11-23 19:00:00,1055.5325
2021-11-23 20:00:00,1047.8525
2021-11-23 21:00:00,1047.9925
2021-11-23 22:00:00,1056.1875
2021-11-23 23:00:00,1062.39
2021-11-24 00:00:00,1067.9575
2021-11-24 01:00:00,1076.8475
2021-11-24 02:00:00,1070.96
2021-11-24 03:00:00,1063.6325000000002
2021-11-24 04:00:00,1062.31
2021-11-24 05:00:00,1055.0925
2021-11-24 06:00:00,1048.9825
2021-11-24 07:00:00,1043.8449999999998
2021-11-24 08:00:00,1039.185
2021-11-24 09:00:00,1036.6025
2021-11-24 10:00:00,1030.6125
2021-11-24 11:00:00,1032.99
2021-11-24 12:00:00,1031.7
2021-11-24 13:00:00,1048.855
2021-11-24 14:00:00,1063.4975
2021-11-24 15:00:00,1063.38
2021-11-24 16:00:00,1059.745
2021-11-24 17:00:00,1068.8775
2021-11-24 18:00:00,1077.935
2021-11-24 19:00:00,1076.88
2021-11-24 20:00:00,1074.9675
2021-11-24 21:00:00,1072.5425
2021-11-24 22:00:00,1078.3375
2021-11-24 23:00:00,1087.985
2021-11-25 00:00:00,1082.075
2021-11-25 01:00:00,1079.8425
2021-11-25 02:00:00,1077.13
2021-11-25 03:00:00,1074.7
2021-11-25 04:00:00,1066.1625
2021-11-25 05:00:00,1064.335
2021-11-25 06:00:00,1055.79
2021-11-25 07:00:00,1042.165
2021-11-25 08:00:00,1027.1275
2021-11-25 09:00:00,1029.0075
2021-11-25 10:00:00,1023.25
2021-11-25 11:00:00,1019.465
2021-11-25 12:00:00,1029.7875
2021-11-25 13:00:00,1062.58
2021-11-25 14:00:00,1082.0925
2021-11-25 15:00:00,1078.7075
2021-11-25 16:00:00,1073.7024999999999
2021-11-25 17:00:00,1070.4775
2021-11-25 18:00:00,1069.565
2021-11-25 19:00:00,1068.63
2021-11-25 20:00:00,1060.77
2021-11-25 21:00:00,1044.6975
2021-11-25 22:00:00,1040.7649999999999
2021-11-25 23:00:00,1043.37
2021-11-26 00:00:00,1043.695
2021-11-26 01:00:00,1038.415
2021-11-26 02:00:00,1030.645
2021-11-26 03:00:00,1017.625
2021-11-26 04:00:00,1018.3025
2021-11-26 05:00:00,1014.6575
2021-11-26 06:00:00,995.2025
2021-11-26 07:00:00,981.67
2021-11-26 08:00:00,970.61
2021-11-26 09:00:00,967.7125
2021-11-26 10:00:00,960.36
2021-11-26 11:00:00,958.9475
2021-11-26 12:00:00,948.24
2021-11-26 13:00:00,937.825
2021-11-26 14:00:00,923.635
2021-11-26 15:00:00,912.6175000000001
2021-11-26 16:00:00,905.97
2021-11-26 17:00:00,904.8325
2021-11-26 18:00:00,900.0325
2021-11-26 19:00:00,892.59
2021-11-26 20:00:00,881.25
2021-11-26 21:00:00,878.22
2021-11-26 22:00:00,871.975
2021-11-26 23:00:00,869.715
2021-11-27 00:00:00,875.175
2021-11-27 01:00:00,884.875
2021-11-27 02:00:00,887.69
2021-11-27 03:00:00,886.1875
2021-11-27 04:00:00,882.1725
2021-11-27 05:00:00,889.7049999999999
2021-11-27 06:00:00,888.215
2021-11-27 07:00:00,890.1725
2021-11-27 08:00:00,872.6525
2021-11-27 09:00:00,868.5875
2021-11-27 10:00:00,866.75
2021-11-27 11:00:00,872.395
2021-11-27 12:00:00,875.1175000000001
2021-11-27 13:00:00,880.935
2021-11-27 14:00:00,880.0475
2021-11-27 15:00:00,873.86
2021-11-27 16:00:00,871.5575
2021-11-27 17:00:00,866.9875
2021-11-27 18:00:00,868.5775
2021-11-27 19:00:00,865.26
2021-11-27 20:00:00,858.63
2021-11-27 21:00:00,849.38
2021-11-27 22:00:00,849.0225
2021-11-27 23:00:00,856.7725
2021-11-28 00:00:00,856.8775
2021-11-28 01:00:00,862.8425
2021-11-28 02:00:00,863.28
2021-11-28 03:00:00,859.6949999999999
2021-11-28 04:00:00,865.12
2021-11-28 05:00:00,861.6275
2021-11-28 06:00:00,857.3125
2021-11-28 07:00:00,852.12
2021-11-28 08:00:00,842.28
2021-11-28 09:00:00,851.3175
2021-11-28 10:00:00,855.925
2021-11-28 11:00:00,859.28
2021-11-28 12:00:00,860.5725
2021-11-28 13:00:00,855.735
2021-11-28 14:00:00,852.92
2021-11-28 15:00:00,857.125
2021-11-28 16:00:00,855.78
2021-11-28 17:00:00,855.8824999999999
2021-11-28 18:00:00,854.0
2021-11-28 19:00:00,856.78
2021-11-28 20:00:00,856.7725
2021-11-28 21:00:00,860.025
2021-11-28 22:00:00,861.8925
2021-11-28 23:00:00,864.9875
2021-11-29 00:00:00,858.0725
2021-11-29 01:00:00,857.1675
2021-11-29 02:00:00,857.62
2021-11-29 03:00:00,854.855
2021-11-29 04:00:00,852.78
2021-11-29 05:00:00,852.295
2021-11-29 06:00:00,848.2
2021-11-29 07:00:00,864.9875
2021-11-29 08:00:00,866.8824999999999
2021-11-29 09:00:00,870.2525
2021-11-29 10:00:00,866.3924999999999
2021-11-29 11:00:00,874.8425
2021-11-29 12:00:00,904.9449999999999
2021-11-29 13:00:00,906.28
2021-11-29 14:00:00,911.675
2021-11-29 15:00:00,920.4675
2021-11-29 16:00:00,925.27
2021-11-29 17:00:00,928.985
2021-11-29 18:00:00,931.5975
2021-11-29 19:00:00,933.17
2021-11-29 20:00:00,929.7225
2021-11-29 21:00:00,946.47
2021-11-29 22:00:00,963.1825
2021-11-29 23:00:00,980.345
2021-11-30 00:00:00,989.62
2021-11-30 01:00:00,991.7275
2021-11-30 02:00:00,993.475
2021-11-30 03:00:00,989.445
2021-11-30 04:00:00,988.1975
2021-11-30 05:00:00,984.52
2021-11-30 06:00:00,985.595
2021-11-30 07:00:00,983.56
2021-11-30 08:00:00,982.4225
2021-11-30 09:00:00,979.6600000000001
2021-11-30 10:00:00,975.0625
2021-11-30 11:00:00,978.3875
2021-11-30 12:00:00,978.53
2021-11-30 13:00:00,974.6275
2021-11-30 14:00:00,965.3
2021-11-30 15:00:00,958.2375
2021-11-30 16:00:00,958.845
2021-11-30 17:00:00,956.3225
2021-11-30 18:00:00,946.1025
2021-11-30 19:00:00,941.465
2021-11-30 20:00:00,925.735
2021-11-30 21:00:00,920.6949999999999
2021-11-30 22:00:00,919.5799999999999
2021-11-30 23:00:00,930.1775
2021-12-01 00:00:00,934.7125
2021-12-01 01:00:00,936.0975
2021-12-01 02:00:00,933.5675
2021-12-01 03:00:00,940.2075
2021-12-01 04:00:00,947.755
2021-12-01 05:00:00,954.5699999999999
2021-12-01 06:00:00,957.105
2021-12-01 07:00:00,982.6675
2021-12-01 08:00:00,1002.26
2021-12-01 09:00:00,1018.985
2021-12-01 10:00:00,1025.605
2021-12-01 11:00:00,1027.1125
2021-12-01 12:00:00,1026.1
2021-12-01 13:00:00,1041.4650000000001
2021-12-01 14:00:00,1043.815
2021-12-01 15:00:00,1046.165
2021-12-01 16:00:00,1049.63
2021-12-01 17:00:00,1046.9875
2021-12-01 18:00:00,1047.72
2021-12-01 19:00:00,1058.1175
2021-12-01 20:00:00,1056.46
2021-12-01 21:00:00,1054.475
2021-12-01 22:00:00,1056.0
2021-12-01 23:00:00,1066.3725
2021-12-02 00:00:00,1078.805
2021-12-02 01:00:00,1080.8075
2021-12-02 02:00:00,1068.625
2021-12-02 03:00:00,1067.0375
2021-12-02 04:00:00,1072.0175
2021-12-02 05:00:00,1078.9375
2021-12-02 06:00:00,1093.6525000000001
2021-12-02 07:00:00,1104.625
2021-12-02 08:00:00,1102.81
2021-12-02 09:00:00,1103.895
2021-12-02 10:00:00,1117.8899999999999
2021-12-02 11:00:00,1123.645
2021-12-02 12:00:00,1131.525
2021-12-02 13:00:00,1155.6425
2021-12-02 14:00:00,1173.5675
2021-12-02 15:00:00,1191.935
2021-12-02 16:00:00,1192.155
2021-12-02 17:00:00,1185.325
2021-12-02 18:00:00,1182.3575
2021-12-02 19:00:00,1169.25
2021-12-02 20:00:00,1169.6725
2021-12-02 21:00:00,1168.7350000000001
2021-12-02 22:00:00,1181.065
2021-12-02 23:00:00,1175.0125
2021-12-03 00:00:00,1159.6575
2021-12-03 01:00:00,1165.63
2021-12-03 02:00:00,1170.3575
2021-12-03 03:00:00,1163.845
2021-12-03 04:00:00,1165.5625
2021-12-03 05:00:00,1167.275
2021-12-03 06:00:00,1156.6375
2021-12-03 07:00:00,1154.96
2021-12-03 08:00:00,1152.1575
2021-12-03 09:00:00,1149.5725
2021-12-03 10:00:00,1148.7450000000001
2021-12-03 11:00:00,1149.0975
2021-12-03 12:00:00,1141.2224999999999
2021-12-03 13:00:00,1142.9125
2021-12-03 14:00:00,1146.2325
2021-12-03 15:00:00,1136.74
2021-12-03 16:00:00,1134.3475
2021-12-03 17:00:00,1132.705
2021-12-03 18:00:00,1123.4075
2021-12-03 19:00:00,1114.6825
2021-12-03 20:00:00,1108.1125
2021-12-03 21:00:00,1113.6925
2021-12-03 22:00:00,1110.045
2021-12-03 23:00:00,1107.625
2021-12-04 00:00:00,1112.4125
2021-12-04 01:00:00,1122.0175
2021-12-04 02:00:00,1112.7825
2021-12-04 03:00:00,1108.3125
2021-12-04 04:00:00,1117.8125
2021-12-04 05:00:00,1119.4125
2021-12-04 06:00:00,1113.1175
2021-12-04 07:00:00,1121.6825000000001
2021-12-04 08:00:00,1121.4575
2021-12-04 09:00:00,1125.9724999999999
2021-12-04 10:00:00,1135.4475
2021-12-04 11:00:00,1139.8025
2021-12-04 12:00:00,1138.69
2021-12-04 13:00:00,1143.55
2021-12-04 14:00:00,1152.825
2021-12-04 15:00:00,1150.375
2021-12-04 16:00:00,1164.255
2021-12-04 17:00:00,1169.065
2021-12-04 18:00:00,1177.5275000000001
2021-12-04 19:00:00,1191.9825
2021-12-04 20:00:00,1194.8474999999999
2021-12-04 21:00:00,1227.4625
2021-12-04 22:00:00,1247.15
2021-12-04 23:00:00,1241.2675
2021-12-05 00:00:00,1245.54
2021-12-05 01:00:00,1250.425
2021-12-05 02:00:00,1260.7649999999999
2021-12-05 03:00:00,1259.3975
2021-12-05 04:00:00,1256.9825
2021-12-05 05:00:00,1256.79
2021-12-05 06:00:00,1250.1425
2021-12-05 07:00:00,1248.9275
2021-12-05 08:00:00,1243.7975
2021-12-05 09:00:00,1242.135
2021-12-05 10:00:00,1240.0325
2021-12-05 11:00:00,1246.975
2021-12-05 12:00:00,1250.585
2021-12-05 13:00:00,1241.43
2021-12-05 14:00:00,1238.4875
2021-12-05 15:00:00,1228.4675
2021-12-05 16:00:00,1225.3075
2021-12-05 17:00:00,1230.0525
2021-12-05 18:00:00,1222.43
2021-12-05 19:00:00,1217.5774999999999
2021-12-05 20:00:00,1207.5475000000001
2021-12-05 21:00:00,1201.09
2021-12-05 22:00:00,1209.6575
2021-12-05 23:00:00,1205.6799999999998
2021-12-06 00:00:00,1197.54
2021-12-06 01:00:00,1196.0775
2021-12-06 02:00:00,1183.68
2021-12-06 03:00:00,1184.4425
2021-12-06 04:00:00,1184.5475000000001
2021-12-06 05:00:00,1175.77
2021-12-06 06:00:00,1176.0475
2021-12-06 07:00:00,1174.8975
2021-12-06 08:00:00,1166.1675
2021-12-06 09:00:00,1193.345
2021-12-06 10:00:00,1200.5075
2021-12-06 11:00:00,1206.2849999999999
2021-12-06 12:00:00,1205.065
2021-12-06 13:00:00,1200.565
2021-12-06 14:00:00,1205.825
2021-12-06 15:00:00,1212.5
2021-12-06 16:00:00,1204.77
2021-12-06 17:00:00,1199.8375
2021-12-06 18:00:00,1194.2649999999999
2021-12-06 19:00:00,1193.6175
2021-12-06 20:00:00,1191.0875
2021-12-06 21:00:00,1190.625
2021-12-06 22:00:00,1187.9924999999998
2021-12-06 23:00:00,1198.5575
2021-12-07 00:00:00,1214.6775
2021-12-07 01:00:00,1218.74
2021-12-07 02:00:00,1217.595
2021-12-07 03:00:00,1218.8875
2021-12-07 04:00:00,1221.8175
2021-12-07 05:00:00,1219.7
2021-12-07 06:00:00,1221.7224999999999
2021-12-07 07:00:00,1192.895
2021-12-07 08:00:00,1190.1725000000001
2021-12-07 09:00:00,1199.1725
2021-12-07 10:00:00,1195.4475
2021-12-07 11:00:00,1182.305
2021-12-07 12:00:00,1184.93
2021-12-07 13:00:00,1177.8025
2021-12-07 14:00:00,1188.9075
2021-12-07 15:00:00,1216.0575
2021-12-07 16:00:00,1230.3975
2021-12-07 17:00:00,1229.73
2021-12-07 18:00:00,1214.99
2021-12-07 19:00:00,1204.0175
2021-12-07 20:00:00,1177.4099999999999
2021-12-07 21:00:00,1162.77
2021-12-07 22:00:00,1167.7725
2021-12-07 23:00:00,1153.8025
2021-12-08 00:00:00,1149.1175
2021-12-08 01:00:00,1142.295
2021-12-08 02:00:00,1143.4875
2021-12-08 03:00:00,1135.38
2021-12-08 04:00:00,1129.26
2021-12-08 05:00:00,1129.5325
2021-12-08 06:00:00,1123.02
2021-12-08 07:00:00,1108.1925
2021-12-08 08:00:00,1106.2975000000001
2021-12-08 09:00:00,1104.07
2021-12-08 10:00:00,1118.33
2021-12-08 11:00:00,1123.87
2021-12-08 12:00:00,1129.5974999999999
2021-12-08 13:00:00,1132.1575
2021-12-08 14:00:00,1146.87
2021-12-08 15:00:00,1160.875
2021-12-08 16:00:00,1162.5175
2021-12-08 17:00:00,1183.1875
2021-12-08 18:00:00,1183.7875
2021-12-08 19:00:00,1163.7024999999999
2021-12-08 20:00:00,1144.9675
2021-12-08 21:00:00,1142.62
2021-12-08 22:00:00,1148.0525
2021-12-08 23:00:00,1148.3
2021-12-09 00:00:00,1135.6775
2021-12-09 01:00:00,1137.3575
2021-12-09 02:00:00,1141.9225000000001
2021-12-09 03:00:00,1149.1275
2021-12-09 04:00:00,1148.01
2021-12-09 05:00:00,1149.9775
2021-12-09 06:00:00,1152.9125
2021-12-09 07:00:00,1156.6825000000001
2021-12-09 08:00:00,1163.7350000000001
2021-12-09 09:00:00,1175.27
2021-12-09 10:00:00,1184.6475
2021-12-09 11:00:00,1192.45
2021-12-09 12:00:00,1197.3675
2021-12-09 13:00:00,1194.385
2021-12-09 14:00:00,1223.195
2021-12-09 15:00:00,1247.4975
2021-12-09 16:00:00,1267.135
2021-12-09 17:00:00,1265.9524999999999
2021-12-09 18:00:00,1249.435
2021-12-09 19:00:00,1230.8175
2021-12-09 20:00:00,1239.1875
2021-12-09 21:00:00,1243.53
2021-12-09 22:00:00,1251.235
2021-12-09 23:00:00,1254.96
2021-12-10 00:00:00,1252.1975
2021-12-10 01:00:00,1251.5774999999999
2021-12-10 02:00:00,1246.9825
2021-12-10 03:00:00,1250.0175
2021-12-10 04:00:00,1248.7025
2021-12-10 05:00:00,1249.31
2021-12-10 06:00:00,1240.5525
2021-12-10 07:00:00,1234.8274999999999
2021-12-10 08:00:00,1233.875
2021-12-10 09:00:00,1237.46
2021-12-10 10:00:00,1235.5175
2021-12-10 11:00:00,1234.385
2021-12-10 12:00:00,1238.3
2021-12-10 13:00:00,1239.4675
2021-12-10 14:00:00,1233.8025
2021-12-10 15:00:00,1225.605
2021-12-10 16:00:00,1215.96
2021-12-10 17:00:00,1215.275
2021-12-10 18:00:00,1208.625
2021-12-10 19:00:00,1212.2775
2021-12-10 20:00:00,1212.8575
2021-12-10 21:00:00,1210.4
2021-12-10 22:00:00,1210.2625
2021-12-10 23:00:00,1198.7525
2021-12-11 00:00:00,1189.4250000000002
2021-12-11 01:00:00,1177.2225
2021-12-11 02:00:00,1157.705
2021-12-11 03:00:00,1152.03
2021-12-11 04:00:00,1141.4325
2021-12-11 05:00:00,1143.6025
2021-12-11 06:00:00,1143.2875
2021-12-11 07:00:00,1143.56
2021-12-11 08:00:00,1142.065
2021-12-11 09:00:00,1139.435
2021-12-11 10:00:00,1138.1175
2021-12-11 11:00:00,1126.7925
2021-12-11 12:00:00,1124.5325
2021-12-11 13:00:00,1122.085
2021-12-11 14:00:00,1124.3675
2021-12-11 15:00:00,1118.805
2021-12-11 16:00:00,1114.1100000000001
2021-12-11 17:00:00,1110.345
2021-12-11 18:00:00,1115.6174999999998
2021-12-11 19:00:00,1109.5225
2021-12-11 20:00:00,1097.295
2021-12-11 21:00:00,1092.875
2021-12-11 22:00:00,1086.45
2021-12-11 23:00:00,1073.6175
2021-12-12 00:00:00,1063.175
2021-12-12 01:00:00,1061.6975
2021-12-12 02:00:00,1065.145
2021-12-12 03:00:00,1069.9
2021-12-12 04:00:00,1068.0425
2021-12-12 05:00:00,1073.385
2021-12-12 06:00:00,1074.85
2021-12-12 07:00:00,1068.5774999999999
2021-12-12 08:00:00,1067.4175
2021-12-12 09:00:00,1070.3825
2021-12-12 10:00:00,1073.2225
2021-12-12 11:00:00,1077.015
2021-12-12 12:00:00,1082.5375
2021-12-12 13:00:00,1085.3
2021-12-12 14:00:00,1087.315
2021-12-12 15:00:00,1084.8675
2021-12-12 16:00:00,1080.435
2021-12-12 17:00:00,1074.8325
2021-12-12 18:00:00,1064.255
2021-12-12 19:00:00,1057.72
2021-12-12 20:00:00,1046.2
2021-12-12 21:00:00,1041.325
2021-12-12 22:00:00,1037.09
2021-12-12 23:00:00,1039.7275
2021-12-13 00:00:00,1040.52
2021-12-13 01:00:00,1043.135
2021-12-13 02:00:00,1033.3125
2021-12-13 03:00:00,1030.21
2021-12-13 04:00:00,1033.2849999999999
2021-12-13 05:00:00,1039.4850000000001
2021-12-13 06:00:00,1035.645
2021-12-13 07:00:00,1030.17
2021-12-13 08:00:00,1039.9099999999999
2021-12-13 09:00:00,1054.5
2021-12-13 10:00:00,1053.0625
2021-12-13 11:00:00,1067.085
2021-12-13 12:00:00,1086.655
2021-12-13 13:00:00,1085.8899999999999
2021-12-13 14:00:00,1095.0325
2021-12-13 15:00:00,1106.4625
2021-12-13 16:00:00,1118.98
2021-12-13 17:00:00,1115.595
2021-12-13 18:00:00,1126.275
2021-12-13 19:00:00,1138.695
2021-12-13 20:00:00,1139.645
2021-12-13 21:00:00,1157.685
2021-12-13 22:00:00,1194.795
2021-12-13 23:00:00,1211.67
2021-12-14 00:00:00,1223.85
2021-12-14 01:00:00,1227.1399999999999
2021-12-14 02:00:00,1230.1775
2021-12-14 03:00:00,1220.51
2021-12-14 04:00:00,1207.1
2021-12-14 05:00:00,1200.7975000000001
2021-12-14 06:00:00,1205.8325
2021-12-14 07:00:00,1220.73
2021-12-14 08:00:00,1224.7175
2021-12-14 09:00:00,1226.565
2021-12-14 10:00:00,1237.3925
2021-12-14 11:00:00,1240.9275
2021-12-14 12:00:00,1266.2625
2021-12-14 13:00:00,1276.2075
2021-12-14 14:00:00,1276.3899999999999
2021-12-14 15:00:00,1261.2
2021-12-14 16:00:00,1253.2075
2021-12-14 17:00:00,1254.7925
2021-12-14 18:00:00,1255.6399999999999
2021-12-14 19:00:00,1254.3325
2021-12-14 20:00:00,1254.3425
2021-12-14 21:00:00,1262.6275
2021-12-14 22:00:00,1263.3274999999999
2021-12-14 23:00:00,1276.965
2021-12-15 00:00:00,1280.78
2021-12-15 01:00:00,1280.91
2021-12-15 02:00:00,1283.565
2021-12-15 03:00:00,1278.805
2021-12-15 04:00:00,1264.885
2021-12-15 05:00:00,1264.435
2021-12-15 06:00:00,1256.42
2021-12-15 07:00:00,1242.3975
2021-12-15 08:00:00,1251.2125
2021-12-15 09:00:00,1248.5125
2021-12-15 10:00:00,1240.7725
2021-12-15 11:00:00,1236.17
2021-12-15 12:00:00,1214.6075
2021-12-15 13:00:00,1226.315
2021-12-15 14:00:00,1249.9425
2021-12-15 15:00:00,1259.965
2021-12-15 16:00:00,1259.2575
2021-12-15 17:00:00,1246.7775000000001
2021-12-15 18:00:00,1226.3
2021-12-15 19:00:00,1223.0974999999999
2021-12-15 20:00:00,1222.6375
2021-12-15 21:00:00,1218.8775
2021-12-15 22:00:00,1214.8375
2021-12-15 23:00:00,1223.23
2021-12-16 00:00:00,1213.79
2021-12-16 01:00:00,1203.5674999999999
2021-12-16 02:00:00,1186.1175
2021-12-16 03:00:00,1179.4425
2021-12-16 04:00:00,1174.775
2021-12-16 05:00:00,1175.49
2021-12-16 06:00:00,1175.8625
2021-12-16 07:00:00,1188.9375
2021-12-16 08:00:00,1174.9675
2021-12-16 09:00:00,1146.8975
2021-12-16 10:00:00,1159.2775
2021-12-16 11:00:00,1190.49
2021-12-16 12:00:00,1171.97
2021-12-16 13:00:00,1164.7975000000001
2021-12-16 14:00:00,1174.6875
2021-12-16 15:00:00,1189.6125
2021-12-16 16:00:00,1188.8725
2021-12-16 17:00:00,1180.1075
2021-12-16 18:00:00,1158.78
2021-12-16 19:00:00,1159.8625
2021-12-16 20:00:00,1154.0175
2021-12-16 21:00:00,1151.73
2021-12-16 22:00:00,1151.855
2021-12-16 23:00:00,1157.05
2021-12-17 00:00:00,1153.365
2021-12-17 01:00:00,1154.915
2021-12-17 02:00:00,1155.7325
2021-12-17 03:00:00,1148.6425
2021-12-17 04:00:00,1144.535
2021-12-17 05:00:00,1137.6675
2021-12-17 06:00:00,1130.8700000000001
2021-12-17 07:00:00,1119.7250000000001
2021-12-17 08:00:00,1118.5925
2021-12-17 09:00:00,1114.045
2021-12-17 10:00:00,1109.425
2021-12-17 11:00:00,1100.145
2021-12-17 12:00:00,1092.7225
2021-12-17 13:00:00,1090.7525
2021-12-17 14:00:00,1098.4125
2021-12-17 15:00:00,1094.7275
2021-12-17 16:00:00,1088.2575
2021-12-17 17:00:00,1079.525
2021-12-17 18:00:00,1070.67
2021-12-17 19:00:00,1072.7725
2021-12-17 20:00:00,1069.455
2021-12-17 21:00:00,1057.905
2021-12-17 22:00:00,1051.495
2021-12-17 23:00:00,1046.8249999999998
2021-12-18 00:00:00,1052.945
2021-12-18 01:00:00,1052.0025
2021-12-18 02:00:00,1043.575
2021-12-18 03:00:00,1046.085
2021-12-18 04:00:00,1048.0425
2021-12-18 05:00:00,1046.46
2021-12-18 06:00:00,1049.3075
2021-12-18 07:00:00,1049.395
2021-12-18 08:00:00,1040.19
2021-12-18 09:00:00,1041.28
2021-12-18 10:00:00,1036.1775
2021-12-18 11:00:00,1031.295
2021-12-18 12:00:00,1031.3625
2021-12-18 13:00:00,1041.1325
2021-12-18 14:00:00,1047.585
2021-12-18 15:00:00,1039.92
2021-12-18 16:00:00,1034.6875
2021-12-18 17:00:00,1040.5425
2021-12-18 18:00:00,1039.5875
2021-12-18 19:00:00,1036.9450000000002
2021-12-18 20:00:00,1023.23
2021-12-18 21:00:00,1015.4225
2021-12-18 22:00:00,1015.8375
2021-12-18 23:00:00,1013.4325
2021-12-19 00:00:00,1017.7525
2021-12-19 01:00:00,1017.7875
2021-12-19 02:00:00,1015.4925000000001
2021-12-19 03:00:00,1015.74
2021-12-19 04:00:00,1012.0375
2021-12-19 05:00:00,1017.2075
2021-12-19 06:00:00,1005.49
2021-12-19 07:00:00,999.615
2021-12-19 08:00:00,1003.765
2021-12-19 09:00:00,1007.015
2021-12-19 10:00:00,1012.075
2021-12-19 11:00:00,1020.485
2021-12-19 12:00:00,1018.4
2021-12-19 13:00:00,1017.6375
2021-12-19 14:00:00,1017.075
2021-12-19 15:00:00,1012.2
2021-12-19 16:00:00,1000.31
2021-12-19 17:00:00,990.25
2021-12-19 18:00:00,993.165
2021-12-19 19:00:00,999.4300000000001
2021-12-19 20:00:00,999.6775
2021-12-19 21:00:00,992.1125
2021-12-19 22:00:00,985.27
2021-12-19 23:00:00,983.03
2021-12-20 00:00:00,978.625
2021-12-20 01:00:00,976.6725
2021-12-20 02:00:00,978.67
2021-12-20 03:00:00,977.28
2021-12-20 04:00:00,973.425
2021-12-20 05:00:00,978.7525
2021-12-20 06:00:00,973.96
2021-12-20 07:00:00,968.5174999999999
2021-12-20 08:00:00,962.9124999999999
2021-12-20 09:00:00,974.1975
2021-12-20 10:00:00,980.45
2021-12-20 11:00:00,987.0475
2021-12-20 12:00:00,993.7525
2021-12-20 13:00:00,994.015
2021-12-20 14:00:00,1002.9200000000001
2021-12-20 15:00:00,995.39
2021-12-20 16:00:00,989.7875
2021-12-20 17:00:00,1000.275
2021-12-20 18:00:00,1001.53
2021-12-20 19:00:00,1000.705
2021-12-20 20:00:00,1009.405
2021-12-20 21:00:00,1018.0699999999999
2021-12-20 22:00:00,1024.93
2021-12-20 23:00:00,1040.57
2021-12-21 00:00:00,1042.3425
2021-12-21 01:00:00,1038.815
2021-12-21 02:00:00,1040.4225
2021-12-21 03:00:00,1039.1025
2021-12-21 04:00:00,1040.8025
2021-12-21 05:00:00,1044.1675
2021-12-21 06:00:00,1036.195
2021-12-21 07:00:00,1033.4725
2021-12-21 08:00:00,1050.4524999999999
2021-12-21 09:00:00,1057.63
2021-12-21 10:00:00,1068.43
2021-12-21 11:00:00,1062.4650000000001
2021-12-21 12:00:00,1078.575
2021-12-21 13:00:00,1092.6225
2021-12-21 14:00:00,1099.6599999999999
2021-12-21 15:00:00,1116.7024999999999
2021-12-21 16:00:00,1120.365
2021-12-21 17:00:00,1123.1225
2021-12-21 18:00:00,1109.5425
2021-12-21 19:00:00,1115.435
2021-12-21 20:00:00,1129.3825
2021-12-21 21:00:00,1132.4275
2021-12-21 22:00:00,1144.54
2021-12-21 23:00:00,1155.0425
2021-12-22 00:00:00,1138.23
2021-12-22 01:00:00,1133.6
2021-12-22 02:00:00,1144.7
2021-12-22 03:00:00,1137.7475
2021-12-22 04:00:00,1135.5525
2021-12-22 05:00:00,1118.8125
2021-12-22 06:00:00,1101.3975
2021-12-22 07:00:00,1097.3474999999999
2021-12-22 08:00:00,1082.7775
2021-12-22 09:00:00,1086.5875
2021-12-22 10:00:00,1078.7625
2021-12-22 11:00:00,1074.5725
2021-12-22 12:00:00,1066.8049999999998
2021-12-22 13:00:00,1050.315
2021-12-22 14:00:00,1037.6399999999999
2021-12-22 15:00:00,1042.915
2021-12-22 16:00:00,1036.4025000000001
2021-12-22 17:00:00,1031.0075
2021-12-22 18:00:00,1027.71
2021-12-22 19:00:00,1032.9125
2021-12-22 20:00:00,1033.2649999999999
2021-12-22 21:00:00,1027.1175
2021-12-22 22:00:00,1028.3525
2021-12-22 23:00:00,1020.6725
2021-12-23 00:00:00,997.56
2021-12-23 01:00:00,1000.79
2021-12-23 02:00:00,999.7675
2021-12-23 03:00:00,999.5775
2021-12-23 04:00:00,1004.0575
2021-12-23 05:00:00,998.82
2021-12-23 06:00:00,1001.1275
2021-12-23 07:00:00,998.9075
2021-12-23 08:00:00,998.235
2021-12-23 09:00:00,999.965
2021-12-23 10:00:00,1006.87
2021-12-23 11:00:00,1006.04
2021-12-23 12:00:00,1006.245
2021-12-23 13:00:00,1000.65
2021-12-23 14:00:00,999.615
2021-12-23 15:00:00,1008.115
2021-12-23 16:00:00,1005.94
2021-12-23 17:00:00,1003.1
2021-12-23 18:00:00,993.1875
2021-12-23 19:00:00,987.1825
2021-12-23 20:00:00,981.4075
2021-12-23 21:00:00,965.1825
2021-12-23 22:00:00,958.1575
2021-12-23 23:00:00,953.625
2021-12-24 00:00:00,955.41
2021-12-24 01:00:00,951.8525
2021-12-24 02:00:00,955.3475
2021-12-24 03:00:00,956.2325000000001
2021-12-24 04:00:00,961.8425
2021-12-24 05:00:00,965.5649999999999
2021-12-24 06:00:00,969.35
2021-12-24 07:00:00,965.0775
2021-12-24 08:00:00,968.615
2021-12-24 09:00:00,981.83
2021-12-24 10:00:00,986.415
2021-12-24 11:00:00,980.72
2021-12-24 12:00:00,969.585
2021-12-24 13:00:00,974.5275
2021-12-24 14:00:00,977.7475
2021-12-24 15:00:00,977.915
2021-12-24 16:00:00,981.0725
2021-12-24 17:00:00,981.3075
2021-12-24 18:00:00,980.5525
2021-12-24 19:00:00,984.135
2021-12-24 20:00:00,984.2275
2021-12-24 21:00:00,983.8375
2021-12-24 22:00:00,978.125
2021-12-24 23:00:00,973.9925
2021-12-25 00:00:00,974.5975
2021-12-25 01:00:00,978.5425
2021-12-25 02:00:00,983.775
2021-12-25 03:00:00,977.9875
2021-12-25 04:00:00,981.5875000000001
2021-12-25 05:00:00,991.1075000000001
2021-12-25 06:00:00,1000.935
2021-12-25 07:00:00,1013.4025
2021-12-25 08:00:00,1024.1575
2021-12-25 09:00:00,1023.505
2021-12-25 10:00:00,1032.005
2021-12-25 11:00:00,1038.9
2021-12-25 12:00:00,1035.8899999999999
2021-12-25 13:00:00,1056.5225
2021-12-25 14:00:00,1062.6399999999999
2021-12-25 15:00:00,1064.565
2021-12-25 16:00:00,1060.8075
2021-12-25 17:00:00,1059.0575
2021-12-25 18:00:00,1062.3275
2021-12-25 19:00:00,1065.0425
2021-12-25 20:00:00,1072.6525
2021-12-25 21:00:00,1073.2675
2021-12-25 22:00:00,1078.345
2021-12-25 23:00:00,1084.27
2021-12-26 00:00:00,1082.7225
2021-12-26 01:00:00,1080.3825
2021-12-26 02:00:00,1083.615
2021-12-26 03:00:00,1096.4850000000001
2021-12-26 04:00:00,1101.8575
2021-12-26 05:00:00,1110.17
2021-12-26 06:00:00,1119.2024999999999
2021-12-26 07:00:00,1130.3075
2021-12-26 08:00:00,1145.545
2021-12-26 09:00:00,1156.14
2021-12-26 10:00:00,1160.6475
2021-12-26 11:00:00,1158.755
2021-12-26 12:00:00,1158.8325
2021-12-26 13:00:00,1151.14
2021-12-26 14:00:00,1149.315
2021-12-26 15:00:00,1142.44
2021-12-26 16:00:00,1146.155
2021-12-26 17:00:00,1149.8400000000001
2021-12-26 18:00:00,1155.3225
2021-12-26 19:00:00,1166.42
2021-12-26 20:00:00,1174.82
2021-12-26 21:00:00,1175.7825
2021-12-26 22:00:00,1178.82
2021-12-26 23:00:00,1172.6525000000001
2021-12-27 00:00:00,1171.4175
2021-12-27 01:00:00,1173.6525000000001
2021-12-27 02:00:00,1167.2175
2021-12-27 03:00:00,1170.2775000000001
2021-12-27 04:00:00,1175.1925
2021-12-27 05:00:00,1178.15
2021-12-27 06:00:00,1172.24
2021-12-27 07:00:00,1177.5375
2021-12-27 08:00:00,1170.57
2021-12-27 09:00:00,1169.595
2021-12-27 10:00:00,1160.2849999999999
2021-12-27 11:00:00,1148.7325
2021-12-27 12:00:00,1145.2725
2021-12-27 13:00:00,1137.88
2021-12-27 14:00:00,1141.6975
2021-12-27 15:00:00,1139.675
2021-12-27 16:00:00,1135.435
2021-12-27 17:00:00,1139.21
2021-12-27 18:00:00,1146.345
2021-12-27 19:00:00,1150.7075
2021-12-27 20:00:00,1149.8625
2021-12-27 21:00:00,1151.3625
2021-12-27 22:00:00,1156.1125
2021-12-27 23:00:00,1159.2775000000001
2021-12-28 00:00:00,1159.125
2021-12-28 01:00:00,1166.8125
2021-12-28 02:00:00,1169.495
2021-12-28 03:00:00,1162.2025
2021-12-28 04:00:00,1153.9225000000001
2021-12-28 05:00:00,1157.1125
2021-12-28 06:00:00,1164.4524999999999
2021-12-28 07:00:00,1167.525
2021-12-28 08:00:00,1165.725
2021-12-28 09:00:00,1171.8825
2021-12-28 10:00:00,1175.5525
2021-12-28 11:00:00,1185.2075
2021-12-28 12:00:00,1204.5375
2021-12-28 13:00:00,1206.5349999999999
2021-12-28 14:00:00,1206.3575
2021-12-28 15:00:00,1202.19
2021-12-28 16:00:00,1205.915
2021-12-28 17:00:00,1215.17
2021-12-28 18:00:00,1225.49
2021-12-28 19:00:00,1240.08
2021-12-28 20:00:00,1247.31
2021-12-28 21:00:00,1250.835
2021-12-28 22:00:00,1258.5025
2021-12-28 23:00:00,1261.8725
2021-12-29 00:00:00,1262.2925
2021-12-29 01:00:00,1273.51
2021-12-29 02:00:00,1288.0875
2021-12-29 03:00:00,1297.0900000000001
2021-12-29 04:00:00,1305.95
2021-12-29 05:00:00,1310.695
2021-12-29 06:00:00,1316.0075
2021-12-29 07:00:00,1322.165
2021-12-29 08:00:00,1321.8675
2021-12-29 09:00:00,1324.165
2021-12-29 10:00:00,1320.7649999999999
2021-12-29 11:00:00,1326.965
2021-12-29 12:00:00,1345.8
2021-12-29 13:00:00,1353.1399999999999
2021-12-29 14:00:00,1360.135
2021-12-29 15:00:00,1368.5125
2021-12-29 16:00:00,1379.375
2021-12-29 17:00:00,1389.3674999999998
2021-12-29 18:00:00,1389.655
2021-12-29 19:00:00,1392.8775
2021-12-29 20:00:00,1389.4650000000001
2021-12-29 21:00:00,1394.455
2021-12-29 22:00:00,1404.5149999999999
2021-12-29 23:00:00,1408.3525
2021-12-30 00:00:00,1410.3925
2021-12-30 01:00:00,1429.07
2021-12-30 02:00:00,1455.6525
2021-12-30 03:00:00,1480.43
2021-12-30 04:00:00,1499.1
2021-12-30 05:00:00,1523.4325
2021-12-30 06:00:00,1556.685
2021-12-30 07:00:00,1573.1000000000001
2021-12-30 08:00:00,1590.695
2021-12-30 09:00:00,1602.0049999999999
2021-12-30 10:00:00,1613.1875
2021-12-30 11:00:00,1627.9299999999998
2021-12-30 12:00:00,1637.6525000000001
2021-12-30 13:00:00,1627.7225
2021-12-30 14:00:00,1615.2175
2021-12-30 15:00:00,1609.135
2021-12-30 16:00:00,1587.1325
2021-12-30 17:00:00,1588.08
2021-12-30 18:00:00,1576.8975
2021-12-30 19:00:00,1569.4975
2021-12-30 20:00:00,1566.4775
2021-12-30 21:00:00,1559.12
2021-12-30 22:00:00,1542.04
2021-12-30 23:00:00,1527.0825
2021-12-31 00:00:00,1534.3475
2021-12-31 01:00:00,1535.9475
2021-12-31 02:00:00,1534.415
2021-12-31 03:00:00,1520.915
2021-12-31 04:00:00,1513.4325
2021-12-31 05:00:00,1505.4475
2021-12-31 06:00:00,1501.6725
2021-12-31 07:00:00,1500.3725
2021-12-31 08:00:00,1503.4524999999999
2021-12-31 09:00:00,1513.88
2021-12-31 10:00:00,1509.0700000000002
2021-12-31 11:00:00,1503.315
2021-12-31 12:00:00,1501.7775
2021-12-31 13:00:00,1499.0175
2021-12-31 14:00:00,1486.04
2021-12-31 15:00:00,1475.715
2021-12-31 16:00:00,1477.0149999999999
2021-12-31 17:00:00,1478.345
2021-12-31 18:00:00,1472.7125
2021-12-31 19:00:00,1460.145
2021-12-31 20:00:00,1455.5974999999999
2021-12-31 21:00:00,1457.345
2021-12-31 22:00:00,1448.6125
2021-12-31 23:00:00,1437.315
2022-01-01 00:00:00,1435.535
