2018-01-01_00:00:00;0.5769649574341714
2018-01-01_01:00:00;0.5934963373589388
2018-01-01_02:00:00;0.6124034844585231
2018-01-01_03:00:00;0.6205701841219561
2018-01-01_04:00:00;0.6354187289645614
2018-01-01_05:00:00;0.6490793902197585
2018-01-01_06:00:00;0.6510097010492971
2018-01-01_07:00:00;0.6491288853692339
2018-01-01_08:00:00;0.6497723223124133
2018-01-01_09:00:00;0.6482379726786774
2018-01-01_10:00:00;0.6318550782023362
2018-01-01_11:00:00;0.6433874480300931
2018-01-01_12:00:00;0.6503167689566423
2018-01-01_13:00:00;0.6499703029103148
2018-01-01_14:00:00;0.648732924173431
2018-01-01_15:00:00;0.8370619679271432
2018-01-01_16:00:00;0.7914769352603445
2018-01-01_17:00:00;0.7287170857255989
2018-01-01_18:00:00;0.6431894674321916
2018-01-01_19:00:00;0.613244901999604
2018-01-01_20:00:00;0.5645911700653335
2018-01-01_21:00:00;0.5048010294991091
2018-01-01_22:00:00;0.4633240942387646
2018-01-01_23:00:00;0.3836369035834488
2018-01-02_00:00:00;0.29979212037220354
2018-01-02_01:00:00;0.31850128687388635
2018-01-02_02:00:00;0.30291031478915065
2018-01-02_03:00:00;0.33607206493763614
2018-01-02_04:00:00;0.35775094040784006
2018-01-02_05:00:00;0.38220154424866365
2018-01-02_06:00:00;0.4276875866165116
2018-01-02_07:00:00;0.42387646010690955
2018-01-02_08:00:00;0.4275391011680855
2018-01-02_09:00:00;0.3832904375371214
2018-01-02_10:00:00;0.34785191051276976
2018-01-02_11:00:00;0.4485250445456345
2018-01-02_12:00:00;0.5383587408433973
2018-01-02_13:00:00;0.5082161948129084
2018-01-02_14:00:00;0.45213819045733517
2018-01-02_15:00:00;0.501831320530588
2018-01-02_16:00:00;0.5919124925757275
2018-01-02_17:00:00;0.6297762819243714
2018-01-02_18:00:00;0.7258958622055038
2018-01-02_19:00:00;0.8110770144525836
2018-01-02_20:00:00;0.8327558899227876
2018-01-02_21:00:00;0.8333498317164918
2018-01-02_22:00:00;0.8420114828746783
2018-01-02_23:00:00;0.8479509008117204
2018-01-03_00:00:00;0.8515640467234211
2018-01-03_01:00:00;0.8656701643238962
2018-01-03_02:00:00;0.871411601663037
2018-01-03_03:00:00;0.874084339734706
2018-01-03_04:00:00;0.8782419322906355
2018-01-03_05:00:00;0.837754900019798
2018-01-03_06:00:00;0.8170659275391011
2018-01-03_07:00:00;0.825777073846763
2018-01-03_08:00:00;0.8261235398930905
2018-01-03_09:00:00;0.8258760641457137
2018-01-03_10:00:00;0.8239952484656504
2018-01-03_11:00:00;0.7282221342308454
2018-01-03_12:00:00;0.7106513561670956
2018-01-03_13:00:00;0.5346960997822213
2018-01-03_14:00:00;0.5590972084735696
2018-01-03_15:00:00;0.5829538705206889
2018-01-03_16:00:00;0.5761730350425658
2018-01-03_17:00:00;0.7256483864581271
2018-01-03_18:00:00;0.7747475747376757
2018-01-03_19:00:00;0.7346070085131657
2018-01-03_20:00:00;0.7284696099782222
2018-01-03_21:00:00;0.7201049297168878
2018-01-03_22:00:00;0.7446050287071867
2018-01-03_23:00:00;0.7588101366066126
2018-01-04_00:00:00;0.7231241338348842
2018-01-04_01:00:00;0.7067412393585428
2018-01-04_02:00:00;0.6748168679469412
2018-01-04_03:00:00;0.6644228865571175
2018-01-04_04:00:00;0.5363789348643833
2018-01-04_05:00:00;0.36943179568402296
2018-01-04_06:00:00;0.29979212037220354
2018-01-04_07:00:00;0.23015244506038407
2018-01-04_08:00:00;0.21733320134626807
2018-01-04_09:00:00;0.20728568600277172
2018-01-04_10:00:00;0.1644228865571174
2018-01-04_11:00:00;0.17402494555533557
2018-01-04_12:00:00;0.19872302514353593
2018-01-04_13:00:00;0.1641259156602653
2018-01-04_14:00:00;0.12076816471985745
2018-01-04_15:00:00;0.10359334785191052
2018-01-04_16:00:00;0.07973668580479112
2018-01-04_17:00:00;0.08627004553553752
2018-01-04_18:00:00;0.12353989309047714
2018-01-04_19:00:00;0.1539299148683429
2018-01-04_20:00:00;0.22114432785587013
2018-01-04_21:00:00;0.25871114630766184
2018-01-04_22:00:00;0.3739853494357553
2018-01-04_23:00:00;0.5461789744605029
2018-01-05_00:00:00;0.6955553355771135
2018-01-05_01:00:00;0.7665313799247674
2018-01-05_02:00:00;0.6821916452187685
2018-01-05_03:00:00;0.5827558899227876
2018-01-05_04:00:00;0.5221243318154821
2018-01-05_05:00:00;0.37710354385270245
2018-01-05_06:00:00;0.26702633141952087
2018-01-05_07:00:00;0.17451989705008908
2018-01-05_08:00:00;0.11245297960799841
2018-01-05_09:00:00;0.0489012076816472
2018-01-05_10:00:00;0.04528806176994655
2018-01-05_11:00:00;0.03499307067907345
2018-01-05_12:00:00;0.028905167293605226
2018-01-05_13:00:00;0.05855276182934072
2018-01-05_14:00:00;0.08429023955652346
2018-01-05_15:00:00;0.08755691942189665
2018-01-05_16:00:00;0.08676499703029103
2018-01-05_17:00:00;0.07805385072262919
2018-01-05_18:00:00;0.15289051672936052
2018-01-05_19:00:00;0.1910017818253811
2018-01-05_20:00:00;0.1341813502276777
2018-01-05_21:00:00;0.10488022173826965
2018-01-05_22:00:00;0.10908730944367452
2018-01-05_23:00:00;0.08810136606612552
2018-01-06_00:00:00;0.08839833696297762
2018-01-06_01:00:00;0.10285092060978024
2018-01-06_02:00:00;0.13205305880023757
2018-01-06_03:00:00;0.14036824391209662
2018-01-06_04:00:00;0.0767174816867947
2018-01-06_05:00:00;0.09225895862205503
2018-01-06_06:00:00;0.10047515343496337
2018-01-06_07:00:00;0.12042169867352999
2018-01-06_08:00:00;0.11903583448822015
2018-01-06_09:00:00;0.11601663037022372
2018-01-06_10:00:00;0.0946347257968719
2018-01-06_11:00:00;0.07404474361512572
2018-01-06_12:00:00;0.05731538309245694
2018-01-06_13:00:00;0.07914274401108691
2018-01-06_14:00:00;0.11497723223124134
2018-01-06_15:00:00;0.11651158186497723
2018-01-06_16:00:00;0.2450999802019402
2018-01-06_17:00:00;0.35151455157394573
2018-01-06_18:00:00;0.4471391803603247
2018-01-06_19:00:00;0.4784201148287468
2018-01-06_20:00:00;0.6206691744209067
2018-01-06_21:00:00;0.6668481488814096
2018-01-06_22:00:00;0.6964957434171452
2018-01-06_23:00:00;0.6609582260938428
2018-01-07_00:00:00;0.6107701445258364
2018-01-07_01:00:00;0.5805781033458721
2018-01-07_02:00:00;0.5469214017026331
2018-01-07_03:00:00;0.47094634725796874
2018-01-07_04:00:00;0.4165511779845575
2018-01-07_05:00:00;0.3498317164917838
2018-01-07_06:00:00;0.28806176994654525
2018-01-07_07:00:00;0.26163136012670757
2018-01-07_08:00:00;0.22634131855078202
2018-01-07_09:00:00;0.1905068303306276
2018-01-07_10:00:00;0.1446743219164522
2018-01-07_11:00:00;0.13299346664026926
2018-01-07_12:00:00;0.13333993268659672
2018-01-07_13:00:00;0.12512373787368838
2018-01-07_14:00:00;0.13032072856860027
2018-01-07_15:00:00;0.13428034052662838
2018-01-07_16:00:00;0.15967135220748366
2018-01-07_17:00:00;0.19743615125717678
2018-01-07_18:00:00;0.21906553157790537
2018-01-07_19:00:00;0.24752524252623243
2018-01-07_20:00:00;0.27063947733122157
2018-01-07_21:00:00;0.29053652742031283
2018-01-07_22:00:00;0.2910809740645417
2018-01-07_23:00:00;0.2859829736685805
2018-01-08_00:00:00;0.28989309047713324
2018-01-08_01:00:00;0.3244901999604039
2018-01-08_02:00:00;0.34968323104335775
2018-01-08_03:00:00;0.3860126707582657
2018-01-08_04:00:00;0.40467234211047315
2018-01-08_05:00:00;0.4441694713918036
2018-01-08_06:00:00;0.5054444664422887
2018-01-08_07:00:00;0.5660265294001188
2018-01-08_08:00:00;0.49222926153236984
2018-01-08_09:00:00;0.48465650366264107
2018-01-08_10:00:00;0.46198772520293013
2018-01-08_11:00:00;0.46426450207879627
2018-01-08_12:00:00;0.4927242130271233
2018-01-08_13:00:00;0.5179172441100772
2018-01-08_14:00:00;0.5386557117402495
2018-01-08_15:00:00;0.6053751732330231
2018-01-08_16:00:00;0.6416551177984557
2018-01-08_17:00:00;0.6566026529400119
2018-01-08_18:00:00;0.6354187289645614
2018-01-08_19:00:00;0.6394773312215403
2018-01-08_20:00:00;0.639427836072065
2018-01-08_21:00:00;0.6458622055038606
2018-01-08_22:00:00;0.6507622253019204
2018-01-08_23:00:00;0.6587804395169273
2018-01-09_00:00:00;0.6642744011086914
2018-01-09_01:00:00;0.6622945951296773
2018-01-09_02:00:00;0.66620471193823
2018-01-09_03:00:00;0.675064343694318
2018-01-09_04:00:00;0.67887547020392
2018-01-09_05:00:00;0.6900613739853494
2018-01-09_06:00:00;0.6894179370421699
2018-01-09_07:00:00;0.6862997426252228
2018-01-09_08:00:00;0.6857552959809938
2018-01-09_09:00:00;0.6846169075430608
2018-01-09_10:00:00;0.6804098198376559
2018-01-09_11:00:00;0.6816471985745397
2018-01-09_12:00:00;0.6846169075430608
2018-01-09_13:00:00;0.7021381904573352
2018-01-09_14:00:00;0.7002573747772718
2018-01-09_15:00:00;0.720005939417937
2018-01-09_16:00:00;0.7169372401504652
2018-01-09_17:00:00;0.7045139576321521
2018-01-09_18:00:00;0.6663037022371807
2018-01-09_19:00:00;0.6877351019600079
2018-01-09_20:00:00;0.6320035636507623
2018-01-09_21:00:00;0.5341021579885171
2018-01-09_22:00:00;0.45238566620471193
2018-01-09_23:00:00;0.3753712136210651
2018-01-10_00:00:00;0.319293209265492
2018-01-10_01:00:00;0.29335775094040784
2018-01-10_02:00:00;0.26544248663630965
2018-01-10_03:00:00;0.2361413581469016
2018-01-10_04:00:00;0.21381904573351812
2018-01-10_05:00:00;0.1921401702633142
2018-01-10_06:00:00;0.1798158780439517
2018-01-10_07:00:00;0.1956048307265888
2018-01-10_08:00:00;0.18278558701247277
2018-01-10_09:00:00;0.167887547020392
2018-01-10_10:00:00;0.1520985943377549
2018-01-10_11:00:00;0.13472579687190656
2018-01-10_12:00:00;0.13482478717085725
2018-01-10_13:00:00;0.13531973866561078
2018-01-10_14:00:00;0.15640467234211047
2018-01-10_15:00:00;0.1989705008909127
2018-01-10_16:00:00;0.2519303108295387
2018-01-10_17:00:00;0.2699465452385666
2018-01-10_18:00:00;0.2776182934072461
2018-01-10_19:00:00;0.2990991882795486
2018-01-10_20:00:00;0.3008315185111859
2018-01-10_21:00:00;0.2434666402692536
2018-01-10_22:00:00;0.19392199564442686
2018-01-10_23:00:00;0.14675311819441694
2018-01-11_00:00:00;0.10725598891308652
2018-01-11_01:00:00;0.10097010492971689
2018-01-11_02:00:00;0.10240546426450207
2018-01-11_03:00:00;0.10369233815086122
2018-01-11_04:00:00;0.0718174618887349
2018-01-11_05:00:00;0.04504058602256979
2018-01-11_06:00:00;0.02979607998416155
2018-01-11_07:00:00;0.033607206493763614
2018-01-11_08:00:00;0.04761433379528806
2018-01-11_09:00:00;0.05850326667986537
2018-01-11_10:00:00;0.05691942189665413
2018-01-11_11:00:00;0.0490991882795486
2018-01-11_12:00:00;0.04825777073846763
2018-01-11_13:00:00;0.05320728568600277
2018-01-11_14:00:00;0.06231439318946743
2018-01-11_15:00:00;0.0749851514551574
2018-01-11_16:00:00;0.10527618293407245
2018-01-11_17:00:00;0.1371015640467234
2018-01-11_18:00:00;0.14086319540685013
2018-01-11_19:00:00;0.15298950702831124
2018-01-11_20:00:00;0.14784201148287468
2018-01-11_21:00:00;0.1326470005939418
2018-01-11_22:00:00;0.1493268659671352
2018-01-11_23:00:00;0.15927539101168087
2018-01-12_00:00:00;0.17357948921005742
2018-01-12_01:00:00;0.17150069293209266
2018-01-12_02:00:00;0.20109879231835281
2018-01-12_03:00:00;0.21134428825975055
2018-01-12_04:00:00;0.24059592159968324
2018-01-12_05:00:00;0.26479904969313006
2018-01-12_06:00:00;0.31186893684418926
2018-01-12_07:00:00;0.386755098000396
2018-01-12_08:00:00;0.38779449613937833
2018-01-12_09:00:00;0.3480993862601465
2018-01-12_10:00:00;0.327608394377351
2018-01-12_11:00:00;0.33562660859235793
2018-01-12_12:00:00;0.40219758463670563
2018-01-12_13:00:00;0.4692140170263314
2018-01-12_14:00:00;0.49995050485052467
2018-01-12_15:00:00;0.5221738269649574
2018-01-12_16:00:00;0.5411799643634924
2018-01-12_17:00:00;0.5605325678083548
2018-01-12_18:00:00;0.5758265689962384
2018-01-12_19:00:00;0.5949811918431994
2018-01-12_20:00:00;0.5913185507820233
2018-01-12_21:00:00;0.5803306275984953
2018-01-12_22:00:00;0.5524153632943971
2018-01-12_23:00:00;0.5407345080182142
2018-01-13_00:00:00;0.5544941595723619
2018-01-13_01:00:00;0.550831518511186
2018-01-13_02:00:00;0.5088101366066126
2018-01-13_03:00:00;0.4647594535735498
2018-01-13_04:00:00;0.44664422886557115
2018-01-13_05:00:00;0.47906355177192633
2018-01-13_06:00:00;0.48010294991090874
2018-01-13_07:00:00;0.49381310631558106
2018-01-13_08:00:00;0.5030686992674718
2018-01-13_09:00:00;0.5400415759255593
2018-01-13_10:00:00;0.5904771332409424
2018-01-13_11:00:00;0.5978024153632944
2018-01-13_12:00:00;0.5868144921797663
2018-01-13_13:00:00;0.5844387250049495
2018-01-13_14:00:00;0.6093842803405266
2018-01-13_15:00:00;0.641259156602653
2018-01-13_16:00:00;0.7037220352405464
2018-01-13_17:00:00;0.7594535735497921
2018-01-13_18:00:00;0.7715303900217778
2018-01-13_19:00:00;0.746188873490398
2018-01-13_20:00:00;0.7232726192833102
2018-01-13_21:00:00;0.7106018610176202
2018-01-13_22:00:00;0.7152544050683033
2018-01-13_23:00:00;0.7172342110473173
2018-01-14_00:00:00;0.6914967333201346
2018-01-14_01:00:00;0.7042169867353
2018-01-14_02:00:00;0.697881607602455
2018-01-14_03:00:00;0.6655612749950505
2018-01-14_04:00:00;0.6775885963175609
2018-01-14_05:00:00;0.7092654919817858
2018-01-14_06:00:00;0.7414373391407642
2018-01-14_07:00:00;0.7571273015244506
2018-01-14_08:00:00;0.6790239556523461
2018-01-14_09:00:00;0.6820431597703425
2018-01-14_10:00:00;0.6854088299346665
2018-01-14_11:00:00;0.6592753910116809
2018-01-14_12:00:00;0.6612551969906949
2018-01-14_13:00:00;0.6442783607206494
2018-01-14_14:00:00;0.6059691150267273
2018-01-14_15:00:00;0.5537517323302317
2018-01-14_16:00:00;0.5822609384280341
2018-01-14_17:00:00;0.6998119184319936
2018-01-14_18:00:00;0.74084339734706
2018-01-14_19:00:00;0.6217085725598891
2018-01-14_20:00:00;0.516481884775292
2018-01-14_21:00:00;0.4978717085725599
2018-01-14_22:00:00;0.5066818451791725
2018-01-14_23:00:00;0.5204414967333202
2018-01-15_00:00:00;0.5995842407444071
2018-01-15_01:00:00;0.6628885369233815
2018-01-15_02:00:00;0.6842704414967333
2018-01-15_03:00:00;0.766630370223718
2018-01-15_04:00:00;0.7928627994456543
2018-01-15_05:00:00;0.7937537121362106
2018-01-15_06:00:00;0.6651158186497723
2018-01-15_07:00:00;0.6456642249059592
2018-01-15_08:00:00;0.7145614729756484
2018-01-15_09:00:00;0.7121362106513561
2018-01-15_10:00:00;0.6981785784993071
2018-01-15_11:00:00;0.6952583646802614
2018-01-15_12:00:00;0.7019897050089091
2018-01-15_13:00:00;0.7144129875272224
2018-01-15_14:00:00;0.716343298356761
2018-01-15_15:00:00;0.7104038804197189
2018-01-15_16:00:00;0.7130271233419125
2018-01-15_17:00:00;0.7153039002177787
2018-01-15_18:00:00;0.7175806770936448
2018-01-15_19:00:00;0.7176301722431202
2018-01-15_20:00:00;0.7167392595525639
2018-01-15_21:00:00;0.7087705404870323
2018-01-15_22:00:00;0.6827855870124728
2018-01-15_23:00:00;0.6389823797267867
2018-01-16_00:00:00;0.6611067115422689
2018-01-16_01:00:00;0.6719461492773708
2018-01-16_02:00:00;0.7113937834092259
2018-01-16_03:00:00;0.7197089685210849
2018-01-16_04:00:00;0.7053058800237577
2018-01-16_05:00:00;0.8062759849534745
2018-01-16_06:00:00;0.7877153039002178
2018-01-16_07:00:00;0.7300534547614334
2018-01-16_08:00:00;0.7593050881013661
2018-01-16_09:00:00;0.7541080974064541
2018-01-16_10:00:00;0.725202930112849
2018-01-16_11:00:00;0.7187685606810532
2018-01-16_12:00:00;0.7405959215996832
2018-01-16_13:00:00;0.7370322708374579
2018-01-16_14:00:00;0.7420312809344685
2018-01-16_15:00:00;0.7758859631756088
2018-01-16_16:00:00;0.7813304296178974
2018-01-16_17:00:00;0.7758859631756088
2018-01-16_18:00:00;0.8043456741239359
2018-01-16_19:00:00;0.7752425262324292
2018-01-16_20:00:00;0.7481191843199366
2018-01-16_21:00:00;0.7428232033260741
2018-01-16_22:00:00;0.7316372995446446
2018-01-16_23:00:00;0.7124826766976836
2018-01-17_00:00:00;0.5874579291229459
2018-01-17_01:00:00;0.5445456345278162
2018-01-17_02:00:00;0.425212829142744
2018-01-17_03:00:00;0.5321223520095031
2018-01-17_04:00:00;0.44991090873094436
2018-01-17_05:00:00;0.5658780439516927
2018-01-17_06:00:00;0.5635517719263512
2018-01-17_07:00:00;0.6422985547416353
2018-01-17_08:00:00;0.6934765392991487
2018-01-17_09:00:00;0.6928331023559691
2018-01-17_10:00:00;0.635913680459315
2018-01-17_11:00:00;0.5793902197584637
2018-01-17_12:00:00;0.6027024351613541
2018-01-17_13:00:00;0.6667491585824589
2018-01-17_14:00:00;0.7056028509206098
2018-01-17_15:00:00;0.7808354781231439
2018-01-17_16:00:00;0.8317659869332805
2018-01-17_17:00:00;0.8153830924569392
2018-01-17_18:00:00;0.840972084735696
2018-01-17_19:00:00;0.8353791328449812
2018-01-17_20:00:00;0.8301821421500692
2018-01-17_21:00:00;0.8369134824787171
2018-01-17_22:00:00;0.8433478519105128
2018-01-17_23:00:00;0.8044446644228865
2018-01-18_00:00:00;0.7906355177192635
2018-01-18_01:00:00;0.7560384082359929
2018-01-18_02:00:00;0.7383686398732924
2018-01-18_03:00:00;0.7066422490595922
2018-01-18_04:00:00;0.6835280142546031
2018-01-18_05:00:00;0.6693229063551772
2018-01-18_06:00:00;0.6392793506236388
2018-01-18_07:00:00;0.587754900019798
2018-01-18_08:00:00;0.6287863789348643
2018-01-18_09:00:00;0.6702138190457335
2018-01-18_10:00:00;0.7173332013462681
2018-01-18_11:00:00;0.6366066125519699
2018-01-18_12:00:00;0.5706295783013264
2018-01-18_13:00:00;0.4961888734903979
2018-01-18_14:00:00;0.412542070877054
2018-01-18_15:00:00;0.44288259750544445
2018-01-18_16:00:00;0.3383983369629776
2018-01-18_17:00:00;0.30484062561868935
2018-01-18_18:00:00;0.29662443080578105
2018-01-18_19:00:00;0.3154820827558899
2018-01-18_20:00:00;0.43055830528608197
2018-01-18_21:00:00;0.39709958424074443
2018-01-18_22:00:00;0.3501286873886359
2018-01-18_23:00:00;0.2677687586616512
2018-01-19_00:00:00;0.2913779449613938
2018-01-19_01:00:00;0.18862601465056425
2018-01-19_02:00:00;0.19426846169075432
2018-01-19_03:00:00;0.1991684814888141
2018-01-19_04:00:00;0.19911898633933875
2018-01-19_05:00:00;0.16417541080974066
2018-01-19_06:00:00;0.146901603642843
2018-01-19_07:00:00;0.18620075232627203
2018-01-19_08:00:00;0.19921797663828944
2018-01-19_09:00:00;0.2187190655315779
2018-01-19_10:00:00;0.23242922193625024
2018-01-19_11:00:00;0.2513363690358345
2018-01-19_12:00:00;0.27365868144921796
2018-01-19_13:00:00;0.27875668184517916
2018-01-19_14:00:00;0.3018709166501683
2018-01-19_15:00:00;0.32265887942981586
2018-01-19_16:00:00;0.4377351019600079
2018-01-19_17:00:00;0.48322114432785584
2018-01-19_18:00:00;0.5043060780043556
2018-01-19_19:00:00;0.46579885171253216
2018-01-19_20:00:00;0.4462482676697684
2018-01-19_21:00:00;0.36621461096812513
2018-01-19_22:00:00;0.32716293803207286
2018-01-19_23:00:00;0.4036329439714908
2018-01-20_00:00:00;0.38596317560879034
2018-01-20_01:00:00;0.364086319540685
2018-01-20_02:00:00;0.36468026133438924
2018-01-20_03:00:00;0.34879231835280144
2018-01-20_04:00:00;0.4446644228865571
2018-01-20_05:00:00;0.5049000197980598
2018-01-20_06:00:00;0.5305880023757672
2018-01-20_07:00:00;0.5057414373391408
2018-01-20_08:00:00;0.47505444466442287
2018-01-20_09:00:00;0.4729756483864581
2018-01-20_10:00:00;0.4349138784399129
2018-01-20_11:00:00;0.38096416551177986
2018-01-20_12:00:00;0.3890318748762621
2018-01-20_13:00:00;0.3155810730548406
2018-01-20_14:00:00;0.27603444862403487
2018-01-20_15:00:00;0.21911502672738073
2018-01-20_16:00:00;0.19011086913482478
2018-01-20_17:00:00;0.15942387646010692
2018-01-20_18:00:00;0.1729855474163532
2018-01-20_19:00:00;0.1321520490991883
2018-01-20_20:00:00;0.12146109681251237
2018-01-20_21:00:00;0.07998416155216789
2018-01-20_22:00:00;0.051326470005939415
2018-01-20_23:00:00;0.05983963571569986
2018-01-21_00:00:00;0.05508810136606612
2018-01-21_01:00:00;0.07147099584240744
2018-01-21_02:00:00;0.05568204315977034
2018-01-21_03:00:00;0.0963670560285092
2018-01-21_04:00:00;0.0962680657295585
2018-01-21_05:00:00;0.1015640467234211
2018-01-21_06:00:00;0.12566818451791725
2018-01-21_07:00:00;0.11146307661849139
2018-01-21_08:00:00;0.08028113244901999
2018-01-21_09:00:00;0.068451791724411
2018-01-21_10:00:00;0.0437042169867353
2018-01-21_11:00:00;0.027915264304098197
2018-01-21_12:00:00;0.028063749752524254
2018-01-21_13:00:00;0.023510196000791923
2018-01-21_14:00:00;0.024747574737675707
2018-01-21_15:00:00;0.03736883785389032
2018-01-21_16:00:00;0.0732528212235201
2018-01-21_17:00:00;0.13086517521282914
2018-01-21_18:00:00;0.221688774500099
2018-01-21_19:00:00;0.30325678083547813
2018-01-21_20:00:00;0.3597802415363294
2018-01-21_21:00:00;0.4276875866165116
2018-01-21_22:00:00;0.4371411601663037
2018-01-21_23:00:00;0.510839437735102
2018-01-22_00:00:00;0.6134923777469808
2018-01-22_01:00:00;0.6481389823797268
2018-01-22_02:00:00;0.6984755493961592
2018-01-22_03:00:00;0.7424767372797466
2018-01-22_04:00:00;0.7496535339536725
2018-01-22_05:00:00;0.8132548010294991
2018-01-22_06:00:00;0.8305781033458721
2018-01-22_07:00:00;0.8122154028905167
2018-01-22_08:00:00;0.7073846763017224
2018-01-22_09:00:00;0.5597406454167492
2018-01-22_10:00:00;0.4379330825579093
2018-01-22_11:00:00;0.32043159770342505
2018-01-22_12:00:00;0.2503959611958028
2018-01-22_13:00:00;0.20936448228073648
2018-01-22_14:00:00;0.24005147495545437
2018-01-22_15:00:00;0.30434567412393587
2018-01-22_16:00:00;0.36913482478717086
2018-01-22_17:00:00;0.41269055632548013
2018-01-22_18:00:00;0.3539893090477133
2018-01-22_19:00:00;0.3365670164323896
2018-01-22_20:00:00;0.3466640269253613
2018-01-22_21:00:00;0.3272124331815482
2018-01-22_22:00:00;0.3318154820827559
2018-01-22_23:00:00;0.32849930706790736
2018-01-23_00:00:00;0.29469411997624234
2018-01-23_01:00:00;0.2081271035438527
2018-01-23_02:00:00;0.15605820629578301
2018-01-23_03:00:00;0.19372401504652545
2018-01-23_04:00:00;0.20778063749752523
2018-01-23_05:00:00;0.18832904375371215
2018-01-23_06:00:00;0.16274005147495546
2018-01-23_07:00:00;0.1514056622451
2018-01-23_08:00:00;0.2750940407840032
2018-01-23_09:00:00;0.43516135418728963
2018-01-23_10:00:00;0.5964660463274599
2018-01-23_11:00:00;0.7522272817263909
2018-01-23_12:00:00;0.7843991288853692
2018-01-23_13:00:00;0.7723223124133834
2018-01-23_14:00:00;0.794644624826767
2018-01-23_15:00:00;0.7385666204711938
2018-01-23_16:00:00;0.819293209265492
2018-01-23_17:00:00;0.7503464660463275
2018-01-23_18:00:00;0.5625123737873688
2018-01-23_19:00:00;0.46708572559889133
2018-01-23_20:00:00;0.4349138784399129
2018-01-23_21:00:00;0.5344981191843199
2018-01-23_22:00:00;0.7114927737081767
2018-01-23_23:00:00;0.7235695901801623
2018-01-24_00:00:00;0.7234211047317363
2018-01-24_01:00:00;0.7228766580875075
2018-01-24_02:00:00;0.7225796871906554
2018-01-24_03:00:00;0.8046921401702634
2018-01-24_04:00:00;0.8504751534349634
2018-01-24_05:00:00;0.8614630766184914
2018-01-24_06:00:00;0.928726984755494
2018-01-24_07:00:00;0.9048208275588993
2018-01-24_08:00:00;0.8719560483072659
2018-01-24_09:00:00;0.8355771134428825
2018-01-24_10:00:00;0.7902890516729361
2018-01-24_11:00:00;0.7576717481686794
2018-01-24_12:00:00;0.7913284498119184
2018-01-24_13:00:00;0.783656701643239
2018-01-24_14:00:00;0.7281231439318947
2018-01-24_15:00:00;0.7777172837061967
2018-01-24_16:00:00;0.8158285488022173
2018-01-24_17:00:00;0.8354286279944565
2018-01-24_18:00:00;0.8162740051474956
2018-01-24_19:00:00;0.8162740051474956
2018-01-24_20:00:00;0.8101366066125519
2018-01-24_21:00:00;0.8137497525242526
2018-01-24_22:00:00;0.8186992674717878
2018-01-24_23:00:00;0.880568204315977
2018-01-25_00:00:00;0.9135814690160364
2018-01-25_01:00:00;0.9061077014452583
2018-01-25_02:00:00;0.9019501088893288
2018-01-25_03:00:00;0.9082359928726985
2018-01-25_04:00:00;0.9157097604434765
2018-01-25_05:00:00;0.9128885369233815
2018-01-25_06:00:00;0.9035834488220155
2018-01-25_07:00:00;0.9079885171253217
2018-01-25_08:00:00;0.9069491189863393
2018-01-25_09:00:00;0.8891308651752128
2018-01-25_10:00:00;0.8831914472381707
2018-01-25_11:00:00;0.8556226489804
2018-01-25_12:00:00;0.8509206097802415
2018-01-25_13:00:00;0.8269154622846961
2018-01-25_14:00:00;0.8004850524648585
2018-01-25_15:00:00;0.7853890318748763
2018-01-25_16:00:00;0.6768461690754306
2018-01-25_17:00:00;0.5845872104533756
2018-01-25_18:00:00;0.5765689962383687
2018-01-25_19:00:00;0.5413284498119184
2018-01-25_20:00:00;0.45535537517323305
2018-01-25_21:00:00;0.35641457137200555
2018-01-25_22:00:00;0.25777073846763016
2018-01-25_23:00:00;0.2051573945753316
2018-01-26_00:00:00;0.19515937438131062
2018-01-26_01:00:00;0.14398138982379727
2018-01-26_02:00:00;0.08270639477331222
2018-01-26_03:00:00;0.08250841417541081
2018-01-26_04:00:00;0.07884577311423481
2018-01-26_05:00:00;0.05889922787566818
2018-01-26_06:00:00;0.06053256780835478
2018-01-26_07:00:00;0.05993862601465057
2018-01-26_08:00:00;0.05350425658285488
2018-01-26_09:00:00;0.044149673332013466
2018-01-26_10:00:00;0.040833498317164915
2018-01-26_11:00:00;0.03425064343694318
2018-01-26_12:00:00;0.03806176994654524
2018-01-26_13:00:00;0.05375173233023164
2018-01-26_14:00:00;0.0559295189071471
2018-01-26_15:00:00;0.05474163531973866
2018-01-26_16:00:00;0.040437537121362103
2018-01-26_17:00:00;0.0367748960601861
2018-01-26_18:00:00;0.04038804197188676
2018-01-26_19:00:00;0.04969313007325282
2018-01-26_20:00:00;0.06711542268857652
2018-01-26_21:00:00;0.07122352009503069
2018-01-26_22:00:00;0.07092654919817858
2018-01-26_23:00:00;0.07607404474361512
2018-01-27_00:00:00;0.08102355969115027
2018-01-27_01:00:00;0.0892397545040586
2018-01-27_02:00:00;0.10883983369629777
2018-01-27_03:00:00;0.12324292219362502
2018-01-27_04:00:00;0.12794496139378342
2018-01-27_05:00:00;0.12497525242526232
2018-01-27_06:00:00;0.14937636111661057
2018-01-27_07:00:00;0.17501484854484262
2018-01-27_08:00:00;0.27623242922193625
2018-01-27_09:00:00;0.36700653335973077
2018-01-27_10:00:00;0.5167788556721441
2018-01-27_11:00:00;0.611958028113245
2018-01-27_12:00:00;0.693526034448624
2018-01-27_13:00:00;0.7912789546624431
2018-01-27_14:00:00;0.8469609978222135
2018-01-27_15:00:00;0.8656701643238962
2018-01-27_16:00:00;0.7598000395961195
2018-01-27_17:00:00;0.810285092060978
2018-01-27_18:00:00;0.7583646802613344
2018-01-27_19:00:00;0.6833300336567016
2018-01-27_20:00:00;0.6422985547416353
2018-01-27_21:00:00;0.6424965353395368
2018-01-27_22:00:00;0.6453177588596317
2018-01-27_23:00:00;0.6459611958028113
2018-01-28_00:00:00;0.6453177588596317
2018-01-28_01:00:00;0.6451692734112057
2018-01-28_02:00:00;0.649574341714512
2018-01-28_03:00:00;0.6842209463472579
2018-01-28_04:00:00;0.6849138784399129
2018-01-28_05:00:00;0.7115917640071273
2018-01-28_06:00:00;0.7209958424074441
2018-01-28_07:00:00;0.7210948327063947
2018-01-28_08:00:00;0.7200554345674124
2018-01-28_09:00:00;0.7148584438725005
2018-01-28_10:00:00;0.7127796475945357
2018-01-28_11:00:00;0.7104533755691942
2018-01-28_12:00:00;0.7154028905167293
2018-01-28_13:00:00;0.716343298356761
2018-01-28_14:00:00;0.7160463274599089
2018-01-28_15:00:00;0.7809344684220947
2018-01-28_16:00:00;0.7830627598495348
2018-01-28_17:00:00;0.7696495743417145
2018-01-28_18:00:00;0.7932092654919818
2018-01-28_19:00:00;0.792813304296179
2018-01-28_20:00:00;0.8126113640863195
2018-01-28_21:00:00;0.8125618689368442
2018-01-28_22:00:00;0.8188972480696892
2018-01-28_23:00:00;0.8031082953870521
2018-01-29_00:00:00;0.6647198574539696
2018-01-29_01:00:00;0.6636804593149871
2018-01-29_02:00:00;0.6841714511977827
2018-01-29_03:00:00;0.6920411799643635
2018-01-29_04:00:00;0.6951593743813106
2018-01-29_05:00:00;0.6968917046129479
2018-01-29_06:00:00;0.7640071273015244
2018-01-29_07:00:00;0.7321817461888734
2018-01-29_08:00:00;0.7152544050683033
2018-01-29_09:00:00;0.7133240942387646
2018-01-29_10:00:00;0.7139675311819441
2018-01-29_11:00:00;0.714511977826173
2018-01-29_12:00:00;0.7173826964957434
2018-01-29_13:00:00;0.6931300732528213
2018-01-29_14:00:00;0.6474955454365472
2018-01-29_15:00:00;0.6767471787764799
2018-01-29_16:00:00;0.7370322708374579
2018-01-29_17:00:00;0.8106810532567809
2018-01-29_18:00:00;0.8235992872698475
2018-01-29_19:00:00;0.8392892496535339
2018-01-29_20:00:00;0.8394872302514353
2018-01-29_21:00:00;0.8390912690556326
2018-01-29_22:00:00;0.8374084339734706
2018-01-29_23:00:00;0.8380023757671748
2018-01-30_00:00:00;0.7714313997228271
2018-01-30_01:00:00;0.7005048505246486
2018-01-30_02:00:00;0.6357651950108889
2018-01-30_03:00:00;0.684369431795684
2018-01-30_04:00:00;0.7214907939021976
2018-01-30_05:00:00;0.7709364482280736
2018-01-30_06:00:00;0.6876856068105326
2018-01-30_07:00:00;0.6109681251237379
2018-01-30_08:00:00;0.6592258958622055
2018-01-30_09:00:00;0.7146604632745991
2018-01-30_10:00:00;0.6864482280736488
2018-01-30_11:00:00;0.7268362700455355
2018-01-30_12:00:00;0.7258958622055038
2018-01-30_13:00:00;0.7323797267867749
2018-01-30_14:00:00;0.7083745792912295
2018-01-30_15:00:00;0.6288853692338151
2018-01-30_16:00:00;0.5534547614333796
2018-01-30_17:00:00;0.5607305484062561
2018-01-30_18:00:00;0.559295189071471
2018-01-30_19:00:00;0.6100277172837062
2018-01-30_20:00:00;0.7325777073846763
2018-01-30_21:00:00;0.7586121560087111
2018-01-30_22:00:00;0.7707384676301723
2018-01-30_23:00:00;0.7517323302316373
2018-01-31_00:00:00;0.7914274401108692
2018-01-31_01:00:00;0.817461888734904
2018-01-31_02:00:00;0.845773114234805
2018-01-31_03:00:00;0.8328548802217383
2018-01-31_04:00:00;0.8403286477925164
2018-01-31_05:00:00;0.8534448624034845
2018-01-31_06:00:00;0.8428529004157592
2018-01-31_07:00:00;0.7401999604038805
2018-01-31_08:00:00;0.6996634329835676
2018-01-31_09:00:00;0.6907543060780044
2018-01-31_10:00:00;0.6924371411601663
2018-01-31_11:00:00;0.6923381508612156
2018-01-31_12:00:00;0.654078400316769
2018-01-31_13:00:00;0.6731835280142546
2018-01-31_14:00:00;0.7005048505246486
2018-01-31_15:00:00;0.7399524846565037
2018-01-31_16:00:00;0.7570283112254999
2018-01-31_17:00:00;0.776628390417739
2018-01-31_18:00:00;0.7631162146109681
2018-01-31_19:00:00;0.7741536329439714
2018-01-31_20:00:00;0.7442585626608592
2018-01-31_21:00:00;0.7948426054246683
2018-01-31_22:00:00;0.8260245495941397
2018-01-31_23:00:00;0.8299346664026925
2018-02-01_00:00:00;0.8306770936448228
2018-02-01_01:00:00;0.8393387448030093
2018-02-01_02:00:00;0.8215699861413581
2018-02-01_03:00:00;0.8088002375767175
2018-02-01_04:00:00;0.8281528410215799
2018-02-01_05:00:00;0.8343892298554741
2018-02-01_06:00:00;0.725202930112849
2018-02-01_07:00:00;0.6822906355177193
2018-02-01_08:00:00;0.7043159770342506
2018-02-01_09:00:00;0.7846466046327459
2018-02-01_10:00:00;0.765491981785785
2018-02-01_11:00:00;0.787467828152841
2018-02-01_12:00:00;0.7968719065531578
2018-02-01_13:00:00;0.7960304890120768
2018-02-01_14:00:00;0.7994456543258761
2018-02-01_15:00:00;0.8305286081963967
2018-02-01_16:00:00;0.8415165313799248
2018-02-01_17:00:00;0.8391407642051079
2018-02-01_18:00:00;0.8318154820827559
2018-02-01_19:00:00;0.6598198376559097
2018-02-01_20:00:00;0.6041872896456147
2018-02-01_21:00:00;0.574787170857256
2018-02-01_22:00:00;0.5535042565828548
2018-02-01_23:00:00;0.5347455949316967
2018-02-02_00:00:00;0.4392694515937438
2018-02-02_01:00:00;0.319293209265492
2018-02-02_02:00:00;0.2508909126905563
2018-02-02_03:00:00;0.23817065927539102
2018-02-02_04:00:00;0.2577212433181548
2018-02-02_05:00:00;0.2756879825777074
2018-02-02_06:00:00;0.268164719857454
2018-02-02_07:00:00;0.27370817659869334
2018-02-02_08:00:00;0.35928529004157594
2018-02-02_09:00:00;0.46743219164521876
2018-02-02_10:00:00;0.5334587210453375
2018-02-02_11:00:00;0.6002276776875867
2018-02-02_12:00:00;0.6200257374777272
2018-02-02_13:00:00;0.7058998218174619
2018-02-02_14:00:00;0.7491090873094437
2018-02-02_15:00:00;0.7663828944763413
2018-02-02_16:00:00;0.7505939417937042
2018-02-02_17:00:00;0.7138685408829935
2018-02-02_18:00:00;0.6089388239952485
2018-02-02_19:00:00;0.533805187091665
2018-02-02_20:00:00;0.44382300534547614
2018-02-02_21:00:00;0.32562858839833697
2018-02-02_22:00:00;0.23529994060582063
2018-02-02_23:00:00;0.18842803405266284
2018-02-03_00:00:00;0.15967135220748366
2018-02-03_01:00:00;0.14927737081765988
2018-02-03_02:00:00;0.14645614729756484
2018-02-03_03:00:00;0.1138883389427836
2018-02-03_04:00:00;0.11398732924173431
2018-02-03_05:00:00;0.10606810532567808
2018-02-03_06:00:00;0.13566620471193824
2018-02-03_07:00:00;0.14893090477133242
2018-02-03_08:00:00;0.15130667194614927
2018-02-03_09:00:00;0.13982379726786776
2018-02-03_10:00:00;0.11230449415957236
2018-02-03_11:00:00;0.11121560087111464
2018-02-03_12:00:00;0.139576321520491
2018-02-03_13:00:00;0.13309245693921995
2018-02-03_14:00:00;0.15145515739457532
2018-02-03_15:00:00;0.16526430409819837
2018-02-03_16:00:00;0.18818055830528607
2018-02-03_17:00:00;0.2431696693724015
2018-02-03_18:00:00;0.3184022965749357
2018-02-03_19:00:00;0.3466640269253613
2018-02-03_20:00:00;0.40759255592951893
2018-02-03_21:00:00;0.4613937834092259
2018-02-03_22:00:00;0.5655810730548406
2018-02-03_23:00:00;0.5833498317164918
2018-02-04_00:00:00;0.5990892892496535
2018-02-04_01:00:00;0.676054246683825
2018-02-04_02:00:00;0.714511977826173
2018-02-04_03:00:00;0.778162740051475
2018-02-04_04:00:00;0.8223124133834884
2018-02-04_05:00:00;0.8485448426054246
2018-02-04_06:00:00;0.8927935062363889
2018-02-04_07:00:00;0.9031874876262126
2018-02-04_08:00:00;0.91056226489804
2018-02-04_09:00:00;0.9038804197188676
2018-02-04_10:00:00;0.8999208077608395
2018-02-04_11:00:00;0.8963571569986142
2018-02-04_12:00:00;0.8780439516927341
2018-02-04_13:00:00;0.8480498911106712
2018-02-04_14:00:00;0.8269649574341714
2018-02-04_15:00:00;0.8096416551177985
2018-02-04_16:00:00;0.7524252623242922
2018-02-04_17:00:00;0.7468323104335776
2018-02-04_18:00:00;0.7566818451791725
2018-02-04_19:00:00;0.7257473767570778
2018-02-04_20:00:00;0.6620966145317759
2018-02-04_21:00:00;0.6164125915660266
2018-02-04_22:00:00;0.5932983567610374
2018-02-04_23:00:00;0.5397941001781825
2018-02-05_00:00:00;0.5096515541476935
2018-02-05_01:00:00;0.4484755493961592
2018-02-05_02:00:00;0.45723619085329636
2018-02-05_03:00:00;0.41437339140764207
2018-02-05_04:00:00;0.47307463868540883
2018-02-05_05:00:00;0.47089685210849336
2018-02-05_06:00:00;0.45857255988913087
2018-02-05_07:00:00;0.4055632548010295
2018-02-05_08:00:00;0.3845773114234805
2018-02-05_09:00:00;0.36171055236586813
2018-02-05_10:00:00;0.31147297564838644
2018-02-05_11:00:00;0.2690556325480103
2018-02-05_12:00:00;0.2111958028113245
2018-02-05_13:00:00;0.173381508612156
2018-02-05_14:00:00;0.15150465254405068
2018-02-05_15:00:00;0.13106315581073055
2018-02-05_16:00:00;0.12670758265689963
2018-02-05_17:00:00;0.1445753316175015
2018-02-05_18:00:00;0.14031874876262126
2018-02-05_19:00:00;0.13076618491387845
2018-02-05_20:00:00;0.12962779647594536
2018-02-05_21:00:00;0.1534349633735894
2018-02-05_22:00:00;0.1349732726192833
2018-02-05_23:00:00;0.1153236982775688
2018-02-06_00:00:00;0.12487626212631162
2018-02-06_01:00:00;0.11616511581864977
2018-02-06_02:00:00;0.08453771530390022
2018-02-06_03:00:00;0.07008513165709761
2018-02-06_04:00:00;0.055385072262918236
2018-02-06_05:00:00;0.034349633735893885
2018-02-06_06:00:00;0.03286477925163334
2018-02-06_07:00:00;0.02687586616511582
2018-02-06_08:00:00;0.03133042961789745
2018-02-06_09:00:00;0.03034052662839042
2018-02-06_10:00:00;0.042813304296178974
2018-02-06_11:00:00;0.059542664818847756
2018-02-06_12:00:00;0.04405068303306276
2018-02-06_13:00:00;0.03192437141160166
2018-02-06_14:00:00;0.018412195604830726
2018-02-06_15:00:00;0.009899029895070284
2018-02-06_16:00:00;0.006582854880221738
2018-02-06_17:00:00;0.008909126905563254
2018-02-06_18:00:00;0.009899029895070284
2018-02-06_19:00:00;0.013215204909918827
2018-02-06_20:00:00;0.015937438131063155
2018-02-06_21:00:00;0.01930310829538705
2018-02-06_22:00:00;0.031429419916848146
2018-02-06_23:00:00;0.04127895466244308
2018-02-07_00:00:00;0.050089091269055634
2018-02-07_01:00:00;0.050237576717481684
2018-02-07_02:00:00;0.030736487824193227
2018-02-07_03:00:00;0.024401108691348247
2018-02-07_04:00:00;0.017570778063749754
2018-02-07_05:00:00;0.014155612749950504
2018-02-07_06:00:00;0.009255592951890716
2018-02-07_07:00:00;0.007869728766580875
2018-02-07_08:00:00;0.01326470005939418
2018-02-07_09:00:00;0.022619283310235598
2018-02-07_10:00:00;0.028113244901999603
2018-02-07_11:00:00;0.03835874084339735
2018-02-07_12:00:00;0.04479311027519303
2018-02-07_13:00:00;0.05518709166501683
2018-02-07_14:00:00;0.061126509602058995
2018-02-07_15:00:00;0.06513561670956246
2018-02-07_16:00:00;0.08235992872698475
2018-02-07_17:00:00;0.09344684220946348
2018-02-07_18:00:00;0.09285290041575926
2018-02-07_19:00:00;0.08691348247871708
2018-02-07_20:00:00;0.09300138586418531
2018-02-07_21:00:00;0.10824589190259355
2018-02-07_22:00:00;0.14828746782815283
2018-02-07_23:00:00;0.18620075232627203
2018-02-08_00:00:00;0.23737873688378539
2018-02-08_01:00:00;0.2862304494159572
2018-02-08_02:00:00;0.3543357750940408
2018-02-08_03:00:00;0.4211047317362898
2018-02-08_04:00:00;0.42635121758067707
2018-02-08_05:00:00;0.4007127301524451
2018-02-08_06:00:00;0.3476539299148683
2018-02-08_07:00:00;0.29088299346664026
2018-02-08_08:00:00;0.2676202732132251
2018-02-08_09:00:00;0.2708869530785983
2018-02-08_10:00:00;0.28355771134428825
2018-02-08_11:00:00;0.33612156008711147
2018-02-08_12:00:00;0.37749950504850527
2018-02-08_13:00:00;0.42343100376163134
2018-02-08_14:00:00;0.44258562660859235
2018-02-08_15:00:00;0.4712928133042962
2018-02-08_16:00:00;0.48143931894674324
2018-02-08_17:00:00;0.49222926153236984
2018-02-08_18:00:00;0.5201940209859434
2018-02-08_19:00:00;0.5669174420906751
2018-02-08_20:00:00;0.6385369233815086
2018-02-08_21:00:00;0.681548208275589
2018-02-08_22:00:00;0.6811027519303108
2018-02-08_23:00:00;0.6657097604434765
2018-02-09_00:00:00;0.6638289447634131
2018-02-09_01:00:00;0.668036032468818
2018-02-09_02:00:00;0.6797663828944763
2018-02-09_03:00:00;0.6974361512571768
2018-02-09_04:00:00;0.6888239952484656
2018-02-09_05:00:00;0.7266877845971095
2018-02-09_06:00:00;0.714511977826173
2018-02-09_07:00:00;0.6911997624232825
2018-02-09_08:00:00;0.6973866561077015
2018-02-09_09:00:00;0.7274302118392397
2018-02-09_10:00:00;0.7112452979607998
2018-02-09_11:00:00;0.7217382696495743
2018-02-09_12:00:00;0.724509998020194
2018-02-09_13:00:00;0.7312908334983171
2018-02-09_14:00:00;0.7372797465848346
2018-02-09_15:00:00;0.7212433181548208
2018-02-09_16:00:00;0.7124331815482082
2018-02-09_17:00:00;0.706048307265888
2018-02-09_18:00:00;0.7073846763017224
2018-02-09_19:00:00;0.708869530785983
2018-02-09_20:00:00;0.6604632745990893
2018-02-09_21:00:00;0.6084933676499703
2018-02-09_22:00:00;0.47020392001583844
2018-02-09_23:00:00;0.35770144525836467
2018-02-10_00:00:00;0.2923678479509008
2018-02-10_01:00:00;0.2626212631162146
2018-02-10_02:00:00;0.2306473965551376
2018-02-10_03:00:00;0.1872401504652544
2018-02-10_04:00:00;0.17659869332805386
2018-02-10_05:00:00;0.19550584042763808
2018-02-10_06:00:00;0.2244110077212433
2018-02-10_07:00:00;0.2611859037814294
2018-02-10_08:00:00;0.28355771134428825
2018-02-10_09:00:00;0.2990001979805979
2018-02-10_10:00:00;0.3170164323896258
2018-02-10_11:00:00;0.32320332607404473
2018-02-10_12:00:00;0.3069689170461295
2018-02-10_13:00:00;0.2827162938032073
2018-02-10_14:00:00;0.2853395367254009
2018-02-10_15:00:00;0.38720055434567413
2018-02-10_16:00:00;0.49094238764601067
2018-02-10_17:00:00;0.5819144723817066
2018-02-10_18:00:00;0.634923777469808
2018-02-10_19:00:00;0.7117402494555534
2018-02-10_20:00:00;0.7733617105523659
2018-02-10_21:00:00;0.7903385468224114
2018-02-10_22:00:00;0.8280538507226292
2018-02-10_23:00:00;0.8384973272619284
2018-02-11_00:00:00;0.8375569194218967
2018-02-11_01:00:00;0.8456246287863789
2018-02-11_02:00:00;0.8580479113046922
2018-02-11_03:00:00;0.8664620867155018
2018-02-11_04:00:00;0.8448822015442486
2018-02-11_05:00:00;0.7982577707384676
2018-02-11_06:00:00;0.8078103345872104
2018-02-11_07:00:00;0.7589091269055632
2018-02-11_08:00:00;0.7759354583250841
2018-02-11_09:00:00;0.7557414373391408
2018-02-11_10:00:00;0.7943971490793902
2018-02-11_11:00:00;0.7601960007919224
2018-02-11_12:00:00;0.7278756681845179
2018-02-11_13:00:00;0.7322807364878242
2018-02-11_14:00:00;0.7260938428034053
2018-02-11_15:00:00;0.7072361908532964
2018-02-11_16:00:00;0.7434666402692536
2018-02-11_17:00:00;0.8391407642051079
2018-02-11_18:00:00;0.8908137002573748
2018-02-11_19:00:00;0.8932884577311423
2018-02-11_20:00:00;0.8968521084933676
2018-02-11_21:00:00;0.8533458721045337
2018-02-11_22:00:00;0.8599782221342308
2018-02-11_23:00:00;0.8637398534943576
2018-02-12_00:00:00;0.8619085329637696
2018-02-12_01:00:00;0.8986834290239557
2018-02-12_02:00:00;0.9199168481488814
2018-02-12_03:00:00;0.9303603246881805
2018-02-12_04:00:00;0.920560285092061
2018-02-12_05:00:00;0.9069491189863393
2018-02-12_06:00:00;0.9256087903385468
2018-02-12_07:00:00;0.7958820035636508
2018-02-12_08:00:00;0.6341318550782024
2018-02-12_09:00:00;0.6275490001979805
2018-02-12_10:00:00;0.6240348445852306
2018-02-12_11:00:00;0.606909522866759
2018-02-12_12:00:00;0.6932785587012473
2018-02-12_13:00:00;0.7074836666006732
2018-02-12_14:00:00;0.6742724213027124
2018-02-12_15:00:00;0.7885567214412987
2018-02-12_16:00:00;0.7569788160760246
2018-02-12_17:00:00;0.7450999802019402
2018-02-12_18:00:00;0.7477727182736091
2018-02-12_19:00:00;0.7482676697683627
2018-02-12_20:00:00;0.7739061571965947
2018-02-12_21:00:00;0.7713819045733518
2018-02-12_22:00:00;0.7239655513759652
2018-02-12_23:00:00;0.7574737675707781
2018-02-13_00:00:00;0.6854088299346665
2018-02-13_01:00:00;0.5914175410809741
2018-02-13_02:00:00;0.5833993268659672
2018-02-13_03:00:00;0.5377153039002178
2018-02-13_04:00:00;0.5267768758661651
2018-02-13_05:00:00;0.5411799643634924
2018-02-13_06:00:00;0.5793407246089883
2018-02-13_07:00:00;0.59295189071471
2018-02-13_08:00:00;0.5934963373589388
2018-02-13_09:00:00;0.5702336171055237
2018-02-13_10:00:00;0.5006434369431796
2018-02-13_11:00:00;0.5234607008513166
2018-02-13_12:00:00;0.5460304890120768
2018-02-13_13:00:00;0.5617699465452386
2018-02-13_14:00:00;0.583943773510196
2018-02-13_15:00:00;0.5731538309245694
2018-02-13_16:00:00;0.5206394773312215
2018-02-13_17:00:00;0.5027717283706197
2018-02-13_18:00:00;0.5417244110077213
2018-02-13_19:00:00;0.5632548010294991
2018-02-13_20:00:00;0.5952781627400515
2018-02-13_21:00:00;0.5954761433379528
2018-02-13_22:00:00;0.5998812116412592
2018-02-13_23:00:00;0.5611760047515344
2018-02-14_00:00:00;0.5294001187883587
2018-02-14_01:00:00;0.49925757275786975
2018-02-14_02:00:00;0.4689170461294793
2018-02-14_03:00:00;0.44357552959809937
2018-02-14_04:00:00;0.43778459710948325
2018-02-14_05:00:00;0.4606513561670956
2018-02-14_06:00:00;0.48129083349831714
2018-02-14_07:00:00;0.4897050089091269
2018-02-14_08:00:00;0.5331617501484854
2018-02-14_09:00:00;0.6315086121560087
2018-02-14_10:00:00;0.7158978420114829
2018-02-14_11:00:00;0.7512373787368838
2018-02-14_12:00:00;0.7876658087507424
2018-02-14_13:00:00;0.8090972084735696
2018-02-14_14:00:00;0.714511977826173
2018-02-14_15:00:00;0.7255493961591764
2018-02-14_16:00:00;0.7385171253217184
2018-02-14_17:00:00;0.8001880815680064
2018-02-14_18:00:00;0.7713324094238765
2018-02-14_19:00:00;0.6813502276776876
2018-02-14_20:00:00;0.5801821421500692
2018-02-14_21:00:00;0.5363789348643833
2018-02-14_22:00:00;0.6070580083151851
2018-02-14_23:00:00;0.7031280934468422
2018-02-15_00:00:00;0.7395070283112255
2018-02-15_01:00:00;0.8057315383092457
2018-02-15_02:00:00;0.7740051474955454
2018-02-15_03:00:00;0.7268857651950109
2018-02-15_04:00:00;0.7364383290437537
2018-02-15_05:00:00;0.7437141160166304
2018-02-15_06:00:00;0.6924866363096417
2018-02-15_07:00:00;0.6866957038210255
2018-02-15_08:00:00;0.7280241536329439
2018-02-15_09:00:00;0.7034745594931696
2018-02-15_10:00:00;0.6581370025737477
2018-02-15_11:00:00;0.6770936448228073
2018-02-15_12:00:00;0.6821916452187685
2018-02-15_13:00:00;0.6763017224312018
2018-02-15_14:00:00;0.7129776281924372
2018-02-15_15:00:00;0.8105325678083548
2018-02-15_16:00:00;0.8444367451989705
2018-02-15_17:00:00;0.7643040981983765
2018-02-15_18:00:00;0.741833300336567
2018-02-15_19:00:00;0.7689566422490596
2018-02-15_20:00:00;0.8562660859235794
2018-02-15_21:00:00;0.8260740447436151
2018-02-15_22:00:00;0.8260740447436151
2018-02-15_23:00:00;0.7454464462482677
2018-02-16_00:00:00;0.7027816274005148
2018-02-16_01:00:00;0.6455652346070085
2018-02-16_02:00:00;0.5720154424866363
2018-02-16_03:00:00;0.5563749752524253
2018-02-16_04:00:00;0.5668184517917244
2018-02-16_05:00:00;0.5999307067907345
2018-02-16_06:00:00;0.5783508216194813
2018-02-16_07:00:00;0.5848841813502277
2018-02-16_08:00:00;0.6311621461096812
2018-02-16_09:00:00;0.6558602256978816
2018-02-16_10:00:00;0.665907741041378
2018-02-16_11:00:00;0.6599683231043357
2018-02-16_12:00:00;0.6617501484854484
2018-02-16_13:00:00;0.560285092060978
2018-02-16_14:00:00;0.515491981785785
2018-02-16_15:00:00;0.5513759651554148
2018-02-16_16:00:00;0.48233023163729954
2018-02-16_17:00:00;0.4386260146505642
2018-02-16_18:00:00;0.4431300732528212
2018-02-16_19:00:00;0.404226885765195
2018-02-16_20:00:00;0.3594832706394773
2018-02-16_21:00:00;0.30068303306275984
2018-02-16_22:00:00;0.2183231043357751
2018-02-16_23:00:00;0.17709364482280737
2018-02-17_00:00:00;0.14289249653533953
2018-02-17_01:00:00;0.0995347455949317
2018-02-17_02:00:00;0.08280538507226291
2018-02-17_03:00:00;0.087606414571372
2018-02-17_04:00:00;0.06251237378736883
2018-02-17_05:00:00;0.0454365472183726
2018-02-17_06:00:00;0.034696099782221344
2018-02-17_07:00:00;0.028063749752524254
2018-02-17_08:00:00;0.0365769154622847
2018-02-17_09:00:00;0.03548802217382697
2018-02-17_10:00:00;0.032369827756879826
2018-02-17_11:00:00;0.03489408038012275
2018-02-17_12:00:00;0.036131459117006534
2018-02-17_13:00:00;0.025984953474559494
2018-02-17_14:00:00;0.028806176994654525
2018-02-17_15:00:00;0.02623242922193625
2018-02-17_16:00:00;0.020738467630172244
2018-02-17_17:00:00;0.028063749752524254
2018-02-17_18:00:00;0.044149673332013466
2018-02-17_19:00:00;0.059146703623044944
2018-02-17_20:00:00;0.07107503464660463
2018-02-17_21:00:00;0.0910710750346466
2018-02-17_22:00:00;0.11398732924173431
2018-02-17_23:00:00;0.1365076222530192
2018-02-18_00:00:00;0.14408038012274796
2018-02-18_01:00:00;0.16184913878439913
2018-02-18_02:00:00;0.21421500692932094
2018-02-18_03:00:00;0.26133438922985547
2018-02-18_04:00:00;0.2868738863591368
2018-02-18_05:00:00;0.3098891308651752
2018-02-18_06:00:00;0.31483864581271037
2018-02-18_07:00:00;0.2842506434369432
2018-02-18_08:00:00;0.2665313799247674
2018-02-18_09:00:00;0.2652445060384082
2018-02-18_10:00:00;0.264650564244704
2018-02-18_11:00:00;0.2687586616511582
2018-02-18_12:00:00;0.2682142150069293
2018-02-18_13:00:00;0.2533656701643239
2018-02-18_14:00:00;0.23059790140566225
2018-02-18_15:00:00;0.23841813502276776
2018-02-18_16:00:00;0.24752524252623243
2018-02-18_17:00:00;0.22347059988121165
2018-02-18_18:00:00;0.20030686992674718
2018-02-18_19:00:00;0.18931894674321917
2018-02-18_20:00:00;0.18110275193031083
2018-02-18_21:00:00;0.18570580083151852
2018-02-18_22:00:00;0.17085725598891308
2018-02-18_23:00:00;0.1779845575133637
2018-02-19_00:00:00;0.18402296574935656
2018-02-19_01:00:00;0.16348247871708574
2018-02-19_02:00:00;0.1437339140764205
2018-02-19_03:00:00;0.10700851316570976
2018-02-19_04:00:00;0.09750544446644228
2018-02-19_05:00:00;0.08528014254603049
2018-02-19_06:00:00;0.0645911700653336
2018-02-19_07:00:00;0.05979014056622451
2018-02-19_08:00:00;0.07191645218768561
2018-02-19_09:00:00;0.07226291823401307
2018-02-19_10:00:00;0.07211443278558702
2018-02-19_11:00:00;0.06043357750940408
2018-02-19_12:00:00;0.06092852900415759
2018-02-19_13:00:00;0.04791130469214017
2018-02-19_14:00:00;0.030736487824193227
2018-02-19_15:00:00;0.017323302316372996
2018-02-19_16:00:00;0.009750544446644228
2018-02-19_17:00:00;0.00905761235398931
2018-02-19_18:00:00;0.011977826173035043
2018-02-19_19:00:00;0.014749554543654722
2018-02-19_20:00:00;0.01920411799643635
2018-02-19_21:00:00;0.024648584438725005
2018-02-19_22:00:00;0.025094040784003166
2018-02-19_23:00:00;0.034844585230647394
2018-02-20_00:00:00;0.030835478123143932
2018-02-20_01:00:00;0.03068699267471788
2018-02-20_02:00:00;0.030637497525242526
2018-02-20_03:00:00;0.03816076024549594
2018-02-20_04:00:00;0.03989309047713324
2018-02-20_05:00:00;0.042862799445654326
2018-02-20_06:00:00;0.043803207285686
2018-02-20_07:00:00;0.05276182934072461
2018-02-20_08:00:00;0.07369827756879825
2018-02-20_09:00:00;0.08354781231439319
2018-02-20_10:00:00;0.07058008315185112
2018-02-20_11:00:00;0.05018808156800633
2018-02-20_12:00:00;0.043209265491981785
2018-02-20_13:00:00;0.04969313007325282
2018-02-20_14:00:00;0.043951692734112056
2018-02-20_15:00:00;0.049198178578499306
2018-02-20_16:00:00;0.06226489803999208
2018-02-20_17:00:00;0.09067511383884379
2018-02-20_18:00:00;0.13576519501088893
2018-02-20_19:00:00;0.16917442090675114
2018-02-20_20:00:00;0.1938725004949515
2018-02-20_21:00:00;0.16570976044347654
2018-02-20_22:00:00;0.13081568006335378
2018-02-20_23:00:00;0.11047317362898436
2018-02-21_00:00:00;0.13908137002573748
2018-02-21_01:00:00;0.10725598891308652
2018-02-21_02:00:00;0.068451791724411
2018-02-21_03:00:00;0.05578103345872105
2018-02-21_04:00:00;0.04127895466244308
2018-02-21_05:00:00;0.03256780835478123
2018-02-21_06:00:00;0.02514353593347852
2018-02-21_07:00:00;0.02202534151653138
2018-02-21_08:00:00;0.01920411799643635
2018-02-21_09:00:00;0.013462680657295585
2018-02-21_10:00:00;0.00806770936448228
2018-02-21_11:00:00;0.011928331023559691
2018-02-21_12:00:00;0.01638289447634132
2018-02-21_13:00:00;0.018313205305880025
2018-02-21_14:00:00;0.02138190457335181
2018-02-21_15:00:00;0.019402098594337756
2018-02-21_16:00:00;0.020787962779647593
2018-02-21_17:00:00;0.0227182736091863
2018-02-21_18:00:00;0.01955058404276381
2018-02-21_19:00:00;0.016877845971094832
2018-02-21_20:00:00;0.012423282518313206
2018-02-21_21:00:00;0.01009701049297169
2018-02-21_22:00:00;0.015096020589982181
2018-02-21_23:00:00;0.01781825381112651
2018-02-22_00:00:00;0.01113640863195407
2018-02-22_01:00:00;0.01400712730152445
2018-02-22_02:00:00;0.021530390021777864
2018-02-22_03:00:00;0.028113244901999603
2018-02-22_04:00:00;0.02865769154622847
2018-02-22_05:00:00;0.029647594535735497
2018-02-22_06:00:00;0.03702237180756286
2018-02-22_07:00:00;0.027123341912492577
2018-02-22_08:00:00;0.02380716689764403
2018-02-22_09:00:00;0.031973866561077015
2018-02-22_10:00:00;0.036131459117006534
2018-02-22_11:00:00;0.036527420312809346
2018-02-22_12:00:00;0.03751732330231637
2018-02-22_13:00:00;0.032369827756879826
2018-02-22_14:00:00;0.04182340130667195
2018-02-22_15:00:00;0.06914472381706593
2018-02-22_16:00:00;0.08270639477331222
2018-02-22_17:00:00;0.09503068699267472
2018-02-22_18:00:00;0.09206097802415364
2018-02-22_19:00:00;0.09874282320332607
2018-02-22_20:00:00;0.12002573747772718
2018-02-22_21:00:00;0.13299346664026926
2018-02-22_22:00:00;0.17976638289447633
2018-02-22_23:00:00;0.21896654127895465
2018-02-23_00:00:00;0.23366660067313402
2018-02-23_01:00:00;0.22450999802019403
2018-02-23_02:00:00;0.1834785191051277
2018-02-23_03:00:00;0.15670164323896257
2018-02-23_04:00:00;0.14858443872500496
2018-02-23_05:00:00;0.16793704216986735
2018-02-23_06:00:00;0.19892100574143734
2018-02-23_07:00:00;0.21238368639873292
2018-02-23_08:00:00;0.20768164719857454
2018-02-23_09:00:00;0.22064937636111662
2018-02-23_10:00:00;0.24148683429023957
2018-02-23_11:00:00;0.25747376757077806
2018-02-23_12:00:00;0.27212433181548207
2018-02-23_13:00:00;0.3021678875470204
2018-02-23_14:00:00;0.3528014254603049
2018-02-23_15:00:00;0.4262522272817264
2018-02-23_16:00:00;0.4691645218768561
2018-02-23_17:00:00;0.4875767174816868
2018-02-23_18:00:00;0.5652346070085131
2018-02-23_19:00:00;0.6506632350029697
2018-02-23_20:00:00;0.6534349633735894
2018-02-23_21:00:00;0.657741041377945
2018-02-23_22:00:00;0.6703623044941596
2018-02-23_23:00:00;0.689566422490596
2018-02-24_00:00:00;0.7007523262720253
2018-02-24_01:00:00;0.7029301128489408
2018-02-24_02:00:00;0.7467828152841022
2018-02-24_03:00:00;0.7752920213819046
2018-02-24_04:00:00;0.7375272223322115
2018-02-24_05:00:00;0.74435755295981
2018-02-24_06:00:00;0.7820728568600277
2018-02-24_07:00:00;0.8361710552365869
2018-02-24_08:00:00;0.8586418530983964
2018-02-24_09:00:00;0.8599287269847555
2018-02-24_10:00:00;0.8645812710354386
2018-02-24_11:00:00;0.8441397743021184
2018-02-24_12:00:00;0.7971688774500099
2018-02-24_13:00:00;0.8010789942585627
2018-02-24_14:00:00;0.7843991288853692
2018-02-24_15:00:00;0.7978123143931894
2018-02-24_16:00:00;0.8263215204909918
2018-02-24_17:00:00;0.8789348643832905
2018-02-24_18:00:00;0.8978420114828747
2018-02-24_19:00:00;0.896901603642843
2018-02-24_20:00:00;0.8872500494951495
2018-02-24_21:00:00;0.8734409027915264
2018-02-24_22:00:00;0.8156800633537913
2018-02-24_23:00:00;0.7619283310235597
2018-02-25_00:00:00;0.7071372005543457
2018-02-25_01:00:00;0.6447733122154029
2018-02-25_02:00:00;0.6203722035240546
2018-02-25_03:00:00;0.5681548208275589
2018-02-25_04:00:00;0.5062858839833696
2018-02-25_05:00:00;0.4191249257572758
2018-02-25_06:00:00;0.384230845377153
2018-02-25_07:00:00;0.3521579885171253
2018-02-25_08:00:00;0.3065729558503267
2018-02-25_09:00:00;0.2843001385864185
2018-02-25_10:00:00;0.2684616907543061
2018-02-25_11:00:00;0.2882102553949713
2018-02-25_12:00:00;0.31409621857058007
2018-02-25_13:00:00;0.33443872500494953
2018-02-25_14:00:00;0.42130271233419125
2018-02-25_15:00:00;0.5596416551177985
2018-02-25_16:00:00;0.7155513759651554
2018-02-25_17:00:00;0.8584438725004949
2018-02-25_18:00:00;0.8808156800633538
2018-02-25_19:00:00;0.8872500494951495
2018-02-25_20:00:00;0.8792813304296179
2018-02-25_21:00:00;0.8491882795486042
2018-02-25_22:00:00;0.8013264700059394
2018-02-25_23:00:00;0.7205998812116413
2018-02-26_00:00:00;0.6638784399128885
2018-02-26_01:00:00;0.6487824193229064
2018-02-26_02:00:00;0.6439813898237973
2018-02-26_03:00:00;0.6347257968719066
2018-02-26_04:00:00;0.6776875866165116
2018-02-26_05:00:00;0.7222332211443279
2018-02-26_06:00:00;0.719857453969511
2018-02-26_07:00:00;0.7067907345080182
2018-02-26_08:00:00;0.7223817065927539
2018-02-26_09:00:00;0.7407444070481093
2018-02-26_10:00:00;0.7452484656503663
2018-02-26_11:00:00;0.7348544842605425
2018-02-26_12:00:00;0.6746188873490397
2018-02-26_13:00:00;0.6461096812512374
2018-02-26_14:00:00;0.6533359730746386
2018-02-26_15:00:00;0.6480399920807761
2018-02-26_16:00:00;0.6979311027519303
2018-02-26_17:00:00;0.7767768758661651
2018-02-26_18:00:00;0.7842011482874678
2018-02-26_19:00:00;0.7638091467036231
2018-02-26_20:00:00;0.7524747574737676
2018-02-26_21:00:00;0.817313403286478
2018-02-26_22:00:00;0.8060780043555732
2018-02-26_23:00:00;0.7959809938626015
2018-02-27_00:00:00;0.716343298356761
2018-02-27_01:00:00;0.6824886161156206
2018-02-27_02:00:00;0.66971886755098
2018-02-27_03:00:00;0.6630370223718076
2018-02-27_04:00:00;0.6464066521480895
2018-02-27_05:00:00;0.6490298950702831
2018-02-27_06:00:00;0.6886260146505643
2018-02-27_07:00:00;0.7101069095228668
2018-02-27_08:00:00;0.7462383686398733
2018-02-27_09:00:00;0.7805880023757672
2018-02-27_10:00:00;0.7958820035636508
2018-02-27_11:00:00;0.7930112848940803
2018-02-27_12:00:00;0.7790041575925559
2018-02-27_13:00:00;0.8177093644822807
2018-02-27_14:00:00;0.817461888734904
2018-02-27_15:00:00;0.779994060582063
2018-02-27_16:00:00;0.7825183132053058
2018-02-27_17:00:00;0.8320134626806573
2018-02-27_18:00:00;0.8117204513957632
2018-02-27_19:00:00;0.739160562264898
2018-02-27_20:00:00;0.7265392991486834
2018-02-27_21:00:00;0.6859532765788953
2018-02-27_22:00:00;0.7178281528410215
2018-02-27_23:00:00;0.733369629776282
2018-02-28_00:00:00;0.7146604632745991
2018-02-28_01:00:00;0.7388140962185705
2018-02-28_02:00:00;0.7280241536329439
2018-02-28_03:00:00;0.7487131261136408
2018-02-28_04:00:00;0.7351514551573946
2018-02-28_05:00:00;0.7429716887745001
2018-02-28_06:00:00;0.7627697485646406
2018-02-28_07:00:00;0.8551276974856464
2018-02-28_08:00:00;0.9026925361314592
2018-02-28_09:00:00;0.9340229657493566
2018-02-28_10:00:00;0.8684913878439913
2018-02-28_11:00:00;0.8592357948921006
2018-02-28_12:00:00;0.8550287071866957
2018-02-28_13:00:00;0.8526034448624035
2018-02-28_14:00:00;0.857602454959414
2018-02-28_15:00:00;0.8837358938823995
2018-02-28_16:00:00;0.8847257968719066
2018-02-28_17:00:00;0.8819540685012869
2018-02-28_18:00:00;0.8808651752128291
2018-02-28_19:00:00;0.881409621857058
2018-02-28_20:00:00;0.8811126509602059
2018-02-28_21:00:00;0.87957830132647
2018-02-28_22:00:00;0.8765590972084736
2018-02-28_23:00:00;0.8765590972084736
2018-03-01_00:00:00;0.8078598297366858
2018-03-01_01:00:00;0.7968224114036825
2018-03-01_02:00:00;0.8407246089883191
2018-03-01_03:00:00;0.8742823203326074
2018-03-01_04:00:00;0.8706196792714314
2018-03-01_05:00:00;0.873242922193625
2018-03-01_06:00:00;0.8911106711542269
2018-03-01_07:00:00;0.9250148485448426
2018-03-01_08:00:00;0.9225895862205504
2018-03-01_09:00:00;0.8876955058404277
2018-03-01_10:00:00;0.8265689962383687
2018-03-01_11:00:00;0.8030588002375767
2018-03-01_12:00:00;0.7482676697683627
2018-03-01_13:00:00;0.7459413977430212
2018-03-01_14:00:00;0.7468818055830528
2018-03-01_15:00:00;0.7473767570778064
2018-03-01_16:00:00;0.7419322906355177
2018-03-01_17:00:00;0.752524252623243
2018-03-01_18:00:00;0.7547515343496337
2018-03-01_19:00:00;0.7555929518907147
2018-03-01_20:00:00;0.7757869728766581
2018-03-01_21:00:00;0.8171649178380519
2018-03-01_22:00:00;0.8153335973074639
2018-03-01_23:00:00;0.8568105325678084
2018-03-02_00:00:00;0.8419124925757275
2018-03-02_01:00:00;0.8194911898633934
2018-03-02_02:00:00;0.8061769946545239
2018-03-02_03:00:00;0.8002375767174816
2018-03-02_04:00:00;0.83943773510196
2018-03-02_05:00:00;0.8766580875074242
2018-03-02_06:00:00;0.862106513561671
2018-03-02_07:00:00;0.842803405266284
2018-03-02_08:00:00;0.816620471193823
2018-03-02_09:00:00;0.8236982775687982
2018-03-02_10:00:00;0.8320629578301326
2018-03-02_11:00:00;0.8638388437933082
2018-03-02_12:00:00;0.8280538507226292
2018-03-02_13:00:00;0.7960304890120768
2018-03-02_14:00:00;0.73168679469412
2018-03-02_15:00:00;0.7426747178776479
2018-03-02_16:00:00;0.814937636111661
2018-03-02_17:00:00;0.8680459314987131
2018-03-02_18:00:00;0.7595030686992674
2018-03-02_19:00:00;0.7591071075034647
2018-03-02_20:00:00;0.7620768164719858
2018-03-02_21:00:00;0.7638586418530984
2018-03-02_22:00:00;0.7605424668382499
2018-03-02_23:00:00;0.8119679271431399
2018-03-03_00:00:00;0.8356761037418333
2018-03-03_01:00:00;0.8411700653335973
2018-03-03_02:00:00;0.8237477727182736
2018-03-03_03:00:00;0.8051870916650168
2018-03-03_04:00:00;0.8062264898039992
2018-03-03_05:00:00;0.8024648584438725
2018-03-03_06:00:00;0.8044941595723619
2018-03-03_07:00:00;0.8064244704019006
2018-03-03_08:00:00;0.8043456741239359
2018-03-03_09:00:00;0.8042961789744605
2018-03-03_10:00:00;0.8090477133240942
2018-03-03_11:00:00;0.7499010097010493
2018-03-03_12:00:00;0.7487131261136408
2018-03-03_13:00:00;0.7535636507622253
2018-03-03_14:00:00;0.7625717679667393
2018-03-03_15:00:00;0.7702435161354187
2018-03-03_16:00:00;0.7947436151257177
2018-03-03_17:00:00;0.8442387646010691
2018-03-03_18:00:00;0.8570580083151851
2018-03-03_19:00:00;0.8806671946149277
2018-03-03_20:00:00;0.8904672342110473
2018-03-03_21:00:00;0.8925955256384874
2018-03-03_22:00:00;0.8923480498911107
2018-03-03_23:00:00;0.8847257968719066
2018-03-04_00:00:00;0.8786873886359137
2018-03-04_01:00:00;0.8796277964759454
2018-03-04_02:00:00;0.8652247079786181
2018-03-04_03:00:00;0.8269649574341714
2018-03-04_04:00:00;0.7698970500890913
2018-03-04_05:00:00;0.7192635121758068
2018-03-04_06:00:00;0.6753613145911701
2018-03-04_07:00:00;0.7009998020194022
2018-03-04_08:00:00;0.7293605226687785
2018-03-04_09:00:00;0.7168382498515146
2018-03-04_10:00:00;0.6525440506830331
2018-03-04_11:00:00;0.5931498713126113
2018-03-04_12:00:00;0.5797366858047911
2018-03-04_13:00:00;0.621560087111463
2018-03-04_14:00:00;0.6451197782617304
2018-03-04_15:00:00;0.7140665214808949
2018-03-04_16:00:00;0.7616808552761829
2018-03-04_17:00:00;0.8230548406256187
2018-03-04_18:00:00;0.8756681845179173
2018-03-04_19:00:00;0.8970995842407444
2018-03-04_20:00:00;0.9002672738071669
2018-03-04_21:00:00;0.903236982775688
2018-03-04_22:00:00;0.9101663037022372
2018-03-04_23:00:00;0.9049693130073253
2018-03-05_00:00:00;0.8804692140170264
2018-03-05_01:00:00;0.8768560681053257
2018-03-05_02:00:00;0.9010591961987725
2018-03-05_03:00:00;0.8837853890318749
2018-03-05_04:00:00;0.8546327459908929
2018-03-05_05:00:00;0.8681449217976638
2018-03-05_06:00:00;0.816768956642249
2018-03-05_07:00:00;0.8339932686596714
2018-03-05_08:00:00;0.8527024351613541
2018-03-05_09:00:00;0.8552266877845971
2018-03-05_10:00:00;0.839586220550386
2018-03-05_11:00:00;0.8344387250049495
2018-03-05_12:00:00;0.8567115422688577
2018-03-05_13:00:00;0.8037022371807563
2018-03-05_14:00:00;0.7555929518907147
2018-03-05_15:00:00;0.6654127895466244
2018-03-05_16:00:00;0.5676598693328054
2018-03-05_17:00:00;0.4236784795090081
2018-03-05_18:00:00;0.28548802217382696
2018-03-05_19:00:00;0.20585032666798653
2018-03-05_20:00:00;0.14754504058602258
2018-03-05_21:00:00;0.12146109681251237
2018-03-05_22:00:00;0.09943575529598099
2018-03-05_23:00:00;0.07726192833102356
2018-03-06_00:00:00;0.06612551969906949
2018-03-06_01:00:00;0.07587606414571373
2018-03-06_02:00:00;0.0913680459314987
2018-03-06_03:00:00;0.0995347455949317
2018-03-06_04:00:00;0.13462680657295584
2018-03-06_05:00:00;0.1779845575133637
2018-03-06_06:00:00;0.20134626806572956
2018-03-06_07:00:00;0.2173826964957434
2018-03-06_08:00:00;0.24415957236190852
2018-03-06_09:00:00;0.23332013462680656
2018-03-06_10:00:00;0.24500098990298952
2018-03-06_11:00:00;0.27880617699465454
2018-03-06_12:00:00;0.3139972282716294
2018-03-06_13:00:00;0.3413680459314987
2018-03-06_14:00:00;0.34428825975054445
2018-03-06_15:00:00;0.34715897842011484
2018-03-06_16:00:00;0.3620570184121956
2018-03-06_17:00:00;0.39888140962185703
2018-03-06_18:00:00;0.4173431003761631
2018-03-06_19:00:00;0.41056226489804
2018-03-06_20:00:00;0.3629479311027519
2018-03-06_21:00:00;0.324787170857256
2018-03-06_22:00:00;0.286477925163334
2018-03-06_23:00:00;0.2505939417937042
2018-03-07_00:00:00;0.18946743219164522
2018-03-07_01:00:00;0.1598198376559097
2018-03-07_02:00:00;0.14398138982379727
2018-03-07_03:00:00;0.12175806770936448
2018-03-07_04:00:00;0.11567016432389626
2018-03-07_05:00:00;0.11141358146901603
2018-03-07_06:00:00;0.11472975648386458
2018-03-07_07:00:00;0.1313106315581073
2018-03-07_08:00:00;0.1327459908928925
2018-03-07_09:00:00;0.12165907741041378
2018-03-07_10:00:00;0.1118590378142942
2018-03-07_11:00:00;0.11324490199960403
2018-03-07_12:00:00;0.1031973866561077
2018-03-07_13:00:00;0.08785389031874877
2018-03-07_14:00:00;0.07622253019204119
2018-03-07_15:00:00;0.0626608592357949
2018-03-07_16:00:00;0.0626608592357949
2018-03-07_17:00:00;0.062066917442090676
2018-03-07_18:00:00;0.059295189071470994
2018-03-07_19:00:00;0.059691150267273806
2018-03-07_20:00:00;0.06563056820431598
2018-03-07_21:00:00;0.07350029697089686
2018-03-07_22:00:00;0.09418926945159374
2018-03-07_23:00:00;0.10012868738863591
2018-03-08_00:00:00;0.07067907345080182
2018-03-08_01:00:00;0.08201346268065729
2018-03-08_02:00:00;0.10275193031082953
2018-03-08_03:00:00;0.15986933280538507
2018-03-08_04:00:00;0.19006137398534945
2018-03-08_05:00:00;0.16892694515937437
2018-03-08_06:00:00;0.20288061769946544
2018-03-08_07:00:00;0.2361413581469016
2018-03-08_08:00:00;0.24386260146505642
2018-03-08_09:00:00;0.2691051276974856
2018-03-08_10:00:00;0.23465650366264107
2018-03-08_11:00:00;0.2705899821817462
2018-03-08_12:00:00;0.32805385072262916
2018-03-08_13:00:00;0.4000692932092655
2018-03-08_14:00:00;0.4552563848742823
2018-03-08_15:00:00;0.5534052662839042
2018-03-08_16:00:00;0.6627400514749554
2018-03-08_17:00:00;0.5846862007523262
2018-03-08_18:00:00;0.4876757077806375
2018-03-08_19:00:00;0.37289645614729755
2018-03-08_20:00:00;0.2596020589982182
2018-03-08_21:00:00;0.33735893882399526
2018-03-08_22:00:00;0.26351217580677094
2018-03-08_23:00:00;0.2725697881607602
2018-03-09_00:00:00;0.331122549990101
2018-03-09_01:00:00;0.3623044941595724
2018-03-09_02:00:00;0.44159572361908533
2018-03-09_03:00:00;0.5460799841615521
2018-03-09_04:00:00;0.656058206295783
2018-03-09_05:00:00;0.6410116808552762
2018-03-09_06:00:00;0.6506137398534944
2018-03-09_07:00:00;0.6128984359532765
2018-03-09_08:00:00;0.550980003959612
2018-03-09_09:00:00;0.4876757077806375
2018-03-09_10:00:00;0.41145317758859634
2018-03-09_11:00:00;0.32775687982577706
2018-03-09_12:00:00;0.2674717877647991
2018-03-09_13:00:00;0.19520886953078598
2018-03-09_14:00:00;0.14848544842605424
2018-03-09_15:00:00;0.1173529994060582
2018-03-09_16:00:00;0.09631756087903386
2018-03-09_17:00:00;0.07379726786774896
2018-03-09_18:00:00;0.05291031478915066
2018-03-09_19:00:00;0.041179964363492375
2018-03-09_20:00:00;0.02860819639675312
2018-03-09_21:00:00;0.028954662443080578
2018-03-09_22:00:00;0.0525638487428232
2018-03-09_23:00:00;0.14130865175212828
2018-03-10_00:00:00;0.21367056028509207
2018-03-10_01:00:00;0.2643535933478519
2018-03-10_02:00:00;0.3203821025539497
2018-03-10_03:00:00;0.3706196792714314
2018-03-10_04:00:00;0.4211047317362898
2018-03-10_05:00:00;0.532815284102158
2018-03-10_06:00:00;0.6625915660265294
2018-03-10_07:00:00;0.7175806770936448
2018-03-10_08:00:00;0.7524252623242922
2018-03-10_09:00:00;0.7906355177192635
2018-03-10_10:00:00;0.8089982181746189
2018-03-10_11:00:00;0.7936547218372599
2018-03-10_12:00:00;0.7529202138190457
2018-03-10_13:00:00;0.643238962581667
2018-03-10_14:00:00;0.5704315977034251
2018-03-10_15:00:00;0.5826074044743615
2018-03-10_16:00:00;0.5904771332409424
2018-03-10_17:00:00;0.5349435755295981
2018-03-10_18:00:00;0.5289051672936053
2018-03-10_19:00:00;0.5033161750148486
2018-03-10_20:00:00;0.5014848544842605
2018-03-10_21:00:00;0.47896456147297567
2018-03-10_22:00:00;0.4442684616907543
2018-03-10_23:00:00;0.41590774104137795
2018-03-11_00:00:00;0.3966541278954662
2018-03-11_01:00:00;0.3744803009305088
2018-03-11_02:00:00;0.3626014650564245
2018-03-11_03:00:00;0.3651752128291427
2018-03-11_04:00:00;0.4049198178578499
2018-03-11_05:00:00;0.29979212037220354
2018-03-11_06:00:00;0.19961393783409226
2018-03-11_07:00:00;0.11725400910710751
2018-03-11_08:00:00;0.07201544248663631
2018-03-11_09:00:00;0.0890417739061572
2018-03-11_10:00:00;0.11621461096812512
2018-03-11_11:00:00;0.18921995644426845
2018-03-11_12:00:00;0.34532765788952685
2018-03-11_13:00:00;0.5534547614333796
2018-03-11_14:00:00;0.7221342308453772
2018-03-11_15:00:00;0.8298356761037419
2018-03-11_16:00:00;0.8723520095030687
2018-03-11_17:00:00;0.8534943575529598
2018-03-11_18:00:00;0.8706196792714314
2018-03-11_19:00:00;0.9035834488220155
2018-03-11_20:00:00;0.8864086319540685
2018-03-11_21:00:00;0.7812809344684221
2018-03-11_22:00:00;0.5746881805583053
2018-03-11_23:00:00;0.41293803207285684
2018-03-12_00:00:00;0.2639576321520491
2018-03-12_01:00:00;0.16610572163927936
2018-03-12_02:00:00;0.08864581271035439
2018-03-12_03:00:00;0.05583052860819639
2018-03-12_04:00:00;0.04167491585824589
2018-03-12_05:00:00;0.02761829340724609
2018-03-12_06:00:00;0.026727380716689765
2018-03-12_07:00:00;0.02553949712928133
2018-03-12_08:00:00;0.03583448822015443
2018-03-12_09:00:00;0.042466838249851514
2018-03-12_10:00:00;0.028113244901999603
2018-03-12_11:00:00;0.02247079786180954
2018-03-12_12:00:00;0.014848544842605425
2018-03-12_13:00:00;0.0063848742823203325
2018-03-12_14:00:00;0.0039596119580281135
2018-03-12_15:00:00;0.010740447436151258
2018-03-12_16:00:00;0.019847554939615916
2018-03-12_17:00:00;0.023163729954464463
2018-03-12_18:00:00;0.02583646802613344
2018-03-12_19:00:00;0.023163729954464463
2018-03-12_20:00:00;0.03514155612749951
2018-03-12_21:00:00;0.03786378934864383
2018-03-12_22:00:00;0.049148683429023954
2018-03-12_23:00:00;0.04885171253217185
2018-03-13_00:00:00;0.05330627598495347
2018-03-13_01:00:00;0.08884379330825579
2018-03-13_02:00:00;0.1375470203920016
2018-03-13_03:00:00;0.2251534349633736
2018-03-13_04:00:00;0.3135517719263512
2018-03-13_05:00:00;0.34265491981785784
2018-03-13_06:00:00;0.3924470401900614
2018-03-13_07:00:00;0.37413383488418134
2018-03-13_08:00:00;0.36314591170065336
2018-03-13_09:00:00;0.2622253019204118
2018-03-13_10:00:00;0.206196792714314
2018-03-13_11:00:00;0.21876856068105327
2018-03-13_12:00:00;0.20535537517323302
2018-03-13_13:00:00;0.2571273015244506
2018-03-13_14:00:00;0.3311720451395763
2018-03-13_15:00:00;0.37680657295585035
2018-03-13_16:00:00;0.4151158186497723
2018-03-13_17:00:00;0.4084339734705999
2018-03-13_18:00:00;0.374925757275787
2018-03-13_19:00:00;0.35294991090873096
2018-03-13_20:00:00;0.3130568204315977
2018-03-13_21:00:00;0.28929914868342904
2018-03-13_22:00:00;0.24232825183132053
2018-03-13_23:00:00;0.19501088893288457
2018-03-14_00:00:00;0.12794496139378342
2018-03-14_01:00:00;0.08919025935458325
2018-03-14_02:00:00;0.08473569590180162
2018-03-14_03:00:00;0.0749851514551574
2018-03-14_04:00:00;0.0525638487428232
2018-03-14_05:00:00;0.033805187091665016
2018-03-14_06:00:00;0.02167887547020392
2018-03-14_07:00:00;0.011680855276182935
2018-03-14_08:00:00;0.007077806374975252
2018-03-14_09:00:00;0.007721243318154821
2018-03-14_10:00:00;0.010443476539299149
2018-03-14_11:00:00;0.017075826568996238
2018-03-14_12:00:00;0.016283904177390614
2018-03-14_13:00:00;0.013710156404672342
2018-03-14_14:00:00;0.033409225895862205
2018-03-14_15:00:00;0.13398336962977628
2018-03-14_16:00:00;0.3689863393387448
2018-03-14_17:00:00;0.4848049891110671
2018-03-14_18:00:00;0.4618887349039794
2018-03-14_19:00:00;0.41244308057810336
2018-03-14_20:00:00;0.5195505840427638
2018-03-14_21:00:00;0.617748960601861
2018-03-14_22:00:00;0.7174321916452188
2018-03-14_23:00:00;0.7625222728172639
2018-03-15_00:00:00;0.7866759057612354
2018-03-15_01:00:00;0.8535438527024352
2018-03-15_02:00:00;0.8968521084933676
2018-03-15_03:00:00;0.9373886359136805
2018-03-15_04:00:00;0.9611958028113244
2018-03-15_05:00:00;0.9746089883191448
2018-03-15_06:00:00;0.9101663037022372
2018-03-15_07:00:00;0.8004355573153831
2018-03-15_08:00:00;0.7786081963967532
2018-03-15_09:00:00;0.7615323698277568
2018-03-15_10:00:00;0.7092654919817858
2018-03-15_11:00:00;0.6319045733518115
2018-03-15_12:00:00;0.5670659275391011
2018-03-15_13:00:00;0.5675608790338547
2018-03-15_14:00:00;0.5420708770540487
2018-03-15_15:00:00;0.4920312809344684
2018-03-15_16:00:00;0.5321223520095031
2018-03-15_17:00:00;0.700851316570976
2018-03-15_18:00:00;0.7552464858443872
2018-03-15_19:00:00;0.7871213621065135
2018-03-15_20:00:00;0.7611364086319541
2018-03-15_21:00:00;0.5799841615521679
2018-03-15_22:00:00;0.47926153236982777
2018-03-15_23:00:00;0.409720847356959
2018-03-16_00:00:00;0.3811126509602059
2018-03-16_01:00:00;0.3803207285686003
2018-03-16_02:00:00;0.3808156800633538
2018-03-16_03:00:00;0.380419718867551
2018-03-16_04:00:00;0.37952880617699464
2018-03-16_05:00:00;0.37957830132647
2018-03-16_06:00:00;0.3791328449811918
2018-03-16_07:00:00;0.37769748564640665
2018-03-16_08:00:00;0.37670758265689963
2018-03-16_09:00:00;0.3766085923579489
2018-03-16_10:00:00;0.37799445654325875
2018-03-16_11:00:00;0.4533260740447436
2018-03-16_12:00:00;0.4544644624826767
2018-03-16_13:00:00;0.45411799643634926
2018-03-16_14:00:00;0.45377153039002177
2018-03-16_15:00:00;0.4545634527816274
2018-03-16_16:00:00;0.45461294793110274
2018-03-16_17:00:00;0.4552563848742823
2018-03-16_18:00:00;0.4554048703227084
2018-03-16_19:00:00;0.4558503266679865
2018-03-16_20:00:00;0.4570877054048703
2018-03-16_21:00:00;0.4557513363690358
2018-03-16_22:00:00;0.4558998218174619
2018-03-16_23:00:00;0.455206889724807
2018-03-17_00:00:00;0.4547614333795288
2018-03-17_01:00:00;0.4551078994258563
2018-03-17_02:00:00;0.4490694911898634
2018-03-17_03:00:00;0.4557513363690358
2018-03-17_04:00:00;0.45535537517323305
2018-03-17_05:00:00;0.4551573945753316
2018-03-17_06:00:00;0.4532270837457929
2018-03-17_07:00:00;0.45149475351415563
2018-03-17_08:00:00;0.4369431795684023
2018-03-17_09:00:00;0.36854088299346666
2018-03-17_10:00:00;0.3647297564838646
2018-03-17_11:00:00;0.32072856860027715
2018-03-17_12:00:00;0.31216590774104136
2018-03-17_13:00:00;0.3116214610968125
2018-03-17_14:00:00;0.3383488418135023
2018-03-17_15:00:00;0.37769748564640665
2018-03-17_16:00:00;0.4100673134032865
2018-03-17_17:00:00;0.5049495149475351
2018-03-17_18:00:00;0.5768659671352208
2018-03-17_19:00:00;0.6532864779251634
2018-03-17_20:00:00;0.6666006731340328
2018-03-17_21:00:00;0.6739259552563849
2018-03-17_22:00:00;0.5633042961789745
2018-03-17_23:00:00;0.44411997624232824
2018-03-18_00:00:00;0.481835280142546
2018-03-18_01:00:00;0.488170659275391
2018-03-18_02:00:00;0.49084339734706
2018-03-18_03:00:00;0.5681053256780836
2018-03-18_04:00:00;0.6084438725004949
2018-03-18_05:00:00;0.5903781429419916
2018-03-18_06:00:00;0.5996337358938824
2018-03-18_07:00:00;0.6209166501682835
2018-03-18_08:00:00;0.5865670164323896
2018-03-18_09:00:00;0.5521678875470204
2018-03-18_10:00:00;0.43313205305880026
2018-03-18_11:00:00;0.39229855474163533
2018-03-18_12:00:00;0.38873490397941
2018-03-18_13:00:00;0.3846763017224312
2018-03-18_14:00:00;0.38720055434567413
2018-03-18_15:00:00;0.3893288457731142
2018-03-18_16:00:00;0.39888140962185703
2018-03-18_17:00:00;0.46297762819243715
2018-03-18_18:00:00;0.512819243714116
2018-03-18_19:00:00;0.5078697287665809
2018-03-18_20:00:00;0.5843892298554741
2018-03-18_21:00:00;0.5830033656701643
2018-03-18_22:00:00;0.6806078004355574
2018-03-18_23:00:00;0.7340130667194615
2018-03-19_00:00:00;0.7030785982973669
2018-03-19_01:00:00;0.620273213225104
2018-03-19_02:00:00;0.5271728370619679
2018-03-19_03:00:00;0.42823203326074044
2018-03-19_04:00:00;0.3819540685012869
2018-03-19_05:00:00;0.3361710552365868
2018-03-19_06:00:00;0.26633339932686595
2018-03-19_07:00:00;0.20748366660067313
2018-03-19_08:00:00;0.15828548802217382
2018-03-19_09:00:00;0.10933478519105128
2018-03-19_10:00:00;0.0718174618887349
2018-03-19_11:00:00;0.054989111067115425
2018-03-19_12:00:00;0.05231637299544645
2018-03-19_13:00:00;0.06360126707582657
2018-03-19_14:00:00;0.09329835676103741
2018-03-19_15:00:00;0.13403286477925164
2018-03-19_16:00:00;0.18748762621263115
2018-03-19_17:00:00;0.2638586418530984
2018-03-19_18:00:00;0.3902692536131459
2018-03-19_19:00:00;0.5441001781825381
2018-03-19_20:00:00;0.6419520886953078
2018-03-19_21:00:00;0.7324787170857257
2018-03-19_22:00:00;0.7415858245891903
2018-03-19_23:00:00;0.7888536923381508
2018-03-20_00:00:00;0.8662146109681251
2018-03-20_01:00:00;0.8554741635319739
2018-03-20_02:00:00;0.7788061769946545
2018-03-20_03:00:00;0.7651455157394575
2018-03-20_04:00:00;0.7990001979805978
2018-03-20_05:00:00;0.802959809938626
2018-03-20_06:00:00;0.7682637101564047
2018-03-20_07:00:00;0.7265887942981588
2018-03-20_08:00:00;0.6913482478717086
2018-03-20_09:00:00;0.6811027519303108
2018-03-20_10:00:00;0.5905266283904177
2018-03-20_11:00:00;0.4828251831320531
2018-03-20_12:00:00;0.4195208869530786
2018-03-20_13:00:00;0.27722233221144327
2018-03-20_14:00:00;0.21396753118194417
2018-03-20_15:00:00;0.16199762423282518
2018-03-20_16:00:00;0.1981290833498317
2018-03-20_17:00:00;0.22213423084537715
2018-03-20_18:00:00;0.23906157196594735
2018-03-20_19:00:00;0.27643040981983763
2018-03-20_20:00:00;0.26613541872896457
2018-03-20_21:00:00;0.23802217382696494
2018-03-20_22:00:00;0.24272421302712335
2018-03-20_23:00:00;0.2223817065927539
2018-03-21_00:00:00;0.1921401702633142
2018-03-21_01:00:00;0.16818451791724412
2018-03-21_02:00:00;0.12497525242526232
2018-03-21_03:00:00;0.1514056622451
2018-03-21_04:00:00;0.16838249851514553
2018-03-21_05:00:00;0.1814492179766383
2018-03-21_06:00:00;0.19595129677291626
2018-03-21_07:00:00;0.23742823203326074
2018-03-21_08:00:00;0.24064541674915857
2018-03-21_09:00:00;0.27410413779449616
2018-03-21_10:00:00;0.31751138388437933
2018-03-21_11:00:00;0.36710552365868143
2018-03-21_12:00:00;0.372253019204118
2018-03-21_13:00:00;0.33631954068501285
2018-03-21_14:00:00;0.3591862997426252
2018-03-21_15:00:00;0.3823005345476143
2018-03-21_16:00:00;0.46193823005345475
2018-03-21_17:00:00;0.6066620471193823
2018-03-21_18:00:00;0.7668283508216195
2018-03-21_19:00:00;0.842803405266284
2018-03-21_20:00:00;0.7741041377944962
2018-03-21_21:00:00;0.6690259354583251
2018-03-21_22:00:00;0.6439813898237973
2018-03-21_23:00:00;0.6747178776479905
2018-03-22_00:00:00;0.7030785982973669
2018-03-22_01:00:00;0.7083250841417541
2018-03-22_02:00:00;0.6538804197188676
2018-03-22_03:00:00;0.6317560879033854
2018-03-22_04:00:00;0.6651653137992477
2018-03-22_05:00:00;0.6858047911304692
2018-03-22_06:00:00;0.693526034448624
2018-03-22_07:00:00;0.69154622846961
2018-03-22_08:00:00;0.7069392199564443
2018-03-22_09:00:00;0.7372797465848346
2018-03-22_10:00:00;0.7153039002177787
2018-03-22_11:00:00;0.7008018214215007
2018-03-22_12:00:00;0.6464066521480895
2018-03-22_13:00:00;0.5313799247673728
2018-03-22_14:00:00;0.38878439912888535
2018-03-22_15:00:00;0.2942486636309642
2018-03-22_16:00:00;0.2620768164719857
2018-03-22_17:00:00;0.1926351217580677
2018-03-22_18:00:00;0.1173529994060582
2018-03-22_19:00:00;0.07335181152247079
2018-03-22_20:00:00;0.04528806176994655
2018-03-22_21:00:00;0.05216788754702039
2018-03-22_22:00:00;0.04469411997624233
2018-03-22_23:00:00;0.02900415759255593
2018-03-23_00:00:00;0.01504652544050683
2018-03-23_01:00:00;0.01989705008909127
2018-03-23_02:00:00;0.04162542070877054
2018-03-23_03:00:00;0.08300336567016432
2018-03-23_04:00:00;0.13309245693921995
2018-03-23_05:00:00;0.1531379924767373
2018-03-23_06:00:00;0.17150069293209266
2018-03-23_07:00:00;0.2203524054642645
2018-03-23_08:00:00;0.2827657889526826
2018-03-23_09:00:00;0.36586814492179764
2018-03-23_10:00:00;0.45837457929122943
2018-03-23_11:00:00;0.4878736883785389
2018-03-23_12:00:00;0.5618689368441893
2018-03-23_13:00:00;0.5630073252821224
2018-03-23_14:00:00;0.520837457929123
2018-03-23_15:00:00;0.4809443674519897
2018-03-23_16:00:00;0.504652544050683
2018-03-23_17:00:00;0.4998020194020986
2018-03-23_18:00:00;0.4805484062561869
2018-03-23_19:00:00;0.4596614531775886
2018-03-23_20:00:00;0.4621362106513562
2018-03-23_21:00:00;0.4493664620867155
2018-03-23_22:00:00;0.42263908137002576
2018-03-23_23:00:00;0.4147198574539695
2018-03-24_00:00:00;0.40150465254405066
2018-03-24_01:00:00;0.32963769550584043
2018-03-24_02:00:00;0.2595030686992675
2018-03-24_03:00:00;0.20679073450801821
2018-03-24_04:00:00;0.17447040190061375
2018-03-24_05:00:00;0.14051672936052267
2018-03-24_06:00:00;0.1101267075826569
2018-03-24_07:00:00;0.09720847356959018
2018-03-24_08:00:00;0.08765590972084736
2018-03-24_09:00:00;0.07449019996040387
2018-03-24_10:00:00;0.06612551969906949
2018-03-24_11:00:00;0.05469214017026332
2018-03-24_12:00:00;0.041971886755098
2018-03-24_13:00:00;0.034349633735893885
2018-03-24_14:00:00;0.024351613541872895
2018-03-24_15:00:00;0.015937438131063155
2018-03-24_16:00:00;0.013908137002573748
2018-03-24_17:00:00;0.015294001187883587
2018-03-24_18:00:00;0.020688972480696892
2018-03-24_19:00:00;0.024945555335577112
2018-03-24_20:00:00;0.02588596317560879
2018-03-24_21:00:00;0.027172837061967926
2018-03-24_22:00:00;0.029944565432587607
2018-03-24_23:00:00;0.036675905761235396
2018-03-25_00:00:00;0.03192437141160166
2018-03-25_01:00:00;0.025341516531379924
2018-03-25_02:00:00;0.012423282518313206
2018-03-25_03:00:00;0.00836468026133439
2018-03-25_04:00:00;0.010789942585626608
2018-03-25_05:00:00;0.006533359730746387
2018-03-25_06:00:00;0.00628588398336963
2018-03-25_07:00:00;0.007523262720253415
2018-03-25_08:00:00;0.007919223916056227
2018-03-25_09:00:00;0.0104929716887745
2018-03-25_10:00:00;0.011086913482478717
2018-03-25_11:00:00;0.017174816867946942
2018-03-25_12:00:00;0.029598099386260148
2018-03-25_13:00:00;0.01682835082161948
2018-03-25_14:00:00;0.01895664224905959
2018-03-25_15:00:00;0.03152841021579885
2018-03-25_16:00:00;0.027172837061967926
2018-03-25_17:00:00;0.05018808156800633
2018-03-25_18:00:00;0.07043159770342507
2018-03-25_19:00:00;0.07087705404870323
2018-03-25_20:00:00;0.07152049099188279
2018-03-25_21:00:00;0.07008513165709761
2018-03-25_22:00:00;0.08097406454167491
2018-03-25_23:00:00;0.08834884181350228
2018-03-26_00:00:00;0.09013066719461493
2018-03-26_01:00:00;0.10888932884577311
2018-03-26_02:00:00;0.12408433973470599
2018-03-26_03:00:00;0.1278459710948327
2018-03-26_04:00:00;0.11289843595327657
2018-03-26_05:00:00;0.08161750148485448
2018-03-26_06:00:00;0.07503464660463274
2018-03-26_07:00:00;0.05889922787566818
2018-03-26_08:00:00;0.049198178578499306
2018-03-26_09:00:00;0.04147693526034449
2018-03-26_10:00:00;0.038655711740249454
2018-03-26_11:00:00;0.05597901405662245
2018-03-26_12:00:00;0.07201544248663631
2018-03-26_13:00:00;0.07577707384676302
2018-03-26_14:00:00;0.06716491783805187
2018-03-26_15:00:00;0.058255790932488616
2018-03-26_16:00:00;0.039398138982379725
2018-03-26_17:00:00;0.02162938032072857
2018-03-26_18:00:00;0.009404078400316769
2018-03-26_19:00:00;0.0022272817263908136
2018-03-26_20:00:00;0.0008414175410809741
2018-03-26_21:00:00;0.003910116808552762
2018-03-26_22:00:00;0.008265689962383686
2018-03-26_23:00:00;0.007424272421302712
2018-03-27_00:00:00;0.005196990694911898
2018-03-27_01:00:00;0.010690952286675905
2018-03-27_02:00:00;0.009552563848742823
2018-03-27_03:00:00;0.00980003959611958
2018-03-27_04:00:00;0.008117204513957633
2018-03-27_05:00:00;0.021332409423876462
2018-03-27_06:00:00;0.04147693526034449
2018-03-27_07:00:00;0.04672342110473174
2018-03-27_08:00:00;0.06568006335379133
2018-03-27_09:00:00;0.1014650564244704
2018-03-27_10:00:00;0.12304494159572361
2018-03-27_11:00:00;0.11839239754504059
2018-03-27_12:00:00;0.1338843793308256
2018-03-27_13:00:00;0.12740051474955455
2018-03-27_14:00:00;0.11631360126707582
2018-03-27_15:00:00;0.15496931300732528
2018-03-27_16:00:00;0.17882597505444467
2018-03-27_17:00:00;0.20837457929122946
2018-03-27_18:00:00;0.30647396555137596
2018-03-27_19:00:00;0.4522866759057612
2018-03-27_20:00:00;0.5327657889526827
2018-03-27_21:00:00;0.6060186101762027
2018-03-27_22:00:00;0.649425856266086
2018-03-27_23:00:00;0.6676400712730153
2018-03-28_00:00:00;0.6748663630964166
2018-03-28_01:00:00;0.6893189467432191
2018-03-28_02:00:00;0.6975351415561275
2018-03-28_03:00:00;0.7923678479509008
2018-03-28_04:00:00;0.8536428430013858
2018-03-28_05:00:00;0.8263215204909918
2018-03-28_06:00:00;0.8157790536527421
2018-03-28_07:00:00;0.9012571767966739
2018-03-28_08:00:00;0.9501088893288457
2018-03-28_09:00:00;0.9632251039398139
2018-03-28_10:00:00;0.9692140170263314
2018-03-28_11:00:00;0.9729261532369827
2018-03-28_12:00:00;0.9490694911898634
2018-03-28_13:00:00;0.924915858245892
2018-03-28_14:00:00;0.8470599881211641
2018-03-28_15:00:00;0.7274797069887151
2018-03-28_16:00:00;0.6198772520293011
2018-03-28_17:00:00;0.5934468422094634
2018-03-28_18:00:00;0.5745891902593546
2018-03-28_19:00:00;0.5757275786972876
2018-03-28_20:00:00;0.5327657889526827
2018-03-28_21:00:00;0.522817263908137
2018-03-28_22:00:00;0.49995050485052467
2018-03-28_23:00:00;0.46609582260938426
2018-03-29_00:00:00;0.4113541872896456
2018-03-29_01:00:00;0.3598297366858048
2018-03-29_02:00:00;0.3186497723223124
2018-03-29_03:00:00;0.27910314789150664
2018-03-29_04:00:00;0.26128489408038014
2018-03-29_05:00:00;0.2617303504256583
2018-03-29_06:00:00;0.25871114630766184
2018-03-29_07:00:00;0.25777073846763016
2018-03-29_08:00:00;0.25425658285488023
2018-03-29_09:00:00;0.2535141556127499
2018-03-29_10:00:00;0.23327063947733123
2018-03-29_11:00:00;0.22292615323698278
2018-03-29_12:00:00;0.1981290833498317
2018-03-29_13:00:00;0.1973371609582261
2018-03-29_14:00:00;0.185210849336765
2018-03-29_15:00:00;0.16194812908334982
2018-03-29_16:00:00;0.15457335181152246
2018-03-29_17:00:00;0.16739259552563848
2018-03-29_18:00:00;0.1975351415561275
2018-03-29_19:00:00;0.22450999802019403
2018-03-29_20:00:00;0.25178182538111266
2018-03-29_21:00:00;0.2859829736685805
2018-03-29_22:00:00;0.3026628390417739
2018-03-29_23:00:00;0.3146901603642843
2018-03-30_00:00:00;0.3173628984359533
2018-03-30_01:00:00;0.37240150465254407
2018-03-30_02:00:00;0.4330825579093249
2018-03-30_03:00:00;0.48143931894674324
2018-03-30_04:00:00;0.5640467234211047
2018-03-30_05:00:00;0.6220550386062166
2018-03-30_06:00:00;0.6688774500098991
2018-03-30_07:00:00;0.687042169867353
2018-03-30_08:00:00;0.676202732132251
2018-03-30_09:00:00;0.6840229657493566
2018-03-30_10:00:00;0.6939714907939022
2018-03-30_11:00:00;0.6884280340526628
2018-03-30_12:00:00;0.7248069689170461
2018-03-30_13:00:00;0.7567313403286478
2018-03-30_14:00:00;0.792813304296179
2018-03-30_15:00:00;0.8084042763809147
2018-03-30_16:00:00;0.8164224905959216
2018-03-30_17:00:00;0.8256780835478124
2018-03-30_18:00:00;0.8411700653335973
2018-03-30_19:00:00;0.8461195802811324
2018-03-30_20:00:00;0.8517620273213226
2018-03-30_21:00:00;0.8596317560879034
2018-03-30_22:00:00;0.8771035438527024
2018-03-30_23:00:00;0.8993268659671352
2018-03-31_00:00:00;0.9130865175212829
2018-03-31_01:00:00;0.91971886755098
2018-03-31_02:00:00;0.9572361908532964
2018-03-31_03:00:00;0.9704019006137399
2018-03-31_04:00:00;0.9805484062561869
2018-03-31_05:00:00;0.9800039596119581
2018-03-31_06:00:00;0.9652544050683033
2018-03-31_07:00:00;0.9482280736487824
2018-03-31_08:00:00;0.9011086913482479
2018-03-31_09:00:00;0.8634923777469808
2018-03-31_10:00:00;0.7980102949910909
2018-03-31_11:00:00;0.7244605028707186
2018-03-31_12:00:00;0.6374975252425262
2018-03-31_13:00:00;0.5862700455355375
2018-03-31_14:00:00;0.5718669570382102
2018-03-31_15:00:00;0.5522173826964958
2018-03-31_16:00:00;0.566768956642249
2018-03-31_17:00:00;0.6033953672540091
2018-03-31_18:00:00;0.6097307463868541
2018-03-31_19:00:00;0.6495248465650366
2018-03-31_20:00:00;0.6365076222530192
2018-03-31_21:00:00;0.5455850326667987
2018-03-31_22:00:00;0.41175014848544844
2018-03-31_23:00:00;0.30835478123143933
2018-04-01_00:00:00;0.2625222728172639
2018-04-01_01:00:00;0.23841813502276776
2018-04-01_02:00:00;0.21837259948525045
2018-04-01_03:00:00;0.20095030686992674
2018-04-01_04:00:00;0.2131261136408632
2018-04-01_05:00:00;0.21807562858839832
2018-04-01_06:00:00;0.1956048307265888
2018-04-01_07:00:00;0.19768362700455355
2018-04-01_08:00:00;0.19689170461294794
2018-04-01_09:00:00;0.19931696693724016
2018-04-01_10:00:00;0.20728568600277172
2018-04-01_11:00:00;0.23475549396159176
2018-04-01_12:00:00;0.24099188279548603
2018-04-01_13:00:00;0.2926153236982776
2018-04-01_14:00:00;0.32656899623836866
2018-04-01_15:00:00;0.3413680459314987
2018-04-01_16:00:00;0.3491387843991289
2018-04-01_17:00:00;0.3314195208869531
2018-04-01_18:00:00;0.2713819045733518
2018-04-01_19:00:00;0.2404474361512572
2018-04-01_20:00:00;0.21084933676499704
2018-04-01_21:00:00;0.18095426648188478
2018-04-01_22:00:00;0.1611562066917442
2018-04-01_23:00:00;0.14244704019006138
2018-04-02_00:00:00;0.13779449613937833
2018-04-02_01:00:00;0.14155612749950505
2018-04-02_02:00:00;0.12165907741041378
2018-04-02_03:00:00;0.12680657295585032
2018-04-02_04:00:00;0.13017224312017422
2018-04-02_05:00:00;0.11171055236586815
2018-04-02_06:00:00;0.09117006533359731
2018-04-02_07:00:00;0.06558107305484062
2018-04-02_08:00:00;0.05627598495347456
2018-04-02_09:00:00;0.07844981191843199
2018-04-02_10:00:00;0.10864185309839636
2018-04-02_11:00:00;0.13522074836666007
2018-04-02_12:00:00;0.15457335181152246
2018-04-02_13:00:00;0.21040388041971886
2018-04-02_14:00:00;0.3167194614927737
2018-04-02_15:00:00;0.44288259750544445
2018-04-02_16:00:00;0.5763215204909918
2018-04-02_17:00:00;0.6914472381706592
2018-04-02_18:00:00;0.793803207285686
2018-04-02_19:00:00;0.834785191051277
2018-04-02_20:00:00;0.8420114828746783
2018-04-02_21:00:00;0.7885567214412987
2018-04-02_22:00:00;0.6688279548604237
2018-04-02_23:00:00;0.6165115818649772
2018-04-03_00:00:00;0.554642645020788
2018-04-03_01:00:00;0.5728568600277173
2018-04-03_02:00:00;0.6230449415957237
2018-04-03_03:00:00;0.6999604038804197
2018-04-03_04:00:00;0.7162938032072856
2018-04-03_05:00:00;0.6745198970500891
2018-04-03_06:00:00;0.7228271629380321
2018-04-03_07:00:00;0.7392100574143734
2018-04-03_08:00:00;0.6805088101366066
2018-04-03_09:00:00;0.6992674717877648
2018-04-03_10:00:00;0.7261928331023559
2018-04-03_11:00:00;0.767323302316373
2018-04-03_12:00:00;0.7640071273015244
2018-04-03_13:00:00;0.7098099386260146
2018-04-03_14:00:00;0.6727380716689765
2018-04-03_15:00:00;0.6309146703623045
2018-04-03_16:00:00;0.5682043159770342
2018-04-03_17:00:00;0.5334092258958623
2018-04-03_18:00:00;0.44317956840229655
2018-04-03_19:00:00;0.4100178182538111
2018-04-03_20:00:00;0.4245198970500891
2018-04-03_21:00:00;0.5251930310829539
2018-04-03_22:00:00;0.4296178974460503
2018-04-03_23:00:00;0.3540388041971887
2018-04-04_00:00:00;0.3027618293407246
2018-04-04_01:00:00;0.4656503662641061
2018-04-04_02:00:00;0.6382399524846565
2018-04-04_03:00:00;0.7755889922787567
2018-04-04_04:00:00;0.8686893684418927
2018-04-04_05:00:00;0.8363195406850129
2018-04-04_06:00:00;0.8055335577113443
2018-04-04_07:00:00;0.8138487428232033
2018-04-04_08:00:00;0.7365868144921798
2018-04-04_09:00:00;0.603098396357157
2018-04-04_10:00:00;0.4109582260938428
2018-04-04_11:00:00;0.2707879627796476
2018-04-04_12:00:00;0.23678479509008118
2018-04-04_13:00:00;0.2661849138784399
2018-04-04_14:00:00;0.2415363294397149
2018-04-04_15:00:00;0.1924371411601663
2018-04-04_16:00:00;0.13185507820233616
2018-04-04_17:00:00;0.1255196990694912
2018-04-04_18:00:00;0.33028113244902
2018-04-04_19:00:00;0.23683429023955652
2018-04-04_20:00:00;0.22802415363294398
2018-04-04_21:00:00;0.1730845377153039
2018-04-04_22:00:00;0.18966541278954663
2018-04-04_23:00:00;0.27093644822807367
2018-04-05_00:00:00;0.4414472381706593
2018-04-05_01:00:00;0.6590774104137794
2018-04-05_02:00:00;0.8022668778459711
2018-04-05_03:00:00;0.8783409225895862
2018-04-05_04:00:00;0.8922490595921599
2018-04-05_05:00:00;0.9052662839041774
2018-04-05_06:00:00;0.8863591368045931
2018-04-05_07:00:00;0.8222629182340131
2018-04-05_08:00:00;0.7509899029895071
2018-04-05_09:00:00;0.7456939219956444
2018-04-05_10:00:00;0.7595030686992674
2018-04-05_11:00:00;0.7446545238566621
2018-04-05_12:00:00;0.714511977826173
2018-04-05_13:00:00;0.7437636111661057
2018-04-05_14:00:00;0.6906553157790537
2018-04-05_15:00:00;0.6628390417739062
2018-04-05_16:00:00;0.6555632548010295
2018-04-05_17:00:00;0.6618491387843991
2018-04-05_18:00:00;0.6220550386062166
2018-04-05_19:00:00;0.5488022173826965
2018-04-05_20:00:00;0.4723322114432786
2018-04-05_21:00:00;0.5278162740051475
2018-04-05_22:00:00;0.5441001781825381
2018-04-05_23:00:00;0.5413284498119184
2018-04-06_00:00:00;0.5603840823599288
2018-04-06_01:00:00;0.5210354385270244
2018-04-06_02:00:00;0.46876856068105327
2018-04-06_03:00:00;0.4392199564442685
2018-04-06_04:00:00;0.3450801821421501
2018-04-06_05:00:00;0.22366858047911306
2018-04-06_06:00:00;0.17580677093644823
2018-04-06_07:00:00;0.12893486438329044
2018-04-06_08:00:00;0.11863987329241735
2018-04-06_09:00:00;0.1206196792714314
2018-04-06_10:00:00;0.13715105919619877
2018-04-06_11:00:00;0.15264304098198375
2018-04-06_12:00:00;0.17555929518907148
2018-04-06_13:00:00;0.2652445060384082
2018-04-06_14:00:00;0.4014551573945753
2018-04-06_15:00:00;0.5131162146109681
2018-04-06_16:00:00;0.6414571372005543
2018-04-06_17:00:00;0.7703920015838448
2018-04-06_18:00:00;0.8363690358344882
2018-04-06_19:00:00;0.8672540091071075
2018-04-06_20:00:00;0.8745297960799842
2018-04-06_21:00:00;0.8754702039200158
2018-04-06_22:00:00;0.8753712136210652
2018-04-06_23:00:00;0.876757077806375
2018-04-07_00:00:00;0.8908137002573748
2018-04-07_01:00:00;0.9014056622451
2018-04-07_02:00:00;0.9150168283508217
2018-04-07_03:00:00;0.9251138388437933
2018-04-07_04:00:00;0.9253118194416947
2018-04-07_05:00:00;0.9154622846960998
2018-04-07_06:00:00;0.8921995644426847
2018-04-07_07:00:00;0.8584933676499703
2018-04-07_08:00:00;0.8287962779647594
2018-04-07_09:00:00;0.7265392991486834
2018-04-07_10:00:00;0.5754306078004355
2018-04-07_11:00:00;0.41358146901603643
2018-04-07_12:00:00;0.34775292021381904
2018-04-07_13:00:00;0.3244407048109285
2018-04-07_14:00:00;0.3437438131063156
2018-04-07_15:00:00;0.4106612551969907
2018-04-07_16:00:00;0.45758265689962385
2018-04-07_17:00:00;0.4603543852702435
2018-04-07_18:00:00;0.4202138190457335
2018-04-07_19:00:00;0.35928529004157594
2018-04-07_20:00:00;0.30677093644822806
2018-04-07_21:00:00;0.28162740051474955
2018-04-07_22:00:00;0.2788556721441299
2018-04-07_23:00:00;0.23183528014254604
2018-04-08_00:00:00;0.2056028509206098
2018-04-08_01:00:00;0.14789150663235004
2018-04-08_02:00:00;0.10191051276974857
2018-04-08_03:00:00;0.08849732726192833
2018-04-08_04:00:00;0.08339932686596714
2018-04-08_05:00:00;0.08993268659671352
2018-04-08_06:00:00;0.09102157988517125
2018-04-08_07:00:00;0.08661651158186498
2018-04-08_08:00:00;0.07176796673925956
2018-04-08_09:00:00;0.060631558107305486
2018-04-08_10:00:00;0.04949514947535141
2018-04-08_11:00:00;0.04731736289843595
2018-04-08_12:00:00;0.05251435359334785
2018-04-08_13:00:00;0.04424866363096416
2018-04-08_14:00:00;0.0644921797663829
2018-04-08_15:00:00;0.1344783211245298
2018-04-08_16:00:00;0.16630370223718074
2018-04-08_17:00:00;0.1876361116610572
2018-04-08_18:00:00;0.1783805187091665
2018-04-08_19:00:00;0.15942387646010692
2018-04-08_20:00:00;0.1417046129479311
2018-04-08_21:00:00;0.10671154226885765
2018-04-08_22:00:00;0.06963967531181944
2018-04-08_23:00:00;0.04568402296574935
2018-04-09_00:00:00;0.06285883983369629
2018-04-09_01:00:00;0.10478123143931894
2018-04-09_02:00:00;0.16377944961393784
2018-04-09_03:00:00;0.2492080776083944
2018-04-09_04:00:00;0.28355771134428825
2018-04-09_05:00:00;0.31993664620867157
2018-04-09_06:00:00;0.2915759255592952
2018-04-09_07:00:00;0.300287071866957
2018-04-09_08:00:00;0.2715798851712532
2018-04-09_09:00:00;0.25074242724213025
2018-04-09_10:00:00;0.21960997822213424
2018-04-09_11:00:00;0.23396357156998615
2018-04-09_12:00:00;0.27464858443872503
2018-04-09_13:00:00;0.27662839041773907
2018-04-09_14:00:00;0.22856860027717285
2018-04-09_15:00:00;0.2188180558305286
2018-04-09_16:00:00;0.25782023361710554
2018-04-09_17:00:00;0.3413185507820234
2018-04-09_18:00:00;0.49861413581469016
2018-04-09_19:00:00;0.6110176202732133
2018-04-09_20:00:00;0.749851514551574
2018-04-09_21:00:00;0.8225598891308652
2018-04-09_22:00:00;0.8412195604830727
2018-04-09_23:00:00;0.8591862997426252
2018-04-10_00:00:00;0.8758661651158186
2018-04-10_01:00:00;0.8755691942189665
2018-04-10_02:00:00;0.8863096416551178
2018-04-10_03:00:00;0.9006137398534944
2018-04-10_04:00:00;0.9580776083943774
2018-04-10_05:00:00;0.903929914868343
2018-04-10_06:00:00;0.8566125519699069
2018-04-10_07:00:00;0.8196891704612947
2018-04-10_08:00:00;0.8866561077014452
2018-04-10_09:00:00;0.9344684220946348
2018-04-10_10:00:00;0.9253118194416947
2018-04-10_11:00:00;0.9124430805781033
2018-04-10_12:00:00;0.8650267273807167
2018-04-10_13:00:00;0.7842011482874678
2018-04-10_14:00:00;0.7507424272421303
2018-04-10_15:00:00;0.6735794892100574
2018-04-10_16:00:00;0.6673925955256385
2018-04-10_17:00:00;0.6853593347851911
2018-04-10_18:00:00;0.7695010888932885
2018-04-10_19:00:00;0.7948426054246683
2018-04-10_20:00:00;0.7935557315383093
2018-04-10_21:00:00;0.7682142150069293
2018-04-10_22:00:00;0.6918926945159375
2018-04-10_23:00:00;0.690853296376955
2018-04-11_00:00:00;0.7094139774302118
2018-04-11_01:00:00;0.7487131261136408
2018-04-11_02:00:00;0.8462680657295585
2018-04-11_03:00:00;0.870273213225104
2018-04-11_04:00:00;0.8680459314987131
2018-04-11_05:00:00;0.8684913878439913
2018-04-11_06:00:00;0.8702237180756286
2018-04-11_07:00:00;0.8675509800039596
2018-04-11_08:00:00;0.8672540091071075
2018-04-11_09:00:00;0.8587903385468224
2018-04-11_10:00:00;0.8985844387250049
2018-04-11_11:00:00;0.9013561670956246
2018-04-11_12:00:00;0.8925955256384874
2018-04-11_13:00:00;0.8914571372005543
2018-04-11_14:00:00;0.8521084933676499
2018-04-11_15:00:00;0.7893486438329044
2018-04-11_16:00:00;0.7886557117402495
2018-04-11_17:00:00;0.8081073054840625
2018-04-11_18:00:00;0.8093446842209463
2018-04-11_19:00:00;0.8117204513957632
2018-04-11_20:00:00;0.8082062957830133
2018-04-11_21:00:00;0.8012274797069887
2018-04-11_22:00:00;0.8437933082557909
2018-04-11_23:00:00;0.8831914472381707
2018-04-12_00:00:00;0.8980894872302514
2018-04-12_01:00:00;0.899425856266086
2018-04-12_02:00:00;0.9350128687388636
2018-04-12_03:00:00;0.9426351217580677
2018-04-12_04:00:00;0.9510987923183528
2018-04-12_05:00:00;0.9460997822213423
2018-04-12_06:00:00;0.8858641853098397
2018-04-12_07:00:00;0.8708176598693328
2018-04-12_08:00:00;0.8660661255196991
2018-04-12_09:00:00;0.8741338348841814
2018-04-12_10:00:00;0.8820530588002375
2018-04-12_11:00:00;0.8834389229855474
2018-04-12_12:00:00;0.8850227677687587
2018-04-12_13:00:00;0.8881409621857058
2018-04-12_14:00:00;0.8539398138982379
2018-04-12_15:00:00;0.8252326272025341
2018-04-12_16:00:00;0.8278558701247277
2018-04-12_17:00:00;0.7872698475549396
2018-04-12_18:00:00;0.8661651158186497
2018-04-12_19:00:00;0.890417739061572
2018-04-12_20:00:00;0.8902692536131459
2018-04-12_21:00:00;0.8542367847950901
2018-04-12_22:00:00;0.8753217184715898
2018-04-12_23:00:00;0.8799247673727975
2018-04-13_00:00:00;0.903236982775688
2018-04-13_01:00:00;0.9242724213027124
2018-04-13_02:00:00;0.8903187487626213
2018-04-13_03:00:00;0.8642843001385864
2018-04-13_04:00:00;0.7266877845971095
2018-04-13_05:00:00;0.44169471391803605
2018-04-13_06:00:00;0.4118986339338745
2018-04-13_07:00:00;0.4669867352999406
2018-04-13_08:00:00;0.47436151257176795
2018-04-13_09:00:00;0.36463076618491386
2018-04-13_10:00:00;0.31414571372005545
2018-04-13_11:00:00;0.2788556721441299
2018-04-13_12:00:00;0.21970896852108493
2018-04-13_13:00:00;0.25584042763809145
2018-04-13_14:00:00;0.21238368639873292
2018-04-13_15:00:00;0.16912492575727578
2018-04-13_16:00:00;0.20055434567412395
2018-04-13_17:00:00;0.1728865571174025
2018-04-13_18:00:00;0.1066620471193823
2018-04-13_19:00:00;0.10923579489210057
2018-04-13_20:00:00;0.1574935656305682
2018-04-13_21:00:00;0.19456543258760642
2018-04-13_22:00:00;0.20797861809542664
2018-04-13_23:00:00;0.21114630766184914
2018-04-14_00:00:00;0.20144525836468027
2018-04-14_01:00:00;0.19659473371609582
2018-04-14_02:00:00;0.20198970500890912
2018-04-14_03:00:00;0.24762423282518314
2018-04-14_04:00:00;0.321273015244506
2018-04-14_05:00:00;0.4029895070283112
2018-04-14_06:00:00;0.3899227875668185
2018-04-14_07:00:00;0.3756681845179172
2018-04-14_08:00:00;0.45490991882795484
2018-04-14_09:00:00;0.5062858839833696
2018-04-14_10:00:00;0.500692932092655
2018-04-14_11:00:00;0.48173628984359534
2018-04-14_12:00:00;0.48039992080776084
2018-04-14_13:00:00;0.42793506236388834
2018-04-14_14:00:00;0.36755098000395964
2018-04-14_15:00:00;0.36873886359136804
2018-04-14_16:00:00;0.3626509602058998
2018-04-14_17:00:00;0.31370025737477725
2018-04-14_18:00:00;0.2989507028311226
2018-04-14_19:00:00;0.24505048505246485
2018-04-14_20:00:00;0.20476143337952882
2018-04-14_21:00:00;0.18570580083151852
2018-04-14_22:00:00;0.1973371609582261
2018-04-14_23:00:00;0.16467036230449417
2018-04-15_00:00:00;0.11492773708176598
2018-04-15_01:00:00;0.0874084339734706
2018-04-15_02:00:00;0.08008315185111858
2018-04-15_03:00:00;0.07651950108889329
2018-04-15_04:00:00;0.06261136408631954
2018-04-15_05:00:00;0.060780043555731536
2018-04-15_06:00:00;0.05800831518511186
2018-04-15_07:00:00;0.05672144129875272
2018-04-15_08:00:00;0.0736487824193229
2018-04-15_09:00:00;0.09557513363690358
2018-04-15_10:00:00;0.0944367451989705
2018-04-15_11:00:00;0.1031973866561077
2018-04-15_12:00:00;0.09206097802415364
2018-04-15_13:00:00;0.08290437537121362
2018-04-15_14:00:00;0.08018214215006929
2018-04-15_15:00:00;0.07582656899623837
2018-04-15_16:00:00;0.07943971490793902
2018-04-15_17:00:00;0.08894278360720649
2018-04-15_18:00:00;0.09201148287467828
2018-04-15_19:00:00;0.0964660463274599
2018-04-15_20:00:00;0.14615917640071274
2018-04-15_21:00:00;0.17917244110077213
2018-04-15_22:00:00;0.20000989902989508
2018-04-15_23:00:00;0.23945753316175014
2018-04-16_00:00:00;0.2414373391407642
2018-04-16_01:00:00;0.24688180558305287
2018-04-16_02:00:00;0.16907543060780045
2018-04-16_03:00:00;0.18996238368639873
2018-04-16_04:00:00;0.14670362304494158
2018-04-16_05:00:00;0.1748168679469412
2018-04-16_06:00:00;0.19738665610770145
2018-04-16_07:00:00;0.19664422886557117
2018-04-16_08:00:00;0.19867352999406057
2018-04-16_09:00:00;0.1835775094040784
2018-04-16_10:00:00;0.1499703029103148
2018-04-16_11:00:00;0.13566620471193824
2018-04-16_12:00:00;0.1830825579093249
2018-04-16_13:00:00;0.1819441694713918
2018-04-16_14:00:00;0.24252623242922194
2018-04-16_15:00:00;0.24514947535141557
2018-04-16_16:00:00;0.24193229063551772
2018-04-16_17:00:00;0.19743615125717678
2018-04-16_18:00:00;0.20228667590576124
2018-04-16_19:00:00;0.1502672738071669
2018-04-16_20:00:00;0.1394773312215403
2018-04-16_21:00:00;0.14422886557117404
2018-04-16_22:00:00;0.1570976044347654
2018-04-16_23:00:00;0.18234013066719462
2018-04-17_00:00:00;0.18649772322312413
2018-04-17_01:00:00;0.20451395763215205
2018-04-17_02:00:00;0.22559889130865174
2018-04-17_03:00:00;0.25683033062759847
2018-04-17_04:00:00;0.2865769154622847
2018-04-17_05:00:00;0.30558305286081966
2018-04-17_06:00:00;0.346763017224312
2018-04-17_07:00:00;0.38150861215600873
2018-04-17_08:00:00;0.41897644030884973
2018-04-17_09:00:00;0.400415759255593
2018-04-17_10:00:00;0.391556127499505
2018-04-17_11:00:00;0.4355078202336171
2018-04-17_12:00:00;0.4644129875272223
2018-04-17_13:00:00;0.43728964561472977
2018-04-17_14:00:00;0.40125717679667394
2018-04-17_15:00:00;0.38180558305286083
2018-04-17_16:00:00;0.3911106711542269
2018-04-17_17:00:00;0.3927935062363888
2018-04-17_18:00:00;0.37250049495149473
2018-04-17_19:00:00;0.343941793704217
2018-04-17_20:00:00;0.3220154424866363
2018-04-17_21:00:00;0.3493367649970303
2018-04-17_22:00:00;0.41021579885171255
2018-04-17_23:00:00;0.44421896654127896
2018-04-18_00:00:00;0.4834686200752326
2018-04-18_01:00:00;0.5367254009107107
2018-04-18_02:00:00;0.5426153236982776
2018-04-18_03:00:00;0.5401900613739854
2018-04-18_04:00:00;0.5559295189071471
2018-04-18_05:00:00;0.5424668382498515
2018-04-18_06:00:00;0.4720352405464264
2018-04-18_07:00:00;0.393238962581667
2018-04-18_08:00:00;0.34849534745594934
2018-04-18_09:00:00;0.3499307067907345
2018-04-18_10:00:00;0.39170461294793113
2018-04-18_11:00:00;0.3336468026133439
2018-04-18_12:00:00;0.2531676895664225
2018-04-18_13:00:00;0.2207483666600673
2018-04-18_14:00:00;0.18595327657889527
2018-04-18_15:00:00;0.13051870916650168
2018-04-18_16:00:00;0.09245693921995644
2018-04-18_17:00:00;0.08537913284498119
2018-04-18_18:00:00;0.07226291823401307
2018-04-18_19:00:00;0.07795486042367848
2018-04-18_20:00:00;0.08651752128291428
2018-04-18_21:00:00;0.09562462878637894
2018-04-18_22:00:00;0.13056820431597704
2018-04-18_23:00:00;0.1956048307265888
2018-04-19_00:00:00;0.32686596713522076
2018-04-19_01:00:00;0.4276875866165116
2018-04-19_02:00:00;0.49757473767570776
2018-04-19_03:00:00;0.4817857849930707
2018-04-19_04:00:00;0.42857849930706793
2018-04-19_05:00:00;0.3800732528212235
2018-04-19_06:00:00;0.3726489803999208
2018-04-19_07:00:00;0.3876460106909523
2018-04-19_08:00:00;0.39259552563848743
2018-04-19_09:00:00;0.3482478717085726
2018-04-19_10:00:00;0.3024648584438725
2018-04-19_11:00:00;0.2592555929518907
2018-04-19_12:00:00;0.22579687190655315
2018-04-19_13:00:00;0.2029301128489408
2018-04-19_14:00:00;0.19981191843199367
2018-04-19_15:00:00;0.23505246485844386
2018-04-19_16:00:00;0.260839437735102
2018-04-19_17:00:00;0.2725697881607602
2018-04-19_18:00:00;0.3014749554543655
2018-04-19_19:00:00;0.385913680459315
2018-04-19_20:00:00;0.46490793902197586
2018-04-19_21:00:00;0.6157196594733716
2018-04-19_22:00:00;0.6820926549198179
2018-04-19_23:00:00;0.6975351415561275
2018-04-20_00:00:00;0.7112452979607998
2018-04-20_01:00:00;0.7016432389625816
2018-04-20_02:00:00;0.6084933676499703
2018-04-20_03:00:00;0.5479607998416155
2018-04-20_04:00:00;0.5438527024351614
2018-04-20_05:00:00;0.5069788160760246
2018-04-20_06:00:00;0.40878043951692733
2018-04-20_07:00:00;0.3460700851316571
2018-04-20_08:00:00;0.34641655117798453
2018-04-20_09:00:00;0.27949910908730946
2018-04-20_10:00:00;0.20396951098792318
2018-04-20_11:00:00;0.13378538903187487
2018-04-20_12:00:00;0.1470005939417937
2018-04-20_13:00:00;0.21896654127895465
2018-04-20_14:00:00;0.2955355375173233
2018-04-20_15:00:00;0.2653929914868343
2018-04-20_16:00:00;0.2736091862997426
2018-04-20_17:00:00;0.2569788160760246
2018-04-20_18:00:00;0.23168679469411999
2018-04-20_19:00:00;0.21624430805781034
2018-04-20_20:00:00;0.271975846367056
2018-04-20_21:00:00;0.33122154028905165
2018-04-20_22:00:00;0.41358146901603643
2018-04-20_23:00:00;0.39848544842605427
2018-04-21_00:00:00;0.39734705998812114
2018-04-21_01:00:00;0.3375074242724213
2018-04-21_02:00:00;0.27054048703227085
2018-04-21_03:00:00;0.23134032864779253
2018-04-21_04:00:00;0.19565432587606416
2018-04-21_05:00:00;0.1957038210255395
2018-04-21_06:00:00;0.19352603444862404
2018-04-21_07:00:00;0.16882795486042368
2018-04-21_08:00:00;0.1409126905563255
2018-04-21_09:00:00;0.11740249455553356
2018-04-21_10:00:00;0.10443476539299149
2018-04-21_11:00:00;0.10770144525836468
2018-04-21_12:00:00;0.0941397743021184
2018-04-21_13:00:00;0.0873094436745199
2018-04-21_14:00:00;0.07468818055830528
2018-04-21_15:00:00;0.05518709166501683
2018-04-21_16:00:00;0.047762819243714116
2018-04-21_17:00:00;0.039744605028707185
2018-04-21_18:00:00;0.0314789150663235
2018-04-21_19:00:00;0.024252623242922194
2018-04-21_20:00:00;0.022421302712334192
2018-04-21_21:00:00;0.02128291427440111
2018-04-21_22:00:00;0.01227479706988715
2018-04-21_23:00:00;0.013363690358344883
2018-04-22_00:00:00;0.02054048703227084
2018-04-22_01:00:00;0.029301128489408038
2018-04-22_02:00:00;0.03712136210651356
2018-04-22_03:00:00;0.04885171253217185
2018-04-22_04:00:00;0.08028113244901999
2018-04-22_05:00:00;0.10374183330033657
2018-04-22_06:00:00;0.14610968125123738
2018-04-22_07:00:00;0.2009998020194021
2018-04-22_08:00:00;0.22985547416353197
2018-04-22_09:00:00;0.2875173233023164
2018-04-22_10:00:00;0.3442387646010691
2018-04-22_11:00:00;0.41392793506236386
2018-04-22_12:00:00;0.5200455355375173
2018-04-22_13:00:00;0.5763215204909918
2018-04-22_14:00:00;0.5941397743021184
2018-04-22_15:00:00;0.6081469016036428
2018-04-22_16:00:00;0.6000791922391605
2018-04-22_17:00:00;0.5369233815086122
2018-04-22_18:00:00;0.48579489210057414
2018-04-22_19:00:00;0.4828746782815284
2018-04-22_20:00:00;0.5248465650366264
2018-04-22_21:00:00;0.6191348247871709
2018-04-22_22:00:00;0.7951395763215204
2018-04-22_23:00:00;0.5984953474559493
2018-04-23_00:00:00;0.3636903583448822
2018-04-23_01:00:00;0.18620075232627203
2018-04-23_02:00:00;0.20634527816274006
2018-04-23_03:00:00;0.2871708572559889
2018-04-23_04:00:00;0.5419223916056226
2018-04-23_05:00:00;0.5932488616115621
2018-04-23_06:00:00;0.5352405464264502
2018-04-23_07:00:00;0.5068798257770738
2018-04-23_08:00:00;0.5491981785784993
2018-04-23_09:00:00;0.6470995842407444
2018-04-23_10:00:00;0.7113442882597505
2018-04-23_11:00:00;0.6380914670362304
2018-04-23_12:00:00;0.6291823401306672
2018-04-23_13:00:00;0.6495248465650366
2018-04-23_14:00:00;0.677044149673332
2018-04-23_15:00:00;0.6951098792318353
2018-04-23_16:00:00;0.7022866759057612
2018-04-23_17:00:00;0.7235695901801623
2018-04-23_18:00:00;0.6830330627598495
2018-04-23_19:00:00;0.7324787170857257
2018-04-23_20:00:00;0.6686299742625222
2018-04-23_21:00:00;0.6792714313997228
2018-04-23_22:00:00;0.6874381310631558
2018-04-23_23:00:00;0.6987230251435359
2018-04-24_00:00:00;0.8138982379726787
2018-04-24_01:00:00;0.8577509404078401
2018-04-24_02:00:00;0.8780934468422095
2018-04-24_03:00:00;0.9087804395169273
2018-04-24_04:00:00;0.8940803801227479
2018-04-24_05:00:00;0.8750742427242131
2018-04-24_06:00:00;0.8104830726588794
2018-04-24_07:00:00;0.8224114036824391
2018-04-24_08:00:00;0.849435755295981
2018-04-24_09:00:00;0.836468026133439
2018-04-24_10:00:00;0.8053355771134428
2018-04-24_11:00:00;0.8064244704019006
2018-04-24_12:00:00;0.8118194416947139
2018-04-24_13:00:00;0.7680657295585033
2018-04-24_14:00:00;0.71901603642843
2018-04-24_15:00:00;0.6097802415363295
2018-04-24_16:00:00;0.5393981389823798
2018-04-24_17:00:00;0.46777865769154625
2018-04-24_18:00:00;0.424222926153237
2018-04-24_19:00:00;0.41937240150465255
2018-04-24_20:00:00;0.35883983369629774
2018-04-24_21:00:00;0.27024351613541875
2018-04-24_22:00:00;0.19748564640665214
2018-04-24_23:00:00;0.23985349435755296
2018-04-25_00:00:00;0.3077608394377351
2018-04-25_01:00:00;0.37769748564640665
2018-04-25_02:00:00;0.4966343298356761
2018-04-25_03:00:00;0.5775094040784003
2018-04-25_04:00:00;0.6086418530983964
2018-04-25_05:00:00;0.6521480894872302
2018-04-25_06:00:00;0.5750346466046328
2018-04-25_07:00:00;0.5612749950504851
2018-04-25_08:00:00;0.45837457929122943
2018-04-25_09:00:00;0.37863789348643834
2018-04-25_10:00:00;0.353939813898238
2018-04-25_11:00:00;0.3314690160364284
2018-04-25_12:00:00;0.337457929122946
2018-04-25_13:00:00;0.41269055632548013
2018-04-25_14:00:00;0.41947139180360327
2018-04-25_15:00:00;0.41754108097406456
2018-04-25_16:00:00;0.4599089289249654
2018-04-25_17:00:00;0.5505345476143338
2018-04-25_18:00:00;0.6084438725004949
2018-04-25_19:00:00;0.5828053850722629
2018-04-25_20:00:00;0.5121758067709364
2018-04-25_21:00:00;0.48485448426054245
2018-04-25_22:00:00;0.4551078994258563
2018-04-25_23:00:00;0.43788358740843397
2018-04-26_00:00:00;0.44159572361908533
2018-04-26_01:00:00;0.4780736487824193
2018-04-26_02:00:00;0.4872302514353593
2018-04-26_03:00:00;0.503662641061176
2018-04-26_04:00:00;0.5323698277568798
2018-04-26_05:00:00;0.5023262720253415
2018-04-26_06:00:00;0.5175707780637497
2018-04-26_07:00:00;0.5776578895268264
2018-04-26_08:00:00;0.5531577905365275
2018-04-26_09:00:00;0.5323203326074045
2018-04-26_10:00:00;0.5854781231439319
2018-04-26_11:00:00;0.6541278954662443
2018-04-26_12:00:00;0.7031775885963175
2018-04-26_13:00:00;0.7178776479904969
2018-04-26_14:00:00;0.7514848544842605
2018-04-26_15:00:00;0.7599485250445457
2018-04-26_16:00:00;0.7770243516135419
2018-04-26_17:00:00;0.7512373787368838
2018-04-26_18:00:00;0.7655909720847357
2018-04-26_19:00:00;0.8109285290041576
2018-04-26_20:00:00;0.829291229459513
2018-04-26_21:00:00;0.8133537913284498
2018-04-26_22:00:00;0.8268164719857454
2018-04-26_23:00:00;0.804791130469214
2018-04-27_00:00:00;0.7590576123539893
2018-04-27_01:00:00;0.7097109483270639
2018-04-27_02:00:00;0.6738269649574342
2018-04-27_03:00:00;0.5975054444664423
2018-04-27_04:00:00;0.5365769154622847
2018-04-27_05:00:00;0.4825777073846763
2018-04-27_06:00:00;0.395070283112255
2018-04-27_07:00:00;0.30192041179964363
2018-04-27_08:00:00;0.2366363096416551
2018-04-27_09:00:00;0.19506038408235993
2018-04-27_10:00:00;0.14987131261136408
2018-04-27_11:00:00;0.12047119382300535
2018-04-27_12:00:00;0.07810334587210453
2018-04-27_13:00:00;0.05691942189665413
2018-04-27_14:00:00;0.038655711740249454
2018-04-27_15:00:00;0.016679865373193426
2018-04-27_16:00:00;0.012621263116214611
2018-04-27_17:00:00;0.010542466838249852
2018-04-27_18:00:00;0.008166699663432983
2018-04-27_19:00:00;0.008463670560285092
2018-04-27_20:00:00;0.01608592357948921
2018-04-27_21:00:00;0.03553751732330231
2018-04-27_22:00:00;0.06696693724015046
2018-04-27_23:00:00;0.12933082557909326
2018-04-28_00:00:00;0.2156503662641061
2018-04-28_01:00:00;0.27336171055236586
2018-04-28_02:00:00;0.2951395763215205
2018-04-28_03:00:00;0.2737576717481687
2018-04-28_04:00:00;0.27400514749554544
2018-04-28_05:00:00;0.277321322510394
2018-04-28_06:00:00;0.2499010097010493
2018-04-28_07:00:00;0.19892100574143734
2018-04-28_08:00:00;0.13913086517521284
2018-04-28_09:00:00;0.1258166699663433
2018-04-28_10:00:00;0.15100970104929717
2018-04-28_11:00:00;0.17961789744605028
2018-04-28_12:00:00;0.18941793704216986
2018-04-28_13:00:00;0.20268263710156403
2018-04-28_14:00:00;0.22703425064343694
2018-04-28_15:00:00;0.2605919619877252
2018-04-28_16:00:00;0.27459908928924964
2018-04-28_17:00:00;0.27613343892298553
2018-04-28_18:00:00;0.2707879627796476
2018-04-28_19:00:00;0.21134428825975055
2018-04-28_20:00:00;0.16521480894872304
2018-04-28_21:00:00;0.14274401108691348
2018-04-28_22:00:00;0.1375470203920016
2018-04-28_23:00:00;0.13239952484656503
2018-04-29_00:00:00;0.15600871114630765
2018-04-29_01:00:00;0.15774104137794495
2018-04-29_02:00:00;0.13819045733518115
2018-04-29_03:00:00;0.13086517521282914
2018-04-29_04:00:00;0.127746980795882
2018-04-29_05:00:00;0.13398336962977628
2018-04-29_06:00:00;0.11948129083349832
2018-04-29_07:00:00;0.0927044149673332
2018-04-29_08:00:00;0.10200950306869927
2018-04-29_09:00:00;0.08646802613343892
2018-04-29_10:00:00;0.07444070481092853
2018-04-29_11:00:00;0.09171451197782618
2018-04-29_12:00:00;0.13180558305286083
2018-04-29_13:00:00;0.13606216590774103
2018-04-29_14:00:00;0.11863987329241735
2018-04-29_15:00:00;0.1993664620867155
2018-04-29_16:00:00;0.3120669174420907
2018-04-29_17:00:00;0.42635121758067707
2018-04-29_18:00:00;0.5087606414571372
2018-04-29_19:00:00;0.6176499703029104
2018-04-29_20:00:00;0.6894179370421699
2018-04-29_21:00:00;0.7676697683627004
2018-04-29_22:00:00;0.8486933280538507
2018-04-29_23:00:00;0.9075430607800435
2018-04-30_00:00:00;0.9232330231637299
2018-04-30_01:00:00;0.926895664224906
2018-04-30_02:00:00;0.9316471985745397
2018-04-30_03:00:00;0.9357058008315186
2018-04-30_04:00:00;0.893238962581667
2018-04-30_05:00:00;0.8861611562066918
2018-04-30_06:00:00;0.8286477925163334
2018-04-30_07:00:00;0.9226390813700257
2018-04-30_08:00:00;0.9156107701445259
2018-04-30_09:00:00;0.875915660265294
2018-04-30_10:00:00;0.792664818847753
2018-04-30_11:00:00;0.673381508612156
2018-04-30_12:00:00;0.681399722827163
2018-04-30_13:00:00;0.6619481290833499
2018-04-30_14:00:00;0.7178281528410215
2018-04-30_15:00:00;0.7000098990298951
2018-04-30_16:00:00;0.6778360720649377
2018-04-30_17:00:00;0.6513066719461493
2018-04-30_18:00:00;0.6589784201148288
2018-04-30_19:00:00;0.7164422886557117
2018-04-30_20:00:00;0.7181251237378737
2018-04-30_21:00:00;0.5651851118590379
2018-04-30_22:00:00;0.4121956048307266
2018-04-30_23:00:00;0.3093941793704217
2018-05-01_00:00:00;0.2715798851712532
2018-05-01_01:00:00;0.3288457731142348
2018-05-01_02:00:00;0.35384082359928726
2018-05-01_03:00:00;0.32364878241932293
2018-05-01_04:00:00;0.3442387646010691
2018-05-01_05:00:00;0.2944466442288656
2018-05-01_06:00:00;0.2204513957632152
2018-05-01_07:00:00;0.17437141160166303
2018-05-01_08:00:00;0.1482379726786775
2018-05-01_09:00:00;0.16437339140764204
2018-05-01_10:00:00;0.31850128687388635
2018-05-01_11:00:00;0.33132053058800237
2018-05-01_12:00:00;0.3858146901603643
2018-05-01_13:00:00;0.4376856068105326
2018-05-01_14:00:00;0.5316274005147495
2018-05-01_15:00:00;0.6355672144129876
2018-05-01_16:00:00;0.6943179568402297
2018-05-01_17:00:00;0.836468026133439
2018-05-01_18:00:00;0.8261235398930905
2018-05-01_19:00:00;0.7665313799247674
2018-05-01_20:00:00;0.7151059196198772
2018-05-01_21:00:00;0.7182736091862998
2018-05-01_22:00:00;0.6545733518115224
2018-05-01_23:00:00;0.6394773312215403
2018-05-02_00:00:00;0.6530390021777865
2018-05-02_01:00:00;0.6660067313403286
2018-05-02_02:00:00;0.6479410017818253
2018-05-02_03:00:00;0.6270540487032271
2018-05-02_04:00:00;0.6172540091071075
2018-05-02_05:00:00;0.5269253613145912
2018-05-02_06:00:00;0.5285587012472778
2018-05-02_07:00:00;0.5302415363294397
2018-05-02_08:00:00;0.46357156998614135
2018-05-02_09:00:00;0.4449118986339339
2018-05-02_10:00:00;0.48242922193625026
2018-05-02_11:00:00;0.45634527816274006
2018-05-02_12:00:00;0.5109384280340526
2018-05-02_13:00:00;0.4825282122352009
2018-05-02_14:00:00;0.44807958820035637
2018-05-02_15:00:00;0.39309047713324097
2018-05-02_16:00:00;0.3668580479113047
2018-05-02_17:00:00;0.3691843199366462
2018-05-02_18:00:00;0.42546030489012077
2018-05-02_19:00:00;0.4767867748960602
2018-05-02_20:00:00;0.5338546822411404
2018-05-02_21:00:00;0.5529103147891506
2018-05-02_22:00:00;0.5377647990496931
2018-05-02_23:00:00;0.5570679073450802
2018-05-03_00:00:00;0.5828548802217383
2018-05-03_01:00:00;0.5838942783607206
2018-05-03_02:00:00;0.5664719857453969
2018-05-03_03:00:00;0.5140566224509998
2018-05-03_04:00:00;0.34844585230647396
2018-05-03_05:00:00;0.19708968521084932
2018-05-03_06:00:00;0.08869530785982974
2018-05-03_07:00:00;0.06736289843595328
2018-05-03_08:00:00;0.08978420114828747
2018-05-03_09:00:00;0.15289051672936052
2018-05-03_10:00:00;0.1905068303306276
2018-05-03_11:00:00;0.2757374777271827
2018-05-03_12:00:00;0.2938527024351614
2018-05-03_13:00:00;0.21792714313997227
2018-05-03_14:00:00;0.14675311819441694
2018-05-03_15:00:00;0.10171253217184716
2018-05-03_16:00:00;0.07399524846565037
2018-05-03_17:00:00;0.05627598495347456
2018-05-03_18:00:00;0.050980003959611955
2018-05-03_19:00:00;0.04578301326470006
2018-05-03_20:00:00;0.04202138190457335
2018-05-03_21:00:00;0.0612254999010097
2018-05-03_22:00:00;0.07572757869728766
2018-05-03_23:00:00;0.06681845179172441
2018-05-04_00:00:00;0.05434567412393585
2018-05-04_01:00:00;0.05365274203128093
2018-05-04_02:00:00;0.039398138982379725
2018-05-04_03:00:00;0.019501088893288457
2018-05-04_04:00:00;0.011977826173035043
2018-05-04_05:00:00;0.02514353593347852
2018-05-04_06:00:00;0.029499109087309443
2018-05-04_07:00:00;0.044496139378340925
2018-05-04_08:00:00;0.06087903385468224
2018-05-04_09:00:00;0.06968917046129479
2018-05-04_10:00:00;0.07305484062561869
2018-05-04_11:00:00;0.06770936448228074
2018-05-04_12:00:00;0.05365274203128093
2018-05-04_13:00:00;0.04850524648584439
2018-05-04_14:00:00;0.037566818451791724
2018-05-04_15:00:00;0.029548604236784796
2018-05-04_16:00:00;0.025094040784003166
2018-05-04_17:00:00;0.021431399722827163
2018-05-04_18:00:00;0.019847554939615916
2018-05-04_19:00:00;0.019451593743813108
2018-05-04_20:00:00;0.019006137398534944
2018-05-04_21:00:00;0.022965749356563057
2018-05-04_22:00:00;0.025638487428232035
2018-05-04_23:00:00;0.02860819639675312
2018-05-05_00:00:00;0.025490001979805978
2018-05-05_01:00:00;0.03430013858641853
2018-05-05_02:00:00;0.049544644624826766
2018-05-05_03:00:00;0.05795882003563651
2018-05-05_04:00:00;0.04781231439318947
2018-05-05_05:00:00;0.03430013858641853
2018-05-05_06:00:00;0.03405266283904177
2018-05-05_07:00:00;0.04251633339932687
2018-05-05_08:00:00;0.04924767372797466
2018-05-05_09:00:00;0.04291229459512968
2018-05-05_10:00:00;0.02657889526826371
2018-05-05_11:00:00;0.01890714709958424
2018-05-05_12:00:00;0.02103543852702435
2018-05-05_13:00:00;0.02484656503662641
2018-05-05_14:00:00;0.036873886359136805
2018-05-05_15:00:00;0.053553751732330235
2018-05-05_16:00:00;0.07736091862997427
2018-05-05_17:00:00;0.08275588992278757
2018-05-05_18:00:00;0.07226291823401307
2018-05-05_19:00:00;0.07087705404870323
2018-05-05_20:00:00;0.09008117204513957
2018-05-05_21:00:00;0.131409621857058
2018-05-05_22:00:00;0.16313601267075828
2018-05-05_23:00:00;0.22050089091269057
2018-05-06_00:00:00;0.29048703227083744
2018-05-06_01:00:00;0.29825777073846765
2018-05-06_02:00:00;0.2614828746782815
2018-05-06_03:00:00;0.1956048307265888
2018-05-06_04:00:00;0.14962383686398734
2018-05-06_05:00:00;0.09715897842011482
2018-05-06_06:00:00;0.08622055038606216
2018-05-06_07:00:00;0.0945357354979212
2018-05-06_08:00:00;0.07058008315185112
2018-05-06_09:00:00;0.06162146109681251
2018-05-06_10:00:00;0.05291031478915066
2018-05-06_11:00:00;0.05266283904177391
2018-05-06_12:00:00;0.07696495743417145
2018-05-06_13:00:00;0.13363690358344882
2018-05-06_14:00:00;0.18941793704216986
2018-05-06_15:00:00;0.23341912492575728
2018-05-06_16:00:00;0.28682439120966147
2018-05-06_17:00:00;0.3434468422094635
2018-05-06_18:00:00;0.35092060978024153
2018-05-06_19:00:00;0.34611958028113243
2018-05-06_20:00:00;0.35864185309839636
2018-05-06_21:00:00;0.40571174024945555
2018-05-06_22:00:00;0.47936052266877843
2018-05-06_23:00:00;0.5860225697881608
2018-05-07_00:00:00;0.6138388437933082
2018-05-07_01:00:00;0.6009701049297169
2018-05-07_02:00:00;0.5275687982577707
2018-05-07_03:00:00;0.48049891110671156
2018-05-07_04:00:00;0.4074440704810929
2018-05-07_05:00:00;0.35002969708968523
2018-05-07_06:00:00;0.2693526034448624
2018-05-07_07:00:00;0.20307859829736685
2018-05-07_08:00:00;0.15115818649772322
2018-05-07_09:00:00;0.12210453375569194
2018-05-07_10:00:00;0.10067313403286478
2018-05-07_11:00:00;0.08409225895862206
2018-05-07_12:00:00;0.07260938428034053
2018-05-07_13:00:00;0.09948525044545635
2018-05-07_14:00:00;0.1378439912888537
2018-05-07_15:00:00;0.19228865571174025
2018-05-07_16:00:00;0.21941199762423283
2018-05-07_17:00:00;0.2182241140368244
2018-05-07_18:00:00;0.21619481290833498
2018-05-07_19:00:00;0.23035042565828548
2018-05-07_20:00:00;0.2928627994456543
2018-05-07_21:00:00;0.3721540289051673
2018-05-07_22:00:00;0.43219164521876857
2018-05-07_23:00:00;0.48435953276578897
2018-05-08_00:00:00;0.5055929518907147
2018-05-08_01:00:00;0.5189566422490596
2018-05-08_02:00:00;0.5053949712928133
2018-05-08_03:00:00;0.4579291229459513
2018-05-08_04:00:00;0.4529301128489408
2018-05-08_05:00:00;0.4879231835280143
2018-05-08_06:00:00;0.5227677687586616
2018-05-08_07:00:00;0.5178677489606018
2018-05-08_08:00:00;0.5078202336171055
2018-05-08_09:00:00;0.48173628984359534
2018-05-08_10:00:00;0.4802514353593348
2018-05-08_11:00:00;0.4634230845377153
2018-05-08_12:00:00;0.44238764601069097
2018-05-08_13:00:00;0.44248663630964163
2018-05-08_14:00:00;0.4597604434765393
2018-05-08_15:00:00;0.45535537517323305
2018-05-08_16:00:00;0.47119382300534546
2018-05-08_17:00:00;0.44228865571174025
2018-05-08_18:00:00;0.4828746782815284
2018-05-08_19:00:00;0.5140071273015244
2018-05-08_20:00:00;0.5191051276974856
2018-05-08_21:00:00;0.5642447040190062
2018-05-08_22:00:00;0.6116115620669175
2018-05-08_23:00:00;0.62957830132647
2018-05-09_00:00:00;0.6617996436349238
2018-05-09_01:00:00;0.6596218570580084
2018-05-09_02:00:00;0.6079489210057414
2018-05-09_03:00:00;0.543803207285686
2018-05-09_04:00:00;0.5150465254405068
2018-05-09_05:00:00;0.4789150663235003
2018-05-09_06:00:00;0.44164521876856067
2018-05-09_07:00:00;0.4212532171847159
2018-05-09_08:00:00;0.4037319342704415
2018-05-09_09:00:00;0.3892793506236389
2018-05-09_10:00:00;0.37992476737279746
2018-05-09_11:00:00;0.3731439318946743
2018-05-09_12:00:00;0.3919025935458325
2018-05-09_13:00:00;0.3817065927539101
2018-05-09_14:00:00;0.3273114234804989
2018-05-09_15:00:00;0.279152643040982
2018-05-09_16:00:00;0.2534646604632746
2018-05-09_17:00:00;0.21901603642843
2018-05-09_18:00:00;0.21619481290833498
2018-05-09_19:00:00;0.24406058206295783
2018-05-09_20:00:00;0.3550287071866957
2018-05-09_21:00:00;0.4999010097010493
2018-05-09_22:00:00;0.572955850326668
2018-05-09_23:00:00;0.5437042169867353
2018-05-10_00:00:00;0.5128687388635914
2018-05-10_01:00:00;0.45347455949316967
2018-05-10_02:00:00;0.3676499703029103
2018-05-10_03:00:00;0.2948921005741437
2018-05-10_04:00:00;0.2742526232429222
2018-05-10_05:00:00;0.2892001583844783
2018-05-10_06:00:00;0.3333993268659671
2018-05-10_07:00:00;0.26603642843001385
2018-05-10_08:00:00;0.2049594139774302
2018-05-10_09:00:00;0.1859037814294199
2018-05-10_10:00:00;0.30073252821223523
2018-05-10_11:00:00;0.4112057018412196
2018-05-10_12:00:00;0.4277865769154623
2018-05-10_13:00:00;0.47782617303504255
2018-05-10_14:00:00;0.45297960799841613
2018-05-10_15:00:00;0.4579291229459513
2018-05-10_16:00:00;0.400564244704019
2018-05-10_17:00:00;0.30548406256186894
2018-05-10_18:00:00;0.3053355771134429
2018-05-10_19:00:00;0.2886062165907741
2018-05-10_20:00:00;0.29528806176994654
2018-05-10_21:00:00;0.26633339932686595
2018-05-10_22:00:00;0.260839437735102
2018-05-10_23:00:00;0.2170857255988913
2018-05-11_00:00:00;0.15204909918827955
2018-05-11_01:00:00;0.10562264898039993
2018-05-11_02:00:00;0.08468620075232627
2018-05-11_03:00:00;0.07518313205305881
2018-05-11_04:00:00;0.06028509206097803
2018-05-11_05:00:00;0.0735497921203722
2018-05-11_06:00:00;0.07463868540882994
2018-05-11_07:00:00;0.07478717085725599
2018-05-11_08:00:00;0.058948723025143535
2018-05-11_09:00:00;0.04469411997624233
2018-05-11_10:00:00;0.03464660463274599
2018-05-11_11:00:00;0.019501088893288457
2018-05-11_12:00:00;0.020342506434369433
2018-05-11_13:00:00;0.033607206493763614
2018-05-11_14:00:00;0.040487032270837456
2018-05-11_15:00:00;0.04568402296574935
2018-05-11_16:00:00;0.06216590774104138
2018-05-11_17:00:00;0.0804791130469214
2018-05-11_18:00:00;0.09557513363690358
2018-05-11_19:00:00;0.11136408631954069
2018-05-11_20:00:00;0.12349039794100178
2018-05-11_21:00:00;0.17179766382894476
2018-05-11_22:00:00;0.19402098594337755
2018-05-11_23:00:00;0.21164125915660265
2018-05-12_00:00:00;0.24425856266085924
2018-05-12_01:00:00;0.2665313799247674
2018-05-12_02:00:00;0.26564046723421103
2018-05-12_03:00:00;0.2218867550980004
2018-05-12_04:00:00;0.19174420906751138
2018-05-12_05:00:00;0.16991684814888142
2018-05-12_06:00:00;0.16986735299940606
2018-05-12_07:00:00;0.2027321322510394
2018-05-12_08:00:00;0.22129281330429618
2018-05-12_09:00:00;0.21758067709364481
2018-05-12_10:00:00;0.21763017224312017
2018-05-12_11:00:00;0.24396159176400714
2018-05-12_12:00:00;0.2836072064937636
2018-05-12_13:00:00;0.31889724806968917
2018-05-12_14:00:00;0.354088299346664
2018-05-12_15:00:00;0.42927143139972285
2018-05-12_16:00:00;0.46654127895466246
2018-05-12_17:00:00;0.4548109285290042
2018-05-12_18:00:00;0.5042070877054049
2018-05-12_19:00:00;0.5779548604236785
2018-05-12_20:00:00;0.633240942387646
2018-05-12_21:00:00;0.6681845179172441
2018-05-12_22:00:00;0.6695703821025539
2018-05-12_23:00:00;0.7250544446644229
2018-05-13_00:00:00;0.7435656305682043
2018-05-13_01:00:00;0.7158978420114829
2018-05-13_02:00:00;0.7216887745000989
2018-05-13_03:00:00;0.7447040190061374
2018-05-13_04:00:00;0.7461393783409226
2018-05-13_05:00:00;0.72253019204118
2018-05-13_06:00:00;0.7064937636111661
2018-05-13_07:00:00;0.6424470401900614
2018-05-13_08:00:00;0.6211146307661849
2018-05-13_09:00:00;0.5621659077410414
2018-05-13_10:00:00;0.5130667194614927
2018-05-13_11:00:00;0.523658681449218
2018-05-13_12:00:00;0.5100970104929717
2018-05-13_13:00:00;0.4888635913680459
2018-05-13_14:00:00;0.4520392001583845
2018-05-13_15:00:00;0.46070085131657096
2018-05-13_16:00:00;0.48015244506038407
2018-05-13_17:00:00;0.4968323104335775
2018-05-13_18:00:00;0.47906355177192633
2018-05-13_19:00:00;0.4421401702633142
2018-05-13_20:00:00;0.4220451395763215
2018-05-13_21:00:00;0.4366957038210255
2018-05-13_22:00:00;0.4310037616313601
2018-05-13_23:00:00;0.4184814888140962
2018-05-14_00:00:00;0.42605424668382497
2018-05-14_01:00:00;0.38596317560879034
2018-05-14_02:00:00;0.33899227875668186
2018-05-14_03:00:00;0.3244407048109285
2018-05-14_04:00:00;0.3279548604236785
2018-05-14_05:00:00;0.303801227479707
2018-05-14_06:00:00;0.2579192239160562
2018-05-14_07:00:00;0.24128885369233816
2018-05-14_08:00:00;0.23134032864779253
2018-05-14_09:00:00;0.19535735497921203
2018-05-14_10:00:00;0.1700158384478321
2018-05-14_11:00:00;0.19313007325282122
2018-05-14_12:00:00;0.23925955256384873
2018-05-14_13:00:00;0.2859334785191051
2018-05-14_14:00:00;0.31756087903385466
2018-05-14_15:00:00;0.34745594931696694
2018-05-14_16:00:00;0.3790833498317165
2018-05-14_17:00:00;0.44129875272223323
2018-05-14_18:00:00;0.4848049891110671
2018-05-14_19:00:00;0.4722827162938032
2018-05-14_20:00:00;0.4784201148287468
2018-05-14_21:00:00;0.509998020194021
2018-05-14_22:00:00;0.5151950108889329
2018-05-14_23:00:00;0.5055434567412393
2018-05-15_00:00:00;0.48109285290041576
2018-05-15_01:00:00;0.40788952682637103
2018-05-15_02:00:00;0.2802415363294397
2018-05-15_03:00:00;0.17199564442684617
2018-05-15_04:00:00;0.09532765788952682
2018-05-15_05:00:00;0.059295189071470994
2018-05-15_06:00:00;0.061126509602058995
2018-05-15_07:00:00;0.058948723025143535
2018-05-15_08:00:00;0.049000197980597904
2018-05-15_09:00:00;0.051326470005939415
2018-05-15_10:00:00;0.04271431399722827
2018-05-15_11:00:00;0.02831122549990101
2018-05-15_12:00:00;0.030142546030489013
2018-05-15_13:00:00;0.028558701247277767
2018-05-15_14:00:00;0.03444862403484458
2018-05-15_15:00:00;0.04964363492377747
2018-05-15_16:00:00;0.08424074440704811
2018-05-15_17:00:00;0.12314393189467432
2018-05-15_18:00:00;0.1449712928133043
2018-05-15_19:00:00;0.15675113838843793
2018-05-15_20:00:00;0.19713918036032468
2018-05-15_21:00:00;0.19738665610770145
2018-05-15_22:00:00;0.2677192635121758
2018-05-15_23:00:00;0.3305781033458721
2018-05-16_00:00:00;0.3336468026133439
2018-05-16_01:00:00;0.31191843199366465
2018-05-16_02:00:00;0.2889031874876262
2018-05-16_03:00:00;0.28603246881805583
2018-05-16_04:00:00;0.3311720451395763
2018-05-16_05:00:00;0.4084339734705999
2018-05-16_06:00:00;0.47030291031478916
2018-05-16_07:00:00;0.5034151653137993
2018-05-16_08:00:00;0.5525143535933479
2018-05-16_09:00:00;0.6151752128291428
2018-05-16_10:00:00;0.6601168085527618
2018-05-16_11:00:00;0.7251039398138982
2018-05-16_12:00:00;0.7790536527420313
2018-05-16_13:00:00;0.7425757275786973
2018-05-16_14:00:00;0.7072361908532964
2018-05-16_15:00:00;0.707335181152247
2018-05-16_16:00:00;0.7077806374975253
2018-05-16_17:00:00;0.7091170065333597
2018-05-16_18:00:00;0.7108493367649971
2018-05-16_19:00:00;0.7833102355969115
2018-05-16_20:00:00;0.8305781033458721
2018-05-16_21:00:00;0.8395367254009107
2018-05-16_22:00:00;0.8472579687190656
2018-05-16_23:00:00;0.8158780439516927
2018-05-17_00:00:00;0.789992080776084
2018-05-17_01:00:00;0.7596020589982182
2018-05-17_02:00:00;0.7517323302316373
2018-05-17_03:00:00;0.7525737477727182
2018-05-17_04:00:00;0.7564343694317957
2018-05-17_05:00:00;0.756335379132845
2018-05-17_06:00:00;0.7310928529004158
2018-05-17_07:00:00;0.7012967729162543
2018-05-17_08:00:00;0.6974856464066521
2018-05-17_09:00:00;0.7014452583646803
2018-05-17_10:00:00;0.6989705008909127
2018-05-17_11:00:00;0.6989210057414373
2018-05-17_12:00:00;0.7527717283706197
2018-05-17_13:00:00;0.7700950306869927
2018-05-17_14:00:00;0.7678677489606018
2018-05-17_15:00:00;0.7678677489606018
2018-05-17_16:00:00;0.7693526034448624
2018-05-17_17:00:00;0.7640071273015244
2018-05-17_18:00:00;0.7578697287665809
2018-05-17_19:00:00;0.7547020392001584
2018-05-17_20:00:00;0.7494060582062958
2018-05-17_21:00:00;0.7303999208077608
2018-05-17_22:00:00;0.7320827558899228
2018-05-17_23:00:00;0.7367847950900812
2018-05-18_00:00:00;0.695208869530786
2018-05-18_01:00:00;0.6254702039200158
2018-05-18_02:00:00;0.5444466442288656
2018-05-18_03:00:00;0.48099386260146504
2018-05-18_04:00:00;0.43402296574935656
2018-05-18_05:00:00;0.36220550386062167
2018-05-18_06:00:00;0.30781033458721047
2018-05-18_07:00:00;0.2722233221144328
2018-05-18_08:00:00;0.258315185111859
2018-05-18_09:00:00;0.23609186299742624
2018-05-18_10:00:00;0.2312413383488418
2018-05-18_11:00:00;0.2331716491783805
2018-05-18_12:00:00;0.1973371609582261
2018-05-18_13:00:00;0.16209661453177587
2018-05-18_14:00:00;0.12883587408433975
2018-05-18_15:00:00;0.1014650564244704
2018-05-18_16:00:00;0.09126905563254802
2018-05-18_17:00:00;0.0964660463274599
2018-05-18_18:00:00;0.08785389031874877
2018-05-18_19:00:00;0.08285488022173827
2018-05-18_20:00:00;0.07785587012472778
2018-05-18_21:00:00;0.07825183132053058
2018-05-18_22:00:00;0.06904573351811523
2018-05-18_23:00:00;0.05474163531973866
2018-05-19_00:00:00;0.049198178578499306
2018-05-19_01:00:00;0.03880419718867551
2018-05-19_02:00:00;0.024599089289249653
2018-05-19_03:00:00;0.017768758661651157
2018-05-19_04:00:00;0.01638289447634132
2018-05-19_05:00:00;0.007622253019204118
2018-05-19_06:00:00;0.011433379528806176
2018-05-19_07:00:00;0.009602058998218175
2018-05-19_08:00:00;0.009404078400316769
2018-05-19_09:00:00;0.0122253019204118
2018-05-19_10:00:00;0.013116214610968124
2018-05-19_11:00:00;0.012324292219362503
2018-05-19_12:00:00;0.012423282518313206
2018-05-19_13:00:00;0.002870718669570382
2018-05-19_14:00:00;0.002276776875866165
2018-05-19_15:00:00;0.005394971292813304
2018-05-19_16:00:00;0.012027321322510394
2018-05-19_17:00:00;0.013660661255196991
2018-05-19_18:00:00;0.020095030686992674
2018-05-19_19:00:00;0.03573549792120372
2018-05-19_20:00:00;0.030588002375767174
2018-05-19_21:00:00;0.031033458721045338
2018-05-19_22:00:00;0.03192437141160166
2018-05-19_23:00:00;0.03672540091071075
2018-05-20_00:00:00;0.04400118788358741
2018-05-20_01:00:00;0.05865175212829143
2018-05-20_02:00:00;0.06300732528212236
2018-05-20_03:00:00;0.08641853098396357
2018-05-20_04:00:00;0.10354385270243516
2018-05-20_05:00:00;0.11141358146901603
2018-05-20_06:00:00;0.14482280736487824
2018-05-20_07:00:00;0.19718867550980004
2018-05-20_08:00:00;0.22262918234013065
2018-05-20_09:00:00;0.19822807364878242
2018-05-20_10:00:00;0.16303702237180756
2018-05-20_11:00:00;0.17303504256582855
2018-05-20_12:00:00;0.21599683231043357
2018-05-20_13:00:00;0.21733320134626807
2018-05-20_14:00:00;0.18689368441892695
2018-05-20_15:00:00;0.20797861809542664
2018-05-20_16:00:00;0.28514155612749953
2018-05-20_17:00:00;0.38952682637101566
2018-05-20_18:00:00;0.5065828548802217
2018-05-20_19:00:00;0.6083448822015443
2018-05-20_20:00:00;0.689714907939022
2018-05-20_21:00:00;0.7705899821817462
2018-05-20_22:00:00;0.787467828152841
2018-05-20_23:00:00;0.7810334587210453
2018-05-21_00:00:00;0.776479904969313
2018-05-21_01:00:00;0.740001979805979
2018-05-21_02:00:00;0.6606612551969907
2018-05-21_03:00:00;0.5560780043555732
2018-05-21_04:00:00;0.4620867155018808
2018-05-21_05:00:00;0.40764205107899426
2018-05-21_06:00:00;0.3758166699663433
2018-05-21_07:00:00;0.36190853296376957
2018-05-21_08:00:00;0.3607206493763611
2018-05-21_09:00:00;0.4002672738071669
2018-05-21_10:00:00;0.43615125717679665
2018-05-21_11:00:00;0.4332805385072263
2018-05-21_12:00:00;0.4475351415561275
2018-05-21_13:00:00;0.4788160760245496
2018-05-21_14:00:00;0.5276182934072461
2018-05-21_15:00:00;0.6425955256384874
2018-05-21_16:00:00;0.6736784795090082
2018-05-21_17:00:00;0.764502078796278
2018-05-21_18:00:00;0.80845377153039
2018-05-21_19:00:00;0.8150861215600871
2018-05-21_20:00:00;0.8162740051474956
2018-05-21_21:00:00;0.7934567412393585
2018-05-21_22:00:00;0.7813799247673728
2018-05-21_23:00:00;0.7770243516135419
2018-05-22_00:00:00;0.726341318550782
2018-05-22_01:00:00;0.6004751534349634
2018-05-22_02:00:00;0.46075034646604635
2018-05-22_03:00:00;0.35765195010888934
2018-05-22_04:00:00;0.31033458721045337
2018-05-22_05:00:00;0.2742031280934468
2018-05-22_06:00:00;0.2309443674519897
2018-05-22_07:00:00;0.19481290833498316
2018-05-22_08:00:00;0.1625915660265294
2018-05-22_09:00:00;0.12670758265689963
2018-05-22_10:00:00;0.0944367451989705
2018-05-22_11:00:00;0.09899029895070283
2018-05-22_12:00:00;0.10522668778459711
2018-05-22_13:00:00;0.09547614333795289
2018-05-22_14:00:00;0.10784993070679073
2018-05-22_15:00:00;0.14912888536923383
2018-05-22_16:00:00;0.22282716293803206
2018-05-22_17:00:00;0.2885072262918234
2018-05-22_18:00:00;0.3969510987923184
2018-05-22_19:00:00;0.4602058998218175
2018-05-22_20:00:00;0.4709958424074441
2018-05-22_21:00:00;0.42729162542070875
2018-05-22_22:00:00;0.36789744605028707
2018-05-22_23:00:00;0.28895268263710155
2018-05-23_00:00:00;0.20703821025539498
2018-05-23_01:00:00;0.1743219164521877
2018-05-23_02:00:00;0.15437537121362108
2018-05-23_03:00:00;0.1610572163927935
2018-05-23_04:00:00;0.18333003365670164
2018-05-23_05:00:00;0.18758661651158187
2018-05-23_06:00:00;0.19129875272223323
2018-05-23_07:00:00;0.1992674717877648
2018-05-23_08:00:00;0.2136210651356167
2018-05-23_09:00:00;0.22307463868540883
2018-05-23_10:00:00;0.18872500494951494
2018-05-23_11:00:00;0.1539299148683429
2018-05-23_12:00:00;0.15155414769352604
2018-05-23_13:00:00;0.1647198574539695
2018-05-23_14:00:00;0.19179370421698674
2018-05-23_15:00:00;0.2410413779449614
2018-05-23_16:00:00;0.33899227875668186
2018-05-23_17:00:00;0.4471886755098
2018-05-23_18:00:00;0.49411007721243316
2018-05-23_19:00:00;0.5195010888932885
2018-05-23_20:00:00;0.5475648386458127
2018-05-23_21:00:00;0.5276677885567215
2018-05-23_22:00:00;0.4809443674519897
2018-05-23_23:00:00;0.41808552761829343
2018-05-24_00:00:00;0.39615917640071274
2018-05-24_01:00:00;0.40249455553355773
2018-05-24_02:00:00;0.4233320134626807
2018-05-24_03:00:00;0.3909621857058008
2018-05-24_04:00:00;0.41056226489804
2018-05-24_05:00:00;0.4006632350029697
2018-05-24_06:00:00;0.38982379726786776
2018-05-24_07:00:00;0.39165511779845574
2018-05-24_08:00:00;0.40818649772322313
2018-05-24_09:00:00;0.4621362106513562
2018-05-24_10:00:00;0.5027222332211443
2018-05-24_11:00:00;0.3723520095030687
2018-05-24_12:00:00;0.22673727974658484
2018-05-24_13:00:00;0.4551078994258563
2018-05-24_14:00:00;0.4770837457929123
2018-05-24_15:00:00;0.5148980399920807
2018-05-24_16:00:00;0.5491981785784993
2018-05-24_17:00:00;0.6217085725598891
2018-05-24_18:00:00;0.6641259156602652
2018-05-24_19:00:00;0.696050287071867
2018-05-24_20:00:00;0.7332211443278559
2018-05-24_21:00:00;0.804791130469214
2018-05-24_22:00:00;0.8073648782419323
2018-05-24_23:00:00;0.8110770144525836
2018-05-25_00:00:00;0.8048901207681647
2018-05-25_01:00:00;0.7725202930112849
2018-05-25_02:00:00;0.7276281924371412
2018-05-25_03:00:00;0.6917442090675113
2018-05-25_04:00:00;0.6642744011086914
2018-05-25_05:00:00;0.6726390813700257
2018-05-25_06:00:00;0.66620471193823
2018-05-25_07:00:00;0.6281924371411601
2018-05-25_08:00:00;0.5797861809542665
2018-05-25_09:00:00;0.5468224114036825
2018-05-25_10:00:00;0.5409324886161156
2018-05-25_11:00:00;0.5470203920015838
2018-05-25_12:00:00;0.5588992278756681
2018-05-25_13:00:00;0.6625420708770541
2018-05-25_14:00:00;0.6799148683429024
2018-05-25_15:00:00;0.6799148683429024
2018-05-25_16:00:00;0.6949613937834093
2018-05-25_17:00:00;0.6666501682835082
2018-05-25_18:00:00;0.6409621857058009
2018-05-25_19:00:00;0.6375965155414769
2018-05-25_20:00:00;0.6468026133438923
2018-05-25_21:00:00;0.6462086715501881
2018-05-25_22:00:00;0.5735992872698475
2018-05-25_23:00:00;0.5028707186695703
2018-05-26_00:00:00;0.4672837061967927
2018-05-26_01:00:00;0.44298158780439517
2018-05-26_02:00:00;0.41110671154226885
2018-05-26_03:00:00;0.3897743021183924
2018-05-26_04:00:00;0.35740447436151257
2018-05-26_05:00:00;0.30899821817461887
2018-05-26_06:00:00;0.2525242526232429
2018-05-26_07:00:00;0.21555137596515542
2018-05-26_08:00:00;0.14492179766382896
2018-05-26_09:00:00;0.11270045535537518
2018-05-26_10:00:00;0.1331419520886953
2018-05-26_11:00:00;0.15368243912096616
2018-05-26_12:00:00;0.16957038210255396
2018-05-26_13:00:00;0.2027321322510394
2018-05-26_14:00:00;0.19481290833498316
2018-05-26_15:00:00;0.21654127895466244
2018-05-26_16:00:00;0.22941001781825382
2018-05-26_17:00:00;0.27593545832508415
2018-05-26_18:00:00;0.32617303504256584
2018-05-26_19:00:00;0.32904375371213623
2018-05-26_20:00:00;0.31246287863789346
2018-05-26_21:00:00;0.3460700851316571
2018-05-26_22:00:00;0.3327063947733122
2018-05-26_23:00:00;0.3014749554543655
2018-05-27_00:00:00;0.25623638883389427
2018-05-27_01:00:00;0.2910314789150663
2018-05-27_02:00:00;0.2634131855078202
2018-05-27_03:00:00;0.24747574737675707
2018-05-27_04:00:00;0.20396951098792318
2018-05-27_05:00:00;0.19322906355177194
2018-05-27_06:00:00;0.1709562462878638
2018-05-27_07:00:00;0.20862205503860623
2018-05-27_08:00:00;0.21327459908928925
2018-05-27_09:00:00;0.22624232825183133
2018-05-27_10:00:00;0.28548802217382696
2018-05-27_11:00:00;0.3037517323302316
2018-05-27_12:00:00;0.37200554345674125
2018-05-27_13:00:00;0.3823005345476143
2018-05-27_14:00:00;0.40981983765590974
2018-05-27_15:00:00;0.49024945555335575
2018-05-27_16:00:00;0.5415759255592952
2018-05-27_17:00:00;0.565630568204316
2018-05-27_18:00:00;0.6985745396951099
2018-05-27_19:00:00;0.7274797069887151
2018-05-27_20:00:00;0.6716491783805187
2018-05-27_21:00:00;0.6664521876856068
2018-05-27_22:00:00;0.7187685606810532
2018-05-27_23:00:00;0.6381904573351812
2018-05-28_00:00:00;0.4769847554939616
2018-05-28_01:00:00;0.4230845377153039
2018-05-28_02:00:00;0.48336962977628195
2018-05-28_03:00:00;0.4445654325876064
2018-05-28_04:00:00;0.40694911898633934
2018-05-28_05:00:00;0.38982379726786776
2018-05-28_06:00:00;0.2878142941991685
2018-05-28_07:00:00;0.22064937636111662
2018-05-28_08:00:00;0.18535933478519104
2018-05-28_09:00:00;0.14353593347851912
2018-05-28_10:00:00;0.10874084339734706
2018-05-28_11:00:00;0.10938428034052664
2018-05-28_12:00:00;0.09404078400316769
2018-05-28_13:00:00;0.08805187091665016
2018-05-28_14:00:00;0.10027717283706197
2018-05-28_15:00:00;0.13190457335181152
2018-05-28_16:00:00;0.15110869134824786
2018-05-28_17:00:00;0.17645020787962779
2018-05-28_18:00:00;0.2204513957632152
2018-05-28_19:00:00;0.2549990100970105
2018-05-28_20:00:00;0.2948426054246684
2018-05-28_21:00:00;0.3328053850722629
2018-05-28_22:00:00;0.3287467828152841
2018-05-28_23:00:00;0.3588893288457731
2018-05-29_00:00:00;0.3110275193031083
2018-05-29_01:00:00;0.2697485646406652
2018-05-29_02:00:00;0.310136606612552
2018-05-29_03:00:00;0.2979607998416155
2018-05-29_04:00:00;0.3423084537715304
2018-05-29_05:00:00;0.42679667392595527
2018-05-29_06:00:00;0.4037319342704415
2018-05-29_07:00:00;0.3965056424470402
2018-05-29_08:00:00;0.4036329439714908
2018-05-29_09:00:00;0.3882399524846565
2018-05-29_10:00:00;0.3572559889130865
2018-05-29_11:00:00;0.3851712532171847
2018-05-29_12:00:00;0.4402098594337755
2018-05-29_13:00:00;0.535636507622253
2018-05-29_14:00:00;0.6064640665214809
2018-05-29_15:00:00;0.7077806374975253
2018-05-29_16:00:00;0.7900415759255593
2018-05-29_17:00:00;0.8034052662839042
2018-05-29_18:00:00;0.7998911106711543
2018-05-29_19:00:00;0.8311225499901009
2018-05-29_20:00:00;0.830132647000594
2018-05-29_21:00:00;0.8017224312017422
2018-05-29_22:00:00;0.6287863789348643
2018-05-29_23:00:00;0.42635121758067707
2018-05-30_00:00:00;0.3868045931498713
2018-05-30_01:00:00;0.47119382300534546
2018-05-30_02:00:00;0.5217283706196792
2018-05-30_03:00:00;0.5441991684814889
2018-05-30_04:00:00;0.44362502474757476
2018-05-30_05:00:00;0.4076915462284696
2018-05-30_06:00:00;0.38437933082557907
2018-05-30_07:00:00;0.33829934666402695
2018-05-30_08:00:00;0.2620768164719857
2018-05-30_09:00:00;0.18600277172837063
2018-05-30_10:00:00;0.14462482676697683
2018-05-30_11:00:00;0.15437537121362108
2018-05-30_12:00:00;0.14408038012274796
2018-05-30_13:00:00;0.09918827954860424
2018-05-30_14:00:00;0.0805781033458721
2018-05-30_15:00:00;0.09458523064739656
2018-05-30_16:00:00;0.10557315383092457
2018-05-30_17:00:00;0.0997327261928331
2018-05-30_18:00:00;0.10661255196990695
2018-05-30_19:00:00;0.11151257176796674
2018-05-30_20:00:00;0.10854286279944565
2018-05-30_21:00:00;0.10775094040784003
2018-05-30_22:00:00;0.12240150465254405
2018-05-30_23:00:00;0.14571372005543456
2018-05-31_00:00:00;0.1624925757275787
2018-05-31_01:00:00;0.16130469214017026
2018-05-31_02:00:00;0.17090675113838844
2018-05-31_03:00:00;0.2034250643436943
2018-05-31_04:00:00;0.21426450207879627
2018-05-31_05:00:00;0.1951098792318353
2018-05-31_06:00:00;0.2105523658681449
2018-05-31_07:00:00;0.19204117996436348
2018-05-31_08:00:00;0.15947337160958225
2018-05-31_09:00:00;0.14982181746188875
2018-05-31_10:00:00;0.14907939021975847
2018-05-31_11:00:00;0.15887942981587805
2018-05-31_12:00:00;0.1839734705998812
2018-05-31_13:00:00;0.19857453969510988
2018-05-31_14:00:00;0.2204513957632152
2018-05-31_15:00:00;0.22460898831914472
2018-05-31_16:00:00;0.277321322510394
2018-05-31_17:00:00;0.31637299544644626
2018-05-31_18:00:00;0.33988319144723816
2018-05-31_19:00:00;0.33275588992278754
2018-05-31_20:00:00;0.37240150465254407
2018-05-31_21:00:00;0.4019996040388042
2018-05-31_22:00:00;0.364086319540685
2018-05-31_23:00:00;0.31290833498317167
2018-06-01_00:00:00;0.26123539893090475
2018-06-01_01:00:00;0.25811720451395764
2018-06-01_02:00:00;0.20411799643634923
2018-06-01_03:00:00;0.17486636309641654
2018-06-01_04:00:00;0.15595921599683232
2018-06-01_05:00:00;0.13358740843397346
2018-06-01_06:00:00;0.14259552563848743
2018-06-01_07:00:00;0.11448228073648782
2018-06-01_08:00:00;0.09834686200752327
2018-06-01_09:00:00;0.09913878439912889
2018-06-01_10:00:00;0.07147099584240744
2018-06-01_11:00:00;0.0610275193031083
2018-06-01_12:00:00;0.055880023757671746
2018-06-01_13:00:00;0.06107701445258365
2018-06-01_14:00:00;0.06899623836863987
2018-06-01_15:00:00;0.07028311225499902
2018-06-01_16:00:00;0.06924371411601662
2018-06-01_17:00:00;0.04895070283112255
2018-06-01_18:00:00;0.04162542070877054
2018-06-01_19:00:00;0.034844585230647394
2018-06-01_20:00:00;0.037566818451791724
2018-06-01_21:00:00;0.04410017818253811
2018-06-01_22:00:00;0.06879825777073846
2018-06-01_23:00:00;0.06493763611166106
2018-06-02_00:00:00;0.07651950108889329
2018-06-02_01:00:00;0.10725598891308652
2018-06-02_02:00:00;0.10369233815086122
2018-06-02_03:00:00;0.10527618293407245
2018-06-02_04:00:00;0.12027321322510394
2018-06-02_05:00:00;0.07444070481092853
2018-06-02_06:00:00;0.04454563452781628
2018-06-02_07:00:00;0.0331122549990101
2018-06-02_08:00:00;0.04330825579093249
2018-06-02_09:00:00;0.04801029499109087
2018-06-02_10:00:00;0.04766382894476341
2018-06-02_11:00:00;0.06835280142546031
2018-06-02_12:00:00;0.09800039596119581
2018-06-02_13:00:00;0.10205899821817462
2018-06-02_14:00:00;0.08171649178380519
2018-06-02_15:00:00;0.07963769550584043
2018-06-02_16:00:00;0.09369431795684023
2018-06-02_17:00:00;0.10720649376361116
2018-06-02_18:00:00;0.09517917244110077
2018-06-02_19:00:00;0.0768164719857454
2018-06-02_20:00:00;0.07988517125321719
2018-06-02_21:00:00;0.062066917442090676
2018-06-02_22:00:00;0.05686992674717878
2018-06-02_23:00:00;0.056078004355573155
2018-06-03_00:00:00;0.05434567412393585
2018-06-03_01:00:00;0.06399722827162937
2018-06-03_02:00:00;0.07419322906355177
2018-06-03_03:00:00;0.07602454959413978
2018-06-03_04:00:00;0.05399920807760839
2018-06-03_05:00:00;0.04221936250247476
2018-06-03_06:00:00;0.038309245693921995
2018-06-03_07:00:00;0.029202138190457336
2018-06-03_08:00:00;0.03489408038012275
2018-06-03_09:00:00;0.058948723025143535
2018-06-03_10:00:00;0.08166699663432983
2018-06-03_11:00:00;0.08315185111859037
2018-06-03_12:00:00;0.07359928726984756
2018-06-03_13:00:00;0.07008513165709761
2018-06-03_14:00:00;0.06874876262126312
2018-06-03_15:00:00;0.0736487824193229
2018-06-03_16:00:00;0.0748861611562067
2018-06-03_17:00:00;0.07830132647000594
2018-06-03_18:00:00;0.08127103543852703
2018-06-03_19:00:00;0.08003365670164324
2018-06-03_20:00:00;0.08082557909324886
2018-06-03_21:00:00;0.08829934666402693
2018-06-03_22:00:00;0.09938626014650564
2018-06-03_23:00:00;0.1046327459908929
2018-06-04_00:00:00;0.09448624034844585
2018-06-04_01:00:00;0.1048307265887943
2018-06-04_02:00:00;0.10735497921203722
2018-06-04_03:00:00;0.11255196990694911
2018-06-04_04:00:00;0.1133933874480301
2018-06-04_05:00:00;0.10859235794892101
2018-06-04_06:00:00;0.0856761037418333
2018-06-04_07:00:00;0.11943179568402297
2018-06-04_08:00:00;0.12873688378538903
2018-06-04_09:00:00;0.1242823203326074
2018-06-04_10:00:00;0.1371015640467234
2018-06-04_11:00:00;0.16100772124331816
2018-06-04_12:00:00;0.19258562660859235
2018-06-04_13:00:00;0.21901603642843
2018-06-04_14:00:00;0.23341912492575728
2018-06-04_15:00:00;0.2446050287071867
2018-06-04_16:00:00;0.24767372797465848
2018-06-04_17:00:00;0.25975054444664425
2018-06-04_18:00:00;0.2884577311423481
2018-06-04_19:00:00;0.328449811918432
2018-06-04_20:00:00;0.35478123143931894
2018-06-04_21:00:00;0.3546822411403682
2018-06-04_22:00:00;0.3413185507820234
2018-06-04_23:00:00;0.30330627598495347
2018-06-05_00:00:00;0.26583844783211247
2018-06-05_01:00:00;0.23396357156998615
2018-06-05_02:00:00;0.21416551177984558
2018-06-05_03:00:00;0.19189269451593743
2018-06-05_04:00:00;0.1859037814294199
2018-06-05_05:00:00;0.17813304296178975
2018-06-05_06:00:00;0.1501682835082162
2018-06-05_07:00:00;0.11527420312809344
2018-06-05_08:00:00;0.06993664620867154
2018-06-05_09:00:00;0.04632745990892893
2018-06-05_10:00:00;0.05147495545436547
2018-06-05_11:00:00;0.043407246089883195
2018-06-05_12:00:00;0.03529004157592556
2018-06-05_13:00:00;0.028756681845179172
2018-06-05_14:00:00;0.020144525836468027
2018-06-05_15:00:00;0.017966739259552562
2018-06-05_16:00:00;0.013215204909918827
2018-06-05_17:00:00;0.011680855276182935
2018-06-05_18:00:00;0.012769748564640665
2018-06-05_19:00:00;0.01291823401306672
2018-06-05_20:00:00;0.010987923183528014
2018-06-05_21:00:00;0.01781825381112651
2018-06-05_22:00:00;0.027420312809344684
2018-06-05_23:00:00;0.041922391605622646
2018-06-06_00:00:00;0.05771134428825975
2018-06-06_01:00:00;0.06572955850326669
2018-06-06_02:00:00;0.08602256978816077
2018-06-06_03:00:00;0.1100277172837062
2018-06-06_04:00:00;0.1324490199960404
2018-06-06_05:00:00;0.16061176004751535
2018-06-06_06:00:00;0.16006731340328648
2018-06-06_07:00:00;0.13160760245495942
2018-06-06_08:00:00;0.12606414571372004
2018-06-06_09:00:00;0.10596911502672739
2018-06-06_10:00:00;0.09834686200752327
2018-06-06_11:00:00;0.11586814492179766
2018-06-06_12:00:00;0.12858839833696298
2018-06-06_13:00:00;0.1418036032468818
2018-06-06_14:00:00;0.13626014650564244
2018-06-06_15:00:00;0.15298950702831124
2018-06-06_16:00:00;0.15991882795486043
2018-06-06_17:00:00;0.15848346862007523
2018-06-06_18:00:00;0.1957038210255395
2018-06-06_19:00:00;0.2947436151257177
2018-06-06_20:00:00;0.333943773510196
2018-06-06_21:00:00;0.40224707978618096
2018-06-06_22:00:00;0.49762423282518314
2018-06-06_23:00:00;0.5044545634527816
2018-06-07_00:00:00;0.438873490397941
2018-06-07_01:00:00;0.3505741437339141
2018-06-07_02:00:00;0.2920708770540487
2018-06-07_03:00:00;0.23574539695109878
2018-06-07_04:00:00;0.18342902395565236
2018-06-07_05:00:00;0.14492179766382896
2018-06-07_06:00:00;0.12873688378538903
2018-06-07_07:00:00;0.11359136804593149
2018-06-07_08:00:00;0.11438329043753712
2018-06-07_09:00:00;0.09334785191051277
2018-06-07_10:00:00;0.10270243516135419
2018-06-07_11:00:00;0.09983171649178381
2018-06-07_12:00:00;0.09409027915264304
2018-06-07_13:00:00;0.07859829736685804
2018-06-07_14:00:00;0.05706790734508018
2018-06-07_15:00:00;0.04598099386260147
2018-06-07_16:00:00;0.04216986735299941
2018-06-07_17:00:00;0.03969510987923183
2018-06-07_18:00:00;0.04632745990892893
2018-06-07_19:00:00;0.053702237180756285
2018-06-07_20:00:00;0.05964165511779845
2018-06-07_21:00:00;0.06528410215798852
2018-06-07_22:00:00;0.07899425856266086
2018-06-07_23:00:00;0.059542664818847756
2018-06-08_00:00:00;0.04345674123935854
2018-06-08_01:00:00;0.03459710948327064
2018-06-08_02:00:00;0.031280934468422096
2018-06-08_03:00:00;0.031973866561077015
2018-06-08_04:00:00;0.029548604236784796
2018-06-08_05:00:00;0.03454761433379529
2018-06-08_06:00:00;0.028113244901999603
2018-06-08_07:00:00;0.0245495941397743
2018-06-08_08:00:00;0.016234409027915266
2018-06-08_09:00:00;0.014056622450999801
2018-06-08_10:00:00;0.01113640863195407
2018-06-08_11:00:00;0.010591961987725202
2018-06-08_12:00:00;0.012522272817263909
2018-06-08_13:00:00;0.015887942981587803
2018-06-08_14:00:00;0.02553949712928133
2018-06-08_15:00:00;0.039596119580281135
2018-06-08_16:00:00;0.06746188873490398
2018-06-08_17:00:00;0.0908730944367452
2018-06-08_18:00:00;0.11314591170065334
2018-06-08_19:00:00;0.12101564046723422
2018-06-08_20:00:00;0.12185705800831519
2018-06-08_21:00:00;0.11666006731340328
2018-06-08_22:00:00;0.12066917442090676
2018-06-08_23:00:00;0.09869332805385073
2018-06-09_00:00:00;0.07409423876460107
2018-06-09_01:00:00;0.066620471193823
2018-06-09_02:00:00;0.0785488022173827
2018-06-09_03:00:00;0.1102256978816076
2018-06-09_04:00:00;0.16343298356761038
2018-06-09_05:00:00;0.192536131459117
2018-06-09_06:00:00;0.1824391209661453
2018-06-09_07:00:00;0.13333993268659672
2018-06-09_08:00:00;0.11646208671550189
2018-06-09_09:00:00;0.10458325084141754
2018-06-09_10:00:00;0.09126905563254802
2018-06-09_11:00:00;0.0772124331815482
2018-06-09_12:00:00;0.06597703425064344
2018-06-09_13:00:00;0.060037616313601265
2018-06-09_14:00:00;0.08290437537121362
2018-06-09_15:00:00;0.1014650564244704
2018-06-09_16:00:00;0.10879033854682241
2018-06-09_17:00:00;0.12888536923381508
2018-06-09_18:00:00;0.14071470995842408
2018-06-09_19:00:00;0.13373589388239954
2018-06-09_20:00:00;0.13046921401702632
2018-06-09_21:00:00;0.11923381508612156
2018-06-09_22:00:00;0.11611562066917443
2018-06-09_23:00:00;0.12111463076618491
2018-06-10_00:00:00;0.15066323500296971
2018-06-10_01:00:00;0.17060978024153634
2018-06-10_02:00:00;0.1730845377153039
2018-06-10_03:00:00;0.19313007325282122
2018-06-10_04:00:00;0.20693921995644426
2018-06-10_05:00:00;0.19827756879825778
2018-06-10_06:00:00;0.1951098792318353
2018-06-10_07:00:00;0.16204711938230054
2018-06-10_08:00:00;0.15298950702831124
2018-06-10_09:00:00;0.16630370223718074
2018-06-10_10:00:00;0.14591170065333597
2018-06-10_11:00:00;0.11784795090081172
2018-06-10_12:00:00;0.09102157988517125
2018-06-10_13:00:00;0.09903979410017819
2018-06-10_14:00:00;0.14789150663235004
2018-06-10_15:00:00;0.225351415561275
2018-06-10_16:00:00;0.283805187091665
2018-06-10_17:00:00;0.3028113244902
2018-06-10_18:00:00;0.3346367056028509
2018-06-10_19:00:00;0.33161750148485447
2018-06-10_20:00:00;0.31538309245693924
2018-06-10_21:00:00;0.2808849732726193
2018-06-10_22:00:00;0.24569392199564444
2018-06-10_23:00:00;0.27306473965551376
2018-06-11_00:00:00;0.3306770936448228
2018-06-11_01:00:00;0.36081963967531183
2018-06-11_02:00:00;0.3518115224707979
2018-06-11_03:00:00;0.3963076618491388
2018-06-11_04:00:00;0.36700653335973077
2018-06-11_05:00:00;0.34710948327063945
2018-06-11_06:00:00;0.3781924371411602
2018-06-11_07:00:00;0.39927737081765985
2018-06-11_08:00:00;0.3564640665214809
2018-06-11_09:00:00;0.3241437339140764
2018-06-11_10:00:00;0.28771530390021777
2018-06-11_11:00:00;0.255493961591764
2018-06-11_12:00:00;0.25613739853494355
2018-06-11_13:00:00;0.3003365670164324
2018-06-11_14:00:00;0.3374084339734706
2018-06-11_15:00:00;0.39744605028707186
2018-06-11_16:00:00;0.45317758859631757
2018-06-11_17:00:00;0.45144525836468025
2018-06-11_18:00:00;0.432538111265096
2018-06-11_19:00:00;0.49995050485052467
2018-06-11_20:00:00;0.5495446446248268
2018-06-11_21:00:00;0.552959809938626
2018-06-11_22:00:00;0.5966640269253614
2018-06-11_23:00:00;0.580132647000594
2018-06-12_00:00:00;0.5935953276578896
2018-06-12_01:00:00;0.6113145911700654
2018-06-12_02:00:00;0.6001286873886359
2018-06-12_03:00:00;0.639576321520491
2018-06-12_04:00:00;0.6440308849732727
2018-06-12_05:00:00;0.6374480300930508
2018-06-12_06:00:00;0.5836468026133439
2018-06-12_07:00:00;0.5402890516729361
2018-06-12_08:00:00;0.5195505840427638
2018-06-12_09:00:00;0.48272619283310236
2018-06-12_10:00:00;0.42635121758067707
2018-06-12_11:00:00;0.3952682637101564
2018-06-12_12:00:00;0.35196000791922394
2018-06-12_13:00:00;0.35488022173826966
2018-06-12_14:00:00;0.3628984359532766
2018-06-12_15:00:00;0.4100673134032865
2018-06-12_16:00:00;0.4865373193427044
2018-06-12_17:00:00;0.5759255592951891
2018-06-12_18:00:00;0.584092258958622
2018-06-12_19:00:00;0.6110176202732133
2018-06-12_20:00:00;0.6748168679469412
2018-06-12_21:00:00;0.687883587408434
2018-06-12_22:00:00;0.6339833696297763
2018-06-12_23:00:00;0.6329934666402692
2018-06-13_00:00:00;0.6577905365274204
2018-06-13_01:00:00;0.6562561868936844
2018-06-13_02:00:00;0.6930805781033459
2018-06-13_03:00:00;0.7304494159572362
2018-06-13_04:00:00;0.7029301128489408
2018-06-13_05:00:00;0.5841912492575727
2018-06-13_06:00:00;0.49633735893882397
2018-06-13_07:00:00;0.44867352999406057
2018-06-13_08:00:00;0.4780736487824193
2018-06-13_09:00:00;0.44996040388041975
2018-06-13_10:00:00;0.35997822213423086
2018-06-13_11:00:00;0.41080974064541675
2018-06-13_12:00:00;0.42922193625024746
2018-06-13_13:00:00;0.4131360126707583
2018-06-13_14:00:00;0.421401702633142
2018-06-13_15:00:00;0.3893288457731142
2018-06-13_16:00:00;0.3208770540487032
2018-06-13_17:00:00;0.3018709166501683
2018-06-13_18:00:00;0.25079192239160564
2018-06-13_19:00:00;0.2372797465848347
2018-06-13_20:00:00;0.22386656107701444
2018-06-13_21:00:00;0.2302514353593348
2018-06-13_22:00:00;0.2941496733320135
2018-06-13_23:00:00;0.41130469214017024
2018-06-14_00:00:00;0.47396555137596513
2018-06-14_01:00:00;0.477182736091863
2018-06-14_02:00:00;0.5694911898633934
2018-06-14_03:00:00;0.6822411403682439
2018-06-14_04:00:00;0.7705899821817462
2018-06-14_05:00:00;0.7531181944169472
2018-06-14_06:00:00;0.7526232429221936
2018-06-14_07:00:00;0.7448525044545634
2018-06-14_08:00:00;0.710007919223916
2018-06-14_09:00:00;0.6789249653533954
2018-06-14_10:00:00;0.6457137200554346
2018-06-14_11:00:00;0.6538804197188676
2018-06-14_12:00:00;0.6486834290239557
2018-06-14_13:00:00;0.6448228073648783
2018-06-14_14:00:00;0.6486339338744803
2018-06-14_15:00:00;0.6883290437537122
2018-06-14_16:00:00;0.7027816274005148
2018-06-14_17:00:00;0.7013957632152049
2018-06-14_18:00:00;0.7066422490595922
2018-06-14_19:00:00;0.6677390615719659
2018-06-14_20:00:00;0.5293506236388834
2018-06-14_21:00:00;0.4496634329835676
2018-06-14_22:00:00;0.37017422292615326
2018-06-14_23:00:00;0.29855474163531975
2018-06-15_00:00:00;0.22406454167491585
2018-06-15_01:00:00;0.1779845575133637
2018-06-15_02:00:00;0.14848544842605424
2018-06-15_03:00:00;0.14254603048901207
2018-06-15_04:00:00;0.11438329043753712
2018-06-15_05:00:00;0.08141952088695308
2018-06-15_06:00:00;0.08656701643238962
2018-06-15_07:00:00;0.07622253019204119
2018-06-15_08:00:00;0.06231439318946743
2018-06-15_09:00:00;0.06246287863789349
2018-06-15_10:00:00;0.054098198376559097
2018-06-15_11:00:00;0.04548604236784795
2018-06-15_12:00:00;0.04637695505840428
2018-06-15_13:00:00;0.040685012868738865
2018-06-15_14:00:00;0.027865769154622848
2018-06-15_15:00:00;0.01930310829538705
2018-06-15_16:00:00;0.015442486636309642
2018-06-15_17:00:00;0.020985943377549
2018-06-15_18:00:00;0.020985943377549
2018-06-15_19:00:00;0.03949712928133043
2018-06-15_20:00:00;0.03410215798851712
2018-06-15_21:00:00;0.02370817659869333
2018-06-15_22:00:00;0.021233419124925757
2018-06-15_23:00:00;0.012522272817263909
2018-06-16_00:00:00;0.011334389229855473
2018-06-16_01:00:00;0.01821421500692932
2018-06-16_02:00:00;0.02544050683033063
2018-06-16_03:00:00;0.026430409819837655
2018-06-16_04:00:00;0.03573549792120372
2018-06-16_05:00:00;0.04251633339932687
2018-06-16_06:00:00;0.06657097604434765
2018-06-16_07:00:00;0.06335379132844982
2018-06-16_08:00:00;0.04405068303306276
2018-06-16_09:00:00;0.03845773114234805
2018-06-16_10:00:00;0.03806176994654524
2018-06-16_11:00:00;0.048307265887942985
2018-06-16_12:00:00;0.05028707186695704
2018-06-16_13:00:00;0.061868936844189266
2018-06-16_14:00:00;0.09334785191051277
2018-06-16_15:00:00;0.10255394971292814
2018-06-16_16:00:00;0.11240348445852306
2018-06-16_17:00:00;0.13393387448030092
2018-06-16_18:00:00;0.15432587606414572
2018-06-16_19:00:00;0.15477133240942387
2018-06-16_20:00:00;0.15630568204315978
2018-06-16_21:00:00;0.1585329637695506
2018-06-16_22:00:00;0.19411997624232824
2018-06-16_23:00:00;0.20198970500890912
2018-06-17_00:00:00;0.20792912294595128
2018-06-17_01:00:00;0.31300732528212233
2018-06-17_02:00:00;0.4277865769154623
2018-06-17_03:00:00;0.5520194020985943
2018-06-17_04:00:00;0.6181944169471392
2018-06-17_05:00:00;0.5143040981983765
2018-06-17_06:00:00;0.5021282914274401
2018-06-17_07:00:00;0.41610572163927934
2018-06-17_08:00:00;0.3493367649970303
2018-06-17_09:00:00;0.3150861215600871
2018-06-17_10:00:00;0.31884775292021383
2018-06-17_11:00:00;0.3584933676499703
2018-06-17_12:00:00;0.3810136606612552
2018-06-17_13:00:00;0.3901702633141952
2018-06-17_14:00:00;0.42224312017422294
2018-06-17_15:00:00;0.3871015640467234
2018-06-17_16:00:00;0.3766085923579489
2018-06-17_17:00:00;0.35572163927935063
2018-06-17_18:00:00;0.32745990892892496
2018-06-17_19:00:00;0.29875272223322114
2018-06-17_20:00:00;0.2515343496337359
2018-06-17_21:00:00;0.23574539695109878
2018-06-17_22:00:00;0.24757473767570778
2018-06-17_23:00:00;0.24247673727974658
2018-06-18_00:00:00;0.211690754306078
2018-06-18_01:00:00;0.24861413581469016
2018-06-18_02:00:00;0.32503464660463277
2018-06-18_03:00:00;0.41610572163927934
2018-06-18_04:00:00;0.5165313799247674
2018-06-18_05:00:00;0.5206889724806969
2018-06-18_06:00:00;0.5216293803207286
2018-06-18_07:00:00;0.5375668184517918
2018-06-18_08:00:00;0.5423678479509008
2018-06-18_09:00:00;0.5203425064343694
2018-06-18_10:00:00;0.5110869134824787
2018-06-18_11:00:00;0.48995248465650365
2018-06-18_12:00:00;0.48168679469411996
2018-06-18_13:00:00;0.37646010690952286
2018-06-18_14:00:00;0.28741833300336567
2018-06-18_15:00:00;0.25148485448426056
2018-06-18_16:00:00;0.23485448426054248
2018-06-18_17:00:00;0.2579192239160562
2018-06-18_18:00:00;0.26732330231637297
2018-06-18_19:00:00;0.31533359730746385
2018-06-18_20:00:00;0.40818649772322313
2018-06-18_21:00:00;0.49821817461888734
2018-06-18_22:00:00;0.5688972480696892
2018-06-18_23:00:00;0.5932488616115621
2018-06-19_00:00:00;0.5704810928529004
2018-06-19_01:00:00;0.6393288457731142
2018-06-19_02:00:00;0.6272520293011284
2018-06-19_03:00:00;0.6767966739259552
2018-06-19_04:00:00;0.6364086319540685
2018-06-19_05:00:00;0.639427836072065
2018-06-19_06:00:00;0.5041080974064541
2018-06-19_07:00:00;0.4233320134626807
2018-06-19_08:00:00;0.3772025341516531
2018-06-19_09:00:00;0.346763017224312
2018-06-19_10:00:00;0.32033260740447433
2018-06-19_11:00:00;0.29598099386260146
2018-06-19_12:00:00;0.31607602454959416
2018-06-19_13:00:00;0.31147297564838644
2018-06-19_14:00:00;0.29929716887745
2018-06-19_15:00:00;0.28514155612749953
2018-06-19_16:00:00;0.296475945357355
2018-06-19_17:00:00;0.26667986537319344
2018-06-19_18:00:00;0.240001979805979
2018-06-19_19:00:00;0.2305484062561869
2018-06-19_20:00:00;0.17872698475549395
2018-06-19_21:00:00;0.1762522272817264
2018-06-19_22:00:00;0.16689764403088497
2018-06-19_23:00:00;0.17437141160166303
2018-06-20_00:00:00;0.2592060978024154
2018-06-20_01:00:00;0.37705404870322706
2018-06-20_02:00:00;0.5396456147297565
2018-06-20_03:00:00;0.675212829142744
2018-06-20_04:00:00;0.6939219956444268
2018-06-20_05:00:00;0.6913482478717086
2018-06-20_06:00:00;0.6816471985745397
2018-06-20_07:00:00;0.6856068105325678
2018-06-20_08:00:00;0.685210849336765
2018-06-20_09:00:00;0.6541773906157197
2018-06-20_10:00:00;0.6709562462878638
2018-06-20_11:00:00;0.6910512769748565
2018-06-20_12:00:00;0.6822411403682439
2018-06-20_13:00:00;0.6946644228865572
2018-06-20_14:00:00;0.6848148881409621
2018-06-20_15:00:00;0.6856563056820432
2018-06-20_16:00:00;0.7122352009503069
2018-06-20_17:00:00;0.7607404474361512
2018-06-20_18:00:00;0.7949910908730944
2018-06-20_19:00:00;0.7648485448426054
2018-06-20_20:00:00;0.6909027915264304
2018-06-20_21:00:00;0.5912195604830727
2018-06-20_22:00:00;0.4627301524450604
2018-06-20_23:00:00;0.32463868540882995
2018-06-21_00:00:00;0.2393090477133241
2018-06-21_01:00:00;0.20268263710156403
2018-06-21_02:00:00;0.25683033062759847
2018-06-21_03:00:00;0.31191843199366465
2018-06-21_04:00:00;0.3804692140170263
2018-06-21_05:00:00;0.3546327459908929
2018-06-21_06:00:00;0.3610176202732132
2018-06-21_07:00:00;0.43006335379132843
2018-06-21_08:00:00;0.5703821025539497
2018-06-21_09:00:00;0.6996139378340923
2018-06-21_10:00:00;0.7752920213819046
2018-06-21_11:00:00;0.7841021579885171
2018-06-21_12:00:00;0.7533656701643239
2018-06-21_13:00:00;0.6576915462284696
2018-06-21_14:00:00;0.5013858641853098
2018-06-21_15:00:00;0.5114333795288062
2018-06-21_16:00:00;0.532963769550584
2018-06-21_17:00:00;0.5284102157988517
2018-06-21_18:00:00;0.571273015244506
2018-06-21_19:00:00;0.8114729756483865
2018-06-21_20:00:00;0.8941793704216987
2018-06-21_21:00:00;0.9006137398534944
2018-06-21_22:00:00;0.8989803999208078
2018-06-21_23:00:00;0.8981389823797268
2018-06-22_00:00:00;0.8991783805187091
2018-06-22_01:00:00;0.8978420114828747
2018-06-22_02:00:00;0.8972480696891705
2018-06-22_03:00:00;0.8978420114828747
2018-06-22_04:00:00;0.8985349435755295
2018-06-22_05:00:00;0.8971490793902197
2018-06-22_06:00:00;0.8913086517521283
2018-06-22_07:00:00;0.8936349237774698
2018-06-22_08:00:00;0.8824490199960404
2018-06-22_09:00:00;0.8626014650564244
2018-06-22_10:00:00;0.8465155414769353
2018-06-22_11:00:00;0.8501286873886359
2018-06-22_12:00:00;0.8641358146901603
2018-06-22_13:00:00;0.8833894278360721
2018-06-22_14:00:00;0.8874975252425262
2018-06-22_15:00:00;0.8924470401900614
2018-06-22_16:00:00;0.8596317560879034
2018-06-22_17:00:00;0.8610671154226885
2018-06-22_18:00:00;0.8676499703029104
2018-06-22_19:00:00;0.8764106117600475
2018-06-22_20:00:00;0.882399524846565
2018-06-22_21:00:00;0.8910116808552762
2018-06-22_22:00:00;0.8927935062363889
2018-06-22_23:00:00;0.8937339140764206
2018-06-23_00:00:00;0.8929914868342902
2018-06-23_01:00:00;0.8969510987923184
2018-06-23_02:00:00;0.8963571569986142
2018-06-23_03:00:00;0.8952682637101564
2018-06-23_04:00:00;0.8852207483666601
2018-06-23_05:00:00;0.8713621065135617
2018-06-23_06:00:00;0.8601762027321322
2018-06-23_07:00:00;0.8493367649970303
2018-06-23_08:00:00;0.8388932884577311
2018-06-23_09:00:00;0.8418135022767769
2018-06-23_10:00:00;0.8341912492575727
2018-06-23_11:00:00;0.8280043555731539
2018-06-23_12:00:00;0.8182043159770342
2018-06-23_13:00:00;0.7836072064937636
2018-06-23_14:00:00;0.7843991288853692
2018-06-23_15:00:00;0.7832112452979608
2018-06-23_16:00:00;0.7185210849336765
2018-06-23_17:00:00;0.6620966145317759
2018-06-23_18:00:00;0.6299247673727975
2018-06-23_19:00:00;0.6112156008711146
2018-06-23_20:00:00;0.5830033656701643
2018-06-23_21:00:00;0.5382102553949712
2018-06-23_22:00:00;0.499010097010493
2018-06-23_23:00:00;0.5063848742823204
2018-06-24_00:00:00;0.5565234607008513
2018-06-24_01:00:00;0.6068600277172838
2018-06-24_02:00:00;0.6086913482478717
2018-06-24_03:00:00;0.5837457929122946
2018-06-24_04:00:00;0.5435557315383093
2018-06-24_05:00:00;0.6261631360126707
2018-06-24_06:00:00;0.6488319144723818
2018-06-24_07:00:00;0.6201742229261532
2018-06-24_08:00:00;0.5708770540487033
2018-06-24_09:00:00;0.5073747772718273
2018-06-24_10:00:00;0.4725796871906553
2018-06-24_11:00:00;0.4557018412195605
2018-06-24_12:00:00;0.4663927935062364
2018-06-24_13:00:00;0.4817857849930707
2018-06-24_14:00:00;0.5039596119580281
2018-06-24_15:00:00;0.5267768758661651
2018-06-24_16:00:00;0.5388536923381508
2018-06-24_17:00:00;0.5664224905959216
2018-06-24_18:00:00;0.5597901405662246
2018-06-24_19:00:00;0.594090279152643
2018-06-24_20:00:00;0.6216095822609384
2018-06-24_21:00:00;0.6302217382696496
2018-06-24_22:00:00;0.5899326865967135
2018-06-24_23:00:00;0.5697881607602455
2018-06-25_00:00:00;0.48876460106909525
2018-06-25_01:00:00;0.5023262720253415
2018-06-25_02:00:00;0.5296475945357355
2018-06-25_03:00:00;0.5308849732726193
2018-06-25_04:00:00;0.5464264502078796
2018-06-25_05:00:00;0.5670659275391011
2018-06-25_06:00:00;0.603098396357157
2018-06-25_07:00:00;0.6221540289051672
2018-06-25_08:00:00;0.5680063353791328
2018-06-25_09:00:00;0.5098990298950703
2018-06-25_10:00:00;0.5066323500296971
2018-06-25_11:00:00;0.4783706196792714
2018-06-25_12:00:00;0.4950009899029895
2018-06-25_13:00:00;0.5357849930706791
2018-06-25_14:00:00;0.5606810532567809
2018-06-25_15:00:00;0.5923579489210058
2018-06-25_16:00:00;0.6131459117006534
2018-06-25_17:00:00;0.5983468620075233
2018-06-25_18:00:00;0.5733518115224708
2018-06-25_19:00:00;0.573945753316175
2018-06-25_20:00:00;0.5526133438922985
2018-06-25_21:00:00;0.510146505642447
2018-06-25_22:00:00;0.49975252425262323
2018-06-25_23:00:00;0.4686200752326272
2018-06-26_00:00:00;0.45144525836468025
2018-06-26_01:00:00;0.4427341120570184
2018-06-26_02:00:00;0.4395169273411206
2018-06-26_03:00:00;0.4275391011680855
2018-06-26_04:00:00;0.39234804989111066
2018-06-26_05:00:00;0.3498317164917838
2018-06-26_06:00:00;0.287467828152841
2018-06-26_07:00:00;0.22549990100970105
2018-06-26_08:00:00;0.18258760641457136
2018-06-26_09:00:00;0.16036428430013858
2018-06-26_10:00:00;0.14279350623638884
2018-06-26_11:00:00;0.12264898039992081
2018-06-26_12:00:00;0.12314393189467432
2018-06-26_13:00:00;0.12512373787368838
2018-06-26_14:00:00;0.12472777667788557
2018-06-26_15:00:00;0.12279746584834686
2018-06-26_16:00:00;0.11873886359136805
2018-06-26_17:00:00;0.11057216392793506
2018-06-26_18:00:00;0.10191051276974857
2018-06-26_19:00:00;0.08696297762819244
2018-06-26_20:00:00;0.06201742229261532
2018-06-26_21:00:00;0.042813304296178974
2018-06-26_22:00:00;0.03929914868342902
2018-06-26_23:00:00;0.03395367254009107
2018-06-27_00:00:00;0.032666798653731934
2018-06-27_01:00:00;0.02588596317560879
2018-06-27_02:00:00;0.025687982577707383
2018-06-27_03:00:00;0.018659671352207485
2018-06-27_04:00:00;0.009899029895070284
2018-06-27_05:00:00;0.006236388833894278
2018-06-27_06:00:00;0.0030192041179964366
2018-06-27_07:00:00;0.003415165313799248
2018-06-27_08:00:00;0.004058602256978816
2018-06-27_09:00:00;0.0037616313601267076
2018-06-27_10:00:00;0.0019303108295387053
2018-06-27_11:00:00;0.002029301128489408
2018-06-27_12:00:00;0.0013363690358344882
2018-06-27_13:00:00;0.0021282914274401107
2018-06-27_14:00:00;0.007721243318154821
2018-06-27_15:00:00;0.019996040388041973
2018-06-27_16:00:00;0.029845575133636903
2018-06-27_17:00:00;0.03078598297366858
2018-06-27_18:00:00;0.029202138190457336
2018-06-27_19:00:00;0.048653731934270444
2018-06-27_20:00:00;0.07265887942981587
2018-06-27_21:00:00;0.09483270639477331
2018-06-27_22:00:00;0.09988121164125915
2018-06-27_23:00:00;0.09166501682835082
2018-06-28_00:00:00;0.08829934666402693
2018-06-28_01:00:00;0.0854781231439319
2018-06-28_02:00:00;0.08582458919025936
2018-06-28_03:00:00;0.07191645218768561
2018-06-28_04:00:00;0.05449415957236191
2018-06-28_05:00:00;0.03989309047713324
2018-06-28_06:00:00;0.03637893486438329
2018-06-28_07:00:00;0.02870718669570382
2018-06-28_08:00:00;0.025786972876658088
2018-06-28_09:00:00;0.02054048703227084
2018-06-28_10:00:00;0.021926351217580676
2018-06-28_11:00:00;0.020490991882795486
2018-06-28_12:00:00;0.02172837061967927
2018-06-28_13:00:00;0.025242526232429223
2018-06-28_14:00:00;0.03662641061176005
2018-06-28_15:00:00;0.0698871510591962
2018-06-28_16:00:00;0.11492773708176598
2018-06-28_17:00:00;0.11977826173035043
2018-06-28_18:00:00;0.13309245693921995
2018-06-28_19:00:00;0.15091071075034646
2018-06-28_20:00:00;0.15561274995050486
2018-06-28_21:00:00;0.1611562066917442
2018-06-28_22:00:00;0.13477529202138191
2018-06-28_23:00:00;0.13739853494357554
2018-06-29_00:00:00;0.14017026331419521
2018-06-29_01:00:00;0.1700158384478321
2018-06-29_02:00:00;0.1830825579093249
2018-06-29_03:00:00;0.19134824787170857
2018-06-29_04:00:00;0.22663828944763414
2018-06-29_05:00:00;0.2105523658681449
2018-06-29_06:00:00;0.21673925955256385
2018-06-29_07:00:00;0.1916452187685607
2018-06-29_08:00:00;0.1889724806968917
2018-06-29_09:00:00;0.22926153236982777
2018-06-29_10:00:00;0.22114432785587013
2018-06-29_11:00:00;0.19595129677291626
2018-06-29_12:00:00;0.1649178380518709
2018-06-29_13:00:00;0.15234607008513165
2018-06-29_14:00:00;0.16036428430013858
2018-06-29_15:00:00;0.2032270837457929
2018-06-29_16:00:00;0.23500296970896853
2018-06-29_17:00:00;0.31800633537913287
2018-06-29_18:00:00;0.4194218966541279
2018-06-29_19:00:00;0.5132647000593942
2018-06-29_20:00:00;0.5967135220748366
2018-06-29_21:00:00;0.5979014056622451
2018-06-29_22:00:00;0.4915363294397149
2018-06-29_23:00:00;0.3781429419916848
2018-06-30_00:00:00;0.27489606018610174
2018-06-30_01:00:00;0.2081271035438527
2018-06-30_02:00:00;0.18298356761037418
2018-06-30_03:00:00;0.1627895466244308
2018-06-30_04:00:00;0.16372995446446248
2018-06-30_05:00:00;0.17041179964363493
2018-06-30_06:00:00;0.16610572163927936
2018-06-30_07:00:00;0.15803801227479708
2018-06-30_08:00:00;0.133240942387646
2018-06-30_09:00:00;0.10161354187289645
2018-06-30_10:00:00;0.07260938428034053
2018-06-30_11:00:00;0.060631558107305486
2018-06-30_12:00:00;0.07211443278558702
2018-06-30_13:00:00;0.09889130865175212
2018-06-30_14:00:00;0.13061769946545237
2018-06-30_15:00:00;0.16971886755098
2018-06-30_16:00:00;0.20877054048703228
2018-06-30_17:00:00;0.2572262918234013
2018-06-30_18:00:00;0.33072658879429817
2018-06-30_19:00:00;0.3902197584636706
2018-06-30_20:00:00;0.4287764799049693
2018-06-30_21:00:00;0.4618392397545041
2018-06-30_22:00:00;0.472678677489606
2018-06-30_23:00:00;0.4627796475945357
2018-07-01_00:00:00;0.44788160760245493
2018-07-01_01:00:00;0.3998713126113641
2018-07-01_02:00:00;0.34151653137992477
2018-07-01_03:00:00;0.2942486636309642
2018-07-01_04:00:00;0.29088299346664026
2018-07-01_05:00:00;0.22941001781825382
2018-07-01_06:00:00;0.21490793902197586
2018-07-01_07:00:00;0.18402296574935656
2018-07-01_08:00:00;0.14695109879231835
2018-07-01_09:00:00;0.12809344684220947
2018-07-01_10:00:00;0.13462680657295584
2018-07-01_11:00:00;0.1519006137398535
2018-07-01_12:00:00;0.16773906157196594
2018-07-01_13:00:00;0.19347653929914868
2018-07-01_14:00:00;0.19055632548010296
2018-07-01_15:00:00;0.2032270837457929
2018-07-01_16:00:00;0.22406454167491585
2018-07-01_17:00:00;0.23628984359532765
2018-07-01_18:00:00;0.24732726192833102
2018-07-01_19:00:00;0.33216194812908334
2018-07-01_20:00:00;0.4182835082161948
2018-07-01_21:00:00;0.41016630370223717
2018-07-01_22:00:00;0.3405761235398931
2018-07-01_23:00:00;0.2770738467630172
2018-07-02_00:00:00;0.2816768956642249
2018-07-02_01:00:00;0.265491981785785
2018-07-02_02:00:00;0.1859037814294199
2018-07-02_03:00:00;0.1368045931498713
2018-07-02_04:00:00;0.10082161948129083
2018-07-02_05:00:00;0.07790536527420312
2018-07-02_06:00:00;0.06820431597703425
2018-07-02_07:00:00;0.05944367451989705
2018-07-02_08:00:00;0.038507226291823404
2018-07-02_09:00:00;0.02796475945357355
2018-07-02_10:00:00;0.04058602256978816
2018-07-02_11:00:00;0.036675905761235396
2018-07-02_12:00:00;0.050089091269055634
2018-07-02_13:00:00;0.039596119580281135
2018-07-02_14:00:00;0.03212235200950307
2018-07-02_15:00:00;0.04113046921401703
2018-07-02_16:00:00;0.06637299544644625
2018-07-02_17:00:00;0.09215996832310433
2018-07-02_18:00:00;0.10690952286675906
2018-07-02_19:00:00;0.13051870916650168
2018-07-02_20:00:00;0.17120372203524054
2018-07-02_21:00:00;0.232676697683627
2018-07-02_22:00:00;0.21188873490397941
2018-07-02_23:00:00;0.20248465650366265
2018-07-03_00:00:00;0.21114630766184914
2018-07-03_01:00:00;0.21134428825975055
2018-07-03_02:00:00;0.2088200356365076
2018-07-03_03:00:00;0.21787764799049694
2018-07-03_04:00:00;0.2114927737081766
2018-07-03_05:00:00;0.18372599485250446
2018-07-03_06:00:00;0.15477133240942387
2018-07-03_07:00:00;0.1398732924173431
2018-07-03_08:00:00;0.1120570184121956
2018-07-03_09:00:00;0.07844981191843199
2018-07-03_10:00:00;0.08409225895862206
2018-07-03_11:00:00;0.09577311423480499
2018-07-03_12:00:00;0.11299742625222728
2018-07-03_13:00:00;0.1291823401306672
2018-07-03_14:00:00;0.15754306078004354
2018-07-03_15:00:00;0.17476737279746585
2018-07-03_16:00:00;0.1677885567214413
2018-07-03_17:00:00;0.17407444070481093
2018-07-03_18:00:00;0.18070679073450802
2018-07-03_19:00:00;0.16506632350029696
2018-07-03_20:00:00;0.1470005939417937
2018-07-03_21:00:00;0.12646010690952286
2018-07-03_22:00:00;0.09562462878637894
2018-07-03_23:00:00;0.0805781033458721
2018-07-04_00:00:00;0.07750940407840032
2018-07-04_01:00:00;0.06548208275588992
2018-07-04_02:00:00;0.0576618491387844
2018-07-04_03:00:00;0.05325678083547812
2018-07-04_04:00:00;0.04999010097010493
2018-07-04_05:00:00;0.04791130469214017
2018-07-04_06:00:00;0.03816076024549594
2018-07-04_07:00:00;0.037220352405464265
2018-07-04_08:00:00;0.039744605028707185
2018-07-04_09:00:00;0.036329439714907936
2018-07-04_10:00:00;0.033409225895862205
2018-07-04_11:00:00;0.030884973272619284
2018-07-04_12:00:00;0.0313799247673728
2018-07-04_13:00:00;0.034151653137992476
2018-07-04_14:00:00;0.03192437141160166
2018-07-04_15:00:00;0.03642843001385864
2018-07-04_16:00:00;0.04687190655315779
2018-07-04_17:00:00;0.05726588794298159
2018-07-04_18:00:00;0.058453771530390025
2018-07-04_19:00:00;0.07919223916056227
2018-07-04_20:00:00;0.09013066719461493
2018-07-04_21:00:00;0.10636507622253019
2018-07-04_22:00:00;0.1101267075826569
2018-07-04_23:00:00;0.12319342704414968
2018-07-05_00:00:00;0.12933082557909326
2018-07-05_01:00:00;0.1468026133438923
2018-07-05_02:00:00;0.16417541080974066
2018-07-05_03:00:00;0.192536131459117
2018-07-05_04:00:00;0.2012967729162542
2018-07-05_05:00:00;0.1978321124529796
2018-07-05_06:00:00;0.18095426648188478
2018-07-05_07:00:00;0.1682835082161948
2018-07-05_08:00:00;0.1646208671550188
2018-07-05_09:00:00;0.1534349633735894
2018-07-05_10:00:00;0.1424965353395367
2018-07-05_11:00:00;0.16100772124331816
2018-07-05_12:00:00;0.19649574341714512
2018-07-05_13:00:00;0.24024945555335578
2018-07-05_14:00:00;0.24138784399128885
2018-07-05_15:00:00;0.25965155414769353
2018-07-05_16:00:00;0.3028113244902
2018-07-05_17:00:00;0.31345278162740053
2018-07-05_18:00:00;0.28969510987923186
2018-07-05_19:00:00;0.27172837061967925
2018-07-05_20:00:00;0.30078202336171056
2018-07-05_21:00:00;0.34295189071470994
2018-07-05_22:00:00;0.3460700851316571
2018-07-05_23:00:00;0.36710552365868143
2018-07-06_00:00:00;0.34206097802415364
2018-07-06_01:00:00;0.4392199564442685
2018-07-06_02:00:00;0.4717877647990497
2018-07-06_03:00:00;0.4596119580281132
2018-07-06_04:00:00;0.5276182934072461
2018-07-06_05:00:00;0.5612749950504851
2018-07-06_06:00:00;0.531973866561077
2018-07-06_07:00:00;0.5357354979212037
2018-07-06_08:00:00;0.5474163531973867
2018-07-06_09:00:00;0.49975252425262323
2018-07-06_10:00:00;0.4653039002177787
2018-07-06_11:00:00;0.4476341318550782
2018-07-06_12:00:00;0.42377746980795883
2018-07-06_13:00:00;0.4350128687388636
2018-07-06_14:00:00;0.4662443080578103
2018-07-06_15:00:00;0.47307463868540883
2018-07-06_16:00:00;0.46936250247475747
2018-07-06_17:00:00;0.4660463274599089
2018-07-06_18:00:00;0.49698079588200356
2018-07-06_19:00:00;0.5257374777271827
2018-07-06_20:00:00;0.5275687982577707
2018-07-06_21:00:00;0.5404375371213621
2018-07-06_22:00:00;0.5587012472777668
2018-07-06_23:00:00;0.5815185111859038
2018-07-07_00:00:00;0.5491981785784993
2018-07-07_01:00:00;0.5319243714116016
2018-07-07_02:00:00;0.5060384082359929
2018-07-07_03:00:00;0.46926351217580675
2018-07-07_04:00:00;0.46490793902197586
2018-07-07_05:00:00;0.4554543654721837
2018-07-07_06:00:00;0.46451197782617304
2018-07-07_07:00:00;0.4701544248663631
2018-07-07_08:00:00;0.45758265689962385
2018-07-07_09:00:00;0.42065927539101167
2018-07-07_10:00:00;0.4035339536725401
2018-07-07_11:00:00;0.4102652940011879
2018-07-07_12:00:00;0.43303306275984954
2018-07-07_13:00:00;0.4494654523856662
2018-07-07_14:00:00;0.4650069293209266
2018-07-07_15:00:00;0.46421500692932094
2018-07-07_16:00:00;0.45946347257968717
2018-07-07_17:00:00;0.45070283112255
2018-07-07_18:00:00;0.46461096812512376
2018-07-07_19:00:00;0.4179865373193427
2018-07-07_20:00:00;0.4074440704810929
2018-07-07_21:00:00;0.37893486438329044
2018-07-07_22:00:00;0.3679964363492378
2018-07-07_23:00:00;0.3645812710354385
2018-07-08_00:00:00;0.3473074638685409
2018-07-08_01:00:00;0.317461888734904
2018-07-08_02:00:00;0.2986042367847951
2018-07-08_03:00:00;0.2796475945357355
2018-07-08_04:00:00;0.2466343298356761
2018-07-08_05:00:00;0.2133240942387646
2018-07-08_06:00:00;0.18441892694515938
2018-07-08_07:00:00;0.16140368243912095
2018-07-08_08:00:00;0.13541872896456147
2018-07-08_09:00:00;0.11037418333003365
2018-07-08_10:00:00;0.104929716887745
2018-07-08_11:00:00;0.10062363888338943
2018-07-08_12:00:00;0.09978222134230845
2018-07-08_13:00:00;0.09314987131261136
2018-07-08_14:00:00;0.10547416353197386
2018-07-08_15:00:00;0.11769946545238566
2018-07-08_16:00:00;0.13606216590774103
2018-07-08_17:00:00;0.1309146703623045
2018-07-08_18:00:00;0.11646208671550189
2018-07-08_19:00:00;0.10958226093842803
2018-07-08_20:00:00;0.12809344684220947
2018-07-08_21:00:00;0.13155810730548406
2018-07-08_22:00:00;0.15491981785784992
2018-07-08_23:00:00;0.18328053850722628
2018-07-09_00:00:00;0.2306473965551376
2018-07-09_01:00:00;0.2674222926153237
2018-07-09_02:00:00;0.33701247277766777
2018-07-09_03:00:00;0.34582260938428033
2018-07-09_04:00:00;0.42640071273015245
2018-07-09_05:00:00;0.4559988121164126
2018-07-09_06:00:00;0.5200455355375173
2018-07-09_07:00:00;0.6452682637101564
2018-07-09_08:00:00;0.6936745198970501
2018-07-09_09:00:00;0.6617996436349238
2018-07-09_10:00:00;0.7361413581469016
2018-07-09_11:00:00;0.7688081568006335
2018-07-09_12:00:00;0.8018709166501683
2018-07-09_13:00:00;0.8007325282122352
2018-07-09_14:00:00;0.8036032468818056
2018-07-09_15:00:00;0.7882597505444466
2018-07-09_16:00:00;0.7662344090279153
2018-07-09_17:00:00;0.7425757275786973
2018-07-09_18:00:00;0.7671253217184716
2018-07-09_19:00:00;0.7816768956642249
2018-07-09_20:00:00;0.8246386854088299
2018-07-09_21:00:00;0.8309740645416749
2018-07-09_22:00:00;0.8168679469411998
2018-07-09_23:00:00;0.8219164521876856
2018-07-10_00:00:00;0.8064244704019006
2018-07-10_01:00:00;0.7547020392001584
2018-07-10_02:00:00;0.6754603048901208
2018-07-10_03:00:00;0.5939912888536923
2018-07-10_04:00:00;0.5754801029499109
2018-07-10_05:00:00;0.5302415363294397
2018-07-10_06:00:00;0.5002474757473767
2018-07-10_07:00:00;0.4799544644624827
2018-07-10_08:00:00;0.46901603642843004
2018-07-10_09:00:00;0.4124925757275787
2018-07-10_10:00:00;0.301128489408038
2018-07-10_11:00:00;0.23035042565828548
2018-07-10_12:00:00;0.2165907741041378
2018-07-10_13:00:00;0.19347653929914868
2018-07-10_14:00:00;0.18234013066719462
2018-07-10_15:00:00;0.1585329637695506
2018-07-10_16:00:00;0.16457137200554345
2018-07-10_17:00:00;0.13729954464462482
2018-07-10_18:00:00;0.13205305880023757
2018-07-10_19:00:00;0.12556919421896653
2018-07-10_20:00:00;0.14412987527222332
2018-07-10_21:00:00;0.13715105919619877
2018-07-10_22:00:00;0.14601069095228666
2018-07-10_23:00:00;0.16031478915066324
2018-07-11_00:00:00;0.2056028509206098
2018-07-11_01:00:00;0.22010492971688775
2018-07-11_02:00:00;0.21520490991882796
2018-07-11_03:00:00;0.23752722233221144
2018-07-11_04:00:00;0.31503662641061175
2018-07-11_05:00:00;0.3104335775094041
2018-07-11_06:00:00;0.2816768956642249
2018-07-11_07:00:00;0.2291130469214017
2018-07-11_08:00:00;0.18516135418728966
2018-07-11_09:00:00;0.19189269451593743
2018-07-11_10:00:00;0.1751138388437933
2018-07-11_11:00:00;0.13675509800039595
2018-07-11_12:00:00;0.13338942783607208
2018-07-11_13:00:00;0.17437141160166303
2018-07-11_14:00:00;0.25965155414769353
2018-07-11_15:00:00;0.395070283112255
2018-07-11_16:00:00;0.43684418926945157
2018-07-11_17:00:00;0.4986636309641655
2018-07-11_18:00:00;0.49381310631558106
2018-07-11_19:00:00;0.44798059790140565
2018-07-11_20:00:00;0.4228865571174025
2018-07-11_21:00:00;0.3775490001979806
2018-07-11_22:00:00;0.34681251237378735
2018-07-11_23:00:00;0.25237576717481686
2018-07-12_00:00:00;0.2218867550980004
2018-07-12_01:00:00;0.23846763017224312
2018-07-12_02:00:00;0.28286477925163334
2018-07-12_03:00:00;0.27044149673332013
2018-07-12_04:00:00;0.23500296970896853
2018-07-12_05:00:00;0.2580182142150069
2018-07-12_06:00:00;0.23881409621857058
2018-07-12_07:00:00;0.22178776479904969
2018-07-12_08:00:00;0.1884775292021382
2018-07-12_09:00:00;0.1661552167887547
2018-07-12_10:00:00;0.16867946941199763
2018-07-12_11:00:00;0.14531775885963175
2018-07-12_12:00:00;0.11863987329241735
2018-07-12_13:00:00;0.10978024153632944
2018-07-12_14:00:00;0.14002177786576916
2018-07-12_15:00:00;0.1712532171847159
2018-07-12_16:00:00;0.22475747376757077
2018-07-12_17:00:00;0.26192833102355967
2018-07-12_18:00:00;0.2748465650366264
2018-07-12_19:00:00;0.2856860027717284
2018-07-12_20:00:00;0.27727182736091865
2018-07-12_21:00:00;0.26390813700257376
2018-07-12_22:00:00;0.23831914472381707
2018-07-12_23:00:00;0.21381904573351812
2018-07-13_00:00:00;0.24034844585230647
2018-07-13_01:00:00;0.2683627004553554
2018-07-13_02:00:00;0.3037517323302316
2018-07-13_03:00:00;0.29405068303306275
2018-07-13_04:00:00;0.28766580875074244
2018-07-13_05:00:00;0.2824688180558305
2018-07-13_06:00:00;0.2689566422490596
2018-07-13_07:00:00;0.21936250247475747
2018-07-13_08:00:00;0.183379528806177
2018-07-13_09:00:00;0.15491981785784992
2018-07-13_10:00:00;0.134082359928727
2018-07-13_11:00:00;0.15180162344090278
2018-07-13_12:00:00;0.15501880815680064
2018-07-13_13:00:00;0.15323698277568798
2018-07-13_14:00:00;0.14254603048901207
2018-07-13_15:00:00;0.1365076222530192
2018-07-13_16:00:00;0.10903781429419916
2018-07-13_17:00:00;0.06741239358542862
2018-07-13_18:00:00;0.06558107305484062
2018-07-13_19:00:00;0.06973866561077015
2018-07-13_20:00:00;0.08339932686596714
2018-07-13_21:00:00;0.06934270441496733
2018-07-13_22:00:00;0.05543456741239359
2018-07-13_23:00:00;0.06409621857058008
2018-07-14_00:00:00;0.0804791130469214
2018-07-14_01:00:00;0.08869530785982974
2018-07-14_02:00:00;0.10705800831518511
2018-07-14_03:00:00;0.10616709562462878
2018-07-14_04:00:00;0.10740447436151257
2018-07-14_05:00:00;0.0978024153632944
2018-07-14_06:00:00;0.08330033656701644
2018-07-14_07:00:00;0.08270639477331222
2018-07-14_08:00:00;0.08993268659671352
2018-07-14_09:00:00;0.10240546426450207
2018-07-14_10:00:00;0.08874480300930508
2018-07-14_11:00:00;0.0818154820827559
2018-07-14_12:00:00;0.07849930706790735
2018-07-14_13:00:00;0.0771134428825975
2018-07-14_14:00:00;0.0768164719857454
2018-07-14_15:00:00;0.09651554147693527
2018-07-14_16:00:00;0.11398732924173431
2018-07-14_17:00:00;0.10478123143931894
2018-07-14_18:00:00;0.08716095822609385
2018-07-14_19:00:00;0.07038210255394971
2018-07-14_20:00:00;0.060631558107305486
2018-07-14_21:00:00;0.04603048901207682
2018-07-14_22:00:00;0.04063551771926351
2018-07-14_23:00:00;0.029994060582062956
2018-07-15_00:00:00;0.027667788556721442
2018-07-15_01:00:00;0.02692536131459117
2018-07-15_02:00:00;0.03489408038012275
2018-07-15_03:00:00;0.04113046921401703
2018-07-15_04:00:00;0.039942585626608594
2018-07-15_05:00:00;0.04325876064145714
2018-07-15_06:00:00;0.048307265887942985
2018-07-15_07:00:00;0.04509008117204514
2018-07-15_08:00:00;0.043753712136210654
2018-07-15_09:00:00;0.04093248861611562
2018-07-15_10:00:00;0.03821025539497129
2018-07-15_11:00:00;0.03553751732330231
2018-07-15_12:00:00;0.024302118392397546
2018-07-15_13:00:00;0.019105127697485645
2018-07-15_14:00:00;0.014254603048901207
2018-07-15_15:00:00;0.01648188477529202
2018-07-15_16:00:00;0.02410413779449614
2018-07-15_17:00:00;0.027667788556721442
2018-07-15_18:00:00;0.02905365274203128
2018-07-15_19:00:00;0.027915264304098197
2018-07-15_20:00:00;0.038309245693921995
2018-07-15_21:00:00;0.04622846960997822
2018-07-15_22:00:00;0.046624430805781034
2018-07-15_23:00:00;0.04241734310037616
2018-07-16_00:00:00;0.05142546030489012
2018-07-16_01:00:00;0.06394773312215403
2018-07-16_02:00:00;0.06795684022965749
2018-07-16_03:00:00;0.0732528212235201
2018-07-16_04:00:00;0.06800633537913285
2018-07-16_05:00:00;0.05771134428825975
2018-07-16_06:00:00;0.04578301326470006
2018-07-16_07:00:00;0.030736487824193227
2018-07-16_08:00:00;0.02410413779449614
2018-07-16_09:00:00;0.017719263512175808
2018-07-16_10:00:00;0.009156602652940013
2018-07-16_11:00:00;0.0032666798653731934
2018-07-16_12:00:00;0.002276776875866165
2018-07-16_13:00:00;0.004949514947535142
2018-07-16_14:00:00;0.010888932884577311
2018-07-16_15:00:00;0.015442486636309642
2018-07-16_16:00:00;0.02301524450603841
2018-07-16_17:00:00;0.029251633339932685
2018-07-16_18:00:00;0.03335973074638685
2018-07-16_19:00:00;0.04969313007325282
2018-07-16_20:00:00;0.08166699663432983
2018-07-16_21:00:00;0.09814888140962186
2018-07-16_22:00:00;0.11567016432389626
2018-07-16_23:00:00;0.10903781429419916
2018-07-17_00:00:00;0.09458523064739656
2018-07-17_01:00:00;0.09151653137992477
2018-07-17_02:00:00;0.08359730746386854
2018-07-17_03:00:00;0.0685507820233617
2018-07-17_04:00:00;0.04637695505840428
2018-07-17_05:00:00;0.03746782815284102
2018-07-17_06:00:00;0.03316175014848545
2018-07-17_07:00:00;0.035092060978024156
2018-07-17_08:00:00;0.030934468422094633
2018-07-17_09:00:00;0.03078598297366858
2018-07-17_10:00:00;0.025391011680855276
2018-07-17_11:00:00;0.020045535537517322
2018-07-17_12:00:00;0.029944565432587607
2018-07-17_13:00:00;0.048455751336369035
2018-07-17_14:00:00;0.10641457137200554
2018-07-17_15:00:00;0.21188873490397941
2018-07-17_16:00:00;0.2730152445060384
2018-07-17_17:00:00;0.3650267273807167
2018-07-17_18:00:00;0.4185804791130469
2018-07-17_19:00:00;0.3692338150861216
2018-07-17_20:00:00;0.2817758859631756
2018-07-17_21:00:00;0.2559889130865175
2018-07-17_22:00:00;0.25524648584438725
2018-07-17_23:00:00;0.2766778855672144
2018-07-18_00:00:00;0.3005345476143338
2018-07-18_01:00:00;0.31434369431795683
2018-07-18_02:00:00;0.33473569590180163
2018-07-18_03:00:00;0.33612156008711147
2018-07-18_04:00:00;0.3529994060582063
2018-07-18_05:00:00;0.33562660859235793
2018-07-18_06:00:00;0.3071668976440309
2018-07-18_07:00:00;0.23356761037418333
2018-07-18_08:00:00;0.18209265491981785
2018-07-18_09:00:00;0.13507226291823402
2018-07-18_10:00:00;0.11661057216392794
2018-07-18_11:00:00;0.09438725004949515
2018-07-18_12:00:00;0.07513363690358345
2018-07-18_13:00:00;0.06572955850326669
2018-07-18_14:00:00;0.05865175212829143
2018-07-18_15:00:00;0.07216392793506236
2018-07-18_16:00:00;0.04860423678479509
2018-07-18_17:00:00;0.02935062363888339
2018-07-18_18:00:00;0.025687982577707383
2018-07-18_19:00:00;0.02212433181548208
2018-07-18_20:00:00;0.0261829340724609
2018-07-18_21:00:00;0.037566818451791724
2018-07-18_22:00:00;0.044842605424668384
2018-07-18_23:00:00;0.041179964363492375
2018-07-19_00:00:00;0.06770936448228074
2018-07-19_01:00:00;0.07350029697089686
2018-07-19_02:00:00;0.08542862799445654
2018-07-19_03:00:00;0.10933478519105128
2018-07-19_04:00:00;0.12472777667788557
2018-07-19_05:00:00;0.12576717481686794
2018-07-19_06:00:00;0.12393585428627994
2018-07-19_07:00:00;0.1287863789348644
2018-07-19_08:00:00;0.12487626212631162
2018-07-19_09:00:00;0.1101267075826569
2018-07-19_10:00:00;0.09814888140962186
2018-07-19_11:00:00;0.1032963769550584
2018-07-19_12:00:00;0.10225697881607602
2018-07-19_13:00:00;0.08607206493763611
2018-07-19_14:00:00;0.08671550188081568
2018-07-19_15:00:00;0.08132053058800237
2018-07-19_16:00:00;0.09339734705998812
2018-07-19_17:00:00;0.09473371609582261
2018-07-19_18:00:00;0.11086913482478718
2018-07-19_19:00:00;0.11809542664818848
2018-07-19_20:00:00;0.11007721243318155
2018-07-19_21:00:00;0.10423678479509008
2018-07-19_22:00:00;0.07948921005741437
2018-07-19_23:00:00;0.051326470005939415
2018-07-20_00:00:00;0.035784993070679075
2018-07-20_01:00:00;0.022520293011284893
2018-07-20_02:00:00;0.020095030686992674
2018-07-20_03:00:00;0.027073846763017224
2018-07-20_04:00:00;0.030983963571569986
2018-07-20_05:00:00;0.02588596317560879
2018-07-20_06:00:00;0.025242526232429223
2018-07-20_07:00:00;0.029400118788358742
2018-07-20_08:00:00;0.030241536329439715
2018-07-20_09:00:00;0.03825975054444664
2018-07-20_10:00:00;0.03682439120966145
2018-07-20_11:00:00;0.03702237180756286
2018-07-20_12:00:00;0.03296376955058404
2018-07-20_13:00:00;0.02860819639675312
2018-07-20_14:00:00;0.03538903187487626
2018-07-20_15:00:00;0.04504058602256979
2018-07-20_16:00:00;0.055484062561868934
2018-07-20_17:00:00;0.07137200554345674
2018-07-20_18:00:00;0.07924173431003761
2018-07-20_19:00:00;0.08483468620075232
2018-07-20_20:00:00;0.10720649376361116
2018-07-20_21:00:00;0.1202237180756286
2018-07-20_22:00:00;0.12007523262720253
2018-07-20_23:00:00;0.1152247079786181
2018-07-21_00:00:00;0.12047119382300535
2018-07-21_01:00:00;0.11799643634923777
2018-07-21_02:00:00;0.11245297960799841
2018-07-21_03:00:00;0.10780043555731539
2018-07-21_04:00:00;0.11319540685012869
2018-07-21_05:00:00;0.11131459117006533
2018-07-21_06:00:00;0.11581864977232231
2018-07-21_07:00:00;0.11250247475747377
2018-07-21_08:00:00;0.10077212433181548
2018-07-21_09:00:00;0.08448822015442486
2018-07-21_10:00:00;0.07255988913086517
2018-07-21_11:00:00;0.060384082359928724
2018-07-21_12:00:00;0.04731736289843595
2018-07-21_13:00:00;0.04152643040981984
2018-07-21_14:00:00;0.050584042763809144
2018-07-21_15:00:00;0.053553751732330235
2018-07-21_16:00:00;0.05637497525242526
2018-07-21_17:00:00;0.09611958028113245
2018-07-21_18:00:00;0.10339536725400911
2018-07-21_19:00:00;0.09206097802415364
2018-07-21_20:00:00;0.0646901603642843
2018-07-21_21:00:00;0.039249653533953675
2018-07-21_22:00:00;0.02969708968521085
2018-07-21_23:00:00;0.021530390021777864
2018-07-22_00:00:00;0.016531379924767373
2018-07-22_01:00:00;0.01118590378142942
2018-07-22_02:00:00;0.007721243318154821
2018-07-22_03:00:00;0.008117204513957633
2018-07-22_04:00:00;0.020490991882795486
2018-07-22_05:00:00;0.04924767372797466
2018-07-22_06:00:00;0.07741041377944961
2018-07-22_07:00:00;0.06157196594733716
2018-07-22_08:00:00;0.05340526628390418
2018-07-22_09:00:00;0.05617699465452386
2018-07-22_10:00:00;0.06582854880221738
2018-07-22_11:00:00;0.05518709166501683
2018-07-22_12:00:00;0.059295189071470994
2018-07-22_13:00:00;0.0645911700653336
2018-07-22_14:00:00;0.0594931696693724
2018-07-22_15:00:00;0.06706592753910116
2018-07-22_16:00:00;0.05979014056622451
2018-07-22_17:00:00;0.04657493565630568
2018-07-22_18:00:00;0.039051672936052266
2018-07-22_19:00:00;0.03934864383290437
2018-07-22_20:00:00;0.0315779053652742
2018-07-22_21:00:00;0.020342506434369433
2018-07-22_22:00:00;0.0227182736091863
2018-07-22_23:00:00;0.024896060186101764
2018-07-23_00:00:00;0.02103543852702435
2018-07-23_01:00:00;0.017620273213225103
2018-07-23_02:00:00;0.02697485646406652
2018-07-23_03:00:00;0.03152841021579885
2018-07-23_04:00:00;0.027073846763017224
2018-07-23_05:00:00;0.016927341120570184
2018-07-23_06:00:00;0.0156899623836864
2018-07-23_07:00:00;0.024648584438725005
2018-07-23_08:00:00;0.023163729954464463
2018-07-23_09:00:00;0.014106117600475154
2018-07-23_10:00:00;0.007572757869728767
2018-07-23_11:00:00;0.012472777667788556
2018-07-23_12:00:00;0.01722431201742229
2018-07-23_13:00:00;0.029895070283112255
2018-07-23_14:00:00;0.039051672936052266
2018-07-23_15:00:00;0.035784993070679075
2018-07-23_16:00:00;0.03538903187487626
2018-07-23_17:00:00;0.03395367254009107
2018-07-23_18:00:00;0.02652940011878836
2018-07-23_19:00:00;0.02553949712928133
2018-07-23_20:00:00;0.024995050485052465
2018-07-23_21:00:00;0.02138190457335181
2018-07-23_22:00:00;0.020392001583844785
2018-07-23_23:00:00;0.019055632548010296
2018-07-24_00:00:00;0.02237180756285884
2018-07-24_01:00:00;0.034498119184319935
2018-07-24_02:00:00;0.0331122549990101
2018-07-24_03:00:00;0.030538507226291825
2018-07-24_04:00:00;0.027222332211443278
2018-07-24_05:00:00;0.026776875866165117
2018-07-24_06:00:00;0.03078598297366858
2018-07-24_07:00:00;0.04216986735299941
2018-07-24_08:00:00;0.045387052068897246
2018-07-24_09:00:00;0.03256780835478123
2018-07-24_10:00:00;0.024302118392397546
2018-07-24_11:00:00;0.027717283706196794
2018-07-24_12:00:00;0.03801227479706989
2018-07-24_13:00:00;0.039249653533953675
2018-07-24_14:00:00;0.023906157196594734
2018-07-24_15:00:00;0.013809146703623045
2018-07-24_16:00:00;0.007919223916056227
2018-07-24_17:00:00;0.008958622055038607
2018-07-24_18:00:00;0.007622253019204118
2018-07-24_19:00:00;0.007077806374975252
2018-07-24_20:00:00;0.009651554147693526
2018-07-24_21:00:00;0.016630370223718077
2018-07-24_22:00:00;0.018065729558503267
2018-07-24_23:00:00;0.01955058404276381
2018-07-25_00:00:00;0.015096020589982181
2018-07-25_01:00:00;0.025094040784003166
2018-07-25_02:00:00;0.02697485646406652
2018-07-25_03:00:00;0.03573549792120372
2018-07-25_04:00:00;0.045238566620471196
2018-07-25_05:00:00;0.04711938230053455
2018-07-25_06:00:00;0.057166897644030885
2018-07-25_07:00:00;0.0644921797663829
2018-07-25_08:00:00;0.06231439318946743
2018-07-25_09:00:00;0.057166897644030885
2018-07-25_10:00:00;0.05122747970698872
2018-07-25_11:00:00;0.05909720847356959
2018-07-25_12:00:00;0.056424470401900614
2018-07-25_13:00:00;0.05563254801029499
2018-07-25_14:00:00;0.07755889922787566
2018-07-25_15:00:00;0.08379528806176995
2018-07-25_16:00:00;0.11294793110275193
2018-07-25_17:00:00;0.13205305880023757
2018-07-25_18:00:00;0.11527420312809344
2018-07-25_19:00:00;0.1068600277172837
2018-07-25_20:00:00;0.0945357354979212
2018-07-25_21:00:00;0.0890417739061572
2018-07-25_22:00:00;0.09933676499703029
2018-07-25_23:00:00;0.11215600871114631
2018-07-26_00:00:00;0.1263116214610968
2018-07-26_01:00:00;0.1290833498317165
2018-07-26_02:00:00;0.12997426252227282
2018-07-26_03:00:00;0.12675707780637496
2018-07-26_04:00:00;0.13779449613937833
2018-07-26_05:00:00;0.13546822411403683
2018-07-26_06:00:00;0.11042367847950901
2018-07-26_07:00:00;0.10953276578895269
2018-07-26_08:00:00;0.12007523262720253
2018-07-26_09:00:00;0.1317065927539101
2018-07-26_10:00:00;0.1400712730152445
2018-07-26_11:00:00;0.1501682835082162
2018-07-26_12:00:00;0.1588299346664027
2018-07-26_13:00:00;0.18600277172837063
2018-07-26_14:00:00;0.20911700653335974
2018-07-26_15:00:00;0.23708176598693328
2018-07-26_16:00:00;0.2757374777271827
2018-07-26_17:00:00;0.35037616313601266
2018-07-26_18:00:00;0.39135814690160364
2018-07-26_19:00:00;0.46099782221342306
2018-07-26_20:00:00;0.5824589190259355
2018-07-26_21:00:00;0.621560087111463
2018-07-26_22:00:00;0.6245792912294595
2018-07-26_23:00:00;0.6216590774104138
2018-07-27_00:00:00;0.622253019204118
2018-07-27_01:00:00;0.6078994258562661
2018-07-27_02:00:00;0.5716194812908335
2018-07-27_03:00:00;0.5410314789150663
2018-07-27_04:00:00;0.5261334389229856
2018-07-27_05:00:00;0.5256879825777074
2018-07-27_06:00:00;0.5301920411799643
2018-07-27_07:00:00;0.5125222728172639
2018-07-27_08:00:00;0.4447634131855078
2018-07-27_09:00:00;0.37200554345674125
2018-07-27_10:00:00;0.32686596713522076
2018-07-27_11:00:00;0.3283013264700059
2018-07-27_12:00:00;0.34498119184319936
2018-07-27_13:00:00;0.3537913284498119
2018-07-27_14:00:00;0.4143238962581667
2018-07-27_15:00:00;0.42659869332805384
2018-07-27_16:00:00;0.5041575925559295
2018-07-27_17:00:00;0.6032963769550584
2018-07-27_18:00:00;0.6806078004355574
2018-07-27_19:00:00;0.6910017818253811
2018-07-27_20:00:00;0.6254207087705405
2018-07-27_21:00:00;0.6249752524252623
2018-07-27_22:00:00;0.6195307859829736
2018-07-27_23:00:00;0.6150267273807167
2018-07-28_00:00:00;0.6356167095624629
2018-07-28_01:00:00;0.6422985547416353
2018-07-28_02:00:00;0.6473965551375965
2018-07-28_03:00:00;0.6431894674321916
2018-07-28_04:00:00;0.6421995644426847
2018-07-28_05:00:00;0.6649673332013463
2018-07-28_06:00:00;0.6808552761829341
2018-07-28_07:00:00;0.596070085131657
2018-07-28_08:00:00;0.49465452385666203
2018-07-28_09:00:00;0.40279152643040983
2018-07-28_10:00:00;0.34339734705998815
2018-07-28_11:00:00;0.3683923975450406
2018-07-28_12:00:00;0.2576222530192041
2018-07-28_13:00:00;0.17966739259552564
2018-07-28_14:00:00;0.146901603642843
2018-07-28_15:00:00;0.2133240942387646
2018-07-28_16:00:00;0.25678083547812314
2018-07-28_17:00:00;0.341269055632548
2018-07-28_18:00:00;0.4185804791130469
2018-07-28_19:00:00;0.440704810928529
2018-07-28_20:00:00;0.4694119976242328
2018-07-28_21:00:00;0.4172936052266878
2018-07-28_22:00:00;0.3642348049891111
2018-07-28_23:00:00;0.4046228469609978
2018-07-29_00:00:00;0.3788358740843397
2018-07-29_01:00:00;0.35883983369629774
2018-07-29_02:00:00;0.36047317362898434
2018-07-29_03:00:00;0.3564640665214809
2018-07-29_04:00:00;0.38878439912888535
2018-07-29_05:00:00;0.3773510196000792
2018-07-29_06:00:00;0.3306770936448228
2018-07-29_07:00:00;0.3049891110671154
2018-07-29_08:00:00;0.24485250445456344
2018-07-29_09:00:00;0.20792912294595128
2018-07-29_10:00:00;0.15581073054840625
2018-07-29_11:00:00;0.18709166501682836
2018-07-29_12:00:00;0.2973668580479113
2018-07-29_13:00:00;0.4503068699267472
2018-07-29_14:00:00;0.4793110275193031
2018-07-29_15:00:00;0.42976638289447633
2018-07-29_16:00:00;0.3634923777469808
2018-07-29_17:00:00;0.30845377153039
2018-07-29_18:00:00;0.19679271431399722
2018-07-29_19:00:00;0.08186497723223124
2018-07-29_20:00:00;0.044149673332013466
2018-07-29_21:00:00;0.07196594733716095
2018-07-29_22:00:00;0.1013660661255197
2018-07-29_23:00:00;0.17867748960601862
2018-07-30_00:00:00;0.2843991288853692
2018-07-30_01:00:00;0.290981983765591
2018-07-30_02:00:00;0.3590873094436745
2018-07-30_03:00:00;0.28865571174024945
2018-07-30_04:00:00;0.2492080776083944
2018-07-30_05:00:00;0.24376361116610573
2018-07-30_06:00:00;0.23015244506038407
2018-07-30_07:00:00;0.204365472183726
2018-07-30_08:00:00;0.1848148881409622
2018-07-30_09:00:00;0.12809344684220947
2018-07-30_10:00:00;0.07260938428034053
2018-07-30_11:00:00;0.03929914868342902
2018-07-30_12:00:00;0.02588596317560879
2018-07-30_13:00:00;0.021876856068105327
2018-07-30_14:00:00;0.037616313601267076
2018-07-30_15:00:00;0.06647198574539695
2018-07-30_16:00:00;0.12042169867352999
2018-07-30_17:00:00;0.15798851712532172
2018-07-30_18:00:00;0.1790734508018214
2018-07-30_19:00:00;0.19768362700455355
2018-07-30_20:00:00;0.2433676499703029
2018-07-30_21:00:00;0.3305781033458721
2018-07-30_22:00:00;0.37556919421896656
2018-07-30_23:00:00;0.4335775094040784
2018-07-31_00:00:00;0.49608988319144726
2018-07-31_01:00:00;0.46614531775885965
2018-07-31_02:00:00;0.32364878241932293
2018-07-31_03:00:00;0.17105523658681449
2018-07-31_04:00:00;0.10210849336764997
2018-07-31_05:00:00;0.06513561670956246
2018-07-31_06:00:00;0.039398138982379725
2018-07-31_07:00:00;0.0244506038408236
2018-07-31_08:00:00;0.019699069491189863
2018-07-31_09:00:00;0.02519303108295387
2018-07-31_10:00:00;0.02227281726390814
2018-07-31_11:00:00;0.045387052068897246
2018-07-31_12:00:00;0.0823104335775094
2018-07-31_13:00:00;0.11774896060186102
2018-07-31_14:00:00;0.10438527024351614
2018-07-31_15:00:00;0.052959809938626014
2018-07-31_16:00:00;0.04563452781627401
2018-07-31_17:00:00;0.06409621857058008
2018-07-31_18:00:00;0.08132053058800237
2018-07-31_19:00:00;0.11180954266481885
2018-07-31_20:00:00;0.14635715699861412
2018-07-31_21:00:00;0.17402494555533557
2018-07-31_22:00:00;0.12685606810532568
2018-07-31_23:00:00;0.08320134626806573
2018-08-01_00:00:00;0.043753712136210654
2018-08-01_01:00:00;0.01781825381112651
2018-08-01_02:00:00;0.012819243714116017
2018-08-01_03:00:00;0.00593941793704217
2018-08-01_04:00:00;0.0030686992674717876
2018-08-01_05:00:00;0.00524648584438725
2018-08-01_06:00:00;0.010641457137200555
2018-08-01_07:00:00;0.011433379528806176
2018-08-01_08:00:00;0.007968719065531578
2018-08-01_09:00:00;0.003217184715897842
2018-08-01_10:00:00;0.006533359730746387
2018-08-01_11:00:00;0.007325282122352009
2018-08-01_12:00:00;0.014403088497327262
2018-08-01_13:00:00;0.020490991882795486
2018-08-01_14:00:00;0.03207285686002772
2018-08-01_15:00:00;0.022421302712334192
2018-08-01_16:00:00;0.02687586616511582
2018-08-01_17:00:00;0.029944565432587607
2018-08-01_18:00:00;0.020144525836468027
2018-08-01_19:00:00;0.018412195604830726
2018-08-01_20:00:00;0.027667788556721442
2018-08-01_21:00:00;0.028410215798851713
2018-08-01_22:00:00;0.030489012076816473
2018-08-01_23:00:00;0.029103147891506632
2018-08-02_00:00:00;0.023658681449217976
2018-08-02_01:00:00;0.023312215402890517
2018-08-02_02:00:00;0.01435359334785191
2018-08-02_03:00:00;0.017768758661651157
2018-08-02_04:00:00;0.027667788556721442
2018-08-02_05:00:00;0.03355771134428826
2018-08-02_06:00:00;0.020144525836468027
2018-08-02_07:00:00;0.02826173035042566
2018-08-02_08:00:00;0.03420114828746783
2018-08-02_09:00:00;0.03009305088101366
2018-08-02_10:00:00;0.029400118788358742
2018-08-02_11:00:00;0.025044545634527817
2018-08-02_12:00:00;0.012027321322510394
2018-08-02_13:00:00;0.005295980993862601
2018-08-02_14:00:00;0.00905761235398931
2018-08-02_15:00:00;0.011581864977232232
2018-08-02_16:00:00;0.011977826173035043
2018-08-02_17:00:00;0.013413185507820233
2018-08-02_18:00:00;0.008265689962383686
2018-08-02_19:00:00;0.011037418333003366
2018-08-02_20:00:00;0.015244506038408236
2018-08-02_21:00:00;0.014799049693130074
2018-08-02_22:00:00;0.01009701049297169
2018-08-02_23:00:00;0.010245495941397743
2018-08-03_00:00:00;0.007275786972876658
2018-08-03_01:00:00;0.005147495545436547
2018-08-03_02:00:00;0.004405068303306276
2018-08-03_03:00:00;0.00767174816867947
2018-08-03_04:00:00;0.005493961591764007
2018-08-03_05:00:00;0.0015838447832112453
2018-08-03_06:00:00;0.0013858641853098396
2018-08-03_07:00:00;0.0016333399326865967
2018-08-03_08:00:00;0.0015343496337358938
2018-08-03_09:00:00;0.0015343496337358938
2018-08-03_10:00:00;0.0015838447832112453
2018-08-03_11:00:00;0.0024252623242922195
2018-08-03_12:00:00;0.0047020392001583845
2018-08-03_13:00:00;0.007869728766580875
2018-08-03_14:00:00;0.011482874678281529
2018-08-03_15:00:00;0.011779845575133637
2018-08-03_16:00:00;0.012175806770936447
2018-08-03_17:00:00;0.019996040388041973
2018-08-03_18:00:00;0.028558701247277767
2018-08-03_19:00:00;0.03910116808552762
2018-08-03_20:00:00;0.03207285686002772
2018-08-03_21:00:00;0.013066719461492774
2018-08-03_22:00:00;0.027568798257770737
2018-08-03_23:00:00;0.042664818847752924
2018-08-04_00:00:00;0.05102949910908731
2018-08-04_01:00:00;0.045238566620471196
2018-08-04_02:00:00;0.02514353593347852
2018-08-04_03:00:00;0.012621263116214611
2018-08-04_04:00:00;0.0077707384676301726
2018-08-04_05:00:00;0.015442486636309642
2018-08-04_06:00:00;0.014898039992080775
2018-08-04_07:00:00;0.013215204909918827
2018-08-04_08:00:00;0.01781825381112651
2018-08-04_09:00:00;0.02860819639675312
2018-08-04_10:00:00;0.03202336171055237
2018-08-04_11:00:00;0.03202336171055237
2018-08-04_12:00:00;0.040685012868738865
2018-08-04_13:00:00;0.07335181152247079
2018-08-04_14:00:00;0.09666402692536132
2018-08-04_15:00:00;0.12131261136408632
2018-08-04_16:00:00;0.16283904177390615
2018-08-04_17:00:00;0.18936844189269453
2018-08-04_18:00:00;0.25168283508216194
2018-08-04_19:00:00;0.24415957236190852
2018-08-04_20:00:00;0.2671748168679469
2018-08-04_21:00:00;0.311126509602059
2018-08-04_22:00:00;0.3400316768956642
2018-08-04_23:00:00;0.34804989111067114
2018-08-05_00:00:00;0.3674519897050089
2018-08-05_01:00:00;0.3736883785389032
2018-08-05_02:00:00;0.3393387448030093
2018-08-05_03:00:00;0.3568600277172837
2018-08-05_04:00:00;0.3739853494357553
2018-08-05_05:00:00;0.3676499703029103
2018-08-05_06:00:00;0.28514155612749953
2018-08-05_07:00:00;0.2625222728172639
2018-08-05_08:00:00;0.2893486438329044
2018-08-05_09:00:00;0.3330528608196397
2018-08-05_10:00:00;0.3733419124925757
2018-08-05_11:00:00;0.3912591566026529
2018-08-05_12:00:00;0.39734705998812114
2018-08-05_13:00:00;0.3457236190853296
2018-08-05_14:00:00;0.3196891704612948
2018-08-05_15:00:00;0.29568402296574936
2018-08-05_16:00:00;0.28578499307067906
2018-08-05_17:00:00;0.26197782617303506
2018-08-05_18:00:00;0.2168877450009899
2018-08-05_19:00:00;0.18788358740843397
2018-08-05_20:00:00;0.15942387646010692
2018-08-05_21:00:00;0.1420015838447832
2018-08-05_22:00:00;0.11883785389031874
2018-08-05_23:00:00;0.11230449415957236
2018-08-06_00:00:00;0.1280439516927341
2018-08-06_01:00:00;0.14962383686398734
2018-08-06_02:00:00;0.1751138388437933
2018-08-06_03:00:00;0.1853098396357157
2018-08-06_04:00:00;0.20585032666798653
2018-08-06_05:00:00;0.22223322114432786
2018-08-06_06:00:00;0.20703821025539498
2018-08-06_07:00:00;0.21421500692932094
2018-08-06_08:00:00;0.22658879429815879
2018-08-06_09:00:00;0.230845377153039
2018-08-06_10:00:00;0.23495347455949317
2018-08-06_11:00:00;0.20471193823005346
2018-08-06_12:00:00;0.16818451791724412
2018-08-06_13:00:00;0.13863591368045933
2018-08-06_14:00:00;0.09710948327063948
2018-08-06_15:00:00;0.059196198772520296
2018-08-06_16:00:00;0.03316175014848545
2018-08-06_17:00:00;0.013957632152049098
2018-08-06_18:00:00;0.005295980993862601
2018-08-06_19:00:00;0.0039596119580281135
2018-08-06_20:00:00;0.004157592555929519
2018-08-06_21:00:00;0.00910710750346466
2018-08-06_22:00:00;0.02019402098594338
2018-08-06_23:00:00;0.03217184715897842
2018-08-07_00:00:00;0.03915066323500297
2018-08-07_01:00:00;0.028905167293605226
2018-08-07_02:00:00;0.026677885567214413
2018-08-07_03:00:00;0.017323302316372996
2018-08-07_04:00:00;0.013165709760443477
2018-08-07_05:00:00;0.013165709760443477
2018-08-07_06:00:00;0.015838447832112454
2018-08-07_07:00:00;0.015491981785784993
2018-08-07_08:00:00;0.019352603444862403
2018-08-07_09:00:00;0.025638487428232035
2018-08-07_10:00:00;0.027766778855672143
2018-08-07_11:00:00;0.03405266283904177
2018-08-07_12:00:00;0.044149673332013466
2018-08-07_13:00:00;0.04276380914670362
2018-08-07_14:00:00;0.04632745990892893
2018-08-07_15:00:00;0.05637497525242526
2018-08-07_16:00:00;0.06246287863789349
2018-08-07_17:00:00;0.07419322906355177
2018-08-07_18:00:00;0.09478321124529795
2018-08-07_19:00:00;0.11146307661849139
2018-08-07_20:00:00;0.16155216788754703
2018-08-07_21:00:00;0.25485052464858443
2018-08-07_22:00:00;0.3763116214610968
2018-08-07_23:00:00;0.5298950702831122
2018-08-08_00:00:00;0.577608394377351
2018-08-08_01:00:00;0.49920807760839436
2018-08-08_02:00:00;0.5497921203722035
2018-08-08_03:00:00;0.46040388041971886
2018-08-08_04:00:00;0.41214610968125126
2018-08-08_05:00:00;0.23955652346070086
2018-08-08_06:00:00;0.20530588002375766
2018-08-08_07:00:00;0.3254801029499109
2018-08-08_08:00:00;0.4606513561670956
2018-08-08_09:00:00;0.6095327657889527
2018-08-08_10:00:00;0.6502672738071669
2018-08-08_11:00:00;0.6058701247277767
2018-08-08_12:00:00;0.6649178380518709
2018-08-08_13:00:00;0.7396060186101762
2018-08-08_14:00:00;0.7524252623242922
2018-08-08_15:00:00;0.7915264304098198
2018-08-08_16:00:00;0.772965749356563
2018-08-08_17:00:00;0.7231241338348842
2018-08-08_18:00:00;0.6760047515343496
2018-08-08_19:00:00;0.5633537913284498
2018-08-08_20:00:00;0.4347653929914868
2018-08-08_21:00:00;0.34552563848742823
2018-08-08_22:00:00;0.193377549000198
2018-08-08_23:00:00;0.12136210651356168
2018-08-09_00:00:00;0.0854781231439319
2018-08-09_01:00:00;0.07270837457929123
2018-08-09_02:00:00;0.06968917046129479
2018-08-09_03:00:00;0.049049693130073256
2018-08-09_04:00:00;0.04147693526034449
2018-08-09_05:00:00;0.03291427440110869
2018-08-09_06:00:00;0.053553751732330235
2018-08-09_07:00:00;0.061720451395763216
2018-08-09_08:00:00;0.05617699465452386
2018-08-09_09:00:00;0.06983765590972085
2018-08-09_10:00:00;0.061324490199960405
2018-08-09_11:00:00;0.044991090873094434
2018-08-09_12:00:00;0.031429419916848146
2018-08-09_13:00:00;0.03405266283904177
2018-08-09_14:00:00;0.07661849138784399
2018-08-09_15:00:00;0.12180756285883983
2018-08-09_16:00:00;0.19421896654127896
2018-08-09_17:00:00;0.3918036032468818
2018-08-09_18:00:00;0.5214808948723025
2018-08-09_19:00:00;0.6853098396357157
2018-08-09_20:00:00;0.5134131855078202
2018-08-09_21:00:00;0.7255493961591764
2018-08-09_22:00:00;0.7960799841615521
2018-08-09_23:00:00;0.7823698277568798
2018-08-10_00:00:00;0.7334191249257572
2018-08-10_01:00:00;0.6693724015046525
2018-08-10_02:00:00;0.6167095624628787
2018-08-10_03:00:00;0.6014650564244705
2018-08-10_04:00:00;0.617600475153435
2018-08-10_05:00:00;0.6459611958028113
2018-08-10_06:00:00;0.6903583448822015
2018-08-10_07:00:00;0.6884280340526628
2018-08-10_08:00:00;0.6751633339932687
2018-08-10_09:00:00;0.6411601663037022
2018-08-10_10:00:00;0.6668481488814096
2018-08-10_11:00:00;0.6338843793308255
2018-08-10_12:00:00;0.6234409027915264
2018-08-10_13:00:00;0.5958226093842803
2018-08-10_14:00:00;0.7495545436547218
2018-08-10_15:00:00;0.7294100178182538
2018-08-10_16:00:00;0.6462086715501881
2018-08-10_17:00:00;0.5314294199168481
2018-08-10_18:00:00;0.34052662839041775
2018-08-10_19:00:00;0.36077014452583644
2018-08-10_20:00:00;0.30167293605226686
2018-08-10_21:00:00;0.3711146307661849
2018-08-10_22:00:00;0.4828251831320531
2018-08-10_23:00:00;0.5233617105523659
2018-08-11_00:00:00;0.603098396357157
2018-08-11_01:00:00;0.66971886755098
2018-08-11_02:00:00;0.5866660067313403
2018-08-11_03:00:00;0.5491981785784993
2018-08-11_04:00:00;0.5219263512175807
2018-08-11_05:00:00;0.5523163729954464
2018-08-11_06:00:00;0.6616511581864978
2018-08-11_07:00:00;0.7266877845971095
2018-08-11_08:00:00;0.6730845377153039
2018-08-11_09:00:00;0.6579885171253217
2018-08-11_10:00:00;0.743516135418729
2018-08-11_11:00:00;0.7768263710156404
2018-08-11_12:00:00;0.729855474163532
2018-08-11_13:00:00;0.6969411997624233
2018-08-11_14:00:00;0.6236883785389031
2018-08-11_15:00:00;0.6261631360126707
2018-08-11_16:00:00;0.5734508018214215
2018-08-11_17:00:00;0.5637002573747772
2018-08-11_18:00:00;0.5322708374579291
2018-08-11_19:00:00;0.47733122154028906
2018-08-11_20:00:00;0.48579489210057414
2018-08-11_21:00:00;0.44704019006137397
2018-08-11_22:00:00;0.3838348841813502
2018-08-11_23:00:00;0.33132053058800237
2018-08-12_00:00:00;0.33889328845773115
2018-08-12_01:00:00;0.32879627796475946
2018-08-12_02:00:00;0.2955355375173233
2018-08-12_03:00:00;0.292961789744605
2018-08-12_04:00:00;0.30588002375767176
2018-08-12_05:00:00;0.33943773510196
2018-08-12_06:00:00;0.32686596713522076
2018-08-12_07:00:00;0.35730548406256185
2018-08-12_08:00:00;0.42447040190061375
2018-08-12_09:00:00;0.43818055830528607
2018-08-12_10:00:00;0.3976440308849733
2018-08-12_11:00:00;0.4317461888734904
2018-08-12_12:00:00;0.49544644624826767
2018-08-12_13:00:00;0.5717679667392596
2018-08-12_14:00:00;0.6011680855276182
2018-08-12_15:00:00;0.6509602058998218
2018-08-12_16:00:00;0.6250247475747377
2018-08-12_17:00:00;0.605771134428826
2018-08-12_18:00:00;0.5641952088695308
2018-08-12_19:00:00;0.42120372203524054
2018-08-12_20:00:00;0.26900613739853496
2018-08-12_21:00:00;0.17016432389625816
2018-08-12_22:00:00;0.09245693921995644
2018-08-12_23:00:00;0.032666798653731934
2018-08-13_00:00:00;0.02019402098594338
2018-08-13_01:00:00;0.022421302712334192
2018-08-13_02:00:00;0.027172837061967926
2018-08-13_03:00:00;0.03563650762225302
2018-08-13_04:00:00;0.02751930310829539
2018-08-13_05:00:00;0.029895070283112255
2018-08-13_06:00:00;0.0505345476143338
2018-08-13_07:00:00;0.04454563452781628
2018-08-13_08:00:00;0.05038606216590774
2018-08-13_09:00:00;0.09245693921995644
2018-08-13_10:00:00;0.11661057216392794
2018-08-13_11:00:00;0.08686398732924173
2018-08-13_12:00:00;0.0768164719857454
2018-08-13_13:00:00;0.07840031676895665
2018-08-13_14:00:00;0.05518709166501683
2018-08-13_15:00:00;0.06701643238962582
2018-08-13_16:00:00;0.0978024153632944
2018-08-13_17:00:00;0.12740051474955455
2018-08-13_18:00:00;0.12972678677489605
2018-08-13_19:00:00;0.1134923777469808
2018-08-13_20:00:00;0.11972876658087507
2018-08-13_21:00:00;0.14071470995842408
2018-08-13_22:00:00;0.13799247673727974
2018-08-13_23:00:00;0.14422886557117404
2018-08-14_00:00:00;0.12373787368837853
2018-08-14_01:00:00;0.09587210453375569
2018-08-14_02:00:00;0.0856761037418333
2018-08-14_03:00:00;0.08379528806176995
2018-08-14_04:00:00;0.07701445258364681
2018-08-14_05:00:00;0.07750940407840032
2018-08-14_06:00:00;0.0685507820233617
2018-08-14_07:00:00;0.12537121362106513
2018-08-14_08:00:00;0.13428034052662838
2018-08-14_09:00:00;0.13759651554147692
2018-08-14_10:00:00;0.13868540882993466
2018-08-14_11:00:00;0.2200554345674124
2018-08-14_12:00:00;0.26291823401306674
2018-08-14_13:00:00;0.41274005147495546
2018-08-14_14:00:00;0.5488517125321718
2018-08-14_15:00:00;0.5672144129875272
2018-08-14_16:00:00;0.5950801821421501
2018-08-14_17:00:00;0.5168778459710949
2018-08-14_18:00:00;0.3911106711542269
2018-08-14_19:00:00;0.30454365472183725
2018-08-14_20:00:00;0.2487626212631162
2018-08-14_21:00:00;0.25782023361710554
2018-08-14_22:00:00;0.23495347455949317
2018-08-14_23:00:00;0.22079786180954267
2018-08-15_00:00:00;0.21302712334191248
2018-08-15_01:00:00;0.2414373391407642
2018-08-15_02:00:00;0.2535636507622253
2018-08-15_03:00:00;0.2529697089685211
2018-08-15_04:00:00;0.26955058404276383
2018-08-15_05:00:00;0.24371411601663037
2018-08-15_06:00:00;0.22366858047911306
2018-08-15_07:00:00;0.22129281330429618
2018-08-15_08:00:00;0.18446842209463474
2018-08-15_09:00:00;0.15274203128093447
2018-08-15_10:00:00;0.13843793308255792
2018-08-15_11:00:00;0.1243813106315581
2018-08-15_12:00:00;0.13299346664026926
2018-08-15_13:00:00;0.15610770144525837
2018-08-15_14:00:00;0.1805088101366066
2018-08-15_15:00:00;0.17932092654919818
2018-08-15_16:00:00;0.19238764601069094
2018-08-15_17:00:00;0.23426054246683825
2018-08-15_18:00:00;0.2831122549990101
2018-08-15_19:00:00;0.28009305088101366
2018-08-15_20:00:00;0.32196594733716094
2018-08-15_21:00:00;0.32107503464660464
2018-08-15_22:00:00;0.3518610176202732
2018-08-15_23:00:00;0.36690754306078005
2018-08-16_00:00:00;0.36161156206691747
2018-08-16_01:00:00;0.3762621263116215
2018-08-16_02:00:00;0.36854088299346666
2018-08-16_03:00:00;0.3972480696891705
2018-08-16_04:00:00;0.43615125717679665
2018-08-16_05:00:00;0.4695109879231835
2018-08-16_06:00:00;0.44605028707186695
2018-08-16_07:00:00;0.4679271431399723
2018-08-16_08:00:00;0.4929716887745001
2018-08-16_09:00:00;0.514502078796278
2018-08-16_10:00:00;0.5462779647594536
2018-08-16_11:00:00;0.5635022767768759
2018-08-16_12:00:00;0.5389526826371016
2018-08-16_13:00:00;0.5294991090873095
2018-08-16_14:00:00;0.5213819045733518
2018-08-16_15:00:00;0.4385765195010889
2018-08-16_16:00:00;0.3653236982775688
2018-08-16_17:00:00;0.3152841021579885
2018-08-16_18:00:00;0.2574242724213027
2018-08-16_19:00:00;0.3219164521876856
2018-08-16_20:00:00;0.4048703227083746
2018-08-16_21:00:00;0.47599485250445456
2018-08-16_22:00:00;0.44045733518115227
2018-08-16_23:00:00;0.2949415957236191
2018-08-17_00:00:00;0.23366660067313402
2018-08-17_01:00:00;0.18719065531577905
2018-08-17_02:00:00;0.10582062957830132
2018-08-17_03:00:00;0.07572757869728766
2018-08-17_04:00:00;0.06884775292021382
2018-08-17_05:00:00;0.06246287863789349
2018-08-17_06:00:00;0.04513957632152049
2018-08-17_07:00:00;0.046079984161552165
2018-08-17_08:00:00;0.042664818847752924
2018-08-17_09:00:00;0.053009305088101366
2018-08-17_10:00:00;0.05964165511779845
2018-08-17_11:00:00;0.06513561670956246
2018-08-17_12:00:00;0.07943971490793902
2018-08-17_13:00:00;0.09067511383884379
2018-08-17_14:00:00;0.11972876658087507
2018-08-17_15:00:00;0.1365076222530192
2018-08-17_16:00:00;0.13566620471193824
2018-08-17_17:00:00;0.13051870916650168
2018-08-17_18:00:00;0.12626212631162145
2018-08-17_19:00:00;0.10601861017620273
2018-08-17_20:00:00;0.11091862997426252
2018-08-17_21:00:00;0.14907939021975847
2018-08-17_22:00:00;0.16006731340328648
2018-08-17_23:00:00;0.19218966541278953
2018-08-18_00:00:00;0.25311819441694716
2018-08-18_01:00:00;0.311126509602059
2018-08-18_02:00:00;0.33582458919025937
2018-08-18_03:00:00;0.3813601267075827
2018-08-18_04:00:00;0.4462977628192437
2018-08-18_05:00:00;0.48554741635319737
2018-08-18_06:00:00;0.49604038804197187
2018-08-18_07:00:00;0.5152940011878836
2018-08-18_08:00:00;0.5038606216590774
2018-08-18_09:00:00;0.5350425658285488
2018-08-18_10:00:00;0.5569194218966541
2018-08-18_11:00:00;0.5976539299148683
2018-08-18_12:00:00;0.6212136210651357
2018-08-18_13:00:00;0.6168580479113047
2018-08-18_14:00:00;0.6410116808552762
2018-08-18_15:00:00;0.6436349237774698
2018-08-18_16:00:00;0.6197782617303504
2018-08-18_17:00:00;0.5986438329043754
2018-08-18_18:00:00;0.5356860027717284
2018-08-18_19:00:00;0.4271431399722827
2018-08-18_20:00:00;0.34681251237378735
2018-08-18_21:00:00;0.3301326470005939
2018-08-18_22:00:00;0.2859334785191051
2018-08-18_23:00:00;0.2910314789150663
2018-08-19_00:00:00;0.2808849732726193
2018-08-19_01:00:00;0.28232033260740447
2018-08-19_02:00:00;0.30731538309245693
2018-08-19_03:00:00;0.28316175014848544
2018-08-19_04:00:00;0.2707879627796476
2018-08-19_05:00:00;0.2862304494159572
2018-08-19_06:00:00;0.31028509206097804
2018-08-19_07:00:00;0.35864185309839636
2018-08-19_08:00:00;0.40214808948723024
2018-08-19_09:00:00;0.4186299742625223
2018-08-19_10:00:00;0.45753316175014846
2018-08-19_11:00:00;0.4882696495743417
2018-08-19_12:00:00;0.5207384676301723
2018-08-19_13:00:00;0.5702336171055237
2018-08-19_14:00:00;0.6022074836666007
2018-08-19_15:00:00;0.6357651950108889
2018-08-19_16:00:00;0.6597703425064344
2018-08-19_17:00:00;0.6692734112057018
2018-08-19_18:00:00;0.6567016432389626
2018-08-19_19:00:00;0.6193823005345476
2018-08-19_20:00:00;0.5927044149673332
2018-08-19_21:00:00;0.5727578697287666
2018-08-19_22:00:00;0.5248960601861018
2018-08-19_23:00:00;0.5393486438329044
2018-08-20_00:00:00;0.454513957632152
2018-08-20_01:00:00;0.4016036428430014
2018-08-20_02:00:00;0.35151455157394573
2018-08-20_03:00:00;0.32736091862997424
2018-08-20_04:00:00;0.3171154226885765
2018-08-20_05:00:00;0.30048505246485846
2018-08-20_06:00:00;0.2750940407840032
2018-08-20_07:00:00;0.27786576915462285
2018-08-20_08:00:00;0.22703425064343694
2018-08-20_09:00:00;0.18620075232627203
2018-08-20_10:00:00;0.15378142941991685
2018-08-20_11:00:00;0.13012274797069887
2018-08-20_12:00:00;0.14917838051870916
2018-08-20_13:00:00;0.1614531775885963
2018-08-20_14:00:00;0.1805088101366066
2018-08-20_15:00:00;0.17466838249851516
2018-08-20_16:00:00;0.16229459512967728
2018-08-20_17:00:00;0.1533359730746387
2018-08-20_18:00:00;0.15081172045139576
2018-08-20_19:00:00;0.14106117600475154
2018-08-20_20:00:00;0.12472777667788557
2018-08-20_21:00:00;0.1191843199366462
2018-08-20_22:00:00;0.11982775687982578
2018-08-20_23:00:00;0.1102256978816076
2018-08-21_00:00:00;0.09018016234409028
2018-08-21_01:00:00;0.07726192833102356
2018-08-21_02:00:00;0.07097604434765394
2018-08-21_03:00:00;0.05330627598495347
2018-08-21_04:00:00;0.03533953672540091
2018-08-21_05:00:00;0.03187487626212631
2018-08-21_06:00:00;0.03385468224114037
2018-08-21_07:00:00;0.025341516531379924
2018-08-21_08:00:00;0.019006137398534944
2018-08-21_09:00:00;0.019996040388041973
2018-08-21_10:00:00;0.02623242922193625
2018-08-21_11:00:00;0.03801227479706989
2018-08-21_12:00:00;0.043951692734112056
2018-08-21_13:00:00;0.040140566224509996
2018-08-21_14:00:00;0.03583448822015443
2018-08-21_15:00:00;0.033409225895862205
2018-08-21_16:00:00;0.039942585626608594
2018-08-21_17:00:00;0.05578103345872105
2018-08-21_18:00:00;0.07072856860027717
2018-08-21_19:00:00;0.08572559889130865
2018-08-21_20:00:00;0.10101960007919224
2018-08-21_21:00:00;0.133240942387646
2018-08-21_22:00:00;0.14967333201346267
2018-08-21_23:00:00;0.146901603642843
2018-08-22_00:00:00;0.16506632350029696
2018-08-22_01:00:00;0.19268461690754307
2018-08-22_02:00:00;0.21426450207879627
2018-08-22_03:00:00;0.17669768362700455
2018-08-22_04:00:00;0.1434369431795684
2018-08-22_05:00:00;0.12992476737279746
2018-08-22_06:00:00;0.14086319540685013
2018-08-22_07:00:00;0.1463076618491388
2018-08-22_08:00:00;0.15744407048109285
2018-08-22_09:00:00;0.16348247871708574
2018-08-22_10:00:00;0.16006731340328648
2018-08-22_11:00:00;0.12933082557909326
2018-08-22_12:00:00;0.11670956246287864
2018-08-22_13:00:00;0.1317065927539101
2018-08-22_14:00:00;0.1348742823203326
2018-08-22_15:00:00;0.12081765986933281
2018-08-22_16:00:00;0.12269847554939615
2018-08-22_17:00:00;0.12779647594535737
2018-08-22_18:00:00;0.12448030093050881
2018-08-22_19:00:00;0.14017026331419521
2018-08-22_20:00:00;0.14432785587012473
2018-08-22_21:00:00;0.1713522074836666
2018-08-22_22:00:00;0.15021777865769154
2018-08-22_23:00:00;0.11690754306078005
2018-08-23_00:00:00;0.10126707582656899
2018-08-23_01:00:00;0.09211047317362898
2018-08-23_02:00:00;0.08488418135022768
2018-08-23_03:00:00;0.07592555929518907
2018-08-23_04:00:00;0.08339932686596714
2018-08-23_05:00:00;0.11042367847950901
2018-08-23_06:00:00;0.13828944763413187
2018-08-23_07:00:00;0.18323104335775095
2018-08-23_08:00:00;0.20654325876064145
2018-08-23_09:00:00;0.2620768164719857
2018-08-23_10:00:00;0.3423084537715304
2018-08-23_11:00:00;0.412393585428628
2018-08-23_12:00:00;0.503811126509602
2018-08-23_13:00:00;0.5122253019204118
2018-08-23_14:00:00;0.5388041971886756
2018-08-23_15:00:00;0.536477925163334
2018-08-23_16:00:00;0.3474064541674916
2018-08-23_17:00:00;0.2517323302316373
2018-08-23_18:00:00;0.2951395763215205
2018-08-23_19:00:00;0.24168481488814098
2018-08-23_20:00:00;0.2845476143337953
2018-08-23_21:00:00;0.3011779845575134
2018-08-23_22:00:00;0.32364878241932293
2018-08-23_23:00:00;0.28583448822015445
2018-08-24_00:00:00;0.25138586418530984
2018-08-24_01:00:00;0.27044149673332013
2018-08-24_02:00:00;0.2727182736091863
2018-08-24_03:00:00;0.32394575331617503
2018-08-24_04:00:00;0.34334785191051276
2018-08-24_05:00:00;0.327608394377351
2018-08-24_06:00:00;0.4259552563848743
2018-08-24_07:00:00;0.6237378736883785
2018-08-24_08:00:00;0.6424470401900614
2018-08-24_09:00:00;0.7238665610770144
2018-08-24_10:00:00;0.7865274203128093
2018-08-24_11:00:00;0.7906850128687388
2018-08-24_12:00:00;0.859433775490002
2018-08-24_13:00:00;0.8733419124925758
2018-08-24_14:00:00;0.8780934468422095
2018-08-24_15:00:00;0.7940506830330628
2018-08-24_16:00:00;0.77746980795882
2018-08-24_17:00:00;0.7769253613145912
2018-08-24_18:00:00;0.6926351217580677
2018-08-24_19:00:00;0.6088398336962978
2018-08-24_20:00:00;0.5125222728172639
2018-08-24_21:00:00;0.41684814888140964
2018-08-24_22:00:00;0.36621461096812513
2018-08-24_23:00:00;0.3489902989507028
2018-08-25_00:00:00;0.39175410809740646
2018-08-25_01:00:00;0.4204612947931103
2018-08-25_02:00:00;0.3474064541674916
2018-08-25_03:00:00;0.23767570778063749
2018-08-25_04:00:00;0.15897842011482874
2018-08-25_05:00:00;0.13962581666996635
2018-08-25_06:00:00;0.16283904177390615
2018-08-25_07:00:00;0.1437339140764205
2018-08-25_08:00:00;0.14135814690160364
2018-08-25_09:00:00;0.1593248861611562
2018-08-25_10:00:00;0.1773411205701841
2018-08-25_11:00:00;0.17565828548802218
2018-08-25_12:00:00;0.22144129875272223
2018-08-25_13:00:00;0.2789546624430806
2018-08-25_14:00:00;0.33661651158186495
2018-08-25_15:00:00;0.46644228865571175
2018-08-25_16:00:00;0.5194515937438131
2018-08-25_17:00:00;0.5485052464858444
2018-08-25_18:00:00;0.5340526628390417
2018-08-25_19:00:00;0.5534052662839042
2018-08-25_20:00:00;0.5413284498119184
2018-08-25_21:00:00;0.6134428825975055
2018-08-25_22:00:00;0.6361611562066918
2018-08-25_23:00:00;0.6543258760641457
2018-08-26_00:00:00;0.6606612551969907
2018-08-26_01:00:00;0.6474460502870719
2018-08-26_02:00:00;0.6193823005345476
2018-08-26_03:00:00;0.614086319540685
2018-08-26_04:00:00;0.5385567214412987
2018-08-26_05:00:00;0.49975252425262323
2018-08-26_06:00:00;0.4212532171847159
2018-08-26_07:00:00;0.3797762819243714
2018-08-26_08:00:00;0.2821718471589784
2018-08-26_09:00:00;0.20891902593545833
2018-08-26_10:00:00;0.16031478915066324
2018-08-26_11:00:00;0.15348445852306475
2018-08-26_12:00:00;0.16165115818649772
2018-08-26_13:00:00;0.2148584438725005
2018-08-26_14:00:00;0.21560087111463078
2018-08-26_15:00:00;0.2903880419718868
2018-08-26_16:00:00;0.36883785389031876
2018-08-26_17:00:00;0.449861413581469
2018-08-26_18:00:00;0.5334092258958623
2018-08-26_19:00:00;0.6225004949514947
2018-08-26_20:00:00;0.7531181944169472
2018-08-26_21:00:00;0.7878142941991685
2018-08-26_22:00:00;0.7951890714709958
2018-08-26_23:00:00;0.8367155018808157
2018-08-27_00:00:00;0.842110473173629
2018-08-27_01:00:00;0.8667095624628787
2018-08-27_02:00:00;0.8703227083745793
2018-08-27_03:00:00;0.8580479113046922
2018-08-27_04:00:00;0.7712829142744011
2018-08-27_05:00:00;0.7500989902989507
2018-08-27_06:00:00;0.7678677489606018
2018-08-27_07:00:00;0.7440110869134825
2018-08-27_08:00:00;0.7485151455157395
2018-08-27_09:00:00;0.7481191843199366
2018-08-27_10:00:00;0.7610374183330033
2018-08-27_11:00:00;0.7585131657097605
2018-08-27_12:00:00;0.743516135418729
2018-08-27_13:00:00;0.7423777469807958
2018-08-27_14:00:00;0.7432191645218769
2018-08-27_15:00:00;0.7142645020787963
2018-08-27_16:00:00;0.7338150861215601
2018-08-27_17:00:00;0.6828350821619481
2018-08-27_18:00:00;0.6887250049495149
2018-08-27_19:00:00;0.7104038804197189
2018-08-27_20:00:00;0.6599683231043357
2018-08-27_21:00:00;0.6561571965947337
2018-08-27_22:00:00;0.628439912888537
2018-08-27_23:00:00;0.6014650564244705
2018-08-28_00:00:00;0.4970797861809543
2018-08-28_01:00:00;0.4051672936052267
2018-08-28_02:00:00;0.3686398732924173
2018-08-28_03:00:00;0.30682043159770345
2018-08-28_04:00:00;0.2731637299544645
2018-08-28_05:00:00;0.24975252425262323
2018-08-28_06:00:00;0.1747178776479905
2018-08-28_07:00:00;0.13512175806770937
2018-08-28_08:00:00;0.12175806770936448
2018-08-28_09:00:00;0.10591961987725203
2018-08-28_10:00:00;0.0803801227479707
2018-08-28_11:00:00;0.0714215006929321
2018-08-28_12:00:00;0.0523658681449218
2018-08-28_13:00:00;0.03702237180756286
2018-08-28_14:00:00;0.028212235200950307
2018-08-28_15:00:00;0.011482874678281529
2018-08-28_16:00:00;0.006483864581271035
2018-08-28_17:00:00;0.00490001979805979
2018-08-28_18:00:00;0.004652544050683033
2018-08-28_19:00:00;0.0026727380716689763
2018-08-28_20:00:00;0.00767174816867947
2018-08-28_21:00:00;0.020985943377549
2018-08-28_22:00:00;0.045387052068897246
2018-08-28_23:00:00;0.0697881607602455
2018-08-29_00:00:00;0.08869530785982974
2018-08-29_01:00:00;0.10948327063947733
2018-08-29_02:00:00;0.10923579489210057
2018-08-29_03:00:00;0.1394773312215403
2018-08-29_04:00:00;0.17466838249851516
2018-08-29_05:00:00;0.20461294793110274
2018-08-29_06:00:00;0.25900811720451394
2018-08-29_07:00:00;0.30771134428825975
2018-08-29_08:00:00;0.26410611760047514
2018-08-29_09:00:00;0.18085527618293407
2018-08-29_10:00:00;0.12537121362106513
2018-08-29_11:00:00;0.12650960205899822
2018-08-29_12:00:00;0.13032072856860027
2018-08-29_13:00:00;0.1015640467234211
2018-08-29_14:00:00;0.0680558305286082
2018-08-29_15:00:00;0.0576618491387844
2018-08-29_16:00:00;0.06731340328647792
2018-08-29_17:00:00;0.12720253415165314
2018-08-29_18:00:00;0.20357354979212036
2018-08-29_19:00:00;0.20565234607008512
2018-08-29_20:00:00;0.2304494159572362
2018-08-29_21:00:00;0.24292219362502473
2018-08-29_22:00:00;0.31983765590972085
2018-08-29_23:00:00;0.3450306869926747
2018-08-30_00:00:00;0.3543852702435161
2018-08-30_01:00:00;0.3127598495347456
2018-08-30_02:00:00;0.33052860819639673
2018-08-30_03:00:00;0.3991783805187092
2018-08-30_04:00:00;0.4118986339338745
2018-08-30_05:00:00;0.48010294991090874
2018-08-30_06:00:00;0.5111364086319541
2018-08-30_07:00:00;0.569293209265492
2018-08-30_08:00:00;0.5936943179568402
2018-08-30_09:00:00;0.5957236190853297
2018-08-30_10:00:00;0.5910215798851712
2018-08-30_11:00:00;0.5681053256780836
2018-08-30_12:00:00;0.5398435953276579
2018-08-30_13:00:00;0.4978717085725599
2018-08-30_14:00:00;0.4320431597703425
2018-08-30_15:00:00;0.40150465254405066
2018-08-30_16:00:00;0.3848247871708573
2018-08-30_17:00:00;0.36784795090081174
2018-08-30_18:00:00;0.35547416353197386
2018-08-30_19:00:00;0.36314591170065336
2018-08-30_20:00:00;0.38789348643832905
2018-08-30_21:00:00;0.41927341120570183
2018-08-30_22:00:00;0.38531973866561076
2018-08-30_23:00:00;0.34364482280736486
2018-08-31_00:00:00;0.3405761235398931
2018-08-31_01:00:00;0.3648782419322906
2018-08-31_02:00:00;0.37126311621461094
2018-08-31_03:00:00;0.36849138784399127
2018-08-31_04:00:00;0.36146307661849136
2018-08-31_05:00:00;0.3950207879627797
2018-08-31_06:00:00;0.43615125717679665
2018-08-31_07:00:00;0.4119976242328252
2018-08-31_08:00:00;0.3530489012076816
2018-08-31_09:00:00;0.30444466442288654
2018-08-31_10:00:00;0.29652544050683033
2018-08-31_11:00:00;0.28029103147891504
2018-08-31_12:00:00;0.26672936052266877
2018-08-31_13:00:00;0.25494951494753515
2018-08-31_14:00:00;0.23589388239952486
2018-08-31_15:00:00;0.2407444070481093
2018-08-31_16:00:00;0.2725697881607602
2018-08-31_17:00:00;0.2737576717481687
2018-08-31_18:00:00;0.2458424074440705
2018-08-31_19:00:00;0.21960997822213424
2018-08-31_20:00:00;0.17600475153434963
2018-08-31_21:00:00;0.11502672738071669
2018-08-31_22:00:00;0.10141556127499506
2018-08-31_23:00:00;0.10389031874876262
2018-09-01_00:00:00;0.1066620471193823
2018-09-01_01:00:00;0.0854781231439319
2018-09-01_02:00:00;0.06874876262126312
2018-09-01_03:00:00;0.06162146109681251
2018-09-01_04:00:00;0.06602652940011879
2018-09-01_05:00:00;0.07914274401108691
2018-09-01_06:00:00;0.08795288061769947
2018-09-01_07:00:00;0.06959018016234408
2018-09-01_08:00:00;0.05201940209859434
2018-09-01_09:00:00;0.027717283706196794
2018-09-01_10:00:00;0.01989705008909127
2018-09-01_11:00:00;0.02657889526826371
2018-09-01_12:00:00;0.03152841021579885
2018-09-01_13:00:00;0.04276380914670362
2018-09-01_14:00:00;0.04583250841417541
2018-09-01_15:00:00;0.04439714907939022
2018-09-01_16:00:00;0.040140566224509996
2018-09-01_17:00:00;0.023262720253415164
2018-09-01_18:00:00;0.01326470005939418
2018-09-01_19:00:00;0.0104929716887745
2018-09-01_20:00:00;0.00767174816867947
2018-09-01_21:00:00;0.005048505246485845
2018-09-01_22:00:00;0.0036131459117006532
2018-09-01_23:00:00;0.0016828350821619482
2018-09-02_00:00:00;0.0026727380716689763
2018-09-02_01:00:00;0.0027717283706196793
2018-09-02_02:00:00;0.0027717283706196793
2018-09-02_03:00:00;0.0015838447832112453
2018-09-02_04:00:00;0.0023262720253415165
2018-09-02_05:00:00;0.006236388833894278
2018-09-02_06:00:00;0.009354583250841417
2018-09-02_07:00:00;0.013710156404672342
2018-09-02_08:00:00;0.014848544842605425
2018-09-02_09:00:00;0.01113640863195407
2018-09-02_10:00:00;0.012472777667788556
2018-09-02_11:00:00;0.01331419520886953
2018-09-02_12:00:00;0.013116214610968124
2018-09-02_13:00:00;0.019847554939615916
2018-09-02_14:00:00;0.03682439120966145
2018-09-02_15:00:00;0.05276182934072461
2018-09-02_16:00:00;0.07300534547614333
2018-09-02_17:00:00;0.09755493961591764
2018-09-02_18:00:00;0.1307166897644031
2018-09-02_19:00:00;0.17070877054048703
2018-09-02_20:00:00;0.19654523856662048
2018-09-02_21:00:00;0.24693130073252822
2018-09-02_22:00:00;0.2705899821817462
2018-09-02_23:00:00;0.2432686596713522
2018-09-03_00:00:00;0.21243318154820828
2018-09-03_01:00:00;0.19674321916452187
2018-09-03_02:00:00;0.19996040388041972
2018-09-03_03:00:00;0.20114828746782815
2018-09-03_04:00:00;0.19822807364878242
2018-09-03_05:00:00;0.21555137596515542
2018-09-03_06:00:00;0.1990694911898634
2018-09-03_07:00:00;0.1956048307265888
2018-09-03_08:00:00;0.21540289051672937
2018-09-03_09:00:00;0.22530192041179964
2018-09-03_10:00:00;0.2236190853296377
2018-09-03_11:00:00;0.19322906355177194
2018-09-03_12:00:00;0.1777865769154623
2018-09-03_13:00:00;0.17417343100376162
2018-09-03_14:00:00;0.21134428825975055
2018-09-03_15:00:00;0.23762621263116215
2018-09-03_16:00:00;0.24811918431993665
2018-09-03_17:00:00;0.26168085527618296
2018-09-03_18:00:00;0.3209265491981786
2018-09-03_19:00:00;0.34582260938428033
2018-09-03_20:00:00;0.40313799247673726
2018-09-03_21:00:00;0.41170065333597305
2018-09-03_22:00:00;0.41051276974856465
2018-09-03_23:00:00;0.35032666798653733
2018-09-04_00:00:00;0.2781132449019996
2018-09-04_01:00:00;0.21416551177984558
2018-09-04_02:00:00;0.16704612947931102
2018-09-04_03:00:00;0.1436349237774698
2018-09-04_04:00:00;0.12477727182736092
2018-09-04_05:00:00;0.10631558107305485
2018-09-04_06:00:00;0.10082161948129083
2018-09-04_07:00:00;0.10923579489210057
2018-09-04_08:00:00;0.09745594931696694
2018-09-04_09:00:00;0.09894080380122748
2018-09-04_10:00:00;0.09681251237378737
2018-09-04_11:00:00;0.0872104533755692
2018-09-04_12:00:00;0.06904573351811523
2018-09-04_13:00:00;0.06082953870520689
2018-09-04_14:00:00;0.042813304296178974
2018-09-04_15:00:00;0.04132844981191843
2018-09-04_16:00:00;0.05142546030489012
2018-09-04_17:00:00;0.06894674321916452
2018-09-04_18:00:00;0.08627004553553752
2018-09-04_19:00:00;0.11096812512373787
2018-09-04_20:00:00;0.10948327063947733
2018-09-04_21:00:00;0.11819441694713918
2018-09-04_22:00:00;0.09671352207483666
2018-09-04_23:00:00;0.07780637497525243
2018-09-05_00:00:00;0.0768164719857454
2018-09-05_01:00:00;0.0594931696693724
2018-09-05_02:00:00;0.04231835280142546
2018-09-05_03:00:00;0.02969708968521085
2018-09-05_04:00:00;0.01539299148683429
2018-09-05_05:00:00;0.010047515343496337
2018-09-05_06:00:00;0.020886953078598298
2018-09-05_07:00:00;0.03514155612749951
2018-09-05_08:00:00;0.04875272223322114
2018-09-05_09:00:00;0.05647396555137597
2018-09-05_10:00:00;0.05107899425856266
2018-09-05_11:00:00;0.03350821619481291
2018-09-05_12:00:00;0.02796475945357355
2018-09-05_13:00:00;0.028459710948327065
2018-09-05_14:00:00;0.032369827756879826
2018-09-05_15:00:00;0.029152643040981984
2018-09-05_16:00:00;0.030884973272619284
2018-09-05_17:00:00;0.02836072064937636
2018-09-05_18:00:00;0.03345872104533756
2018-09-05_19:00:00;0.04895070283112255
2018-09-05_20:00:00;0.0910710750346466
2018-09-05_21:00:00;0.0945357354979212
2018-09-05_22:00:00;0.10339536725400911
2018-09-05_23:00:00;0.11027519303108295
2018-09-06_00:00:00;0.13225103939813898
2018-09-06_01:00:00;0.11334389229855474
2018-09-06_02:00:00;0.10596911502672739
2018-09-06_03:00:00;0.09151653137992477
2018-09-06_04:00:00;0.0753811126509602
2018-09-06_05:00:00;0.06889724806968917
2018-09-06_06:00:00;0.06860027717283707
2018-09-06_07:00:00;0.0680558305286082
2018-09-06_08:00:00;0.06835280142546031
2018-09-06_09:00:00;0.06973866561077015
2018-09-06_10:00:00;0.07785587012472778
2018-09-06_11:00:00;0.08859631756087903
2018-09-06_12:00:00;0.1046327459908929
2018-09-06_13:00:00;0.11161156206691744
2018-09-06_14:00:00;0.11448228073648782
2018-09-06_15:00:00;0.10116808552761829
2018-09-06_16:00:00;0.11210651356167095
2018-09-06_17:00:00;0.1517026331419521
2018-09-06_18:00:00;0.15081172045139576
2018-09-06_19:00:00;0.19565432587606416
2018-09-06_20:00:00;0.20575133636903584
2018-09-06_21:00:00;0.17333201346268065
2018-09-06_22:00:00;0.16036428430013858
2018-09-06_23:00:00;0.1420015838447832
2018-09-07_00:00:00;0.11423480498911107
2018-09-07_01:00:00;0.08641853098396357
2018-09-07_02:00:00;0.0837457929122946
2018-09-07_03:00:00;0.07914274401108691
2018-09-07_04:00:00;0.07785587012472778
2018-09-07_05:00:00;0.08894278360720649
2018-09-07_06:00:00;0.11200752326272026
2018-09-07_07:00:00;0.1693229063551772
2018-09-07_08:00:00;0.2798455751336369
2018-09-07_09:00:00;0.32458919025935457
2018-09-07_10:00:00;0.3355771134428826
2018-09-07_11:00:00;0.30865175212829143
2018-09-07_12:00:00;0.393238962581667
2018-09-07_13:00:00;0.48336962977628195
2018-09-07_14:00:00;0.491684814888141
2018-09-07_15:00:00;0.573104335775094
2018-09-07_16:00:00;0.5158879429815878
2018-09-07_17:00:00;0.5480597901405663
2018-09-07_18:00:00;0.5662740051474956
2018-09-07_19:00:00;0.533805187091665
2018-09-07_20:00:00;0.5904771332409424
2018-09-07_21:00:00;0.49925757275786975
2018-09-07_22:00:00;0.44892100574143734
2018-09-07_23:00:00;0.3955652346070085
2018-09-08_00:00:00;0.4084339734705999
2018-09-08_01:00:00;0.5016333399326866
2018-09-08_02:00:00;0.5035636507622253
2018-09-08_03:00:00;0.6071075034646605
2018-09-08_04:00:00;0.7016432389625816
2018-09-08_05:00:00;0.6730350425658286
2018-09-08_06:00:00;0.6637299544644625
2018-09-08_07:00:00;0.6593743813106315
2018-09-08_08:00:00;0.6476935260344486
2018-09-08_09:00:00;0.6351712532171847
2018-09-08_10:00:00;0.641407642051079
2018-09-08_11:00:00;0.6413581469016036
2018-09-08_12:00:00;0.6352702435161354
2018-09-08_13:00:00;0.649722827162938
2018-09-08_14:00:00;0.6822906355177193
2018-09-08_15:00:00;0.6713027123341913
2018-09-08_16:00:00;0.6272025341516532
2018-09-08_17:00:00;0.6336863987329242
2018-09-08_18:00:00;0.6748663630964166
2018-09-08_19:00:00;0.6969411997624233
2018-09-08_20:00:00;0.7238170659275391
2018-09-08_21:00:00;0.7072361908532964
2018-09-08_22:00:00;0.6649178380518709
2018-09-08_23:00:00;0.7047119382300534
2018-09-09_00:00:00;0.7252524252623243
2018-09-09_01:00:00;0.7157988517125322
2018-09-09_02:00:00;0.7107503464660463
2018-09-09_03:00:00;0.6608592357948921
2018-09-09_04:00:00;0.5746386854088299
2018-09-09_05:00:00;0.5340031676895665
2018-09-09_06:00:00;0.4741140368243912
2018-09-09_07:00:00;0.4113541872896456
2018-09-09_08:00:00;0.379429815878044
2018-09-09_09:00:00;0.354088299346664
2018-09-09_10:00:00;0.3488913086517521
2018-09-09_11:00:00;0.4306572955850327
2018-09-09_12:00:00;0.4766877845971095
2018-09-09_13:00:00;0.5775588992278756
2018-09-09_14:00:00;0.5620174222926153
2018-09-09_15:00:00;0.5248465650366264
2018-09-09_16:00:00;0.5228667590576124
2018-09-09_17:00:00;0.49668382498515146
2018-09-09_18:00:00;0.47752920213819045
2018-09-09_19:00:00;0.4414472381706593
2018-09-09_20:00:00;0.4277865769154623
2018-09-09_21:00:00;0.4330825579093249
2018-09-09_22:00:00;0.43026133438922987
2018-09-09_23:00:00;0.4230845377153039
2018-09-10_00:00:00;0.4056622450999802
2018-09-10_01:00:00;0.393238962581667
2018-09-10_02:00:00;0.4055137596515542
2018-09-10_03:00:00;0.3739853494357553
2018-09-10_04:00:00;0.30127697485646404
2018-09-10_05:00:00;0.24940605820629577
2018-09-10_06:00:00;0.2668778459710948
2018-09-10_07:00:00;0.2852900415759256
2018-09-10_08:00:00;0.3091961987725203
2018-09-10_09:00:00;0.36809542664818845
2018-09-10_10:00:00;0.39888140962185703
2018-09-10_11:00:00;0.4225895862205504
2018-09-10_12:00:00;0.4751534349633736
2018-09-10_13:00:00;0.4618392397545041
2018-09-10_14:00:00;0.5107404474361512
2018-09-10_15:00:00;0.5708770540487033
2018-09-10_16:00:00;0.5790437537121362
2018-09-10_17:00:00;0.584636705602851
2018-09-10_18:00:00;0.5608295387052069
2018-09-10_19:00:00;0.44194218966541277
2018-09-10_20:00:00;0.4281825381112651
2018-09-10_21:00:00;0.4630271233419125
2018-09-10_22:00:00;0.46485844387250047
2018-09-10_23:00:00;0.4566917442090675
2018-09-11_00:00:00;0.449861413581469
2018-09-11_01:00:00;0.4904474361512572
2018-09-11_02:00:00;0.5873094436745199
2018-09-11_03:00:00;0.6384874282320333
2018-09-11_04:00:00;0.7817758859631756
2018-09-11_05:00:00;0.891259156602653
2018-09-11_06:00:00;0.9257077806374975
2018-09-11_07:00:00;0.9500593941793705
2018-09-11_08:00:00;0.9009602058998218
2018-09-11_09:00:00;0.806622450999802
2018-09-11_10:00:00;0.7516828350821619
2018-09-11_11:00:00;0.6766481884775292
2018-09-11_12:00:00;0.7045139576321521
2018-09-11_13:00:00;0.7258958622055038
2018-09-11_14:00:00;0.730845377153039
2018-09-11_15:00:00;0.7281231439318947
2018-09-11_16:00:00;0.7343100376163136
2018-09-11_17:00:00;0.8364185309839636
2018-09-11_18:00:00;0.8015244506038408
2018-09-11_19:00:00;0.708176598693328
2018-09-11_20:00:00;0.5973074638685408
2018-09-11_21:00:00;0.5796376955058404
2018-09-11_22:00:00;0.5688477529202138
2018-09-11_23:00:00;0.5833498317164918
2018-09-12_00:00:00;0.5451890714709958
2018-09-12_01:00:00;0.5187586616511581
2018-09-12_02:00:00;0.4665907741041378
2018-09-12_03:00:00;0.44605028707186695
2018-09-12_04:00:00;0.4640665214808949
2018-09-12_05:00:00;0.551128489408038
2018-09-12_06:00:00;0.6079984161552168
2018-09-12_07:00:00;0.6134923777469808
2018-09-12_08:00:00;0.554791130469214
2018-09-12_09:00:00;0.5068303306275985
2018-09-12_10:00:00;0.49534745594931695
2018-09-12_11:00:00;0.5851316570976044
2018-09-12_12:00:00;0.6479410017818253
2018-09-12_13:00:00;0.5980498911106712
2018-09-12_14:00:00;0.5996832310433577
2018-09-12_15:00:00;0.5339536725400911
2018-09-12_16:00:00;0.45857255988913087
2018-09-12_17:00:00;0.4208077608394377
2018-09-12_18:00:00;0.38432983567610374
2018-09-12_19:00:00;0.346763017224312
2018-09-12_20:00:00;0.29885171253217185
2018-09-12_21:00:00;0.28707186695703824
2018-09-12_22:00:00;0.2615323698277569
2018-09-12_23:00:00;0.23559691150267273
2018-09-13_00:00:00;0.18333003365670164
2018-09-13_01:00:00;0.1343793308255791
2018-09-13_02:00:00;0.10562264898039993
2018-09-13_03:00:00;0.0928034052662839
2018-09-13_04:00:00;0.08107305484062562
2018-09-13_05:00:00;0.07637101564046724
2018-09-13_06:00:00;0.08993268659671352
2018-09-13_07:00:00;0.11250247475747377
2018-09-13_08:00:00;0.1378439912888537
2018-09-13_09:00:00;0.14096218570580082
2018-09-13_10:00:00;0.18575529598099386
2018-09-13_11:00:00;0.2272817263908137
2018-09-13_12:00:00;0.2503464660463275
2018-09-13_13:00:00;0.2576222530192041
2018-09-13_14:00:00;0.26192833102355967
2018-09-13_15:00:00;0.25118788358740846
2018-09-13_16:00:00;0.27563848742823205
2018-09-13_17:00:00;0.2738566620471194
2018-09-13_18:00:00;0.29340724608988317
2018-09-13_19:00:00;0.3198871510591962
2018-09-13_20:00:00;0.32934072460898833
2018-09-13_21:00:00;0.3383983369629776
2018-09-13_22:00:00;0.39992080776083944
2018-09-13_23:00:00;0.4002672738071669
2018-09-14_00:00:00;0.3886359136804593
2018-09-14_01:00:00;0.396060186101762
2018-09-14_02:00:00;0.4019996040388042
2018-09-14_03:00:00;0.385913680459315
2018-09-14_04:00:00;0.3810136606612552
2018-09-14_05:00:00;0.4137299544644625
2018-09-14_06:00:00;0.44644624826766977
2018-09-14_07:00:00;0.5178182538111266
2018-09-14_08:00:00;0.5827063947733122
2018-09-14_09:00:00;0.6208671550188082
2018-09-14_10:00:00;0.6763017224312018
2018-09-14_11:00:00;0.6341318550782024
2018-09-14_12:00:00;0.6674420906751138
2018-09-14_13:00:00;0.6291823401306672
2018-09-14_14:00:00;0.6442783607206494
2018-09-14_15:00:00;0.7017422292615324
2018-09-14_16:00:00;0.72253019204118
2018-09-14_17:00:00;0.7335676103741833
2018-09-14_18:00:00;0.7369827756879825
2018-09-14_19:00:00;0.7355474163531974
2018-09-14_20:00:00;0.7325282122352009
2018-09-14_21:00:00;0.7527222332211443
2018-09-14_22:00:00;0.7541575925559295
2018-09-14_23:00:00;0.7380716689764403
2018-09-15_00:00:00;0.7078301326470006
2018-09-15_01:00:00;0.6695208869530787
2018-09-15_02:00:00;0.6475450405860226
2018-09-15_03:00:00;0.6247277766778856
2018-09-15_04:00:00;0.6597703425064344
2018-09-15_05:00:00;0.6836270045535537
2018-09-15_06:00:00;0.658879429815878
2018-09-15_07:00:00;0.6707582656899623
2018-09-15_08:00:00;0.5806770936448228
2018-09-15_09:00:00;0.5539002177786577
2018-09-15_10:00:00;0.5367254009107107
2018-09-15_11:00:00;0.49475351415561275
2018-09-15_12:00:00;0.5601366066125519
2018-09-15_13:00:00;0.5918629974262523
2018-09-15_14:00:00;0.6199267471787765
2018-09-15_15:00:00;0.6296277964759454
2018-09-15_16:00:00;0.5899821817461889
2018-09-15_17:00:00;0.5605325678083548
2018-09-15_18:00:00;0.4420411799643635
2018-09-15_19:00:00;0.2998911106711542
2018-09-15_20:00:00;0.22010492971688775
2018-09-15_21:00:00;0.1665511779845575
2018-09-15_22:00:00;0.12378736883785389
2018-09-15_23:00:00;0.10379132844981191
2018-09-16_00:00:00;0.0946347257968719
2018-09-16_01:00:00;0.13136012670758265
2018-09-16_02:00:00;0.20411799643634923
2018-09-16_03:00:00;0.34656503662641064
2018-09-16_04:00:00;0.3857651950108889
2018-09-16_05:00:00;0.4675311819441695
2018-09-16_06:00:00;0.550287071866957
2018-09-16_07:00:00;0.6248267669768363
2018-09-16_08:00:00;0.670560285092061
2018-09-16_09:00:00;0.6700653335973075
2018-09-16_10:00:00;0.6883785389031875
2018-09-16_11:00:00;0.7448525044545634
2018-09-16_12:00:00;0.7947436151257177
2018-09-16_13:00:00;0.754504058602257
2018-09-16_14:00:00;0.7068897248069689
2018-09-16_15:00:00;0.7463868540882993
2018-09-16_16:00:00;0.7397545040586022
2018-09-16_17:00:00;0.7497525242526233
2018-09-16_18:00:00;0.78311225499901
2018-09-16_19:00:00;0.7667788556721441
2018-09-16_20:00:00;0.8085032666798654
2018-09-16_21:00:00;0.8204315977034251
2018-09-16_22:00:00;0.7674222926153237
2018-09-16_23:00:00;0.7224806968917046
2018-09-17_00:00:00;0.656058206295783
2018-09-17_01:00:00;0.5884973272619284
2018-09-17_02:00:00;0.48807166897644033
2018-09-17_03:00:00;0.3962581666996634
2018-09-17_04:00:00;0.2831122549990101
2018-09-17_05:00:00;0.24351613541872896
2018-09-17_06:00:00;0.24549594139774303
2018-09-17_07:00:00;0.2219857453969511
2018-09-17_08:00:00;0.22302514353593347
2018-09-17_09:00:00;0.21357156998614135
2018-09-17_10:00:00;0.24232825183132053
2018-09-17_11:00:00;0.29395169273411204
2018-09-17_12:00:00;0.3482973668580479
2018-09-17_13:00:00;0.4220451395763215
2018-09-17_14:00:00;0.4247178776479905
2018-09-17_15:00:00;0.37982577707384674
2018-09-17_16:00:00;0.3158780439516927
2018-09-17_17:00:00;0.2747970698871511
2018-09-17_18:00:00;0.1927341120570184
2018-09-17_19:00:00;0.2287170857255989
2018-09-17_20:00:00;0.2443080578103346
2018-09-17_21:00:00;0.2572262918234013
2018-09-17_22:00:00;0.3020688972480697
2018-09-17_23:00:00;0.3966046327459909
2018-09-18_00:00:00;0.4767867748960602
2018-09-18_01:00:00;0.495495941397743
2018-09-18_02:00:00;0.5118788358740843
2018-09-18_03:00:00;0.5401900613739854
2018-09-18_04:00:00;0.5169273411205701
2018-09-18_05:00:00;0.5268758661651158
2018-09-18_06:00:00;0.5569194218966541
2018-09-18_07:00:00;0.595921599683231
2018-09-18_08:00:00;0.6530390021777865
2018-09-18_09:00:00;0.7077806374975253
2018-09-18_10:00:00;0.7636606612551969
2018-09-18_11:00:00;0.8128588398336963
2018-09-18_12:00:00;0.8107800435557315
2018-09-18_13:00:00;0.7572262918234013
2018-09-18_14:00:00;0.6496733320134627
2018-09-18_15:00:00;0.7923183528014255
2018-09-18_16:00:00;0.8043456741239359
2018-09-18_17:00:00;0.8729954464462483
2018-09-18_18:00:00;0.9002672738071669
2018-09-18_19:00:00;0.9076915462284696
2018-09-18_20:00:00;0.9128390417739062
2018-09-18_21:00:00;0.8949712928133043
2018-09-18_22:00:00;0.8551771926351217
2018-09-18_23:00:00;0.7905365274203128
2018-09-19_00:00:00;0.7527717283706197
2018-09-19_01:00:00;0.7394575331617501
2018-09-19_02:00:00;0.7484161552167887
2018-09-19_03:00:00;0.7369827756879825
2018-09-19_04:00:00;0.6846169075430608
2018-09-19_05:00:00;0.6674915858245892
2018-09-19_06:00:00;0.7740546426450208
2018-09-19_07:00:00;0.8323104335775094
2018-09-19_08:00:00;0.812809344684221
2018-09-19_09:00:00;0.8099386260146506
2018-09-19_10:00:00;0.7869233815086122
2018-09-19_11:00:00;0.7606909522866759
2018-09-19_12:00:00;0.7331716491783805
2018-09-19_13:00:00;0.7808354781231439
2018-09-19_14:00:00;0.7719758463670561
2018-09-19_15:00:00;0.7719758463670561
2018-09-19_16:00:00;0.7682637101564047
2018-09-19_17:00:00;0.813106315581073
2018-09-19_18:00:00;0.8645317758859632
2018-09-19_19:00:00;0.8507226291823401
2018-09-19_20:00:00;0.8036032468818056
2018-09-19_21:00:00;0.7644525836468026
2018-09-19_22:00:00;0.6818946743219164
2018-09-19_23:00:00;0.5842902395565235
2018-09-20_00:00:00;0.5973569590180162
2018-09-20_01:00:00;0.634230845377153
2018-09-20_02:00:00;0.6175509800039596
2018-09-20_03:00:00;0.6930805781033459
2018-09-20_04:00:00;0.7292615323698277
2018-09-20_05:00:00;0.5741437339140765
2018-09-20_06:00:00;0.47441100772124334
2018-09-20_07:00:00;0.4447634131855078
2018-09-20_08:00:00;0.35700851316570975
2018-09-20_09:00:00;0.24628786378934864
2018-09-20_10:00:00;0.3037022371807563
2018-09-20_11:00:00;0.4320431597703425
2018-09-20_12:00:00;0.49975252425262323
2018-09-20_13:00:00;0.5270243516135419
2018-09-20_14:00:00;0.5658780439516927
2018-09-20_15:00:00;0.5931498713126113
2018-09-20_16:00:00;0.6334884181350228
2018-09-20_17:00:00;0.6276974856464067
2018-09-20_18:00:00;0.6517026331419521
2018-09-20_19:00:00;0.6469510987923184
2018-09-20_20:00:00;0.6508612156008711
2018-09-20_21:00:00;0.6706097802415363
2018-09-20_22:00:00;0.69154622846961
2018-09-20_23:00:00;0.6818451791724411
2018-09-21_00:00:00;0.7272817263908137
2018-09-21_01:00:00;0.7656899623836864
2018-09-21_02:00:00;0.793951692734112
2018-09-21_03:00:00;0.8241437339140765
2018-09-21_04:00:00;0.8416650168283508
2018-09-21_05:00:00;0.7677687586616512
2018-09-21_06:00:00;0.6891209661453177
2018-09-21_07:00:00;0.6634824787170858
2018-09-21_08:00:00;0.6324985151455157
2018-09-21_09:00:00;0.5915165313799248
2018-09-21_10:00:00;0.6196792714313997
2018-09-21_11:00:00;0.6632350029697089
2018-09-21_12:00:00;0.6674915858245892
2018-09-21_13:00:00;0.6070580083151851
2018-09-21_14:00:00;0.5935458325084142
2018-09-21_15:00:00;0.5814690160364284
2018-09-21_16:00:00;0.6212136210651357
2018-09-21_17:00:00;0.6624925757275787
2018-09-21_18:00:00;0.6715006929320927
2018-09-21_19:00:00;0.6758562660859235
2018-09-21_20:00:00;0.6961492773708177
2018-09-21_21:00:00;0.7363888338942783
2018-09-21_22:00:00;0.7808354781231439
2018-09-21_23:00:00;0.7710354385270244
2018-09-22_00:00:00;0.7821718471589785
2018-09-22_01:00:00;0.8465155414769353
2018-09-22_02:00:00;0.845773114234805
2018-09-22_03:00:00;0.8472084735695902
2018-09-22_04:00:00;0.8394872302514353
2018-09-22_05:00:00;0.8248366660067313
2018-09-22_06:00:00;0.829588200356365
2018-09-22_07:00:00;0.8319144723817066
2018-09-22_08:00:00;0.8483963571569986
2018-09-22_09:00:00;0.8211740249455554
2018-09-22_10:00:00;0.8024153632943971
2018-09-22_11:00:00;0.7643040981983765
2018-09-22_12:00:00;0.7566323500296971
2018-09-22_13:00:00;0.766333399326866
2018-09-22_14:00:00;0.7632647000593942
2018-09-22_15:00:00;0.7639576321520491
2018-09-22_16:00:00;0.7551969906949119
2018-09-22_17:00:00;0.8242922193625025
2018-09-22_18:00:00;0.8768560681053257
2018-09-22_19:00:00;0.8584933676499703
2018-09-22_20:00:00;0.8078103345872104
2018-09-22_21:00:00;0.7406949118986339
2018-09-22_22:00:00;0.6828350821619481
2018-09-22_23:00:00;0.6070085131657098
2018-09-23_00:00:00;0.5560285092060978
2018-09-23_01:00:00;0.5073252821223521
2018-09-23_02:00:00;0.44609978222134233
2018-09-23_03:00:00;0.4096218570580083
2018-09-23_04:00:00;0.3752722233221144
2018-09-23_05:00:00;0.3386458127103544
2018-09-23_06:00:00;0.3065234607008513
2018-09-23_07:00:00;0.2747970698871511
2018-09-23_08:00:00;0.2662839041773906
2018-09-23_09:00:00;0.3025638487428232
2018-09-23_10:00:00;0.34206097802415364
2018-09-23_11:00:00;0.3342902395565235
2018-09-23_12:00:00;0.3928430013858642
2018-09-23_13:00:00;0.5424668382498515
2018-09-23_14:00:00;0.7349534745594932
2018-09-23_15:00:00;0.8207780637497525
2018-09-23_16:00:00;0.8696297762819244
2018-09-23_17:00:00;0.8876955058404277
2018-09-23_18:00:00;0.9131360126707583
2018-09-23_19:00:00;0.9272421302712334
2018-09-23_20:00:00;0.9402593545832508
2018-09-23_21:00:00;0.9559493169669372
2018-09-23_22:00:00;0.9570877054048703
2018-09-23_23:00:00;0.9529796079984162
2018-09-24_00:00:00;0.9557018412195605
2018-09-24_01:00:00;0.9557018412195605
2018-09-24_02:00:00;0.9558008315185111
2018-09-24_03:00:00;0.9536230449415958
2018-09-24_04:00:00;0.9553058800237577
2018-09-24_05:00:00;0.9230350425658286
2018-09-24_06:00:00;0.8487428232033261
2018-09-24_07:00:00;0.8320134626806573
2018-09-24_08:00:00;0.838447832112453
2018-09-24_09:00:00;0.8535933478519105
2018-09-24_10:00:00;0.8636903583448822
2018-09-24_11:00:00;0.8717085725598891
2018-09-24_12:00:00;0.8810631558107306
2018-09-24_13:00:00;0.864086319540685
2018-09-24_14:00:00;0.8531973866561077
2018-09-24_15:00:00;0.8767075826568996
2018-09-24_16:00:00;0.8835379132844982
2018-09-24_17:00:00;0.8817560879033854
2018-09-24_18:00:00;0.8868540882993466
2018-09-24_19:00:00;0.8738368639873293
2018-09-24_20:00:00;0.8401306671946149
2018-09-24_21:00:00;0.805632548010295
2018-09-24_22:00:00;0.6786279944565432
2018-09-24_23:00:00;0.588447832112453
2018-09-25_00:00:00;0.47287665808750745
2018-09-25_01:00:00;0.35770144525836467
2018-09-25_02:00:00;0.27212433181548207
2018-09-25_03:00:00;0.27370817659869334
2018-09-25_04:00:00;0.23688378538903188
2018-09-25_05:00:00;0.21599683231043357
2018-09-25_06:00:00;0.18659671352207483
2018-09-25_07:00:00;0.1475945357354979
2018-09-25_08:00:00;0.14907939021975847
2018-09-25_09:00:00;0.12972678677489605
2018-09-25_10:00:00;0.10517719263512176
2018-09-25_11:00:00;0.10334587210453376
2018-09-25_12:00:00;0.10067313403286478
2018-09-25_13:00:00;0.1348742823203326
2018-09-25_14:00:00;0.1900118788358741
2018-09-25_15:00:00;0.24930706790734508
2018-09-25_16:00:00;0.26672936052266877
2018-09-25_17:00:00;0.349435755295981
2018-09-25_18:00:00;0.46451197782617304
2018-09-25_19:00:00;0.5632053058800237
2018-09-25_20:00:00;0.6325480102949911
2018-09-25_21:00:00;0.7829142744011087
2018-09-25_22:00:00;0.8705206889724807
2018-09-25_23:00:00;0.9054147693526035
2018-09-26_00:00:00;0.938873490397941
2018-09-26_01:00:00;0.948030093050881
2018-09-26_02:00:00;0.8844783211245298
2018-09-26_03:00:00;0.8890318748762621
2018-09-26_04:00:00;0.8915066323500297
2018-09-26_05:00:00;0.8970995842407444
2018-09-26_06:00:00;0.8955652346070085
2018-09-26_07:00:00;0.8933874480300931
2018-09-26_08:00:00;0.9364482280736488
2018-09-26_09:00:00;0.9409522866759058
2018-09-26_10:00:00;0.9103642843001386
2018-09-26_11:00:00;0.8597802415363295
2018-09-26_12:00:00;0.7878637893486439
2018-09-26_13:00:00;0.7880122747970699
2018-09-26_14:00:00;0.7913284498119184
2018-09-26_15:00:00;0.7931102751930311
2018-09-26_16:00:00;0.8082557909324887
2018-09-26_17:00:00;0.8644327855870124
2018-09-26_18:00:00;0.8690358344882202
2018-09-26_19:00:00;0.8687388635913681
2018-09-26_20:00:00;0.8622055038606217
2018-09-26_21:00:00;0.8381508612156009
2018-09-26_22:00:00;0.8192437141160166
2018-09-26_23:00:00;0.8025143535933479
2018-09-27_00:00:00;0.7694020985943377
2018-09-27_01:00:00;0.6845674123935854
2018-09-27_02:00:00;0.5773114234804989
2018-09-27_03:00:00;0.4715897842011483
2018-09-27_04:00:00;0.3572064937636112
2018-09-27_05:00:00;0.34146703623044944
2018-09-27_06:00:00;0.468174618887349
2018-09-27_07:00:00;0.5398435953276579
2018-09-27_08:00:00;0.6026034448624035
2018-09-27_09:00:00;0.6574935656305682
2018-09-27_10:00:00;0.7225796871906554
2018-09-27_11:00:00;0.7953870520688973
2018-09-27_12:00:00;0.8413185507820233
2018-09-27_13:00:00;0.8397347059988122
2018-09-27_14:00:00;0.8548802217382696
2018-09-27_15:00:00;0.8661651158186497
2018-09-27_16:00:00;0.8895268263710157
2018-09-27_17:00:00;0.879726786774896
2018-09-27_18:00:00;0.8771035438527024
2018-09-27_19:00:00;0.8703227083745793
2018-09-27_20:00:00;0.8116214610968125
2018-09-27_21:00:00;0.831419520886953
2018-09-27_22:00:00;0.8520095030686993
2018-09-27_23:00:00;0.8838843793308255
2018-09-28_00:00:00;0.9030390021777865
2018-09-28_01:00:00;0.9096218570580084
2018-09-28_02:00:00;0.9013066719461493
2018-09-28_03:00:00;0.9006137398534944
2018-09-28_04:00:00;0.8982874678281528
2018-09-28_05:00:00;0.8754702039200158
2018-09-28_06:00:00;0.8634923777469808
2018-09-28_07:00:00;0.7952385666204712
2018-09-28_08:00:00;0.8061769946545239
2018-09-28_09:00:00;0.7547020392001584
2018-09-28_10:00:00;0.6173529994060583
2018-09-28_11:00:00;0.632943971490794
2018-09-28_12:00:00;0.6688279548604237
2018-09-28_13:00:00;0.6830330627598495
2018-09-28_14:00:00;0.6782320332607404
2018-09-28_15:00:00;0.6617996436349238
2018-09-28_16:00:00;0.7678677489606018
2018-09-28_17:00:00;0.7514353593347852
2018-09-28_18:00:00;0.6482379726786774
2018-09-28_19:00:00;0.5918135022767769
2018-09-28_20:00:00;0.4910908730944367
2018-09-28_21:00:00;0.43055830528608197
2018-09-28_22:00:00;0.3984359532765789
2018-09-28_23:00:00;0.31657097604434764
2018-09-29_00:00:00;0.28662641061176003
2018-09-29_01:00:00;0.23935854286279945
2018-09-29_02:00:00;0.21431399722827163
2018-09-29_03:00:00;0.17229261532369827
2018-09-29_04:00:00;0.15764205107899426
2018-09-29_05:00:00;0.14135814690160364
2018-09-29_06:00:00;0.15769154622846962
2018-09-29_07:00:00;0.21584834686200752
2018-09-29_08:00:00;0.2941001781825381
2018-09-29_09:00:00;0.33696297762819244
2018-09-29_10:00:00;0.39967333201346267
2018-09-29_11:00:00;0.5087111463076619
2018-09-29_12:00:00;0.594090279152643
2018-09-29_13:00:00;0.6780835478123144
2018-09-29_14:00:00;0.7415858245891903
2018-09-29_15:00:00;0.8070184121956049
2018-09-29_16:00:00;0.8087507424272421
2018-09-29_17:00:00;0.8284003167689566
2018-09-29_18:00:00;0.8361710552365869
2018-09-29_19:00:00;0.8235497921203722
2018-09-29_20:00:00;0.8137497525242526
2018-09-29_21:00:00;0.863937834092259
2018-09-29_22:00:00;0.9020985943377549
2018-09-29_23:00:00;0.9327855870124728
2018-09-30_00:00:00;0.9524846565036627
2018-09-30_01:00:00;0.9421896654127896
2018-09-30_02:00:00;0.9524846565036627
2018-09-30_03:00:00;0.951544248663631
2018-09-30_04:00:00;0.9438230053454761
2018-09-30_05:00:00;0.9184814888140962
2018-09-30_06:00:00;0.8837853890318749
2018-09-30_07:00:00;0.8360225697881608
2018-09-30_08:00:00;0.7167887547020392
2018-09-30_09:00:00;0.5861710552365869
2018-09-30_10:00:00;0.5568699267471787
2018-09-30_11:00:00;0.4882696495743417
2018-09-30_12:00:00;0.3771530390021778
2018-09-30_13:00:00;0.36344288259750546
2018-09-30_14:00:00;0.3497327261928331
2018-09-30_15:00:00;0.3260245495941398
2018-09-30_16:00:00;0.23708176598693328
2018-09-30_17:00:00;0.2378736883785389
2018-09-30_18:00:00;0.23579489210057414
2018-09-30_19:00:00;0.27024351613541875
2018-09-30_20:00:00;0.2886062165907741
2018-09-30_21:00:00;0.3559691150267274
2018-09-30_22:00:00;0.3419619877252029
2018-09-30_23:00:00;0.3231538309245694
2018-10-01_00:00:00;0.41145317758859634
2018-10-01_01:00:00;0.4239259552563849
2018-10-01_02:00:00;0.43516135418728963
2018-10-01_03:00:00;0.5060879033854683
2018-10-01_04:00:00;0.5247475747376757
2018-10-01_05:00:00;0.6944664422886557
2018-10-01_06:00:00;0.7385666204711938
2018-10-01_07:00:00;0.7959809938626015
2018-10-01_08:00:00;0.8464165511779845
2018-10-01_09:00:00;0.8454761433379528
2018-10-01_10:00:00;0.8455256384874282
2018-10-01_11:00:00;0.8664620867155018
2018-10-01_12:00:00;0.8508711146307661
2018-10-01_13:00:00;0.8764601069095229
2018-10-01_14:00:00;0.8864581271035439
2018-10-01_15:00:00;0.846070085131657
2018-10-01_16:00:00;0.8991288853692339
2018-10-01_17:00:00;0.8983864581271035
2018-10-01_18:00:00;0.8726984755493962
2018-10-01_19:00:00;0.831419520886953
2018-10-01_20:00:00;0.7996436349237774
2018-10-01_21:00:00;0.6979805979014057
2018-10-01_22:00:00;0.638041971886755
2018-10-01_23:00:00;0.5719164521876856
2018-10-02_00:00:00;0.5597406454167492
2018-10-02_01:00:00;0.5385072262918233
2018-10-02_02:00:00;0.6198277568798258
2018-10-02_03:00:00;0.7586616511581865
2018-10-02_04:00:00;0.9021975846367056
2018-10-02_05:00:00;0.9558503266679865
2018-10-02_06:00:00;0.9389724806968917
2018-10-02_07:00:00;0.8672045139576322
2018-10-02_08:00:00;0.7429221936250248
2018-10-02_09:00:00;0.6726885765195011
2018-10-02_10:00:00;0.7304989111067115
2018-10-02_11:00:00;0.7453969510987923
2018-10-02_12:00:00;0.7305484062561869
2018-10-02_13:00:00;0.762819243714116
2018-10-02_14:00:00;0.7664323896258167
2018-10-02_15:00:00;0.7650960205899822
2018-10-02_16:00:00;0.7598495347455949
2018-10-02_17:00:00;0.7513363690358345
2018-10-02_18:00:00;0.752524252623243
2018-10-02_19:00:00;0.7254999010097011
2018-10-02_20:00:00;0.7300534547614334
2018-10-02_21:00:00;0.7278756681845179
2018-10-02_22:00:00;0.7326272025341517
2018-10-02_23:00:00;0.7314888140962186
2018-10-03_00:00:00;0.7377746980795882
2018-10-03_01:00:00;0.7572757869728767
2018-10-03_02:00:00;0.8032567808354781
2018-10-03_03:00:00;0.8083547812314393
2018-10-03_04:00:00;0.8082062957830133
2018-10-03_05:00:00;0.7786576915462284
2018-10-03_06:00:00;0.7113937834092259
2018-10-03_07:00:00;0.6976341318550782
2018-10-03_08:00:00;0.674371411601663
2018-10-03_09:00:00;0.6293803207285686
2018-10-03_10:00:00;0.631409621857058
2018-10-03_11:00:00;0.6314591170065333
2018-10-03_12:00:00;0.7169372401504652
2018-10-03_13:00:00;0.7370322708374579
2018-10-03_14:00:00;0.7263908137002574
2018-10-03_15:00:00;0.707186695703821
2018-10-03_16:00:00;0.7357453969510988
2018-10-03_17:00:00;0.7577212433181548
2018-10-03_18:00:00;0.723371609582261
2018-10-03_19:00:00;0.6770936448228073
2018-10-03_20:00:00;0.6713522074836666
2018-10-03_21:00:00;0.5359829736685805
2018-10-03_22:00:00;0.4193229063551772
2018-10-03_23:00:00;0.38635913680459316
2018-10-04_00:00:00;0.4074935656305682
2018-10-04_01:00:00;0.4353098396357157
2018-10-04_02:00:00;0.4983666600673134
2018-10-04_03:00:00;0.5504355573153831
2018-10-04_04:00:00;0.46357156998614135
2018-10-04_05:00:00;0.4244209067511384
2018-10-04_06:00:00;0.36393783409225894
2018-10-04_07:00:00;0.27143139972282715
2018-10-04_08:00:00;0.19134824787170857
2018-10-04_09:00:00;0.2649475351415561
2018-10-04_10:00:00;0.32879627796475946
2018-10-04_11:00:00;0.4076915462284696
2018-10-04_12:00:00;0.46485844387250047
2018-10-04_13:00:00;0.47059988121164126
2018-10-04_14:00:00;0.41897644030884973
2018-10-04_15:00:00;0.4491684814888141
2018-10-04_16:00:00;0.49252623242922194
2018-10-04_17:00:00;0.4859433775490002
2018-10-04_18:00:00;0.5407840031676896
2018-10-04_19:00:00;0.5328647792516333
2018-10-04_20:00:00;0.5635517719263512
2018-10-04_21:00:00;0.6730845377153039
2018-10-04_22:00:00;0.7868738863591368
2018-10-04_23:00:00;0.8070184121956049
2018-10-05_00:00:00;0.8322609384280341
2018-10-05_01:00:00;0.788160760245496
2018-10-05_02:00:00;0.6987725202930113
2018-10-05_03:00:00;0.6411601663037022
2018-10-05_04:00:00;0.5782518313205306
2018-10-05_05:00:00;0.48678479509008116
2018-10-05_06:00:00;0.46203722035240546
2018-10-05_07:00:00;0.4453078598297367
2018-10-05_08:00:00;0.47307463868540883
2018-10-05_09:00:00;0.44669372401504653
2018-10-05_10:00:00;0.4374381310631558
2018-10-05_11:00:00;0.41803603246881804
2018-10-05_12:00:00;0.3473569590180162
2018-10-05_13:00:00;0.3456741239358543
2018-10-05_14:00:00;0.27657889526826374
2018-10-05_15:00:00;0.24247673727974658
2018-10-05_16:00:00;0.2327756879825777
2018-10-05_17:00:00;0.2270837457929123
2018-10-05_18:00:00;0.19966343298356762
2018-10-05_19:00:00;0.16882795486042368
2018-10-05_20:00:00;0.15848346862007523
2018-10-05_21:00:00;0.14031874876262126
2018-10-05_22:00:00;0.12279746584834686
2018-10-05_23:00:00;0.09705998812116412
2018-10-06_00:00:00;0.06117600475153435
2018-10-06_01:00:00;0.0472678677489606
2018-10-06_02:00:00;0.03979410017818254
2018-10-06_03:00:00;0.03538903187487626
2018-10-06_04:00:00;0.03034052662839042
2018-10-06_05:00:00;0.028558701247277767
2018-10-06_06:00:00;0.03454761433379529
2018-10-06_07:00:00;0.03692338150861216
2018-10-06_08:00:00;0.033805187091665016
2018-10-06_09:00:00;0.044842605424668384
2018-10-06_10:00:00;0.09220946347257969
2018-10-06_11:00:00;0.12334191249257573
2018-10-06_12:00:00;0.14670362304494158
2018-10-06_13:00:00;0.1636309641655118
2018-10-06_14:00:00;0.14744605028707186
2018-10-06_15:00:00;0.20030686992674718
2018-10-06_16:00:00;0.33928924965353396
2018-10-06_17:00:00;0.36507622253019206
2018-10-06_18:00:00;0.47465848346862005
2018-10-06_19:00:00;0.7703920015838448
2018-10-06_20:00:00;0.8566620471193823
2018-10-06_21:00:00;0.8674519897050089
2018-10-06_22:00:00;0.7972678677489606
2018-10-06_23:00:00;0.640417739061572
2018-10-07_00:00:00;0.5616214610968125
2018-10-07_01:00:00;0.5214313997228271
2018-10-07_02:00:00;0.6352207483666601
2018-10-07_03:00:00;0.6196792714313997
2018-10-07_04:00:00;0.5972084735695902
2018-10-07_05:00:00;0.5856761037418333
2018-10-07_06:00:00;0.5596911502672738
2018-10-07_07:00:00;0.4854484260542467
2018-10-07_08:00:00;0.4309047713324094
2018-10-07_09:00:00;0.28642843001385865
2018-10-07_10:00:00;0.15957236190853297
2018-10-07_11:00:00;0.14625816669966343
2018-10-07_12:00:00;0.09710948327063948
2018-10-07_13:00:00;0.08508216194812908
2018-10-07_14:00:00;0.035438527024351615
2018-10-07_15:00:00;0.017768758661651157
2018-10-07_16:00:00;0.008463670560285092
2018-10-07_17:00:00;0.008562660859235795
2018-10-07_18:00:00;0.022619283310235598
2018-10-07_19:00:00;0.05781033458721045
2018-10-07_20:00:00;0.12789546624430806
2018-10-07_21:00:00;0.26321520490991884
2018-10-07_22:00:00;0.43535933478519107
2018-10-07_23:00:00;0.5527123341912492
2018-10-08_00:00:00;0.7012967729162543
2018-10-08_01:00:00;0.7444070481092853
2018-10-08_02:00:00;0.7280241536329439
2018-10-08_03:00:00;0.7503959611958028
2018-10-08_04:00:00;0.812116412591566
2018-10-08_05:00:00;0.8561670956246288
2018-10-08_06:00:00;0.865769154622847
2018-10-08_07:00:00;0.8357255988913086
2018-10-08_08:00:00;0.8246386854088299
2018-10-08_09:00:00;0.8170164323896258
2018-10-08_10:00:00;0.812957830132647
2018-10-08_11:00:00;0.8009305088101366
2018-10-08_12:00:00;0.7837556919421896
2018-10-08_13:00:00;0.7720748366660067
2018-10-08_14:00:00;0.814789150663235
2018-10-08_15:00:00;0.828449811918432
2018-10-08_16:00:00;0.864086319540685
2018-10-08_17:00:00;0.8778459710948328
2018-10-08_18:00:00;0.8770045535537517
2018-10-08_19:00:00;0.8182043159770342
2018-10-08_20:00:00;0.7364383290437537
2018-10-08_21:00:00;0.6996139378340923
2018-10-08_22:00:00;0.6682340130667195
2018-10-08_23:00:00;0.6317065927539102
2018-10-09_00:00:00;0.5585032666798654
2018-10-09_01:00:00;0.5331617501484854
2018-10-09_02:00:00;0.5630568204315977
2018-10-09_03:00:00;0.562116412591566
2018-10-09_04:00:00;0.5890912690556326
2018-10-09_05:00:00;0.6506632350029697
2018-10-09_06:00:00;0.6610572163927935
2018-10-09_07:00:00;0.6946644228865572
2018-10-09_08:00:00;0.7571767966739259
2018-10-09_09:00:00;0.787319342704415
2018-10-09_10:00:00;0.800138586418531
2018-10-09_11:00:00;0.7980102949910909
2018-10-09_12:00:00;0.8225598891308652
2018-10-09_13:00:00;0.8017224312017422
2018-10-09_14:00:00;0.7490595921599683
2018-10-09_15:00:00;0.7114432785587013
2018-10-09_16:00:00;0.665363294397149
2018-10-09_17:00:00;0.608592357948921
2018-10-09_18:00:00;0.5419223916056226
2018-10-09_19:00:00;0.5277667788556721
2018-10-09_20:00:00;0.5058404276380914
2018-10-09_21:00:00;0.4799049693130073
2018-10-09_22:00:00;0.4340724608988319
2018-10-09_23:00:00;0.3464660463274599
2018-10-10_00:00:00;0.27920213819045736
2018-10-10_01:00:00;0.21916452187685606
2018-10-10_02:00:00;0.13937834092258958
2018-10-10_03:00:00;0.08067709364482281
2018-10-10_04:00:00;0.041427440110869136
2018-10-10_05:00:00;0.0331122549990101
2018-10-10_06:00:00;0.04261532369827757
2018-10-10_07:00:00;0.03623044941595724
2018-10-10_08:00:00;0.033409225895862205
2018-10-10_09:00:00;0.046822411403682436
2018-10-10_10:00:00;0.05830528608196397
2018-10-10_11:00:00;0.08458721045337557
2018-10-10_12:00:00;0.08973470599881211
2018-10-10_13:00:00;0.08641853098396357
2018-10-10_14:00:00;0.10700851316570976
2018-10-10_15:00:00;0.16912492575727578
2018-10-10_16:00:00;0.2669273411205702
2018-10-10_17:00:00;0.46654127895466246
2018-10-10_18:00:00;0.7017422292615324
2018-10-10_19:00:00;0.699168481488814
2018-10-10_20:00:00;0.7238665610770144
2018-10-10_21:00:00;0.7587111463076619
2018-10-10_22:00:00;0.7661354187289645
2018-10-10_23:00:00;0.7637596515541477
2018-10-11_00:00:00;0.8116214610968125
2018-10-11_01:00:00;0.809295189071471
2018-10-11_02:00:00;0.8506731340328648
2018-10-11_03:00:00;0.8197386656107701
2018-10-11_04:00:00;0.8293407246089883
2018-10-11_05:00:00;0.8126608592357949
2018-10-11_06:00:00;0.6375965155414769
2018-10-11_07:00:00;0.5521678875470204
2018-10-11_08:00:00;0.5174222926153237
2018-10-11_09:00:00;0.48129083349831714
2018-10-11_10:00:00;0.4905464264502079
2018-10-11_11:00:00;0.41170065333597305
2018-10-11_12:00:00;0.32493565630568205
2018-10-11_13:00:00;0.29083349831716493
2018-10-11_14:00:00;0.3244901999604039
2018-10-11_15:00:00;0.44728766580875073
2018-10-11_16:00:00;0.5841912492575727
2018-10-11_17:00:00;0.6685309839635716
2018-10-11_18:00:00;0.7234211047317363
2018-10-11_19:00:00;0.7284201148287468
2018-10-11_20:00:00;0.6970896852108494
2018-10-11_21:00:00;0.7045139576321521
2018-10-11_22:00:00;0.7439615917640071
2018-10-11_23:00:00;0.7636606612551969
2018-10-12_00:00:00;0.7355969115026727
2018-10-12_01:00:00;0.7383686398732924
2018-10-12_02:00:00;0.7490100970104929
2018-10-12_03:00:00;0.740001979805979
2018-10-12_04:00:00;0.7861809542664819
2018-10-12_05:00:00;0.7325777073846763
2018-10-12_06:00:00;0.8036527420312809
2018-10-12_07:00:00;0.7870718669570382
2018-10-12_08:00:00;0.7587111463076619
2018-10-12_09:00:00;0.7018907147099585
2018-10-12_10:00:00;0.6372005543456741
2018-10-12_11:00:00;0.5738962581666996
2018-10-12_12:00:00;0.5650861215600871
2018-10-12_13:00:00;0.5675608790338547
2018-10-12_14:00:00;0.580132647000594
2018-10-12_15:00:00;0.5742427242130271
2018-10-12_16:00:00;0.577608394377351
2018-10-12_17:00:00;0.6546228469609978
2018-10-12_18:00:00;0.7380716689764403
2018-10-12_19:00:00;0.8156800633537913
2018-10-12_20:00:00;0.831419520886953
2018-10-12_21:00:00;0.7987032270837457
2018-10-12_22:00:00;0.801969906949119
2018-10-12_23:00:00;0.7983567610374184
2018-10-13_00:00:00;0.7976638289447634
2018-10-13_01:00:00;0.7984062561868936
2018-10-13_02:00:00;0.7940506830330628
2018-10-13_03:00:00;0.7869233815086122
2018-10-13_04:00:00;0.8465650366264106
2018-10-13_05:00:00;0.8555236586814492
2018-10-13_06:00:00;0.8117699465452386
2018-10-13_07:00:00;0.7959314987131261
2018-10-13_08:00:00;0.7919223916056226
2018-10-13_09:00:00;0.7854385270243516
2018-10-13_10:00:00;0.7615818649772322
2018-10-13_11:00:00;0.7293605226687785
2018-10-13_12:00:00;0.7259453573549792
2018-10-13_13:00:00;0.7006038408235993
2018-10-13_14:00:00;0.665214808948723
2018-10-13_15:00:00;0.6674915858245892
2018-10-13_16:00:00;0.7234211047317363
2018-10-13_17:00:00;0.8052860819639676
2018-10-13_18:00:00;0.8548802217382696
2018-10-13_19:00:00;0.8564145713720055
2018-10-13_20:00:00;0.854929716887745
2018-10-13_21:00:00;0.8576519501088893
2018-10-13_22:00:00;0.8509701049297169
2018-10-13_23:00:00;0.8227083745792912
2018-10-14_00:00:00;0.8141457137200554
2018-10-14_01:00:00;0.8210255394971293
2018-10-14_02:00:00;0.8217184715897842
2018-10-14_03:00:00;0.809295189071471
2018-10-14_04:00:00;0.7578202336171055
2018-10-14_05:00:00;0.6967432191645219
2018-10-14_06:00:00;0.6013165709760443
2018-10-14_07:00:00;0.539299148683429
2018-10-14_08:00:00;0.5432587606414572
2018-10-14_09:00:00;0.5516729360522669
2018-10-14_10:00:00;0.5303405266283904
2018-10-14_11:00:00;0.4762423282518313
2018-10-14_12:00:00;0.4848049891110671
2018-10-14_13:00:00;0.5343496337358938
2018-10-14_14:00:00;0.6622945951296773
2018-10-14_15:00:00;0.7310928529004158
2018-10-14_16:00:00;0.734656503662641
2018-10-14_17:00:00;0.5956246287863789
2018-10-14_18:00:00;0.5827558899227876
2018-10-14_19:00:00;0.6353197386656108
2018-10-14_20:00:00;0.5179667392595526
2018-10-14_21:00:00;0.3962086715501881
2018-10-14_22:00:00;0.3362700455355375
2018-10-14_23:00:00;0.30355375173233023
2018-10-15_00:00:00;0.2359433775490002
2018-10-15_01:00:00;0.1524945555335577
2018-10-15_02:00:00;0.10101960007919224
2018-10-15_03:00:00;0.08354781231439319
2018-10-15_04:00:00;0.09493169669372402
2018-10-15_05:00:00;0.09369431795684023
2018-10-15_06:00:00;0.1015640467234211
2018-10-15_07:00:00;0.10141556127499506
2018-10-15_08:00:00;0.1068600277172837
2018-10-15_09:00:00;0.09978222134230845
2018-10-15_10:00:00;0.11670956246287864
2018-10-15_11:00:00;0.1448723025143536
2018-10-15_12:00:00;0.15348445852306475
2018-10-15_13:00:00;0.13032072856860027
2018-10-15_14:00:00;0.11636309641655118
2018-10-15_15:00:00;0.1189863393387448
2018-10-15_16:00:00;0.16823401306671945
2018-10-15_17:00:00;0.23049891110671153
2018-10-15_18:00:00;0.2733122154028905
2018-10-15_19:00:00;0.2572262918234013
2018-10-15_20:00:00;0.1992674717877648
2018-10-15_21:00:00;0.1598198376559097
2018-10-15_22:00:00;0.12057018412195605
2018-10-15_23:00:00;0.10616709562462878
2018-10-16_00:00:00;0.10438527024351614
2018-10-16_01:00:00;0.1261136408631954
2018-10-16_02:00:00;0.10913680459314987
2018-10-16_03:00:00;0.08151851118590378
2018-10-16_04:00:00;0.07686596713522074
2018-10-16_05:00:00;0.10042565828548802
2018-10-16_06:00:00;0.0841417541080974
2018-10-16_07:00:00;0.04400118788358741
2018-10-16_08:00:00;0.035042565828548804
2018-10-16_09:00:00;0.02484656503662641
2018-10-16_10:00:00;0.02138190457335181
2018-10-16_11:00:00;0.023856662047119382
2018-10-16_12:00:00;0.03187487626212631
2018-10-16_13:00:00;0.03984359532765789
2018-10-16_14:00:00;0.047366858047911305
2018-10-16_15:00:00;0.08725994852504454
2018-10-16_16:00:00;0.12685606810532568
2018-10-16_17:00:00;0.1647198574539695
2018-10-16_18:00:00;0.2021381904573352
2018-10-16_19:00:00;0.28093446842209463
2018-10-16_20:00:00;0.34785191051276976
2018-10-16_21:00:00;0.31543258760641457
2018-10-16_22:00:00;0.27123341912492577
2018-10-16_23:00:00;0.23653731934270442
2018-10-17_00:00:00;0.24198178578499308
2018-10-17_01:00:00;0.2691051276974856
2018-10-17_02:00:00;0.24821817461888734
2018-10-17_03:00:00;0.17372797465848347
2018-10-17_04:00:00;0.1497723223124134
2018-10-17_05:00:00;0.13992278756681845
2018-10-17_06:00:00;0.14289249653533953
2018-10-17_07:00:00;0.1402692536131459
2018-10-17_08:00:00;0.11463076618491388
2018-10-17_09:00:00;0.09344684220946348
2018-10-17_10:00:00;0.08424074440704811
2018-10-17_11:00:00;0.08275588992278757
2018-10-17_12:00:00;0.09715897842011482
2018-10-17_13:00:00;0.12319342704414968
2018-10-17_14:00:00;0.10676103741833301
2018-10-17_15:00:00;0.06162146109681251
2018-10-17_16:00:00;0.057909324886161156
2018-10-17_17:00:00;0.0644921797663829
2018-10-17_18:00:00;0.04964363492377747
2018-10-17_19:00:00;0.04929716887745001
2018-10-17_20:00:00;0.043555731538309245
2018-10-17_21:00:00;0.061324490199960405
2018-10-17_22:00:00;0.10636507622253019
2018-10-17_23:00:00;0.16531379924767373
2018-10-18_00:00:00;0.18605226687784598
2018-10-18_01:00:00;0.264650564244704
2018-10-18_02:00:00;0.3902692536131459
2018-10-18_03:00:00;0.3957137200554346
2018-10-18_04:00:00;0.33537913284498116
2018-10-18_05:00:00;0.3632943971490794
2018-10-18_06:00:00;0.3298851712532172
2018-10-18_07:00:00;0.2894971292813304
2018-10-18_08:00:00;0.2702930112848941
2018-10-18_09:00:00;0.3333993268659671
2018-10-18_10:00:00;0.34463472579687193
2018-10-18_11:00:00;0.32003563650762223
2018-10-18_12:00:00;0.2995446446248268
2018-10-18_13:00:00;0.28316175014848544
2018-10-18_14:00:00;0.24148683429023957
2018-10-18_15:00:00;0.2668283508216195
2018-10-18_16:00:00;0.278311225499901
2018-10-18_17:00:00;0.2508909126905563
2018-10-18_18:00:00;0.21941199762423283
2018-10-18_19:00:00;0.18456741239358543
2018-10-18_20:00:00;0.15605820629578301
2018-10-18_21:00:00;0.1328449811918432
2018-10-18_22:00:00;0.10517719263512176
2018-10-18_23:00:00;0.06884775292021382
2018-10-19_00:00:00;0.05350425658285488
2018-10-19_01:00:00;0.031280934468422096
2018-10-19_02:00:00;0.014650564244704019
2018-10-19_03:00:00;0.007325282122352009
2018-10-19_04:00:00;0.004306078004355573
2018-10-19_05:00:00;0.004108097406454168
2018-10-19_06:00:00;0.004850524648584439
2018-10-19_07:00:00;0.003415165313799248
2018-10-19_08:00:00;0.0035141556127499503
2018-10-19_09:00:00;0.0020787962779647597
2018-10-19_10:00:00;0.004058602256978816
2018-10-19_11:00:00;0.004949514947535142
2018-10-19_12:00:00;0.007325282122352009
2018-10-19_13:00:00;0.012324292219362503
2018-10-19_14:00:00;0.010047515343496337
2018-10-19_15:00:00;0.00628588398336963
2018-10-19_16:00:00;0.008315185111859039
2018-10-19_17:00:00;0.014106117600475154
2018-10-19_18:00:00;0.030192041179964362
2018-10-19_19:00:00;0.046277964759453574
2018-10-19_20:00:00;0.0859730746386854
2018-10-19_21:00:00;0.15496931300732528
2018-10-19_22:00:00;0.2207483666600673
2018-10-19_23:00:00;0.3086022569788161
2018-10-20_00:00:00;0.39734705998812114
2018-10-20_01:00:00;0.4275391011680855
2018-10-20_02:00:00;0.4188279548604237
2018-10-20_03:00:00;0.44674321916452187
2018-10-20_04:00:00;0.3943773510196001
2018-10-20_05:00:00;0.3022668778459711
2018-10-20_06:00:00;0.29335775094040784
2018-10-20_07:00:00;0.3028113244902
2018-10-20_08:00:00;0.2605919619877252
2018-10-20_09:00:00;0.2708869530785983
2018-10-20_10:00:00;0.2579687190655316
2018-10-20_11:00:00;0.22272817263908137
2018-10-20_12:00:00;0.17447040190061375
2018-10-20_13:00:00;0.1663531973866561
2018-10-20_14:00:00;0.15120768164719858
2018-10-20_15:00:00;0.13096416551177983
2018-10-20_16:00:00;0.13848742823203325
2018-10-20_17:00:00;0.16773906157196594
2018-10-20_18:00:00;0.15081172045139576
2018-10-20_19:00:00;0.13507226291823402
2018-10-20_20:00:00;0.09013066719461493
2018-10-20_21:00:00;0.1050287071866957
2018-10-20_22:00:00;0.14898039992080775
2018-10-20_23:00:00;0.13749752524252623
2018-10-21_00:00:00;0.1358146901603643
2018-10-21_01:00:00;0.15180162344090278
2018-10-21_02:00:00;0.15744407048109285
2018-10-21_03:00:00;0.18065729558503266
2018-10-21_04:00:00;0.22277766778855673
2018-10-21_05:00:00;0.28865571174024945
2018-10-21_06:00:00;0.2858839833696298
2018-10-21_07:00:00;0.27850920609780244
2018-10-21_08:00:00;0.30998812116412594
2018-10-21_09:00:00;0.366759057612354
2018-10-21_10:00:00;0.42833102355969116
2018-10-21_11:00:00;0.5325678083547812
2018-10-21_12:00:00;0.6155711740249455
2018-10-21_13:00:00;0.6527420312809344
2018-10-21_14:00:00;0.6912492575727579
2018-10-21_15:00:00;0.7424767372797466
2018-10-21_16:00:00;0.7674222926153237
2018-10-21_17:00:00;0.8137002573747772
2018-10-21_18:00:00;0.6964957434171452
2018-10-21_19:00:00;0.6477925163333993
2018-10-21_20:00:00;0.5678578499307068
2018-10-21_21:00:00;0.5180657295585033
2018-10-21_22:00:00;0.48802217382696494
2018-10-21_23:00:00;0.5413779449613938
2018-10-22_00:00:00;0.6965947337160958
2018-10-22_01:00:00;0.8090477133240942
2018-10-22_02:00:00;0.8017719263512176
2018-10-22_03:00:00;0.7675707780637497
2018-10-22_04:00:00;0.7334686200752326
2018-10-22_05:00:00;0.8363690358344882
2018-10-22_06:00:00;0.8977925163333993
2018-10-22_07:00:00;0.9062561868936844
2018-10-22_08:00:00;0.8647297564838646
2018-10-22_09:00:00;0.9282320332607404
2018-10-22_10:00:00;0.9084339734705998
2018-10-22_11:00:00;0.8251336369035834
2018-10-22_12:00:00;0.7682637101564047
2018-10-22_13:00:00;0.7011977826173035
2018-10-22_14:00:00;0.76267075826569
2018-10-22_15:00:00;0.6593743813106315
2018-10-22_16:00:00;0.7090180162344091
2018-10-22_17:00:00;0.7379231835280142
2018-10-22_18:00:00;0.7492575727578697
2018-10-22_19:00:00;0.8645317758859632
2018-10-22_20:00:00;0.9624331815482082
2018-10-22_21:00:00;0.8590873094436745
2018-10-22_22:00:00;0.7704909918827955
2018-10-22_23:00:00;0.713522074836666
2018-10-23_00:00:00;0.6844684220946348
2018-10-23_01:00:00;0.6792219362502475
2018-10-23_02:00:00;0.6783310235596911
2018-10-23_03:00:00;0.6776875866165116
2018-10-23_04:00:00;0.6734310037616313
2018-10-23_05:00:00;0.6745693921995645
2018-10-23_06:00:00;0.6690259354583251
2018-10-23_07:00:00;0.7182736091862998
2018-10-23_08:00:00;0.7363888338942783
2018-10-23_09:00:00;0.7367352999406058
2018-10-23_10:00:00;0.7280736487824193
2018-10-23_11:00:00;0.7152049099188279
2018-10-23_12:00:00;0.7168382498515146
2018-10-23_13:00:00;0.7467333201346268
2018-10-23_14:00:00;0.7547515343496337
2018-10-23_15:00:00;0.8003860621659077
2018-10-23_16:00:00;0.8087507424272421
2018-10-23_17:00:00;0.8123143931894674
2018-10-23_18:00:00;0.812116412591566
2018-10-23_19:00:00;0.8125123737873688
2018-10-23_20:00:00;0.8114729756483865
2018-10-23_21:00:00;0.8119679271431399
2018-10-23_22:00:00;0.8123638883389428
2018-10-23_23:00:00;0.8082062957830133
2018-10-24_00:00:00;0.786329439714908
2018-10-24_01:00:00;0.7884577311423481
2018-10-24_02:00:00;0.7900415759255593
2018-10-24_03:00:00;0.7873688378538903
2018-10-24_04:00:00;0.7846960997822213
2018-10-24_05:00:00;0.7869728766580875
2018-10-24_06:00:00;0.7763809146703623
2018-10-24_07:00:00;0.7860324688180559
2018-10-24_08:00:00;0.8062759849534745
2018-10-24_09:00:00;0.8607206493763612
2018-10-24_10:00:00;0.838447832112453
2018-10-24_11:00:00;0.8185012868738863
2018-10-24_12:00:00;0.7950900811720452
2018-10-24_13:00:00;0.7836072064937636
2018-10-24_14:00:00;0.792664818847753
2018-10-24_15:00:00;0.7897446050287071
2018-10-24_16:00:00;0.8267174816867947
2018-10-24_17:00:00;0.8798257770738468
2018-10-24_18:00:00;0.9161552167887547
2018-10-24_19:00:00;0.9306078004355574
2018-10-24_20:00:00;0.8941793704216987
2018-10-24_21:00:00;0.864086319540685
2018-10-24_22:00:00;0.9772817263908137
2018-10-24_23:00:00;0.9157097604434765
2018-10-25_00:00:00;0.9359037814294199
2018-10-25_01:00:00;0.941397743021184
2018-10-25_02:00:00;0.8496337358938824
2018-10-25_03:00:00;0.7935557315383093
2018-10-25_04:00:00;0.8050881013660661
2018-10-25_05:00:00;0.6535834488220155
2018-10-25_06:00:00;0.6101762027321322
2018-10-25_07:00:00;0.6082953870520689
2018-10-25_08:00:00;0.6506137398534944
2018-10-25_09:00:00;0.6366066125519699
2018-10-25_10:00:00;0.6042862799445654
2018-10-25_11:00:00;0.6372005543456741
2018-10-25_12:00:00;0.6580380122747971
2018-10-25_13:00:00;0.656058206295783
2018-10-25_14:00:00;0.6516531379924767
2018-10-25_15:00:00;0.6580380122747971
2018-10-25_16:00:00;0.7052068897248069
2018-10-25_17:00:00;0.7920708770540487
2018-10-25_18:00:00;0.8175113838843794
2018-10-25_19:00:00;0.7910809740645417
2018-10-25_20:00:00;0.7789051672936053
2018-10-25_21:00:00;0.6746683824985151
2018-10-25_22:00:00;0.5581073054840625
2018-10-25_23:00:00;0.5569194218966541
2018-10-26_00:00:00;0.5004454563452782
2018-10-26_01:00:00;0.45758265689962385
2018-10-26_02:00:00;0.5094040784003168
2018-10-26_03:00:00;0.6211641259156603
2018-10-26_04:00:00;0.6879825777073847
2018-10-26_05:00:00;0.7087705404870323
2018-10-26_06:00:00;0.6649178380518709
2018-10-26_07:00:00;0.7094634725796872
2018-10-26_08:00:00;0.7091665016828351
2018-10-26_09:00:00;0.745495941397743
2018-10-26_10:00:00;0.7319342704414967
2018-10-26_11:00:00;0.7379726786774896
2018-10-26_12:00:00;0.6689269451593743
2018-10-26_13:00:00;0.6054246683824985
2018-10-26_14:00:00;0.7009008117204514
2018-10-26_15:00:00;0.695357354979212
2018-10-26_16:00:00;0.6458622055038606
2018-10-26_17:00:00;0.7103048901207681
2018-10-26_18:00:00;0.6930805781033459
2018-10-26_19:00:00;0.7548010294991091
2018-10-26_20:00:00;0.8196891704612947
2018-10-26_21:00:00;0.6954068501286874
2018-10-26_22:00:00;0.775638487428232
2018-10-26_23:00:00;0.867600475153435
2018-10-27_00:00:00;0.8852207483666601
2018-10-27_01:00:00;0.8882399524846565
2018-10-27_02:00:00;0.8578499307067907
2018-10-27_03:00:00;0.8531973866561077
2018-10-27_04:00:00;0.747327261928331
2018-10-27_05:00:00;0.7004058602256978
2018-10-27_06:00:00;0.6909027915264304
2018-10-27_07:00:00;0.4822807364878242
2018-10-27_08:00:00;0.5613244901999604
2018-10-27_09:00:00;0.49821817461888734
2018-10-27_10:00:00;0.4426351217580677
2018-10-27_11:00:00;0.49193229063551774
2018-10-27_12:00:00;0.40947337160958225
2018-10-27_13:00:00;0.4138289447634132
2018-10-27_14:00:00;0.3654226885765195
2018-10-27_15:00:00;0.4038309245693922
2018-10-27_16:00:00;0.455206889724807
2018-10-27_17:00:00;0.5102949910908731
2018-10-27_18:00:00;0.5811225499901009
2018-10-27_19:00:00;0.6674420906751138
2018-10-27_20:00:00;0.6703623044941596
2018-10-27_21:00:00;0.7488616115620669
2018-10-27_22:00:00;0.6717481686794694
2018-10-27_23:00:00;0.6205206889724807
2018-10-28_00:00:00;0.5617204513957632
2018-10-28_01:00:00;0.48742823203326074
2018-10-28_02:00:00;0.4450108889328846
2018-10-28_03:00:00;0.42254009107107504
2018-10-28_04:00:00;0.46010690952286676
2018-10-28_05:00:00;0.43238962581666995
2018-10-28_06:00:00;0.4421401702633142
2018-10-28_07:00:00;0.44827756879825775
2018-10-28_08:00:00;0.42090675113838844
2018-10-28_09:00:00;0.42570778063749753
2018-10-28_10:00:00;0.5112353989309047
2018-10-28_11:00:00;0.5172738071668976
2018-10-28_12:00:00;0.5579093248861612
2018-10-28_13:00:00;0.5870124727776678
2018-10-28_14:00:00;0.5896357156998614
2018-10-28_15:00:00;0.6720451395763215
2018-10-28_16:00:00;0.7016432389625816
2018-10-28_17:00:00;0.7757869728766581
2018-10-28_18:00:00;0.8123638883389428
2018-10-28_19:00:00;0.7824193229063552
2018-10-28_20:00:00;0.8566620471193823
2018-10-28_21:00:00;0.8821520490991883
2018-10-28_22:00:00;0.84295189071471
2018-10-28_23:00:00;0.8399326865967135
2018-10-29_00:00:00;0.8165214808948723
2018-10-29_01:00:00;0.8084042763809147
2018-10-29_02:00:00;0.7921698673529994
2018-10-29_03:00:00;0.7913284498119184
2018-10-29_04:00:00;0.8784894080380122
2018-10-29_05:00:00;0.9376856068105326
2018-10-29_06:00:00;0.9442684616907543
2018-10-29_07:00:00;0.9264007127301525
2018-10-29_08:00:00;0.8690853296376955
2018-10-29_09:00:00;0.8142447040190062
2018-10-29_10:00:00;0.7970698871510592
2018-10-29_11:00:00;0.7767768758661651
2018-10-29_12:00:00;0.7437636111661057
2018-10-29_13:00:00;0.7436151257176796
2018-10-29_14:00:00;0.7472282716293803
2018-10-29_15:00:00;0.7497030291031479
2018-10-29_16:00:00;0.7881112650960206
2018-10-29_17:00:00;0.8694812908334983
2018-10-29_18:00:00;0.9292219362502475
2018-10-29_19:00:00;0.9375866165115818
2018-10-29_20:00:00;0.9163037022371807
2018-10-29_21:00:00;0.8884379330825579
2018-10-29_22:00:00;0.8858641853098397
2018-10-29_23:00:00;0.8846268065729559
2018-10-30_00:00:00;0.8693823005345476
2018-10-30_01:00:00;0.8345377153039002
2018-10-30_02:00:00;0.7820728568600277
2018-10-30_03:00:00;0.7762819243714116
2018-10-30_04:00:00;0.777321322510394
2018-10-30_05:00:00;0.7748960601861018
2018-10-30_06:00:00;0.7717283706196792
2018-10-30_07:00:00;0.779845575133637
2018-10-30_08:00:00;0.9121461096812512
2018-10-30_09:00:00;0.9427341120570184
2018-10-30_10:00:00;0.8354286279944565
2018-10-30_11:00:00;0.6311621461096812
2018-10-30_12:00:00;0.49608988319144726
2018-10-30_13:00:00;0.5253910116808552
2018-10-30_14:00:00;0.7104038804197189
2018-10-30_15:00:00;0.8469609978222135
2018-10-30_16:00:00;0.8533953672540091
2018-10-30_17:00:00;0.8576519501088893
2018-10-30_18:00:00;0.8593842803405266
2018-10-30_19:00:00;0.8661156206691745
2018-10-30_20:00:00;0.9042763809146703
2018-10-30_21:00:00;0.8714610968125124
2018-10-30_22:00:00;0.8172639081370026
2018-10-30_23:00:00;0.7137695505840428
2018-10-31_00:00:00;0.617600475153435
2018-10-31_01:00:00;0.5131162146109681
2018-10-31_02:00:00;0.42352999406058206
2018-10-31_03:00:00;0.3828449811918432
2018-10-31_04:00:00;0.3482478717085726
2018-10-31_05:00:00;0.4843100376163136
2018-10-31_06:00:00;0.5048505246485845
2018-10-31_07:00:00;0.43006335379132843
2018-10-31_08:00:00;0.3763116214610968
2018-10-31_09:00:00;0.39368441892694517
2018-10-31_10:00:00;0.47510393981389826
2018-10-31_11:00:00;0.5343991288853692
2018-10-31_12:00:00;0.7120372203524055
2018-10-31_13:00:00;0.6353692338150861
2018-10-31_14:00:00;0.49495149475351413
2018-10-31_15:00:00;0.4284300138586419
2018-10-31_16:00:00;0.36814492179766384
2018-10-31_17:00:00;0.45436547218372597
2018-10-31_18:00:00;0.5110374183330033
2018-10-31_19:00:00;0.5648881409621858
2018-10-31_20:00:00;0.6411601663037022
2018-10-31_21:00:00;0.6249257572757869
2018-10-31_22:00:00;0.5822114432785587
2018-10-31_23:00:00;0.608592357948921
2018-11-01_00:00:00;0.5387052068897248
2018-11-01_01:00:00;0.5301920411799643
2018-11-01_02:00:00;0.5616214610968125
2018-11-01_03:00:00;0.5877054048703227
2018-11-01_04:00:00;0.547465848346862
2018-11-01_05:00:00;0.626608592357949
2018-11-01_06:00:00;0.7289645614729756
2018-11-01_07:00:00;0.8622055038606217
2018-11-01_08:00:00;0.91620471193823
2018-11-01_09:00:00;0.9147693526034448
2018-11-01_10:00:00;0.8416155216788754
2018-11-01_11:00:00;0.726341318550782
2018-11-01_12:00:00;0.5524648584438725
2018-11-01_13:00:00;0.45723619085329636
2018-11-01_14:00:00;0.43268659671352205
2018-11-01_15:00:00;0.4185309839635716
2018-11-01_16:00:00;0.3720550386062166
2018-11-01_17:00:00;0.3466640269253613
2018-11-01_18:00:00;0.4715897842011483
2018-11-01_19:00:00;0.49534745594931695
2018-11-01_20:00:00;0.4030390021777866
2018-11-01_21:00:00;0.3531973866561077
2018-11-01_22:00:00;0.4567412393585429
2018-11-01_23:00:00;0.5506335379132845
2018-11-02_00:00:00;0.6323500296970896
2018-11-02_01:00:00;0.7378241932290636
2018-11-02_02:00:00;0.8088497327261929
2018-11-02_03:00:00;0.8480993862601465
2018-11-02_04:00:00;0.8726489803999208
2018-11-02_05:00:00;0.8685408829934667
2018-11-02_06:00:00;0.7796970896852109
2018-11-02_07:00:00;0.6809047713324095
2018-11-02_08:00:00;0.7338645812710355
2018-11-02_09:00:00;0.787467828152841
2018-11-02_10:00:00;0.7279251633339933
2018-11-02_11:00:00;0.7034745594931696
2018-11-02_12:00:00;0.731538309245694
2018-11-02_13:00:00;0.6776380914670362
2018-11-02_14:00:00;0.5874579291229459
2018-11-02_15:00:00;0.5462779647594536
2018-11-02_16:00:00;0.43699267471787767
2018-11-02_17:00:00;0.34968323104335775
2018-11-02_18:00:00;0.3327063947733122
2018-11-02_19:00:00;0.3480003959611958
2018-11-02_20:00:00;0.32998416155216787
2018-11-02_21:00:00;0.23995248465650365
2018-11-02_22:00:00;0.18377549000197982
2018-11-02_23:00:00;0.1944664422886557
2018-11-03_00:00:00;0.1889724806968917
2018-11-03_01:00:00;0.1906058206295783
2018-11-03_02:00:00;0.17283706196792714
2018-11-03_03:00:00;0.1712532171847159
2018-11-03_04:00:00;0.18664620867155018
2018-11-03_05:00:00;0.20461294793110274
2018-11-03_06:00:00;0.2623242922193625
2018-11-03_07:00:00;0.31271035438527023
2018-11-03_08:00:00;0.36814492179766384
2018-11-03_09:00:00;0.4539200158384478
2018-11-03_10:00:00;0.5134131855078202
2018-11-03_11:00:00;0.5483567610374184
2018-11-03_12:00:00;0.5881508612156009
2018-11-03_13:00:00;0.6295288061769947
2018-11-03_14:00:00;0.6527420312809344
2018-11-03_15:00:00;0.6625915660265294
2018-11-03_16:00:00;0.6551177984557514
2018-11-03_17:00:00;0.6154226885765195
2018-11-03_18:00:00;0.610572163927935
2018-11-03_19:00:00;0.6575925559295189
2018-11-03_20:00:00;0.6665511779845575
2018-11-03_21:00:00;0.6800138586418532
2018-11-03_22:00:00;0.6521975846367056
2018-11-03_23:00:00;0.711839239754504
2018-11-04_00:00:00;0.7628687388635914
2018-11-04_01:00:00;0.743516135418729
2018-11-04_02:00:00;0.6543753712136211
2018-11-04_03:00:00;0.5559295189071471
2018-11-04_04:00:00;0.52534151653138
2018-11-04_05:00:00;0.5040091071075035
2018-11-04_06:00:00;0.49465452385666203
2018-11-04_07:00:00;0.49089289249653534
2018-11-04_08:00:00;0.47569788160760246
2018-11-04_09:00:00;0.5044050683033062
2018-11-04_10:00:00;0.5490991882795486
2018-11-04_11:00:00;0.5299445654325876
2018-11-04_12:00:00;0.44748564640665217
2018-11-04_13:00:00;0.3580974064541675
2018-11-04_14:00:00;0.2737576717481687
2018-11-04_15:00:00;0.2821718471589784
2018-11-04_16:00:00;0.30489012076816474
2018-11-04_17:00:00;0.2970698871510592
2018-11-04_18:00:00;0.307463868540883
2018-11-04_19:00:00;0.3011779845575134
2018-11-04_20:00:00;0.30320728568600275
2018-11-04_21:00:00;0.2958325084141754
2018-11-04_22:00:00;0.25658285488022176
2018-11-04_23:00:00;0.22604434765392992
2018-11-05_00:00:00;0.20797861809542664
2018-11-05_01:00:00;0.16996634329835675
2018-11-05_02:00:00;0.14987131261136408
2018-11-05_03:00:00;0.20248465650366265
2018-11-05_04:00:00;0.24420906751138388
2018-11-05_05:00:00;0.2576717481686795
2018-11-05_06:00:00;0.2858839833696298
2018-11-05_07:00:00;0.29598099386260146
2018-11-05_08:00:00;0.2948921005741437
2018-11-05_09:00:00;0.30127697485646404
2018-11-05_10:00:00;0.28855672144129874
2018-11-05_11:00:00;0.29568402296574936
2018-11-05_12:00:00;0.34151653137992477
2018-11-05_13:00:00;0.40417739061571967
2018-11-05_14:00:00;0.44872302514353596
2018-11-05_15:00:00;0.49089289249653534
2018-11-05_16:00:00;0.6065135616709563
2018-11-05_17:00:00;0.6148287467828153
2018-11-05_18:00:00;0.6034448624034845
2018-11-05_19:00:00;0.5452880617699466
2018-11-05_20:00:00;0.43946743219164525
2018-11-05_21:00:00;0.3639873292417343
2018-11-05_22:00:00;0.32780637497525245
2018-11-05_23:00:00;0.29944565432587605
2018-11-06_00:00:00;0.2560879033854682
2018-11-06_01:00:00;0.2205503860621659
2018-11-06_02:00:00;0.2060978024153633
2018-11-06_03:00:00;0.19743615125717678
2018-11-06_04:00:00;0.18728964561472974
2018-11-06_05:00:00;0.1865472183725995
2018-11-06_06:00:00;0.1748168679469412
2018-11-06_07:00:00;0.19515937438131062
2018-11-06_08:00:00;0.2092654919817858
2018-11-06_09:00:00;0.25301920411799644
2018-11-06_10:00:00;0.3462680657295585
2018-11-06_11:00:00;0.3593842803405266
2018-11-06_12:00:00;0.3488913086517521
2018-11-06_13:00:00;0.328598297366858
2018-11-06_14:00:00;0.34978222134230846
2018-11-06_15:00:00;0.38051870916650166
2018-11-06_16:00:00;0.439863393387448
2018-11-06_17:00:00;0.4965353395367254
2018-11-06_18:00:00;0.601118590378143
2018-11-06_19:00:00;0.6733320134626807
2018-11-06_20:00:00;0.681548208275589
2018-11-06_21:00:00;0.7327756879825778
2018-11-06_22:00:00;0.7200554345674124
2018-11-06_23:00:00;0.6143832904375371
2018-11-07_00:00:00;0.5206394773312215
2018-11-07_01:00:00;0.49534745594931695
2018-11-07_02:00:00;0.474509998020194
2018-11-07_03:00:00;0.4701544248663631
2018-11-07_04:00:00;0.40853296376955056
2018-11-07_05:00:00;0.4106612551969907
2018-11-07_06:00:00;0.3635913680459315
2018-11-07_07:00:00;0.370570184121956
2018-11-07_08:00:00;0.3208770540487032
2018-11-07_09:00:00;0.30578103345872104
2018-11-07_10:00:00;0.38660661255196993
2018-11-07_11:00:00;0.4341714511977826
2018-11-07_12:00:00;0.48559691150267276
2018-11-07_13:00:00;0.6038903187487626
2018-11-07_14:00:00;0.6731835280142546
2018-11-07_15:00:00;0.7290635517719264
2018-11-07_16:00:00;0.8198871510591962
2018-11-07_17:00:00;0.8588893288457731
2018-11-07_18:00:00;0.7970698871510592
2018-11-07_19:00:00;0.7388140962185705
2018-11-07_20:00:00;0.7383191447238171
2018-11-07_21:00:00;0.6912987527222332
2018-11-07_22:00:00;0.6634824787170858
2018-11-07_23:00:00;0.6490793902197585
2018-11-08_00:00:00;0.6158681449217976
2018-11-08_01:00:00;0.6016135418728965
2018-11-08_02:00:00;0.5926054246683825
2018-11-08_03:00:00;0.588447832112453
2018-11-08_04:00:00;0.5947337160958226
2018-11-08_05:00:00;0.6188378538903188
2018-11-08_06:00:00;0.6487824193229064
2018-11-08_07:00:00;0.6681845179172441
2018-11-08_08:00:00;0.6794694119976242
2018-11-08_09:00:00;0.7028311225499901
2018-11-08_10:00:00;0.7575232627202534
2018-11-08_11:00:00;0.7767273807166898
2018-11-08_12:00:00;0.687883587408434
2018-11-08_13:00:00;0.6125024747574738
2018-11-08_14:00:00;0.45951296772916256
2018-11-08_15:00:00;0.28355771134428825
2018-11-08_16:00:00;0.22683627004553553
2018-11-08_17:00:00;0.1885765195010889
2018-11-08_18:00:00;0.1811522470797862
2018-11-08_19:00:00;0.1580875074242724
2018-11-08_20:00:00;0.1365076222530192
2018-11-08_21:00:00;0.09908928924965353
2018-11-08_22:00:00;0.06973866561077015
2018-11-08_23:00:00;0.040487032270837456
2018-11-09_00:00:00;0.06335379132844982
2018-11-09_01:00:00;0.11398732924173431
2018-11-09_02:00:00;0.22797465848346862
2018-11-09_03:00:00;0.329439714907939
2018-11-09_04:00:00;0.38244901999604036
2018-11-09_05:00:00;0.42026331419520885
2018-11-09_06:00:00;0.4780736487824193
2018-11-09_07:00:00;0.5634032864779251
2018-11-09_08:00:00;0.5250940407840031
2018-11-09_09:00:00;0.5535537517323302
2018-11-09_10:00:00;0.5156899623836864
2018-11-09_11:00:00;0.46926351217580675
2018-11-09_12:00:00;0.421401702633142
2018-11-09_13:00:00;0.39927737081765985
2018-11-09_14:00:00;0.4022965749356563
2018-11-09_15:00:00;0.3561670956246288
2018-11-09_16:00:00;0.32963769550584043
2018-11-09_17:00:00;0.3657196594733716
2018-11-09_18:00:00;0.42951890714709956
2018-11-09_19:00:00;0.5245495941397743
2018-11-09_20:00:00;0.6244803009305088
2018-11-09_21:00:00;0.6196297762819244
2018-11-09_22:00:00;0.6415066323500297
2018-11-09_23:00:00;0.7500494951494754
2018-11-10_00:00:00;0.7835082161948129
2018-11-10_01:00:00;0.8444862403484459
2018-11-10_02:00:00;0.8827954860423678
2018-11-10_03:00:00;0.9301623440902792
2018-11-10_04:00:00;0.9489210057414373
2018-11-10_05:00:00;0.9757968719065532
2018-11-10_06:00:00;0.9633240942387646
2018-11-10_07:00:00;0.9019996040388042
2018-11-10_08:00:00;0.8572559889130865
2018-11-10_09:00:00;0.8008810136606612
2018-11-10_10:00:00;0.7723223124133834
2018-11-10_11:00:00;0.7828647792516333
2018-11-10_12:00:00;0.8729459512967729
2018-11-10_13:00:00;0.8967531181944169
2018-11-10_14:00:00;0.8285488022173827
2018-11-10_15:00:00;0.7389625816669967
2018-11-10_16:00:00;0.6768461690754306
2018-11-10_17:00:00;0.7124826766976836
2018-11-10_18:00:00;0.796624430805781
2018-11-10_19:00:00;0.875915660265294
2018-11-10_20:00:00;0.814937636111661
2018-11-10_21:00:00;0.7961294793110275
2018-11-10_22:00:00;0.8166699663432984
2018-11-10_23:00:00;0.7869728766580875
2018-11-11_00:00:00;0.6797663828944763
2018-11-11_01:00:00;0.666056226489804
2018-11-11_02:00:00;0.682538111265096
2018-11-11_03:00:00;0.6934765392991487
2018-11-11_04:00:00;0.7257473767570778
2018-11-11_05:00:00;0.8267669768362701
2018-11-11_06:00:00;0.8611166105721639
2018-11-11_07:00:00;0.9074935656305682
2018-11-11_08:00:00;0.9365472183725995
2018-11-11_09:00:00;0.9430310829538705
2018-11-11_10:00:00;0.9343199366462087
2018-11-11_11:00:00;0.9395169273411206
2018-11-11_12:00:00;0.9444664422886557
2018-11-11_13:00:00;0.8704711938230053
2018-11-11_14:00:00;0.8815581073054841
2018-11-11_15:00:00;0.9167986537319343
2018-11-11_16:00:00;0.9530291031478915
2018-11-11_17:00:00;0.9406058206295783
2018-11-11_18:00:00;0.9544149673332013
2018-11-11_19:00:00;0.9282815284102158
2018-11-11_20:00:00;0.9624826766976836
2018-11-11_21:00:00;0.9486240348445852
2018-11-11_22:00:00;0.9237774698079588
2018-11-11_23:00:00;0.8539893090477133
2018-11-12_00:00:00;0.7072856860027718
2018-11-12_01:00:00;0.68238962581667
2018-11-12_02:00:00;0.6226489803999208
2018-11-12_03:00:00;0.49351613541872896
2018-11-12_04:00:00;0.45258364680261337
2018-11-12_05:00:00;0.41531379924767375
2018-11-12_06:00:00;0.2756879825777074
2018-11-12_07:00:00;0.1959018016234409
2018-11-12_08:00:00;0.1504652544050683
2018-11-12_09:00:00;0.21713522074836666
2018-11-12_10:00:00;0.23322114432785587
2018-11-12_11:00:00;0.1380419718867551
2018-11-12_12:00:00;0.11126509602058998
2018-11-12_13:00:00;0.09602058998218174
2018-11-12_14:00:00;0.0873094436745199
2018-11-12_15:00:00;0.08424074440704811
2018-11-12_16:00:00;0.15467234211047318
2018-11-12_17:00:00;0.23708176598693328
2018-11-12_18:00:00;0.2977133240942388
2018-11-12_19:00:00;0.43902197584636704
2018-11-12_20:00:00;0.5426153236982776
2018-11-12_21:00:00;0.6504157592555929
2018-11-12_22:00:00;0.7426747178776479
2018-11-12_23:00:00;0.812809344684221
2018-11-13_00:00:00;0.7524252623242922
2018-11-13_01:00:00;0.7268857651950109
2018-11-13_02:00:00;0.7570778063749752
2018-11-13_03:00:00;0.7722728172639082
2018-11-13_04:00:00;0.7672243120174222
2018-11-13_05:00:00;0.7726687784597109
2018-11-13_06:00:00;0.7204019006137399
2018-11-13_07:00:00;0.7112452979607998
2018-11-13_08:00:00;0.7203524054642645
2018-11-13_09:00:00;0.7154028905167293
2018-11-13_10:00:00;0.7438626014650564
2018-11-13_11:00:00;0.7246089883191448
2018-11-13_12:00:00;0.6589289249653534
2018-11-13_13:00:00;0.6426450207879628
2018-11-13_14:00:00;0.6552662839041774
2018-11-13_15:00:00;0.7411898633933874
2018-11-13_16:00:00;0.7214907939021976
2018-11-13_17:00:00;0.6921401702633142
2018-11-13_18:00:00;0.686349237774698
2018-11-13_19:00:00;0.6606117600475153
2018-11-13_20:00:00;0.5473173628984359
2018-11-13_21:00:00;0.5541476935260344
2018-11-13_22:00:00;0.6003266679865373
2018-11-13_23:00:00;0.5952781627400515
2018-11-14_00:00:00;0.589586220550386
2018-11-14_01:00:00;0.5660760245495942
2018-11-14_02:00:00;0.4636210651356167
2018-11-14_03:00:00;0.4162542070877054
2018-11-14_04:00:00;0.43496337358938825
2018-11-14_05:00:00;0.49881211641259154
2018-11-14_06:00:00;0.5567709364482281
2018-11-14_07:00:00;0.5906751138388437
2018-11-14_08:00:00;0.5835973074638685
2018-11-14_09:00:00;0.5733023163729954
2018-11-14_10:00:00;0.5632053058800237
2018-11-14_11:00:00;0.571817461888735
2018-11-14_12:00:00;0.5556820431597703
2018-11-14_13:00:00;0.5956246287863789
2018-11-14_14:00:00;0.6503662641061176
2018-11-14_15:00:00;0.714363492377747
2018-11-14_16:00:00;0.748168679469412
2018-11-14_17:00:00;0.797614333795288
2018-11-14_18:00:00;0.7887052068897248
2018-11-14_19:00:00;0.7956840229657494
2018-11-14_20:00:00;0.748020194020986
2018-11-14_21:00:00;0.6994654523856662
2018-11-14_22:00:00;0.6801128489408038
2018-11-14_23:00:00;0.6155711740249455
2018-11-15_00:00:00;0.48406256186893687
2018-11-15_01:00:00;0.35389031874876264
2018-11-15_02:00:00;0.27836072064937634
2018-11-15_03:00:00;0.23148881409621858
2018-11-15_04:00:00;0.19911898633933875
2018-11-15_05:00:00;0.18976440308849732
2018-11-15_06:00:00;0.18362700455355374
2018-11-15_07:00:00;0.2031280934468422
2018-11-15_08:00:00;0.2162938032072857
2018-11-15_09:00:00;0.20109879231835281
2018-11-15_10:00:00;0.21431399722827163
2018-11-15_11:00:00;0.18506236388833894
2018-11-15_12:00:00;0.18852702435161353
2018-11-15_13:00:00;0.19144723817065928
2018-11-15_14:00:00;0.2145614729756484
2018-11-15_15:00:00;0.2201544248663631
2018-11-15_16:00:00;0.250989902989507
2018-11-15_17:00:00;0.2668283508216195
2018-11-15_18:00:00;0.3324094238764601
2018-11-15_19:00:00;0.38918036032468817
2018-11-15_20:00:00;0.41744209067511384
2018-11-15_21:00:00;0.3968026133438923
2018-11-15_22:00:00;0.36883785389031876
2018-11-15_23:00:00;0.3774500098990299
2018-11-16_00:00:00;0.32533161750148487
2018-11-16_01:00:00;0.28172639081370027
2018-11-16_02:00:00;0.26316570976044346
2018-11-16_03:00:00;0.2464363492377747
2018-11-16_04:00:00;0.24084339734705998
2018-11-16_05:00:00;0.20535537517323302
2018-11-16_06:00:00;0.20936448228073648
2018-11-16_07:00:00;0.20278162740051475
2018-11-16_08:00:00;0.2629677291625421
2018-11-16_09:00:00;0.28578499307067906
2018-11-16_10:00:00;0.22569788160760246
2018-11-16_11:00:00;0.14521876856068106
2018-11-16_12:00:00;0.1287863789348644
2018-11-16_13:00:00;0.09696099782221343
2018-11-16_14:00:00;0.15051474955454366
2018-11-16_15:00:00;0.1927341120570184
2018-11-16_16:00:00;0.3037517323302316
2018-11-16_17:00:00;0.4968323104335775
2018-11-16_18:00:00;0.5367254009107107
2018-11-16_19:00:00;0.6243318154820827
2018-11-16_20:00:00;0.6822906355177193
2018-11-16_21:00:00;0.6797168877450009
2018-11-16_22:00:00;0.6644723817065927
2018-11-16_23:00:00;0.6837754900019798
2018-11-17_00:00:00;0.7349039794100178
2018-11-17_01:00:00;0.670411799643635
2018-11-17_02:00:00;0.6299742625222728
2018-11-17_03:00:00;0.6386359136804594
2018-11-17_04:00:00;0.6465551375965155
2018-11-17_05:00:00;0.6353692338150861
2018-11-17_06:00:00;0.7065927539101168
2018-11-17_07:00:00;0.7325777073846763
2018-11-17_08:00:00;0.6957038210255395
2018-11-17_09:00:00;0.6791724411007721
2018-11-17_10:00:00;0.6433379528806177
2018-11-17_11:00:00;0.6341318550782024
2018-11-17_12:00:00;0.6310631558107306
2018-11-17_13:00:00;0.5219758463670561
2018-11-17_14:00:00;0.46114630766184916
2018-11-17_15:00:00;0.4169471391803603
2018-11-17_16:00:00;0.41293803207285684
2018-11-17_17:00:00;0.5068303306275985
2018-11-17_18:00:00;0.617600475153435
2018-11-17_19:00:00;0.5286081963967532
2018-11-17_20:00:00;0.5193031082953871
2018-11-17_21:00:00;0.548307265887943
2018-11-17_22:00:00;0.4912393585428628
2018-11-17_23:00:00;0.43313205305880026
2018-11-18_00:00:00;0.3720550386062166
2018-11-18_01:00:00;0.3170659275391012
2018-11-18_02:00:00;0.2781132449019996
2018-11-18_03:00:00;0.29662443080578105
2018-11-18_04:00:00;0.2346070085131657
2018-11-18_05:00:00;0.1957038210255395
2018-11-18_06:00:00;0.2060978024153633
2018-11-18_07:00:00;0.2082260938428034
2018-11-18_08:00:00;0.21461096812512373
2018-11-18_09:00:00;0.2560879033854682
2018-11-18_10:00:00;0.3127598495347456
2018-11-18_11:00:00;0.37250049495149473
2018-11-18_12:00:00;0.514650564244704
2018-11-18_13:00:00;0.6106711542268858
2018-11-18_14:00:00;0.6421995644426847
2018-11-18_15:00:00;0.6444268461690754
2018-11-18_16:00:00;0.7578202336171055
2018-11-18_17:00:00;0.8203821025539497
2018-11-18_18:00:00;0.891407642051079
2018-11-18_19:00:00;0.9029895070283113
2018-11-18_20:00:00;0.7986042367847951
2018-11-18_21:00:00;0.797614333795288
2018-11-18_22:00:00;0.7760839437735102
2018-11-18_23:00:00;0.8164224905959216
2018-11-19_00:00:00;0.8415660265294002
2018-11-19_01:00:00;0.867600475153435
2018-11-19_02:00:00;0.8617105523658681
2018-11-19_03:00:00;0.8560186101762027
2018-11-19_04:00:00;0.8516135418728965
2018-11-19_05:00:00;0.8292417343100377
2018-11-19_06:00:00;0.7360918629974262
2018-11-19_07:00:00;0.6997624232825184
2018-11-19_08:00:00;0.6723421104731736
2018-11-19_09:00:00;0.6966937240150465
2018-11-19_10:00:00;0.6869926747178776
2018-11-19_11:00:00;0.6598693328053851
2018-11-19_12:00:00;0.6583844783211246
2018-11-19_13:00:00;0.7531676895664224
2018-11-19_14:00:00;0.7314393189467432
2018-11-19_15:00:00;0.796475945357355
2018-11-19_16:00:00;0.8119184319936646
2018-11-19_17:00:00;0.8114234804989111
2018-11-19_18:00:00;0.830132647000594
2018-11-19_19:00:00;0.8501286873886359
2018-11-19_20:00:00;0.8473569590180162
2018-11-19_21:00:00;0.8020194020985943
2018-11-19_22:00:00;0.7843991288853692
2018-11-19_23:00:00;0.7883587408433973
2018-11-20_00:00:00;0.7859334785191051
2018-11-20_01:00:00;0.7823698277568798
2018-11-20_02:00:00;0.7874183330033657
2018-11-20_03:00:00;0.7879132844981191
2018-11-20_04:00:00;0.7032765788952683
2018-11-20_05:00:00;0.602405464264502
2018-11-20_06:00:00;0.5639477331221541
2018-11-20_07:00:00;0.46857058008315183
2018-11-20_08:00:00;0.45307859829736685
2018-11-20_09:00:00;0.5266778855672144
2018-11-20_10:00:00;0.5858740843397348
2018-11-20_11:00:00;0.564937636111661
2018-11-20_12:00:00;0.6090378142941991
2018-11-20_13:00:00;0.6389823797267867
2018-11-20_14:00:00;0.627895466244308
2018-11-20_15:00:00;0.6534349633735894
2018-11-20_16:00:00;0.6362601465056424
2018-11-20_17:00:00;0.6377944961393783
2018-11-20_18:00:00;0.6371510591961987
2018-11-20_19:00:00;0.6623440902791526
2018-11-20_20:00:00;0.6865472183725995
2018-11-20_21:00:00;0.6846664026925361
2018-11-20_22:00:00;0.684369431795684
2018-11-20_23:00:00;0.6837259948525044
2018-11-21_00:00:00;0.7095624628786379
2018-11-21_01:00:00;0.7295585032666798
2018-11-21_02:00:00;0.7282716293803208
2018-11-21_03:00:00;0.7282716293803208
2018-11-21_04:00:00;0.7308948723025144
2018-11-21_05:00:00;0.7279251633339933
2018-11-21_06:00:00;0.7223817065927539
2018-11-21_07:00:00;0.7238665610770144
2018-11-21_08:00:00;0.7702930112848941
2018-11-21_09:00:00;0.8199861413581468
2018-11-21_10:00:00;0.8334983171649178
2018-11-21_11:00:00;0.8484953474559493
2018-11-21_12:00:00;0.8731439318946743
2018-11-21_13:00:00;0.915363294397149
2018-11-21_14:00:00;0.9213027123341913
2018-11-21_15:00:00;0.9349633735893882
2018-11-21_16:00:00;0.9063056820431598
2018-11-21_17:00:00;0.9206097802415363
2018-11-21_18:00:00;0.935062363888339
2018-11-21_19:00:00;0.9224905959215997
2018-11-21_20:00:00;0.9140269253613146
2018-11-21_21:00:00;0.903929914868343
2018-11-21_22:00:00;0.863244901999604
2018-11-21_23:00:00;0.7797465848346862
2018-11-22_00:00:00;0.7654424866363096
2018-11-22_01:00:00;0.7561373985349436
2018-11-22_02:00:00;0.7203524054642645
2018-11-22_03:00:00;0.6675410809740645
2018-11-22_04:00:00;0.6508612156008711
2018-11-22_05:00:00;0.685210849336765
2018-11-22_06:00:00;0.6708572559889131
2018-11-22_07:00:00;0.6173529994060583
2018-11-22_08:00:00;0.6015640467234211
2018-11-22_09:00:00;0.604929716887745
2018-11-22_10:00:00;0.5861215600871115
2018-11-22_11:00:00;0.5659770342506434
2018-11-22_12:00:00;0.5585527618293408
2018-11-22_13:00:00;0.5758760641457137
2018-11-22_14:00:00;0.5300930508810137
2018-11-22_15:00:00;0.49757473767570776
2018-11-22_16:00:00;0.5047020392001584
2018-11-22_17:00:00;0.5189566422490596
2018-11-22_18:00:00;0.4930706790734508
2018-11-22_19:00:00;0.4601564046723421
2018-11-22_20:00:00;0.4340724608988319
2018-11-22_21:00:00;0.40397941001781823
2018-11-22_22:00:00;0.36077014452583644
2018-11-22_23:00:00;0.34720847356959017
2018-11-23_00:00:00;0.3228073648782419
2018-11-23_01:00:00;0.3041971886755098
2018-11-23_02:00:00;0.27073846763017223
2018-11-23_03:00:00;0.2683627004553554
2018-11-23_04:00:00;0.26608592357948924
2018-11-23_05:00:00;0.23500296970896853
2018-11-23_06:00:00;0.20441496733320136
2018-11-23_07:00:00;0.17526232429221936
2018-11-23_08:00:00;0.16071075034646604
2018-11-23_09:00:00;0.15051474955454366
2018-11-23_10:00:00;0.14610968125123738
2018-11-23_11:00:00;0.1292813304296179
2018-11-23_12:00:00;0.11661057216392794
2018-11-23_13:00:00;0.08255790932488616
2018-11-23_14:00:00;0.06399722827162937
2018-11-23_15:00:00;0.06370025737477727
2018-11-23_16:00:00;0.07246089883191448
2018-11-23_17:00:00;0.08176598693328054
2018-11-23_18:00:00;0.08003365670164324
2018-11-23_19:00:00;0.08122154028905167
2018-11-23_20:00:00;0.07062957830132648
2018-11-23_21:00:00;0.06340328647792516
2018-11-23_22:00:00;0.045387052068897246
2018-11-23_23:00:00;0.020985943377549
2018-11-24_00:00:00;0.019402098594337756
2018-11-24_01:00:00;0.034349633735893885
2018-11-24_02:00:00;0.04964363492377747
2018-11-24_03:00:00;0.04944565432587606
2018-11-24_04:00:00;0.042120372203524055
2018-11-24_05:00:00;0.04820827558899228
2018-11-24_06:00:00;0.07567808354781232
2018-11-24_07:00:00;0.08503266679865373
2018-11-24_08:00:00;0.12393585428627994
2018-11-24_09:00:00;0.13527024351613542
2018-11-24_10:00:00;0.1626905563254801
2018-11-24_11:00:00;0.1818451791724411
2018-11-24_12:00:00;0.18100376163136012
2018-11-24_13:00:00;0.16714511977826174
2018-11-24_14:00:00;0.1995644426846169
2018-11-24_15:00:00;0.2512373787368838
2018-11-24_16:00:00;0.2837556919421897
2018-11-24_17:00:00;0.2833102355969115
2018-11-24_18:00:00;0.2821718471589784
2018-11-24_19:00:00;0.27880617699465454
2018-11-24_20:00:00;0.2375767174816868
2018-11-24_21:00:00;0.2417343100376163
2018-11-24_22:00:00;0.2556919421896654
2018-11-24_23:00:00;0.25079192239160564
2018-11-25_00:00:00;0.2719263512175807
2018-11-25_01:00:00;0.23599287269847555
2018-11-25_02:00:00;0.23510196000791922
2018-11-25_03:00:00;0.2944961393783409
2018-11-25_04:00:00;0.35760245495941395
2018-11-25_05:00:00;0.3652247079786181
2018-11-25_06:00:00;0.3711146307661849
2018-11-25_07:00:00;0.3453771530390022
2018-11-25_08:00:00;0.3950207879627797
2018-11-25_09:00:00;0.47119382300534546
2018-11-25_10:00:00;0.5536032468818056
2018-11-25_11:00:00;0.5792417343100377
2018-11-25_12:00:00;0.5695406850128687
2018-11-25_13:00:00;0.5453870520688973
2018-11-25_14:00:00;0.5324688180558306
2018-11-25_15:00:00;0.5294496139378341
2018-11-25_16:00:00;0.5667194614927737
2018-11-25_17:00:00;0.7096614531775886
2018-11-25_18:00:00;0.7628687388635914
2018-11-25_19:00:00;0.7706889724806969
2018-11-25_20:00:00;0.7595525638487428
2018-11-25_21:00:00;0.7943971490793902
2018-11-25_22:00:00;0.842110473173629
2018-11-25_23:00:00;0.8433973470599881
2018-11-26_00:00:00;0.8045931498713126
2018-11-26_01:00:00;0.7879132844981191
2018-11-26_02:00:00;0.7740546426450208
2018-11-26_03:00:00;0.7764304098198377
2018-11-26_04:00:00;0.7667293605226688
2018-11-26_05:00:00;0.7441595723619086
2018-11-26_06:00:00;0.7217382696495743
2018-11-26_07:00:00;0.6612551969906949
2018-11-26_08:00:00;0.6646703623044942
2018-11-26_09:00:00;0.6410116808552762
2018-11-26_10:00:00;0.5997822213423084
2018-11-26_11:00:00;0.5420708770540487
2018-11-26_12:00:00;0.43466640269253615
2018-11-26_13:00:00;0.32265887942981586
2018-11-26_14:00:00;0.22589586220550387
2018-11-26_15:00:00;0.20505840427638092
2018-11-26_16:00:00;0.2113937834092259
2018-11-26_17:00:00;0.2293110275193031
2018-11-26_18:00:00;0.2662344090279153
2018-11-26_19:00:00;0.2998911106711542
2018-11-26_20:00:00;0.31310631558107305
2018-11-26_21:00:00;0.28420114828746784
2018-11-26_22:00:00;0.2729162542070877
2018-11-26_23:00:00;0.22104533755691944
2018-11-27_00:00:00;0.22253019204117996
2018-11-27_01:00:00;0.1921401702633142
2018-11-27_02:00:00;0.18620075232627203
2018-11-27_03:00:00;0.17036230449415957
2018-11-27_04:00:00;0.16843199366462086
2018-11-27_05:00:00;0.21589784201148288
2018-11-27_06:00:00;0.21357156998614135
2018-11-27_07:00:00;0.25806770936448226
2018-11-27_08:00:00;0.20471193823005346
2018-11-27_09:00:00;0.22703425064343694
2018-11-27_10:00:00;0.26479904969313006
2018-11-27_11:00:00;0.30414769352603443
2018-11-27_12:00:00;0.39868342902395565
2018-11-27_13:00:00;0.4913878439912889
2018-11-27_14:00:00;0.5095030686992674
2018-11-27_15:00:00;0.5351910512769749
2018-11-27_16:00:00;0.5851811522470798
2018-11-27_17:00:00;0.5933973470599881
2018-11-27_18:00:00;0.6504652544050683
2018-11-27_19:00:00;0.745495941397743
2018-11-27_20:00:00;0.8077113442882597
2018-11-27_21:00:00;0.8498317164917838
2018-11-27_22:00:00;0.8579489210057414
2018-11-27_23:00:00;0.8633438922985548
2018-11-28_00:00:00;0.8856167095624629
2018-11-28_01:00:00;0.9153137992476738
2018-11-28_02:00:00;0.9283310235596911
2018-11-28_03:00:00;0.924915858245892
2018-11-28_04:00:00;0.9433280538507226
2018-11-28_05:00:00;0.9175905761235399
2018-11-28_06:00:00;0.8051870916650168
2018-11-28_07:00:00;0.7297069887151059
2018-11-28_08:00:00;0.7198079588200357
2018-11-28_09:00:00;0.7478717085725599
2018-11-28_10:00:00;0.7706394773312215
2018-11-28_11:00:00;0.7810334587210453
2018-11-28_12:00:00;0.8269154622846961
2018-11-28_13:00:00;0.8598792318352801
2018-11-28_14:00:00;0.873242922193625
2018-11-28_15:00:00;0.8870520688972481
2018-11-28_16:00:00;0.8532963769550584
2018-11-28_17:00:00;0.8233023163729954
2018-11-28_18:00:00;0.7636111661057217
2018-11-28_19:00:00;0.7005048505246486
2018-11-28_20:00:00;0.7451494753514155
2018-11-28_21:00:00;0.7020392001583845
2018-11-28_22:00:00;0.6619976242328252
2018-11-28_23:00:00;0.6021579885171253
2018-11-29_00:00:00;0.6029994060582063
2018-11-29_01:00:00;0.6008711146307661
2018-11-29_02:00:00;0.6011680855276182
2018-11-29_03:00:00;0.6000296970896852
2018-11-29_04:00:00;0.6011680855276182
2018-11-29_05:00:00;0.6007226291823401
2018-11-29_06:00:00;0.5994852504454563
2018-11-29_07:00:00;0.567461888734904
2018-11-29_08:00:00;0.5895367254009107
2018-11-29_09:00:00;0.5905761235398931
2018-11-29_10:00:00;0.5897347059988122
2018-11-29_11:00:00;0.6224509998020195
2018-11-29_12:00:00;0.7262918234013067
2018-11-29_13:00:00;0.7477232231241339
2018-11-29_14:00:00;0.7323302316372996
2018-11-29_15:00:00;0.7475747376757078
2018-11-29_16:00:00;0.6985745396951099
2018-11-29_17:00:00;0.6933280538507226
2018-11-29_18:00:00;0.6961492773708177
2018-11-29_19:00:00;0.7627202534151654
2018-11-29_20:00:00;0.7510888932884577
2018-11-29_21:00:00;0.74435755295981
2018-11-29_22:00:00;0.77746980795882
2018-11-29_23:00:00;0.7767273807166898
2018-11-30_00:00:00;0.7765294001187883
2018-11-30_01:00:00;0.7769748564640665
2018-11-30_02:00:00;0.793803207285686
2018-11-30_03:00:00;0.8350821619481291
2018-11-30_04:00:00;0.8300336567016432
2018-11-30_05:00:00;0.8323599287269847
2018-11-30_06:00:00;0.8311225499901009
2018-11-30_07:00:00;0.8332508414175411
2018-11-30_08:00:00;0.831963967531182
2018-11-30_09:00:00;0.8291922391605623
2018-11-30_10:00:00;0.8310235596911503
2018-11-30_11:00:00;0.8802712334191249
2018-11-30_12:00:00;0.8845773114234805
2018-11-30_13:00:00;0.8804692140170264
2018-11-30_14:00:00;0.8792813304296179
2018-11-30_15:00:00;0.8793308255790933
2018-11-30_16:00:00;0.8745297960799842
2018-11-30_17:00:00;0.8734409027915264
2018-11-30_18:00:00;0.9011581864977232
2018-11-30_19:00:00;0.9474856464066521
2018-11-30_20:00:00;0.9506533359730747
2018-11-30_21:00:00;0.9502078796277965
2018-11-30_22:00:00;0.9460997822213423
2018-11-30_23:00:00;0.9414472381706592
2018-12-01_00:00:00;0.897743021183924
2018-12-01_01:00:00;0.9304593149871313
2018-12-01_02:00:00;0.9293704216986736
2018-12-01_03:00:00;0.9392199564442685
2018-12-01_04:00:00;0.934369431795684
2018-12-01_05:00:00;0.9269946545238567
2018-12-01_06:00:00;0.8567115422688577
2018-12-01_07:00:00;0.8046921401702634
2018-12-01_08:00:00;0.7915759255592952
2018-12-01_09:00:00;0.7471787764799049
2018-12-01_10:00:00;0.6956543258760641
2018-12-01_11:00:00;0.6248762621263116
2018-12-01_12:00:00;0.6517026331419521
2018-12-01_13:00:00;0.5919619877252029
2018-12-01_14:00:00;0.5963670560285093
2018-12-01_15:00:00;0.5897347059988122
2018-12-01_16:00:00;0.7017422292615324
2018-12-01_17:00:00;0.776628390417739
2018-12-01_18:00:00;0.806473965551376
2018-12-01_19:00:00;0.8927935062363889
2018-12-01_20:00:00;0.9477331221540289
2018-12-01_21:00:00;0.9236784795090082
2018-12-01_22:00:00;0.9423876460106909
2018-12-01_23:00:00;0.9373391407642051
2018-12-02_00:00:00;0.9252623242922193
2018-12-02_01:00:00;0.844783211245298
2018-12-02_02:00:00;0.955355375173233
2018-12-02_03:00:00;0.9720847356959018
2018-12-02_04:00:00;0.9731241338348842
2018-12-02_05:00:00;0.9754504058602257
2018-12-02_06:00:00;0.9780241536329439
2018-12-02_07:00:00;0.9577806374975253
2018-12-02_08:00:00;0.9217976638289448
2018-12-02_09:00:00;0.9114531775885963
2018-12-02_10:00:00;0.9275391011680856
2018-12-02_11:00:00;0.8845278162740051
2018-12-02_12:00:00;0.7902395565234607
2018-12-02_13:00:00;0.7300534547614334
2018-12-02_14:00:00;0.6861512571767967
2018-12-02_15:00:00;0.7006533359730747
2018-12-02_16:00:00;0.661552167887547
2018-12-02_17:00:00;0.6339338744803009
2018-12-02_18:00:00;0.6060186101762027
2018-12-02_19:00:00;0.6645218768560681
2018-12-02_20:00:00;0.8015739457533162
2018-12-02_21:00:00;0.781825381112651
2018-12-02_22:00:00;0.7627202534151654
2018-12-02_23:00:00;0.9361017620273213
2018-12-03_00:00:00;0.9922292615323698
2018-12-03_01:00:00;0.9932686596713522
2018-12-03_02:00:00;0.945208869530786
2018-12-03_03:00:00;0.9419916848148882
2018-12-03_04:00:00;0.9373886359136805
2018-12-03_05:00:00;0.9683231043357751
2018-12-03_06:00:00;0.9749554543654722
2018-12-03_07:00:00;0.8758661651158186
2018-12-03_08:00:00;0.8328548802217383
2018-12-03_09:00:00;0.8441892694515938
2018-12-03_10:00:00;0.8458226093842803
2018-12-03_11:00:00;0.8723520095030687
2018-12-03_12:00:00;0.9166996634329836
2018-12-03_13:00:00;0.9290239556523461
2018-12-03_14:00:00;0.9435755295980994
2018-12-03_15:00:00;0.8665610770144526
2018-12-03_16:00:00;0.723520095030687
2018-12-03_17:00:00;0.6942684616907543
2018-12-03_18:00:00;0.7553949712928133
2018-12-03_19:00:00;0.8523559691150268
2018-12-03_20:00:00;0.93238962581667
2018-12-03_21:00:00;0.9725796871906554
2018-12-03_22:00:00;1.024500098990299
2018-12-03_23:00:00;1.0393981389823796
2018-12-04_00:00:00;0.9458523064739656
2018-12-04_01:00:00;0.9339734705998812
2018-12-04_02:00:00;0.886062165907741
2018-12-04_03:00:00;0.8341912492575727
2018-12-04_04:00:00;0.861413581469016
2018-12-04_05:00:00;0.873391407642051
2018-12-04_06:00:00;0.7597505444466442
2018-12-04_07:00:00;0.6872401504652544
2018-12-04_08:00:00;0.7130766184913878
2018-12-04_09:00:00;0.7677687586616512
2018-12-04_10:00:00;0.7785092060978024
2018-12-04_11:00:00;0.7095129677291625
2018-12-04_12:00:00;0.6416056226489804
2018-12-04_13:00:00;0.6574935656305682
2018-12-04_14:00:00;0.6210651356167095
2018-12-04_15:00:00;0.5806770936448228
2018-12-04_16:00:00;0.5194020985943377
2018-12-04_17:00:00;0.43625024747574737
2018-12-04_18:00:00;0.4678281528410216
2018-12-04_19:00:00;0.5155909720847357
2018-12-04_20:00:00;0.5193526034448624
2018-12-04_21:00:00;0.5392001583844783
2018-12-04_22:00:00;0.5891407642051079
2018-12-04_23:00:00;0.6606117600475153
2018-12-05_00:00:00;0.6486339338744803
2018-12-05_01:00:00;0.6493763611166106
2018-12-05_02:00:00;0.6082953870520689
2018-12-05_03:00:00;0.6348742823203326
2018-12-05_04:00:00;0.6463571569986142
2018-12-05_05:00:00;0.6195307859829736
2018-12-05_06:00:00;0.5511779845575133
2018-12-05_07:00:00;0.4942090675113839
2018-12-05_08:00:00;0.49688180558305284
2018-12-05_09:00:00;0.532815284102158
2018-12-05_10:00:00;0.5361314591170065
2018-12-05_11:00:00;0.46644228865571175
2018-12-05_12:00:00;0.4173925955256385
2018-12-05_13:00:00;0.44065531577905365
2018-12-05_14:00:00;0.5117798455751337
2018-12-05_15:00:00;0.6305187091665017
2018-12-05_16:00:00;0.7000593941793705
2018-12-05_17:00:00;0.7803900217778658
2018-12-05_18:00:00;0.8240942387646011
2018-12-05_19:00:00;0.8413680459314987
2018-12-05_20:00:00;0.8796772916254207
2018-12-05_21:00:00;0.9218471589784201
2018-12-05_22:00:00;0.9002672738071669
2018-12-05_23:00:00;0.8528509206097803
2018-12-06_00:00:00;0.8473074638685408
2018-12-06_01:00:00;0.86126509602059
2018-12-06_02:00:00;0.836468026133439
2018-12-06_03:00:00;0.7805880023757672
2018-12-06_04:00:00;0.687042169867353
2018-12-06_05:00:00;0.5853296376955058
2018-12-06_06:00:00;0.5689467432191645
2018-12-06_07:00:00;0.5214313997228271
2018-12-06_08:00:00;0.45688972480696893
2018-12-06_09:00:00;0.45436547218372597
2018-12-06_10:00:00;0.663383488418135
2018-12-06_11:00:00;0.7407444070481093
2018-12-06_12:00:00;0.8152841021579885
2018-12-06_13:00:00;0.8744308057810335
2018-12-06_14:00:00;0.77746980795882
2018-12-06_15:00:00;0.81761037418333
2018-12-06_16:00:00;0.8671055236586814
2018-12-06_17:00:00;0.8989803999208078
2018-12-06_18:00:00;0.8855672144129876
2018-12-06_19:00:00;0.9084834686200752
2018-12-06_20:00:00;0.8488913086517521
2018-12-06_21:00:00;0.8417145119778262
2018-12-06_22:00:00;0.8503761631360127
2018-12-06_23:00:00;0.8652247079786181
2018-12-07_00:00:00;0.8375569194218967
2018-12-07_01:00:00;0.8296376955058404
2018-12-07_02:00:00;0.7068897248069689
2018-12-07_03:00:00;0.6029004157592556
2018-12-07_04:00:00;0.5458325084141754
2018-12-07_05:00:00;0.5330627598495348
2018-12-07_06:00:00;0.6557612353989309
2018-12-07_07:00:00;0.7640566224509998
2018-12-07_08:00:00;0.8498812116412592
2018-12-07_09:00:00;0.9109087309443674
2018-12-07_10:00:00;0.8744803009305088
2018-12-07_11:00:00;0.8011779845575133
2018-12-07_12:00:00;0.7632647000593942
2018-12-07_13:00:00;0.7647495545436547
2018-12-07_14:00:00;0.7933082557909324
2018-12-07_15:00:00;0.83592357948921
2018-12-07_16:00:00;0.8683429023955652
2018-12-07_17:00:00;0.8978420114828747
2018-12-07_18:00:00;0.8666600673134033
2018-12-07_19:00:00;0.9100673134032865
2018-12-07_20:00:00;0.9300138586418532
2018-12-07_21:00:00;0.9010097010492971
2018-12-07_22:00:00;0.886755098000396
2018-12-07_23:00:00;0.8939318946743219
2018-12-08_00:00:00;0.8909621857058009
2018-12-08_01:00:00;0.8957632152049099
2018-12-08_02:00:00;0.900712730152445
2018-12-08_03:00:00;0.9016036428430014
2018-12-08_04:00:00;0.9013561670956246
2018-12-08_05:00:00;0.8981389823797268
2018-12-08_06:00:00;0.8987824193229064
2018-12-08_07:00:00;0.8980399920807761
2018-12-08_08:00:00;0.8984854484260543
2018-12-08_09:00:00;0.9003662641061176
2018-12-08_10:00:00;0.9002672738071669
2018-12-08_11:00:00;0.8616115620669175
2018-12-08_12:00:00;0.8387942981587805
2018-12-08_13:00:00;0.8364185309839636
2018-12-08_14:00:00;0.8278063749752524
2018-12-08_15:00:00;0.8245396951098792
2018-12-08_16:00:00;0.8154325876064146
2018-12-08_17:00:00;0.8463670560285093
2018-12-08_18:00:00;0.893090477133241
2018-12-08_19:00:00;0.8966046327459909
2018-12-08_20:00:00;0.8955157394575332
2018-12-08_21:00:00;0.8895268263710157
2018-12-08_22:00:00;0.8470104929716887
2018-12-08_23:00:00;0.8175113838843794
2018-12-09_00:00:00;0.7347554939615918
2018-12-09_01:00:00;0.6634329835676104
2018-12-09_02:00:00;0.6563551771926351
2018-12-09_03:00:00;0.7048604236784796
2018-12-09_04:00:00;0.7095129677291625
2018-12-09_05:00:00;0.6876856068105326
2018-12-09_06:00:00;0.6888239952484656
2018-12-09_07:00:00;0.7975648386458127
2018-12-09_08:00:00;0.9236289843595328
2018-12-09_09:00:00;1.0149970302910314
2018-12-09_10:00:00;1.0142051078994259
2018-12-09_11:00:00;1.0095030686992674
2018-12-09_12:00:00;1.0107899425856266
2018-12-09_13:00:00;1.0131657097604434
2018-12-09_14:00:00;1.0066818451791724
2018-12-09_15:00:00;0.9964363492377747
2018-12-09_16:00:00;0.9932686596713522
2018-12-09_17:00:00;0.97465848346862
2018-12-09_18:00:00;0.9727776677885567
2018-12-09_19:00:00;0.9736685804791131
2018-12-09_20:00:00;0.9095228667590576
2018-12-09_21:00:00;0.9293209265491982
2018-12-09_22:00:00;0.9306078004355574
2018-12-09_23:00:00;0.9304098198376559
2018-12-10_00:00:00;0.9300138586418532
2018-12-10_01:00:00;0.9327855870124728
2018-12-10_02:00:00;0.9348643832904375
2018-12-10_03:00:00;0.9286774896060186
2018-12-10_04:00:00;0.9329835676103742
2018-12-10_05:00:00;0.8487428232033261
2018-12-10_06:00:00;0.7321817461888734
2018-12-10_07:00:00;0.6963967531181944
2018-12-10_08:00:00;0.6957038210255395
2018-12-10_09:00:00;0.6937735101960008
2018-12-10_10:00:00;0.6944169471391803
2018-12-10_11:00:00;0.619431795684023
2018-12-10_12:00:00;0.6096812512373787
2018-12-10_13:00:00;0.6090378142941991
2018-12-10_14:00:00;0.6052761829340725
2018-12-10_15:00:00;0.5972084735695902
2018-12-10_16:00:00;0.6082458919025936
2018-12-10_17:00:00;0.7495050485052465
2018-12-10_18:00:00;0.8275094040784003
2018-12-10_19:00:00;0.8374084339734706
2018-12-10_20:00:00;0.9238269649574342
2018-12-10_21:00:00;0.922391605622649
2018-12-10_22:00:00;0.9483765590972085
2018-12-10_23:00:00;0.9150663235002969
2018-12-11_00:00:00;0.8819045733518115
2018-12-11_01:00:00;0.8789348643832905
2018-12-11_02:00:00;0.8816570976044348
2018-12-11_03:00:00;0.9154127895466244
2018-12-11_04:00:00;0.9335280142546031
2018-12-11_05:00:00;0.9563947733122155
2018-12-11_06:00:00;0.9604533755691942
2018-12-11_07:00:00;0.9096713522074836
2018-12-11_08:00:00;0.8783904177390616
2018-12-11_09:00:00;0.8162245099980202
2018-12-11_10:00:00;0.7508909126905563
2018-12-11_11:00:00;0.6947634131855078
2018-12-11_12:00:00;0.6595228667590576
2018-12-11_13:00:00;0.5950306869926747
2018-12-11_14:00:00;0.5150960205899822
2018-12-11_15:00:00;0.430706790734508
2018-12-11_16:00:00;0.4411007721243318
2018-12-11_17:00:00;0.4643139972282716
2018-12-11_18:00:00;0.416897644030885
2018-12-11_19:00:00;0.36700653335973077
2018-12-11_20:00:00;0.3034547614333795
2018-12-11_21:00:00;0.28068699267471786
2018-12-11_22:00:00;0.2574242724213027
2018-12-11_23:00:00;0.2204513957632152
2018-12-12_00:00:00;0.22322312413383488
2018-12-12_01:00:00;0.22723223124133834
2018-12-12_02:00:00;0.2238170659275391
2018-12-12_03:00:00;0.2586616511581865
2018-12-12_04:00:00;0.25999802019402096
2018-12-12_05:00:00;0.24485250445456344
2018-12-12_06:00:00;0.2250544446644229
2018-12-12_07:00:00;0.25079192239160564
2018-12-12_08:00:00;0.2773708176598693
2018-12-12_09:00:00;0.29083349831716493
2018-12-12_10:00:00;0.2887547020392002
2018-12-12_11:00:00;0.2482676697683627
2018-12-12_12:00:00;0.22916254207087705
2018-12-12_13:00:00;0.24930706790734508
2018-12-12_14:00:00;0.3028113244902
2018-12-12_15:00:00;0.3740348445852307
2018-12-12_16:00:00;0.4511977826173035
2018-12-12_17:00:00;0.4869332805385072
2018-12-12_18:00:00;0.5802316372995446
2018-12-12_19:00:00;0.6357651950108889
2018-12-12_20:00:00;0.6091862997426252
2018-12-12_21:00:00;0.5677093644822807
2018-12-12_22:00:00;0.5191051276974856
2018-12-12_23:00:00;0.45238566620471193
2018-12-13_00:00:00;0.48896258166699663
2018-12-13_01:00:00;0.5417244110077213
2018-12-13_02:00:00;0.5959710948327064
2018-12-13_03:00:00;0.6452682637101564
2018-12-13_04:00:00;0.7430706790734508
2018-12-13_05:00:00;0.7524747574737676
2018-12-13_06:00:00;0.7284696099782222
2018-12-13_07:00:00;0.6667491585824589
2018-12-13_08:00:00;0.6551177984557514
2018-12-13_09:00:00;0.6127004553553752
2018-12-13_10:00:00;0.5286576915462284
2018-12-13_11:00:00;0.48302316372995446
2018-12-13_12:00:00;0.41274005147495546
2018-12-13_13:00:00;0.3686398732924173
2018-12-13_14:00:00;0.3527024351613542
2018-12-13_15:00:00;0.4144228865571174
2018-12-13_16:00:00;0.47599485250445456
2018-12-13_17:00:00;0.5618194416947139
2018-12-13_18:00:00;0.63309245693922
2018-12-13_19:00:00;0.6003266679865373
2018-12-13_20:00:00;0.5869629776281924
2018-12-13_21:00:00;0.634923777469808
2018-12-13_22:00:00;0.6103741833300337
2018-12-13_23:00:00;0.6252722233221144
2018-12-14_00:00:00;0.6291328449811918
2018-12-14_01:00:00;0.4542664818847753
2018-12-14_02:00:00;0.5028707186695703
2018-12-14_03:00:00;0.48332013462680656
2018-12-14_04:00:00;0.5023757671748169
2018-12-14_05:00:00;0.4952979607998416
2018-12-14_06:00:00;0.5302910314789151
2018-12-14_07:00:00;0.48683429023955654
2018-12-14_08:00:00;0.44387250049495147
2018-12-14_09:00:00;0.3864581271035439
2018-12-14_10:00:00;0.38348841813502277
2018-12-14_11:00:00;0.33592357948921003
2018-12-14_12:00:00;0.31181944169471393
2018-12-14_13:00:00;0.28548802217382696
2018-12-14_14:00:00;0.2820728568600277
2018-12-14_15:00:00;0.2528707186695704
2018-12-14_16:00:00;0.3184022965749357
2018-12-14_17:00:00;0.3603246881805583
2018-12-14_18:00:00;0.4038309245693922
2018-12-14_19:00:00;0.41338348841813505
2018-12-14_20:00:00;0.40561274995050484
2018-12-14_21:00:00;0.3617600475153435
2018-12-14_22:00:00;0.40694911898633934
2018-12-14_23:00:00;0.4036329439714908
2018-12-15_00:00:00;0.38531973866561076
2018-12-15_01:00:00;0.3609681251237379
2018-12-15_02:00:00;0.37329241734310037
2018-12-15_03:00:00;0.3740348445852307
2018-12-15_04:00:00;0.4033359730746387
2018-12-15_05:00:00;0.38309245693921995
2018-12-15_06:00:00;0.465353395367254
2018-12-15_07:00:00;0.5510789942585627
2018-12-15_08:00:00;0.6445753316175015
2018-12-15_09:00:00;0.7003068699267472
2018-12-15_10:00:00;0.7525737477727182
2018-12-15_11:00:00;0.8182043159770342
2018-12-15_12:00:00;0.8694812908334983
2018-12-15_13:00:00;0.8913086517521283
2018-12-15_14:00:00;0.9113541872896456
2018-12-15_15:00:00;0.9213522074836666
2018-12-15_16:00:00;0.9568897248069689
2018-12-15_17:00:00;0.9477826173035042
2018-12-15_18:00:00;0.8612156008711146
2018-12-15_19:00:00;0.8684418926945159
2018-12-15_20:00:00;0.8825480102949911
2018-12-15_21:00:00;0.877895466244308
2018-12-15_22:00:00;0.8647297564838646
2018-12-15_23:00:00;0.8605226687784597
2018-12-16_00:00:00;0.8589388239952485
2018-12-16_01:00:00;0.8628489408038013
2018-12-16_02:00:00;0.8833399326865967
2018-12-16_03:00:00;0.8893783409225896
2018-12-16_04:00:00;0.893090477133241
2018-12-16_05:00:00;0.91971886755098
2018-12-16_06:00:00;0.9248168679469412
2018-12-16_07:00:00;0.9295684022965749
2018-12-16_08:00:00;0.9112057018412195
2018-12-16_09:00:00;0.8986834290239557
2018-12-16_10:00:00;0.9294694119976242
2018-12-16_11:00:00;0.9046228469609978
2018-12-16_12:00:00;0.7904375371213621
2018-12-16_13:00:00;0.646901603642843
2018-12-16_14:00:00;0.5272718273609186
2018-12-16_15:00:00;0.42946941199762423
2018-12-16_16:00:00;0.37482676697683626
2018-12-16_17:00:00;0.31761037418333005
2018-12-16_18:00:00;0.2799445654325876
2018-12-16_19:00:00;0.23148881409621858
2018-12-16_20:00:00;0.20985943377549
2018-12-16_21:00:00;0.14942585626608593
2018-12-16_22:00:00;0.12378736883785389
2018-12-16_23:00:00;0.1032963769550584
2018-12-17_00:00:00;0.10953276578895269
2018-12-17_01:00:00;0.09938626014650564
2018-12-17_02:00:00;0.10082161948129083
2018-12-17_03:00:00;0.130419718867551
2018-12-17_04:00:00;0.14056622450999803
2018-12-17_05:00:00;0.20708770540487031
2018-12-17_06:00:00;0.24638685408829936
2018-12-17_07:00:00;0.31810532567808353
2018-12-17_08:00:00;0.38566620471193824
2018-12-17_09:00:00;0.4211542268857652
2018-12-17_10:00:00;0.4597604434765393
2018-12-17_11:00:00;0.4293209265491982
2018-12-17_12:00:00;0.3476539299148683
2018-12-17_13:00:00;0.3116214610968125
2018-12-17_14:00:00;0.28672540091071075
2018-12-17_15:00:00;0.262819243714116
2018-12-17_16:00:00;0.21574935656305683
2018-12-17_17:00:00;0.17283706196792714
2018-12-17_18:00:00;0.18080578103345873
2018-12-17_19:00:00;0.2185210849336765
2018-12-17_20:00:00;0.2646010690952287
2018-12-17_21:00:00;0.32745990892892496
2018-12-17_22:00:00;0.373094436745199
2018-12-17_23:00:00;0.3924470401900614
2018-12-18_00:00:00;0.37962779647594536
2018-12-18_01:00:00;0.30894872302514353
2018-12-18_02:00:00;0.20634527816274006
2018-12-18_03:00:00;0.166056226489804
2018-12-18_04:00:00;0.17422292615323698
2018-12-18_05:00:00;0.22158978420114828
2018-12-18_06:00:00;0.24896060186101762
2018-12-18_07:00:00;0.3110770144525836
2018-12-18_08:00:00;0.35547416353197386
2018-12-18_09:00:00;0.4509008117204514
2018-12-18_10:00:00;0.5569689170461295
2018-12-18_11:00:00;0.6546723421104732
2018-12-18_12:00:00;0.6627400514749554
2018-12-18_13:00:00;0.701544248663631
2018-12-18_14:00:00;0.713522074836666
2018-12-18_15:00:00;0.6976836270045536
2018-12-18_16:00:00;0.6905068303306277
2018-12-18_17:00:00;0.7753910116808552
2018-12-18_18:00:00;0.9660463274599089
2018-12-18_19:00:00;0.9652544050683033
2018-12-18_20:00:00;0.9339734705998812
2018-12-18_21:00:00;0.9421896654127896
2018-12-18_22:00:00;0.9637200554345674
2018-12-18_23:00:00;0.9394179370421699
2018-12-19_00:00:00;0.9446644228865572
2018-12-19_01:00:00;0.9667392595525639
2018-12-19_02:00:00;0.9517917244110077
2018-12-19_03:00:00;0.9585230647396555
2018-12-19_04:00:00;0.9769352603444862
2018-12-19_05:00:00;0.9716392793506237
2018-12-19_06:00:00;0.9677291625420709
2018-12-19_07:00:00;0.9937141160166304
2018-12-19_08:00:00;0.9998020194020986
2018-12-19_09:00:00;1.026479904969313
2018-12-19_10:00:00;1.015491981785785
2018-12-19_11:00:00;0.9595624628786379
2018-12-19_12:00:00;0.9296673925955257
2018-12-19_13:00:00;0.8813601267075827
2018-12-19_14:00:00;0.8453771530390022
2018-12-19_15:00:00;0.7515343496337359
2018-12-19_16:00:00;0.7081271035438527
2018-12-19_17:00:00;0.789299148683429
2018-12-19_18:00:00;0.8019204117996437
2018-12-19_19:00:00;0.8816570976044348
2018-12-19_20:00:00;0.9334290239556523
2018-12-19_21:00:00;0.9650564244704019
2018-12-19_22:00:00;0.9290239556523461
2018-12-19_23:00:00;0.8171154226885765
2018-12-20_00:00:00;0.6861512571767967
2018-12-20_01:00:00;0.5314789150663235
2018-12-20_02:00:00;0.4366462086715502
2018-12-20_03:00:00;0.44357552959809937
2018-12-20_04:00:00;0.5143535933478519
2018-12-20_05:00:00;0.4828251831320531
2018-12-20_06:00:00;0.43689368441892695
2018-12-20_07:00:00;0.465353395367254
2018-12-20_08:00:00;0.5141061176004752
2018-12-20_09:00:00;0.595773114234805
2018-12-20_10:00:00;0.6024549594139774
2018-12-20_11:00:00;0.659720847356959
2018-12-20_12:00:00;0.6090873094436745
2018-12-20_13:00:00;0.5790932488616115
2018-12-20_14:00:00;0.6031973866561077
2018-12-20_15:00:00;0.6136903583448822
2018-12-20_16:00:00;0.6356167095624629
2018-12-20_17:00:00;0.6981785784993071
2018-12-20_18:00:00;0.7326272025341517
2018-12-20_19:00:00;0.7513858641853098
2018-12-20_20:00:00;0.7512373787368838
2018-12-20_21:00:00;0.6662542070877054
2018-12-20_22:00:00;0.6194812908334983
2018-12-20_23:00:00;0.6866957038210255
2018-12-21_00:00:00;0.674371411601663
2018-12-21_01:00:00;0.737180756285884
2018-12-21_02:00:00;0.6423480498911107
2018-12-21_03:00:00;0.5687487626212632
2018-12-21_04:00:00;0.4579291229459513
2018-12-21_05:00:00;0.48138982379726786
2018-12-21_06:00:00;0.5896852108493368
2018-12-21_07:00:00;0.5690952286675905
2018-12-21_08:00:00;0.503811126509602
2018-12-21_09:00:00;0.5983963571569986
2018-12-21_10:00:00;0.6415561274995051
2018-12-21_11:00:00;0.6636309641655118
2018-12-21_12:00:00;0.7519303108295387
2018-12-21_13:00:00;0.6911997624232825
2018-12-21_14:00:00;0.5733023163729954
2018-12-21_15:00:00;0.5701841219560483
2018-12-21_16:00:00;0.7117897446050288
2018-12-21_17:00:00;0.7394080380122748
2018-12-21_18:00:00;0.7180756285883984
2018-12-21_19:00:00;0.6838744803009305
2018-12-21_20:00:00;0.66620471193823
2018-12-21_21:00:00;0.6919916848148882
2018-12-21_22:00:00;0.6025044545634528
2018-12-21_23:00:00;0.5809740645416749
2018-12-22_00:00:00;0.5571668976440309
2018-12-22_01:00:00;0.6160661255196991
2018-12-22_02:00:00;0.5193526034448624
2018-12-22_03:00:00;0.3724509998020194
2018-12-22_04:00:00;0.2777172837061968
2018-12-22_05:00:00;0.2149574341714512
2018-12-22_06:00:00;0.16669966343298356
2018-12-22_07:00:00;0.1712532171847159
2018-12-22_08:00:00;0.22233221144327855
2018-12-22_09:00:00;0.21767966739259553
2018-12-22_10:00:00;0.1963967531181944
2018-12-22_11:00:00;0.14942585626608593
2018-12-22_12:00:00;0.10992872698475549
2018-12-22_13:00:00;0.08839833696297762
2018-12-22_14:00:00;0.08339932686596714
2018-12-22_15:00:00;0.09547614333795289
2018-12-22_16:00:00;0.1420015838447832
2018-12-22_17:00:00;0.2185210849336765
2018-12-22_18:00:00;0.2782122352009503
2018-12-22_19:00:00;0.29192239160562267
2018-12-22_20:00:00;0.3328053850722629
2018-12-22_21:00:00;0.3966046327459909
2018-12-22_22:00:00;0.4748564640665215
2018-12-22_23:00:00;0.5441496733320135
2018-12-23_00:00:00;0.6143832904375371
2018-12-23_01:00:00;0.6472480696891705
2018-12-23_02:00:00;0.6220055434567412
2018-12-23_03:00:00;0.6042862799445654
2018-12-23_04:00:00;0.6406157196594734
2018-12-23_05:00:00;0.6165115818649772
2018-12-23_06:00:00;0.6039893090477133
2018-12-23_07:00:00;0.5738962581666996
2018-12-23_08:00:00;0.5239556523460701
2018-12-23_09:00:00;0.49727776677885566
2018-12-23_10:00:00;0.4695109879231835
2018-12-23_11:00:00;0.43333003365670164
2018-12-23_12:00:00;0.4224411007721243
2018-12-23_13:00:00;0.436052266877846
2018-12-23_14:00:00;0.349435755295981
2018-12-23_15:00:00;0.24599089289249654
2018-12-23_16:00:00;0.16377944961393784
2018-12-23_17:00:00;0.14586220550386061
2018-12-23_18:00:00;0.1747178776479905
2018-12-23_19:00:00;0.20961195802811325
2018-12-23_20:00:00;0.27153039002177787
2018-12-23_21:00:00;0.3082062957830133
2018-12-23_22:00:00;0.3936349237774698
2018-12-23_23:00:00;0.4090279152643041
2018-12-24_00:00:00;0.4984161552167888
2018-12-24_01:00:00;0.5659770342506434
2018-12-24_02:00:00;0.4656998614135815
2018-12-24_03:00:00;0.37037220352405464
2018-12-24_04:00:00;0.24871312611364085
2018-12-24_05:00:00;0.25366264106117603
2018-12-24_06:00:00;0.22356959018016234
2018-12-24_07:00:00;0.17580677093644823
2018-12-24_08:00:00;0.21753118194416948
2018-12-24_09:00:00;0.3340427638091467
2018-12-24_10:00:00;0.3753712136210651
2018-12-24_11:00:00;0.5315779053652742
2018-12-24_12:00:00;0.6996634329835676
2018-12-24_13:00:00;0.6744209067511384
2018-12-24_14:00:00;0.604929716887745
2018-12-24_15:00:00;0.6518511185903781
2018-12-24_16:00:00;0.5980003959611958
2018-12-24_17:00:00;0.5241536329439714
2018-12-24_18:00:00;0.5310829538705207
2018-12-24_19:00:00;0.5390516729360523
2018-12-24_20:00:00;0.5594436745198971
2018-12-24_21:00:00;0.6276479904969313
2018-12-24_22:00:00;0.7177786576915463
2018-12-24_23:00:00;0.7973668580479113
2018-12-25_00:00:00;0.776628390417739
2018-12-25_01:00:00;0.846070085131657
2018-12-25_02:00:00;0.926054246683825
2018-12-25_03:00:00;0.9440704810928529
2018-12-25_04:00:00;1.0148485448426054
2018-12-25_05:00:00;0.9982181746188874
2018-12-25_06:00:00;0.9619382300534548
2018-12-25_07:00:00;0.9766382894476341
2018-12-25_08:00:00;0.9892595525638488
2018-12-25_09:00:00;0.9829241734310038
2018-12-25_10:00:00;0.9552563848742823
2018-12-25_11:00:00;0.948871510591962
2018-12-25_12:00:00;0.9496634329835676
2018-12-25_13:00:00;0.928726984755494
2018-12-25_14:00:00;0.9296673925955257
2018-12-25_15:00:00;0.9403088497327262
2018-12-25_16:00:00;0.9757473767570778
2018-12-25_17:00:00;0.9668382498515146
2018-12-25_18:00:00;0.9513957632152049
2018-12-25_19:00:00;0.9572361908532964
2018-12-25_20:00:00;0.9150168283508217
2018-12-25_21:00:00;0.8606711542268858
2018-12-25_22:00:00;0.8294892100574144
2018-12-25_23:00:00;0.8403781429419916
2018-12-26_00:00:00;0.7309443674519897
2018-12-26_01:00:00;0.6945159374381311
2018-12-26_02:00:00;0.6905563254801029
2018-12-26_03:00:00;0.7594040784003168
2018-12-26_04:00:00;0.8063749752524253
2018-12-26_05:00:00;0.7795980993862601
2018-12-26_06:00:00;0.7213423084537716
2018-12-26_07:00:00;0.6589289249653534
2018-12-26_08:00:00;0.6338843793308255
2018-12-26_09:00:00;0.5725598891308652
2018-12-26_10:00:00;0.519154622846961
2018-12-26_11:00:00;0.5287566818451792
2018-12-26_12:00:00;0.5765195010888933
2018-12-26_13:00:00;0.624084339734706
2018-12-26_14:00:00;0.6632844981191843
2018-12-26_15:00:00;0.7126311621461097
2018-12-26_16:00:00;0.8039002177786577
2018-12-26_17:00:00;0.928182538111265
2018-12-26_18:00:00;0.8858641853098397
2018-12-26_19:00:00;0.8928430013858641
2018-12-26_20:00:00;0.9460007919223916
2018-12-26_21:00:00;0.9095228667590576
2018-12-26_22:00:00;0.8976935260344486
2018-12-26_23:00:00;0.8890813700257375
2018-12-27_00:00:00;0.8483468620075233
2018-12-27_01:00:00;0.8113244901999604
2018-12-27_02:00:00;0.7353989309047714
2018-12-27_03:00:00;0.7441100772124332
2018-12-27_04:00:00;0.7493565630568204
2018-12-27_05:00:00;0.7356464066521481
2018-12-27_06:00:00;0.7020886953078598
2018-12-27_07:00:00;0.6854088299346665
2018-12-27_08:00:00;0.7216392793506237
2018-12-27_09:00:00;0.7318847752920213
2018-12-27_10:00:00;0.6946644228865572
2018-12-27_11:00:00;0.6884775292021382
2018-12-27_12:00:00;0.684369431795684
2018-12-27_13:00:00;0.5923084537715304
2018-12-27_14:00:00;0.5695901801623441
2018-12-27_15:00:00;0.5695406850128687
2018-12-27_16:00:00;0.5448426054246683
2018-12-27_17:00:00;0.4922787566818452
2018-12-27_18:00:00;0.4704019006137399
2018-12-27_19:00:00;0.41833300336567014
2018-12-27_20:00:00;0.41397743021183925
2018-12-27_21:00:00;0.4468422094634726
2018-12-27_22:00:00;0.4888635913680459
2018-12-27_23:00:00;0.5525638487428232
2018-12-28_00:00:00;0.6015640467234211
2018-12-28_01:00:00;0.5668679469411998
2018-12-28_02:00:00;0.45065333597307466
2018-12-28_03:00:00;0.3921995644426846
2018-12-28_04:00:00;0.36151257176796675
2018-12-28_05:00:00;0.35547416353197386
2018-12-28_06:00:00;0.30845377153039
2018-12-28_07:00:00;0.24871312611364085
2018-12-28_08:00:00;0.2119877252029301
2018-12-28_09:00:00;0.26128489408038014
2018-12-28_10:00:00;0.30617699465452386
2018-12-28_11:00:00;0.37839041773906157
2018-12-28_12:00:00;0.4201643238962582
2018-12-28_13:00:00;0.44981191843199364
2018-12-28_14:00:00;0.5092060978024153
2018-12-28_15:00:00;0.5746386854088299
2018-12-28_16:00:00;0.5459314987131261
2018-12-28_17:00:00;0.4907939021975846
2018-12-28_18:00:00;0.3775490001979806
2018-12-28_19:00:00;0.3486933280538507
2018-12-28_20:00:00;0.38695307859829736
2018-12-28_21:00:00;0.5199465452385666
2018-12-28_22:00:00;0.5476638289447634
2018-12-28_23:00:00;0.5276182934072461
2018-12-29_00:00:00;0.5294001187883587
2018-12-29_01:00:00;0.5320728568600277
2018-12-29_02:00:00;0.5341021579885171
2018-12-29_03:00:00;0.5531082953870521
2018-12-29_04:00:00;0.5685507820233617
2018-12-29_05:00:00;0.5501880815680064
2018-12-29_06:00:00;0.5556820431597703
2018-12-29_07:00:00;0.5626113640863195
2018-12-29_08:00:00;0.8124628786378935
2018-12-29_09:00:00;0.8805187091665017
2018-12-29_10:00:00;0.9353098396357157
2018-12-29_11:00:00;0.9292714313997228
2018-12-29_12:00:00;0.8278558701247277
2018-12-29_13:00:00;0.7837556919421896
2018-12-29_14:00:00;0.7484656503662641
2018-12-29_15:00:00;0.7448030093050881
2018-12-29_16:00:00;0.7637101564046723
2018-12-29_17:00:00;0.7467828152841022
2018-12-29_18:00:00;0.7240150465254405
2018-12-29_19:00:00;0.7282221342308454
2018-12-29_20:00:00;0.7301029499109087
2018-12-29_21:00:00;0.7220352405464264
2018-12-29_22:00:00;0.7115422688576519
2018-12-29_23:00:00;0.6593743813106315
2018-12-30_00:00:00;0.7053058800237577
2018-12-30_01:00:00;0.6936250247475747
2018-12-30_02:00:00;0.6891209661453177
2018-12-30_03:00:00;0.7009503068699268
2018-12-30_04:00:00;0.7380716689764403
2018-12-30_05:00:00;0.792813304296179
2018-12-30_06:00:00;0.7872203524054643
2018-12-30_07:00:00;0.7638586418530984
2018-12-30_08:00:00;0.8433973470599881
2018-12-30_09:00:00;0.8940803801227479
2018-12-30_10:00:00;0.8713621065135617
2018-12-30_11:00:00;0.8889823797267867
2018-12-30_12:00:00;0.8420609780241536
2018-12-30_13:00:00;0.7219362502474758
2018-12-30_14:00:00;0.5223718075628588
2018-12-30_15:00:00;0.3995248465650366
2018-12-30_16:00:00;0.30454365472183725
2018-12-30_17:00:00;0.17912294595129677
2018-12-30_18:00:00;0.10072262918234014
2018-12-30_19:00:00;0.06973866561077015
2018-12-30_20:00:00;0.0714215006929321
2018-12-30_21:00:00;0.08270639477331222
2018-12-30_22:00:00;0.14031874876262126
2018-12-30_23:00:00;0.16155216788754703
2018-12-31_00:00:00;0.1919421896654128
2018-12-31_01:00:00;0.20357354979212036
2018-12-31_02:00:00;0.18377549000197982
2018-12-31_03:00:00;0.18139972282716293
2018-12-31_04:00:00;0.1722431201742229
2018-12-31_05:00:00;0.1940704810928529
2018-12-31_06:00:00;0.204365472183726
2018-12-31_07:00:00;0.2058998218174619
2018-12-31_08:00:00;0.21010690952286676
2018-12-31_09:00:00;0.21277964759453574
2018-12-31_10:00:00;0.2899425856266086
2018-12-31_11:00:00;0.32419322906355175
2018-12-31_12:00:00;0.4128885369233815
2018-12-31_13:00:00;0.5385072262918233
2018-12-31_14:00:00;0.6498218174618887
2018-12-31_15:00:00;0.7255493961591764
2018-12-31_16:00:00;0.7804890120768164
2018-12-31_17:00:00;0.81548208275589
2018-12-31_18:00:00;0.8078103345872104
2018-12-31_19:00:00;0.7853395367254009
2018-12-31_20:00:00;0.8017719263512176
2018-12-31_21:00:00;0.8047416353197386
2018-12-31_22:00:00;0.741140368243912
2018-12-31_23:00:00;0.6141358146901603
2019-01-01_00:00:00;0.0
2020-01-01_00:00:00;0.0