2018-01-01_00:00:00;0.539977868822475
2018-01-01_01:00:00;0.559219190108644
2018-01-01_02:00:00;0.5707328894904342
2018-01-01_03:00:00;0.5818945019570545
2018-01-01_04:00:00;0.5773859604199436
2018-01-01_05:00:00;0.584427698723342
2018-01-01_06:00:00;0.5728637012108132
2018-01-01_07:00:00;0.5629503968979771
2018-01-01_08:00:00;0.5560915608881736
2018-01-01_09:00:00;0.5631150089622123
2018-01-01_10:00:00;0.5814555364524271
2018-01-01_11:00:00;0.5947753959834656
2018-01-01_12:00:00;0.5867551304093354
2018-01-01_13:00:00;0.5500877931009255
2018-01-01_14:00:00;0.4817143431978637
2018-01-01_15:00:00;0.42129714306617405
2018-01-01_16:00:00;0.3689276438526539
2018-01-01_17:00:00;0.3434676445842631
2018-01-01_18:00:00;0.3332891319457146
2018-01-01_19:00:00;0.3270521637341332
2018-01-01_20:00:00;0.3106915535720818
2018-01-01_21:00:00;0.30671342868639573
2018-01-01_22:00:00;0.30004664008486664
2018-01-01_23:00:00;0.2949619563229323
2018-01-02_00:00:00;0.2900876101986319
2018-01-02_01:00:00;0.2872160441891941
2018-01-02_02:00:00;0.27992738778944287
2018-01-02_03:00:00;0.2788528368145737
2018-01-02_04:00:00;0.28911822804257964
2018-01-02_05:00:00;0.29582616966016756
2018-01-02_06:00:00;0.31143688041848044
2018-01-02_07:00:00;0.3252414310275451
2018-01-02_08:00:00;0.32914182243845336
2018-01-02_09:00:00;0.33086110399824414
2018-01-02_10:00:00;0.32311976442184587
2018-01-02_11:00:00;0.3236136006145517
2018-01-02_12:00:00;0.34086128690053774
2018-01-02_13:00:00;0.32638457036251234
2018-01-02_14:00:00;0.2965532062772067
2018-01-02_15:00:00;0.2831967662874492
2018-01-02_16:00:00;0.2863061052785602
2018-01-02_17:00:00;0.3054925558766507
2018-01-02_18:00:00;0.32884003365402203
2018-01-02_19:00:00;0.3574825328309617
2018-01-02_20:00:00;0.3859741376156857
2018-01-02_21:00:00;0.4130070966089915
2018-01-02_22:00:00;0.4405476094670227
2018-01-02_23:00:00;0.4764010315689359
2018-01-03_00:00:00;0.5043530745875553
2018-01-03_01:00:00;0.529575300874273
2018-01-03_02:00:00;0.5511577715184548
2018-01-03_03:00:00;0.5907744083110802
2018-01-03_04:00:00;0.6242821084976405
2018-01-03_05:00:00;0.6378031605516333
2018-01-03_06:00:00;0.6728838204631086
2018-01-03_07:00:00;0.6733319310824157
2018-01-03_08:00:00;0.6773009108534221
2018-01-03_09:00:00;0.6604876175147236
2018-01-03_10:00:00;0.6542735120898416
2018-01-03_11:00:00;0.6646440721366645
2018-01-03_12:00:00;0.6613198229505798
2018-01-03_13:00:00;0.6690154369535793
2018-01-03_14:00:00;0.66689834290522
2018-01-03_15:00:00;0.6704192120569192
2018-01-03_16:00:00;0.6932088378388265
2018-01-03_17:00:00;0.7104473790101328
2018-01-03_18:00:00;0.7264604748143542
2018-01-03_19:00:00;0.7289296557778835
2018-01-03_20:00:00;0.7297161356403409
2018-01-03_21:00:00;0.7353861067417785
2018-01-03_22:00:00;0.712184950799283
2018-01-03_23:00:00;0.7022945092731463
2018-01-04_00:00:00;0.6929710648571533
2018-01-04_01:00:00;0.6835927497530819
2018-01-04_02:00:00;0.6655814463913378
2018-01-04_03:00:00;0.6462578190730511
2018-01-04_04:00:00;0.611593261879504
2018-01-04_05:00:00;0.5812269085854337
2018-01-04_06:00:00;0.5523192010827815
2018-01-04_07:00:00;0.5129403372718294
2018-01-04_08:00:00;0.46659746863225665
2018-01-04_09:00:00;0.42122398214873613
2018-01-04_10:00:00;0.3722381753667191
2018-01-04_11:00:00;0.34097102827669457
2018-01-04_12:00:00;0.3133070563704869
2018-01-04_13:00:00;0.28181128141346895
2018-01-04_14:00:00;0.25397812488568605
2018-01-04_15:00:00;0.24015528404726194
2018-01-04_16:00:00;0.2605488897830779
2018-01-04_17:00:00;0.29599992683908255
2018-01-04_18:00:00;0.3300380436770677
2018-01-04_19:00:00;0.3627318286571314
2018-01-04_20:00:00;0.4030800746241358
2018-01-04_21:00:00;0.4418599334235651
2018-01-04_22:00:00;0.4695742034605114
2018-01-04_23:00:00;0.5061546621794637
2018-01-05_00:00:00;0.5658128177927351
2018-01-05_01:00:00;0.6029922815232103
2018-01-05_02:00:00;0.6269753447708234
2018-01-05_03:00:00;0.636664593774006
2018-01-05_04:00:00;0.632997402787431
2018-01-05_05:00:00;0.6145791418224384
2018-01-05_06:00:00;0.6143916669715038
2018-01-05_07:00:00;0.5962294692175439
2018-01-05_08:00:00;0.5617615319896111
2018-01-05_09:00:00;0.5243168599334236
2018-01-05_10:00:00;0.47414676080038043
2018-01-05_11:00:00;0.43817902476497056
2018-01-05_12:00:00;0.38739620294838495
2018-01-05_13:00:00;0.31735834217361086
2018-01-05_14:00:00;0.25780535537915644
2018-01-05_15:00:00;0.21708673226762262
2018-01-05_16:00:00;0.19906628379119873
2018-01-05_17:00:00;0.1875388667373889
2018-01-05_18:00:00;0.18779035739108169
2018-01-05_19:00:00;0.19364323078611406
2018-01-05_20:00:00;0.19461718549950616
2018-01-05_21:00:00;0.20412810476643378
2018-01-05_22:00:00;0.2162819621758057
2018-01-05_23:00:00;0.22760361414932143
2018-01-06_00:00:00;0.23724256502176538
2018-01-06_01:00:00;0.23894355635219666
2018-01-06_02:00:00;0.22921315433295533
2018-01-06_03:00:00;0.22735669605296852
2018-01-06_04:00:00;0.21660661374693638
2018-01-06_05:00:00;0.20392691224347953
2018-01-06_06:00:00;0.18770347880162416
2018-01-06_07:00:00;0.16869993049712845
2018-01-06_08:00:00;0.149929582616966
2018-01-06_09:00:00;0.12273201155942495
2018-01-06_10:00:00;0.09173921790979259
2018-01-06_11:00:00;0.06656271719647365
2018-01-06_12:00:00;0.055680030727585324
2018-01-06_13:00:00;0.04683213227493873
2018-01-06_14:00:00;0.04150053041665142
2018-01-06_15:00:00;0.0443400885247101
2018-01-06_16:00:00;0.05789314848008194
2018-01-06_17:00:00;0.07893605735815927
2018-01-06_18:00:00;0.09167520210703442
2018-01-06_19:00:00;0.10494019094999452
2018-01-06_20:00:00;0.12182664520613089
2018-01-06_21:00:00;0.13894172732926072
2018-01-06_22:00:00;0.1613518308519589
2018-01-06_23:00:00;0.17904762775725208
2018-01-07_00:00:00;0.19762592822914
2018-01-07_01:00:00;0.21758514101766835
2018-01-07_02:00:00;0.23786443281998756
2018-01-07_03:00:00;0.24616362439184988
2018-01-07_04:00:00;0.24080915974686323
2018-01-07_05:00:00;0.24556461938032703
2018-01-07_06:00:00;0.2636948092329078
2018-01-07_07:00:00;0.2756246113326261
2018-01-07_08:00:00;0.27820353367231226
2018-01-07_09:00:00;0.272730182536489
2018-01-07_10:00:00;0.2628214507809928
2018-01-07_11:00:00;0.25362603797051614
2018-01-07_12:00:00;0.2555419394959213
2018-01-07_13:00:00;0.26167373888868567
2018-01-07_14:00:00;0.26118447525331967
2018-01-07_15:00:00;0.27151388228408385
2018-01-07_16:00:00;0.2984462450159125
2018-01-07_17:00:00;0.32014760215093097
2018-01-07_18:00:00;0.3265400373120679
2018-01-07_19:00:00;0.32640286059187185
2018-01-07_20:00:00;0.31825913596956507
2018-01-07_21:00:00;0.3109018912097158
2018-01-07_22:00:00;0.29919157186231116
2018-01-07_23:00:00;0.2980667227567034
2018-01-08_00:00:00;0.29714306617404984
2018-01-08_01:00:00;0.29613253100193876
2018-01-08_02:00:00;0.3009291436514614
2018-01-08_03:00:00;0.29840509199985366
2018-01-08_04:00:00;0.29294088597871015
2018-01-08_05:00:00;0.2938828327907232
2018-01-08_06:00:00;0.3088305227347551
2018-01-08_07:00:00;0.31953030691004863
2018-01-08_08:00:00;0.3312086183560742
2018-01-08_09:00:00;0.3319950982185317
2018-01-08_10:00:00;0.32515912499542743
2018-01-08_11:00:00;0.30831839631268976
2018-01-08_12:00:00;0.2971887917474485
2018-01-08_13:00:00;0.30643450268866373
2018-01-08_14:00:00;0.32692870468595675
2018-01-08_15:00:00;0.35700241431027546
2018-01-08_16:00:00;0.4190108643962395
2018-01-08_17:00:00;0.4657058199509822
2018-01-08_18:00:00;0.4924827157332553
2018-01-08_19:00:00;0.5053361744156272
2018-01-08_20:00:00;0.4992455280389216
2018-01-08_21:00:00;0.4977823096901635
2018-01-08_22:00:00;0.4962047774079087
2018-01-08_23:00:00;0.5023685847020521
2018-01-09_00:00:00;0.500909938910634
2018-01-09_01:00:00;0.5017009913304313
2018-01-09_02:00:00;0.5099818926729341
2018-01-09_03:00:00;0.5101373596224896
2018-01-09_04:00:00;0.5086009803562936
2018-01-09_05:00:00;0.495985294655595
2018-01-09_06:00:00;0.4822767677506676
2018-01-09_07:00:00;0.4577724329663094
2018-01-09_08:00:00;0.43717306215019935
2018-01-09_09:00:00;0.4071542232139591
2018-01-09_10:00:00;0.38961389325822143
2018-01-09_11:00:00;0.3642910707100267
2018-01-09_12:00:00;0.3349443977027472
2018-01-09_13:00:00;0.31321103266634964
2018-01-09_14:00:00;0.2928219994878736
2018-01-09_15:00:00;0.2920218019533965
2018-01-09_16:00:00;0.3043265537549841
2018-01-09_17:00:00;0.31663130555657165
2018-01-09_18:00:00;0.3122736584116765
2018-01-09_19:00:00;0.2911210081574423
2018-01-09_20:00:00;0.2735029447269269
2018-01-09_21:00:00;0.26224988111350916
2018-01-09_22:00:00;0.238198229505798
2018-01-09_23:00:00;0.22718751143139335
2018-01-10_00:00:00;0.20660185828730293
2018-01-10_01:00:00;0.1886317079416176
2018-01-10_02:00:00;0.1788830156930168
2018-01-10_03:00:00;0.17134286863957274
2018-01-10_04:00:00;0.16333174818012217
2018-01-10_05:00:00;0.15445641438343638
2018-01-10_06:00:00;0.1474649742107766
2018-01-10_07:00:00;0.14591944982990088
2018-01-10_08:00:00;0.14679280828181585
2018-01-10_09:00:00;0.14250832205435857
2018-01-10_10:00:00;0.12623459048176464
2018-01-10_11:00:00;0.10058711636243918
2018-01-10_12:00:00;0.07436350001829023
2018-01-10_13:00:00;0.05651223616344149
2018-01-10_14:00:00;0.04681841460291912
2018-01-10_15:00:00;0.04781523210301057
2018-01-10_16:00:00;0.059818195120166805
2018-01-10_17:00:00;0.07249789662362366
2018-01-10_18:00:00;0.08133207740425065
2018-01-10_19:00:00;0.08522789625781907
2018-01-10_20:00:00;0.081633866188682
2018-01-10_21:00:00;0.06983666825181988
2018-01-10_22:00:00;0.055391959615173576
2018-01-10_23:00:00;0.04333869846727878
2018-01-11_00:00:00;0.03344368438380217
2018-01-11_01:00:00;0.025953835461096683
2018-01-11_02:00:00;0.017928997329626512
2018-01-11_03:00:00;0.01341588323517577
2018-01-11_04:00:00;0.012451073636463401
2018-01-11_05:00:00;0.013296996744339174
2018-01-11_06:00:00;0.015816475838607017
2018-01-11_07:00:00;0.014577312799502506
2018-01-11_08:00:00;0.01336558510443721
2018-01-11_09:00:00;0.009245710941215202
2018-01-11_10:00:00;0.00706460109009767
2018-01-11_11:00:00;0.00797454000073161
2018-01-11_12:00:00;0.008093426491568204
2018-01-11_13:00:00;0.010201375425247832
2018-01-11_14:00:00;0.015071148992208362
2018-01-11_15:00:00;0.020658814061528332
2018-01-11_16:00:00;0.02378187072465889
2018-01-11_17:00:00;0.02925064930314226
2018-01-11_18:00:00;0.03474686322566485
2018-01-11_19:00:00;0.03835003840948165
2018-01-11_20:00:00;0.03835461096682152
2018-01-11_21:00:00;0.04161484435014815
2018-01-11_22:00:00;0.046544061162526976
2018-01-11_23:00:00;0.04712020338735048
2018-01-12_00:00:00;0.050023777298167316
2018-01-12_01:00:00;0.05146413286022607
2018-01-12_02:00:00;0.05173391374327834
2018-01-12_03:00:00;0.05431283608296448
2018-01-12_04:00:00;0.05621501993635
2018-01-12_05:00:00;0.0625068588360098
2018-01-12_06:00:00;0.07006072356147346
2018-01-12_07:00:00;0.07167483630244724
2018-01-12_08:00:00;0.07186231115338186
2018-01-12_09:00:00;0.07224640596993086
2018-01-12_10:00:00;0.06795277462779384
2018-01-12_11:00:00;0.061450598090500054
2018-01-12_12:00:00;0.06299612247137579
2018-01-12_13:00:00;0.06611003401982661
2018-01-12_14:00:00;0.07393825218568241
2018-01-12_15:00:00;0.08159271317262319
2018-01-12_16:00:00;0.08600065844825694
2018-01-12_17:00:00;0.08651735742766214
2018-01-12_18:00:00;0.0865082123129824
2018-01-12_19:00:00;0.09249826242821085
2018-01-12_20:00:00;0.09285034934338077
2018-01-12_21:00:00;0.09342649156820426
2018-01-12_22:00:00;0.09309269488239383
2018-01-12_23:00:00;0.09531953030691005
2018-01-13_00:00:00;0.09602827669458976
2018-01-13_01:00:00;0.09858890880491641
2018-01-13_02:00:00;0.10362329443611223
2018-01-13_03:00:00;0.11405787028569338
2018-01-13_04:00:00;0.1232578556535099
2018-01-13_05:00:00;0.13549401909499945
2018-01-13_06:00:00;0.15629458243406372
2018-01-13_07:00:00;0.17151662581848776
2018-01-13_08:00:00;0.1872416505102974
2018-01-13_09:00:00;0.19925375864213338
2018-01-13_10:00:00;0.20622690858543366
2018-01-13_11:00:00;0.20559589567253173
2018-01-13_12:00:00;0.20027801148626403
2018-01-13_13:00:00;0.19671598931850606
2018-01-13_14:00:00;0.20022771335552547
2018-01-13_15:00:00;0.21275652046676666
2018-01-13_16:00:00;0.2310376047115631
2018-01-13_17:00:00;0.2500320079013791
2018-01-13_18:00:00;0.26512144712294694
2018-01-13_19:00:00;0.2781715257709332
2018-01-13_20:00:00;0.2868045140286059
2018-01-13_21:00:00;0.29117130628818083
2018-01-13_22:00:00;0.2810659545670703
2018-01-13_23:00:00;0.2679152796576069
2018-01-14_00:00:00;0.2511660021216666
2018-01-14_01:00:00;0.24351154113472584
2018-01-14_02:00:00;0.24491531623806562
2018-01-14_03:00:00;0.24425229542378463
2018-01-14_04:00:00;0.25154552438087574
2018-01-14_05:00:00;0.2531916450232286
2018-01-14_06:00:00;0.2570417383033983
2018-01-14_07:00:00;0.2583357720305813
2018-01-14_08:00:00;0.26107930643450267
2018-01-14_09:00:00;0.24880198997695432
2018-01-14_10:00:00;0.24227237809562133
2018-01-14_11:00:00;0.23267000768189633
2018-01-14_12:00:00;0.21818871858653108
2018-01-14_13:00:00;0.20718714562680615
2018-01-14_14:00:00;0.20324102864249918
2018-01-14_15:00:00;0.20535355013351866
2018-01-14_16:00:00;0.22273841313970077
2018-01-14_17:00:00;0.2541747448513004
2018-01-14_18:00:00;0.28170611259465195
2018-01-14_19:00:00;0.29824505249295824
2018-01-14_20:00:00;0.30364981526868345
2018-01-14_21:00:00;0.3087116362439185
2018-01-14_22:00:00;0.3049895745692651
2018-01-14_23:00:00;0.30121264220653327
2018-01-15_00:00:00;0.30364981526868345
2018-01-15_01:00:00;0.3114780334345393
2018-01-15_02:00:00;0.31499433002889854
2018-01-15_03:00:00;0.3137780297764934
2018-01-15_04:00:00;0.32889490434210045
2018-01-15_05:00:00;0.3512592822913999
2018-01-15_06:00:00;0.37856659472509785
2018-01-15_07:00:00;0.40328126714709
2018-01-15_08:00:00;0.42250429820389945
2018-01-15_09:00:00;0.42924424772286646
2018-01-15_10:00:00;0.4439633097999049
2018-01-15_11:00:00;0.46935472070819767
2018-01-15_12:00:00;0.49056681420785014
2018-01-15_13:00:00;0.513374730219117
2018-01-15_14:00:00;0.5428128543731938
2018-01-15_15:00:00;0.5834308812232505
2018-01-15_16:00:00;0.6303087390715879
2018-01-15_17:00:00;0.6690611625269781
2018-01-15_18:00:00;0.691832498079526
2018-01-15_19:00:00;0.702093316750192
2018-01-15_20:00:00;0.7141648681274463
2018-01-15_21:00:00;0.729958481179354
2018-01-15_22:00:00;0.7065652778285839
2018-01-15_23:00:00;0.6892490031824999
2018-01-16_00:00:00;0.6717909792588799
2018-01-16_01:00:00;0.6590975600834035
2018-01-16_02:00:00;0.6376476936020777
2018-01-16_03:00:00;0.5996954676811648
2018-01-16_04:00:00;0.5566905658996963
2018-01-16_05:00:00;0.5246826645206131
2018-01-16_06:00:00;0.5102836814573655
2018-01-16_07:00:00;0.4730584921534916
2018-01-16_08:00:00;0.4508770164977869
2018-01-16_09:00:00;0.4353806196729707
2018-01-16_10:00:00;0.42211105827267076
2018-01-16_11:00:00;0.4197836265866774
2018-01-16_12:00:00;0.42310330321542233
2018-01-16_13:00:00;0.4281148260599188
2018-01-16_14:00:00;0.41918919413249445
2018-01-16_15:00:00;0.43138420455792514
2018-01-16_16:00:00;0.43968796868712734
2018-01-16_17:00:00;0.4560622965211984
2018-01-16_18:00:00;0.45045634122251893
2018-01-16_19:00:00;0.43927643852653914
2018-01-16_20:00:00;0.436313421370304
2018-01-16_21:00:00;0.43827047591176793
2018-01-16_22:00:00;0.41905201741229836
2018-01-16_23:00:00;0.4007023448074039
2018-01-17_00:00:00;0.38848447159527383
2018-01-17_01:00:00;0.3738157076489739
2018-01-17_02:00:00;0.3696181000109741
2018-01-17_03:00:00;0.36627556059552985
2018-01-17_04:00:00;0.37542524783260783
2018-01-17_05:00:00;0.36804514028605917
2018-01-17_06:00:00;0.3863628049895746
2018-01-17_07:00:00;0.3851373596224897
2018-01-17_08:00:00;0.39708545195156747
2018-01-17_09:00:00;0.4031120825255149
2018-01-17_10:00:00;0.41869535793978857
2018-01-17_11:00:00;0.46488275962980574
2018-01-17_12:00:00;0.505413907890405
2018-01-17_13:00:00;0.5174077257928814
2018-01-17_14:00:00;0.5373852288107693
2018-01-17_15:00:00;0.5399412883637561
2018-01-17_16:00:00;0.5490635402567948
2018-01-17_17:00:00;0.5642490031824999
2018-01-17_18:00:00;0.5636408530562973
2018-01-17_19:00:00;0.5557806269890624
2018-01-17_20:00:00;0.5399824413798149
2018-01-17_21:00:00;0.5276319640048286
2018-01-17_22:00:00;0.5100093280169733
2018-01-17_23:00:00;0.5101007791637707
2018-01-18_00:00:00;0.5059397519844899
2018-01-18_01:00:00;0.5073389545304898
2018-01-18_02:00:00;0.5073069466291107
2018-01-18_03:00:00;0.48269744302593554
2018-01-18_04:00:00;0.48721970223506605
2018-01-18_05:00:00;0.49356641182280425
2018-01-18_06:00:00;0.5187703478801624
2018-01-18_07:00:00;0.547312250795625
2018-01-18_08:00:00;0.5812680616014925
2018-01-18_09:00:00;0.5886801770494202
2018-01-18_10:00:00;0.5861241174964334
2018-01-18_11:00:00;0.5933899111094854
2018-01-18_12:00:00;0.6028688224750338
2018-01-18_13:00:00;0.6128141346892491
2018-01-18_14:00:00;0.5996543146651059
2018-01-18_15:00:00;0.5730328858323883
2018-01-18_16:00:00;0.5259264001170575
2018-01-18_17:00:00;0.49503877528624207
2018-01-18_18:00:00;0.484531038519223
2018-01-18_19:00:00;0.4688746021875114
2018-01-18_20:00:00;0.44878278523612686
2018-01-18_21:00:00;0.41157588616161245
2018-01-18_22:00:00;0.365607967223909
2018-01-18_23:00:00;0.3228408384241138
2018-01-19_00:00:00;0.2839923912645865
2018-01-19_01:00:00;0.2644492811939862
2018-01-19_02:00:00;0.24044792771701357
2018-01-19_03:00:00;0.2233831437246223
2018-01-19_04:00:00;0.2198074038848447
2018-01-19_05:00:00;0.21839448366682518
2018-01-19_06:00:00;0.2210785748253283
2018-01-19_07:00:00;0.22337399860994256
2018-01-19_08:00:00;0.2220845374400995
2018-01-19_09:00:00;0.21497878333394302
2018-01-19_10:00:00;0.20682134103961664
2018-01-19_11:00:00;0.2118191462120935
2018-01-19_12:00:00;0.22243205179792955
2018-01-19_13:00:00;0.23141255441343234
2018-01-19_14:00:00;0.20773127995025056
2018-01-19_15:00:00;0.20218019533964957
2018-01-19_16:00:00;0.18930844642791822
2018-01-19_17:00:00;0.18710447379010134
2018-01-19_18:00:00;0.20838515564985186
2018-01-19_19:00:00;0.2198211215568643
2018-01-19_20:00:00;0.2258203167867725
2018-01-19_21:00:00;0.22101913157991002
2018-01-19_22:00:00;0.2276813476240992
2018-01-19_23:00:00;0.2371328236456085
2018-01-20_00:00:00;0.23904872517101364
2018-01-20_01:00:00;0.24227237809562133
2018-01-20_02:00:00;0.2371053883015693
2018-01-20_03:00:00;0.2366801404689615
2018-01-20_04:00:00;0.23826224530855616
2018-01-20_05:00:00;0.23959743205179793
2018-01-20_06:00:00;0.2285684237480338
2018-01-20_07:00:00;0.22231773786443282
2018-01-20_08:00:00;0.2143569155357208
2018-01-20_09:00:00;0.19383070563704868
2018-01-20_10:00:00;0.17206533269927204
2018-01-20_11:00:00;0.14881845118337783
2018-01-20_12:00:00;0.12793558181219591
2018-01-20_13:00:00;0.10035848849544574
2018-01-20_14:00:00;0.07927442660130958
2018-01-20_15:00:00;0.06367743351501629
2018-01-20_16:00:00;0.05923748033800344
2018-01-20_17:00:00;0.06232852909975491
2018-01-20_18:00:00;0.06043091780370926
2018-01-20_19:00:00;0.05969930862933021
2018-01-20_20:00:00;0.0614734608771994
2018-01-20_21:00:00;0.0638511906939313
2018-01-20_22:00:00;0.07065972857299631
2018-01-20_23:00:00;0.07294143468559096
2018-01-21_00:00:00;0.07369133408932949
2018-01-21_01:00:00;0.07787522405530965
2018-01-21_02:00:00;0.08004261623440757
2018-01-21_03:00:00;0.08120404579873432
2018-01-21_04:00:00;0.08388813695723744
2018-01-21_05:00:00;0.09298752606357684
2018-01-21_06:00:00;0.09793046054797527
2018-01-21_07:00:00;0.09858890880491641
2018-01-21_08:00:00;0.0933624757654461
2018-01-21_09:00:00;0.08668196949189742
2018-01-21_10:00:00;0.07710246186487178
2018-01-21_11:00:00;0.06379632000585288
2018-01-21_12:00:00;0.055241065222957894
2018-01-21_13:00:00;0.04866572776822621
2018-01-21_14:00:00;0.04586275011888649
2018-01-21_15:00:00;0.044477265244906174
2018-01-21_16:00:00;0.04770091816951384
2018-01-21_17:00:00;0.05737187694333687
2018-01-21_18:00:00;0.07374163222006803
2018-01-21_19:00:00;0.08598694077623734
2018-01-21_20:00:00;0.10092548560558949
2018-01-21_21:00:00;0.12373797417419614
2018-01-21_22:00:00;0.14151150455426711
2018-01-21_23:00:00;0.14986099425686797
2018-01-22_00:00:00;0.1655905915060175
2018-01-22_01:00:00;0.18002615502798405
2018-01-22_02:00:00;0.18385338552145444
2018-01-22_03:00:00;0.20707283169330942
2018-01-22_04:00:00;0.22259209130482496
2018-01-22_05:00:00;0.22915371108753704
2018-01-22_06:00:00;0.2480658082452354
2018-01-22_07:00:00;0.2618612137396203
2018-01-22_08:00:00;0.2568862713538428
2018-01-22_09:00:00;0.23689505066393532
2018-01-22_10:00:00;0.2302968504225043
2018-01-22_11:00:00;0.21726506200387752
2018-01-22_12:00:00;0.20160405311482607
2018-01-22_13:00:00;0.1823490141566375
2018-01-22_14:00:00;0.15940392142517468
2018-01-22_15:00:00;0.15438325346599846
2018-01-22_16:00:00;0.1586174415627172
2018-01-22_17:00:00;0.17242199217178183
2018-01-22_18:00:00;0.18543549036104912
2018-01-22_19:00:00;0.1892352855104803
2018-01-22_20:00:00;0.19586092109595055
2018-01-22_21:00:00;0.1974018729194864
2018-01-22_22:00:00;0.1926509858433625
2018-01-22_23:00:00;0.1905476094670227
2018-01-23_00:00:00;0.1825136262208728
2018-01-23_01:00:00;0.17319018180487983
2018-01-23_02:00:00;0.16090829278999158
2018-01-23_03:00:00;0.15571386765190035
2018-01-23_04:00:00;0.15066576434868492
2018-01-23_05:00:00;0.14248088671031936
2018-01-23_06:00:00;0.14134231993269195
2018-01-23_07:00:00;0.13526081867066614
2018-01-23_08:00:00;0.13104949336064675
2018-01-23_09:00:00;0.12780297764933973
2018-01-23_10:00:00;0.13032245674360757
2018-01-23_11:00:00;0.1395178695540842
2018-01-23_12:00:00;0.15835223323700479
2018-01-23_13:00:00;0.18605735815927132
2018-01-23_14:00:00;0.2099443977027472
2018-01-23_15:00:00;0.23925449025130774
2018-01-23_16:00:00;0.27720214361488094
2018-01-23_17:00:00;0.33063704868859056
2018-01-23_18:00:00;0.3844834839228884
2018-01-23_19:00:00;0.4282245674360757
2018-01-23_20:00:00;0.45965632659033545
2018-01-23_21:00:00;0.4764833376010535
2018-01-23_22:00:00;0.4748372169587007
2018-01-23_23:00:00;0.4889801368109156
2018-01-24_00:00:00;0.4984453305044445
2018-01-24_01:00:00;0.4991815122361634
2018-01-24_02:00:00;0.4912526978088305
2018-01-24_03:00:00;0.47488294253209934
2018-01-24_04:00:00;0.4517183670483228
2018-01-24_05:00:00;0.438686578629696
2018-01-24_06:00:00;0.4478682737681531
2018-01-24_07:00:00;0.45542213849361673
2018-01-24_08:00:00;0.458170245454878
2018-01-24_09:00:00;0.45512492226652523
2018-01-24_10:00:00;0.46129787467534844
2018-01-24_11:00:00;0.47288930753191644
2018-01-24_12:00:00;0.49066741046932727
2018-01-24_13:00:00;0.49870596627281705
2018-01-24_14:00:00;0.5099773201155943
2018-01-24_15:00:00;0.5326343417346453
2018-01-24_16:00:00;0.5541756593627684
2018-01-24_17:00:00;0.5930103888502762
2018-01-24_18:00:00;0.623079525917255
2018-01-24_19:00:00;0.6336695687163917
2018-01-24_20:00:00;0.630624245528039
2018-01-24_21:00:00;0.608557083805831
2018-01-24_22:00:00;0.5776557413029959
2018-01-24_23:00:00;0.5579708819548597
2018-01-25_00:00:00;0.5444361122288474
2018-01-25_01:00:00;0.5264248088671032
2018-01-25_02:00:00;0.5039964151150456
2018-01-25_03:00:00;0.48736602406994184
2018-01-25_04:00:00;0.46359329845996267
2018-01-25_05:00:00;0.4390981087902842
2018-01-25_06:00:00;0.4166331345795076
2018-01-25_07:00:00;0.3779264366975162
2018-01-25_08:00:00;0.337326700076819
2018-01-25_09:00:00;0.2937776639719062
2018-01-25_10:00:00;0.2674305885795808
2018-01-25_11:00:00;0.23390459816366097
2018-01-25_12:00:00;0.19386728609576764
2018-01-25_13:00:00;0.15775322822548193
2018-01-25_14:00:00;0.13063796320005852
2018-01-25_15:00:00;0.11586403043494166
2018-01-25_16:00:00;0.11999762227018326
2018-01-25_17:00:00;0.1333769250466401
2018-01-25_18:00:00;0.1477484727658485
2018-01-25_19:00:00;0.15909298752606357
2018-01-25_20:00:00;0.15856257087463876
2018-01-25_21:00:00;0.14692083988733218
2018-01-25_22:00:00;0.12759264001170575
2018-01-25_23:00:00;0.11385210520539928
2018-01-26_00:00:00;0.1077340234846545
2018-01-26_01:00:00;0.09899129385082489
2018-01-26_02:00:00;0.08981874382704759
2018-01-26_03:00:00;0.07636628013315287
2018-01-26_04:00:00;0.06451878406555218
2018-01-26_05:00:00;0.05610985111753301
2018-01-26_06:00:00;0.04550609064637671
2018-01-26_07:00:00;0.03847349745765812
2018-01-26_08:00:00;0.03410670519808318
2018-01-26_09:00:00;0.028898562387972344
2018-01-26_10:00:00;0.02099718330467864
2018-01-26_11:00:00;0.01599480557486191
2018-01-26_12:00:00;0.014531587226103815
2018-01-26_13:00:00;0.013818268281084244
2018-01-26_14:00:00;0.012350477374986282
2018-01-26_15:00:00;0.013232980941581008
2018-01-26_16:00:00;0.015423235907378279
2018-01-26_17:00:00;0.0162325785565351
2018-01-26_18:00:00;0.01752203972637817
2018-01-26_19:00:00;0.01990434210044994
2018-01-26_20:00:00;0.022026008706149174
2018-01-26_21:00:00;0.028244686688371073
2018-01-26_22:00:00;0.034916047847240006
2018-01-26_23:00:00;0.04025222226286718
2018-01-27_00:00:00;0.03974009584080184
2018-01-27_01:00:00;0.039589201448586166
2018-01-27_02:00:00;0.03983154698759923
2018-01-27_03:00:00;0.036978271207520945
2018-01-27_04:00:00;0.03841405421223982
2018-01-27_05:00:00;0.03890331784760581
2018-01-27_06:00:00;0.039602919120605776
2018-01-27_07:00:00;0.047303105680945236
2018-01-27_08:00:00;0.05655796173684018
2018-01-27_09:00:00;0.06796191974247356
2018-01-27_10:00:00;0.0719903427588982
2018-01-27_11:00:00;0.0805410249844533
2018-01-27_12:00:00;0.10296941873651096
2018-01-27_13:00:00;0.11555309653583055
2018-01-27_14:00:00;0.12085726305007864
2018-01-27_15:00:00;0.1448769067564107
2018-01-27_16:00:00;0.17730548341076197
2018-01-27_17:00:00;0.22501554669495555
2018-01-27_18:00:00;0.30548341076197094
2018-01-27_19:00:00;0.3884936167099535
2018-01-27_20:00:00;0.45214361488093063
2018-01-27_21:00:00;0.49941928521783663
2018-01-27_22:00:00;0.5180661740498226
2018-01-27_23:00:00;0.5548386801770494
2018-01-28_00:00:00;0.5889591030471523
2018-01-28_01:00:00;0.6036415846654717
2018-01-28_02:00:00;0.6225673994951897
2018-01-28_03:00:00;0.627062223360281
2018-01-28_04:00:00;0.621332809013425
2018-01-28_05:00:00;0.6002396020046091
2018-01-28_06:00:00;0.5882229213154333
2018-01-28_07:00:00;0.571510224238212
2018-01-28_08:00:00;0.5613317115996634
2018-01-28_09:00:00;0.5425750813915207
2018-01-28_10:00:00;0.5574038848447159
2018-01-28_11:00:00;0.5653326992720489
2018-01-28_12:00:00;0.5699509821853166
2018-01-28_13:00:00;0.5701384570362512
2018-01-28_14:00:00;0.5626623257855653
2018-01-28_15:00:00;0.563055565716794
2018-01-28_16:00:00;0.5711901452244211
2018-01-28_17:00:00;0.5895626806160149
2018-01-28_18:00:00;0.6022515272341515
2018-01-28_19:00:00;0.5983465632659034
2018-01-28_20:00:00;0.6054340271427003
2018-01-28_21:00:00;0.6143230786114058
2018-01-28_22:00:00;0.6017302556974065
2018-01-28_23:00:00;0.6046384021655632
2018-01-29_00:00:00;0.5808108058675056
2018-01-29_01:00:00;0.5875644730584921
2018-01-29_02:00:00;0.5860738193656948
2018-01-29_03:00:00;0.5882777920035117
2018-01-29_04:00:00;0.6000658448256941
2018-01-29_05:00:00;0.6099471412371511
2018-01-29_06:00:00;0.6463767055638878
2018-01-29_07:00:00;0.65049200716977
2018-01-29_08:00:00;0.6514202363097633
2018-01-29_09:00:00;0.6516808720781359
2018-01-29_10:00:00;0.6609311555766909
2018-01-29_11:00:00;0.6699665288802722
2018-01-29_12:00:00;0.6761577715184548
2018-01-29_13:00:00;0.6714206021143505
2018-01-29_14:00:00;0.6672138493616709
2018-01-29_15:00:00;0.6560979624684493
2018-01-29_16:00:00;0.6406335735450123
2018-01-29_17:00:00;0.6351647949665289
2018-01-29_18:00:00;0.6405009693821561
2018-01-29_19:00:00;0.643189633097999
2018-01-29_20:00:00;0.6470214361488094
2018-01-29_21:00:00;0.6445476826279402
2018-01-29_22:00:00;0.6176153198961115
2018-01-29_23:00:00;0.6032894977503018
2018-01-30_00:00:00;0.5859229249734792
2018-01-30_01:00:00;0.5685334894099572
2018-01-30_02:00:00;0.5396212093499653
2018-01-30_03:00:00;0.4998079525917255
2018-01-30_04:00:00;0.4716958700662106
2018-01-30_05:00:00;0.4411694772652449
2018-01-30_06:00:00;0.4254078721147163
2018-01-30_07:00:00;0.40228902220433843
2018-01-30_08:00:00;0.3607427662142883
2018-01-30_09:00:00;0.32108497640560413
2018-01-30_10:00:00;0.309950799283023
2018-01-30_11:00:00;0.31706569850385924
2018-01-30_12:00:00;0.3271573325529502
2018-01-30_13:00:00;0.3102937410835132
2018-01-30_14:00:00;0.2757572154954823
2018-01-30_15:00:00;0.23186523759007938
2018-01-30_16:00:00;0.18618081720744778
2018-01-30_17:00:00;0.16558144639133776
2018-01-30_18:00:00;0.1680094743388082
2018-01-30_19:00:00;0.1790750631012913
2018-01-30_20:00:00;0.20145315872261038
2018-01-30_21:00:00;0.20838515564985186
2018-01-30_22:00:00;0.2068121959249369
2018-01-30_23:00:00;0.2174479642974723
2018-01-31_00:00:00;0.2381387862603797
2018-01-31_01:00:00;0.26085067856750926
2018-01-31_02:00:00;0.2951677214032264
2018-01-31_03:00:00;0.33312909243881916
2018-01-31_04:00:00;0.3711270439331309
2018-01-31_05:00:00;0.4138438746021875
2018-01-31_06:00:00;0.47539506895416467
2018-01-31_07:00:00;0.5147876504371365
2018-01-31_08:00:00;0.5469052931923767
2018-01-31_09:00:00;0.5698092329077806
2018-01-31_10:00:00;0.5834263086659107
2018-01-31_11:00:00;0.5959688334491714
2018-01-31_12:00:00;0.6014467571423345
2018-01-31_13:00:00;0.5791829754545122
2018-01-31_14:00:00;0.56773786443282
2018-01-31_15:00:00;0.562671470900245
2018-01-31_16:00:00;0.5448293521600761
2018-01-31_17:00:00;0.5317655558400702
2018-01-31_18:00:00;0.5018701759520064
2018-01-31_19:00:00;0.4823453561107656
2018-01-31_20:00:00;0.4795560961334455
2018-01-31_21:00:00;0.454397885649486
2018-01-31_22:00:00;0.41937666898342907
2018-01-31_23:00:00;0.3892069356549731
2018-02-01_00:00:00;0.3823846801038885
2018-02-01_01:00:00;0.36244375754471964
2018-02-01_02:00:00;0.35178512638548487
2018-02-01_03:00:00;0.343051541866335
2018-02-01_04:00:00;0.3231974978966236
2018-02-01_05:00:00;0.31205874821670265
2018-02-01_06:00:00;0.3163157991001207
2018-02-01_07:00:00;0.31659472509785275
2018-02-01_08:00:00;0.3154607308775652
2018-02-01_09:00:00;0.3068048798331931
2018-02-01_10:00:00;0.3133802172879248
2018-02-01_11:00:00;0.3399925010059626
2018-02-01_12:00:00;0.353038007096609
2018-02-01_13:00:00;0.3414420016827011
2018-02-01_14:00:00;0.3195806050407872
2018-02-01_15:00:00;0.2916971503822658
2018-02-01_16:00:00;0.2755194425138091
2018-02-01_17:00:00;0.30542396751655265
2018-02-01_18:00:00;0.3539982441379815
2018-02-01_19:00:00;0.3902677689578227
2018-02-01_20:00:00;0.39356915535720816
2018-02-01_21:00:00;0.39430990964626694
2018-02-01_22:00:00;0.3835278194388558
2018-02-01_23:00:00;0.37845228079160115
2018-02-02_00:00:00;0.36536104912755607
2018-02-02_01:00:00;0.3500246918096353
2018-02-02_02:00:00;0.33749131214105427
2018-02-02_03:00:00;0.3355159673702308
2018-02-02_04:00:00;0.3299694553169697
2018-02-02_05:00:00;0.3203259318871859
2018-02-02_06:00:00;0.309566704466474
2018-02-02_07:00:00;0.2945961517357428
2018-02-02_08:00:00;0.27887112704393313
2018-02-02_09:00:00;0.25074532684639866
2018-02-02_10:00:00;0.2265610710758313
2018-02-02_11:00:00;0.21767201960712587
2018-02-02_12:00:00;0.20847203423930935
2018-02-02_13:00:00;0.1949509821853166
2018-02-02_14:00:00;0.1863088488129641
2018-02-02_15:00:00;0.18216611186304277
2018-02-02_16:00:00;0.17891959615173575
2018-02-02_17:00:00;0.18490050115228446
2018-02-02_18:00:00;0.1940044628159637
2018-02-02_19:00:00;0.19942294326370852
2018-02-02_20:00:00;0.19696747997219885
2018-02-02_21:00:00;0.18477704210410797
2018-02-02_22:00:00;0.16928521783663167
2018-02-02_23:00:00;0.1475975783736328
2018-02-03_00:00:00;0.1285894575117972
2018-02-03_01:00:00;0.12005706551560157
2018-02-03_02:00:00;0.11143779492994842
2018-02-03_03:00:00;0.11254435380619673
2018-02-03_04:00:00;0.11238888685664118
2018-02-03_05:00:00;0.10668233529648462
2018-02-03_06:00:00;0.09500859640779895
2018-02-03_07:00:00;0.08014778505322456
2018-02-03_08:00:00;0.06904104327468266
2018-02-03_09:00:00;0.05871620880125837
2018-02-03_10:00:00;0.05648480081940228
2018-02-03_11:00:00;0.05187109046347441
2018-02-03_12:00:00;0.056151004133591836
2018-02-03_13:00:00;0.06606430844642792
2018-02-03_14:00:00;0.06137286461572228
2018-02-03_15:00:00;0.05434484398434356
2018-02-03_16:00:00;0.04955280389216081
2018-02-03_17:00:00;0.05445001280316055
2018-02-03_18:00:00;0.06161063759739547
2018-02-03_19:00:00;0.06517265976515345
2018-02-03_20:00:00;0.0689175842265062
2018-02-03_21:00:00;0.07378735779346673
2018-02-03_22:00:00;0.0731563448805648
2018-02-03_23:00:00;0.07810842447964297
2018-02-04_00:00:00;0.08466547170501518
2018-02-04_01:00:00;0.09117222079964883
2018-02-04_02:00:00;0.09065552182024363
2018-02-04_03:00:00;0.08822749387277316
2018-02-04_04:00:00;0.08840582360902806
2018-02-04_05:00:00;0.09408036726780554
2018-02-04_06:00:00;0.10147419248637378
2018-02-04_07:00:00;0.10614277353038007
2018-02-04_08:00:00;0.11339942202875224
2018-02-04_09:00:00;0.1221192888758825
2018-02-04_10:00:00;0.1232121300801112
2018-02-04_11:00:00;0.13526081867066614
2018-02-04_12:00:00;0.13954073234078354
2018-02-04_13:00:00;0.1392983868017705
2018-02-04_14:00:00;0.13345465852141786
2018-02-04_15:00:00;0.133344917145261
2018-02-04_16:00:00;0.13177195742034606
2018-02-04_17:00:00;0.13796320005852875
2018-02-04_18:00:00;0.1473506602772799
2018-02-04_19:00:00;0.15730054504883492
2018-02-04_20:00:00;0.15816475838607016
2018-02-04_21:00:00;0.16353294070307642
2018-02-04_22:00:00;0.16511961810001097
2018-02-04_23:00:00;0.15681128141346892
2018-02-05_00:00:00;0.14742382119471778
2018-02-05_01:00:00;0.14194589750155467
2018-02-05_02:00:00;0.1409536525588031
2018-02-05_03:00:00;0.13953158722610381
2018-02-05_04:00:00;0.135370560046823
2018-02-05_05:00:00;0.13536141493214324
2018-02-05_06:00:00;0.13726817134286864
2018-02-05_07:00:00;0.1365960054139079
2018-02-05_08:00:00;0.1347944178219995
2018-02-05_09:00:00;0.12323499286681056
2018-02-05_10:00:00;0.11571770860006585
2018-02-05_11:00:00;0.11729066832498079
2018-02-05_12:00:00;0.11811830120349709
2018-02-05_13:00:00;0.11296960163880455
2018-02-05_14:00:00;0.10858451914987013
2018-02-05_15:00:00;0.1094030069137067
2018-02-05_16:00:00;0.11504554267110509
2018-02-05_17:00:00;0.13426857372791454
2018-02-05_18:00:00;0.15083037641292021
2018-02-05_19:00:00;0.15970571020960603
2018-02-05_20:00:00;0.15948165489995245
2018-02-05_21:00:00;0.15501883893624027
2018-02-05_22:00:00;0.14355543768518858
2018-02-05_23:00:00;0.13444233090682958
2018-02-06_00:00:00;0.12804989574569264
2018-02-06_01:00:00;0.12264513296996744
2018-02-06_02:00:00;0.1172449427515821
2018-02-06_03:00:00;0.10931155576690932
2018-02-06_04:00:00;0.09953085561692944
2018-02-06_05:00:00;0.08905512675128946
2018-02-06_06:00:00;0.08331199473241395
2018-02-06_07:00:00;0.0829781980466035
2018-02-06_08:00:00;0.08324797892965578
2018-02-06_09:00:00;0.0677058565314409
2018-02-06_10:00:00;0.052758166587409006
2018-02-06_11:00:00;0.05420766726414749
2018-02-06_12:00:00;0.05564802282620624
2018-02-06_13:00:00;0.053535501335186746
2018-02-06_14:00:00;0.05323828510809526
2018-02-06_15:00:00;0.05606869810147419
2018-02-06_16:00:00;0.060074258331199476
2018-02-06_17:00:00;0.07077404250649304
2018-02-06_18:00:00;0.08632988257672751
2018-02-06_19:00:00;0.09517320847203424
2018-02-06_20:00:00;0.09732688297911256
2018-02-06_21:00:00;0.09442330906829571
2018-02-06_22:00:00;0.0884286863957274
2018-02-06_23:00:00;0.08736328053553792
2018-02-07_00:00:00;0.08084738632622453
2018-02-07_01:00:00;0.07571697699089147
2018-02-07_02:00:00;0.07230584921534916
2018-02-07_03:00:00;0.06608717123312727
2018-02-07_04:00:00;0.06240169001719281
2018-02-07_05:00:00;0.059818195120166805
2018-02-07_06:00:00;0.05923290778066357
2018-02-07_07:00:00;0.05685975052127153
2018-02-07_08:00:00;0.05221403226396459
2018-02-07_09:00:00;0.03999158649449464
2018-02-07_10:00:00;0.02853275780078282
2018-02-07_11:00:00;0.023667556791162163
2018-02-07_12:00:00;0.018354245162234335
2018-02-07_13:00:00;0.01628287668727366
2018-02-07_14:00:00;0.02063137871748912
2018-02-07_15:00:00;0.026758605552913633
2018-02-07_16:00:00;0.03426217214763873
2018-02-07_17:00:00;0.045775871529428976
2018-02-07_18:00:00;0.053709258514101764
2018-02-07_19:00:00;0.05334802648425211
2018-02-07_20:00:00;0.05044902513077514
2018-02-07_21:00:00;0.04838222921315433
2018-02-07_22:00:00;0.04892179097925888
2018-02-07_23:00:00;0.04820847203423931
2018-02-08_00:00:00;0.046900720635036766
2018-02-08_01:00:00;0.04506255258440941
2018-02-08_02:00:00;0.045999926839082564
2018-02-08_03:00:00;0.04454585360500421
2018-02-08_04:00:00;0.042296155393788636
2018-02-08_05:00:00;0.04176116618502396
2018-02-08_06:00:00;0.041130153272122036
2018-02-08_07:00:00;0.041541683432710245
2018-02-08_08:00:00;0.04520430186194535
2018-02-08_09:00:00;0.04454585360500421
2018-02-08_10:00:00;0.03971266049676263
2018-02-08_11:00:00;0.03884844715952738
2018-02-08_12:00:00;0.04225042982038995
2018-02-08_13:00:00;0.046758971357500824
2018-02-08_14:00:00;0.04935618392654644
2018-02-08_15:00:00;0.047312250795624976
2018-02-08_16:00:00;0.04266195998097816
2018-02-08_17:00:00;0.04499853678165124
2018-02-08_18:00:00;0.05397446683981417
2018-02-08_19:00:00;0.06598200241431028
2018-02-08_20:00:00;0.07582671836704832
2018-02-08_21:00:00;0.08264440136079307
2018-02-08_22:00:00;0.08300563339064272
2018-02-08_23:00:00;0.0843362475765446
2018-02-09_00:00:00;0.08665453414785822
2018-02-09_01:00:00;0.08938435087976003
2018-02-09_02:00:00;0.09627519479094268
2018-02-09_03:00:00;0.10478929655777884
2018-02-09_04:00:00;0.11272268354245162
2018-02-09_05:00:00;0.12413578666276476
2018-02-09_06:00:00;0.13378388264988844
2018-02-09_07:00:00;0.14014430990964627
2018-02-09_08:00:00;0.147067161722208
2018-02-09_09:00:00;0.13283279072319568
2018-02-09_10:00:00;0.10715330870249112
2018-02-09_11:00:00;0.09285034934338077
2018-02-09_12:00:00;0.08979130848300838
2018-02-09_13:00:00;0.08655393788638109
2018-02-09_14:00:00;0.08325255148699565
2018-02-09_15:00:00;0.08286388411310677
2018-02-09_16:00:00;0.08601894867761642
2018-02-09_17:00:00;0.10263104949336065
2018-02-09_18:00:00;0.11703917767128799
2018-02-09_19:00:00;0.11677854190291546
2018-02-09_20:00:00;0.10517339137432784
2018-02-09_21:00:00;0.09203186157954421
2018-02-09_22:00:00;0.08044042872297619
2018-02-09_23:00:00;0.07052255185280024
2018-02-10_00:00:00;0.062127336576800675
2018-02-10_01:00:00;0.055666313055565714
2018-02-10_02:00:00;0.053540073892526616
2018-02-10_03:00:00;0.05360408969528478
2018-02-10_04:00:00;0.052515821048395944
2018-02-10_05:00:00;0.048935508651278485
2018-02-10_06:00:00;0.04520887441928522
2018-02-10_07:00:00;0.043686212825108824
2018-02-10_08:00:00;0.050138091231664045
2018-02-10_09:00:00;0.05603211764275524
2018-02-10_10:00:00;0.05488440575044811
2018-02-10_11:00:00;0.053416614844350147
2018-02-10_12:00:00;0.056352196656546075
2018-02-10_13:00:00;0.058963126897611295
2018-02-10_14:00:00;0.05935636682884003
2018-02-10_15:00:00;0.06087445586567655
2018-02-10_16:00:00;0.06546530343490507
2018-02-10_17:00:00;0.08437740059260343
2018-02-10_18:00:00;0.11160240699418371
2018-02-10_19:00:00;0.14164868127446317
2018-02-10_20:00:00;0.16989794052017412
2018-02-10_21:00:00;0.19608497640560413
2018-02-10_22:00:00;0.21129787467534844
2018-02-10_23:00:00;0.22910798551413836
2018-02-11_00:00:00;0.2557339869041958
2018-02-11_01:00:00;0.2779154625599005
2018-02-11_02:00:00;0.3056297325968468
2018-02-11_03:00:00;0.33998335589128287
2018-02-11_04:00:00;0.383134579507627
2018-02-11_05:00:00;0.4172732926070893
2018-02-11_06:00:00;0.46018674324176023
2018-02-11_07:00:00;0.4845904817646413
2018-02-11_08:00:00;0.4929262537952226
2018-02-11_09:00:00;0.49448549584811796
2018-02-11_10:00:00;0.49435289168526175
2018-02-11_11:00:00;0.48519405933350407
2018-02-11_12:00:00;0.4689980612356879
2018-02-11_13:00:00;0.44277444489153894
2018-02-11_14:00:00;0.42528441306653986
2018-02-11_15:00:00;0.41042360171196546
2018-02-11_16:00:00;0.39318963309799904
2018-02-11_17:00:00;0.38436002487471194
2018-02-11_18:00:00;0.3938297911255807
2018-02-11_19:00:00;0.39938087573618175
2018-02-11_20:00:00;0.39471229469217545
2018-02-11_21:00:00;0.389595603028862
2018-02-11_22:00:00;0.3720735633024838
2018-02-11_23:00:00;0.36615667410469327
2018-02-12_00:00:00;0.3621099608589092
2018-02-12_01:00:00;0.35733621099608587
2018-02-12_02:00:00;0.35283681457365473
2018-02-12_03:00:00;0.3437785784833742
2018-02-12_04:00:00;0.348255112119106
2018-02-12_05:00:00;0.3500201192522954
2018-02-12_06:00:00;0.3557678238285108
2018-02-12_07:00:00;0.34921992171781835
2018-02-12_08:00:00;0.3325986757873944
2018-02-12_09:00:00;0.31411182646230384
2018-02-12_10:00:00;0.3078977210374218
2018-02-12_11:00:00;0.3012263598785529
2018-02-12_12:00:00;0.3051404689614808
2018-02-12_13:00:00;0.2928174269305337
2018-02-12_14:00:00;0.2708234261257636
2018-02-12_15:00:00;0.24450378607747741
2018-02-12_16:00:00;0.2187602882540147
2018-02-12_17:00:00;0.23218988916121008
2018-02-12_18:00:00;0.25566539854409776
2018-02-12_19:00:00;0.2646459011596005
2018-02-12_20:00:00;0.2678466912975089
2018-02-12_21:00:00;0.26266141127409737
2018-02-12_22:00:00;0.26347989903793395
2018-02-12_23:00:00;0.2551532721220324
2018-02-13_00:00:00;0.24170995354281744
2018-02-13_01:00:00;0.23188810037677873
2018-02-13_02:00:00;0.21978911365548523
2018-02-13_03:00:00;0.21085433661338113
2018-02-13_04:00:00;0.19891538939898307
2018-02-13_05:00:00;0.19104601821706843
2018-02-13_06:00:00;0.1951887551669898
2018-02-13_07:00:00;0.20080385558034897
2018-02-13_08:00:00;0.1914209679189377
2018-02-13_09:00:00;0.15526118447525333
2018-02-13_10:00:00;0.11496323663898746
2018-02-13_11:00:00;0.09922906683249808
2018-02-13_12:00:00;0.10704813988367413
2018-02-13_13:00:00;0.11264037751033398
2018-02-13_14:00:00;0.10848392288839302
2018-02-13_15:00:00;0.09725829461901453
2018-02-13_16:00:00;0.08985989684310641
2018-02-13_17:00:00;0.10554376851885723
2018-02-13_18:00:00;0.1463721330065479
2018-02-13_19:00:00;0.18437008450085965
2018-02-13_20:00:00;0.2032958993305776
2018-02-13_21:00:00;0.2041509675531331
2018-02-13_22:00:00;0.18820646010900977
2018-02-13_23:00:00;0.17574624135786662
2018-02-14_00:00:00;0.1550874272963383
2018-02-14_01:00:00;0.13411767933569888
2018-02-14_02:00:00;0.12094414163953617
2018-02-14_03:00:00;0.1175558766506932
2018-02-14_04:00:00;0.11649047079050372
2018-02-14_05:00:00;0.11922943263708527
2018-02-14_06:00:00;0.1374510736364634
2018-02-14_07:00:00;0.14971467242199218
2018-02-14_08:00:00;0.14855324285766544
2018-02-14_09:00:00;0.13350495665215642
2018-02-14_10:00:00;0.11261751472363464
2018-02-14_11:00:00;0.11976442184584994
2018-02-14_12:00:00;0.14997988074770457
2018-02-14_13:00:00;0.1761623440757947
2018-02-14_14:00:00;0.1867249515308922
2018-02-14_15:00:00;0.18210666861762448
2018-02-14_16:00:00;0.17368859055492555
2018-02-14_17:00:00;0.20187840655521821
2018-02-14_18:00:00;0.2680387387057834
2018-02-14_19:00:00;0.32700186560339467
2018-02-14_20:00:00;0.35441891941324943
2018-02-14_21:00:00;0.3865319896111497
2018-02-14_22:00:00;0.3861524673519406
2018-02-14_23:00:00;0.39143377107948935
2018-02-15_00:00:00;0.38593755715696676
2018-02-15_01:00:00;0.37734114935801294
2018-02-15_02:00:00;0.37790814646815674
2018-02-15_03:00:00;0.38023557815415004
2018-02-15_04:00:00;0.3839805026155028
2018-02-15_05:00:00;0.39023576105644364
2018-02-15_06:00:00;0.4047216227091488
2018-02-15_07:00:00;0.39889161210081575
2018-02-15_08:00:00;0.39517869554084206
2018-02-15_09:00:00;0.38036818231700625
2018-02-15_10:00:00;0.36248033800343854
2018-02-15_11:00:00;0.34993324066283793
2018-02-15_12:00:00;0.33775652046676663
2018-02-15_13:00:00;0.32323407835534257
2018-02-15_14:00:00;0.30601839997073566
2018-02-15_15:00:00;0.2977969418736511
2018-02-15_16:00:00;0.2929271683066906
2018-02-15_17:00:00;0.2837180378241943
2018-02-15_18:00:00;0.27978563851190696
2018-02-15_19:00:00;0.26835424516223433
2018-02-15_20:00:00;0.25752185682408457
2018-02-15_21:00:00;0.24919980246552292
2018-02-15_22:00:00;0.24024216263671946
2018-02-15_23:00:00;0.2368538976478765
2018-02-16_00:00:00;0.2318012217873212
2018-02-16_01:00:00;0.23577020155832754
2018-02-16_02:00:00;0.24500676738486302
2018-02-16_03:00:00;0.2522405530965358
2018-02-16_04:00:00;0.2475033836924315
2018-02-16_05:00:00;0.2470735633024838
2018-02-16_06:00:00;0.25984928851007794
2018-02-16_07:00:00;0.2674534513662801
2018-02-16_08:00:00;0.2546960163880455
2018-02-16_09:00:00;0.22405073709624318
2018-02-16_10:00:00;0.19347861872187877
2018-02-16_11:00:00;0.19958298277060393
2018-02-16_12:00:00;0.2321441635878114
2018-02-16_13:00:00;0.2611936203679994
2018-02-16_14:00:00;0.26878406555218204
2018-02-16_15:00:00;0.2376358049529941
2018-02-16_16:00:00;0.1897794198339247
2018-02-16_17:00:00;0.16812378827230492
2018-02-16_18:00:00;0.16968760288254015
2018-02-16_19:00:00;0.1734188096718733
2018-02-16_20:00:00;0.16862219702235065
2018-02-16_21:00:00;0.14955920547243662
2018-02-16_22:00:00;0.13370614917511064
2018-02-16_23:00:00;0.12260397995390862
2018-02-17_00:00:00;0.11462029483849727
2018-02-17_01:00:00;0.1096087719940008
2018-02-17_02:00:00;0.10001097413761569
2018-02-17_03:00:00;0.0795076270256429
2018-02-17_04:00:00;0.06825456341222519
2018-02-17_05:00:00;0.06810366902000951
2018-02-17_06:00:00;0.06740864030434941
2018-02-17_07:00:00;0.07220982551121191
2018-02-17_08:00:00;0.07131360427259757
2018-02-17_09:00:00;0.06628379119874163
2018-02-17_10:00:00;0.05478838204631086
2018-02-17_11:00:00;0.046978454109814535
2018-02-17_12:00:00;0.037819621758056844
2018-02-17_13:00:00;0.035967736035409884
2018-02-17_14:00:00;0.0392736949921352
2018-02-17_15:00:00;0.04396056626550097
2018-02-17_16:00:00;0.049383619270585655
2018-02-17_17:00:00;0.05263470753923254
2018-02-17_18:00:00;0.06176153198961115
2018-02-17_19:00:00;0.06252514906536928
2018-02-17_20:00:00;0.06150089622123862
2018-02-17_21:00:00;0.057120386289644075
2018-02-17_22:00:00;0.05311025350257892
2018-02-17_23:00:00;0.04912298350221312
2018-02-18_00:00:00;0.04433551596737023
2018-02-18_01:00:00;0.04455042616234407
2018-02-18_02:00:00;0.0481215934447818
2018-02-18_03:00:00;0.055259355452317374
2018-02-18_04:00:00;0.061688371072173245
2018-02-18_05:00:00;0.06563906061382009
2018-02-18_06:00:00;0.07134561217397666
2018-02-18_07:00:00;0.07660405311482606
2018-02-18_08:00:00;0.08092511980100231
2018-02-18_09:00:00;0.07481161063759739
2018-02-18_10:00:00;0.055149614076160515
2018-02-18_11:00:00;0.049484215532062774
2018-02-18_12:00:00;0.05531879869773567
2018-02-18_13:00:00;0.05884881296411457
2018-02-18_14:00:00;0.061894136152467354
2018-02-18_15:00:00;0.05856988696638256
2018-02-18_16:00:00;0.0547975271609906
2018-02-18_17:00:00;0.06836887734572192
2018-02-18_18:00:00;0.09321615393057028
2018-02-18_19:00:00;0.11995646925412444
2018-02-18_20:00:00;0.13751966199656143
2018-02-18_21:00:00;0.14776676299520797
2018-02-18_22:00:00;0.1446711416761166
2018-02-18_23:00:00;0.1377162819621758
2018-02-19_00:00:00;0.13385704356732633
2018-02-19_01:00:00;0.12414035922010462
2018-02-19_02:00:00;0.11474375388667374
2018-02-19_03:00:00;0.10491732816329517
2018-02-19_04:00:00;0.09595054321981197
2018-02-19_05:00:00;0.08610582726707393
2018-02-19_06:00:00;0.07582671836704832
2018-02-19_07:00:00;0.06960804038482643
2018-02-19_08:00:00;0.0612219702235066
2018-02-19_09:00:00;0.04167886015290632
2018-02-19_10:00:00;0.023329187548011852
2018-02-19_11:00:00;0.014833376010535172
2018-02-19_12:00:00;0.011330797088195486
2018-02-19_13:00:00;0.009099389106339393
2018-02-19_14:00:00;0.007979112558071478
2018-02-19_15:00:00;0.006941142041921206
2018-02-19_16:00:00;0.007485276365365621
2018-02-19_17:00:00;0.011815488166221605
2018-02-19_18:00:00;0.01666239894648279
2018-02-19_19:00:00;0.020389033178476058
2018-02-19_20:00:00;0.02486556681420785
2018-02-19_21:00:00;0.027188425942861322
2018-02-19_22:00:00;0.027897172330541026
2018-02-19_23:00:00;0.026273914474887514
2018-02-20_00:00:00;0.0245774957017961
2018-02-20_01:00:00;0.022693602077770055
2018-02-20_02:00:00;0.02423455390130592
2018-02-20_03:00:00;0.030814463913377475
2018-02-20_04:00:00;0.03709258514101767
2018-02-20_05:00:00;0.04399714672421992
2018-02-20_06:00:00;0.05044445257343527
2018-02-20_07:00:00;0.059077440831108025
2018-02-20_08:00:00;0.060577239638585065
2018-02-20_09:00:00;0.04691901086439624
2018-02-20_10:00:00;0.03335680579434466
2018-02-20_11:00:00;0.03319676628744925
2018-02-20_12:00:00;0.04058601894867762
2018-02-20_13:00:00;0.04659435929326554
2018-02-20_14:00:00;0.058213227493872775
2018-02-20_15:00:00;0.08262153857409373
2018-02-20_16:00:00;0.100628269378498
2018-02-20_17:00:00;0.11676939678823572
2018-02-20_18:00:00;0.14741467608003805
2018-02-20_19:00:00;0.17169952811208253
2018-02-20_20:00:00;0.17796850422504298
2018-02-20_21:00:00;0.16707210008413506
2018-02-20_22:00:00;0.15080751362622088
2018-02-20_23:00:00;0.13715385740937192
2018-02-21_00:00:00;0.12967772615868603
2018-02-21_01:00:00;0.12585049566521564
2018-02-21_02:00:00;0.12651351647949666
2018-02-21_03:00:00;0.12390258623843144
2018-02-21_04:00:00;0.12011650876101987
2018-02-21_05:00:00;0.11510498591652339
2018-02-21_06:00:00;0.10848392288839302
2018-02-21_07:00:00;0.10959048176464133
2018-02-21_08:00:00;0.10147419248637378
2018-02-21_09:00:00;0.0799054395142115
2018-02-21_10:00:00;0.06570764897391813
2018-02-21_11:00:00;0.06022515272341515
2018-02-21_12:00:00;0.06529154625599005
2018-02-21_13:00:00;0.07766488641767567
2018-02-21_14:00:00;0.08985532428576655
2018-02-21_15:00:00;0.10994256867981124
2018-02-21_16:00:00;0.1268290229359476
2018-02-21_17:00:00;0.14531129970369827
2018-02-21_18:00:00;0.17861323480996452
2018-02-21_19:00:00;0.20608515930789773
2018-02-21_20:00:00;0.21587043201521747
2018-02-21_21:00:00;0.2161767933569887
2018-02-21_22:00:00;0.2077449976222702
2018-02-21_23:00:00;0.20235395251856458
2018-02-22_00:00:00;0.19743845337820537
2018-02-22_01:00:00;0.1921159966345978
2018-02-22_02:00:00;0.18912554413432345
2018-02-22_03:00:00;0.18904781065954568
2018-02-22_04:00:00;0.1926464132860226
2018-02-22_05:00:00;0.18921242272378094
2018-02-22_06:00:00;0.18790009876723854
2018-02-22_07:00:00;0.18424662545268317
2018-02-22_08:00:00;0.1661941690748802
2018-02-22_09:00:00;0.14767988440575044
2018-02-22_10:00:00;0.16057449610418115
2018-02-22_11:00:00;0.18276511687456562
2018-02-22_12:00:00;0.20559589567253173
2018-02-22_13:00:00;0.22191535281852434
2018-02-22_14:00:00;0.2250658448256941
2018-02-22_15:00:00;0.2261449683579032
2018-02-22_16:00:00;0.22063503676336102
2018-02-22_17:00:00;0.21453067271463583
2018-02-22_18:00:00;0.22727896257819072
2018-02-22_19:00:00;0.24279364963236638
2018-02-22_20:00:00;0.24448549584811793
2018-02-22_21:00:00;0.23630061820975234
2018-02-22_22:00:00;0.2303288583238834
2018-02-22_23:00:00;0.22705490726853714
2018-02-23_00:00:00;0.22253264805940667
2018-02-23_01:00:00;0.21722848154515859
2018-02-23_02:00:00;0.21371218495079927
2018-02-23_03:00:00;0.21234041774883858
2018-02-23_04:00:00;0.21548633719866847
2018-02-23_05:00:00;0.22029209496287083
2018-02-23_06:00:00;0.2281843289314848
2018-02-23_07:00:00;0.23365310750996818
2018-02-23_08:00:00;0.2053947031495775
2018-02-23_09:00:00;0.1986456085159308
2018-02-23_10:00:00;0.22797399129385082
2018-02-23_11:00:00;0.24573837655924205
2018-02-23_12:00:00;0.24795149431173866
2018-02-23_13:00:00;0.2528075502066796
2018-02-23_14:00:00;0.25752642938142445
2018-02-23_15:00:00;0.2643715477192084
2018-02-23_16:00:00;0.2623321871456268
2018-02-23_17:00:00;0.26141310312031313
2018-02-23_18:00:00;0.27723415151626
2018-02-23_19:00:00;0.29403372718293885
2018-02-23_20:00:00;0.30211343600248747
2018-02-23_21:00:00;0.30368182317006254
2018-02-23_22:00:00;0.2970470424699126
2018-02-23_23:00:00;0.2949985367816512
2018-02-24_00:00:00;0.29001902183853384
2018-02-24_01:00:00;0.28725262464791307
2018-02-24_02:00:00;0.2851538208289132
2018-02-24_03:00:00;0.28362201412005705
2018-02-24_04:00:00;0.28838204631086073
2018-02-24_05:00:00;0.30949354354903613
2018-02-24_06:00:00;0.3388310714416359
2018-02-24_07:00:00;0.3604684127738962
2018-02-24_08:00:00;0.3596819329114387
2018-02-24_09:00:00;0.3965367450707832
2018-02-24_10:00:00;0.4564555364524271
2018-02-24_11:00:00;0.4788473497457658
2018-02-24_12:00:00;0.48498372169587006
2018-02-24_13:00:00;0.46889289241687093
2018-02-24_14:00:00;0.46198833083366864
2018-02-24_15:00:00;0.504051285803124
2018-02-24_16:00:00;0.5129997805172477
2018-02-24_17:00:00;0.4877135384277719
2018-02-24_18:00:00;0.46436606065040054
2018-02-24_19:00:00;0.44741559059150604
2018-02-24_20:00:00;0.43590646376705566
2018-02-24_21:00:00;0.4246396824816183
2018-02-24_22:00:00;0.3925174671690383
2018-02-24_23:00:00;0.3577340234846545
2018-02-25_00:00:00;0.3299374474155906
2018-02-25_01:00:00;0.30823609028057214
2018-02-25_02:00:00;0.291445659728573
2018-02-25_03:00:00;0.273114277353038
2018-02-25_04:00:00;0.2551715623513919
2018-02-25_05:00:00;0.2394694004462816
2018-02-25_06:00:00;0.22801057175256978
2018-02-25_07:00:00;0.20906189413615248
2018-02-25_08:00:00;0.1764595603028862
2018-02-25_09:00:00;0.17248600797454
2018-02-25_10:00:00;0.1795780444086769
2018-02-25_11:00:00;0.18712733657680067
2018-02-25_12:00:00;0.1870221677579837
2018-02-25_13:00:00;0.1991943153967151
2018-02-25_14:00:00;0.2101227274390021
2018-02-25_15:00:00;0.22470918535318432
2018-02-25_16:00:00;0.2436029922815232
2018-02-25_17:00:00;0.25320993525258806
2018-02-25_18:00:00;0.26217672019607124
2018-02-25_19:00:00;0.2750301788784431
2018-02-25_20:00:00;0.28659417639097196
2018-02-25_21:00:00;0.27938325346599846
2018-02-25_22:00:00;0.2626019680286791
2018-02-25_23:00:00;0.25814829717964666
2018-02-26_00:00:00;0.24389563595127484
2018-02-26_01:00:00;0.2331181183012035
2018-02-26_02:00:00;0.22513900574313203
2018-02-26_03:00:00;0.22081793905695576
2018-02-26_04:00:00;0.22089567253173356
2018-02-26_05:00:00;0.22240461645389034
2018-02-26_06:00:00;0.21891118264623038
2018-02-26_07:00:00;0.20821139847093684
2018-02-26_08:00:00;0.1882156052236895
2018-02-26_09:00:00;0.2099306800307276
2018-02-26_10:00:00;0.2566027727987709
2018-02-26_11:00:00;0.2832242016314885
2018-02-26_12:00:00;0.29621483703405643
2018-02-26_13:00:00;0.31851519918059773
2018-02-26_14:00:00;0.34036745070783186
2018-02-26_15:00:00;0.3406463767055639
2018-02-26_16:00:00;0.3278432161539306
2018-02-26_17:00:00;0.31421242272378097
2018-02-26_18:00:00;0.3012858031239712
2018-02-26_19:00:00;0.29208581775615466
2018-02-26_20:00:00;0.27941526136737754
2018-02-26_21:00:00;0.26039342283352235
2018-02-26_22:00:00;0.23584336247576546
2018-02-26_23:00:00;0.21484160661374693
2018-02-27_00:00:00;0.20312671470900245
2018-02-27_01:00:00;0.19094084939825146
2018-02-27_02:00:00;0.18276968943190547
2018-02-27_03:00:00;0.1777444489153894
2018-02-27_04:00:00;0.1777856019314482
2018-02-27_05:00:00;0.17432417602516737
2018-02-27_06:00:00;0.17846234041774883
2018-02-27_07:00:00;0.1732404799356184
2018-02-27_08:00:00;0.15323554157369135
2018-02-27_09:00:00;0.1517174525368548
2018-02-27_10:00:00;0.1582927899915865
2018-02-27_11:00:00;0.1679225957493507
2018-02-27_12:00:00;0.17803709258514103
2018-02-27_13:00:00;0.18543549036104912
2018-02-27_14:00:00;0.19633189450195707
2018-02-27_15:00:00;0.19823407835534257
2018-02-27_16:00:00;0.2056141859018912
2018-02-27_17:00:00;0.21782291399934156
2018-02-27_18:00:00;0.2501143139334967
2018-02-27_19:00:00;0.2878744924461353
2018-02-27_20:00:00;0.3221549548231335
2018-02-27_21:00:00;0.3365676555584007
2018-02-27_22:00:00;0.32077861506383293
2018-02-27_23:00:00;0.3077331089731865
2018-02-28_00:00:00;0.2920218019533965
2018-02-28_01:00:00;0.28146376705563886
2018-02-28_02:00:00;0.2676500713318945
2018-02-28_03:00:00;0.2500548706880784
2018-02-28_04:00:00;0.2566713611588689
2018-02-28_05:00:00;0.2618063430515419
2018-02-28_06:00:00;0.2704987745546329
2018-02-28_07:00:00;0.2719482752313714
2018-02-28_08:00:00;0.2535711672824377
2018-02-28_09:00:00;0.28220452134469765
2018-02-28_10:00:00;0.3244503786077477
2018-02-28_11:00:00;0.34594139810513225
2018-02-28_12:00:00;0.34648553242857666
2018-02-28_13:00:00;0.3490964626696419
2018-02-28_14:00:00;0.3660926583019351
2018-02-28_15:00:00;0.3946391337747375
2018-02-28_16:00:00;0.4109082927899916
2018-02-28_17:00:00;0.42570051578446794
2018-02-28_18:00:00;0.45208874419285217
2018-02-28_19:00:00;0.4895379888063796
2018-02-28_20:00:00;0.5187886381095219
2018-02-28_21:00:00;0.5203158722610381
2018-02-28_22:00:00;0.4979240589676995
2018-02-28_23:00:00;0.49135329407030764
2018-03-01_00:00:00;0.4924278450451769
2018-03-01_01:00:00;0.4886143322237261
2018-03-01_02:00:00;0.47755788857592274
2018-03-01_03:00:00;0.4682893148480082
2018-03-01_04:00:00;0.4688243040567729
2018-03-01_05:00:00;0.465326297691773
2018-03-01_06:00:00;0.483657680067308
2018-03-01_07:00:00;0.47856385119069395
2018-03-01_08:00:00;0.4544801916816037
2018-03-01_09:00:00;0.45662472107400226
2018-03-01_10:00:00;0.48031514065186376
2018-03-01_11:00:00;0.5034888612503201
2018-03-01_12:00:00;0.5027846874199803
2018-03-01_13:00:00;0.5049703698284377
2018-03-01_14:00:00;0.5324651571130702
2018-03-01_15:00:00;0.5569877821267879
2018-03-01_16:00:00;0.5631058638475327
2018-03-01_17:00:00;0.5547197936862128
2018-03-01_18:00:00;0.5611853897647876
2018-03-01_19:00:00;0.5515281486629843
2018-03-01_20:00:00;0.5476826279401543
2018-03-01_21:00:00;0.5343856311958152
2018-03-01_22:00:00;0.48956542415041887
2018-03-01_23:00:00;0.4634149687237078
2018-03-02_00:00:00;0.44334601455902256
2018-03-02_01:00:00;0.430936093938618
2018-03-02_02:00:00;0.41280590408603723
2018-03-02_03:00:00;0.39880473351135826
2018-03-02_04:00:00;0.3914246259648096
2018-03-02_05:00:00;0.3812049603102023
2018-03-02_06:00:00;0.3924534513662801
2018-03-02_07:00:00;0.38771170940483596
2018-03-02_08:00:00;0.359951713794491
2018-03-02_09:00:00;0.34263543914840694
2018-03-02_10:00:00;0.33678256575337456
2018-03-02_11:00:00;0.34171635512309323
2018-03-02_12:00:00;0.33175732523685847
2018-03-02_13:00:00;0.3112356878955262
2018-03-02_14:00:00;0.3246927241467608
2018-03-02_15:00:00;0.31886728609576764
2018-03-02_16:00:00;0.3130509931594542
2018-03-02_17:00:00;0.3068003072758532
2018-03-02_18:00:00;0.30858817719574205
2018-03-02_19:00:00;0.32072374437575446
2018-03-02_20:00:00;0.3201841826096499
2018-03-02_21:00:00;0.3117112338588726
2018-03-02_22:00:00;0.2791591981563449
2018-03-02_23:00:00;0.25384094816549
2018-03-03_00:00:00;0.2329535062369682
2018-03-03_01:00:00;0.22402330175220397
2018-03-03_02:00:00;0.22086366463035448
2018-03-03_03:00:00;0.22006346709587737
2018-03-03_04:00:00;0.22655192596115156
2018-03-03_05:00:00;0.2315954567070271
2018-03-03_06:00:00;0.23671672092768042
2018-03-03_07:00:00;0.23865548523978491
2018-03-03_08:00:00;0.22193364304788382
2018-03-03_09:00:00;0.2183350404214069
2018-03-03_10:00:00;0.24244156271719647
2018-03-03_11:00:00;0.25381808537879064
2018-03-03_12:00:00;0.24716044189194133
2018-03-03_13:00:00;0.24361670995354281
2018-03-03_14:00:00;0.25220397263781685
2018-03-03_15:00:00;0.26391886454256136
2018-03-03_16:00:00;0.26091012181292755
2018-03-03_17:00:00;0.2459990123276146
2018-03-03_18:00:00;0.2568222555510846
2018-03-03_19:00:00;0.2773530380070966
2018-03-03_20:00:00;0.2969693089951348
2018-03-03_21:00:00;0.30236949921352013
2018-03-03_22:00:00;0.2884963602443575
2018-03-03_23:00:00;0.28233712550755385
2018-03-04_00:00:00;0.2726981746351099
2018-03-04_01:00:00;0.2616371584299667
2018-03-04_02:00:00;0.25269780883052273
2018-03-04_03:00:00;0.23737516918462157
2018-03-04_04:00:00;0.23372626842740607
2018-03-04_05:00:00;0.2335159307897721
2018-03-04_06:00:00;0.23259227420711856
2018-03-04_07:00:00;0.21983026667154407
2018-03-04_08:00:00;0.1970772213483557
2018-03-04_09:00:00;0.16687548011852069
2018-03-04_10:00:00;0.1474329663093975
2018-03-04_11:00:00;0.13911548450817574
2018-03-04_12:00:00;0.13908804916413653
2018-03-04_13:00:00;0.14493177744448915
2018-03-04_14:00:00;0.1606385119069393
2018-03-04_15:00:00;0.1797243662435527
2018-03-04_16:00:00;0.20553645242711344
2018-03-04_17:00:00;0.25433021180085597
2018-03-04_18:00:00;0.32878973552328344
2018-03-04_19:00:00;0.38233438197314995
2018-03-04_20:00:00;0.3978216336832864
2018-03-04_21:00:00;0.4020192413212862
2018-03-04_22:00:00;0.39900592603431245
2018-03-04_23:00:00;0.3961206423528551
2018-03-05_00:00:00;0.3809488970991696
2018-03-05_01:00:00;0.36851154113472584
2018-03-05_02:00:00;0.3426491568204265
2018-03-05_03:00:00;0.30970845374400996
2018-03-05_04:00:00;0.2847834436843838
2018-03-05_05:00:00;0.25741668800526757
2018-03-05_06:00:00;0.24534513662801333
2018-03-05_07:00:00;0.2332918754801185
2018-03-05_08:00:00;0.21741138383875333
2018-03-05_09:00:00;0.19261440538464353
2018-03-05_10:00:00;0.1724128470571021
2018-03-05_11:00:00;0.15422778651644292
2018-03-05_12:00:00;0.1426226359878553
2018-03-05_13:00:00;0.13141529794783627
2018-03-05_14:00:00;0.11276840911585032
2018-03-05_15:00:00;0.0993433807659948
2018-03-05_16:00:00;0.09090701247393643
2018-03-05_17:00:00;0.09352708782968139
2018-03-05_18:00:00;0.11834235651315067
2018-03-05_19:00:00;0.14861268610308373
2018-03-05_20:00:00;0.17627665800929143
2018-03-05_21:00:00;0.18457584958115375
2018-03-05_22:00:00;0.17061583202253355
2018-03-05_23:00:00;0.15161228371803784
2018-03-06_00:00:00;0.14179043055199914
2018-03-06_01:00:00;0.1299337893697187
2018-03-06_02:00:00;0.11913798149028788
2018-03-06_03:00:00;0.11511413103120313
2018-03-06_04:00:00;0.11838808208654937
2018-03-06_05:00:00;0.12031770128397411
2018-03-06_06:00:00;0.11989702600870615
2018-03-06_07:00:00;0.11603321505651681
2018-03-06_08:00:00;0.1012638548487398
2018-03-06_09:00:00;0.06926052602699638
2018-03-06_10:00:00;0.04333412590993891
2018-03-06_11:00:00;0.041985221494677545
2018-03-06_12:00:00;0.050462742802794745
2018-03-06_13:00:00;0.05799374474155906
2018-03-06_14:00:00;0.06143688041848045
2018-03-06_15:00:00;0.06766013095804221
2018-03-06_16:00:00;0.07050426162344076
2018-03-06_17:00:00;0.0814281011083879
2018-03-06_18:00:00;0.10143761202765483
2018-03-06_19:00:00;0.11865786296960164
2018-03-06_20:00:00;0.12372425650217654
2018-03-06_21:00:00;0.11444196510224239
2018-03-06_22:00:00;0.09939825145407323
2018-03-06_23:00:00;0.08187621172769506
2018-03-07_00:00:00;0.07027106119910743
2018-03-07_01:00:00;0.06784760580897685
2018-03-07_02:00:00;0.06967662874492446
2018-03-07_03:00:00;0.07045853605004207
2018-03-07_04:00:00;0.0715468046969309
2018-03-07_05:00:00;0.07209093902037532
2018-03-07_06:00:00;0.07991458462889124
2018-03-07_07:00:00;0.08790284230164246
2018-03-07_08:00:00;0.09179408859787101
2018-03-07_09:00:00;0.08943922156783846
2018-03-07_10:00:00;0.09499487873577935
2018-03-07_11:00:00;0.10397995390862201
2018-03-07_12:00:00;0.11095767640926217
2018-03-07_13:00:00;0.1167145261001573
2018-03-07_14:00:00;0.11984672787796759
2018-03-07_15:00:00;0.12665983831437247
2018-03-07_16:00:00;0.12623459048176464
2018-03-07_17:00:00;0.12199582982770604
2018-03-07_18:00:00;0.13068826133079708
2018-03-07_19:00:00;0.14725006401580276
2018-03-07_20:00:00;0.16245381717086732
2018-03-07_21:00:00;0.17989355086512784
2018-03-07_22:00:00;0.18827962102644769
2018-03-07_23:00:00;0.20733346746168196
2018-03-08_00:00:00;0.22887021253246514
2018-03-08_01:00:00;0.2537677872480521
2018-03-08_02:00:00;0.27004609137798585
2018-03-08_03:00:00;0.2768957822731097
2018-03-08_04:00:00;0.2846462669641877
2018-03-08_05:00:00;0.288267732377364
2018-03-08_06:00:00;0.2964983355891283
2018-03-08_07:00:00;0.29922357976369024
2018-03-08_08:00:00;0.30110747338771626
2018-03-08_09:00:00;0.3027353038007097
2018-03-08_10:00:00;0.3169148041116436
2018-03-08_11:00:00;0.3367002597212569
2018-03-08_12:00:00;0.35371017302556973
2018-03-08_13:00:00;0.3535821414200534
2018-03-08_14:00:00;0.34996067600687714
2018-03-08_15:00:00;0.33400702344807404
2018-03-08_16:00:00;0.3319630903171526
2018-03-08_17:00:00;0.3457722134835571
2018-03-08_18:00:00;0.38829242418699933
2018-03-08_19:00:00;0.44498756264403555
2018-03-08_20:00:00;0.47463145187840655
2018-03-08_21:00:00;0.5003703771445294
2018-03-08_22:00:00;0.49381332991915716
2018-03-08_23:00:00;0.491339576398288
2018-03-09_00:00:00;0.48195668873687675
2018-03-09_01:00:00;0.4633326626915902
2018-03-09_02:00:00;0.4419376668983429
2018-03-09_03:00:00;0.44135237955883966
2018-03-09_04:00:00;0.43383509529209496
2018-03-09_05:00:00;0.42533013863993857
2018-03-09_06:00:00;0.41918462157515457
2018-03-09_07:00:00;0.3967013571350185
2018-03-09_08:00:00;0.35585927497530817
2018-03-09_09:00:00;0.3277014668763946
2018-03-09_10:00:00;0.31769671141676115
2018-03-09_11:00:00;0.30176592164465743
2018-03-09_12:00:00;0.2823782785236127
2018-03-09_13:00:00;0.2459807220982551
2018-03-09_14:00:00;0.1968303032520028
2018-03-09_15:00:00;0.15571844020924022
2018-03-09_16:00:00;0.10597358890880491
2018-03-09_17:00:00;0.07245674360756484
2018-03-09_18:00:00;0.060586384753264805
2018-03-09_19:00:00;0.06980008779310093
2018-03-09_20:00:00;0.07746369389472144
2018-03-09_21:00:00;0.08664538903317848
2018-03-09_22:00:00;0.09186267695796906
2018-03-09_23:00:00;0.1006877126239163
2018-03-10_00:00:00;0.1108067820170465
2018-03-10_01:00:00;0.12430954384167978
2018-03-10_02:00:00;0.13923437099901234
2018-03-10_03:00:00;0.15513315286973697
2018-03-10_04:00:00;0.1724265647291217
2018-03-10_05:00:00;0.1924269305337089
2018-03-10_06:00:00;0.21237242565021766
2018-03-10_07:00:00;0.220356110765629
2018-03-10_08:00:00;0.212395288436917
2018-03-10_09:00:00;0.1913478070014998
2018-03-10_10:00:00;0.16437886381095218
2018-03-10_11:00:00;0.15090353733035813
2018-03-10_12:00:00;0.14671507480703808
2018-03-10_13:00:00;0.14682024362585508
2018-03-10_14:00:00;0.1453707429491166
2018-03-10_15:00:00;0.1513653656216849
2018-03-10_16:00:00;0.16157588616161248
2018-03-10_17:00:00;0.17541701722939607
2018-03-10_18:00:00;0.20204759117679336
2018-03-10_19:00:00;0.22375809342649156
2018-03-10_20:00:00;0.2264559022570143
2018-03-10_21:00:00;0.21776804331126312
2018-03-10_22:00:00;0.19704521344697662
2018-03-10_23:00:00;0.18272396385850678
2018-03-11_00:00:00;0.16419138896001756
2018-03-11_01:00:00;0.1475975783736328
2018-03-11_02:00:00;0.13998427040275085
2018-03-11_03:00:00;0.13985623879723452
2018-03-11_04:00:00;0.14238029044884223
2018-03-11_05:00:00;0.14619837582763287
2018-03-11_06:00:00;0.15893294801916816
2018-03-11_07:00:00;0.16938124154076892
2018-03-11_08:00:00;0.1779959395690822
2018-03-11_09:00:00;0.16508761019863188
2018-03-11_10:00:00;0.16546713245784103
2018-03-11_11:00:00;0.17324505249295827
2018-03-11_12:00:00;0.18503767787248052
2018-03-11_13:00:00;0.18884204557925158
2018-03-11_14:00:00;0.17256831400665765
2018-03-11_15:00:00;0.1612329443611223
2018-03-11_16:00:00;0.16361981929253394
2018-03-11_17:00:00;0.16585122727439003
2018-03-11_18:00:00;0.1883619270585653
2018-03-11_19:00:00;0.21228554706076014
2018-03-11_20:00:00;0.21686267695796904
2018-03-11_21:00:00;0.2035931155576691
2018-03-11_22:00:00;0.1679637487654095
2018-03-11_23:00:00;0.13326718367048324
2018-03-12_00:00:00;0.11299703698284376
2018-03-12_01:00:00;0.10183085195888357
2018-03-12_02:00:00;0.09299667117825658
2018-03-12_03:00:00;0.09349965248564217
2018-03-12_04:00:00;0.09659527380473351
2018-03-12_05:00:00;0.10583641218860884
2018-03-12_06:00:00;0.11557138676519003
2018-03-12_07:00:00;0.12564473058492154
2018-03-12_08:00:00;0.12548469107802612
2018-03-12_09:00:00;0.12756520466766652
2018-03-12_10:00:00;0.12847514357830048
2018-03-12_11:00:00;0.13416797746643744
2018-03-12_12:00:00;0.14318963309799904
2018-03-12_13:00:00;0.1621200204850569
2018-03-12_14:00:00;0.1668160368731024
2018-03-12_15:00:00;0.17847605808976844
2018-03-12_16:00:00;0.19067564107253904
2018-03-12_17:00:00;0.1971961078391923
2018-03-12_18:00:00;0.2202235066027728
2018-03-12_19:00:00;0.25159124995427445
2018-03-12_20:00:00;0.2722729268025021
2018-03-12_21:00:00;0.2893742912536123
2018-03-12_22:00:00;0.29687328529099755
2018-03-12_23:00:00;0.3098181951201668
2018-03-13_00:00:00;0.3200012803160552
2018-03-13_01:00:00;0.3321505651680872
2018-03-13_02:00:00;0.3396221238614332
2018-03-13_03:00:00;0.34740004389655044
2018-03-13_04:00:00;0.34490342758898196
2018-03-13_05:00:00;0.3527407908695175
2018-03-13_06:00:00;0.36006602772798774
2018-03-13_07:00:00;0.35673720598456304
2018-03-13_08:00:00;0.3540439697113802
2018-03-13_09:00:00;0.3536415846654717
2018-03-13_10:00:00;0.3609851117533014
2018-03-13_11:00:00;0.36261294216629475
2018-03-13_12:00:00;0.3516662398946483
2018-03-13_13:00:00;0.34269030983648535
2018-03-13_14:00:00;0.3315469875992245
2018-03-13_15:00:00;0.32399312287376086
2018-03-13_16:00:00;0.3123285290997549
2018-03-13_17:00:00;0.3004353074587555
2018-03-13_18:00:00;0.2861186304276256
2018-03-13_19:00:00;0.27514906536927974
2018-03-13_20:00:00;0.2719025496579727
2018-03-13_21:00:00;0.26705563887771155
2018-03-13_22:00:00;0.2458206825913597
2018-03-13_23:00:00;0.22358433624757654
2018-03-14_00:00:00;0.2013937154771921
2018-03-14_01:00:00;0.18129275341112777
2018-03-14_02:00:00;0.17478143175915425
2018-03-14_03:00:00;0.1652339320335077
2018-03-14_04:00:00;0.15532062772067162
2018-03-14_05:00:00;0.14334052749021473
2018-03-14_06:00:00;0.1266369755276731
2018-03-14_07:00:00;0.10325291729158284
2018-03-14_08:00:00;0.07685554376851886
2018-03-14_09:00:00;0.06011541134725829
2018-03-14_10:00:00;0.053617807367304385
2018-03-14_11:00:00;0.042748838570435675
2018-03-14_12:00:00;0.036649047079050374
2018-03-14_13:00:00;0.03418443867286096
2018-03-14_14:00:00;0.033910085232468815
2018-03-14_15:00:00;0.033242491860847934
2018-03-14_16:00:00;0.03547389984270403
2018-03-14_17:00:00;0.04411603321505652
2018-03-14_18:00:00;0.06940684786187219
2018-03-14_19:00:00;0.113198229505798
2018-03-14_20:00:00;0.1453524527197571
2018-03-14_21:00:00;0.17280608698833083
2018-03-14_22:00:00;0.1954539634927022
2018-03-14_23:00:00;0.22114259062808647
2018-03-15_00:00:00;0.2477731645754838
2018-03-15_01:00:00;0.27894428796137105
2018-03-15_02:00:00;0.3028130372754874
2018-03-15_03:00:00;0.31839631268976115
2018-03-15_04:00:00;0.3501847313165307
2018-03-15_05:00:00;0.38271390423235907
2018-03-15_06:00:00;0.4168343271024619
2018-03-15_07:00:00;0.4148681274463182
2018-03-15_08:00:00;0.4186587774810696
2018-03-15_09:00:00;0.42683908256209535
2018-03-15_10:00:00;0.4473515747887479
2018-03-15_11:00:00;0.4597249149504335
2018-03-15_12:00:00;0.46651516260013903
2018-03-15_13:00:00;0.47346544975673993
2018-03-15_14:00:00;0.4798670300325566
2018-03-15_15:00:00;0.4855964443794125
2018-03-15_16:00:00;0.5026429381424443
2018-03-15_17:00:00;0.5113628049895745
2018-03-15_18:00:00;0.5196985770201559
2018-03-15_19:00:00;0.5234572191535282
2018-03-15_20:00:00;0.5223735230639792
2018-03-15_21:00:00;0.5131781102535026
2018-03-15_22:00:00;0.48788272304934704
2018-03-15_23:00:00;0.4735523283461975
2018-03-16_00:00:00;0.4667529355818122
2018-03-16_01:00:00;0.46052968504225045
2018-03-16_02:00:00;0.450872443940447
2018-03-16_03:00:00;0.4439770274719245
2018-03-16_04:00:00;0.4307897721037422
2018-03-16_05:00:00;0.41919376668983427
2018-03-16_06:00:00;0.41809178037092587
2018-03-16_07:00:00;0.40777151845484144
2018-03-16_08:00:00;0.3997832607820902
2018-03-16_09:00:00;0.38837015766177707
2018-03-16_10:00:00;0.3799200716976991
2018-03-16_11:00:00;0.3839667849434832
2018-03-16_12:00:00;0.39013059223762664
2018-03-16_13:00:00;0.3965367450707832
2018-03-16_14:00:00;0.40301605882137764
2018-03-16_15:00:00;0.4118090865859458
2018-03-16_16:00:00;0.4071542232139591
2018-03-16_17:00:00;0.4070490543951421
2018-03-16_18:00:00;0.420496945531697
2018-03-16_19:00:00;0.4326050773676702
2018-03-16_20:00:00;0.4441553572081794
2018-03-16_21:00:00;0.4480877565204668
2018-03-16_22:00:00;0.43615795442074845
2018-03-16_23:00:00;0.443679811244833
2018-03-17_00:00:00;0.45083586348172805
2018-03-17_01:00:00;0.4637944909829169
2018-03-17_02:00:00;0.4817006255258441
2018-03-17_03:00:00;0.49185170282035334
2018-03-17_04:00:00;0.5000868785894576
2018-03-17_05:00:00;0.508171159966346
2018-03-17_06:00:00;0.5307824560119984
2018-03-17_07:00:00;0.547554596334638
2018-03-17_08:00:00;0.5665855799831729
2018-03-17_09:00:00;0.5770201558327541
2018-03-17_10:00:00;0.580481581739035
2018-03-17_11:00:00;0.578145004938362
2018-03-17_12:00:00;0.5806873468193291
2018-03-17_13:00:00;0.5884469766250868
2018-03-17_14:00:00;0.5983374181512237
2018-03-17_15:00:00;0.6058867103193474
2018-03-17_16:00:00;0.6104729853312361
2018-03-17_17:00:00;0.6193666093572814
2018-03-17_18:00:00;0.6388045506090646
2018-03-17_19:00:00;0.645914877272561
2018-03-17_20:00:00;0.6491751106558876
2018-03-17_21:00:00;0.6539214251746717
2018-03-17_22:00:00;0.6341222518930387
2018-03-17_23:00:00;0.6237608369608955
2018-03-18_00:00:00;0.6218129275341113
2018-03-18_01:00:00;0.6139206935654973
2018-03-18_02:00:00;0.6102672202509419
2018-03-18_03:00:00;0.6034586823718769
2018-03-18_04:00:00;0.5959276804331126
2018-03-18_05:00:00;0.5888402165563156
2018-03-18_06:00:00;0.5997960639426418
2018-03-18_07:00:00;0.5880354464644987
2018-03-18_08:00:00;0.5948439843435637
2018-03-18_09:00:00;0.5919907085634853
2018-03-18_10:00:00;0.58240205582178
2018-03-18_11:00:00;0.5754792040092183
2018-03-18_12:00:00;0.5647931375059443
2018-03-18_13:00:00;0.5581126312323956
2018-03-18_14:00:00;0.5502981307385595
2018-03-18_15:00:00;0.5494201997293046
2018-03-18_16:00:00;0.5497174159563961
2018-03-18_17:00:00;0.5413953615978344
2018-03-18_18:00:00;0.5149568350587116
2018-03-18_19:00:00;0.4767531184841058
2018-03-18_20:00:00;0.4479963053736694
2018-03-18_21:00:00;0.413478070014998
2018-03-18_22:00:00;0.3744558656765556
2018-03-18_23:00:00;0.3507197205252954
2018-03-19_00:00:00;0.3206734462450159
2018-03-19_01:00:00;0.2962559900501152
2018-03-19_02:00:00;0.2757160624794235
2018-03-19_03:00:00;0.2554367706771043
2018-03-19_04:00:00;0.2412984233822292
2018-03-19_05:00:00;0.22727439002085087
2018-03-19_06:00:00;0.21956963090317153
2018-03-19_07:00:00;0.18659691992537586
2018-03-19_08:00:00;0.1531806708856129
2018-03-19_09:00:00;0.1415983831437246
2018-03-19_10:00:00;0.12633061418590188
2018-03-19_11:00:00;0.12230676372681713
2018-03-19_12:00:00;0.11332626111131433
2018-03-19_13:00:00;0.10859366426454987
2018-03-19_14:00:00;0.10938928924168709
2018-03-19_15:00:00;0.1156948458133665
2018-03-19_16:00:00;0.12342246771774518
2018-03-19_17:00:00;0.11829205838241212
2018-03-19_18:00:00;0.11074276621428833
2018-03-19_19:00:00;0.11998847715550354
2018-03-19_20:00:00;0.1288089402641109
2018-03-19_21:00:00;0.13695723744375754
2018-03-19_22:00:00;0.14212422723780957
2018-03-19_23:00:00;0.15222500640158027
2018-03-20_00:00:00;0.15736913340893294
2018-03-20_01:00:00;0.16700351172403702
2018-03-20_02:00:00;0.18413231151918644
2018-03-20_03:00:00;0.19532593188718586
2018-03-20_04:00:00;0.210474814354172
2018-03-20_05:00:00;0.22862329443611223
2018-03-20_06:00:00;0.23908987818707247
2018-03-20_07:00:00;0.23442129714306617
2018-03-20_08:00:00;0.23638749679920987
2018-03-20_09:00:00;0.246543146651059
2018-03-20_10:00:00;0.2764796795551816
2018-03-20_11:00:00;0.31225536818231703
2018-03-20_12:00:00;0.33342630866591066
2018-03-20_13:00:00;0.34359567618977943
2018-03-20_14:00:00;0.3526219043786809
2018-03-20_15:00:00;0.34310183999707355
2018-03-20_16:00:00;0.31572136664593775
2018-03-20_17:00:00;0.2751536379266196
2018-03-20_18:00:00;0.23177835900062188
2018-03-20_19:00:00;0.21577440831108022
2018-03-20_20:00:00;0.2036342685737279
2018-03-20_21:00:00;0.1880098401433954
2018-03-20_22:00:00;0.1575703259318872
2018-03-20_23:00:00;0.1348675787394374
2018-03-21_00:00:00;0.11805428540073892
2018-03-21_01:00:00;0.10139645901159601
2018-03-21_02:00:00;0.09659070124739365
2018-03-21_03:00:00;0.09226048944653766
2018-03-21_04:00:00;0.08786168928558365
2018-03-21_05:00:00;0.08566228920510663
2018-03-21_06:00:00;0.08759648095987124
2018-03-21_07:00:00;0.0833622928631525
2018-03-21_08:00:00;0.06807166111863043
2018-03-21_09:00:00;0.05836412188608845
2018-03-21_10:00:00;0.06926967114167612
2018-03-21_11:00:00;0.09245253685481215
2018-03-21_12:00:00;0.11524673519405933
2018-03-21_13:00:00;0.13024015071148992
2018-03-21_14:00:00;0.1446848593481362
2018-03-21_15:00:00;0.14915682042652814
2018-03-21_16:00:00;0.14695284778871126
2018-03-21_17:00:00;0.13971906207703844
2018-03-21_18:00:00;0.15245363426857372
2018-03-21_19:00:00;0.1826919559571277
2018-03-21_20:00:00;0.21333266269159015
2018-03-21_21:00:00;0.2358204996890661
2018-03-21_22:00:00;0.24638767970150346
2018-03-21_23:00:00;0.26112960456524126
2018-03-22_00:00:00;0.27007809927936494
2018-03-22_01:00:00;0.28399696382192635
2018-03-22_02:00:00;0.30938837473021913
2018-03-22_03:00:00;0.3433579032081062
2018-03-22_04:00:00;0.36755130409335335
2018-03-22_05:00:00;0.3923208472034239
2018-03-22_06:00:00;0.4160341295679848
2018-03-22_07:00:00;0.418366133811318
2018-03-22_08:00:00;0.41317628123056666
2018-03-22_09:00:00;0.4047536306105279
2018-03-22_10:00:00;0.3898425211252149
2018-03-22_11:00:00;0.37130080111204594
2018-03-22_12:00:00;0.3448577020155833
2018-03-22_13:00:00;0.298743461243004
2018-03-22_14:00:00;0.25273896184658157
2018-03-22_15:00:00;0.21845392691224347
2018-03-22_16:00:00;0.18981600029264367
2018-03-22_17:00:00;0.164246259648096
2018-03-22_18:00:00;0.14750155466949555
2018-03-22_19:00:00;0.13795862750118887
2018-03-22_20:00:00;0.12829681384204558
2018-03-22_21:00:00;0.1175421589786736
2018-03-22_22:00:00;0.10396623623660241
2018-03-22_23:00:00;0.0951503456853349
2018-03-23_00:00:00;0.085858909170721
2018-03-23_01:00:00;0.08017979295460365
2018-03-23_02:00:00;0.07460584555730329
2018-03-23_03:00:00;0.06848319127921865
2018-03-23_04:00:00;0.06391520649668947
2018-03-23_05:00:00;0.05898598968431064
2018-03-23_06:00:00;0.05288619819292534
2018-03-23_07:00:00;0.04629257050883418
2018-03-23_08:00:00;0.04140450671251417
2018-03-23_09:00:00;0.04032538318030508
2018-03-23_10:00:00;0.04558382412115448
2018-03-23_11:00:00;0.05476551925961152
2018-03-23_12:00:00;0.0635265391228006
2018-03-23_13:00:00;0.06738577751765007
2018-03-23_14:00:00;0.06771042908878078
2018-03-23_15:00:00;0.06660387021253246
2018-03-23_16:00:00;0.06595913962761094
2018-03-23_17:00:00;0.06258001975344771
2018-03-23_18:00:00;0.06054523173720598
2018-03-23_19:00:00;0.06054523173720598
2018-03-23_20:00:00;0.06297783224201632
2018-03-23_21:00:00;0.06360427259757838
2018-03-23_22:00:00;0.0629641145699967
2018-03-23_23:00:00;0.05888539342283352
2018-03-24_00:00:00;0.05616472180561144
2018-03-24_01:00:00;0.056457365475363064
2018-03-24_02:00:00;0.0558903683652193
2018-03-24_03:00:00;0.05465120532611479
2018-03-24_04:00:00;0.05583549767714087
2018-03-24_05:00:00;0.05793430149614076
2018-03-24_06:00:00;0.05899513479899038
2018-03-24_07:00:00;0.05261641730987306
2018-03-24_08:00:00;0.03822200680396532
2018-03-24_09:00:00;0.029671324578410214
2018-03-24_10:00:00;0.03745838972820719
2018-03-24_11:00:00;0.043256392435161134
2018-03-24_12:00:00;0.04031166550828547
2018-03-24_13:00:00;0.035867139773932764
2018-03-24_14:00:00;0.03353056297325969
2018-03-24_15:00:00;0.035254417090390316
2018-03-24_16:00:00;0.0390816475838607
2018-03-24_17:00:00;0.04760946702271646
2018-03-24_18:00:00;0.06453707429491166
2018-03-24_19:00:00;0.08790284230164246
2018-03-24_20:00:00;0.10279566155759594
2018-03-24_21:00:00;0.09872151296777261
2018-03-24_22:00:00;0.08561656363170794
2018-03-24_23:00:00;0.072904854226872
2018-03-25_00:00:00;0.06265318067088561
2018-03-25_01:00:00;0.057440465303434905
2018-03-25_02:00:00;0.05299136701174233
2018-03-25_03:00:00;0.048597139408128175
2018-03-25_04:00:00;0.04799356183926547
2018-03-25_05:00:00;0.052323773640121446
2018-03-25_06:00:00;0.0538967333650364
2018-03-25_07:00:00;0.05256154662179464
2018-03-25_08:00:00;0.04081921937301094
2018-03-25_09:00:00;0.03549676262940337
2018-03-25_10:00:00;0.03428960749167795
2018-03-25_11:00:00;0.03462340417748839
2018-03-25_12:00:00;0.03362201412005707
2018-03-25_13:00:00;0.03302758166587409
2018-03-25_14:00:00;0.03200790137908329
2018-03-25_15:00:00;0.03268921242272378
2018-03-25_16:00:00;0.03417529355818122
2018-03-25_17:00:00;0.036543878260233385
2018-03-25_18:00:00;0.039799539086220144
2018-03-25_19:00:00;0.04769177305483411
2018-03-25_20:00:00;0.0537046859567619
2018-03-25_21:00:00;0.056681420785016645
2018-03-25_22:00:00;0.05453689139261806
2018-03-25_23:00:00;0.05212258111716721
2018-03-26_00:00:00;0.04898580678201705
2018-03-26_01:00:00;0.04626513516479497
2018-03-26_02:00:00;0.04778779675897136
2018-03-26_03:00:00;0.04951165087610199
2018-03-26_04:00:00;0.0517842118740169
2018-03-26_05:00:00;0.0517247686285986
2018-03-26_06:00:00;0.04931960346782749
2018-03-26_07:00:00;0.044376668983429055
2018-03-26_08:00:00;0.0375315506456451
2018-03-26_09:00:00;0.036205509017083075
2018-03-26_10:00:00;0.0354190291546256
2018-03-26_11:00:00;0.035441891941324945
2018-03-26_12:00:00;0.03976753118484106
2018-03-26_13:00:00;0.048519405933350405
2018-03-26_14:00:00;0.058537879065003476
2018-03-26_15:00:00;0.07137762007535574
2018-03-26_16:00:00;0.07007901379083294
2018-03-26_17:00:00;0.06561162526978088
2018-03-26_18:00:00;0.05715696674836303
2018-03-26_19:00:00;0.04747229030252039
2018-03-26_20:00:00;0.04142736949921352
2018-03-26_21:00:00;0.035528770530782454
2018-03-26_22:00:00;0.03421644657424004
2018-03-26_23:00:00;0.03779218641401763
2018-03-27_00:00:00;0.039598346563265906
2018-03-27_01:00:00;0.03737151113874968
2018-03-27_02:00:00;0.0359951713794491
2018-03-27_03:00:00;0.03592201046201119
2018-03-27_04:00:00;0.03405183451000476
2018-03-27_05:00:00;0.029904525002743536
2018-03-27_06:00:00;0.029145480484325272
2018-03-27_07:00:00;0.027366755679116218
2018-03-27_08:00:00;0.024472326882979113
2018-03-27_09:00:00;0.021911694772652448
2018-03-27_10:00:00;0.028331565277828583
2018-03-27_11:00:00;0.04624684493543549
2018-03-27_12:00:00;0.06073727914548049
2018-03-27_13:00:00;0.07030306910048652
2018-03-27_14:00:00;0.07252990452500274
2018-03-27_15:00:00;0.07994201997293046
2018-03-27_16:00:00;0.0995354281742693
2018-03-27_17:00:00;0.10903720232651717
2018-03-27_18:00:00;0.12780297764933973
2018-03-27_19:00:00;0.1615118703588543
2018-03-27_20:00:00;0.18731481142773532
2018-03-27_21:00:00;0.20390862201412005
2018-03-27_22:00:00;0.20407323407835534
2018-03-27_23:00:00;0.19650565168087208
2018-03-28_00:00:00;0.19215257709331676
2018-03-28_01:00:00;0.19184164319420566
2018-03-28_02:00:00;0.18950506639353257
2018-03-28_03:00:00;0.1894410505907744
2018-03-28_04:00:00;0.19221202033873505
2018-03-28_05:00:00;0.20325474631451879
2018-03-28_06:00:00;0.21204777407908695
2018-03-28_07:00:00;0.21523941910231553
2018-03-28_08:00:00;0.22151296777261587
2018-03-28_09:00:00;0.2328529099754911
2018-03-28_10:00:00;0.24518966967845776
2018-03-28_11:00:00;0.24881113509163405
2018-03-28_12:00:00;0.24243241760251674
2018-03-28_13:00:00;0.23839942202875225
2018-03-28_14:00:00;0.2490717708600066
2018-03-28_15:00:00;0.2699546402311885
2018-03-28_16:00:00;0.2818295716428284
2018-03-28_17:00:00;0.30437685188572267
2018-03-28_18:00:00;0.33938435087976004
2018-03-28_19:00:00;0.38159362768409116
2018-03-28_20:00:00;0.4133317481801222
2018-03-28_21:00:00;0.4281971320920364
2018-03-28_22:00:00;0.4219830266671544
2018-03-28_23:00:00;0.4140633573545012
2018-03-29_00:00:00;0.40540293375278924
2018-03-29_01:00:00;0.4174333321139847
2018-03-29_02:00:00;0.41417767128799793
2018-03-29_03:00:00;0.4095045176866518
2018-03-29_04:00:00;0.3955170647839924
2018-03-29_05:00:00;0.37917017229396055
2018-03-29_06:00:00;0.35050023777298167
2018-03-29_07:00:00;0.3236867615319896
2018-03-29_08:00:00;0.31025258806745437
2018-03-29_09:00:00;0.313686578629696
2018-03-29_10:00:00;0.3115008962212386
2018-03-29_11:00:00;0.29185261733182133
2018-03-29_12:00:00;0.2748106961261294
2018-03-29_13:00:00;0.256319274243699
2018-03-29_14:00:00;0.22770878296813843
2018-03-29_15:00:00;0.20607601419321797
2018-03-29_16:00:00;0.1590609796246845
2018-03-29_17:00:00;0.12505487068807844
2018-03-29_18:00:00;0.10492190072063504
2018-03-29_19:00:00;0.10418114643157625
2018-03-29_20:00:00;0.10986483520503347
2018-03-29_21:00:00;0.1162115447927717
2018-03-29_22:00:00;0.11758331199473242
2018-03-29_23:00:00;0.11775706917364744
2018-03-30_00:00:00;0.1171580641621246
2018-03-30_01:00:00;0.11550737096243187
2018-03-30_02:00:00;0.1149998170977064
2018-03-30_03:00:00;0.10528770530782457
2018-03-30_04:00:00;0.09893642316274646
2018-03-30_05:00:00;0.10579068661521016
2018-03-30_06:00:00;0.11663679262537953
2018-03-30_07:00:00;0.11944891538939899
2018-03-30_08:00:00;0.10423601711965468
2018-03-30_09:00:00;0.09275889819658338
2018-03-30_10:00:00;0.10362329443611223
2018-03-30_11:00:00;0.13629421662947652
2018-03-30_12:00:00;0.16719555913231152
2018-03-30_13:00:00;0.1979231444562315
2018-03-30_14:00:00;0.23313640853056297
2018-03-30_15:00:00;0.2658804916413652
2018-03-30_16:00:00;0.2796210264476717
2018-03-30_17:00:00;0.2762830595895672
2018-03-30_18:00:00;0.3096764458426309
2018-03-30_19:00:00;0.36613381131799394
2018-03-30_20:00:00;0.3929564326736657
2018-03-30_21:00:00;0.3910862567216593
2018-03-30_22:00:00;0.38438288766141127
2018-03-30_23:00:00;0.3621373962029484
2018-03-31_00:00:00;0.3330925119801002
2018-03-31_01:00:00;0.30403391008523245
2018-03-31_02:00:00;0.28653473314555367
2018-03-31_03:00:00;0.2701329699674434
2018-03-31_04:00:00;0.24265647291217032
2018-03-31_05:00:00;0.22839466656911878
2018-03-31_06:00:00;0.22049328748582508
2018-03-31_07:00:00;0.20749350696857738
2018-03-31_08:00:00;0.1878040750631013
2018-03-31_09:00:00;0.16682060943044225
2018-03-31_10:00:00;0.15708563485386107
2018-03-31_11:00:00;0.15416377071368476
2018-03-31_12:00:00;0.15810988769799172
2018-03-31_13:00:00;0.1433588177195742
2018-03-31_14:00:00;0.1355168818816988
2018-03-31_15:00:00;0.13487215129677727
2018-03-31_16:00:00;0.14340911585031277
2018-03-31_17:00:00;0.13754709734060064
2018-03-31_18:00:00;0.13940355562058748
2018-03-31_19:00:00;0.15030453231883528
2018-03-31_20:00:00;0.15271427003694626
2018-03-31_21:00:00;0.14334967260489448
2018-03-31_22:00:00;0.14846636426820792
2018-03-31_23:00:00;0.16142956432673666
2018-04-01_00:00:00;0.1817500091451147
2018-04-01_01:00:00;0.20798277060394338
2018-04-01_02:00:00;0.23644236748728828
2018-04-01_03:00:00;0.26239620294838495
2018-04-01_04:00:00;0.2839146577898087
2018-04-01_05:00:00;0.29389197790540295
2018-04-01_06:00:00;0.29362219702235065
2018-04-01_07:00:00;0.29449555547426565
2018-04-01_08:00:00;0.2997036982843765
2018-04-01_09:00:00;0.31230566631305556
2018-04-01_10:00:00;0.3216656911877675
2018-04-01_11:00:00;0.3331153747667996
2018-04-01_12:00:00;0.34012053261147895
2018-04-01_13:00:00;0.3576197095511578
2018-04-01_14:00:00;0.38197772250064016
2018-04-01_15:00:00;0.40045542671105094
2018-04-01_16:00:00;0.38555346234041776
2018-04-01_17:00:00;0.3659737718110985
2018-04-01_18:00:00;0.3245418297545451
2018-04-01_19:00:00;0.299895745692651
2018-04-01_20:00:00;0.28640212898269746
2018-04-01_21:00:00;0.27758623843142993
2018-04-01_22:00:00;0.27625105168818814
2018-04-01_23:00:00;0.2631415297947836
2018-04-02_00:00:00;0.24898489227054907
2018-04-02_01:00:00;0.23606284522807916
2018-04-02_02:00:00;0.20875096023704137
2018-04-02_03:00:00;0.18410487617514723
2018-04-02_04:00:00;0.16225719720525295
2018-04-02_05:00:00;0.14473058492153493
2018-04-02_06:00:00;0.12205070051578447
2018-04-02_07:00:00;0.09456048578849179
2018-04-02_08:00:00;0.07756429015619856
2018-04-02_09:00:00;0.07819987562644036
2018-04-02_10:00:00;0.08204539634927022
2018-04-02_11:00:00;0.08433167501920474
2018-04-02_12:00:00;0.09016168562753776
2018-04-02_13:00:00;0.09544756191242638
2018-04-02_14:00:00;0.09653583055931521
2018-04-02_15:00:00;0.09321158137323042
2018-04-02_16:00:00;0.09735431832315178
2018-04-02_17:00:00;0.11064674251015108
2018-04-02_18:00:00;0.15215641804148225
2018-04-02_19:00:00;0.2257471558693346
2018-04-02_20:00:00;0.28897647876504373
2018-04-02_21:00:00;0.336416761166185
2018-04-02_22:00:00;0.35440062918389
2018-04-02_23:00:00;0.3536598748948312
2018-04-03_00:00:00;0.35121355671800125
2018-04-03_01:00:00;0.34574477813951787
2018-04-03_02:00:00;0.34793503310531515
2018-04-03_03:00:00;0.3375141749277536
2018-04-03_04:00:00;0.32039909280462375
2018-04-03_05:00:00;0.3265217470827084
2018-04-03_06:00:00;0.3365082123129824
2018-04-03_07:00:00;0.30691462120935
2018-04-03_08:00:00;0.2725381351282145
2018-04-03_09:00:00;0.251257453268464
2018-04-03_10:00:00;0.24675348428869298
2018-04-03_11:00:00;0.25367633610125473
2018-04-03_12:00:00;0.24838131470168637
2018-04-03_13:00:00;0.23262428210849764
2018-04-03_14:00:00;0.22956524124812525
2018-04-03_15:00:00;0.22210282766945896
2018-04-03_16:00:00;0.20849032446866883
2018-04-03_17:00:00;0.20956944800087793
2018-04-03_18:00:00;0.20679390569557743
2018-04-03_19:00:00;0.22523502944726928
2018-04-03_20:00:00;0.2701878406555218
2018-04-03_21:00:00;0.29019735157478876
2018-04-03_22:00:00;0.31359055492555876
2018-04-03_23:00:00;0.32735852507590446
2018-04-04_00:00:00;0.32905951640633574
2018-04-04_01:00:00;0.339105424882028
2018-04-04_02:00:00;0.3275597175988587
2018-04-04_03:00:00;0.31367743351501626
2018-04-04_04:00:00;0.30932435892746096
2018-04-04_05:00:00;0.289909280462377
2018-04-04_06:00:00;0.264559022570143
2018-04-04_07:00:00;0.22522588433258953
2018-04-04_08:00:00;0.17931740864030435
2018-04-04_09:00:00;0.15137451073636463
2018-04-04_10:00:00;0.1232121300801112
2018-04-04_11:00:00;0.12460218751143139
2018-04-04_12:00:00;0.13760654058601895
2018-04-04_13:00:00;0.162325785565351
2018-04-04_14:00:00;0.18838478984526466
2018-04-04_15:00:00;0.22772250064015803
2018-04-04_16:00:00;0.24565149796978455
2018-04-04_17:00:00;0.28018345100047554
2018-04-04_18:00:00;0.3089082562095329
2018-04-04_19:00:00;0.33665453414785823
2018-04-04_20:00:00;0.3398370340564071
2018-04-04_21:00:00;0.3119901598566046
2018-04-04_22:00:00;0.2985559863920694
2018-04-04_23:00:00;0.2931969491897428
2018-04-05_00:00:00;0.32749570179610055
2018-04-05_01:00:00;0.3499240955481582
2018-04-05_02:00:00;0.3612045945056151
2018-04-05_03:00:00;0.3884250283498555
2018-04-05_04:00:00;0.401360793064345
2018-04-05_05:00:00;0.40802300910853423
2018-04-05_06:00:00;0.4177305483410762
2018-04-05_07:00:00;0.41236236602406995
2018-04-05_08:00:00;0.43689870870980724
2018-04-05_09:00:00;0.49186999304971285
2018-04-05_10:00:00;0.515990233017522
2018-04-05_11:00:00;0.5262510516881882
2018-04-05_12:00:00;0.5496122471375791
2018-04-05_13:00:00;0.569095913962761
2018-04-05_14:00:00;0.5903034349050738
2018-04-05_15:00:00;0.5944873248710539
2018-04-05_16:00:00;0.5580211800855983
2018-04-05_17:00:00;0.5215047371694042
2018-04-05_18:00:00;0.4794280645279292
2018-04-05_19:00:00;0.4456322932289571
2018-04-05_20:00:00;0.38537056004682296
2018-04-05_21:00:00;0.3426262940337272
2018-04-05_22:00:00;0.3129046713245784
2018-04-05_23:00:00;0.2673802904488422
2018-04-06_00:00:00;0.25162783041299336
2018-04-06_01:00:00;0.2468723707795296
2018-04-06_02:00:00;0.23264714489519697
2018-04-06_03:00:00;0.21223982148736145
2018-04-06_04:00:00;0.20121995829827707
2018-04-06_05:00:00;0.19294820207045396
2018-04-06_06:00:00;0.18239473973003623
2018-04-06_07:00:00;0.16217031861579545
2018-04-06_08:00:00;0.13561290558583605
2018-04-06_09:00:00;0.1288226579361305
2018-04-06_10:00:00;0.12243936788967334
2018-04-06_11:00:00;0.1258276328785163
2018-04-06_12:00:00;0.13351410176683615
2018-04-06_13:00:00;0.13587811391154844
2018-04-06_14:00:00;0.14583257124044335
2018-04-06_15:00:00;0.16795917620806966
2018-04-06_16:00:00;0.19511559424955188
2018-04-06_17:00:00;0.20655156015656437
2018-04-06_18:00:00;0.21053883015693017
2018-04-06_19:00:00;0.3006593627684091
2018-04-06_20:00:00;0.39526100157295974
2018-04-06_21:00:00;0.43372992647327796
2018-04-06_22:00:00;0.45596627281706115
2018-04-06_23:00:00;0.45493287485825074
2018-04-07_00:00:00;0.4388557632512712
2018-04-07_01:00:00;0.4245528038921608
2018-04-07_02:00:00;0.4103321505651681
2018-04-07_03:00:00;0.40468046969308996
2018-04-07_04:00:00;0.4033041299337894
2018-04-07_05:00:00;0.4135192230310568
2018-04-07_06:00:00;0.3924351611369207
2018-04-07_07:00:00;0.3265308921973882
2018-04-07_08:00:00;0.25356659472509785
2018-04-07_09:00:00;0.23316841643194205
2018-04-07_10:00:00;0.22806544244064822
2018-04-07_11:00:00;0.22036068332296888
2018-04-07_12:00:00;0.2071048395946885
2018-04-07_13:00:00;0.20094560485788493
2018-04-07_14:00:00;0.20184639865383913
2018-04-07_15:00:00;0.20844002633793027
2018-04-07_16:00:00;0.2056279035739108
2018-04-07_17:00:00;0.19718696272451255
2018-04-07_18:00:00;0.21374876540951823
2018-04-07_19:00:00;0.27632421260562606
2018-04-07_20:00:00;0.3258450085964078
2018-04-07_21:00:00;0.33135036763361014
2018-04-07_22:00:00;0.32151479679555184
2018-04-07_23:00:00;0.30337546182829134
2018-04-08_00:00:00;0.288583238833815
2018-04-08_01:00:00;0.26619599809781613
2018-04-08_02:00:00;0.24499762227018326
2018-04-08_03:00:00;0.22113344551340675
2018-04-08_04:00:00;0.21164996159051835
2018-04-08_05:00:00;0.21952390532977284
2018-04-08_06:00:00;0.21723305410249844
2018-04-08_07:00:00;0.17470827084171636
2018-04-08_08:00:00;0.12980118520686248
2018-04-08_09:00:00;0.1153564765702162
2018-04-08_10:00:00;0.1122379924644255
2018-04-08_11:00:00;0.11311135091634049
2018-04-08_12:00:00;0.1168471302630135
2018-04-08_13:00:00;0.12036799941471266
2018-04-08_14:00:00;0.12217415956396094
2018-04-08_15:00:00;0.12577276219043787
2018-04-08_16:00:00;0.12889124629622856
2018-04-08_17:00:00;0.12476679957566668
2018-04-08_18:00:00;0.11676025167355598
2018-04-08_19:00:00;0.11959066466693492
2018-04-08_20:00:00;0.1251463218348758
2018-04-08_21:00:00;0.11682426747631415
2018-04-08_22:00:00;0.10691096316347808
2018-04-08_23:00:00;0.10267220250941947
2018-04-09_00:00:00;0.08722153125800197
2018-04-09_01:00:00;0.07633427223177379
2018-04-09_02:00:00;0.06917821999487873
2018-04-09_03:00:00;0.06368200607235615
2018-04-09_04:00:00;0.06623806562534294
2018-04-09_05:00:00;0.080586750557852
2018-04-09_06:00:00;0.08988733218714563
2018-04-09_07:00:00;0.08060504078721147
2018-04-09_08:00:00;0.0715468046969309
2018-04-09_09:00:00;0.06208161100340198
2018-04-09_10:00:00;0.05803032520027801
2018-04-09_11:00:00;0.06297783224201632
2018-04-09_12:00:00;0.07281797563741449
2018-04-09_13:00:00;0.07731737205984562
2018-04-09_14:00:00;0.07920126568387167
2018-04-09_15:00:00;0.08648992208362292
2018-04-09_16:00:00;0.09184895928594945
2018-04-09_17:00:00;0.09878552877053078
2018-04-09_18:00:00;0.11984672787796759
2018-04-09_19:00:00;0.1706386948092329
2018-04-09_20:00:00;0.2232505395617661
2018-04-09_21:00:00;0.25181987782126786
2018-04-09_22:00:00;0.26981746351099245
2018-04-09_23:00:00;0.27301825364890075
2018-04-10_00:00:00;0.2585278194388558
2018-04-10_01:00:00;0.246927241467608
2018-04-10_02:00:00;0.24070399092804623
2018-04-10_03:00:00;0.23791473095072613
2018-04-10_04:00:00;0.23015967370230822
2018-04-10_05:00:00;0.23255112119105972
2018-04-10_06:00:00;0.22718751143139335
2018-04-10_07:00:00;0.19313567692138858
2018-04-10_08:00:00;0.1627830412993379
2018-04-10_09:00:00;0.1567884186267696
2018-04-10_10:00:00;0.16939038665544867
2018-04-10_11:00:00;0.1804331126312324
2018-04-10_12:00:00;0.19980246552291767
2018-04-10_13:00:00;0.2247137579105242
2018-04-10_14:00:00;0.26015564985184914
2018-04-10_15:00:00;0.30159673702308226
2018-04-10_16:00:00;0.3418901123020083
2018-04-10_17:00:00;0.3715019936350002
2018-04-10_18:00:00;0.4061985587299265
2018-04-10_19:00:00;0.4313018985258075
2018-04-10_20:00:00;0.4265052858762849
2018-04-10_21:00:00;0.39099023301752206
2018-04-10_22:00:00;0.36017576910414456
2018-04-10_23:00:00;0.32435892746095035
2018-04-11_00:00:00;0.2941023155430369
2018-04-11_01:00:00;0.2662188608845155
2018-04-11_02:00:00;0.24924095548158173
2018-04-11_03:00:00;0.24161850239602004
2018-04-11_04:00:00;0.2415682042652815
2018-04-11_05:00:00;0.24388191827925523
2018-04-11_06:00:00;0.23257398397775908
2018-04-11_07:00:00;0.2061903281267147
2018-04-11_08:00:00;0.18813329919157187
2018-04-11_09:00:00;0.18334583165672896
2018-04-11_10:00:00;0.18379394227603615
2018-04-11_11:00:00;0.19227146358415334
2018-04-11_12:00:00;0.20302611844752533
2018-04-11_13:00:00;0.21356586311592346
2018-04-11_14:00:00;0.23593024106522295
2018-04-11_15:00:00;0.25913596956505836
2018-04-11_16:00:00;0.2763196400482862
2018-04-11_17:00:00;0.28501207155137726
2018-04-11_18:00:00;0.287430954384168
2018-04-11_19:00:00;0.31707941617587887
2018-04-11_20:00:00;0.34409408493982513
2018-04-11_21:00:00;0.34607857482532833
2018-04-11_22:00:00;0.34097102827669457
2018-04-11_23:00:00;0.33512729999634194
2018-04-12_00:00:00;0.3300106083330285
2018-04-12_01:00:00;0.3246469985733621
2018-04-12_02:00:00;0.32331638438746024
2018-04-12_03:00:00;0.32550206679591764
2018-04-12_04:00:00;0.3361515528404726
2018-04-12_05:00:00;0.34917419614441964
2018-04-12_06:00:00;0.32889033178476057
2018-04-12_07:00:00;0.296612649522625
2018-04-12_08:00:00;0.2646961992903391
2018-04-12_09:00:00;0.2505990050115228
2018-04-12_10:00:00;0.2632512711709405
2018-04-12_11:00:00;0.29602736218312176
2018-04-12_12:00:00;0.31222793283827777
2018-04-12_13:00:00;0.32255733986904195
2018-04-12_14:00:00;0.33681457365475365
2018-04-12_15:00:00;0.3282181658557998
2018-04-12_16:00:00;0.29133134579507625
2018-04-12_17:00:00;0.25826718367048324
2018-04-12_18:00:00;0.2518473131653071
2018-04-12_19:00:00;0.28144090426893953
2018-04-12_20:00:00;0.2985742766214288
2018-04-12_21:00:00;0.2864752899001353
2018-04-12_22:00:00;0.2748930021582471
2018-04-12_23:00:00;0.25605406591798663
2018-04-13_00:00:00;0.2565341844386729
2018-04-13_01:00:00;0.2523777298167319
2018-04-13_02:00:00;0.23710081574422942
2018-04-13_03:00:00;0.22265610710758313
2018-04-13_04:00:00;0.22441196912609285
2018-04-13_05:00:00;0.23919047444854957
2018-04-13_06:00:00;0.2252030215458902
2018-04-13_07:00:00;0.2046722390898782
2018-04-13_08:00:00;0.18056114423674874
2018-04-13_09:00:00;0.16788144273329186
2018-04-13_10:00:00;0.16365639975125287
2018-04-13_11:00:00;0.17028203533672312
2018-04-13_12:00:00;0.1927058565314409
2018-04-13_13:00:00;0.22451256538756997
2018-04-13_14:00:00;0.266689834290522
2018-04-13_15:00:00;0.2746095036031752
2018-04-13_16:00:00;0.26789241687090753
2018-04-13_17:00:00;0.2622864615722281
2018-04-13_18:00:00;0.26347989903793395
2018-04-13_19:00:00;0.26553297728353514
2018-04-13_20:00:00;0.27930094743388084
2018-04-13_21:00:00;0.2755468778578483
2018-04-13_22:00:00;0.2622407359988294
2018-04-13_23:00:00;0.24981252514906538
2018-04-14_00:00:00;0.24638767970150346
2018-04-14_01:00:00;0.24190200095109193
2018-04-14_02:00:00;0.23402348465449757
2018-04-14_03:00:00;0.22802886198192926
2018-04-14_04:00:00;0.22266525222226285
2018-04-14_05:00:00;0.2094002633793028
2018-04-14_06:00:00;0.20181439075246005
2018-04-14_07:00:00;0.20004481106193073
2018-04-14_08:00:00;0.19574660716245382
2018-04-14_09:00:00;0.18833906427186597
2018-04-14_10:00:00;0.18751600395068954
2018-04-14_11:00:00;0.2049054395142115
2018-04-14_12:00:00;0.2083165672897538
2018-04-14_13:00:00;0.19987105388301568
2018-04-14_14:00:00;0.17733749131214105
2018-04-14_15:00:00;0.15877748106961262
2018-04-14_16:00:00;0.1392389435563522
2018-04-14_17:00:00;0.11386125032007902
2018-04-14_18:00:00;0.08973186523759008
2018-04-14_19:00:00;0.07080147785053224
2018-04-14_20:00:00;0.06108022094597066
2018-04-14_21:00:00;0.06275377693236273
2018-04-14_22:00:00;0.06716172220799649
2018-04-14_23:00:00;0.07252533196766288
2018-04-15_00:00:00;0.07642572337857116
2018-04-15_01:00:00;0.07161082049968906
2018-04-15_02:00:00;0.056004682298716024
2018-04-15_03:00:00;0.05354921900720635
2018-04-15_04:00:00;0.055821780005121266
2018-04-15_05:00:00;0.0594203826315982
2018-04-15_06:00:00;0.06304184804477449
2018-04-15_07:00:00;0.060408055017009916
2018-04-15_08:00:00;0.04713392105937009
2018-04-15_09:00:00;0.03431704283571716
2018-04-15_10:00:00;0.03256575337454732
2018-04-15_11:00:00;0.031770128397410106
2018-04-15_12:00:00;0.030764165782638915
2018-04-15_13:00:00;0.03602260672348831
2018-04-15_14:00:00;0.04451841826096499
2018-04-15_15:00:00;0.04678183414420017
2018-04-15_16:00:00;0.04929674068112814
2018-04-15_17:00:00;0.04830906829571643
2018-04-15_18:00:00;0.04788839302044848
2018-04-15_19:00:00;0.056667703112997035
2018-04-15_20:00:00;0.0667913450634671
2018-04-15_21:00:00;0.07841935837875406
2018-04-15_22:00:00;0.07482990086695687
2018-04-15_23:00:00;0.0665992976551926
2018-04-16_00:00:00;0.0614734608771994
2018-04-16_01:00:00;0.059813622562826935
2018-04-16_02:00:00;0.055565716794088595
2018-04-16_03:00:00;0.049895745692650983
2018-04-16_04:00:00;0.047833522332370045
2018-04-16_05:00:00;0.049699125727036615
2018-04-16_06:00:00;0.052086000658448255
2018-04-16_07:00:00;0.045227164648644694
2018-04-16_08:00:00;0.030787028569338258
2018-04-16_09:00:00;0.0248289863554889
2018-04-16_10:00:00;0.019360207777005523
2018-04-16_11:00:00;0.023361195449390935
2018-04-16_12:00:00;0.03021545890185463
2018-04-16_13:00:00;0.04410688810037678
2018-04-16_14:00:00;0.062351391886454256
2018-04-16_15:00:00;0.0699509821853166
2018-04-16_16:00:00;0.07691041445659728
2018-04-16_17:00:00;0.07167026374510736
2018-04-16_18:00:00;0.06467425101510772
2018-04-16_19:00:00;0.059287778468741996
2018-04-16_20:00:00;0.061459743205179794
2018-04-16_21:00:00;0.06327504846910781
2018-04-16_22:00:00;0.06712514174927754
2018-04-16_23:00:00;0.0682225555108461
2018-04-17_00:00:00;0.07016589238029045
2018-04-17_01:00:00;0.06984124080915975
2018-04-17_02:00:00;0.07522771335552547
2018-04-17_03:00:00;0.07529172915828365
2018-04-17_04:00:00;0.08011577715184548
2018-04-17_05:00:00;0.07976369023667557
2018-04-17_06:00:00;0.07480703808025753
2018-04-17_07:00:00;0.06339850751728426
2018-04-17_08:00:00;0.04712020338735048
2018-04-17_09:00:00;0.052337491312141056
2018-04-17_10:00:00;0.06985953103851922
2018-04-17_11:00:00;0.08224658887222445
2018-04-17_12:00:00;0.0806599114752899
2018-04-17_13:00:00;0.06902732560266306
2018-04-17_14:00:00;0.058547024179683216
2018-04-17_15:00:00;0.047838094889709915
2018-04-17_16:00:00;0.03876614112740974
2018-04-17_17:00:00;0.028935142846691297
2018-04-17_18:00:00;0.02371785492190072
2018-04-17_19:00:00;0.03136774335150163
2018-04-17_20:00:00;0.04630171562351392
2018-04-17_21:00:00;0.061363719501042545
2018-04-17_22:00:00;0.0730237407177086
2018-04-17_23:00:00;0.08121776347075392
2018-04-18_00:00:00;0.0888722244576947
2018-04-18_01:00:00;0.09448275231371402
2018-04-18_02:00:00;0.09026228188901489
2018-04-18_03:00:00;0.07817244028240114
2018-04-18_04:00:00;0.07210008413505506
2018-04-18_05:00:00;0.06582196290741486
2018-04-18_06:00:00;0.05875736181731719
2018-04-18_07:00:00;0.04310549804294546
2018-04-18_08:00:00;0.02897629586275012
2018-04-18_09:00:00;0.024138530197168672
2018-04-18_10:00:00;0.028569338259501774
2018-04-18_11:00:00;0.04050371291655997
2018-04-18_12:00:00;0.04582616966016754
2018-04-18_13:00:00;0.04838222921315433
2018-04-18_14:00:00;0.047508870761239344
2018-04-18_15:00:00;0.05094743388082087
2018-04-18_16:00:00;0.05215916157588616
2018-04-18_17:00:00;0.0506182097523503
2018-04-18_18:00:00;0.049804294545853604
2018-04-18_19:00:00;0.06747722866444746
2018-04-18_20:00:00;0.09296009071953762
2018-04-18_21:00:00;0.1197872846325493
2018-04-18_22:00:00;0.14163953615978345
2018-04-18_23:00:00;0.15247649705527308
2018-04-19_00:00:00;0.16109119508358635
2018-04-19_01:00:00;0.16490470790503714
2018-04-19_02:00:00;0.16973332845593883
2018-04-19_03:00:00;0.17399952445403666
2018-04-19_04:00:00;0.17295240882320664
2018-04-19_05:00:00;0.17290211069246808
2018-04-19_06:00:00;0.15786754215897866
2018-04-19_07:00:00;0.12285089805026154
2018-04-19_08:00:00;0.06824084574020559
2018-04-19_09:00:00;0.04576672641474924
2018-04-19_10:00:00;0.04377766397190621
2018-04-19_11:00:00;0.045227164648644694
2018-04-19_12:00:00;0.048277060394337344
2018-04-19_13:00:00;0.056992354684127736
2018-04-19_14:00:00;0.06625635585470242
2018-04-19_15:00:00;0.07230584921534916
2018-04-19_16:00:00;0.07786150638329005
2018-04-19_17:00:00;0.08664996159051834
2018-04-19_18:00:00;0.09905988221092292
2018-04-19_19:00:00;0.14893733767421444
2018-04-19_20:00:00;0.21112869005377327
2018-04-19_21:00:00;0.2390441526136738
2018-04-19_22:00:00;0.23843142993013133
2018-04-19_23:00:00;0.23473223104217728
2018-04-20_00:00:00;0.22486922486007974
2018-04-20_01:00:00;0.21731993269195596
2018-04-20_02:00:00;0.20609430442257745
2018-04-20_03:00:00;0.19116490470790504
2018-04-20_04:00:00;0.18149394593408202
2018-04-20_05:00:00;0.17757069173647438
2018-04-20_06:00:00;0.16426912243479533
2018-04-20_07:00:00;0.12218787723598054
2018-04-20_08:00:00;0.06677762739144749
2018-04-20_09:00:00;0.04695101876577532
2018-04-20_10:00:00;0.048409664557193546
2018-04-20_11:00:00;0.06116709953542818
2018-04-20_12:00:00;0.08082452353952518
2018-04-20_13:00:00;0.09580879394227604
2018-04-20_14:00:00;0.10954018363390276
2018-04-20_15:00:00;0.11516900171928156
2018-04-20_16:00:00;0.10600102425284413
2018-04-20_17:00:00;0.09712569045615832
2018-04-20_18:00:00;0.08749588469839412
2018-04-20_19:00:00;0.08776109302410652
2018-04-20_20:00:00;0.09069210227896257
2018-04-20_21:00:00;0.08735870797819804
2018-04-20_22:00:00;0.08323426125763617
2018-04-20_23:00:00;0.07889947689944032
2018-04-21_00:00:00;0.0769378498006365
2018-04-21_01:00:00;0.07764202363097633
2018-04-21_02:00:00;0.0821368474960676
2018-04-21_03:00:00;0.08081537842484544
2018-04-21_04:00:00;0.07879430808062333
2018-04-21_05:00:00;0.0781495774957018
2018-04-21_06:00:00;0.06797563741449318
2018-04-21_07:00:00;0.040343673409664556
2018-04-21_08:00:00;0.021920839887332188
2018-04-21_09:00:00;0.02018784065552182
2018-04-21_10:00:00;0.028322420163148846
2018-04-21_11:00:00;0.03832717562278231
2018-04-21_12:00:00;0.048638292424187
2018-04-21_13:00:00;0.05651680872078136
2018-04-21_14:00:00;0.06297325968467644
2018-04-21_15:00:00;0.06241083513187255
2018-04-21_16:00:00;0.059488970991696234
2018-04-21_17:00:00;0.05424882028020631
2018-04-21_18:00:00;0.0533205911402129
2018-04-21_19:00:00;0.0663478070014998
2018-04-21_20:00:00;0.08069191937666899
2018-04-21_21:00:00;0.0850770018656034
2018-04-21_22:00:00;0.082507224640597
2018-04-21_23:00:00;0.07363646340125105
2018-04-22_00:00:00;0.06844661082049969
2018-04-22_01:00:00;0.06663587811391154
2018-04-22_02:00:00;0.06904104327468266
2018-04-22_03:00:00;0.07011102169221202
2018-04-22_04:00:00;0.06882156052236894
2018-04-22_05:00:00;0.07450524929582616
2018-04-22_06:00:00;0.0780306910048652
2018-04-22_07:00:00;0.059927936496323664
2018-04-22_08:00:00;0.03464626696418773
2018-04-22_09:00:00;0.028391008523246882
2018-04-22_10:00:00;0.030370925851410175
2018-04-22_11:00:00;0.037056004682298714
2018-04-22_12:00:00;0.04912298350221312
2018-04-22_13:00:00;0.0698183780224604
2018-04-22_14:00:00;0.08586805428540074
2018-04-22_15:00:00;0.09737260855251124
2018-04-22_16:00:00;0.11286443281998756
2018-04-22_17:00:00;0.12856202216775797
2018-04-22_18:00:00;0.1406838716757508
2018-04-22_19:00:00;0.1811418590189121
2018-04-22_20:00:00;0.22465888722244576
2018-04-22_21:00:00;0.22251893038738707
2018-04-22_22:00:00;0.223323700479204
2018-04-22_23:00:00;0.220740205582178
2018-04-23_00:00:00;0.21803325163697554
2018-04-23_01:00:00;0.21255990050115228
2018-04-23_02:00:00;0.23138054651205325
2018-04-23_03:00:00;0.2363371986684713
2018-04-23_04:00:00;0.24412883637560814
2018-04-23_05:00:00;0.26126220872809747
2018-04-23_06:00:00;0.24849105607784322
2018-04-23_07:00:00;0.20101876577532282
2018-04-23_08:00:00;0.1779959395690822
2018-04-23_09:00:00;0.20150345685334894
2018-04-23_10:00:00;0.2528807111241175
2018-04-23_11:00:00;0.30476094670227166
2018-04-23_12:00:00;0.3292927168306691
2018-04-23_13:00:00;0.34446446208435455
2018-04-23_14:00:00;0.3660926583019351
2018-04-23_15:00:00;0.3738751508943922
2018-04-23_16:00:00;0.348218531660387
2018-04-23_17:00:00;0.3243955079196693
2018-04-23_18:00:00;0.277165563156162
2018-04-23_19:00:00;0.21263763397593005
2018-04-23_20:00:00;0.18531203131287266
2018-04-23_21:00:00;0.1613655485239785
2018-04-23_22:00:00;0.15744686688371073
2018-04-23_23:00:00;0.16261385667776274
2018-04-24_00:00:00;0.1747311336284157
2018-04-24_01:00:00;0.1947589347770421
2018-04-24_02:00:00;0.20912590993891064
2018-04-24_03:00:00;0.2303242857665435
2018-04-24_04:00:00;0.25599919522990816
2018-04-24_05:00:00;0.2858031239711746
2018-04-24_06:00:00;0.3063339064271866
2018-04-24_07:00:00;0.30419852214946774
2018-04-24_08:00:00;0.3079754545121996
2018-04-24_09:00:00;0.34858433624757656
2018-04-24_10:00:00;0.36738669202911806
2018-04-24_11:00:00;0.35443720964260894
2018-04-24_12:00:00;0.34495372571972055
2018-04-24_13:00:00;0.32340326297691774
2018-04-24_14:00:00;0.30629732596846765
2018-04-24_15:00:00;0.2863929838680177
2018-04-24_16:00:00;0.24096462669641877
2018-04-24_17:00:00;0.19138438746021874
2018-04-24_18:00:00;0.14301587591908402
2018-04-24_19:00:00;0.10625251490653692
2018-04-24_20:00:00;0.11124117496433406
2018-04-24_21:00:00;0.11158411676482423
2018-04-24_22:00:00;0.12009821853166039
2018-04-24_23:00:00;0.1410542488202802
2018-04-25_00:00:00;0.1761029008303764
2018-04-25_01:00:00;0.2246405969930863
2018-04-25_02:00:00;0.2758761019863189
2018-04-25_03:00:00;0.3292149833558913
2018-04-25_04:00:00;0.38212404433551594
2018-04-25_05:00:00;0.4499899403738523
2018-04-25_06:00:00;0.48200698686761534
2018-04-25_07:00:00;0.480658082452354
2018-04-25_08:00:00;0.49277535940300693
2018-04-25_09:00:00;0.5260041335918353
2018-04-25_10:00:00;0.5362283718037825
2018-04-25_11:00:00;0.5347011376522661
2018-04-25_12:00:00;0.5221083147382668
2018-04-25_13:00:00;0.49064454768262794
2018-04-25_14:00:00;0.4669404104327468
2018-04-25_15:00:00;0.4374931411639902
2018-04-25_16:00:00;0.3784157003328822
2018-04-25_17:00:00;0.2969921717818341
2018-04-25_18:00:00;0.22605351721110584
2018-04-25_19:00:00;0.16960072429308262
2018-04-25_20:00:00;0.17466254526831768
2018-04-25_21:00:00;0.19404561583202254
2018-04-25_22:00:00;0.20735633024838132
2018-04-25_23:00:00;0.205481581739035
2018-04-26_00:00:00;0.2163688407652632
2018-04-26_01:00:00;0.2322036068332297
2018-04-26_02:00:00;0.24535428174269305
2018-04-26_03:00:00;0.2618749314116399
2018-04-26_04:00:00;0.2722912170318616
2018-04-26_05:00:00;0.27925064930314225
2018-04-26_06:00:00;0.26959340820133887
2018-04-26_07:00:00;0.2761778907707503
2018-04-26_08:00:00;0.3181631122654278
2018-04-26_09:00:00;0.3552694150784651
2018-04-26_10:00:00;0.3922065332699272
2018-04-26_11:00:00;0.414141090829279
2018-04-26_12:00:00;0.4182472473204814
2018-04-26_13:00:00;0.41993909353623293
2018-04-26_14:00:00;0.4089878187072466
2018-04-26_15:00:00;0.3966922120203387
2018-04-26_16:00:00;0.36894593408201337
2018-04-26_17:00:00;0.3483419907085635
2018-04-26_18:00:00;0.27266159417639096
2018-04-26_19:00:00;0.21532629769177306
2018-04-26_20:00:00;0.19511102169221203
2018-04-26_21:00:00;0.19037842484544756
2018-04-26_22:00:00;0.19711380180707466
2018-04-26_23:00:00;0.190712221531258
2018-04-27_00:00:00;0.18101839997073563
2018-04-27_01:00:00;0.17292040092182756
2018-04-27_02:00:00;0.16048761751472362
2018-04-27_03:00:00;0.14740095840801842
2018-04-27_04:00:00;0.13900574313201888
2018-04-27_05:00:00;0.13022643303947032
2018-04-27_06:00:00;0.10565808245235395
2018-04-27_07:00:00;0.07021161795368915
2018-04-27_08:00:00;0.05130409335333065
2018-04-27_09:00:00;0.06727146358415334
2018-04-27_10:00:00;0.08923345648754435
2018-04-27_11:00:00;0.09462450159124995
2018-04-27_12:00:00;0.08765592420528953
2018-04-27_13:00:00;0.08725353915938105
2018-04-27_14:00:00;0.08964955920547243
2018-04-27_15:00:00;0.09071039250832205
2018-04-27_16:00:00;0.08824578410213264
2018-04-27_17:00:00;0.08280444086768848
2018-04-27_18:00:00;0.07648973918132933
2018-04-27_19:00:00;0.09897757617880529
2018-04-27_20:00:00;0.14335424516223433
2018-04-27_21:00:00;0.19111917913450635
2018-04-27_22:00:00;0.22801514430990966
2018-04-27_23:00:00;0.24269305337088928
2018-04-28_00:00:00;0.24318231700625526
2018-04-28_01:00:00;0.2347002231407982
2018-04-28_02:00:00;0.21205691919376668
2018-04-28_03:00:00;0.19714123715111387
2018-04-28_04:00:00;0.19082653546475473
2018-04-28_05:00:00;0.18800069502871566
2018-04-28_06:00:00;0.17042378461425906
2018-04-28_07:00:00;0.13320316786772507
2018-04-28_08:00:00;0.11641730987306581
2018-04-28_09:00:00;0.12167117825657534
2018-04-28_10:00:00;0.12940794527563376
2018-04-28_11:00:00;0.149755825438051
2018-04-28_12:00:00;0.16201027910890003
2018-04-28_13:00:00;0.16168562753776933
2018-04-28_14:00:00;0.14718147565570472
2018-04-28_15:00:00;0.12777096974796065
2018-04-28_16:00:00;0.10385192230310568
2018-04-28_17:00:00;0.07050426162344076
2018-04-28_18:00:00;0.05456889929399715
2018-04-28_19:00:00;0.05139097194278816
2018-04-28_20:00:00;0.05445915791784029
2018-04-28_21:00:00;0.05546054797527161
2018-04-28_22:00:00;0.05771939130116692
2018-04-28_23:00:00;0.05062735486703003
2018-04-29_00:00:00;0.04610052310055968
2018-04-29_01:00:00;0.04205838241211545
2018-04-29_02:00:00;0.04507627025642902
2018-04-29_03:00:00;0.04866115521088635
2018-04-29_04:00:00;0.049932326151369937
2018-04-29_05:00:00;0.061249405567545816
2018-04-29_06:00:00;0.07263050078647987
2018-04-29_07:00:00;0.06143688041848045
2018-04-29_08:00:00;0.05305081025716062
2018-04-29_09:00:00;0.05899056224165051
2018-04-29_10:00:00;0.0633482093865457
2018-04-29_11:00:00;0.06954859713940813
2018-04-29_12:00:00;0.07658576288546659
2018-04-29_13:00:00;0.10070143029593591
2018-04-29_14:00:00;0.1264357830047189
2018-04-29_15:00:00;0.15339100852324689
2018-04-29_16:00:00;0.18172714635841533
2018-04-29_17:00:00;0.2001088268646889
2018-04-29_18:00:00;0.2361771591615759
2018-04-29_19:00:00;0.29562040457987343
2018-04-29_20:00:00;0.371090463474412
2018-04-29_21:00:00;0.4081418955993708
2018-04-29_22:00:00;0.43184603284925194
2018-04-29_23:00:00;0.42578282181658555
2018-04-30_00:00:00;0.4250237772981673
2018-04-30_01:00:00;0.42073929107071
2018-04-30_02:00:00;0.4212011193620368
2018-04-30_03:00:00;0.4210090719537623
2018-04-30_04:00:00;0.4018683469290705
2018-04-30_05:00:00;0.4080870249112924
2018-04-30_06:00:00;0.3836970040604309
2018-04-30_07:00:00;0.36007060028532756
2018-04-30_08:00:00;0.3802127153674507
2018-04-30_09:00:00;0.42815597907597763
2018-04-30_10:00:00;0.4660076087354135
2018-04-30_11:00:00;0.5085232468815158
2018-04-30_12:00:00;0.512359622489666
2018-04-30_13:00:00;0.5108323883381498
2018-04-30_14:00:00;0.5206450963895087
2018-04-30_15:00:00;0.5276091012181293
2018-04-30_16:00:00;0.5109467022716465
2018-04-30_17:00:00;0.4681429930131324
2018-04-30_18:00:00;0.4204054943848996
2018-04-30_19:00:00;0.3777755423053005
2018-04-30_20:00:00;0.3684109448732487
2018-04-30_21:00:00;0.38214690712221533
2018-04-30_22:00:00;0.4078355342575996
2018-04-30_23:00:00;0.43982057284998355
2018-05-01_00:00:00;0.4642334564875443
2018-05-01_01:00:00;0.4725097852727073
2018-05-01_02:00:00;0.49145846288912465
2018-05-01_03:00:00;0.49572465888722245
2018-05-01_04:00:00;0.506703369060248
2018-05-01_05:00:00;0.5047783224201632
2018-05-01_06:00:00;0.509602370413725
2018-05-01_07:00:00;0.5304852397849069
2018-05-01_08:00:00;0.5394108717123313
2018-05-01_09:00:00;0.5347834436843838
2018-05-01_10:00:00;0.5198631890843911
2018-05-01_11:00:00;0.5048972089109998
2018-05-01_12:00:00;0.48673043859970005
2018-05-01_13:00:00;0.4563686578629696
2018-05-01_14:00:00;0.42844862274572926
2018-05-01_15:00:00;0.40917072100084134
2018-05-01_16:00:00;0.36957694699491533
2018-05-01_17:00:00;0.3212541610271793
2018-05-01_18:00:00;0.24095090902439917
2018-05-01_19:00:00;0.1793677067710429
2018-05-01_20:00:00;0.16219318140249478
2018-05-01_21:00:00;0.14819658338515565
2018-05-01_22:00:00;0.14119599809781613
2018-05-01_23:00:00;0.13913377473753522
2018-05-02_00:00:00;0.12426381826828109
2018-05-02_01:00:00;0.10938471668434722
2018-05-02_02:00:00;0.10321176427552402
2018-05-02_03:00:00;0.11277755423053006
2018-05-02_04:00:00;0.1296822987160259
2018-05-02_05:00:00;0.1442916194169075
2018-05-02_06:00:00;0.13944928119398617
2018-05-02_07:00:00;0.10444635475728865
2018-05-02_08:00:00;0.08400245089073417
2018-05-02_09:00:00;0.09583622928631524
2018-05-02_10:00:00;0.12985605589494092
2018-05-02_11:00:00;0.14024033361378352
2018-05-02_12:00:00;0.13492244942751583
2018-05-02_13:00:00;0.1269799173281633
2018-05-02_14:00:00;0.12054632915096755
2018-05-02_15:00:00;0.11579086951750375
2018-05-02_16:00:00;0.10966364268207923
2018-05-02_17:00:00;0.10507736767019059
2018-05-02_18:00:00;0.09807678238285109
2018-05-02_19:00:00;0.10408055017009914
2018-05-02_20:00:00;0.12332187145626806
2018-05-02_21:00:00;0.13422284815451585
2018-05-02_22:00:00;0.14094450744412335
2018-05-02_23:00:00;0.13163478070014997
2018-05-03_00:00:00;0.13453835461096683
2018-05-03_01:00:00;0.1297691773054834
2018-05-03_02:00:00;0.102164648644694
2018-05-03_03:00:00;0.10750539561766105
2018-05-03_04:00:00;0.13949500676738485
2018-05-03_05:00:00;0.15885978710173027
2018-05-03_06:00:00;0.14315762519661995
2018-05-03_07:00:00;0.11940318981600029
2018-05-03_08:00:00;0.09595968833449171
2018-05-03_09:00:00;0.0954155540110473
2018-05-03_10:00:00;0.10225152723415151
2018-05-03_11:00:00;0.10544774481471998
2018-05-03_12:00:00;0.11437794929948422
2018-05-03_13:00:00;0.12023996780919632
2018-05-03_14:00:00;0.12435984197241834
2018-05-03_15:00:00;0.12197753959834656
2018-05-03_16:00:00;0.11490379339356915
2018-05-03_17:00:00;0.11523301752203972
2018-05-03_18:00:00;0.11999762227018326
2018-05-03_19:00:00;0.1318999890258624
2018-05-03_20:00:00;0.1627967589713575
2018-05-03_21:00:00;0.1832086549365329
2018-05-03_22:00:00;0.1868987087098072
2018-05-03_23:00:00;0.18335497677140872
2018-05-04_00:00:00;0.1609814537074295
2018-05-04_01:00:00;0.15071606247942348
2018-05-04_02:00:00;0.15259995610344954
2018-05-04_03:00:00;0.1445111021692212
2018-05-04_04:00:00;0.1331665874090061
2018-05-04_05:00:00;0.12802246040165344
2018-05-04_06:00:00;0.1075282584043604
2018-05-04_07:00:00;0.07632512711709405
2018-05-04_08:00:00;0.061679225957493505
2018-05-04_09:00:00;0.06268061601492483
2018-05-04_10:00:00;0.06797563741449318
2018-05-04_11:00:00;0.07153765958225117
2018-05-04_12:00:00;0.07372334199070857
2018-05-04_13:00:00;0.07943903866554487
2018-05-04_14:00:00;0.09133226030654425
2018-05-04_15:00:00;0.10520082671836704
2018-05-04_16:00:00;0.12222903025203936
2018-05-04_17:00:00;0.13924808867103194
2018-05-04_18:00:00;0.14981984124080916
2018-05-04_19:00:00;0.16618502396020046
2018-05-04_20:00:00;0.20765811903281267
2018-05-04_21:00:00;0.2399266561802685
2018-05-04_22:00:00;0.2542387606540586
2018-05-04_23:00:00;0.2510059626147712
2018-05-05_00:00:00;0.23603083732670008
2018-05-05_01:00:00;0.2174022387240736
2018-05-05_02:00:00;0.20100047554596334
2018-05-05_03:00:00;0.18774005926034312
2018-05-05_04:00:00;0.18331839631268976
2018-05-05_05:00:00;0.18459871236785308
2018-05-05_06:00:00;0.15401287632146907
2018-05-05_07:00:00;0.10218293887405348
2018-05-05_08:00:00;0.09396148077696895
2018-05-05_09:00:00;0.11127318286571314
2018-05-05_10:00:00;0.1244833010205948
2018-05-05_11:00:00;0.1281596371218495
2018-05-05_12:00:00;0.13320774042506492
2018-05-05_13:00:00;0.14287869919888796
2018-05-05_14:00:00;0.15277828583970443
2018-05-05_15:00:00;0.1605516333174818
2018-05-05_16:00:00;0.17178183414420017
2018-05-05_17:00:00;0.1784852032044482
2018-05-05_18:00:00;0.17677963931667703
2018-05-05_19:00:00;0.19828437648608113
2018-05-05_20:00:00;0.25142663789003916
2018-05-05_21:00:00;0.2809242052895343
2018-05-05_22:00:00;0.2865393057028935
2018-05-05_23:00:00;0.27691864505980907
2018-05-06_00:00:00;0.2699134872151297
2018-05-06_01:00:00;0.26080495299411055
2018-05-06_02:00:00;0.24900775505724843
2018-05-06_03:00:00;0.2397803343453927
2018-05-06_04:00:00;0.22753045323188353
2018-05-06_05:00:00;0.2078455938837473
2018-05-06_06:00:00;0.1613929838680177
2018-05-06_07:00:00;0.09118136591432857
2018-05-06_08:00:00;0.06574880198997696
2018-05-06_09:00:00;0.07784778871127043
2018-05-06_10:00:00;0.09632092036434137
2018-05-06_11:00:00;0.11169843069832096
2018-05-06_12:00:00;0.1167876870175952
2018-05-06_13:00:00;0.1306151004133592
2018-05-06_14:00:00;0.14486776164173099
2018-05-06_15:00:00;0.15612539781248858
2018-05-06_16:00:00;0.16483154698759922
2018-05-06_17:00:00;0.16902000951091928
2018-05-06_18:00:00;0.16538482642572339
2018-05-06_19:00:00;0.18298002706953945
2018-05-06_20:00:00;0.24696839448366684
2018-05-06_21:00:00;0.28219537623001795
2018-05-06_22:00:00;0.2886655448659326
2018-05-06_23:00:00;0.27840472619526646
2018-05-07_00:00:00;0.2568588360098036
2018-05-07_01:00:00;0.23704137249881113
2018-05-07_02:00:00;0.2158658594578776
2018-05-07_03:00:00;0.19768079891721843
2018-05-07_04:00:00;0.17746552291765738
2018-05-07_05:00:00;0.16074825328309617
2018-05-07_06:00:00;0.12946281596371217
2018-05-07_07:00:00;0.0689770274719245
2018-05-07_08:00:00;0.04210868054285401
2018-05-07_09:00:00;0.06152375900793796
2018-05-07_10:00:00;0.08292789991586494
2018-05-07_11:00:00;0.08793942276036142
2018-05-07_12:00:00;0.09781157405713868
2018-05-07_13:00:00;0.11130519076709222
2018-05-07_14:00:00;0.12595566448403264
2018-05-07_15:00:00;0.1390468961480777
2018-05-07_16:00:00;0.15396715074807038
2018-05-07_17:00:00;0.16295679847825292
2018-05-07_18:00:00;0.16078026118447525
2018-05-07_19:00:00;0.17859951713794492
2018-05-07_20:00:00;0.23795588396678494
2018-05-07_21:00:00;0.2748152686834693
2018-05-07_22:00:00;0.295460365072978
2018-05-07_23:00:00;0.2953734864835205
2018-05-08_00:00:00;0.2861232029849654
2018-05-08_01:00:00;0.27182481618319493
2018-05-08_02:00:00;0.25529502139956833
2018-05-08_03:00:00;0.24016900171928157
2018-05-08_04:00:00;0.2300590774408311
2018-05-08_05:00:00;0.2097660679664923
2018-05-08_06:00:00;0.16487270000365806
2018-05-08_07:00:00;0.08991934008852472
2018-05-08_08:00:00;0.06488001609540184
2018-05-08_09:00:00;0.09378772359805392
2018-05-08_10:00:00;0.1471586128690054
2018-05-08_11:00:00;0.18855854702417968
2018-05-08_12:00:00;0.2036799941471266
2018-05-08_13:00:00;0.1961627098803819
2018-05-08_14:00:00;0.18786809086585946
2018-05-08_15:00:00;0.19052931923766325
2018-05-08_16:00:00;0.19744302593554522
2018-05-08_17:00:00;0.19315396715074806
2018-05-08_18:00:00;0.16969217543988002
2018-05-08_19:00:00;0.1673601711965468
2018-05-08_20:00:00;0.2225006401580276
2018-05-08_21:00:00;0.2556013827413396
2018-05-08_22:00:00;0.26184749606760066
2018-05-08_23:00:00;0.253388264988843
2018-05-09_00:00:00;0.2412252624647913
2018-05-09_01:00:00;0.22485550718806013
2018-05-09_02:00:00;0.20620861835607418
2018-05-09_03:00:00;0.19147126604967626
2018-05-09_04:00:00;0.174022387240736
2018-05-09_05:00:00;0.14794509273146286
2018-05-09_06:00:00;0.10182170684420383
2018-05-09_07:00:00;0.04696016388045506
2018-05-09_08:00:00;0.024330577605443174
2018-05-09_09:00:00;0.02776914072502469
2018-05-09_10:00:00;0.05130866591067052
2018-05-09_11:00:00;0.08761934374657059
2018-05-09_12:00:00;0.12270000365804587
2018-05-09_13:00:00;0.13818725536818233
2018-05-09_14:00:00;0.14582799868310348
2018-05-09_15:00:00;0.1388091231664045
2018-05-09_16:00:00;0.1416029557010645
2018-05-09_17:00:00;0.13291509675531332
2018-05-09_18:00:00;0.12948567875041153
2018-05-09_19:00:00;0.1296228554706076
2018-05-09_20:00:00;0.14816914804111644
2018-05-09_21:00:00;0.15684786187218788
2018-05-09_22:00:00;0.15565899696382193
2018-05-09_23:00:00;0.14693913011669166
2018-05-10_00:00:00;0.1380866591067052
2018-05-10_01:00:00;0.1313375644730585
2018-05-10_02:00:00;0.1266552657570326
2018-05-10_03:00:00;0.1266827011010718
2018-05-10_04:00:00;0.13474411969126093
2018-05-10_05:00:00;0.13181768299374474
2018-05-10_06:00:00;0.11720836229286315
2018-05-10_07:00:00;0.08427223177378644
2018-05-10_08:00:00;0.076361707575813
2018-05-10_09:00:00;0.08948951969857702
2018-05-10_10:00:00;0.09919248637377913
2018-05-10_11:00:00;0.12460218751143139
2018-05-10_12:00:00;0.17519753447708233
2018-05-10_13:00:00;0.21965650949262905
2018-05-10_14:00:00;0.24701869261440537
2018-05-10_15:00:00;0.26275286242089474
2018-05-10_16:00:00;0.283937520576508
2018-05-10_17:00:00;0.2626476936020778
2018-05-10_18:00:00;0.24481014741924864
2018-05-10_19:00:00;0.24596243186889563
2018-05-10_20:00:00;0.19533507700186561
2018-05-10_21:00:00;0.15493196034678275
2018-05-10_22:00:00;0.1415983831437246
2018-05-10_23:00:00;0.12081611003401983
2018-05-11_00:00:00;0.11495866408164758
2018-05-11_01:00:00;0.1144831181183012
2018-05-11_02:00:00;0.10440062918388997
2018-05-11_03:00:00;0.09199528112082525
2018-05-11_04:00:00;0.08244320883783883
2018-05-11_05:00:00;0.07122672568314006
2018-05-11_06:00:00;0.0598044774481472
2018-05-11_07:00:00;0.05169276072721952
2018-05-11_08:00:00;0.0434392947287559
2018-05-11_09:00:00;0.03208563485386107
2018-05-11_10:00:00;0.0243854482935216
2018-05-11_11:00:00;0.018838936240260454
2018-05-11_12:00:00;0.015382082891319458
2018-05-11_13:00:00;0.012752862420894759
2018-05-11_14:00:00;0.012661411274097378
2018-05-11_15:00:00;0.012130994622672569
2018-05-11_16:00:00;0.012940337271829389
2018-05-11_17:00:00;0.014668763946299887
2018-05-11_18:00:00;0.017156235139188646
2018-05-11_19:00:00;0.027119837582763286
2018-05-11_20:00:00;0.04843709990123276
2018-05-11_21:00:00;0.07193547207081977
2018-05-11_22:00:00;0.08132293228957091
2018-05-11_23:00:00;0.07568954164685225
2018-05-12_00:00:00;0.06253429418004902
2018-05-12_01:00:00;0.048930936093938615
2018-05-12_02:00:00;0.0432472473204814
2018-05-12_03:00:00;0.044152613673775466
2018-05-12_04:00:00;0.04723451732084721
2018-05-12_05:00:00;0.0507508139152065
2018-05-12_06:00:00;0.04289058784797161
2018-05-12_07:00:00;0.025094194681201304
2018-05-12_08:00:00;0.016959615173574277
2018-05-12_09:00:00;0.021148077696894318
2018-05-12_10:00:00;0.035355013351867436
2018-05-12_11:00:00;0.04888063796320006
2018-05-12_12:00:00;0.05584464279182061
2018-05-12_13:00:00;0.06257544719610784
2018-05-12_14:00:00;0.07041738303398325
2018-05-12_15:00:00;0.07948019168160368
2018-05-12_16:00:00;0.09613801807074661
2018-05-12_17:00:00;0.10964077989537989
2018-05-12_18:00:00;0.12186779822218971
2018-05-12_19:00:00;0.14713575008230603
2018-05-12_20:00:00;0.20602114350513956
2018-05-12_21:00:00;0.24053937886381097
2018-05-12_22:00:00;0.23686304276255624
2018-05-12_23:00:00;0.2265885064198705
2018-05-13_00:00:00;0.20833943007645317
2018-05-13_01:00:00;0.2075209423126166
2018-05-13_02:00:00;0.19857244759849288
2018-05-13_03:00:00;0.19202911804514028
2018-05-13_04:00:00;0.17942257745912132
2018-05-13_05:00:00;0.16128324249186085
2018-05-13_06:00:00;0.12221988513735962
2018-05-13_07:00:00;0.07533745473168234
2018-05-13_08:00:00;0.06449134872151296
2018-05-13_09:00:00;0.08247978929655778
2018-05-13_10:00:00;0.1186624355269415
2018-05-13_11:00:00;0.15280572118374364
2018-05-13_12:00:00;0.18154881662216044
2018-05-13_13:00:00;0.21082690126934192
2018-05-13_14:00:00;0.24640139737352307
2018-05-13_15:00:00;0.29009218275597176
2018-05-13_16:00:00;0.32168398141712695
2018-05-13_17:00:00;0.3398873321871456
2018-05-13_18:00:00;0.3241577349379961
2018-05-13_19:00:00;0.2939148406921023
2018-05-13_20:00:00;0.2802337491312141
2018-05-13_21:00:00;0.27693236273182864
2018-05-13_22:00:00;0.27203058126348906
2018-05-13_23:00:00;0.2617789077075027
2018-05-14_00:00:00;0.2551441270073527
2018-05-14_01:00:00;0.24831272634158832
2018-05-14_02:00:00;0.2518610308373267
2018-05-14_03:00:00;0.2458618356074185
2018-05-14_04:00:00;0.24237297435709843
2018-05-14_05:00:00;0.22266525222226285
2018-05-14_06:00:00;0.17435618392654645
2018-05-14_07:00:00;0.10984654497567399
2018-05-14_08:00:00;0.0916934923363939
2018-05-14_09:00:00;0.11707118557266707
2018-05-14_10:00:00;0.17215221128872957
2018-05-14_11:00:00;0.2259666386216483
2018-05-14_12:00:00;0.25963895087244393
2018-05-14_13:00:00;0.2768546292570509
2018-05-14_14:00:00;0.2830138639938545
2018-05-14_15:00:00;0.29124903976295863
2018-05-14_16:00:00;0.3098913560376047
2018-05-14_17:00:00;0.32165197351574787
2018-05-14_18:00:00;0.293329553352599
2018-05-14_19:00:00;0.2578465083952153
2018-05-14_20:00:00;0.2754325639243516
2018-05-14_21:00:00;0.28916395361597835
2018-05-14_22:00:00;0.27891228005999197
2018-05-14_23:00:00;0.25274353440392144
2018-05-15_00:00:00;0.23192010827815782
2018-05-15_01:00:00;0.20516150272524417
2018-05-15_02:00:00;0.18096352928265722
2018-05-15_03:00:00;0.17160807696528516
2018-05-15_04:00:00;0.16485440977429858
2018-05-15_05:00:00;0.15423693163112265
2018-05-15_06:00:00;0.1192843033251637
2018-05-15_07:00:00;0.07236529246076746
2018-05-15_08:00:00;0.05898598968431064
2018-05-15_09:00:00;0.07771061199107437
2018-05-15_10:00:00;0.11143322237260855
2018-05-15_11:00:00;0.1397144895196986
2018-05-15_12:00:00;0.14393038738705782
2018-05-15_13:00:00;0.15107729450927315
2018-05-15_14:00:00;0.15544865932618795
2018-05-15_15:00:00;0.15924388191827926
2018-05-15_16:00:00;0.16231664045067126
2018-05-15_17:00:00;0.15697132092036434
2018-05-15_18:00:00;0.13960017558620186
2018-05-15_19:00:00;0.1190922559168892
2018-05-15_20:00:00;0.12162088012583677
2018-05-15_21:00:00;0.11738211947177818
2018-05-15_22:00:00;0.112151113874968
2018-05-15_23:00:00;0.10335351355305995
2018-05-16_00:00:00;0.09442788162563559
2018-05-16_01:00:00;0.09091158503127629
2018-05-16_02:00:00;0.08690602480155102
2018-05-16_03:00:00;0.07678238285108095
2018-05-16_04:00:00;0.06751838168050628
2018-05-16_05:00:00;0.06562534294180049
2018-05-16_06:00:00;0.06155576690931704
2018-05-16_07:00:00;0.05707923327358525
2018-05-16_08:00:00;0.05957127702381388
2018-05-16_09:00:00;0.06572136664593774
2018-05-16_10:00:00;0.08438654570728317
2018-05-16_11:00:00;0.10621136189047811
2018-05-16_12:00:00;0.12609741376156858
2018-05-16_13:00:00;0.14692083988733218
2018-05-16_14:00:00;0.17071642828401068
2018-05-16_15:00:00;0.20662929363134214
2018-05-16_16:00:00;0.21860482130445916
2018-05-16_17:00:00;0.20441160332150565
2018-05-16_18:00:00;0.2022487836997476
2018-05-16_19:00:00;0.20558217800051212
2018-05-16_20:00:00;0.2308455573032886
2018-05-16_21:00:00;0.24781889014888248
2018-05-16_22:00:00;0.2606357683725354
2018-05-16_23:00:00;0.265432381022058
2018-05-17_00:00:00;0.2658027581665874
2018-05-17_01:00:00;0.2699454951165088
2018-05-17_02:00:00;0.27722500640158027
2018-05-17_03:00:00;0.2824331492116911
2018-05-17_04:00:00;0.28288583238833814
2018-05-17_05:00:00;0.2844313567692139
2018-05-17_06:00:00;0.27493872773164574
2018-05-17_07:00:00;0.26064034092987526
2018-05-17_08:00:00;0.2528075502066796
2018-05-17_09:00:00;0.24301313238468011
2018-05-17_10:00:00;0.23899385448293523
2018-05-17_11:00:00;0.2349059882210923
2018-05-17_12:00:00;0.23559644437941252
2018-05-17_13:00:00;0.24140816475838606
2018-05-17_14:00:00;0.2533242491860848
2018-05-17_15:00:00;0.26417035519625415
2018-05-17_16:00:00;0.26809818195120166
2018-05-17_17:00:00;0.2697534477082343
2018-05-17_18:00:00;0.27053535501335185
2018-05-17_19:00:00;0.26623715111387497
2018-05-17_20:00:00;0.2686971869627245
2018-05-17_21:00:00;0.25502981307385597
2018-05-17_22:00:00;0.24121611735011156
2018-05-17_23:00:00;0.21841734645352454
2018-05-18_00:00:00;0.19727384131397008
2018-05-18_01:00:00;0.1739492263232981
2018-05-18_02:00:00;0.1569621758056846
2018-05-18_03:00:00;0.14414529758203168
2018-05-18_04:00:00;0.13057394739730036
2018-05-18_05:00:00;0.1156948458133665
2018-05-18_06:00:00;0.10100779163770714
2018-05-18_07:00:00;0.09347221714160296
2018-05-18_08:00:00;0.09331675019204741
2018-05-18_09:00:00;0.0951777810293741
2018-05-18_10:00:00;0.09242510151077295
2018-05-18_11:00:00;0.08874876540951823
2018-05-18_12:00:00;0.08196766287449245
2018-05-18_13:00:00;0.07440465303434905
2018-05-18_14:00:00;0.06772871931814024
2018-05-18_15:00:00;0.06346252332004243
2018-05-18_16:00:00;0.06046292570508834
2018-05-18_17:00:00;0.05866591067051981
2018-05-18_18:00:00;0.059621575154552436
2018-05-18_19:00:00;0.061020777700552364
2018-05-18_20:00:00;0.06627464608406189
2018-05-18_21:00:00;0.060385192230310566
2018-05-18_22:00:00;0.054372279328382775
2018-05-18_23:00:00;0.04582616966016754
2018-05-19_00:00:00;0.035551633317481804
2018-05-19_01:00:00;0.02864249917693968
2018-05-19_02:00:00;0.02758623843142993
2018-05-19_03:00:00;0.027709697479606395
2018-05-19_04:00:00;0.031514065186377435
2018-05-19_05:00:00;0.032803526356220504
2018-05-19_06:00:00;0.02721586128690054
2018-05-19_07:00:00;0.018441123751691848
2018-05-19_08:00:00;0.017380290448842227
2018-05-19_09:00:00;0.020924022387240736
2018-05-19_10:00:00;0.024943300288985625
2018-05-19_11:00:00;0.026763178110253503
2018-05-19_12:00:00;0.02859220104620112
2018-05-19_13:00:00;0.029273512089841608
2018-05-19_14:00:00;0.03268006730804404
2018-05-19_15:00:00;0.040293375278926
2018-05-19_16:00:00;0.05104345758495812
2018-05-19_17:00:00;0.060065113216519736
2018-05-19_18:00:00;0.06597285729963054
2018-05-19_19:00:00;0.08077422540878662
2018-05-19_20:00:00;0.10315689358744559
2018-05-19_21:00:00;0.125873358451915
2018-05-19_22:00:00;0.13838387533379667
2018-05-19_23:00:00;0.1479085122727439
2018-05-20_00:00:00;0.14738266817865897
2018-05-20_01:00:00;0.14563595127482898
2018-05-20_02:00:00;0.14404927387789443
2018-05-20_03:00:00;0.14928485203204447
2018-05-20_04:00:00;0.15070691736474376
2018-05-20_05:00:00;0.14136061016205143
2018-05-20_06:00:00;0.11038610674177854
2018-05-20_07:00:00;0.06918279255221861
2018-05-20_08:00:00;0.06926052602699638
2018-05-20_09:00:00;0.09040403116655082
2018-05-20_10:00:00;0.12083897282071918
2018-05-20_11:00:00;0.1366508761019863
2018-05-20_12:00:00;0.15182719391301167
2018-05-20_13:00:00;0.164909280462377
2018-05-20_14:00:00;0.18460328492519296
2018-05-20_15:00:00;0.20004938361927058
2018-05-20_16:00:00;0.21422431137286463
2018-05-20_17:00:00;0.22606723488312544
2018-05-20_18:00:00;0.22727439002085087
2018-05-20_19:00:00;0.2176400117057468
2018-05-20_20:00:00;0.26492482715733257
2018-05-20_21:00:00;0.3135494019094999
2018-05-20_22:00:00;0.3327404250649303
2018-05-20_23:00:00;0.3308793942276036
2018-05-21_00:00:00;0.32108040384826425
2018-05-21_01:00:00;0.3097541793174086
2018-05-21_02:00:00;0.3021683066905659
2018-05-21_03:00:00;0.2888896001755862
2018-05-21_04:00:00;0.2857116728243772
2018-05-21_05:00:00;0.27166020411895964
2018-05-21_06:00:00;0.20643724622306764
2018-05-21_07:00:00;0.13646797380839157
2018-05-21_08:00:00;0.13094432454182975
2018-05-21_09:00:00;0.19331857921498335
2018-05-21_10:00:00;0.23268372535391593
2018-05-21_11:00:00;0.2551395544500128
2018-05-21_12:00:00;0.2444031898160003
2018-05-21_13:00:00;0.2583266269159015
2018-05-21_14:00:00;0.2614496835790321
2018-05-21_15:00:00;0.26176519003548304
2018-05-21_16:00:00;0.2584455134067381
2018-05-21_17:00:00;0.2534431356769214
2018-05-21_18:00:00;0.2356696052968504
2018-05-21_19:00:00;0.2110966821523942
2018-05-21_20:00:00;0.23210301057175256
2018-05-21_21:00:00;0.2534659984636207
2018-05-21_22:00:00;0.25875187474850936
2018-05-21_23:00:00;0.24498390459816366
2018-05-22_00:00:00;0.216025898964773
2018-05-22_01:00:00;0.1898708709807221
2018-05-22_02:00:00;0.17151662581848776
2018-05-22_03:00:00;0.15648662984233822
2018-05-22_04:00:00;0.14764330394703148
2018-05-22_05:00:00;0.1251646120642353
2018-05-22_06:00:00;0.08178018802355781
2018-05-22_07:00:00;0.04060888173537696
2018-05-22_08:00:00;0.03411127775542305
2018-05-22_09:00:00;0.05845557303288583
2018-05-22_10:00:00;0.08535135530599554
2018-05-22_11:00:00;0.08409390203753155
2018-05-22_12:00:00;0.07524600358488495
2018-05-22_13:00:00;0.06956688736876761
2018-05-22_14:00:00;0.0725070417383034
2018-05-22_15:00:00;0.08155156015656437
2018-05-22_16:00:00;0.08932033507700186
2018-05-22_17:00:00;0.10585470241796832
2018-05-22_18:00:00;0.11016662398946483
2018-05-22_19:00:00;0.12782126787869919
2018-05-22_20:00:00;0.14813714013973736
2018-05-22_21:00:00;0.15858086110399824
2018-05-22_22:00:00;0.16617130628818086
2018-05-22_23:00:00;0.16328145004938363
2018-05-23_00:00:00;0.1547902110692468
2018-05-23_01:00:00;0.14641328602260673
2018-05-23_02:00:00;0.13799063540256795
2018-05-23_03:00:00;0.13165307092950945
2018-05-23_04:00:00;0.13518765775322822
2018-05-23_05:00:00;0.1344240406774701
2018-05-23_06:00:00;0.10026703734864835
2018-05-23_07:00:00;0.0633344917145261
2018-05-23_08:00:00;0.062355964443794126
2018-05-23_09:00:00;0.08087939422760361
2018-05-23_10:00:00;0.10534714855324286
2018-05-23_11:00:00;0.12608826864688882
2018-05-23_12:00:00;0.13978765043713648
2018-05-23_13:00:00;0.14653674507078318
2018-05-23_14:00:00;0.16413194571459927
2018-05-23_15:00:00;0.1890295204301862
2018-05-23_16:00:00;0.22428851007791636
2018-05-23_17:00:00;0.2387606540586019
2018-05-23_18:00:00;0.2418014046896148
2018-05-23_19:00:00;0.2263690236675568
2018-05-23_20:00:00;0.23814335881771959
2018-05-23_21:00:00;0.2632238358269013
2018-05-23_22:00:00;0.278596773603541
2018-05-23_23:00:00;0.28343453926912243
2018-05-24_00:00:00;0.2742345539013059
2018-05-24_01:00:00;0.26550554193949594
2018-05-24_02:00:00;0.24935526941507846
2018-05-24_03:00:00;0.2410377876138567
2018-05-24_04:00:00;0.23341990708563484
2018-05-24_05:00:00;0.21000841350550536
2018-05-24_06:00:00;0.15640432381022057
2018-05-24_07:00:00;0.12417693967882357
2018-05-24_08:00:00;0.13027673117020888
2018-05-24_09:00:00;0.16673373084098475
2018-05-24_10:00:00;0.22352032044481837
2018-05-24_11:00:00;0.2564976039799539
2018-05-24_12:00:00;0.2605717525697772
2018-05-24_13:00:00;0.2560586384753265
2018-05-24_14:00:00;0.25362603797051614
2018-05-24_15:00:00;0.2553864725463657
2018-05-24_16:00:00;0.252267988440575
2018-05-24_17:00:00;0.23555986392069356
2018-05-24_18:00:00;0.22410560778432162
2018-05-24_19:00:00;0.20691736474375388
2018-05-24_20:00:00;0.2143614880930607
2018-05-24_21:00:00;0.21055712038628965
2018-05-24_22:00:00;0.2053809854775579
2018-05-24_23:00:00;0.2025414273694992
2018-05-25_00:00:00;0.19641420053407468
2018-05-25_01:00:00;0.19566887368767605
2018-05-25_02:00:00;0.19447086366463034
2018-05-25_03:00:00;0.1886728609576764
2018-05-25_04:00:00;0.18374821670263744
2018-05-25_05:00:00;0.16208344002633793
2018-05-25_06:00:00;0.10457438636280499
2018-05-25_07:00:00;0.07245217105022497
2018-05-25_08:00:00;0.07317463510992428
2018-05-25_09:00:00;0.10076087354135421
2018-05-25_10:00:00;0.1538619819292534
2018-05-25_11:00:00;0.16649595785931157
2018-05-25_12:00:00;0.14997988074770457
2018-05-25_13:00:00;0.1349544573288949
2018-05-25_14:00:00;0.12604711563083001
2018-05-25_15:00:00;0.12537494970186927
2018-05-25_16:00:00;0.13157991001207156
2018-05-25_17:00:00;0.1328145004938362
2018-05-25_18:00:00;0.13667831144602555
2018-05-25_19:00:00;0.13484471595273806
2018-05-25_20:00:00;0.145530782456012
2018-05-25_21:00:00;0.1530617843947763
2018-05-25_22:00:00;0.14918425577056738
2018-05-25_23:00:00;0.1401397373523064
2018-05-26_00:00:00;0.11659106705198083
2018-05-26_01:00:00;0.09833741815122361
2018-05-26_02:00:00;0.08777023813878626
2018-05-26_03:00:00;0.08576745802392362
2018-05-26_04:00:00;0.0869517503749497
2018-05-26_05:00:00;0.08172988989281925
2018-05-26_06:00:00;0.05273530380070966
2018-05-26_07:00:00;0.027787430954384167
2018-05-26_08:00:00;0.018482276767750667
2018-05-26_09:00:00;0.028331565277828583
2018-05-26_10:00:00;0.038052822182390166
2018-05-26_11:00:00;0.045016827011010715
2018-05-26_12:00:00;0.04585817756154662
2018-05-26_13:00:00;0.04373651095584739
2018-05-26_14:00:00;0.04778779675897136
2018-05-26_15:00:00;0.05162417236712148
2018-05-26_16:00:00;0.06617862237992464
2018-05-26_17:00:00;0.07562552584409409
2018-05-26_18:00:00;0.08313366499615905
2018-05-26_19:00:00;0.08623843142993014
2018-05-26_20:00:00;0.11708033068734681
2018-05-26_21:00:00;0.1381598200241431
2018-05-26_22:00:00;0.13643596590701249
2018-05-26_23:00:00;0.12367395837143798
2018-05-27_00:00:00;0.11045926765921645
2018-05-27_01:00:00;0.10075172842667447
2018-05-27_02:00:00;0.10078830888539342
2018-05-27_03:00:00;0.09661813659143285
2018-05-27_04:00:00;0.09531038519223031
2018-05-27_05:00:00;0.08376010535172111
2018-05-27_06:00:00;0.05969473607199034
2018-05-27_07:00:00;0.039932143249076346
2018-05-27_08:00:00;0.041550828547389985
2018-05-27_09:00:00;0.04483392471741596
2018-05-27_10:00:00;0.052671287997951496
2018-05-27_11:00:00;0.06119910743680726
2018-05-27_12:00:00;0.07322493324066284
2018-05-27_13:00:00;0.0745601199839046
2018-05-27_14:00:00;0.07742254087866261
2018-05-27_15:00:00;0.08655393788638109
2018-05-27_16:00:00;0.1023429783809489
2018-05-27_17:00:00;0.10841076197095512
2018-05-27_18:00:00;0.12358250722464059
2018-05-27_19:00:00;0.14563137871748913
2018-05-27_20:00:00;0.1616124666203314
2018-05-27_21:00:00;0.16646394995793248
2018-05-27_22:00:00;0.15110930241065224
2018-05-27_23:00:00;0.14216538025386838
2018-05-28_00:00:00;0.141584665471705
2018-05-28_01:00:00;0.1506246113326261
2018-05-28_02:00:00;0.14446994915316239
2018-05-28_03:00:00;0.13348666642279694
2018-05-28_04:00:00;0.1242912536123203
2018-05-28_05:00:00;0.1116481325675824
2018-05-28_06:00:00;0.08402531367743352
2018-05-28_07:00:00;0.05536452427113436
2018-05-28_08:00:00;0.03952061308848813
2018-05-28_09:00:00;0.040544865932618794
2018-05-28_10:00:00;0.049022387240736
2018-05-28_11:00:00;0.06000109741376157
2018-05-28_12:00:00;0.06709770640523832
2018-05-28_13:00:00;0.06934740461645389
2018-05-28_14:00:00;0.07441379814902879
2018-05-28_15:00:00;0.08154241504188463
2018-05-28_16:00:00;0.10180341661484435
2018-05-28_17:00:00;0.12382028020631379
2018-05-28_18:00:00;0.13820097304020193
2018-05-28_19:00:00;0.14719062077038447
2018-05-28_20:00:00;0.1804605479752716
2018-05-28_21:00:00;0.22107400226798843
2018-05-28_22:00:00;0.22846325492921682
2018-05-28_23:00:00;0.21170483227859677
2018-05-29_00:00:00;0.19687602882540148
2018-05-29_01:00:00;0.19084939825145408
2018-05-29_02:00:00;0.1906985038592384
2018-05-29_03:00:00;0.18818816987965029
2018-05-29_04:00:00;0.1804788382046311
2018-05-29_05:00:00;0.16344148955627905
2018-05-29_06:00:00;0.11581830486154296
2018-05-29_07:00:00;0.07775176500713318
2018-05-29_08:00:00;0.07617423272487837
2018-05-29_09:00:00;0.10079745400007316
2018-05-29_10:00:00;0.13697552767311702
2018-05-29_11:00:00;0.16987050517613492
2018-05-29_12:00:00;0.1903738522881077
2018-05-29_13:00:00;0.2114944946409628
2018-05-29_14:00:00;0.22619983904598165
2018-05-29_15:00:00;0.2407268537147456
2018-05-29_16:00:00;0.26161886820060726
2018-05-29_17:00:00;0.24825328309617004
2018-05-29_18:00:00;0.22400043896550462
2018-05-29_19:00:00;0.21255990050115228
2018-05-29_20:00:00;0.211732267622636
2018-05-29_21:00:00;0.21025533160185828
2018-05-29_22:00:00;0.2015537549840875
2018-05-29_23:00:00;0.18188261330797087
2018-05-30_00:00:00;0.15450213995683507
2018-05-30_01:00:00;0.12991549914035921
2018-05-30_02:00:00;0.10846563265903354
2018-05-30_03:00:00;0.10049109265830193
2018-05-30_04:00:00;0.10044993964224311
2018-05-30_05:00:00;0.09183066905658997
2018-05-30_06:00:00;0.06606888100376779
2018-05-30_07:00:00;0.04368164026776896
2018-05-30_08:00:00;0.03299100120715514
2018-05-30_09:00:00;0.02720214361488093
2018-05-30_10:00:00;0.03011943519771738
2018-05-30_11:00:00;0.04141365182719391
2018-05-30_12:00:00;0.04540092182755972
2018-05-30_13:00:00;0.045908475692285185
2018-05-30_14:00:00;0.04811702088744193
2018-05-30_15:00:00;0.05163331748180122
2018-05-30_16:00:00;0.0598044774481472
2018-05-30_17:00:00;0.07426290375681312
2018-05-30_18:00:00;0.07097523502944728
2018-05-30_19:00:00;0.06780645279291803
2018-05-30_20:00:00;0.07047225372206167
2018-05-30_21:00:00;0.0751499798807477
2018-05-30_22:00:00;0.07081976807989172
2018-05-30_23:00:00;0.07248417895160406
2018-05-31_00:00:00;0.07349471412371511
2018-05-31_01:00:00;0.07213209203643414
2018-05-31_02:00:00;0.0742217507407543
2018-05-31_03:00:00;0.08073764495006767
2018-05-31_04:00:00;0.07403884844715952
2018-05-31_05:00:00;0.05996908951238249
2018-05-31_06:00:00;0.037289205106632035
2018-05-31_07:00:00;0.019570545414639498
2018-05-31_08:00:00;0.017924424772286646
2018-05-31_09:00:00;0.02295881040348246
2018-05-31_10:00:00;0.03810312031312873
2018-05-31_11:00:00;0.04867944544024582
2018-05-31_12:00:00;0.05573947397300362
2018-05-31_13:00:00;0.06633866188682006
2018-05-31_14:00:00;0.07525972125690455
2018-05-31_15:00:00;0.08244320883783883
2018-05-31_16:00:00;0.09072868273768153
2018-05-31_17:00:00;0.10631195815195522
2018-05-31_18:00:00;0.1130061820975235
2018-05-31_19:00:00;0.11012547097340601
2018-05-31_20:00:00;0.11405787028569338
2018-05-31_21:00:00;0.1219866847130263
2018-05-31_22:00:00;0.12499085488532026
2018-05-31_23:00:00;0.12335845191498701
2018-06-01_00:00:00;0.12583220543585616
2018-06-01_01:00:00;0.13399879284486227
2018-06-01_02:00:00;0.13357354501225446
2018-06-01_03:00:00;0.12115447927717013
2018-06-01_04:00:00;0.10940757947104657
2018-06-01_05:00:00;0.1017211105827267
2018-06-01_06:00:00;0.08440483593664265
2018-06-01_07:00:00;0.06983666825181988
2018-06-01_08:00:00;0.06299154991403592
2018-06-01_09:00:00;0.06354482935216008
2018-06-01_10:00:00;0.06684621575154552
2018-06-01_11:00:00;0.07547463145187841
2018-06-01_12:00:00;0.09051377254270769
2018-06-01_13:00:00;0.10896861396641914
2018-06-01_14:00:00;0.11066046018217068
2018-06-01_15:00:00;0.11345886527417054
2018-06-01_16:00:00;0.11612009364597432
2018-06-01_17:00:00;0.10683780224604017
2018-06-01_18:00:00;0.0952372242747924
2018-06-01_19:00:00;0.08498555071880601
2018-06-01_20:00:00;0.07511797197936862
2018-06-01_21:00:00;0.07647602150930972
2018-06-01_22:00:00;0.07656290009876723
2018-06-01_23:00:00;0.08557083805830926
2018-06-02_00:00:00;0.0967141602955701
2018-06-02_01:00:00;0.1002304568899294
2018-06-02_02:00:00;0.10115411347258295
2018-06-02_03:00:00;0.10402567948202071
2018-06-02_04:00:00;0.09955829096096865
2018-06-02_05:00:00;0.09141913889600176
2018-06-02_06:00:00;0.07702930094743388
2018-06-02_07:00:00;0.06993269195595712
2018-06-02_08:00:00;0.07102096060284596
2018-06-02_09:00:00;0.07626111131433588
2018-06-02_10:00:00;0.0855479752716099
2018-06-02_11:00:00;0.08917401324212605
2018-06-02_12:00:00;0.09583622928631524
2018-06-02_13:00:00;0.09761952664886418
2018-06-02_14:00:00;0.10494019094999452
2018-06-02_15:00:00;0.1027270731974979
2018-06-02_16:00:00;0.09585451951567472
2018-06-02_17:00:00;0.07934758751874749
2018-06-02_18:00:00;0.06711142407725793
2018-06-02_19:00:00;0.06413926180634305
2018-06-02_20:00:00;0.0567317189157552
2018-06-02_21:00:00;0.054614624867395836
2018-06-02_22:00:00;0.05488897830778798
2018-06-02_23:00:00;0.04956652156418041
2018-06-03_00:00:00;0.04482477960273622
2018-06-03_01:00:00;0.04725280755020668
2018-06-03_02:00:00;0.05031184841057907
2018-06-03_03:00:00;0.0487571789150236
2018-06-03_04:00:00;0.04637030398361196
2018-06-03_05:00:00;0.03953433076050774
2018-06-03_06:00:00;0.02720214361488093
2018-06-03_07:00:00;0.021637341332260307
2018-06-03_08:00:00;0.023598968431064127
2018-06-03_09:00:00;0.02878882101181549
2018-06-03_10:00:00;0.03243314921169112
2018-06-03_11:00:00;0.03253374547316824
2018-06-03_12:00:00;0.031276292204704244
2018-06-03_13:00:00;0.03145919449829901
2018-06-03_14:00:00;0.034760580897684454
2018-06-03_15:00:00;0.037645864579141826
2018-06-03_16:00:00;0.03486117715916157
2018-06-03_17:00:00;0.031962175805684605
2018-06-03_18:00:00;0.030764165782638915
2018-06-03_19:00:00;0.03135402567948202
2018-06-03_20:00:00;0.03988184511833778
2018-06-03_21:00:00;0.04983630244723269
2018-06-03_22:00:00;0.05478838204631086
2018-06-03_23:00:00;0.05960328492519296
2018-06-04_00:00:00;0.05958499469583348
2018-06-04_01:00:00;0.056763726817134284
2018-06-04_02:00:00;0.05544225774591213
2018-06-04_03:00:00;0.05044902513077514
2018-06-04_04:00:00;0.050485605589494095
2018-06-04_05:00:00;0.04736712148370341
2018-06-04_06:00:00;0.036210081574422945
2018-06-04_07:00:00;0.028596773603540987
2018-06-04_08:00:00;0.030718440209240225
2018-06-04_09:00:00;0.03475143578300472
2018-06-04_10:00:00;0.04171544061162527
2018-06-04_11:00:00;0.04728938800892563
2018-06-04_12:00:00;0.04684584994695833
2018-06-04_13:00:00;0.05127208545195157
2018-06-04_14:00:00;0.062026740315323556
2018-06-04_15:00:00;0.07746369389472144
2018-06-04_16:00:00;0.09061894136152468
2018-06-04_17:00:00;0.10702984965431467
2018-06-04_18:00:00;0.1185298313640853
2018-06-04_19:00:00;0.11596919925375865
2018-06-04_20:00:00;0.11625269780883052
2018-06-04_21:00:00;0.11637615685700699
2018-06-04_22:00:00;0.12120934996524857
2018-06-04_23:00:00;0.1221650144492812
2018-06-05_00:00:00;0.1200524929582617
2018-06-05_01:00:00;0.11148809306068698
2018-06-05_02:00:00;0.09835570838058309
2018-06-05_03:00:00;0.08816805062735486
2018-06-05_04:00:00;0.07711160697955152
2018-06-05_05:00:00;0.06217306215019936
2018-06-05_06:00:00;0.044705893111899625
2018-06-05_07:00:00;0.03102022899367158
2018-06-05_08:00:00;0.021737937593737426
2018-06-05_09:00:00;0.01670355196254161
2018-06-05_10:00:00;0.014961407616051504
2018-06-05_11:00:00;0.01790613454292717
2018-06-05_12:00:00;0.02171507480703808
2018-06-05_13:00:00;0.0301605882137762
2018-06-05_14:00:00;0.036877674946043826
2018-06-05_15:00:00;0.048935508651278485
2018-06-05_16:00:00;0.05968101839997073
2018-06-05_17:00:00;0.06406152833156528
2018-06-05_18:00:00;0.07306032117642755
2018-06-05_19:00:00;0.08227402421626367
2018-06-05_20:00:00;0.10185828730292278
2018-06-05_21:00:00;0.12888667373888868
2018-06-05_22:00:00;0.15336357317920768
2018-06-05_23:00:00;0.1712742802794747
2018-06-06_00:00:00;0.18565040055602297
2018-06-06_01:00:00;0.19606668617624465
2018-06-06_02:00:00;0.20351995464023118
2018-06-06_03:00:00;0.20649211691114608
2018-06-06_04:00:00;0.20952372242747924
2018-06-06_05:00:00;0.18794582434063722
2018-06-06_06:00:00;0.13299740278743094
2018-06-06_07:00:00;0.09793046054797527
2018-06-06_08:00:00;0.07878973552328346
2018-06-06_09:00:00;0.08030782456011998
2018-06-06_10:00:00;0.09173007279511285
2018-06-06_11:00:00;0.11171672092768044
2018-06-06_12:00:00;0.1226222701832681
2018-06-06_13:00:00;0.12335387935764715
2018-06-06_14:00:00;0.12163917035519625
2018-06-06_15:00:00;0.12411749643340528
2018-06-06_16:00:00;0.12058290960968651
2018-06-06_17:00:00;0.12241193254563412
2018-06-06_18:00:00;0.1353568423748034
2018-06-06_19:00:00;0.1491339576398288
2018-06-06_20:00:00;0.1844523905329773
2018-06-06_21:00:00;0.22287101730255698
2018-06-06_22:00:00;0.2395745692650986
2018-06-06_23:00:00;0.22801057175256978
2018-06-07_00:00:00;0.21592987526063576
2018-06-07_01:00:00;0.20869608954896293
2018-06-07_02:00:00;0.19855872992647328
2018-06-07_03:00:00;0.18129275341112777
2018-06-07_04:00:00;0.16168562753776933
2018-06-07_05:00:00;0.1388228408384241
2018-06-07_06:00:00;0.08531477484727658
2018-06-07_07:00:00;0.04944763507334382
2018-06-07_08:00:00;0.0443400885247101
2018-06-07_09:00:00;0.05426711050956579
2018-06-07_10:00:00;0.06721659289607491
2018-06-07_11:00:00;0.0666724585726305
2018-06-07_12:00:00;0.05883966784943483
2018-06-07_13:00:00;0.05006950287156601
2018-06-07_14:00:00;0.04096096865054688
2018-06-07_15:00:00;0.03759556644840326
2018-06-07_16:00:00;0.03786534733145554
2018-06-07_17:00:00;0.04345758495811537
2018-06-07_18:00:00;0.052771884259428616
2018-06-07_19:00:00;0.07167483630244724
2018-06-07_20:00:00;0.09578135859823682
2018-06-07_21:00:00;0.12141054248820281
2018-06-07_22:00:00;0.13330833668654204
2018-06-07_23:00:00;0.12614313933496726
2018-06-08_00:00:00;0.1036141493214325
2018-06-08_01:00:00;0.07948476423894356
2018-06-08_02:00:00;0.06544701320554559
2018-06-08_03:00:00;0.05517704942019973
2018-06-08_04:00:00;0.04889435563521967
2018-06-08_05:00:00;0.043933130921461755
2018-06-08_06:00:00;0.029488422284815453
2018-06-08_07:00:00;0.015555840070234481
2018-06-08_08:00:00;0.013045506090646376
2018-06-08_09:00:00;0.016493214324907635
2018-06-08_10:00:00;0.021029191206057726
2018-06-08_11:00:00;0.023466364268207925
2018-06-08_12:00:00;0.0272067161722208
2018-06-08_13:00:00;0.03266177707868457
2018-06-08_14:00:00;0.04466931265318067
2018-06-08_15:00:00;0.06013370157661777
2018-06-08_16:00:00;0.06803508065991147
2018-06-08_17:00:00;0.08186249405567546
2018-06-08_18:00:00;0.09440044628159637
2018-06-08_19:00:00;0.09821853166038702
2018-06-08_20:00:00;0.1164767531184841
2018-06-08_21:00:00;0.1431942056553389
2018-06-08_22:00:00;0.14584171635512308
2018-06-08_23:00:00;0.14025405128580312
2018-06-09_00:00:00;0.13349123898013682
2018-06-09_01:00:00;0.11258550682225556
2018-06-09_02:00:00;0.08851099242784505
2018-06-09_03:00:00;0.07330723927278048
2018-06-09_04:00:00;0.06428558364121886
2018-06-09_05:00:00;0.053613234809964515
2018-06-09_06:00:00;0.03770530782456012
2018-06-09_07:00:00;0.020814281011083877
2018-06-09_08:00:00;0.013438746021875114
2018-06-09_09:00:00;0.01298149028788821
2018-06-09_10:00:00;0.018445696309031714
2018-06-09_11:00:00;0.026383655851044373
2018-06-09_12:00:00;0.03316933094341003
2018-06-09_13:00:00;0.03766872736584117
2018-06-09_14:00:00;0.04355818121959249
2018-06-09_15:00:00;0.05095200643816074
2018-06-09_16:00:00;0.06288180853787906
2018-06-09_17:00:00;0.07963108607381937
2018-06-09_18:00:00;0.07814043238102206
2018-06-09_19:00:00;0.08007919669312653
2018-06-09_20:00:00;0.08655851044372097
2018-06-09_21:00:00;0.08543366133811318
2018-06-09_22:00:00;0.06595456707027106
2018-06-09_23:00:00;0.05304166514248089
2018-06-10_00:00:00;0.03983154698759923
2018-06-10_01:00:00;0.03709258514101767
2018-06-10_02:00:00;0.04139078904049457
2018-06-10_03:00:00;0.04218641401763178
2018-06-10_04:00:00;0.04332955335259904
2018-06-10_05:00:00;0.0468367048322786
2018-06-10_06:00:00;0.039264549877455465
2018-06-10_07:00:00;0.03160551633317482
2018-06-10_08:00:00;0.02973534038116838
2018-06-10_09:00:00;0.032488019899769544
2018-06-10_10:00:00;0.034788016241723674
2018-06-10_11:00:00;0.031235139188645424
2018-06-10_12:00:00;0.03880272158612869
2018-06-10_13:00:00;0.0635265391228006
2018-06-10_14:00:00;0.0886938947214398
2018-06-10_15:00:00;0.11077934667300728
2018-06-10_16:00:00;0.13468467644584264
2018-06-10_17:00:00;0.12480338003438562
2018-06-10_18:00:00;0.10520997183304678
2018-06-10_19:00:00;0.08366408164758386
2018-06-10_20:00:00;0.06855635219665654
2018-06-10_21:00:00;0.07035793978856494
2018-06-10_22:00:00;0.0890779895379888
2018-06-10_23:00:00;0.10340838424113838
2018-06-11_00:00:00;0.10408055017009914
2018-06-11_01:00:00;0.1021783663167136
2018-06-11_02:00:00;0.10713501847313166
2018-06-11_03:00:00;0.10294198339247174
2018-06-11_04:00:00;0.09750978527270732
2018-06-11_05:00:00;0.08677799319603467
2018-06-11_06:00:00;0.07499451293119215
2018-06-11_07:00:00;0.07201777810293741
2018-06-11_08:00:00;0.0679710648571533
2018-06-11_09:00:00;0.06383290046457182
2018-06-11_10:00:00;0.06795277462779384
2018-06-11_11:00:00;0.07613765226615941
2018-06-11_12:00:00;0.08594578776017851
2018-06-11_13:00:00;0.09879924644255039
2018-06-11_14:00:00;0.11398470936825547
2018-06-11_15:00:00;0.11586403043494166
2018-06-11_16:00:00;0.11806343051541866
2018-06-11_17:00:00;0.11775706917364744
2018-06-11_18:00:00;0.12173062150199364
2018-06-11_19:00:00;0.1322932289570911
2018-06-11_20:00:00;0.1444653765958225
2018-06-11_21:00:00;0.14839777590810987
2018-06-11_22:00:00;0.163372901196181
2018-06-11_23:00:00;0.17321761714891903
2018-06-12_00:00:00;0.1659152430771482
2018-06-12_01:00:00;0.15110015729597248
2018-06-12_02:00:00;0.1361524673519406
2018-06-12_03:00:00;0.13054651205326115
2018-06-12_04:00:00;0.13343636829205838
2018-06-12_05:00:00;0.13221549548231334
2018-06-12_06:00:00;0.1188270475911768
2018-06-12_07:00:00;0.12703021545890186
2018-06-12_08:00:00;0.12697534477082342
2018-06-12_09:00:00;0.11528331565277829
2018-06-12_10:00:00;0.1106878955262099
2018-06-12_11:00:00;0.10490818304861543
2018-06-12_12:00:00;0.1038793576471449
2018-06-12_13:00:00;0.11140578702856933
2018-06-12_14:00:00;0.1246296228554706
2018-06-12_15:00:00;0.13471211178988185
2018-06-12_16:00:00;0.1370532611478948
2018-06-12_17:00:00;0.1344834839228884
2018-06-12_18:00:00;0.132297801514431
2018-06-12_19:00:00;0.1325950177415225
2018-06-12_20:00:00;0.12112247137579105
2018-06-12_21:00:00;0.12413578666276476
2018-06-12_22:00:00;0.1316622160441892
2018-06-12_23:00:00;0.1176884808135494
2018-06-13_00:00:00;0.11500896221238614
2018-06-13_01:00:00;0.11697516186852983
2018-06-13_02:00:00;0.12354592676592165
2018-06-13_03:00:00;0.13129641145699966
2018-06-13_04:00:00;0.1450735267220251
2018-06-13_05:00:00;0.1490470790503713
2018-06-13_06:00:00;0.14274609503603175
2018-06-13_07:00:00;0.14246716903829973
2018-06-13_08:00:00;0.14282382851080952
2018-06-13_09:00:00;0.13793119215714966
2018-06-13_10:00:00;0.14379778322420164
2018-06-13_11:00:00;0.14642243113728645
2018-06-13_12:00:00;0.1589878187072466
2018-06-13_13:00:00;0.17159435929326552
2018-06-13_14:00:00;0.18291601126678128
2018-06-13_15:00:00;0.1874474155905915
2018-06-13_16:00:00;0.19191937666898343
2018-06-13_17:00:00;0.1784394776310495
2018-06-13_18:00:00;0.15719080367267804
2018-06-13_19:00:00;0.12428668105498043
2018-06-13_20:00:00;0.10204576215385741
2018-06-13_21:00:00;0.0924616819694919
2018-06-13_22:00:00;0.08892252258843326
2018-06-13_23:00:00;0.08724896660204119
2018-06-14_00:00:00;0.08751874748509346
2018-06-14_01:00:00;0.09423126166002121
2018-06-14_02:00:00;0.1030654424406482
2018-06-14_03:00:00;0.11484892270549073
2018-06-14_04:00:00;0.1319411420419212
2018-06-14_05:00:00;0.13279163770713684
2018-06-14_06:00:00;0.11863042762556242
2018-06-14_07:00:00;0.11086165270512492
2018-06-14_08:00:00;0.1287815049200717
2018-06-14_09:00:00;0.13991110948531293
2018-06-14_10:00:00;0.1478810769287047
2018-06-14_11:00:00;0.15677470095474996
2018-06-14_12:00:00;0.16553572081793905
2018-06-14_13:00:00;0.16671544061162527
2018-06-14_14:00:00;0.15626257453268463
2018-06-14_15:00:00;0.14546219409591396
2018-06-14_16:00:00;0.15072520759410324
2018-06-14_17:00:00;0.1512007535574496
2018-06-14_18:00:00;0.15127391447488753
2018-06-14_19:00:00;0.14810513223835828
2018-06-14_20:00:00;0.14384808135494018
2018-06-14_21:00:00;0.1423985806782017
2018-06-14_22:00:00;0.1368292058382412
2018-06-14_23:00:00;0.1244238577751765
2018-06-15_00:00:00;0.10933441855360866
2018-06-15_01:00:00;0.09308354976771409
2018-06-15_02:00:00;0.08140523832168856
2018-06-15_03:00:00;0.06782017046493763
2018-06-15_04:00:00;0.0540293375278926
2018-06-15_05:00:00;0.04296832132274939
2018-06-15_06:00:00;0.034157003328821746
2018-06-15_07:00:00;0.029131762812305666
2018-06-15_08:00:00;0.027842301642462597
2018-06-15_09:00:00;0.026214471229469218
2018-06-15_10:00:00;0.02767768957822731
2018-06-15_11:00:00;0.03241485898233164
2018-06-15_12:00:00;0.03679536891392618
2018-06-15_13:00:00;0.03680451402860592
2018-06-15_14:00:00;0.03679536891392618
2018-06-15_15:00:00;0.03411127775542305
2018-06-15_16:00:00;0.028953433076050774
2018-06-15_17:00:00;0.023210301057175257
2018-06-15_18:00:00;0.023708709807220982
2018-06-15_19:00:00;0.028134945312214214
2018-06-15_20:00:00;0.03519954640231188
2018-06-15_21:00:00;0.04548780041701723
2018-06-15_22:00:00;0.05875736181731719
2018-06-15_23:00:00;0.06581281779273512
2018-06-16_00:00:00;0.07028020631378717
2018-06-16_01:00:00;0.07301002304568899
2018-06-16_02:00:00;0.07238358269012693
2018-06-16_03:00:00;0.06808080623331017
2018-06-16_04:00:00;0.06817225738010754
2018-06-16_05:00:00;0.06205874821670264
2018-06-16_06:00:00;0.04879833193108241
2018-06-16_07:00:00;0.029236931631122655
2018-06-16_08:00:00;0.024732962651351647
2018-06-16_09:00:00;0.028898562387972344
2018-06-16_10:00:00;0.03778304129933789
2018-06-16_11:00:00;0.049712843399056225
2018-06-16_12:00:00;0.060933899111094855
2018-06-16_13:00:00;0.06541500530416651
2018-06-16_14:00:00;0.06963090317152577
2018-06-16_15:00:00;0.06913249442148005
2018-06-16_16:00:00;0.0614734608771994
2018-06-16_17:00:00;0.04991403592201046
2018-06-16_18:00:00;0.0463931667703113
2018-06-16_19:00:00;0.04984544756191243
2018-06-16_20:00:00;0.050234114935801294
2018-06-16_21:00:00;0.05654881662216044
2018-06-16_22:00:00;0.06391063393934959
2018-06-16_23:00:00;0.06455079196693127
2018-06-17_00:00:00;0.07537403519040128
2018-06-17_01:00:00;0.08367779931960347
2018-06-17_02:00:00;0.10135073343819731
2018-06-17_03:00:00;0.11519643706332078
2018-06-17_04:00:00;0.13628049895745692
2018-06-17_05:00:00;0.13422284815451585
2018-06-17_06:00:00;0.11434136884076526
2018-06-17_07:00:00;0.12058748216702637
2018-06-17_08:00:00;0.13734133226030654
2018-06-17_09:00:00;0.16526593993488678
2018-06-17_10:00:00;0.19268756630208142
2018-06-17_11:00:00;0.204329297289388
2018-06-17_12:00:00;0.21624538171708674
2018-06-17_13:00:00;0.21565094926290376
2018-06-17_14:00:00;0.21470442989355087
2018-06-17_15:00:00;0.20542671105095658
2018-06-17_16:00:00;0.1810092548560559
2018-06-17_17:00:00;0.15659637121849507
2018-06-17_18:00:00;0.13866737388886857
2018-06-17_19:00:00;0.10932070088158906
2018-06-17_20:00:00;0.07672751216300253
2018-06-17_21:00:00;0.06875754471961078
2018-06-17_22:00:00;0.07636628013315287
2018-06-17_23:00:00;0.08358177561546622
2018-06-18_00:00:00;0.08761934374657059
2018-06-18_01:00:00;0.0942769872334199
2018-06-18_02:00:00;0.0981773786443282
2018-06-18_03:00:00;0.10374218092694883
2018-06-18_04:00:00;0.10916066137469364
2018-06-18_05:00:00;0.10538372901196182
2018-06-18_06:00:00;0.10328035263562205
2018-06-18_07:00:00;0.1081775615466218
2018-06-18_08:00:00;0.1351510772945093
2018-06-18_09:00:00;0.1588506419870505
2018-06-18_10:00:00;0.1715120532611479
2018-06-18_11:00:00;0.1809955371840363
2018-06-18_12:00:00;0.18317207447781395
2018-06-18_13:00:00;0.18600248747119288
2018-06-18_14:00:00;0.17573252368584702
2018-06-18_15:00:00;0.1788510077916377
2018-06-18_16:00:00;0.17006712514174926
2018-06-18_17:00:00;0.14664648644694003
2018-06-18_18:00:00;0.1298149028788821
2018-06-18_19:00:00;0.11858012949482387
2018-06-18_20:00:00;0.11988788089402641
2018-06-18_21:00:00;0.14546676665325384
2018-06-18_22:00:00;0.17559534696565096
2018-06-18_23:00:00;0.20066210630281303
2018-06-19_00:00:00;0.2096608991476753
2018-06-19_01:00:00;0.20476369023667557
2018-06-19_02:00:00;0.20879668581044006
2018-06-19_03:00:00;0.20473168233529648
2018-06-19_04:00:00;0.20291637707136848
2018-06-19_05:00:00;0.18822017778102937
2018-06-19_06:00:00;0.162883637560815
2018-06-19_07:00:00;0.15318524344295278
2018-06-19_08:00:00;0.14967809196327322
2018-06-19_09:00:00;0.1419550426162344
2018-06-19_10:00:00;0.1368612137396203
2018-06-19_11:00:00;0.1464635841533453
2018-06-19_12:00:00;0.15091268244503786
2018-06-19_13:00:00;0.15569100486520102
2018-06-19_14:00:00;0.1493854482935216
2018-06-19_15:00:00;0.1430936093938618
2018-06-19_16:00:00;0.13140158027581667
2018-06-19_17:00:00;0.11799026959798076
2018-06-19_18:00:00;0.10160222409189011
2018-06-19_19:00:00;0.08571258733584519
2018-06-19_20:00:00;0.07949848191096316
2018-06-19_21:00:00;0.07035336723122508
2018-06-19_22:00:00;0.06866152101547353
2018-06-19_23:00:00;0.06247942349197059
2018-06-20_00:00:00;0.05418937703478802
2018-06-20_01:00:00;0.050362146541317626
2018-06-20_02:00:00;0.05379613710355928
2018-06-20_03:00:00;0.06442276036141494
2018-06-20_04:00:00;0.07460584555730329
2018-06-20_05:00:00;0.07980941581007425
2018-06-20_06:00:00;0.06354025679482021
2018-06-20_07:00:00;0.05956213190913414
2018-06-20_08:00:00;0.07569411420419211
2018-06-20_09:00:00;0.09105333430881224
2018-06-20_10:00:00;0.10065113216519735
2018-06-20_11:00:00;0.10833302849617735
2018-06-20_12:00:00;0.11959523722427479
2018-06-20_13:00:00;0.12648150857811757
2018-06-20_14:00:00;0.13200515784467937
2018-06-20_15:00:00;0.13305227347550938
2018-06-20_16:00:00;0.13411767933569888
2018-06-20_17:00:00;0.1353385521454439
2018-06-20_18:00:00;0.11985587299264733
2018-06-20_19:00:00;0.09541098145370742
2018-06-20_20:00:00;0.0854153711087537
2018-06-20_21:00:00;0.09026228188901489
2018-06-20_22:00:00;0.10404396971138018
2018-06-20_23:00:00;0.112535208691517
2018-06-21_00:00:00;0.10417657387423639
2018-06-21_01:00:00;0.09550243260050481
2018-06-21_02:00:00;0.0922696345612174
2018-06-21_03:00:00;0.10472528075502066
2018-06-21_04:00:00;0.11327596298057578
2018-06-21_05:00:00;0.125941946812013
2018-06-21_06:00:00;0.13767970150345685
2018-06-21_07:00:00;0.15663295167721403
2018-06-21_08:00:00;0.22168215239419103
2018-06-21_09:00:00;0.32728536415846654
2018-06-21_10:00:00;0.43621739766616674
2018-06-21_11:00:00;0.4972381753667191
2018-06-21_12:00:00;0.5130455060906464
2018-06-21_13:00:00;0.5278834546585214
2018-06-21_14:00:00;0.5415874090061089
2018-06-21_15:00:00;0.5293009474338808
2018-06-21_16:00:00;0.5324651571130702
2018-06-21_17:00:00;0.5344587921132531
2018-06-21_18:00:00;0.5249067198302667
2018-06-21_19:00:00;0.49340179975856896
2018-06-21_20:00:00;0.4492949116581922
2018-06-21_21:00:00;0.41785400738925266
2018-06-21_22:00:00;0.40853970808793943
2018-06-21_23:00:00;0.3956908219629074
2018-06-22_00:00:00;0.39522899367158065
2018-06-22_01:00:00;0.3966419138896002
2018-06-22_02:00:00;0.3826270256429016
2018-06-22_03:00:00;0.3700524929582617
2018-06-22_04:00:00;0.3581638438746022
2018-06-22_05:00:00;0.34642608918315837
2018-06-22_06:00:00;0.3465541207886747
2018-06-22_07:00:00;0.36130061820975234
2018-06-22_08:00:00;0.3739666020411896
2018-06-22_09:00:00;0.38369243150309107
2018-06-22_10:00:00;0.3808528733950324
2018-06-22_11:00:00;0.37170775871529427
2018-06-22_12:00:00;0.378772359805392
2018-06-22_13:00:00;0.3927095145773128
2018-06-22_14:00:00;0.40719537623001795
2018-06-22_15:00:00;0.4290293375278926
2018-06-22_16:00:00;0.437081611003402
2018-06-22_17:00:00;0.4396376705563888
2018-06-22_18:00:00;0.41036415846654717
2018-06-22_19:00:00;0.39066558144639135
2018-06-22_20:00:00;0.3746021875114314
2018-06-22_21:00:00;0.36118173171891577
2018-06-22_22:00:00;0.37020338735047736
2018-06-22_23:00:00;0.37137396202948386
2018-06-23_00:00:00;0.3594167245857263
2018-06-23_01:00:00;0.36061473460877197
2018-06-23_02:00:00;0.3561244833010206
2018-06-23_03:00:00;0.35815927131726233
2018-06-23_04:00:00;0.34201357135018473
2018-06-23_05:00:00;0.3314463913377474
2018-06-23_06:00:00;0.3218806013827413
2018-06-23_07:00:00;0.3251911328968065
2018-06-23_08:00:00;0.336521929985002
2018-06-23_09:00:00;0.3409390203753155
2018-06-23_10:00:00;0.34758294619014524
2018-06-23_11:00:00;0.3572356147346088
2018-06-23_12:00:00;0.36110857080147785
2018-06-23_13:00:00;0.37307038080257526
2018-06-23_14:00:00;0.37990635402567946
2018-06-23_15:00:00;0.38438288766141127
2018-06-23_16:00:00;0.37404890807330726
2018-06-23_17:00:00;0.3397272926802502
2018-06-23_18:00:00;0.2970973406006511
2018-06-23_19:00:00;0.25356202216775797
2018-06-23_20:00:00;0.22041098145370744
2018-06-23_21:00:00;0.19725097852727072
2018-06-23_22:00:00;0.19343289314848008
2018-06-23_23:00:00;0.18126989062442844
2018-06-24_00:00:00;0.17075758130006952
2018-06-24_01:00:00;0.15887807733108975
2018-06-24_02:00:00;0.14720433844240408
2018-06-24_03:00:00;0.13454749972564656
2018-06-24_04:00:00;0.1284111277755423
2018-06-24_05:00:00;0.1189733694260526
2018-06-24_06:00:00;0.11665051029739913
2018-06-24_07:00:00;0.12242107766031386
2018-06-24_08:00:00;0.13713099462267256
2018-06-24_09:00:00;0.14379778322420164
2018-06-24_10:00:00;0.1464315762519662
2018-06-24_11:00:00;0.14873614515126019
2018-06-24_12:00:00;0.15342301642462597
2018-06-24_13:00:00;0.15165800929143652
2018-06-24_14:00:00;0.1492391264586458
2018-06-24_15:00:00;0.14828346197461317
2018-06-24_16:00:00;0.14023118849910376
2018-06-24_17:00:00;0.13639024033361377
2018-06-24_18:00:00;0.13085744595237225
2018-06-24_19:00:00;0.1277343892892417
2018-06-24_20:00:00;0.11793082635256247
2018-06-24_21:00:00;0.10506364999817097
2018-06-24_22:00:00;0.097171416029557
2018-06-24_23:00:00;0.09198156344880565
2018-06-25_00:00:00;0.0886344514760215
2018-06-25_01:00:00;0.08335314774847277
2018-06-25_02:00:00;0.08112173976661667
2018-06-25_03:00:00;0.08091597468632257
2018-06-25_04:00:00;0.08541994366609357
2018-06-25_05:00:00;0.0810577239638585
2018-06-25_06:00:00;0.07609192669276073
2018-06-25_07:00:00;0.08274042506493032
2018-06-25_08:00:00;0.09196784577678604
2018-06-25_09:00:00;0.09919705893111899
2018-06-25_10:00:00;0.10221037421809269
2018-06-25_11:00:00;0.10557120386289644
2018-06-25_12:00:00;0.10888173537696162
2018-06-25_13:00:00;0.11715349160478472
2018-06-25_14:00:00;0.12466163075684969
2018-06-25_15:00:00;0.1338021728792479
2018-06-25_16:00:00;0.14401726597651535
2018-06-25_17:00:00;0.14747869188279622
2018-06-25_18:00:00;0.14198705051761348
2018-06-25_19:00:00;0.1342594286132348
2018-06-25_20:00:00;0.12660039506895415
2018-06-25_21:00:00;0.11884533782053627
2018-06-25_22:00:00;0.11445111021692211
2018-06-25_23:00:00;0.10139645901159601
2018-06-26_00:00:00;0.08646248673958372
2018-06-26_01:00:00;0.07453725719720525
2018-06-26_02:00:00;0.0687986977356696
2018-06-26_03:00:00;0.06097962468449354
2018-06-26_04:00:00;0.055812634890441526
2018-06-26_05:00:00;0.04506712514174928
2018-06-26_06:00:00;0.031290009876723854
2018-06-26_07:00:00;0.024170538098547755
2018-06-26_08:00:00;0.02066795917620807
2018-06-26_09:00:00;0.020686249405567545
2018-06-26_10:00:00;0.0215641804148224
2018-06-26_11:00:00;0.0234846544975674
2018-06-26_12:00:00;0.028884844715952738
2018-06-26_13:00:00;0.037289205106632035
2018-06-26_14:00:00;0.04781980466035044
2018-06-26_15:00:00;0.06356311958151956
2018-06-26_16:00:00;0.0768646888831986
2018-06-26_17:00:00;0.08723067637268171
2018-06-26_18:00:00;0.09029886234773384
2018-06-26_19:00:00;0.09253941544426968
2018-06-26_20:00:00;0.10198631890843911
2018-06-26_21:00:00;0.11840637231590884
2018-06-26_22:00:00;0.12020338735047738
2018-06-26_23:00:00;0.11594633646705929
2018-06-27_00:00:00;0.1097139408128178
2018-06-27_01:00:00;0.11034038116837985
2018-06-27_02:00:00;0.10487160258989647
2018-06-27_03:00:00;0.10428631525039324
2018-06-27_04:00:00;0.1025213081172038
2018-06-27_05:00:00;0.08746844935435491
2018-06-27_06:00:00;0.05238778944287961
2018-06-27_07:00:00;0.03450909024399166
2018-06-27_08:00:00;0.04056772871931814
2018-06-27_09:00:00;0.05837326700076819
2018-06-27_10:00:00;0.0747064418187804
2018-06-27_11:00:00;0.08134579507627025
2018-06-27_12:00:00;0.10319804660350441
2018-06-27_13:00:00;0.13030873907158796
2018-06-27_14:00:00;0.14568167684822766
2018-06-27_15:00:00;0.16444745217105022
2018-06-27_16:00:00;0.15982916925778248
2018-06-27_17:00:00;0.16109576764092623
2018-06-27_18:00:00;0.1577623733401617
2018-06-27_19:00:00;0.14160752825840436
2018-06-27_20:00:00;0.15805958956725316
2018-06-27_21:00:00;0.1954219555913231
2018-06-27_22:00:00;0.22386326224530856
2018-06-27_23:00:00;0.2319383985075173
2018-06-28_00:00:00;0.2200451768665179
2018-06-28_01:00:00;0.20404122617697626
2018-06-28_02:00:00;0.1904744485495848
2018-06-28_03:00:00;0.1810229725280755
2018-06-28_04:00:00;0.17096334638036362
2018-06-28_05:00:00;0.15681128141346892
2018-06-28_06:00:00;0.11700259721256905
2018-06-28_07:00:00;0.07920126568387167
2018-06-28_08:00:00;0.08463803636097597
2018-06-28_09:00:00;0.12935307458755532
2018-06-28_10:00:00;0.17527069539452025
2018-06-28_11:00:00;0.18669751618685299
2018-06-28_12:00:00;0.18330925119801003
2018-06-28_13:00:00;0.1867386692029118
2018-06-28_14:00:00;0.1901955225518528
2018-06-28_15:00:00;0.19533964955920546
2018-06-28_16:00:00;0.1967388521052054
2018-06-28_17:00:00;0.19584263086659107
2018-06-28_18:00:00;0.18890606138200974
2018-06-28_19:00:00;0.17034605113948129
2018-06-28_20:00:00;0.1739355086512785
2018-06-28_21:00:00;0.18952335662289205
2018-06-28_22:00:00;0.19897940520174123
2018-06-28_23:00:00;0.19494183707063686
2018-06-29_00:00:00;0.17921223982148737
2018-06-29_01:00:00;0.16730987306580825
2018-06-29_02:00:00;0.16103175183816806
2018-06-29_03:00:00;0.1597697260123642
2018-06-29_04:00:00;0.15828364487690674
2018-06-29_05:00:00;0.14895562790357392
2018-06-29_06:00:00;0.11713062881808538
2018-06-29_07:00:00;0.09424497933204082
2018-06-29_08:00:00;0.09047261952664887
2018-06-29_09:00:00;0.09904616453890332
2018-06-29_10:00:00;0.11632128616892856
2018-06-29_11:00:00;0.13048706880784286
2018-06-29_12:00:00;0.14381150089622124
2018-06-29_13:00:00;0.15601108387899185
2018-06-29_14:00:00;0.15885978710173027
2018-06-29_15:00:00;0.16552200314591944
2018-06-29_16:00:00;0.1703734864835205
2018-06-29_17:00:00;0.17438361927058565
2018-06-29_18:00:00;0.18029136335369644
2018-06-29_19:00:00;0.1733456487544354
2018-06-29_20:00:00;0.17575995902988623
2018-06-29_21:00:00;0.19723268829791127
2018-06-29_22:00:00;0.21510224238211947
2018-06-29_23:00:00;0.22014577312799502
2018-06-30_00:00:00;0.21547261952664887
2018-06-30_01:00:00;0.21692212020338736
2018-06-30_02:00:00;0.208170245454878
2018-06-30_03:00:00;0.1959295094560486
2018-06-30_04:00:00;0.1841231664045067
2018-06-30_05:00:00;0.15814646815671068
2018-06-30_06:00:00;0.12143797783224201
2018-06-30_07:00:00;0.11505468778578483
2018-06-30_08:00:00;0.13628049895745692
2018-06-30_09:00:00;0.1535922010462011
2018-06-30_10:00:00;0.16278761385667775
2018-06-30_11:00:00;0.171612649522625
2018-06-30_12:00:00;0.17602059479825877
2018-06-30_13:00:00;0.17577367670190583
2018-06-30_14:00:00;0.17769872334199072
2018-06-30_15:00:00;0.18305318798697737
2018-06-30_16:00:00;0.19214800453597689
2018-06-30_17:00:00;0.19590207411200936
2018-06-30_18:00:00;0.1986867615319896
2018-06-30_19:00:00;0.194169074880199
2018-06-30_20:00:00;0.21996744339174013
2018-06-30_21:00:00;0.2677643852653912
2018-06-30_22:00:00;0.29214526100157295
2018-06-30_23:00:00;0.2961782565753375
2018-07-01_00:00:00;0.2802520393605736
2018-07-01_01:00:00;0.2707822731097048
2018-07-01_02:00:00;0.2567490946336467
2018-07-01_03:00:00;0.23541811464315762
2018-07-01_04:00:00;0.2209459706624721
2018-07-01_05:00:00;0.19289333138237552
2018-07-01_06:00:00;0.13541628562022168
2018-07-01_07:00:00;0.11943519771737937
2018-07-01_08:00:00;0.15876833595493287
2018-07-01_09:00:00;0.1789881845118338
2018-07-01_10:00:00;0.18855854702417968
2018-07-01_11:00:00;0.20175037494970188
2018-07-01_12:00:00;0.20717800051212643
2018-07-01_13:00:00;0.19604839594688517
2018-07-01_14:00:00;0.18774920437502285
2018-07-01_15:00:00;0.183903683652193
2018-07-01_16:00:00;0.18305318798697737
2018-07-01_17:00:00;0.1794134323444416
2018-07-01_18:00:00;0.17573252368584702
2018-07-01_19:00:00;0.16179536891392618
2018-07-01_20:00:00;0.17948202070453964
2018-07-01_21:00:00;0.22083622928631524
2018-07-01_22:00:00;0.24252386874931411
2018-07-01_23:00:00;0.23810677835900063
2018-07-02_00:00:00;0.22127976734828256
2018-07-02_01:00:00;0.20332333467461683
2018-07-02_02:00:00;0.18300746241357865
2018-07-02_03:00:00;0.16604327468266453
2018-07-02_04:00:00;0.14905622416505104
2018-07-02_05:00:00;0.12107674580239236
2018-07-02_06:00:00;0.0723287120020485
2018-07-02_07:00:00;0.040119618100010974
2018-07-02_08:00:00;0.04076434868493251
2018-07-02_09:00:00;0.05759135969565058
2018-07-02_10:00:00;0.07251618685298314
2018-07-02_11:00:00;0.074057138676519
2018-07-02_12:00:00;0.07038537513260416
2018-07-02_13:00:00;0.07805355379156455
2018-07-02_14:00:00;0.08327541427369499
2018-07-02_15:00:00;0.08794856787504116
2018-07-02_16:00:00;0.08942093133847899
2018-07-02_17:00:00;0.09043603906792991
2018-07-02_18:00:00;0.08702491129238761
2018-07-02_19:00:00;0.07664520613088488
2018-07-02_20:00:00;0.08478893075319165
2018-07-02_21:00:00;0.10412170318615796
2018-07-02_22:00:00;0.11227457292314445
2018-07-02_23:00:00;0.10914694370267403
2018-07-03_00:00:00;0.0984151516260014
2018-07-03_01:00:00;0.09436843838021729
2018-07-03_02:00:00;0.09397977100632841
2018-07-03_03:00:00;0.0921507480703808
2018-07-03_04:00:00;0.09272231773786443
2018-07-03_05:00:00;0.07958536050042067
2018-07-03_06:00:00;0.046996744339174015
2018-07-03_07:00:00;0.021527599956103448
2018-07-03_08:00:00;0.01947452171050225
2018-07-03_09:00:00;0.027837729085122727
2018-07-03_10:00:00;0.03711544792771701
2018-07-03_11:00:00;0.03733493068003073
2018-07-03_12:00:00;0.038729560668690786
2018-07-03_13:00:00;0.04082379193035081
2018-07-03_14:00:00;0.04238760654058602
2018-07-03_15:00:00;0.04430350806599115
2018-07-03_16:00:00;0.046320005852873394
2018-07-03_17:00:00;0.04601821706844204
2018-07-03_18:00:00;0.043256392435161134
2018-07-03_19:00:00;0.03855580348977576
2018-07-03_20:00:00;0.03757727621904379
2018-07-03_21:00:00;0.040119618100010974
2018-07-03_22:00:00;0.04073691334089329
2018-07-03_23:00:00;0.03641584665471705
2018-07-04_00:00:00;0.031006511321651973
2018-07-04_01:00:00;0.026566558144639135
2018-07-04_02:00:00;0.021541317628123058
2018-07-04_03:00:00;0.017933569886966382
2018-07-04_04:00:00;0.018486849325090537
2018-07-04_05:00:00;0.01838625306361342
2018-07-04_06:00:00;0.013068368877345722
2018-07-04_07:00:00;0.006543329553352599
2018-07-04_08:00:00;0.006236968211581373
2018-07-04_09:00:00;0.009922449427515821
2018-07-04_10:00:00;0.011582287741888284
2018-07-04_11:00:00;0.01465047371694041
2018-07-04_12:00:00;0.023205728499835387
2018-07-04_13:00:00;0.030901342502834987
2018-07-04_14:00:00;0.036191791345063465
2018-07-04_15:00:00;0.048706880784285034
2018-07-04_16:00:00;0.061468888319859534
2018-07-04_17:00:00;0.057769689431905476
2018-07-04_18:00:00;0.04701503456853349
2018-07-04_19:00:00;0.04592676592164466
2018-07-04_20:00:00;0.046470900245089077
2018-07-04_21:00:00;0.04848739803197132
2018-07-04_22:00:00;0.045780444086768846
2018-07-04_23:00:00;0.0421544061162527
2018-07-05_00:00:00;0.0354190291546256
2018-07-05_01:00:00;0.03417986611552109
2018-07-05_02:00:00;0.03408384241138384
2018-07-05_03:00:00;0.035345868237187696
2018-07-05_04:00:00;0.03841862676957969
2018-07-05_05:00:00;0.035345868237187696
2018-07-05_06:00:00;0.030723012766580092
2018-07-05_07:00:00;0.025802941068881004
2018-07-05_08:00:00;0.02619160844276987
2018-07-05_09:00:00;0.033393386253063616
2018-07-05_10:00:00;0.04942019972930461
2018-07-05_11:00:00;0.07134103961663679
2018-07-05_12:00:00;0.0992565021765373
2018-07-05_13:00:00;0.12200954749972565
2018-07-05_14:00:00;0.14584171635512308
2018-07-05_15:00:00;0.1555309653583056
2018-07-05_16:00:00;0.16142956432673666
2018-07-05_17:00:00;0.17094505615100414
2018-07-05_18:00:00;0.18538519223031058
2018-07-05_19:00:00;0.16679317408640304
2018-07-05_20:00:00;0.14581885356842375
2018-07-05_21:00:00;0.13623477338405823
2018-07-05_22:00:00;0.12919760763799978
2018-07-05_23:00:00;0.13416797746643744
2018-07-06_00:00:00;0.14430990964626697
2018-07-06_01:00:00;0.14244887880894028
2018-07-06_02:00:00;0.13783974101035226
2018-07-06_03:00:00;0.13660515052858763
2018-07-06_04:00:00;0.13858049529941105
2018-07-06_05:00:00;0.14159381058638476
2018-07-06_06:00:00;0.1430478838204631
2018-07-06_07:00:00;0.14742839375205766
2018-07-06_08:00:00;0.1631808537879065
2018-07-06_09:00:00;0.17454365877748107
2018-07-06_10:00:00;0.1817317189157552
2018-07-06_11:00:00;0.1887460218751143
2018-07-06_12:00:00;0.20897958810403483
2018-07-06_13:00:00;0.2292771701357135
2018-07-06_14:00:00;0.2463648169148041
2018-07-06_15:00:00;0.27110692468083547
2018-07-06_16:00:00;0.28660332150565165
2018-07-06_17:00:00;0.29011961810001097
2018-07-06_18:00:00;0.2915005304166514
2018-07-06_19:00:00;0.25873358451914985
2018-07-06_20:00:00;0.22436167099535428
2018-07-06_21:00:00;0.2145352452719757
2018-07-06_22:00:00;0.20888813695723743
2018-07-06_23:00:00;0.197799685408055
2018-07-07_00:00:00;0.18627684091158503
2018-07-07_01:00:00;0.18514741924863737
2018-07-07_02:00:00;0.18480905000548706
2018-07-07_03:00:00;0.1815259538354611
2018-07-07_04:00:00;0.17570051578446794
2018-07-07_05:00:00;0.15998006364999817
2018-07-07_06:00:00;0.1461343600248747
2018-07-07_07:00:00;0.15745143944105058
2018-07-07_08:00:00;0.17042835717159893
2018-07-07_09:00:00;0.18472674397336944
2018-07-07_10:00:00;0.20516607528258404
2018-07-07_11:00:00;0.21971138018070746
2018-07-07_12:00:00;0.22977100632841935
2018-07-07_13:00:00;0.24089603833632073
2018-07-07_14:00:00;0.25179244247722865
2018-07-07_15:00:00;0.258939349599444
2018-07-07_16:00:00;0.262291034129568
2018-07-07_17:00:00;0.26435325748984895
2018-07-07_18:00:00;0.25479204009218276
2018-07-07_19:00:00;0.23301752203972637
2018-07-07_20:00:00;0.21499250100596262
2018-07-07_21:00:00;0.21619965614368805
2018-07-07_22:00:00;0.21337838826498884
2018-07-07_23:00:00;0.19802831327504847
2018-07-08_00:00:00;0.1837253539159381
2018-07-08_01:00:00;0.16913432344441598
2018-07-08_02:00:00;0.14622123861433223
2018-07-08_03:00:00;0.13655485239784906
2018-07-08_04:00:00;0.13013040933533307
2018-07-08_05:00:00;0.1187081611003402
2018-07-08_06:00:00;0.10295112850715148
2018-07-08_07:00:00;0.09019369352891685
2018-07-08_08:00:00;0.07682353586713978
2018-07-08_09:00:00;0.08048158173903501
2018-07-08_10:00:00;0.09073782785236127
2018-07-08_11:00:00;0.10396623623660241
2018-07-08_12:00:00;0.1149723817536672
2018-07-08_13:00:00;0.12028569338259502
2018-07-08_14:00:00;0.11963639024033361
2018-07-08_15:00:00;0.11905110290083037
2018-07-08_16:00:00;0.12579562497713723
2018-07-08_17:00:00;0.12907414858982333
2018-07-08_18:00:00;0.12439642243113729
2018-07-08_19:00:00;0.1169202911804514
2018-07-08_20:00:00;0.12271372133006547
2018-07-08_21:00:00;0.14186359146943703
2018-07-08_22:00:00;0.1551468705417566
2018-07-08_23:00:00;0.15723195668873688
2018-07-09_00:00:00;0.14813256758239748
2018-07-09_01:00:00;0.13437831510407142
2018-07-09_02:00:00;0.1277023813878626
2018-07-09_03:00:00;0.1322657936130519
2018-07-09_04:00:00;0.14199619563229324
2018-07-09_05:00:00;0.1357958078794308
2018-07-09_06:00:00;0.1141447488751509
2018-07-09_07:00:00;0.10528313275048469
2018-07-09_08:00:00;0.12779383253465998
2018-07-09_09:00:00;0.15058803087390715
2018-07-09_10:00:00;0.16848959285949447
2018-07-09_11:00:00;0.19022753045323187
2018-07-09_12:00:00;0.21547261952664887
2018-07-09_13:00:00;0.23130281303727548
2018-07-09_14:00:00;0.24684950799283023
2018-07-09_15:00:00;0.2622635987855288
2018-07-09_16:00:00;0.26674013242126055
2018-07-09_17:00:00;0.24721988513735962
2018-07-09_18:00:00;0.22773164575483776
2018-07-09_19:00:00;0.19913944470863665
2018-07-09_20:00:00;0.17021344697662508
2018-07-09_21:00:00;0.14752899001353478
2018-07-09_22:00:00;0.12430954384167978
2018-07-09_23:00:00;0.10716245381717086
2018-07-10_00:00:00;0.09071496506566193
2018-07-10_01:00:00;0.0854016534367341
2018-07-10_02:00:00;0.08091140212898269
2018-07-10_03:00:00;0.07937959542012657
2018-07-10_04:00:00;0.0878068185975052
2018-07-10_05:00:00;0.08554340271427004
2018-07-10_06:00:00;0.08477521308117204
2018-07-10_07:00:00;0.08371437977832243
2018-07-10_08:00:00;0.08789826974430259
2018-07-10_09:00:00;0.09359110363243955
2018-07-10_10:00:00;0.106773786443282
2018-07-10_11:00:00;0.11913340893294802
2018-07-10_12:00:00;0.1284157003328822
2018-07-10_13:00:00;0.1420602114350514
2018-07-10_14:00:00;0.15982459670044263
2018-07-10_15:00:00;0.1610363243955079
2018-07-10_16:00:00;0.15226158686029923
2018-07-10_17:00:00;0.13360555291363355
2018-07-10_18:00:00;0.12104016534367341
2018-07-10_19:00:00;0.10301057175256978
2018-07-10_20:00:00;0.08654936532904123
2018-07-10_21:00:00;0.08213227493872773
2018-07-10_22:00:00;0.07932015217470827
2018-07-10_23:00:00;0.07878059040860372
2018-07-11_00:00:00;0.0771161795368914
2018-07-11_01:00:00;0.07446866883710722
2018-07-11_02:00:00;0.06897245491458463
2018-07-11_03:00:00;0.06672732926070893
2018-07-11_04:00:00;0.07072374437575447
2018-07-11_05:00:00;0.07051797929546036
2018-07-11_06:00:00;0.05878022460401654
2018-07-11_07:00:00;0.05120349709185353
2018-07-11_08:00:00;0.05570746607162454
2018-07-11_09:00:00;0.06415297947836265
2018-07-11_10:00:00;0.07304203094706807
2018-07-11_11:00:00;0.0775734352708783
2018-07-11_12:00:00;0.07725335625708746
2018-07-11_13:00:00;0.07698357537403519
2018-07-11_14:00:00;0.07905951640633574
2018-07-11_15:00:00;0.085858909170721
2018-07-11_16:00:00;0.09512291034129568
2018-07-11_17:00:00;0.08558912828766872
2018-07-11_18:00:00;0.0730831839631269
2018-07-11_19:00:00;0.061267695796905296
2018-07-11_20:00:00;0.05327486556681421
2018-07-11_21:00:00;0.05497585689724549
2018-07-11_22:00:00;0.05546512053261148
2018-07-11_23:00:00;0.0589174013242126
2018-07-12_00:00:00;0.05410707100267037
2018-07-12_01:00:00;0.05284047261952665
2018-07-12_02:00:00;0.054811244833010205
2018-07-12_03:00:00;0.06461480776968943
2018-07-12_04:00:00;0.08232432234700224
2018-07-12_05:00:00;0.08867560449208033
2018-07-12_06:00:00;0.08887679701503456
2018-07-12_07:00:00;0.08974558290960968
2018-07-12_08:00:00;0.10276365365621686
2018-07-12_09:00:00;0.1114560851593079
2018-07-12_10:00:00;0.1126815305263928
2018-07-12_11:00:00;0.12299721988513736
2018-07-12_12:00:00;0.1358872590262282
2018-07-12_13:00:00;0.14608863445147602
2018-07-12_14:00:00;0.15574587555327943
2018-07-12_15:00:00;0.15552639280096572
2018-07-12_16:00:00;0.14760215093097268
2018-07-12_17:00:00;0.13819640048286205
2018-07-12_18:00:00;0.12836540220214362
2018-07-12_19:00:00;0.11635786662764751
2018-07-12_20:00:00;0.11269982075575227
2018-07-12_21:00:00;0.10820499689066101
2018-07-12_22:00:00;0.10226524490617113
2018-07-12_23:00:00;0.10633939349599444
2018-07-13_00:00:00;0.10393880089256319
2018-07-13_01:00:00;0.10064198705051762
2018-07-13_02:00:00;0.09926107473387716
2018-07-13_03:00:00;0.09835570838058309
2018-07-13_04:00:00;0.09951256538756996
2018-07-13_05:00:00;0.09365969199253758
2018-07-13_06:00:00;0.0757261221055712
2018-07-13_07:00:00;0.06863408567143432
2018-07-13_08:00:00;0.06837802246040166
2018-07-13_09:00:00;0.07496707758715294
2018-07-13_10:00:00;0.09017997585689724
2018-07-13_11:00:00;0.0976149540915243
2018-07-13_12:00:00;0.10847020521637342
2018-07-13_13:00:00;0.11531532355415737
2018-07-13_14:00:00;0.12469821121556865
2018-07-13_15:00:00;0.12719025496579728
2018-07-13_16:00:00;0.13107235614734608
2018-07-13_17:00:00;0.13206917364743753
2018-07-13_18:00:00;0.12945367084903245
2018-07-13_19:00:00;0.12038628964407214
2018-07-13_20:00:00;0.11440081208618356
2018-07-13_21:00:00;0.11169385814098108
2018-07-13_22:00:00;0.10719446171854995
2018-07-13_23:00:00;0.09856604601821707
2018-07-14_00:00:00;0.095635036763361
2018-07-14_01:00:00;0.0906738120496031
2018-07-14_02:00:00;0.08513187255368182
2018-07-14_03:00:00;0.08055474265647292
2018-07-14_04:00:00;0.07329809415810075
2018-07-14_05:00:00;0.06062296521198376
2018-07-14_06:00:00;0.04398342905220032
2018-07-14_07:00:00;0.034339905622416504
2018-07-14_08:00:00;0.030485239784906904
2018-07-14_09:00:00;0.03333851556498518
2018-07-14_10:00:00;0.03937429125361232
2018-07-14_11:00:00;0.04302319201082781
2018-07-14_12:00:00;0.04933789369718696
2018-07-14_13:00:00;0.0585927497530819
2018-07-14_14:00:00;0.06774700954749972
2018-07-14_15:00:00;0.07692870468595676
2018-07-14_16:00:00;0.07670464937630318
2018-07-14_17:00:00;0.06899531770128398
2018-07-14_18:00:00;0.07075117971979368
2018-07-14_19:00:00;0.06745893843508798
2018-07-14_20:00:00;0.07159710282766946
2018-07-14_21:00:00;0.08867560449208033
2018-07-14_22:00:00;0.09847002231407982
2018-07-14_23:00:00;0.09074697296704101
2018-07-15_00:00:00;0.07427662142883272
2018-07-15_01:00:00;0.059411237516918465
2018-07-15_02:00:00;0.05325657533745473
2018-07-15_03:00:00;0.046740681128141344
2018-07-15_04:00:00;0.04500768189633098
2018-07-15_05:00:00;0.03931942056553389
2018-07-15_06:00:00;0.02499817097706405
2018-07-15_07:00:00;0.011906939313018986
2018-07-15_08:00:00;0.010649486044554998
2018-07-15_09:00:00;0.013809123166404506
2018-07-15_10:00:00;0.016955042616234407
2018-07-15_11:00:00;0.021637341332260307
2018-07-15_12:00:00;0.02581665874090061
2018-07-15_13:00:00;0.032606906390606136
2018-07-15_14:00:00;0.0423464535245272
2018-07-15_15:00:00;0.0496716903829974
2018-07-15_16:00:00;0.05757764202363098
2018-07-15_17:00:00;0.06033489409957201
2018-07-15_18:00:00;0.05574404653034349
2018-07-15_19:00:00;0.05487526063576837
2018-07-15_20:00:00;0.062113618904781065
2018-07-15_21:00:00;0.07589530672714635
2018-07-15_22:00:00;0.0828455938837473
2018-07-15_23:00:00;0.08108515930789773
2018-07-16_00:00:00;0.0751225445367085
2018-07-16_01:00:00;0.0634213703039836
2018-07-16_02:00:00;0.051331528697369865
2018-07-16_03:00:00;0.047934118593847164
2018-07-16_04:00:00;0.0465257709331675
2018-07-16_05:00:00;0.03889417273292607
2018-07-16_06:00:00;0.0272661594176391
2018-07-16_07:00:00;0.01088725902622819
2018-07-16_08:00:00;0.006835973223104218
2018-07-16_09:00:00;0.009126824450378608
2018-07-16_10:00:00;0.008971357500823061
2018-07-16_11:00:00;0.010411713062881809
2018-07-16_12:00:00;0.013246698613600614
2018-07-16_13:00:00;0.01932362731828657
2018-07-16_14:00:00;0.02967589713575008
2018-07-16_15:00:00;0.04195321359329846
2018-07-16_16:00:00;0.04691443830705637
2018-07-16_17:00:00;0.04328840033654022
2018-07-16_18:00:00;0.040110472985331234
2018-07-16_19:00:00;0.04183889965980173
2018-07-16_20:00:00;0.047952408823206644
2018-07-16_21:00:00;0.056247027837729086
2018-07-16_22:00:00;0.056763726817134284
2018-07-16_23:00:00;0.04653491604784724
2018-07-17_00:00:00;0.038249442148004534
2018-07-17_01:00:00;0.034028971723305414
2018-07-17_02:00:00;0.03479716135640341
2018-07-17_03:00:00;0.03744467205618759
2018-07-17_04:00:00;0.04301404689614808
2018-07-17_05:00:00;0.04497110143761203
2018-07-17_06:00:00;0.040668324980795256
2018-07-17_07:00:00;0.03422101913157991
2018-07-17_08:00:00;0.03472857299630537
2018-07-17_09:00:00;0.04342100449939642
2018-07-17_10:00:00;0.06085159307897721
2018-07-17_11:00:00;0.08546109668215239
2018-07-17_12:00:00;0.11070618575556937
2018-07-17_13:00:00;0.14509181695138457
2018-07-17_14:00:00;0.1612466620331419
2018-07-17_15:00:00;0.18578300471887918
2018-07-17_16:00:00;0.18115100413359184
2018-07-17_17:00:00;0.17110966821523943
2018-07-17_18:00:00;0.1703140432381022
2018-07-17_19:00:00;0.17399495189669678
2018-07-17_20:00:00;0.16782199948787357
2018-07-17_21:00:00;0.1605059077440831
2018-07-17_22:00:00;0.1555766909317043
2018-07-17_23:00:00;0.1512144712294692
2018-07-18_00:00:00;0.15644090426893953
2018-07-18_01:00:00;0.17404982258477522
2018-07-18_02:00:00;0.19913944470863665
2018-07-18_03:00:00;0.21138475326480594
2018-07-18_04:00:00;0.20973406006511322
2018-07-18_05:00:00;0.20015455243808758
2018-07-18_06:00:00;0.17715001646120643
2018-07-18_07:00:00;0.17403610491275562
2018-07-18_08:00:00;0.18618538976478766
2018-07-18_09:00:00;0.19330486154296375
2018-07-18_10:00:00;0.19904799356183928
2018-07-18_11:00:00;0.20868237187694333
2018-07-18_12:00:00;0.21537202326517174
2018-07-18_13:00:00;0.2157515455243809
2018-07-18_14:00:00;0.21297600321908036
2018-07-18_15:00:00;0.21042908878077332
2018-07-18_16:00:00;0.20824340637231592
2018-07-18_17:00:00;0.19443885576325126
2018-07-18_18:00:00;0.17602059479825877
2018-07-18_19:00:00;0.14687054175659361
2018-07-18_20:00:00;0.1407890404945678
2018-07-18_21:00:00;0.16446116984306983
2018-07-18_22:00:00;0.18588817353769616
2018-07-18_23:00:00;0.19317225738010754
2018-07-19_00:00:00;0.1797655192596115
2018-07-19_01:00:00;0.16689834290522004
2018-07-19_02:00:00;0.14683853385521453
2018-07-19_03:00:00;0.1308025752642938
2018-07-19_04:00:00;0.12580019753447708
2018-07-19_05:00:00;0.11949006840545781
2018-07-19_06:00:00;0.09503603175183817
2018-07-19_07:00:00;0.07331181183012035
2018-07-19_08:00:00;0.07191260928412042
2018-07-19_09:00:00;0.08270841716355123
2018-07-19_10:00:00;0.09670958773823024
2018-07-19_11:00:00;0.10175769104144566
2018-07-19_12:00:00;0.10163880455060907
2018-07-19_13:00:00;0.09922449427515821
2018-07-19_14:00:00;0.09226506200387753
2018-07-19_15:00:00;0.08639389837948568
2018-07-19_16:00:00;0.08182591359695651
2018-07-19_17:00:00;0.08059589567253174
2018-07-19_18:00:00;0.07397483264440136
2018-07-19_19:00:00;0.0709569448000878
2018-07-19_20:00:00;0.08833266269159015
2018-07-19_21:00:00;0.10611533818634086
2018-07-19_22:00:00;0.10883143724622307
2018-07-19_23:00:00;0.0966272817061126
2018-07-20_00:00:00;0.0825346599846362
2018-07-20_01:00:00;0.07287741888283279
2018-07-20_02:00:00;0.07188974649742108
2018-07-20_03:00:00;0.07367304385997
2018-07-20_04:00:00;0.07266708124519881
2018-07-20_05:00:00;0.06963547572886564
2018-07-20_06:00:00;0.04809873065808245
2018-07-20_07:00:00;0.027069539452024727
2018-07-20_08:00:00;0.02209459706624721
2018-07-20_09:00:00;0.024746680323371253
2018-07-20_10:00:00;0.026900354830449575
2018-07-20_11:00:00;0.02863792661959981
2018-07-20_12:00:00;0.029470132055455976
2018-07-20_13:00:00;0.03216336832863884
2018-07-20_14:00:00;0.0325977612759264
2018-07-20_15:00:00;0.03439020375315507
2018-07-20_16:00:00;0.03905421223982149
2018-07-20_17:00:00;0.04738541171306288
2018-07-20_18:00:00;0.059635292826572046
2018-07-20_19:00:00;0.07220068039653217
2018-07-20_20:00:00;0.09778413871309946
2018-07-20_21:00:00;0.1126815305263928
2018-07-20_22:00:00;0.12447415590591505
2018-07-20_23:00:00;0.13134213703039835
2018-07-21_00:00:00;0.1196089548962944
2018-07-21_01:00:00;0.10536543878260234
2018-07-21_02:00:00;0.0960054139078904
2018-07-21_03:00:00;0.09630720269232176
2018-07-21_04:00:00;0.09292808281815854
2018-07-21_05:00:00;0.08921516625818487
2018-07-21_06:00:00;0.07654003731206789
2018-07-21_07:00:00;0.049475070417383034
2018-07-21_08:00:00;0.03760928412042287
2018-07-21_09:00:00;0.03811226542780846
2018-07-21_10:00:00;0.03939715404031167
2018-07-21_11:00:00;0.040019021838533855
2018-07-21_12:00:00;0.03909079269854044
2018-07-21_13:00:00;0.04032995573764495
2018-07-21_14:00:00;0.04353531843289315
2018-07-21_15:00:00;0.04368164026776896
2018-07-21_16:00:00;0.05108461060101694
2018-07-21_17:00:00;0.058217800051212645
2018-07-21_18:00:00;0.05669513845703625
2018-07-21_19:00:00;0.04958938435087976
2018-07-21_20:00:00;0.051669897940520175
2018-07-21_21:00:00;0.050133518674324175
2018-07-21_22:00:00;0.04963968248161832
2018-07-21_23:00:00;0.05193510626623258
2018-07-22_00:00:00;0.05120349709185353
2018-07-22_01:00:00;0.052534111277755424
2018-07-22_02:00:00;0.05332973625489264
2018-07-22_03:00:00;0.05403391008523247
2018-07-22_04:00:00;0.05411621611735011
2018-07-22_05:00:00;0.05770110107180744
2018-07-22_06:00:00;0.052314628525441706
2018-07-22_07:00:00;0.03770073526722025
2018-07-22_08:00:00;0.032721220324102865
2018-07-22_09:00:00;0.037385228810769285
2018-07-22_10:00:00;0.045556388777115264
2018-07-22_11:00:00;0.04866115521088635
2018-07-22_12:00:00;0.05832296887002963
2018-07-22_13:00:00;0.0727859677360354
2018-07-22_14:00:00;0.0914282840106815
2018-07-22_15:00:00;0.09661356403409299
2018-07-22_16:00:00;0.10448750777334748
2018-07-22_17:00:00;0.0939386179902696
2018-07-22_18:00:00;0.07910981453707429
2018-07-22_19:00:00;0.06828199875626441
2018-07-22_20:00:00;0.06873010937557157
2018-07-22_21:00:00;0.07169769908914658
2018-07-22_22:00:00;0.06811281413468925
2018-07-22_23:00:00;0.0666724585726305
2018-07-23_00:00:00;0.0674406482057285
2018-07-23_01:00:00;0.06912334930680031
2018-07-23_02:00:00;0.07276310494933606
2018-07-23_03:00:00;0.07457841021326407
2018-07-23_04:00:00;0.07618337783955811
2018-07-23_05:00:00;0.07558437282803526
2018-07-23_06:00:00;0.05836869444342832
2018-07-23_07:00:00;0.044367523868749315
2018-07-23_08:00:00;0.04321066686176245
2018-07-23_09:00:00;0.05054962139225226
2018-07-23_10:00:00;0.054486593261879504
2018-07-23_11:00:00;0.05364067015400373
2018-07-23_12:00:00;0.05366353294070308
2018-07-23_13:00:00;0.053416614844350147
2018-07-23_14:00:00;0.05554742656472912
2018-07-23_15:00:00;0.06056809452390533
2018-07-23_16:00:00;0.05740388484471595
2018-07-23_17:00:00;0.0538372901196181
2018-07-23_18:00:00;0.05332973625489264
2018-07-23_19:00:00;0.04910926583019351
2018-07-23_20:00:00;0.0448567875041153
2018-07-23_21:00:00;0.04464187730914146
2018-07-23_22:00:00;0.04150967553133116
2018-07-23_23:00:00;0.04006017485459268
2018-07-24_00:00:00;0.04016534367340967
2018-07-24_01:00:00;0.041303910451037054
2018-07-24_02:00:00;0.04138164392581483
2018-07-24_03:00:00;0.04379138164392581
2018-07-24_04:00:00;0.0454329297289388
2018-07-24_05:00:00;0.046406884442330903
2018-07-24_06:00:00;0.039369718696272454
2018-07-24_07:00:00;0.02237809562131909
2018-07-24_08:00:00;0.013827413395763983
2018-07-24_09:00:00;0.013008925631927425
2018-07-24_10:00:00;0.01569758934777042
2018-07-24_11:00:00;0.019309909646266964
2018-07-24_12:00:00;0.01910414456597286
2018-07-24_13:00:00;0.019954640231188498
2018-07-24_14:00:00;0.020965175403299556
2018-07-24_15:00:00;0.02434429527746278
2018-07-24_16:00:00;0.026978088305227348
2018-07-24_17:00:00;0.030663569521161796
2018-07-24_18:00:00;0.031244284303325164
2018-07-24_19:00:00;0.030809891356037605
2018-07-24_20:00:00;0.04296832132274939
2018-07-24_21:00:00;0.06043549036104913
2018-07-24_22:00:00;0.07293686212825108
2018-07-24_23:00:00;0.07651260196802868
2018-07-25_00:00:00;0.07163368328638842
2018-07-25_01:00:00;0.06400665764348686
2018-07-25_02:00:00;0.050357573983977756
2018-07-25_03:00:00;0.04151424808867103
2018-07-25_04:00:00;0.039790393971540404
2018-07-25_05:00:00;0.03895361597834437
2018-07-25_06:00:00;0.03353970808793942
2018-07-25_07:00:00;0.01991348721512968
2018-07-25_08:00:00;0.015112302008267183
2018-07-25_09:00:00;0.01737114533416249
2018-07-25_10:00:00;0.028546475472802427
2018-07-25_11:00:00;0.0351538208289132
2018-07-25_12:00:00;0.04151424808867103
2018-07-25_13:00:00;0.04996890661008889
2018-07-25_14:00:00;0.06535556205874822
2018-07-25_15:00:00;0.09223762665983831
2018-07-25_16:00:00;0.10323919961956322
2018-07-25_17:00:00;0.10030819036470717
2018-07-25_18:00:00;0.10070143029593591
2018-07-25_19:00:00;0.09594139810513223
2018-07-25_20:00:00;0.09621575154552438
2018-07-25_21:00:00;0.10232468815158942
2018-07-25_22:00:00;0.09811336284157003
2018-07-25_23:00:00;0.09914218824304057
2018-07-26_00:00:00;0.0951777810293741
2018-07-26_01:00:00;0.09467022716464865
2018-07-26_02:00:00;0.09204557925156381
2018-07-26_03:00:00;0.0829781980466035
2018-07-26_04:00:00;0.07926985404396972
2018-07-26_05:00:00;0.07501737571789151
2018-07-26_06:00:00;0.06242455280389216
2018-07-26_07:00:00;0.03570252770969748
2018-07-26_08:00:00;0.02504846910780261
2018-07-26_09:00:00;0.03560650400556023
2018-07-26_10:00:00;0.059635292826572046
2018-07-26_11:00:00;0.0742949116581922
2018-07-26_12:00:00;0.08273127995025058
2018-07-26_13:00:00;0.09139170355196254
2018-07-26_14:00:00;0.10226981746351099
2018-07-26_15:00:00;0.11421333723524893
2018-07-26_16:00:00;0.12542524783260783
2018-07-26_17:00:00;0.1388228408384241
2018-07-26_18:00:00;0.1522387240735999
2018-07-26_19:00:00;0.145809708453744
2018-07-26_20:00:00;0.16960986940776238
2018-07-26_21:00:00;0.20010425430734902
2018-07-26_22:00:00;0.221997658850642
2018-07-26_23:00:00;0.21666148443501482
2018-07-27_00:00:00;0.20234023484654498
2018-07-27_01:00:00;0.18284742290668324
2018-07-27_02:00:00;0.16709039031349454
2018-07-27_03:00:00;0.15301148626403774
2018-07-27_04:00:00;0.13971906207703844
2018-07-27_05:00:00;0.11964553535501335
2018-07-27_06:00:00;0.08419907085634853
2018-07-27_07:00:00;0.04192577824925925
2018-07-27_08:00:00;0.03088305227347551
2018-07-27_09:00:00;0.053841862676957966
2018-07-27_10:00:00;0.09174836302447233
2018-07-27_11:00:00;0.1051505285876285
2018-07-27_12:00:00;0.10243442952774628
2018-07-27_13:00:00;0.10674635109924278
2018-07-27_14:00:00;0.11858927460950361
2018-07-27_15:00:00;0.13154790211069248
2018-07-27_16:00:00;0.14852580751362623
2018-07-27_17:00:00;0.17220250941946813
2018-07-27_18:00:00;0.18640944507444124
2018-07-27_19:00:00;0.1737114533416249
2018-07-27_20:00:00;0.19335515967370231
2018-07-27_21:00:00;0.20542671105095658
2018-07-27_22:00:00;0.2096060284595969
2018-07-27_23:00:00;0.19301221787321213
2018-07-28_00:00:00;0.1815853970808794
2018-07-28_01:00:00;0.16989336796283425
2018-07-28_02:00:00;0.1549090975600834
2018-07-28_03:00:00;0.15276456816768483
2018-07-28_04:00:00;0.14933057760544316
2018-07-28_05:00:00;0.14023576105644364
2018-07-28_06:00:00;0.1217077587152943
2018-07-28_07:00:00;0.09647181475655704
2018-07-28_08:00:00;0.09686048213044592
2018-07-28_09:00:00;0.11803142261403958
2018-07-28_10:00:00;0.13413596956505836
2018-07-28_11:00:00;0.12728170611259465
2018-07-28_12:00:00;0.16110948531294583
2018-07-28_13:00:00;0.1758239748326444
2018-07-28_14:00:00;0.18772634158832352
2018-07-28_15:00:00;0.20343764860811356
2018-07-28_16:00:00;0.20166349636024436
2018-07-28_17:00:00;0.19104601821706843
2018-07-28_18:00:00;0.14893733767421444
2018-07-28_19:00:00;0.12632604162856204
2018-07-28_20:00:00;0.1005551084610601
2018-07-28_21:00:00;0.10775688627135384
2018-07-28_22:00:00;0.10804495738376559
2018-07-28_23:00:00;0.09861634414895563
2018-07-29_00:00:00;0.09103961663679262
2018-07-29_01:00:00;0.09459249368987087
2018-07-29_02:00:00;0.09048176464132861
2018-07-29_03:00:00;0.08839667849434832
2018-07-29_04:00:00;0.09861177159161576
2018-07-29_05:00:00;0.10538830156930168
2018-07-29_06:00:00;0.09725372206167465
2018-07-29_07:00:00;0.07270366170391777
2018-07-29_08:00:00;0.0641621245930424
2018-07-29_09:00:00;0.06034861177159161
2018-07-29_10:00:00;0.07169769908914658
2018-07-29_11:00:00;0.08963126897611295
2018-07-29_12:00:00;0.10601931448220361
2018-07-29_13:00:00;0.11913340893294802
2018-07-29_14:00:00;0.12304294545853604
2018-07-29_15:00:00;0.1245290265939935
2018-07-29_16:00:00;0.11331254343929473
2018-07-29_17:00:00;0.09419468120130227
2018-07-29_18:00:00;0.07208179390569558
2018-07-29_19:00:00;0.06299612247137579
2018-07-29_20:00:00;0.06768756630208143
2018-07-29_21:00:00;0.07772432966309398
2018-07-29_22:00:00;0.08633902769140725
2018-07-29_23:00:00;0.09183066905658997
2018-07-30_00:00:00;0.0915014449281194
2018-07-30_01:00:00;0.0906738120496031
2018-07-30_02:00:00;0.09108076965285145
2018-07-30_03:00:00;0.07920583824121155
2018-07-30_04:00:00;0.0728911365548524
2018-07-30_05:00:00;0.06655357208179391
2018-07-30_06:00:00;0.050942861323481
2018-07-30_07:00:00;0.030530965358305594
2018-07-30_08:00:00;0.020215275999561036
2018-07-30_09:00:00;0.01837710794893368
2018-07-30_10:00:00;0.02683176647035154
2018-07-30_11:00:00;0.039790393971540404
2018-07-30_12:00:00;0.04297289388008926
2018-07-30_13:00:00;0.04134506346709588
2018-07-30_14:00:00;0.0383134579507627
2018-07-30_15:00:00;0.03726634231993269
2018-07-30_16:00:00;0.035766543512455645
2018-07-30_17:00:00;0.03154607308775652
2018-07-30_18:00:00;0.033151040714050554
2018-07-30_19:00:00;0.04484764238943556
2018-07-30_20:00:00;0.08609668215239419
2018-07-30_21:00:00;0.125
2018-07-30_22:00:00;0.14738266817865897
2018-07-30_23:00:00;0.15205582178000512
2018-07-31_00:00:00;0.14519698577020157
2018-07-31_01:00:00;0.14215623513918865
2018-07-31_02:00:00;0.1339622123861433
2018-07-31_03:00:00;0.12581848776383656
2018-07-31_04:00:00;0.11530617843947763
2018-07-31_05:00:00;0.09306983209569449
2018-07-31_06:00:00;0.06469711380180708
2018-07-31_07:00:00;0.032199948787357796
2018-07-31_08:00:00;0.019195595712770238
2018-07-31_09:00:00;0.026868346929070492
2018-07-31_10:00:00;0.04355360866225262
2018-07-31_11:00:00;0.06046749826242821
2018-07-31_12:00:00;0.08064162124593043
2018-07-31_13:00:00;0.10011157039909281
2018-07-31_14:00:00;0.10973223104217728
2018-07-31_15:00:00;0.1252332004243333
2018-07-31_16:00:00;0.12195924936898708
2018-07-31_17:00:00;0.12138310714416359
2018-07-31_18:00:00;0.11790339100852325
2018-07-31_19:00:00;0.11594176390971943
2018-07-31_20:00:00;0.12944909829169257
2018-07-31_21:00:00;0.14391666971503822
2018-07-31_22:00:00;0.1475427076855544
2018-07-31_23:00:00;0.14908823206643013
2018-08-01_00:00:00;0.13740992062040458
2018-08-01_01:00:00;0.12076581190328127
2018-08-01_02:00:00;0.1053700113399422
2018-08-01_03:00:00;0.09416724585726305
2018-08-01_04:00:00;0.09073782785236127
2018-08-01_05:00:00;0.09057778834546586
2018-08-01_06:00:00;0.0744275158210484
2018-08-01_07:00:00;0.04974027874309544
2018-08-01_08:00:00;0.03754069576032484
2018-08-01_09:00:00;0.03492976551925961
2018-08-01_10:00:00;0.03862896440721367
2018-08-01_11:00:00;0.03940172659765154
2018-08-01_12:00:00;0.0353595859092073
2018-08-01_13:00:00;0.0358031239711746
2018-08-01_14:00:00;0.04037110875370377
2018-08-01_15:00:00;0.05795259172550024
2018-08-01_16:00:00;0.06677305483410761
2018-08-01_17:00:00;0.066585579983173
2018-08-01_18:00:00;0.07812671470900245
2018-08-01_19:00:00;0.08627501188864908
2018-08-01_20:00:00;0.09610601016936753
2018-08-01_21:00:00;0.10524655229176574
2018-08-01_22:00:00;0.09980978161466145
2018-08-01_23:00:00;0.09576306836887735
2018-08-02_00:00:00;0.09948513004353074
2018-08-02_01:00:00;0.10053681823170063
2018-08-02_02:00:00;0.08918315835680579
2018-08-02_03:00:00;0.08183048615429638
2018-08-02_04:00:00;0.08428594944580604
2018-08-02_05:00:00;0.08228316933094341
2018-08-02_06:00:00;0.06574422943263708
2018-08-02_07:00:00;0.03846435234297838
2018-08-02_08:00:00;0.02716099059882211
2018-08-02_09:00:00;0.02449518966967846
2018-08-02_10:00:00;0.025181073270658813
2018-08-02_11:00:00;0.02585781175695943
2018-08-02_12:00:00;0.027691407250246918
2018-08-02_13:00:00;0.029890807330723926
2018-08-02_14:00:00;0.029950250576142225
2018-08-02_15:00:00;0.037819621758056844
2018-08-02_16:00:00;0.043270110107180744
2018-08-02_17:00:00;0.04855598639206936
2018-08-02_18:00:00;0.057106668617624465
2018-08-02_19:00:00;0.06457822731097047
2018-08-02_20:00:00;0.08062790357391082
2018-08-02_21:00:00;0.09590024508907341
2018-08-02_22:00:00;0.10066027727987709
2018-08-02_23:00:00;0.09844715952738048
2018-08-03_00:00:00;0.08531020228993672
2018-08-03_01:00:00;0.07222811574057139
2018-08-03_02:00:00;0.06470625891648682
2018-08-03_03:00:00;0.05826352562461133
2018-08-03_04:00:00;0.056439075246003584
2018-08-03_05:00:00;0.0585790320810623
2018-08-03_06:00:00;0.048711453341624904
2018-08-03_07:00:00;0.024362585506822257
2018-08-03_08:00:00;0.01513059223762666
2018-08-03_09:00:00;0.01636975527673117
2018-08-03_10:00:00;0.02134469766250869
2018-08-03_11:00:00;0.026411091195083586
2018-08-03_12:00:00;0.026754032995573763
2018-08-03_13:00:00;0.023759007937959542
2018-08-03_14:00:00;0.022140322639645903
2018-08-03_15:00:00;0.02466894684859348
2018-08-03_16:00:00;0.030526392800965724
2018-08-03_17:00:00;0.04669038299740279
2018-08-03_18:00:00;0.053087390715879576
2018-08-03_19:00:00;0.06249771372133007
2018-08-03_20:00:00;0.08360463840216556
2018-08-03_21:00:00;0.10442349197058931
2018-08-03_22:00:00;0.10576782382851081
2018-08-03_23:00:00;0.09369169989391667
2018-08-04_00:00:00;0.08666825181987782
2018-08-04_01:00:00;0.07823188352781944
2018-08-04_02:00:00;0.06703369060248016
2018-08-04_03:00:00;0.05444544024582068
2018-08-04_04:00:00;0.0461416761166185
2018-08-04_05:00:00;0.04060888173537696
2018-08-04_06:00:00;0.03040293375278926
2018-08-04_07:00:00;0.017714087134652667
2018-08-04_08:00:00;0.013086659106705197
2018-08-04_09:00:00;0.013955445001280316
2018-08-04_10:00:00;0.0221997658850642
2018-08-04_11:00:00;0.0351538208289132
2018-08-04_12:00:00;0.047092768043311264
2018-08-04_13:00:00;0.061240260452866076
2018-08-04_14:00:00;0.08081537842484544
2018-08-04_15:00:00;0.09829626513516479
2018-08-04_16:00:00;0.10789863554888979
2018-08-04_17:00:00;0.13109064637670556
2018-08-04_18:00:00;0.14254032995573765
2018-08-04_19:00:00;0.1342319932691956
2018-08-04_20:00:00;0.13198686761531989
2018-08-04_21:00:00;0.13613874967992098
2018-08-04_22:00:00;0.13854848739803197
2018-08-04_23:00:00;0.13992482715733257
2018-08-05_00:00:00;0.1440401287632147
2018-08-05_01:00:00;0.14254947507041738
2018-08-05_02:00:00;0.1430341661484435
2018-08-05_03:00:00;0.13471668434722173
2018-08-05_04:00:00;0.1308071478216337
2018-08-05_05:00:00;0.13473040201924133
2018-08-05_06:00:00;0.11896422431137287
2018-08-05_07:00:00;0.11066960529685042
2018-08-05_08:00:00;0.11596919925375865
2018-08-05_09:00:00;0.11412645864579142
2018-08-05_10:00:00;0.11924315030910487
2018-08-05_11:00:00;0.1320463108607382
2018-08-05_12:00:00;0.1431393349672605
2018-08-05_13:00:00;0.15373852288107692
2018-08-05_14:00:00;0.1635237955883967
2018-08-05_15:00:00;0.16704466474009583
2018-08-05_16:00:00;0.15678384606942972
2018-08-05_17:00:00;0.14552620989867213
2018-08-05_18:00:00;0.130098401433954
2018-08-05_19:00:00;0.10115868602992281
2018-08-05_20:00:00;0.09125452683176646
2018-08-05_21:00:00;0.09494000804770092
2018-08-05_22:00:00;0.09584537440099498
2018-08-05_23:00:00;0.09673702308226945
2018-08-06_00:00:00;0.08820463108607382
2018-08-06_01:00:00;0.08263068368877345
2018-08-06_02:00:00;0.07954878004170172
2018-08-06_03:00:00;0.07546548633719867
2018-08-06_04:00:00;0.06758697004060431
2018-08-06_05:00:00;0.07033964955920548
2018-08-06_06:00:00;0.06368200607235615
2018-08-06_07:00:00;0.03853294070307642
2018-08-06_08:00:00;0.026667154406116254
2018-08-06_09:00:00;0.025885247100998647
2018-08-06_10:00:00;0.0253456853348941
2018-08-06_11:00:00;0.02263873138969163
2018-08-06_12:00:00;0.023269744302593553
2018-08-06_13:00:00;0.024229981343966055
2018-08-06_14:00:00;0.026607711160697954
2018-08-06_15:00:00;0.02538683835095292
2018-08-06_16:00:00;0.022460401653436733
2018-08-06_17:00:00;0.020128397410103523
2018-08-06_18:00:00;0.022689029520430185
2018-08-06_19:00:00;0.03354428064527929
2018-08-06_20:00:00;0.062131909134140545
2018-08-06_21:00:00;0.09761038153418444
2018-08-06_22:00:00;0.12769323627318285
2018-08-06_23:00:00;0.14166697150382265
2018-08-07_00:00:00;0.14435563521966566
2018-08-07_01:00:00;0.14093993488678347
2018-08-07_02:00:00;0.13652284449646998
2018-08-07_03:00:00;0.12907414858982333
2018-08-07_04:00:00;0.12373340161685628
2018-08-07_05:00:00;0.12472107400226799
2018-08-07_06:00:00;0.10618849910377876
2018-08-07_07:00:00;0.05923748033800344
2018-08-07_08:00:00;0.03064985184914219
2018-08-07_09:00:00;0.03178384606942971
2018-08-07_10:00:00;0.040896952847788715
2018-08-07_11:00:00;0.05376870175952007
2018-08-07_12:00:00;0.0640295204301862
2018-08-07_13:00:00;0.0735404396971138
2018-08-07_14:00:00;0.08185334894099572
2018-08-07_15:00:00;0.08273585250759044
2018-08-07_16:00:00;0.08176647035153821
2018-08-07_17:00:00;0.08654936532904123
2018-08-07_18:00:00;0.09768354245162235
2018-08-07_19:00:00;0.11349087317554962
2018-08-07_20:00:00;0.15234389289241687
2018-08-07_21:00:00;0.19572831693309434
2018-08-07_22:00:00;0.21009986465230274
2018-08-07_23:00:00;0.20510663203716575
2018-08-08_00:00:00;0.19420108278157808
2018-08-08_01:00:00;0.2019104144565973
2018-08-08_02:00:00;0.2206944800087793
2018-08-08_03:00:00;0.24229981343966053
2018-08-08_04:00:00;0.2620258258038556
2018-08-08_05:00:00;0.2658942093133848
2018-08-08_06:00:00;0.23479167428759556
2018-08-08_07:00:00;0.17642755240150712
2018-08-08_08:00:00;0.14032263964590116
2018-08-08_09:00:00;0.1482788894172733
2018-08-08_10:00:00;0.16911603321505653
2018-08-08_11:00:00;0.18748856860665034
2018-08-08_12:00:00;0.2026603138603358
2018-08-08_13:00:00;0.22855927863335407
2018-08-08_14:00:00;0.26604510370560047
2018-08-08_15:00:00;0.275871529428979
2018-08-08_16:00:00;0.2700278011486264
2018-08-08_17:00:00;0.2345218934045433
2018-08-08_18:00:00;0.1916724585726305
2018-08-08_19:00:00;0.12422723780956213
2018-08-08_20:00:00;0.09653583055931521
2018-08-08_21:00:00;0.07831876211727695
2018-08-08_22:00:00;0.07561180817207448
2018-08-08_23:00:00;0.06617862237992464
2018-08-09_00:00:00;0.06028459596883345
2018-08-09_01:00:00;0.05327029300947434
2018-08-09_02:00:00;0.04804843252734389
2018-08-09_03:00:00;0.04898123422467718
2018-08-09_04:00:00;0.05263928009657241
2018-08-09_05:00:00;0.0641621245930424
2018-08-09_06:00:00;0.070600285327578
2018-08-09_07:00:00;0.05032556608259867
2018-08-09_08:00:00;0.03801166916633134
2018-08-09_09:00:00;0.044463547572886564
2018-08-09_10:00:00;0.0724475984928851
2018-08-09_11:00:00;0.10081117167209276
2018-08-09_12:00:00;0.13286479862457476
2018-08-09_13:00:00;0.18173629147309509
2018-08-09_14:00:00;0.22760361414932143
2018-08-09_15:00:00;0.28856037604711565
2018-08-09_16:00:00;0.36104912755605956
2018-08-09_17:00:00;0.4024627793832535
2018-08-09_18:00:00;0.41380729414346856
2018-08-09_19:00:00;0.40500969382156055
2018-08-09_20:00:00;0.42216592896074917
2018-08-09_21:00:00;0.41066594725097855
2018-08-09_22:00:00;0.4347907597761276
2018-08-09_23:00:00;0.4570042433332114
2018-08-10_00:00:00;0.4763095804221385
2018-08-10_01:00:00;0.4792863152503932
2018-08-10_02:00:00;0.470356110765629
2018-08-10_03:00:00;0.4519149870139372
2018-08-10_04:00:00;0.4287961371035593
2018-08-10_05:00:00;0.4111003401982661
2018-08-10_06:00:00;0.3836970040604309
2018-08-10_07:00:00;0.3609668215239419
2018-08-10_08:00:00;0.35242071185572665
2018-08-10_09:00:00;0.34490800014632184
2018-08-10_10:00:00;0.32509968175000914
2018-08-10_11:00:00;0.30278102937410833
2018-08-10_12:00:00;0.27572520759410324
2018-08-10_13:00:00;0.2452308226945166
2018-08-10_14:00:00;0.22571972052529538
2018-08-10_15:00:00;0.2170318615795442
2018-08-10_16:00:00;0.1933734499030618
2018-08-10_17:00:00;0.18203808025752644
2018-08-10_18:00:00;0.1455627903573911
2018-08-10_19:00:00;0.11067417785419029
2018-08-10_20:00:00;0.10869883308336686
2018-08-10_21:00:00;0.13220177781029374
2018-08-10_22:00:00;0.16317170867322675
2018-08-10_23:00:00;0.20468138420455792
2018-08-11_00:00:00;0.24151790613454294
2018-08-11_01:00:00;0.2477868822475034
2018-08-11_02:00:00;0.24706899074514393
2018-08-11_03:00:00;0.248568789552621
2018-08-11_04:00:00;0.25123459048176466
2018-08-11_05:00:00;0.26797015034568533
2018-08-11_06:00:00;0.25508925631927426
2018-08-11_07:00:00;0.24176939678823572
2018-08-11_08:00:00;0.26654351245564617
2018-08-11_09:00:00;0.3005999195229908
2018-08-11_10:00:00;0.3460419943666094
2018-08-11_11:00:00;0.36347258294619017
2018-08-11_12:00:00;0.36935746424260163
2018-08-11_13:00:00;0.37075666678860153
2018-08-11_14:00:00;0.3619453487946739
2018-08-11_15:00:00;0.3481636609723086
2018-08-11_16:00:00;0.3348986721293485
2018-08-11_17:00:00;0.30140926217214764
2018-08-11_18:00:00;0.25269780883052273
2018-08-11_19:00:00;0.18052913633536966
2018-08-11_20:00:00;0.15164886417675677
2018-08-11_21:00:00;0.13775286242089477
2018-08-11_22:00:00;0.12774353440392142
2018-08-11_23:00:00;0.11569941837070637
2018-08-12_00:00:00;0.09969546768116472
2018-08-12_01:00:00;0.08219171818414603
2018-08-12_02:00:00;0.07811299703698284
2018-08-12_03:00:00;0.08801715623513919
2018-08-12_04:00:00;0.1027865164429162
2018-08-12_05:00:00;0.11271811098511175
2018-08-12_06:00:00;0.10469784541098145
2018-08-12_07:00:00;0.07343527087829681
2018-08-12_08:00:00;0.05899056224165051
2018-08-12_09:00:00;0.06984581336649962
2018-08-12_10:00:00;0.07986428649815269
2018-08-12_11:00:00;0.08609668215239419
2018-08-12_12:00:00;0.08691974247357062
2018-08-12_13:00:00;0.08207283169330944
2018-08-12_14:00:00;0.07838277792003512
2018-08-12_15:00:00;0.0735404396971138
2018-08-12_16:00:00;0.06885356842374804
2018-08-12_17:00:00;0.056905476094670226
2018-08-12_18:00:00;0.04487965029081465
2018-08-12_19:00:00;0.04408402531367743
2018-08-12_20:00:00;0.048427954786553026
2018-08-12_21:00:00;0.05216373413322603
2018-08-12_22:00:00;0.06279035739108169
2018-08-12_23:00:00;0.07220525295387205
2018-08-13_00:00:00;0.07808098913560375
2018-08-13_01:00:00;0.08615155284047261
2018-08-13_02:00:00;0.0869517503749497
2018-08-13_03:00:00;0.08317481801221788
2018-08-13_04:00:00;0.08033983246149906
2018-08-13_05:00:00;0.09734060065113216
2018-08-13_06:00:00;0.10357756886271353
2018-08-13_07:00:00;0.09103047152211288
2018-08-13_08:00:00;0.07787065149796979
2018-08-13_09:00:00;0.0735404396971138
2018-08-13_10:00:00;0.10713044591579178
2018-08-13_11:00:00;0.1447763104949336
2018-08-13_12:00:00;0.17167666532538317
2018-08-13_13:00:00;0.18529374108351318
2018-08-13_14:00:00;0.19749789662362366
2018-08-13_15:00:00;0.20822511614295644
2018-08-13_16:00:00;0.1999167794564144
2018-08-13_17:00:00;0.18879174744851301
2018-08-13_18:00:00;0.16763452463693895
2018-08-13_19:00:00;0.147240918901123
2018-08-13_20:00:00;0.1526502542341881
2018-08-13_21:00:00;0.169413249442148
2018-08-13_22:00:00;0.1737251710136445
2018-08-13_23:00:00;0.17443391740132422
2018-08-14_00:00:00;0.18936331711599663
2018-08-14_01:00:00;0.19560485788491788
2018-08-14_02:00:00;0.18864999817097705
2018-08-14_03:00:00;0.19295734718513372
2018-08-14_04:00:00;0.18907524600358488
2018-08-14_05:00:00;0.19482752313714014
2018-08-14_06:00:00;0.18593847166843472
2018-08-14_07:00:00;0.16970589311189963
2018-08-14_08:00:00;0.18222555510846106
2018-08-14_09:00:00;0.20154918242674763
2018-08-14_10:00:00;0.22077678604089696
2018-08-14_11:00:00;0.2428805282218239
2018-08-14_12:00:00;0.2589119142554048
2018-08-14_13:00:00;0.2778468741998025
2018-08-14_14:00:00;0.3096170025972126
2018-08-14_15:00:00;0.30712038628964405
2018-08-14_16:00:00;0.30074624135786665
2018-08-14_17:00:00;0.2848017339137433
2018-08-14_18:00:00;0.2606632037165746
2018-08-14_19:00:00;0.21761257636170758
2018-08-14_20:00:00;0.20513863993854484
2018-08-14_21:00:00;0.19832552950213997
2018-08-14_22:00:00;0.18803727548743462
2018-08-14_23:00:00;0.17766214288327176
2018-08-15_00:00:00;0.1698887954054944
2018-08-15_01:00:00;0.15712221531258003
2018-08-15_02:00:00;0.14261349087317554
2018-08-15_03:00:00;0.13676061747814316
2018-08-15_04:00:00;0.12487654095182353
2018-08-15_05:00:00;0.12334016168562754
2018-08-15_06:00:00;0.10549347038811867
2018-08-15_07:00:00;0.08667739693455756
2018-08-15_08:00:00;0.08074221750740754
2018-08-15_09:00:00;0.08214142005340747
2018-08-15_10:00:00;0.08966784943483191
2018-08-15_11:00:00;0.09399348867834803
2018-08-15_12:00:00;0.09813622562826937
2018-08-15_13:00:00;0.09487599224494275
2018-08-15_14:00:00;0.08763763397593005
2018-08-15_15:00:00;0.08222372608552511
2018-08-15_16:00:00;0.07613765226615941
2018-08-15_17:00:00;0.05846929070490544
2018-08-15_18:00:00;0.03754984087500457
2018-08-15_19:00:00;0.029195778615063832
2018-08-15_20:00:00;0.02922321395910305
2018-08-15_21:00:00;0.03180213629878919
2018-08-15_22:00:00;0.03506694223945568
2018-08-15_23:00:00;0.03801624172367121
2018-08-16_00:00:00;0.043928558364121885
2018-08-16_01:00:00;0.04919614441965102
2018-08-16_02:00:00;0.056772871931814024
2018-08-16_03:00:00;0.06491202399678092
2018-08-16_04:00:00;0.07316091743790468
2018-08-16_05:00:00;0.08665910670519808
2018-08-16_06:00:00;0.08868474960676007
2018-08-16_07:00:00;0.07089750155466949
2018-08-16_08:00:00;0.06966291107290486
2018-08-16_09:00:00;0.09900958408018437
2018-08-16_10:00:00;0.12465248564216995
2018-08-16_11:00:00;0.12787156600943775
2018-08-16_12:00:00;0.11728609576764093
2018-08-16_13:00:00;0.10326663496360244
2018-08-16_14:00:00;0.08406189413615246
2018-08-16_15:00:00;0.07353586713977393
2018-08-16_16:00:00;0.06498518491421883
2018-08-16_17:00:00;0.05722555510846106
2018-08-16_18:00:00;0.04487965029081465
2018-08-16_19:00:00;0.05237864432819988
2018-08-16_20:00:00;0.06316073453561108
2018-08-16_21:00:00;0.0872626842740608
2018-08-16_22:00:00;0.09931137286461572
2018-08-16_23:00:00;0.0984425869700406
2018-08-17_00:00:00;0.09667300727951128
2018-08-17_01:00:00;0.08849727475582544
2018-08-17_02:00:00;0.08530105717525698
2018-08-17_03:00:00;0.0780306910048652
2018-08-17_04:00:00;0.07102553316018582
2018-08-17_05:00:00;0.07521399568350587
2018-08-17_06:00:00;0.06943885576325128
2018-08-17_07:00:00;0.04957109412152028
2018-08-17_08:00:00;0.040334528294984816
2018-08-17_09:00:00;0.038939898306324765
2018-08-17_10:00:00;0.04027508504956652
2018-08-17_11:00:00;0.040988403994586094
2018-08-17_12:00:00;0.046557778834546586
2018-08-17_13:00:00;0.06132256648498372
2018-08-17_14:00:00;0.07652631964004829
2018-08-17_15:00:00;0.09547499725646559
2018-08-17_16:00:00;0.12132366389874528
2018-08-17_17:00:00;0.14916139298386802
2018-08-17_18:00:00;0.15522460401653437
2018-08-17_19:00:00;0.14531129970369827
2018-08-17_20:00:00;0.13230694662911072
2018-08-17_21:00:00;0.11911054614624868
2018-08-17_22:00:00;0.10606961261294216
2018-08-17_23:00:00;0.08600980356293668
2018-08-18_00:00:00;0.06758239748326444
2018-08-18_01:00:00;0.05377327431685993
2018-08-18_02:00:00;0.050819402275304536
2018-08-18_03:00:00;0.05170190584189926
2018-08-18_04:00:00;0.05702893514284669
2018-08-18_05:00:00;0.06909591396276109
2018-08-18_06:00:00;0.07174342466254527
2018-08-18_07:00:00;0.059155174305885794
2018-08-18_08:00:00;0.0531285437319384
2018-08-18_09:00:00;0.07214580970845375
2018-08-18_10:00:00;0.09494458060504078
2018-08-18_11:00:00;0.10254417090390314
2018-08-18_12:00:00;0.10339466656911878
2018-08-18_13:00:00;0.10251216300252405
2018-08-18_14:00:00;0.10034477082342613
2018-08-18_15:00:00;0.10191773054834108
2018-08-18_16:00:00;0.10114954091524307
2018-08-18_17:00:00;0.09579050371291656
2018-08-18_18:00:00;0.07976369023667557
2018-08-18_19:00:00;0.06819054760946702
2018-08-18_20:00:00;0.0617249515308922
2018-08-18_21:00:00;0.05844185536086623
2018-08-18_22:00:00;0.055565716794088595
2018-08-18_23:00:00;0.05059077440831108
2018-08-19_00:00:00;0.04830449573837656
2018-08-19_01:00:00;0.04956652156418041
2018-08-19_02:00:00;0.05271701357135018
2018-08-19_03:00:00;0.05675915425979442
2018-08-19_04:00:00;0.05747704576215386
2018-08-19_05:00:00;0.06400208508614698
2018-08-19_06:00:00;0.061683798514833375
2018-08-19_07:00:00;0.05006035775688627
2018-08-19_08:00:00;0.048606284522807915
2018-08-19_09:00:00;0.07491220689907452
2018-08-19_10:00:00;0.09335333065076636
2018-08-19_11:00:00;0.09845173208472034
2018-08-19_12:00:00;0.10623879723451732
2018-08-19_13:00:00;0.11218769433368694
2018-08-19_14:00:00;0.1178805282218239
2018-08-19_15:00:00;0.12095785931155577
2018-08-19_16:00:00;0.1236556681420785
2018-08-19_17:00:00;0.12919760763799978
2018-08-19_18:00:00;0.11745070783187621
2018-08-19_19:00:00;0.10516881881698796
2018-08-19_20:00:00;0.1130793430149614
2018-08-19_21:00:00;0.12173062150199364
2018-08-19_22:00:00;0.12800874272963383
2018-08-19_23:00:00;0.13388905146870542
2018-08-20_00:00:00;0.14657789808684202
2018-08-20_01:00:00;0.15275085049566522
2018-08-20_02:00:00;0.1558556169294363
2018-08-20_03:00:00;0.14642700369462633
2018-08-20_04:00:00;0.12910158393386253
2018-08-20_05:00:00;0.12761550279840508
2018-08-20_06:00:00;0.1189733694260526
2018-08-20_07:00:00;0.10654058601894868
2018-08-20_08:00:00;0.10869883308336686
2018-08-20_09:00:00;0.12331272634158832
2018-08-20_10:00:00;0.13382503566594725
2018-08-20_11:00:00;0.13580952555145043
2018-08-20_12:00:00;0.14211508212312982
2018-08-20_13:00:00;0.1451329699674434
2018-08-20_14:00:00;0.1461663679262538
2018-08-20_15:00:00;0.1462852544170904
2018-08-20_16:00:00;0.13711270439331308
2018-08-20_17:00:00;0.12253539159381059
2018-08-20_18:00:00;0.09500859640779895
2018-08-20_19:00:00;0.07194918974283937
2018-08-20_20:00:00;0.06293210666861762
2018-08-20_21:00:00;0.06433130921461755
2018-08-20_22:00:00;0.05766909317042836
2018-08-20_23:00:00;0.049292168123788276
2018-08-21_00:00:00;0.04258422650620039
2018-08-21_01:00:00;0.040293375278926
2018-08-21_02:00:00;0.043279255221860484
2018-08-21_03:00:00;0.047664337710794896
2018-08-21_04:00:00;0.04679555181621978
2018-08-21_05:00:00;0.04238303398324615
2018-08-21_06:00:00;0.03350312762922047
2018-08-21_07:00:00;0.0214315762519662
2018-08-21_08:00:00;0.016795003109338992
2018-08-21_09:00:00;0.01693217982953506
2018-08-21_10:00:00;0.01943336869444343
2018-08-21_11:00:00;0.018267366572776823
2018-08-21_12:00:00;0.015720452134469765
2018-08-21_13:00:00;0.015176317811025351
2018-08-21_14:00:00;0.014719062077038447
2018-08-21_15:00:00;0.014161210081574423
2018-08-21_16:00:00;0.015098584336247577
2018-08-21_17:00:00;0.016913889600175588
2018-08-21_18:00:00;0.022702747192449794
2018-08-21_19:00:00;0.036717635439148404
2018-08-21_20:00:00;0.06205417565936277
2018-08-21_21:00:00;0.0890048286205509
2018-08-21_22:00:00;0.1092704027508505
2018-08-21_23:00:00;0.12464334052749021
2018-08-22_00:00:00;0.13267275121630026
2018-08-22_01:00:00;0.12610198631890843
2018-08-22_02:00:00;0.11417675677652998
2018-08-22_03:00:00;0.10410341295679848
2018-08-22_04:00:00;0.09884954457328896
2018-08-22_05:00:00;0.09820938654570728
2018-08-22_06:00:00;0.09154259794417823
2018-08-22_07:00:00;0.06100248747119289
2018-08-22_08:00:00;0.02920949628708344
2018-08-22_09:00:00;0.023690419577861506
2018-08-22_10:00:00;0.030672714635841532
2018-08-22_11:00:00;0.03635640340929875
2018-08-22_12:00:00;0.03393752057650803
2018-08-22_13:00:00;0.032488019899769544
2018-08-22_14:00:00;0.03267549475070417
2018-08-22_15:00:00;0.03231426272085452
2018-08-22_16:00:00;0.029364963236638987
2018-08-22_17:00:00;0.024019643706332076
2018-08-22_18:00:00;0.025597175988586896
2018-08-22_19:00:00;0.03854208581775615
2018-08-22_20:00:00;0.05619215714965066
2018-08-22_21:00:00;0.07268079891721842
2018-08-22_22:00:00;0.08395215275999561
2018-08-22_23:00:00;0.07878973552328346
2018-08-23_00:00:00;0.0653875699601273
2018-08-23_01:00:00;0.04733968613966419
2018-08-23_02:00:00;0.03786991988879541
2018-08-23_03:00:00;0.036287815049200714
2018-08-23_04:00:00;0.034573106046749826
2018-08-23_05:00:00;0.03410213264074331
2018-08-23_06:00:00;0.03303215422321396
2018-08-23_07:00:00;0.03209477996854081
2018-08-23_08:00:00;0.029959395690821962
2018-08-23_09:00:00;0.04727109777956615
2018-08-23_10:00:00;0.07809927936496323
2018-08-23_11:00:00;0.10316603870212532
2018-08-23_12:00:00;0.12431868895635952
2018-08-23_13:00:00;0.14430076453158722
2018-08-23_14:00:00;0.1590289717233054
2018-08-23_15:00:00;0.17015857628854666
2018-08-23_16:00:00;0.1678631525039324
2018-08-23_17:00:00;0.16429655777883453
2018-08-23_18:00:00;0.14266836156125398
2018-08-23_19:00:00;0.12215586933460146
2018-08-23_20:00:00;0.1123705966272817
2018-08-23_21:00:00;0.12593280169733329
2018-08-23_22:00:00;0.1346435234297838
2018-08-23_23:00:00;0.14058784797161356
2018-08-24_00:00:00;0.14786278669934522
2018-08-24_01:00:00;0.13836101254709735
2018-08-24_02:00:00;0.13120953286754217
2018-08-24_03:00:00;0.14092621721476387
2018-08-24_04:00:00;0.16763452463693895
2018-08-24_05:00:00;0.18172257380107545
2018-08-24_06:00:00;0.18279255221860483
2018-08-24_07:00:00;0.16383930204484765
2018-08-24_08:00:00;0.1702408823206643
2018-08-24_09:00:00;0.2101090097669825
2018-08-24_10:00:00;0.2418745656070527
2018-08-24_11:00:00;0.2691544426967114
2018-08-24_12:00:00;0.298464535245272
2018-08-24_13:00:00;0.32290028166953216
2018-08-24_14:00:00;0.3283553425759959
2018-08-24_15:00:00;0.31878955262098985
2018-08-24_16:00:00;0.285300142663789
2018-08-24_17:00:00;0.24501133994220287
2018-08-24_18:00:00;0.20492830230091086
2018-08-24_19:00:00;0.16269616270988038
2018-08-24_20:00:00;0.13173080440428722
2018-08-24_21:00:00;0.12074294911658193
2018-08-24_22:00:00;0.12544353806196729
2018-08-24_23:00:00;0.13336777993196033
2018-08-25_00:00:00;0.13771170940483593
2018-08-25_01:00:00;0.14430076453158722
2018-08-25_02:00:00;0.1635923839484947
2018-08-25_03:00:00;0.16834327102461866
2018-08-25_04:00:00;0.1575566082598676
2018-08-25_05:00:00;0.172975271609906
2018-08-25_06:00:00;0.18052913633536966
2018-08-25_07:00:00;0.17726433039470316
2018-08-25_08:00:00;0.17831144602553317
2018-08-25_09:00:00;0.20036031751838168
2018-08-25_10:00:00;0.23341990708563484
2018-08-25_11:00:00;0.2603979953908622
2018-08-25_12:00:00;0.27552858762848886
2018-08-25_13:00:00;0.26583933862530634
2018-08-25_14:00:00;0.26594450744412335
2018-08-25_15:00:00;0.2558483008376925
2018-08-25_16:00:00;0.23337875406957603
2018-08-25_17:00:00;0.21799667117825658
2018-08-25_18:00:00;0.19554998719683944
2018-08-25_19:00:00;0.18258678713831072
2018-08-25_20:00:00;0.1915581446391338
2018-08-25_21:00:00;0.22100998646523026
2018-08-25_22:00:00;0.21917181841460293
2018-08-25_23:00:00;0.21518454841423712
2018-08-26_00:00:00;0.21415572301276659
2018-08-26_01:00:00;0.20534440501883894
2018-08-26_02:00:00;0.199930497128434
2018-08-26_03:00:00;0.19528477887112705
2018-08-26_04:00:00;0.19415078465083951
2018-08-26_05:00:00;0.19338259501774152
2018-08-26_06:00:00;0.1679500310933899
2018-08-26_07:00:00;0.12853915938105864
2018-08-26_08:00:00;0.10330321542232139
2018-08-26_09:00:00;0.11640359220104621
2018-08-26_10:00:00;0.13240297033324797
2018-08-26_11:00:00;0.13314372462230675
2018-08-26_12:00:00;0.13146102352123495
2018-08-26_13:00:00;0.12736858470205217
2018-08-26_14:00:00;0.11340856714343198
2018-08-26_15:00:00;0.09771097779566155
2018-08-26_16:00:00;0.08553883015693017
2018-08-26_17:00:00;0.06720287522405531
2018-08-26_18:00:00;0.05154186633500384
2018-08-26_19:00:00;0.06208161100340198
2018-08-26_20:00:00;0.09969546768116472
2018-08-26_21:00:00;0.15118703588543
2018-08-26_22:00:00;0.21104638402165563
2018-08-26_23:00:00;0.258171159966346
2018-08-27_00:00:00;0.3064162124593042
2018-08-27_01:00:00;0.34604656692394925
2018-08-27_02:00:00;0.3809214617551304
2018-08-27_03:00:00;0.4122983502213118
2018-08-27_04:00:00;0.4303828145004938
2018-08-27_05:00:00;0.4490891465778981
2018-08-27_06:00:00;0.44695376230017925
2018-08-27_07:00:00;0.4197836265866774
2018-08-27_08:00:00;0.38376559242052893
2018-08-27_09:00:00;0.38110436404872516
2018-08-27_10:00:00;0.39131488458865277
2018-08-27_11:00:00;0.3920419212056919
2018-08-27_12:00:00;0.38487215129677727
2018-08-27_13:00:00;0.3756493031422614
2018-08-27_14:00:00;0.3565314409042689
2018-08-27_15:00:00;0.3473223104217727
2018-08-27_16:00:00;0.32296887002963015
2018-08-27_17:00:00;0.2868822475033837
2018-08-27_18:00:00;0.2321990342758898
2018-08-27_19:00:00;0.1939770274719245
2018-08-27_20:00:00;0.18500109741376156
2018-08-27_21:00:00;0.1892215678384607
2018-08-27_22:00:00;0.18110985111753303
2018-08-27_23:00:00;0.16872736584116765
2018-08-28_00:00:00;0.15384826425723377
2018-08-28_01:00:00;0.1381323846801039
2018-08-28_02:00:00;0.12285547060760142
2018-08-28_03:00:00;0.10743223470022314
2018-08-28_04:00:00;0.09547499725646559
2018-08-28_05:00:00;0.08461974613161649
2018-08-28_06:00:00;0.07366847130263013
2018-08-28_07:00:00;0.052872480520905735
2018-08-28_08:00:00;0.03964407213666459
2018-08-28_09:00:00;0.03655302337491312
2018-08-28_10:00:00;0.040334528294984816
2018-08-28_11:00:00;0.04457786150638329
2018-08-28_12:00:00;0.04550151808903684
2018-08-28_13:00:00;0.03964864469400446
2018-08-28_14:00:00;0.03254289058784797
2018-08-28_15:00:00;0.021550462742802794
2018-08-28_16:00:00;0.011861213739620294
2018-08-28_17:00:00;0.007453268463986538
2018-08-28_18:00:00;0.010169367523868749
2018-08-28_19:00:00;0.024595785931155578
2018-08-28_20:00:00;0.05051761349087318
2018-08-28_21:00:00;0.07833247978929656
2018-08-28_22:00:00;0.10483044957383765
2018-08-28_23:00:00;0.12419980246552292
2018-08-29_00:00:00;0.13797234517320847
2018-08-29_01:00:00;0.14806855177963932
2018-08-29_02:00:00;0.14940831108022096
2018-08-29_03:00:00;0.15373852288107692
2018-08-29_04:00:00;0.15485422687200498
2018-08-29_05:00:00;0.14876358049529942
2018-08-29_06:00:00;0.1378808940264111
2018-08-29_07:00:00;0.11081135457438636
2018-08-29_08:00:00;0.06217763470753923
2018-08-29_09:00:00;0.0510754654863372
2018-08-29_10:00:00;0.06765555840070235
2018-08-29_11:00:00;0.08861158868932216
2018-08-29_12:00:00;0.10360043164941288
2018-08-29_13:00:00;0.1042771701357135
2018-08-29_14:00:00;0.10360957676409262
2018-08-29_15:00:00;0.09883582690126934
2018-08-29_16:00:00;0.09727201229103413
2018-08-29_17:00:00;0.10867597029666752
2018-08-29_18:00:00;0.127967589713575
2018-08-29_19:00:00;0.15213812781212277
2018-08-29_20:00:00;0.191201485166624
2018-08-29_21:00:00;0.21941873651095584
2018-08-29_22:00:00;0.2263507334381973
2018-08-29_23:00:00;0.2243159454219556
2018-08-30_00:00:00;0.22878333394300765
2018-08-30_01:00:00;0.2303105680945239
2018-08-30_02:00:00;0.22770878296813843
2018-08-30_03:00:00;0.21641913889600176
2018-08-30_04:00:00;0.20302154589018545
2018-08-30_05:00:00;0.20084043603906793
2018-08-30_06:00:00;0.20160862567216592
2018-08-30_07:00:00;0.19517961005231005
2018-08-30_08:00:00;0.18460328492519296
2018-08-30_09:00:00;0.19389472143980685
2018-08-30_10:00:00;0.2159435929326554
2018-08-30_11:00:00;0.24320975235029446
2018-08-30_12:00:00;0.2634981892672934
2018-08-30_13:00:00;0.27446318176829937
2018-08-30_14:00:00;0.2804257965394886
2018-08-30_15:00:00;0.28640670154003733
2018-08-30_16:00:00;0.28247430222774994
2018-08-30_17:00:00;0.277618246332809
2018-08-30_18:00:00;0.252967589713575
2018-08-30_19:00:00;0.23026026996378535
2018-08-30_20:00:00;0.21124300398727
2018-08-30_21:00:00;0.19790028166953214
2018-08-30_22:00:00;0.1941553572081794
2018-08-30_23:00:00;0.18312634890441526
2018-08-31_00:00:00;0.17562735486703004
2018-08-31_01:00:00;0.16960986940776238
2018-08-31_02:00:00;0.15531605516333175
2018-08-31_03:00:00;0.1423254197607638
2018-08-31_04:00:00;0.13291966931265317
2018-08-31_05:00:00;0.13221092292497347
2018-08-31_06:00:00;0.12110418114643158
2018-08-31_07:00:00;0.09608314738266818
2018-08-31_08:00:00;0.07695614002999597
2018-08-31_09:00:00;0.0788583238833815
2018-08-31_10:00:00;0.08556169294362952
2018-08-31_11:00:00;0.08527819438855763
2018-08-31_12:00:00;0.08556169294362952
2018-08-31_13:00:00;0.08698375827632879
2018-08-31_14:00:00;0.09218275597175989
2018-08-31_15:00:00;0.0899513479899038
2018-08-31_16:00:00;0.08452372242747924
2018-08-31_17:00:00;0.07762373340161685
2018-08-31_18:00:00;0.06304184804477449
2018-08-31_19:00:00;0.06397922229944764
2018-08-31_20:00:00;0.07351300435307459
2018-08-31_21:00:00;0.0788720415554011
2018-08-31_22:00:00;0.07651717452536855
2018-08-31_23:00:00;0.06993269195595712
2018-09-01_00:00:00;0.07240187291948641
2018-09-01_01:00:00;0.07888575922742071
2018-09-01_02:00:00;0.08154241504188463
2018-09-01_03:00:00;0.07397483264440136
2018-09-01_04:00:00;0.07871657460584555
2018-09-01_05:00:00;0.08761477118923071
2018-09-01_06:00:00;0.0859183524161393
2018-09-01_07:00:00;0.07362731828657132
2018-09-01_08:00:00;0.05289077075026521
2018-09-01_09:00:00;0.05894483666825182
2018-09-01_10:00:00;0.06710227896257819
2018-09-01_11:00:00;0.06252972162270914
2018-09-01_12:00:00;0.05589494092255917
2018-09-01_13:00:00;0.06207703844606211
2018-09-01_14:00:00;0.060408055017009916
2018-09-01_15:00:00;0.07632055455975419
2018-09-01_16:00:00;0.08423107875772762
2018-09-01_17:00:00;0.08525075904451841
2018-09-01_18:00:00;0.07518656033946666
2018-09-01_19:00:00;0.08693346014559022
2018-09-01_20:00:00;0.10569009035373303
2018-09-01_21:00:00;0.11988788089402641
2018-09-01_22:00:00;0.11583659509090244
2018-09-01_23:00:00;0.11048670300325567
2018-09-02_00:00:00;0.11148809306068698
2018-09-02_01:00:00;0.11358689687968687
2018-09-02_02:00:00;0.1172312250795625
2018-09-02_03:00:00;0.12073380400190219
2018-09-02_04:00:00;0.1282510882686469
2018-09-02_05:00:00;0.14110911950835864
2018-09-02_06:00:00;0.15083037641292021
2018-09-02_07:00:00;0.13513735962248966
2018-09-02_08:00:00;0.11220141200570655
2018-09-02_09:00:00;0.1185298313640853
2018-09-02_10:00:00;0.13548487398031972
2018-09-02_11:00:00;0.14499579324724732
2018-09-02_12:00:00;0.14892362000219483
2018-09-02_13:00:00;0.14243973369426052
2018-09-02_14:00:00;0.13559918791381645
2018-09-02_15:00:00;0.13573179207667263
2018-09-02_16:00:00;0.13001152284449646
2018-09-02_17:00:00;0.1268747485093463
2018-09-02_18:00:00;0.11897794198339247
2018-09-02_19:00:00;0.12171690382997402
2018-09-02_20:00:00;0.1287952225920913
2018-09-02_21:00:00;0.1293576471448952
2018-09-02_22:00:00;0.11833321139847093
2018-09-02_23:00:00;0.11964096279767349
2018-09-03_00:00:00;0.12536123202984967
2018-09-03_01:00:00;0.1222381753667191
2018-09-03_02:00:00;0.11548908073307239
2018-09-03_03:00:00;0.12057376449500677
2018-09-03_04:00:00;0.11306105278560193
2018-09-03_05:00:00;0.11114057870285693
2018-09-03_06:00:00;0.10743223470022314
2018-09-03_07:00:00;0.08899568350587117
2018-09-03_08:00:00;0.07187602882540146
2018-09-03_09:00:00;0.0677652997768592
2018-09-03_10:00:00;0.07887661411274097
2018-09-03_11:00:00;0.10089805026155028
2018-09-03_12:00:00;0.11877217690309837
2018-09-03_13:00:00;0.12024911292387606
2018-09-03_14:00:00;0.11965925302703295
2018-09-03_15:00:00;0.1206560705271244
2018-09-03_16:00:00;0.11978271207520942
2018-09-03_17:00:00;0.11182188974649743
2018-09-03_18:00:00;0.10218751143139335
2018-09-03_19:00:00;0.11066503273951055
2018-09-03_20:00:00;0.11927058565314409
2018-09-03_21:00:00;0.11877674946043823
2018-09-03_22:00:00;0.10992885100779164
2018-09-03_23:00:00;0.10540659179866116
2018-09-04_00:00:00;0.10056425357573984
2018-09-04_01:00:00;0.08922431137286461
2018-09-04_02:00:00;0.08584519149870139
2018-09-04_03:00:00;0.07792094962870834
2018-09-04_04:00:00;0.06992354684127738
2018-09-04_05:00:00;0.06867981124483301
2018-09-04_06:00:00;0.0659774298569704
2018-09-04_07:00:00;0.04619654680469693
2018-09-04_08:00:00;0.03360829644803746
2018-09-04_09:00:00;0.0357436807257563
2018-09-04_10:00:00;0.036635329407030764
2018-09-04_11:00:00;0.039035922010462014
2018-09-04_12:00:00;0.03827687749204375
2018-09-04_13:00:00;0.03933771079489337
2018-09-04_14:00:00;0.04462815963712185
2018-09-04_15:00:00;0.04770091816951384
2018-09-04_16:00:00;0.05230548341076197
2018-09-04_17:00:00;0.06451421150821231
2018-09-04_18:00:00;0.07351757691041445
2018-09-04_19:00:00;0.08742272378095621
2018-09-04_20:00:00;0.10063741449317774
2018-09-04_21:00:00;0.10548889783077879
2018-09-04_22:00:00;0.09792131543329553
2018-09-04_23:00:00;0.08778395581080586
2018-09-05_00:00:00;0.07883088853934228
2018-09-05_01:00:00;0.07345356110765629
2018-09-05_02:00:00;0.06865694845813367
2018-09-05_03:00:00;0.06257087463876797
2018-09-05_04:00:00;0.05845557303288583
2018-09-05_05:00:00;0.05790686615210155
2018-09-05_06:00:00;0.0588442404067747
2018-09-05_07:00:00;0.04434466108204997
2018-09-05_08:00:00;0.02567948202070454
2018-09-05_09:00:00;0.025565168087207813
2018-09-05_10:00:00;0.03138146102352123
2018-09-05_11:00:00;0.035885430003292244
2018-09-05_12:00:00;0.03744467205618759
2018-09-05_13:00:00;0.03463712184950799
2018-09-05_14:00:00;0.033713465266854446
2018-09-05_15:00:00;0.03734407579471047
2018-09-05_16:00:00;0.04016534367340967
2018-09-05_17:00:00;0.04874803380034386
2018-09-05_18:00:00;0.05910944873248711
2018-09-05_19:00:00;0.08697918571898891
2018-09-05_20:00:00;0.12194553169696748
2018-09-05_21:00:00;0.13817353769616272
2018-09-05_22:00:00;0.1405969930862933
2018-09-05_23:00:00;0.13198686761531989
2018-09-06_00:00:00;0.12293777663971907
2018-09-06_01:00:00;0.11088908804916414
2018-09-06_02:00:00;0.10184914218824304
2018-09-06_03:00:00;0.09603742180926948
2018-09-06_04:00:00;0.08558912828766872
2018-09-06_05:00:00;0.07832790723195669
2018-09-06_06:00:00;0.07498079525917255
2018-09-06_07:00:00;0.05774682664520613
2018-09-06_08:00:00;0.03287668727365841
2018-09-06_09:00:00;0.03268006730804404
2018-09-06_10:00:00;0.045981636609723084
2018-09-06_11:00:00;0.058135494019095
2018-09-06_12:00:00;0.06421242272378096
2018-09-06_13:00:00;0.06868438380217289
2018-09-06_14:00:00;0.07536946263306142
2018-09-06_15:00:00;0.07278139517869554
2018-09-06_16:00:00;0.07733108973186524
2018-09-06_17:00:00;0.08654022021436149
2018-09-06_18:00:00;0.10223323700479205
2018-09-06_19:00:00;0.11476661667337308
2018-09-06_20:00:00;0.12052803892160807
2018-09-06_21:00:00;0.11085708014778506
2018-09-06_22:00:00;0.09815908841496872
2018-09-06_23:00:00;0.08736785309287778
2018-09-07_00:00:00;0.08183505871163624
2018-09-07_01:00:00;0.0740708563485386
2018-09-07_02:00:00;0.06707484361853898
2018-09-07_03:00:00;0.06458279986831035
2018-09-07_04:00:00;0.06288180853787906
2018-09-07_05:00:00;0.06226451329699675
2018-09-07_06:00:00;0.06747265610710758
2018-09-07_07:00:00;0.06572593920327761
2018-09-07_08:00:00;0.06997841752935582
2018-09-07_09:00:00;0.08172988989281925
2018-09-07_10:00:00;0.0973634634378315
2018-09-07_11:00:00;0.1165361963639024
2018-09-07_12:00:00;0.15078007828218165
2018-09-07_13:00:00;0.1935517796393167
2018-09-07_14:00:00;0.22259209130482496
2018-09-07_15:00:00;0.23036543878260232
2018-09-07_16:00:00;0.22099626879321066
2018-09-07_17:00:00;0.20204301861945348
2018-09-07_18:00:00;0.1748500201192523
2018-09-07_19:00:00;0.17259574935069685
2018-09-07_20:00:00;0.17625836777993195
2018-09-07_21:00:00;0.18411402128982698
2018-09-07_22:00:00;0.1836064674251015
2018-09-07_23:00:00;0.19534879467388522
2018-09-08_00:00:00;0.20682134103961664
2018-09-08_01:00:00;0.2169449829900867
2018-09-08_02:00:00;0.22690401287632148
2018-09-08_03:00:00;0.23473223104217728
2018-09-08_04:00:00;0.24540457987343162
2018-09-08_05:00:00;0.25913596956505836
2018-09-08_06:00:00;0.250594432454183
2018-09-08_07:00:00;0.22389984270402752
2018-09-08_08:00:00;0.19716409993781323
2018-09-08_09:00:00;0.20639609320700883
2018-09-08_10:00:00;0.23402805721183745
2018-09-08_11:00:00;0.22839923912645865
2018-09-08_12:00:00;0.2056141859018912
2018-09-08_13:00:00;0.18182317006255258
2018-09-08_14:00:00;0.16912060577239638
2018-09-08_15:00:00;0.1491659655412079
2018-09-08_16:00:00;0.12259940739656876
2018-09-08_17:00:00;0.08794399531770128
2018-09-08_18:00:00;0.0616655082854739
2018-09-08_19:00:00;0.054285400738925266
2018-09-08_20:00:00;0.04734425869700406
2018-09-08_21:00:00;0.05337546182829132
2018-09-08_22:00:00;0.05861103998244138
2018-09-08_23:00:00;0.06272634158832352
2018-09-09_00:00:00;0.07072374437575447
2018-09-09_01:00:00;0.08242491860847935
2018-09-09_02:00:00;0.09648095987123678
2018-09-09_03:00:00;0.11062387972345174
2018-09-09_04:00:00;0.11507755057248419
2018-09-09_05:00:00;0.12186322566484983
2018-09-09_06:00:00;0.11943062516003951
2018-09-09_07:00:00;0.09674616819694919
2018-09-09_08:00:00;0.06227365841167648
2018-09-09_09:00:00;0.043695357939788564
2018-09-09_10:00:00;0.05075538647254636
2018-09-09_11:00:00;0.060380619672970696
2018-09-09_12:00:00;0.06398836741412738
2018-09-09_13:00:00;0.06096133445513407
2018-09-09_14:00:00;0.060440062918389
2018-09-09_15:00:00;0.05108003804367707
2018-09-09_16:00:00;0.03930113033617442
2018-09-09_17:00:00;0.02993653290412262
2018-09-09_18:00:00;0.023969345575593517
2018-09-09_19:00:00;0.02781943885576325
2018-09-09_20:00:00;0.04558382412115448
2018-09-09_21:00:00;0.0683871675750814
2018-09-09_22:00:00;0.08849727475582544
2018-09-09_23:00:00;0.10365072978015144
2018-09-10_00:00:00;0.11823718769433368
2018-09-10_01:00:00;0.11901909499945129
2018-09-10_02:00:00;0.11388411310677836
2018-09-10_03:00:00;0.1125626440355562
2018-09-10_04:00:00;0.1126815305263928
2018-09-10_05:00:00;0.11021692212020338
2018-09-10_06:00:00;0.1080723927278048
2018-09-10_07:00:00;0.0960511394812891
2018-09-10_08:00:00;0.0644867761641731
2018-09-10_09:00:00;0.050362146541317626
2018-09-10_10:00:00;0.062351391886454256
2018-09-10_11:00:00;0.09321615393057028
2018-09-10_12:00:00;0.12202783772908513
2018-09-10_13:00:00;0.1528423016424626
2018-09-10_14:00:00;0.15511486264037752
2018-09-10_15:00:00;0.1418955993708161
2018-09-10_16:00:00;0.11804514028605918
2018-09-10_17:00:00;0.09789845264659619
2018-09-10_18:00:00;0.07547005889453853
2018-09-10_19:00:00;0.07455097486922486
2018-09-10_20:00:00;0.07681439075246004
2018-09-10_21:00:00;0.07809927936496323
2018-09-10_22:00:00;0.08096170025972126
2018-09-10_23:00:00;0.08612869005377327
2018-09-11_00:00:00;0.10063284193583788
2018-09-11_01:00:00;0.11686542049237297
2018-09-11_02:00:00;0.12675128946116984
2018-09-11_03:00:00;0.13952701466876394
2018-09-11_04:00:00;0.16365639975125287
2018-09-11_05:00:00;0.19613984709368257
2018-09-11_06:00:00;0.23372169587006622
2018-09-11_07:00:00;0.25340655521820243
2018-09-11_08:00:00;0.2890084866664228
2018-09-11_09:00:00;0.3452783772908512
2018-09-11_10:00:00;0.3910862567216593
2018-09-11_11:00:00;0.40392142517467167
2018-09-11_12:00:00;0.39742839375205763
2018-09-11_13:00:00;0.398987635804953
2018-09-11_14:00:00;0.3940264110911951
2018-09-11_15:00:00;0.38159362768409116
2018-09-11_16:00:00;0.3578391923034715
2018-09-11_17:00:00;0.3098090500054871
2018-09-11_18:00:00;0.26684530124007755
2018-09-11_19:00:00;0.24427058565314408
2018-09-11_20:00:00;0.25679024764970554
2018-09-11_21:00:00;0.23862804989574568
2018-09-11_22:00:00;0.22359805391959614
2018-09-11_23:00:00;0.19956469254124445
2018-09-12_00:00:00;0.18113728646157223
2018-09-12_01:00:00;0.17002597212569046
2018-09-12_02:00:00;0.15676098328273036
2018-09-12_03:00:00;0.13973277974905807
2018-09-12_04:00:00;0.13801349818926728
2018-09-12_05:00:00;0.15172659765153454
2018-09-12_06:00:00;0.1606705198083184
2018-09-12_07:00:00;0.14512839741010353
2018-09-12_08:00:00;0.1126358049529941
2018-09-12_09:00:00;0.11101711965468047
2018-09-12_10:00:00;0.12794472692687567
2018-09-12_11:00:00;0.14553535501335188
2018-09-12_12:00:00;0.1534184438672861
2018-09-12_13:00:00;0.14693455755935178
2018-09-12_14:00:00;0.13908347660679665
2018-09-12_15:00:00;0.13570435673263342
2018-09-12_16:00:00;0.12593280169733329
2018-09-12_17:00:00;0.11109485312945824
2018-09-12_18:00:00;0.10976423894355636
2018-09-12_19:00:00;0.11721750740754289
2018-09-12_20:00:00;0.10515967370230822
2018-09-12_21:00:00;0.08035812269085854
2018-09-12_22:00:00;0.06409353623294436
2018-09-12_23:00:00;0.05161502725244175
2018-09-13_00:00:00;0.04319237663240297
2018-09-13_01:00:00;0.03615521088634451
2018-09-13_02:00:00;0.030723012766580092
2018-09-13_03:00:00;0.031623806562534294
2018-09-13_04:00:00;0.033064162124593045
2018-09-13_05:00:00;0.0320810622965212
2018-09-13_06:00:00;0.028066356952116178
2018-09-13_07:00:00;0.021065771664776675
2018-09-13_08:00:00;0.01633317481801222
2018-09-13_09:00:00;0.01646577898086842
2018-09-13_10:00:00;0.02009638950872444
2018-09-13_11:00:00;0.019543110070600285
2018-09-13_12:00:00;0.019515674726561072
2018-09-13_13:00:00;0.02171507480703808
2018-09-13_14:00:00;0.02220433844240407
2018-09-13_15:00:00;0.028386435965907012
2018-09-13_16:00:00;0.02901287632146907
2018-09-13_17:00:00;0.02602242382119472
2018-09-13_18:00:00;0.026818048798331932
2018-09-13_19:00:00;0.02815780809891356
2018-09-13_20:00:00;0.029058601894867763
2018-09-13_21:00:00;0.028340710392508323
2018-09-13_22:00:00;0.029867944544024583
2018-09-13_23:00:00;0.03077788345465852
2018-09-14_00:00:00;0.03112539781248857
2018-09-14_01:00:00;0.03139975125288071
2018-09-14_02:00:00;0.03487032227384131
2018-09-14_03:00:00;0.03692797307678238
2018-09-14_04:00:00;0.03863353696455354
2018-09-14_05:00:00;0.040453414785821415
2018-09-14_06:00:00;0.04444525734352709
2018-09-14_07:00:00;0.04091981563448806
2018-09-14_08:00:00;0.03699656143688042
2018-09-14_09:00:00;0.04118959651754033
2018-09-14_10:00:00;0.04630171562351392
2018-09-14_11:00:00;0.054495738376559244
2018-09-14_12:00:00;0.06258459231078757
2018-09-14_13:00:00;0.06417126970772213
2018-09-14_14:00:00;0.0631561619782712
2018-09-14_15:00:00;0.059918791381643924
2018-09-14_16:00:00;0.062131909134140545
2018-09-14_17:00:00;0.06336649961590518
2018-09-14_18:00:00;0.06116709953542818
2018-09-14_19:00:00;0.06337107217324506
2018-09-14_20:00:00;0.07245217105022497
2018-09-14_21:00:00;0.09091158503127629
2018-09-14_22:00:00;0.10886801770494202
2018-09-14_23:00:00;0.12775725207594102
2018-09-15_00:00:00;0.14307989172184218
2018-09-15_01:00:00;0.153491604784724
2018-09-15_02:00:00;0.17243570984380144
2018-09-15_03:00:00;0.1839311189962322
2018-09-15_04:00:00;0.1959112192266891
2018-09-15_05:00:00;0.2092356513150675
2018-09-15_06:00:00;0.20074898489227055
2018-09-15_07:00:00;0.1713200058528734
2018-09-15_08:00:00;0.13621648315469875
2018-09-15_09:00:00;0.14638585067856752
2018-09-15_10:00:00;0.17763470753923255
2018-09-15_11:00:00;0.19472235431832316
2018-09-15_12:00:00;0.19500128031605515
2018-09-15_13:00:00;0.18607107583129093
2018-09-15_14:00:00;0.18617167209276805
2018-09-15_15:00:00;0.16433771079489337
2018-09-15_16:00:00;0.1361341771225811
2018-09-15_17:00:00;0.10146047481435418
2018-09-15_18:00:00;0.07002871566009437
2018-09-15_19:00:00;0.064175842265062
2018-09-15_20:00:00;0.058112631232395656
2018-09-15_21:00:00;0.0518436551194352
2018-09-15_22:00:00;0.046416029557010643
2018-09-15_23:00:00;0.040892380290448845
2018-09-16_00:00:00;0.039031349453122144
2018-09-16_01:00:00;0.040133335772030584
2018-09-16_02:00:00;0.04299118410944873
2018-09-16_03:00:00;0.04919614441965102
2018-09-16_04:00:00;0.05953469656509493
2018-09-16_05:00:00;0.07245217105022497
2018-09-16_06:00:00;0.09271774518052456
2018-09-16_07:00:00;0.09586823718769433
2018-09-16_08:00:00;0.06936569484581337
2018-09-16_09:00:00;0.05519991220689907
2018-09-16_10:00:00;0.0697589347770421
2018-09-16_11:00:00;0.08963584153345283
2018-09-16_12:00:00;0.10116325858726269
2018-09-16_13:00:00;0.11004316494128837
2018-09-16_14:00:00;0.10418571898891613
2018-09-16_15:00:00;0.09001993635000183
2018-09-16_16:00:00;0.0696263306141859
2018-09-16_17:00:00;0.04963510992427845
2018-09-16_18:00:00;0.04968083549767714
2018-09-16_19:00:00;0.06428101108387899
2018-09-16_20:00:00;0.08472948750777334
2018-09-16_21:00:00;0.10303343453926912
2018-09-16_22:00:00;0.11890935362329444
2018-09-16_23:00:00;0.12426839082562095
2018-09-17_00:00:00;0.12119105973588909
2018-09-17_01:00:00;0.11375150894392215
2018-09-17_02:00:00;0.10861652705124922
2018-09-17_03:00:00;0.1060513223835827
2018-09-17_04:00:00;0.10168453012400776
2018-09-17_05:00:00;0.0992565021765373
2018-09-17_06:00:00;0.10023502944726927
2018-09-17_07:00:00;0.09332589530672715
2018-09-17_08:00:00;0.06181183012034971
2018-09-17_09:00:00;0.03198046603504408
2018-09-17_10:00:00;0.037494970186926144
2018-09-17_11:00:00;0.05532794381241541
2018-09-17_12:00:00;0.06651241906573509
2018-09-17_13:00:00;0.06621063028130372
2018-09-17_14:00:00;0.05484782529172916
2018-09-17_15:00:00;0.04295917620806965
2018-09-17_16:00:00;0.028272122032410286
2018-09-17_17:00:00;0.01643377107948934
2018-09-17_18:00:00;0.01645206130884881
2018-09-17_19:00:00;0.027142700369462633
2018-09-17_20:00:00;0.04455957127702381
2018-09-17_21:00:00;0.06836887734572192
2018-09-17_22:00:00;0.10028532757800783
2018-09-17_23:00:00;0.1419138896001756
2018-09-18_00:00:00;0.1849965248564217
2018-09-18_01:00:00;0.2185545231737206
2018-09-18_02:00:00;0.23081812195924936
2018-09-18_03:00:00;0.23257855653509896
2018-09-18_04:00:00;0.2384954457328895
2018-09-18_05:00:00;0.2526155027984051
2018-09-18_06:00:00;0.25635585470241795
2018-09-18_07:00:00;0.23281175695943226
2018-09-18_08:00:00;0.17517924424772285
2018-09-18_09:00:00;0.1210721732450525
2018-09-18_10:00:00;0.12995665215641805
2018-09-18_11:00:00;0.16934923363938983
2018-09-18_12:00:00;0.23304952994110545
2018-09-18_13:00:00;0.2778697369865018
2018-09-18_14:00:00;0.29118959651754034
2018-09-18_15:00:00;0.28508980502615505
2018-09-18_16:00:00;0.25706460109009766
2018-09-18_17:00:00;0.20801935106266234
2018-09-18_18:00:00;0.20537641292021802
2018-09-18_19:00:00;0.24156363170794162
2018-09-18_20:00:00;0.2654186633500384
2018-09-18_21:00:00;0.25058071478216337
2018-09-18_22:00:00;0.22026923217617148
2018-09-18_23:00:00;0.19153528185243443
2018-09-19_00:00:00;0.17188700296301715
2018-09-19_01:00:00;0.15911585031276293
2018-09-19_02:00:00;0.14356001024252843
2018-09-19_03:00:00;0.12534751435783004
2018-09-19_04:00:00;0.11608808574459524
2018-09-19_05:00:00;0.11442367487288291
2018-09-19_06:00:00;0.1173775469144383
2018-09-19_07:00:00;0.11578172440282401
2018-09-19_08:00:00;0.08884021655631562
2018-09-19_09:00:00;0.08255752277133556
2018-09-19_10:00:00;0.11938947214398068
2018-09-19_11:00:00;0.17919852214946774
2018-09-19_12:00:00;0.2378004170172294
2018-09-19_13:00:00;0.276118447525332
2018-09-19_14:00:00;0.29321066686176245
2018-09-19_15:00:00;0.30077367670190586
2018-09-19_16:00:00;0.2776456816768482
2018-09-19_17:00:00;0.21843106412554414
2018-09-19_18:00:00;0.18428320591140213
2018-09-19_19:00:00;0.20424241869993048
2018-09-19_20:00:00;0.24229524088232066
2018-09-19_21:00:00;0.25146779090609794
2018-09-19_22:00:00;0.25258349489702603
2018-09-19_23:00:00;0.24017357427662142
2018-09-20_00:00:00;0.22677140871346527
2018-09-20_01:00:00;0.20924479642974722
2018-09-20_02:00:00;0.19177305483410761
2018-09-20_03:00:00;0.17189157552035703
2018-09-20_04:00:00;0.1667108680542854
2018-09-20_05:00:00;0.17475856897245493
2018-09-20_06:00:00;0.17367487288290595
2018-09-20_07:00:00;0.152828583970443
2018-09-20_08:00:00;0.12615685700698687
2018-09-20_09:00:00;0.12799959761495408
2018-09-20_10:00:00;0.1756136371950104
2018-09-20_11:00:00;0.2370916706295497
2018-09-20_12:00:00;0.2742345539013059
2018-09-20_13:00:00;0.29788839302044845
2018-09-20_14:00:00;0.2814729121703186
2018-09-20_15:00:00;0.259181695138457
2018-09-20_16:00:00;0.2030901342502835
2018-09-20_17:00:00;0.1252332004243333
2018-09-20_18:00:00;0.09352251527234151
2018-09-20_19:00:00;0.109357281340308
2018-09-20_20:00:00;0.144273329187548
2018-09-20_21:00:00;0.18619453487946738
2018-09-20_22:00:00;0.24227237809562133
2018-09-20_23:00:00;0.288093975198449
2018-09-21_00:00:00;0.32769232176171487
2018-09-21_01:00:00;0.35966364268207923
2018-09-21_02:00:00;0.39119142554047626
2018-09-21_03:00:00;0.4180231920108278
2018-09-21_04:00:00;0.4419651022423821
2018-09-21_05:00:00;0.47826663496360244
2018-09-21_06:00:00;0.5095474997256466
2018-09-21_07:00:00;0.5227850532245675
2018-09-21_08:00:00;0.5256017485459268
2018-09-21_09:00:00;0.5557531916450232
2018-09-21_10:00:00;0.5890048286205509
2018-09-21_11:00:00;0.6216254526831766
2018-09-21_12:00:00;0.6231526868346929
2018-09-21_13:00:00;0.5998143541720014
2018-09-21_14:00:00;0.5782318835278194
2018-09-21_15:00:00;0.5662243479533233
2018-09-21_16:00:00;0.544134323444416
2018-09-21_17:00:00;0.49776401946080406
2018-09-21_18:00:00;0.46558693346014557
2018-09-21_19:00:00;0.46090920730145957
2018-09-21_20:00:00;0.4927296338296082
2018-09-21_21:00:00;0.48714196876028826
2018-09-21_22:00:00;0.49012327614588286
2018-09-21_23:00:00;0.511765190035483
2018-09-22_00:00:00;0.5102791089000256
2018-09-22_01:00:00;0.5211755130409336
2018-09-22_02:00:00;0.5199775030178878
2018-09-22_03:00:00;0.4942934484398434
2018-09-22_04:00:00;0.47105113948128907
2018-09-22_05:00:00;0.4627336576800673
2018-09-22_06:00:00;0.422870102791089
2018-09-22_07:00:00;0.3863673775469144
2018-09-22_08:00:00;0.368191462120935
2018-09-22_09:00:00;0.37316183194937264
2018-09-22_10:00:00;0.3983657680067308
2018-09-22_11:00:00;0.42484087500457257
2018-09-22_12:00:00;0.4279182060943044
2018-09-22_13:00:00;0.4144062991549914
2018-09-22_14:00:00;0.3952244211142408
2018-09-22_15:00:00;0.3622425650217654
2018-09-22_16:00:00;0.3158219629074149
2018-09-22_17:00:00;0.2745637780297765
2018-09-22_18:00:00;0.23213501847313164
2018-09-22_19:00:00;0.2209459706624721
2018-09-22_20:00:00;0.2230859274975308
2018-09-22_21:00:00;0.20987123678530928
2018-09-22_22:00:00;0.19476807989172185
2018-09-22_23:00:00;0.17742894245893845
2018-09-23_00:00:00;0.17094048359366426
2018-09-23_01:00:00;0.16446116984306983
2018-09-23_02:00:00;0.15138822840838423
2018-09-23_03:00:00;0.1465184548414237
2018-09-23_04:00:00;0.13854848739803197
2018-09-23_05:00:00;0.13575922742071186
2018-09-23_06:00:00;0.13775286242089477
2018-09-23_07:00:00;0.13038189998902586
2018-09-23_08:00:00;0.12095785931155577
2018-09-23_09:00:00;0.11541591981563448
2018-09-23_10:00:00;0.12328071844020924
2018-09-23_11:00:00;0.14704429893550866
2018-09-23_12:00:00;0.18348758093426493
2018-09-23_13:00:00;0.22727896257819072
2018-09-23_14:00:00;0.25706460109009766
2018-09-23_15:00:00;0.2916148443501482
2018-09-23_16:00:00;0.33186706661301535
2018-09-23_17:00:00;0.36902366755679117
2018-09-23_18:00:00;0.38938526539122803
2018-09-23_19:00:00;0.42487745546329153
2018-09-23_20:00:00;0.4379503968979771
2018-09-23_21:00:00;0.42597029666752023
2018-09-23_22:00:00;0.4016031386033581
2018-09-23_23:00:00;0.4220241796832132
2018-09-24_00:00:00;0.4337436441452976
2018-09-24_01:00:00;0.45356110765629
2018-09-24_02:00:00;0.4658384241138384
2018-09-24_03:00:00;0.4772378095621319
2018-09-24_04:00:00;0.47807001499798807
2018-09-24_05:00:00;0.4958252551486996
2018-09-24_06:00:00;0.48876522661594174
2018-09-24_07:00:00;0.4691489556279036
2018-09-24_08:00:00;0.46886545707283167
2018-09-24_09:00:00;0.46402769140725025
2018-09-24_10:00:00;0.47743900208508616
2018-09-24_11:00:00;0.4807632512711709
2018-09-24_12:00:00;0.46042451622343344
2018-09-24_13:00:00;0.45334619746131616
2018-09-24_14:00:00;0.4277307312433698
2018-09-24_15:00:00;0.4236794454402458
2018-09-24_16:00:00;0.41651424808867105
2018-09-24_17:00:00;0.37970973406006514
2018-09-24_18:00:00;0.3667556791162161
2018-09-24_19:00:00;0.3451914987013937
2018-09-24_20:00:00;0.3337418151223616
2018-09-24_21:00:00;0.30665398544097744
2018-09-24_22:00:00;0.2801377254270769
2018-09-24_23:00:00;0.2633061418590189
2018-09-25_00:00:00;0.25020119252295425
2018-09-25_01:00:00;0.23137140139737353
2018-09-25_02:00:00;0.22420620404579875
2018-09-25_03:00:00;0.2124867395837144
2018-09-25_04:00:00;0.20208874419285217
2018-09-25_05:00:00;0.1912289205106632
2018-09-25_06:00:00;0.17544902513077515
2018-09-25_07:00:00;0.13852105205399276
2018-09-25_08:00:00;0.0993433807659948
2018-09-25_09:00:00;0.08814518784065552
2018-09-25_10:00:00;0.0999058053187987
2018-09-25_11:00:00;0.09841972418334126
2018-09-25_12:00:00;0.09110363243955079
2018-09-25_13:00:00;0.08396587043201521
2018-09-25_14:00:00;0.07923327358525076
2018-09-25_15:00:00;0.07606449134872151
2018-09-25_16:00:00;0.06548816622160442
2018-09-25_17:00:00;0.04508084281376888
2018-09-25_18:00:00;0.049593956908219626
2018-09-25_19:00:00;0.07215038226579361
2018-09-25_20:00:00;0.09618831620148517
2018-09-25_21:00:00;0.12949939642243113
2018-09-25_22:00:00;0.16857647144895196
2018-09-25_23:00:00;0.2043430149614076
2018-09-26_00:00:00;0.23442586970040605
2018-09-26_01:00:00;0.2597166843472217
2018-09-26_02:00:00;0.2744723268829791
2018-09-26_03:00:00;0.28889417273292606
2018-09-26_04:00:00;0.29819018180487983
2018-09-26_05:00:00;0.31664959578593116
2018-09-26_06:00:00;0.32462870834400265
2018-09-26_07:00:00;0.31292753411127777
2018-09-26_08:00:00;0.27572063503676336
2018-09-26_09:00:00;0.24887515089439222
2018-09-26_10:00:00;0.2702701466876395
2018-09-26_11:00:00;0.3033297362548926
2018-09-26_12:00:00;0.31637981490287886
2018-09-26_13:00:00;0.31515894209313383
2018-09-26_14:00:00;0.3215833851556498
2018-09-26_15:00:00;0.3195943227128068
2018-09-26_16:00:00;0.3135859823682189
2018-09-26_17:00:00;0.2938371072173245
2018-09-26_18:00:00;0.3138191827925522
2018-09-26_19:00:00;0.34076983575374037
2018-09-26_20:00:00;0.34712111789881844
2018-09-26_21:00:00;0.31517265976515346
2018-09-26_22:00:00;0.29211325310019387
2018-09-26_23:00:00;0.2676500713318945
2018-09-27_00:00:00;0.24977137213300654
2018-09-27_01:00:00;0.23275688627135385
2018-09-27_02:00:00;0.21692212020338736
2018-09-27_03:00:00;0.1997521673921791
2018-09-27_04:00:00;0.1836384753264806
2018-09-27_05:00:00;0.17058382412115447
2018-09-27_06:00:00;0.15874547316823354
2018-09-27_07:00:00;0.14523813878626038
2018-09-27_08:00:00;0.12932106668617624
2018-09-27_09:00:00;0.11528788821011815
2018-09-27_10:00:00;0.11842466254526832
2018-09-27_11:00:00;0.13911091195083586
2018-09-27_12:00:00;0.15036854812159345
2018-09-27_13:00:00;0.1501399202546
2018-09-27_14:00:00;0.14851666239894648
2018-09-27_15:00:00;0.14253575739839777
2018-09-27_16:00:00;0.1408027581665874
2018-09-27_17:00:00;0.1313375644730585
2018-09-27_18:00:00;0.1513379302776457
2018-09-27_19:00:00;0.18153052639280096
2018-09-27_20:00:00;0.21949189742839376
2018-09-27_21:00:00;0.2418014046896148
2018-09-27_22:00:00;0.2567490946336467
2018-09-27_23:00:00;0.24892544902513078
2018-09-28_00:00:00;0.24161850239602004
2018-09-28_01:00:00;0.23675330138639938
2018-09-28_02:00:00;0.2316548999524454
2018-09-28_03:00:00;0.22439367889673337
2018-09-28_04:00:00;0.21259648095987124
2018-09-28_05:00:00;0.20300782821816585
2018-09-28_06:00:00;0.19457145992610747
2018-09-28_07:00:00;0.17313073855946154
2018-09-28_08:00:00;0.15913871309946226
2018-09-28_09:00:00;0.1775661191791345
2018-09-28_10:00:00;0.18659234736803598
2018-09-28_11:00:00;0.18827962102644769
2018-09-28_12:00:00;0.19977503017887843
2018-09-28_13:00:00;0.22312250795624977
2018-09-28_14:00:00;0.2557065515601566
2018-09-28_15:00:00;0.2802154589018546
2018-09-28_16:00:00;0.2876001390057431
2018-09-28_17:00:00;0.25659820024143104
2018-09-28_18:00:00;0.24067198302666715
2018-09-28_19:00:00;0.24536342685737278
2018-09-28_20:00:00;0.24185170282035337
2018-09-28_21:00:00;0.2365155284047262
2018-09-28_22:00:00;0.2332964480374584
2018-09-28_23:00:00;0.22605351721110584
2018-09-29_00:00:00;0.20733804001902184
2018-09-29_01:00:00;0.19569173647437538
2018-09-29_02:00:00;0.18495994439770275
2018-09-29_03:00:00;0.169413249442148
2018-09-29_04:00:00;0.16040988403994585
2018-09-29_05:00:00;0.1493122873760837
2018-09-29_06:00:00;0.1402997768592018
2018-09-29_07:00:00;0.1259465193693529
2018-09-29_08:00:00;0.09786644474521711
2018-09-29_09:00:00;0.08446885173940082
2018-09-29_10:00:00;0.09655869334601457
2018-09-29_11:00:00;0.1038930753191645
2018-09-29_12:00:00;0.10187200497494238
2018-09-29_13:00:00;0.1006739949518967
2018-09-29_14:00:00;0.09941196912609285
2018-09-29_15:00:00;0.09440501883893625
2018-09-29_16:00:00;0.08327084171635513
2018-09-29_17:00:00;0.0701293119215715
2018-09-29_18:00:00;0.08294161758788456
2018-09-29_19:00:00;0.10545231737205985
2018-09-29_20:00:00;0.1295085415371109
2018-09-29_21:00:00;0.14610235212349562
2018-09-29_22:00:00;0.165398544097743
2018-09-29_23:00:00;0.18244503786077476
2018-09-30_00:00:00;0.1921159966345978
2018-09-30_01:00:00;0.1946720561875846
2018-09-30_02:00:00;0.19389929399714673
2018-09-30_03:00:00;0.19383985075172844
2018-09-30_04:00:00;0.19485495848117934
2018-09-30_05:00:00;0.18637286461572228
2018-09-30_06:00:00;0.17657844679372278
2018-09-30_07:00:00;0.15586476204411603
2018-09-30_08:00:00;0.11079306434502689
2018-09-30_09:00:00;0.08130464206021143
2018-09-30_10:00:00;0.07980484325273439
2018-09-30_11:00:00;0.0882503566594725
2018-09-30_12:00:00;0.09577678604089696
2018-09-30_13:00:00;0.10088890514687054
2018-09-30_14:00:00;0.09278176098328272
2018-09-30_15:00:00;0.07951219958298276
2018-09-30_16:00:00;0.06600486520100962
2018-09-30_17:00:00;0.05670885612905586
2018-09-30_18:00:00;0.06960804038482643
2018-09-30_19:00:00;0.0866133811317994
2018-09-30_20:00:00;0.10381076928704686
2018-09-30_21:00:00;0.11080220945970662
2018-09-30_22:00:00;0.112814134689249
2018-09-30_23:00:00;0.07781120825255149
2018-10-01_00:00:00;0.07274024216263672
2018-10-01_01:00:00;0.07119929033910086
2018-10-01_02:00:00;0.07503566594725097
2018-10-01_03:00:00;0.08342630866591066
2018-10-01_04:00:00;0.09496287083440026
2018-10-01_05:00:00;0.1097139408128178
2018-10-01_06:00:00;0.12439184987379742
2018-10-01_07:00:00;0.12223360280937923
2018-10-01_08:00:00;0.10783919230347148
2018-10-01_09:00:00;0.11786681054980429
2018-10-01_10:00:00;0.15968284742290667
2018-10-01_11:00:00;0.1918050627354867
2018-10-01_12:00:00;0.2199994512931192
2018-10-01_13:00:00;0.26042543073490143
2018-10-01_14:00:00;0.2839329480191682
2018-10-01_15:00:00;0.2996259648095987
2018-10-01_16:00:00;0.27892142517467167
2018-10-01_17:00:00;0.24934155174305886
2018-10-01_18:00:00;0.24920437502286277
2018-10-01_19:00:00;0.2630043530745876
2018-10-01_20:00:00;0.2646733365036398
2018-10-01_21:00:00;0.26152284449647
2018-10-01_22:00:00;0.2592274207118557
2018-10-01_23:00:00;0.25160039506895415
2018-10-02_00:00:00;0.2405622416505103
2018-10-02_01:00:00;0.2370322273841314
2018-10-02_02:00:00;0.24647913084830084
2018-10-02_03:00:00;0.25742126056260745
2018-10-02_04:00:00;0.27056736291473094
2018-10-02_05:00:00;0.2944772652449062
2018-10-02_06:00:00;0.32229213154332953
2018-10-02_07:00:00;0.33957182573069467
2018-10-02_08:00:00;0.3712916559973662
2018-10-02_09:00:00;0.43408658594578775
2018-10-02_10:00:00;0.49421571496506567
2018-10-02_11:00:00;0.5413724988111351
2018-10-02_12:00:00;0.5711810001097414
2018-10-02_13:00:00;0.5823517576910414
2018-10-02_14:00:00;0.5813686578629697
2018-10-02_15:00:00;0.5896038336320737
2018-10-02_16:00:00;0.5836366463035446
2018-10-02_17:00:00;0.5764394410505908
2018-10-02_18:00:00;0.565780809891356
2018-10-02_19:00:00;0.5668004901781468
2018-10-02_20:00:00;0.5674452207630684
2018-10-02_21:00:00;0.5516516077111607
2018-10-02_22:00:00;0.5527124410140103
2018-10-02_23:00:00;0.5542076672641475
2018-10-03_00:00:00;0.5513772542707686
2018-10-03_01:00:00;0.5574999085488532
2018-10-03_02:00:00;0.5458856129055858
2018-10-03_03:00:00;0.5398086842008999
2018-10-03_04:00:00;0.5313860335808611
2018-10-03_05:00:00;0.536978271207521
2018-10-03_06:00:00;0.5249341551743059
2018-10-03_07:00:00;0.4946409627976735
2018-10-03_08:00:00;0.4740415919815634
2018-10-03_09:00:00;0.4638859421297143
2018-10-03_10:00:00;0.4702738047335114
2018-10-03_11:00:00;0.474265647291217
2018-10-03_12:00:00;0.45624519881479314
2018-10-03_13:00:00;0.43526630573947395
2018-10-03_14:00:00;0.4184118593847167
2018-10-03_15:00:00;0.3764769360207777
2018-10-03_16:00:00;0.3277792003511724
2018-10-03_17:00:00;0.25959322529904527
2018-10-03_18:00:00;0.22739784906902732
2018-10-03_19:00:00;0.2159527380473351
2018-10-03_20:00:00;0.2114076160515053
2018-10-03_21:00:00;0.215257709331675
2018-10-03_22:00:00;0.20181439075246005
2018-10-03_23:00:00;0.1851291290192779
2018-10-04_00:00:00;0.17352397849069026
2018-10-04_01:00:00;0.16092658301935106
2018-10-04_02:00:00;0.14748783699747595
2018-10-04_03:00:00;0.14580513589640415
2018-10-04_04:00:00;0.14109540183633903
2018-10-04_05:00:00;0.14222939605662654
2018-10-04_06:00:00;0.13912462962285546
2018-10-04_07:00:00;0.12428210849764056
2018-10-04_08:00:00;0.10109009766982478
2018-10-04_09:00:00;0.09008852471009987
2018-10-04_10:00:00;0.08710721732450524
2018-10-04_11:00:00;0.09200899879284487
2018-10-04_12:00:00;0.09937996122471376
2018-10-04_13:00:00;0.10285053224567436
2018-10-04_14:00:00;0.10365072978015144
2018-10-04_15:00:00;0.09891356037604712
2018-10-04_16:00:00;0.09289150235943959
2018-10-04_17:00:00;0.09001079123532209
2018-10-04_18:00:00;0.09606028459596884
2018-10-04_19:00:00;0.11430936093938618
2018-10-04_20:00:00;0.12266799575666679
2018-10-04_21:00:00;0.1283242491860848
2018-10-04_22:00:00;0.14422760361414932
2018-10-04_23:00:00;0.15821962907414858
2018-10-05_00:00:00;0.165014449281194
2018-10-05_01:00:00;0.1706386948092329
2018-10-05_02:00:00;0.17813311628927828
2018-10-05_03:00:00;0.17506035775688628
2018-10-05_04:00:00;0.16794088597871018
2018-10-05_05:00:00;0.15863573179207668
2018-10-05_06:00:00;0.1574194315396715
2018-10-05_07:00:00;0.14676080038043676
2018-10-05_08:00:00;0.11499524454036654
2018-10-05_09:00:00;0.0765537549840875
2018-10-05_10:00:00;0.06275377693236273
2018-10-05_11:00:00;0.06839631268976112
2018-10-05_12:00:00;0.07857482532830962
2018-10-05_13:00:00;0.07920583824121155
2018-10-05_14:00:00;0.08008834180780627
2018-10-05_15:00:00;0.07488019899769544
2018-10-05_16:00:00;0.0715468046969309
2018-10-05_17:00:00;0.08319310824157734
2018-10-05_18:00:00;0.13018528002341148
2018-10-05_19:00:00;0.1761074733877163
2018-10-05_20:00:00;0.20667044664740095
2018-10-05_21:00:00;0.21813384789845264
2018-10-05_22:00:00;0.21609905988221093
2018-10-05_23:00:00;0.19835296484617918
2018-10-06_00:00:00;0.18424205289534332
2018-10-06_01:00:00;0.17407268537147455
2018-10-06_02:00:00;0.1605379156454622
2018-10-06_03:00:00;0.14828803453195302
2018-10-06_04:00:00;0.13965047371694042
2018-10-06_05:00:00;0.13673775469144384
2018-10-06_06:00:00;0.14326279401543696
2018-10-06_07:00:00;0.14446080403848263
2018-10-06_08:00:00;0.12371968394483666
2018-10-06_09:00:00;0.08060961334455134
2018-10-06_10:00:00;0.05554285400738925
2018-10-06_11:00:00;0.052095145773127995
2018-10-06_12:00:00;0.059713026301349816
2018-10-06_13:00:00;0.06594084939825146
2018-10-06_14:00:00;0.07422632329809416
2018-10-06_15:00:00;0.06787046859567619
2018-10-06_16:00:00;0.05689175842265062
2018-10-06_17:00:00;0.0644867761641731
2018-10-06_18:00:00;0.08247064418187804
2018-10-06_19:00:00;0.10792149833558913
2018-10-06_20:00:00;0.1239208764677909
2018-10-06_21:00:00;0.13911548450817574
2018-10-06_22:00:00;0.16452975820316787
2018-10-06_23:00:00;0.18354245162234334
2018-10-07_00:00:00;0.19884680103888502
2018-10-07_01:00:00;0.21873742546731537
2018-10-07_02:00:00;0.21704100669422394
2018-10-07_03:00:00;0.23039287412664156
2018-10-07_04:00:00;0.22734755093828876
2018-10-07_05:00:00;0.2272378095621319
2018-10-07_06:00:00;0.2232642572337857
2018-10-07_07:00:00;0.20186926144053846
2018-10-07_08:00:00;0.18002615502798405
2018-10-07_09:00:00;0.17047408274499762
2018-10-07_10:00:00;0.17122398214873613
2018-10-07_11:00:00;0.1460611991074368
2018-10-07_12:00:00;0.12720854519515676
2018-10-07_13:00:00;0.10115411347258295
2018-10-07_14:00:00;0.08914657789808685
2018-10-07_15:00:00;0.07367761641730987
2018-10-07_16:00:00;0.06094304422577459
2018-10-07_17:00:00;0.055378241943153966
2018-10-07_18:00:00;0.06248399604931046
2018-10-07_19:00:00;0.06637524234553902
2018-10-07_20:00:00;0.06325675823974833
2018-10-07_21:00:00;0.06155119435197717
2018-10-07_22:00:00;0.06653070929509457
2018-10-07_23:00:00;0.07435892746095037
2018-10-08_00:00:00;0.07375534989208765
2018-10-08_01:00:00;0.07645773127995024
2018-10-08_02:00:00;0.08320682591359696
2018-10-08_03:00:00;0.09038116837985148
2018-10-08_04:00:00;0.09454676811647218
2018-10-08_05:00:00;0.107926070892929
2018-10-08_06:00:00;0.11408073307239273
2018-10-08_07:00:00;0.11285986026264769
2018-10-08_08:00:00;0.09990123276145883
2018-10-08_09:00:00;0.06951658923802904
2018-10-08_10:00:00;0.058629330211800855
2018-10-08_11:00:00;0.06166093572813403
2018-10-08_12:00:00;0.06115795442074844
2018-10-08_13:00:00;0.06053151406518638
2018-10-08_14:00:00;0.05812177634707539
2018-10-08_15:00:00;0.04958938435087976
2018-10-08_16:00:00;0.04406116252697809
2018-10-08_17:00:00;0.05039872700003658
2018-10-08_18:00:00;0.06480685517796393
2018-10-08_19:00:00;0.0751499798807477
2018-10-08_20:00:00;0.08277700552364926
2018-10-08_21:00:00;0.08263068368877345
2018-10-08_22:00:00;0.08345831656728975
2018-10-08_23:00:00;0.08381954859713941
2018-10-09_00:00:00;0.0795670702710612
2018-10-09_01:00:00;0.07551578446793723
2018-10-09_02:00:00;0.07463785345868237
2018-10-09_03:00:00;0.07386051871090464
2018-10-09_04:00:00;0.07237443757544719
2018-10-09_05:00:00;0.07862969601638804
2018-10-09_06:00:00;0.08446427918206094
2018-10-09_07:00:00;0.08652650254234188
2018-10-09_08:00:00;0.08316110034019826
2018-10-09_09:00:00;0.06766927607272195
2018-10-09_10:00:00;0.05626531806708856
2018-10-09_11:00:00;0.06120367999414713
2018-10-09_12:00:00;0.06225079562497714
2018-10-09_13:00:00;0.056580824523539526
2018-10-09_14:00:00;0.04876632402970333
2018-10-09_15:00:00;0.04004645718257307
2018-10-09_16:00:00;0.04083293704503054
2018-10-09_17:00:00;0.046873285290997546
2018-10-09_18:00:00;0.05935179427150016
2018-10-09_19:00:00;0.07359073782785236
2018-10-09_20:00:00;0.08592292497347917
2018-10-09_21:00:00;0.09298295350623696
2018-10-09_22:00:00;0.08985989684310641
2018-10-09_23:00:00;0.0827267073929107
2018-10-10_00:00:00;0.07419888795405494
2018-10-10_01:00:00;0.06184841057906866
2018-10-10_02:00:00;0.0538967333650364
2018-10-10_03:00:00;0.04988202802063138
2018-10-10_04:00:00;0.05118520686249405
2018-10-10_05:00:00;0.05880308739071588
2018-10-10_06:00:00;0.06861579544207484
2018-10-10_07:00:00;0.08085653144090427
2018-10-10_08:00:00;0.09041774883857044
2018-10-10_09:00:00;0.08414420016827011
2018-10-10_10:00:00;0.06516351465047372
2018-10-10_11:00:00;0.07498079525917255
2018-10-10_12:00:00;0.09698394117862238
2018-10-10_13:00:00;0.11649961590518346
2018-10-10_14:00:00;0.141968760288254
2018-10-10_15:00:00;0.16637707136847496
2018-10-10_16:00:00;0.18392654643889234
2018-10-10_17:00:00;0.24841332260306545
2018-10-10_18:00:00;0.34028057211837437
2018-10-10_19:00:00;0.39301130336174417
2018-10-10_20:00:00;0.40099956103449536
2018-10-10_21:00:00;0.3853522698174635
2018-10-10_22:00:00;0.37512345904817646
2018-10-10_23:00:00;0.35846106010169365
2018-10-11_00:00:00;0.3472125690456158
2018-10-11_01:00:00;0.3317984782529173
2018-10-11_02:00:00;0.322731097047957
2018-10-11_03:00:00;0.3179436295131141
2018-10-11_04:00:00;0.3103806196729707
2018-10-11_05:00:00;0.3164758386070161
2018-10-11_06:00:00;0.31260288254014706
2018-10-11_07:00:00;0.29534147858214144
2018-10-11_08:00:00;0.23218988916121008
2018-10-11_09:00:00;0.16243552694150784
2018-10-11_10:00:00;0.1266278304129934
2018-10-11_11:00:00;0.1251920474082745
2018-10-11_12:00:00;0.12157972710977796
2018-10-11_13:00:00;0.12227018326809819
2018-10-11_14:00:00;0.13005724841789515
2018-10-11_15:00:00;0.13500475545963347
2018-10-11_16:00:00;0.13670117423272488
2018-10-11_17:00:00;0.1747448513004353
2018-10-11_18:00:00;0.2322310421772689
2018-10-11_19:00:00;0.2700872443940447
2018-10-11_20:00:00;0.2857391081684164
2018-10-11_21:00:00;0.2814500493836193
2018-10-11_22:00:00;0.270635951274829
2018-10-11_23:00:00;0.26389142919852215
2018-10-12_00:00:00;0.2671470900245089
2018-10-12_01:00:00;0.26752661228371805
2018-10-12_02:00:00;0.26235962248966604
2018-10-12_03:00:00;0.25224969821121557
2018-10-12_04:00:00;0.24355269415078465
2018-10-12_05:00:00;0.2534111277755423
2018-10-12_06:00:00;0.2437813220177781
2018-10-12_07:00:00;0.22406445476826278
2018-10-12_08:00:00;0.17501920474082744
2018-10-12_09:00:00;0.11038610674177854
2018-10-12_10:00:00;0.09132768774920437
2018-10-12_11:00:00;0.09360482130445916
2018-10-12_12:00:00;0.09840600651132166
2018-10-12_13:00:00;0.1062570874638768
2018-10-12_14:00:00;0.10553462340417749
2018-10-12_15:00:00;0.09376943336869445
2018-10-12_16:00:00;0.07566667886015291
2018-10-12_17:00:00;0.09864377949299484
2018-10-12_18:00:00;0.1528697369865018
2018-10-12_19:00:00;0.21641456633866188
2018-10-12_20:00:00;0.25047554596334637
2018-10-12_21:00:00;0.25361232029849656
2018-10-12_22:00:00;0.2547280242894246
2018-10-12_23:00:00;0.24865109558473864
2018-10-13_00:00:00;0.229958481179354
2018-10-13_01:00:00;0.21552749021472728
2018-10-13_02:00:00;0.20299868310348612
2018-10-13_03:00:00;0.18641859018912096
2018-10-13_04:00:00;0.1691023155430369
2018-10-13_05:00:00;0.1691617587884552
2018-10-13_06:00:00;0.1762812305666313
2018-10-13_07:00:00;0.1792076672641475
2018-10-13_08:00:00;0.16055620587482167
2018-10-13_09:00:00;0.10411713062881808
2018-10-13_10:00:00;0.07406628379119874
2018-10-13_11:00:00;0.07629769177305483
2018-10-13_12:00:00;0.09667300727951128
2018-10-13_13:00:00;0.1241723671214837
2018-10-13_14:00:00;0.13819640048286205
2018-10-13_15:00:00;0.14147035153820828
2018-10-13_16:00:00;0.13657314262720854
2018-10-13_17:00:00;0.19931777444489154
2018-10-13_18:00:00;0.2986520100962066
2018-10-13_19:00:00;0.3542360171196547
2018-10-13_20:00:00;0.37206441818780406
2018-10-13_21:00:00;0.3542634524636939
2018-10-13_22:00:00;0.33307422175074075
2018-10-13_23:00:00;0.3120770384460621
2018-10-14_00:00:00;0.30022954237846144
2018-10-14_01:00:00;0.2916331345795076
2018-10-14_02:00:00;0.28859238394849474
2018-10-14_03:00:00;0.28228225481947544
2018-10-14_04:00:00;0.28408384241138385
2018-10-14_05:00:00;0.29325639243516116
2018-10-14_06:00:00;0.2980621501993635
2018-10-14_07:00:00;0.2789625781907305
2018-10-14_08:00:00;0.22614039580056333
2018-10-14_09:00:00;0.16374785089805027
2018-10-14_10:00:00;0.14353257489848922
2018-10-14_11:00:00;0.15782638914291985
2018-10-14_12:00:00;0.185997914913853
2018-10-14_13:00:00;0.20293923985806783
2018-10-14_14:00:00;0.22141694406847862
2018-10-14_15:00:00;0.2172376266598383
2018-10-14_16:00:00;0.20266945897501554
2018-10-14_17:00:00;0.24243241760251674
2018-10-14_18:00:00;0.30347605808976846
2018-10-14_19:00:00;0.3325209423126166
2018-10-14_20:00:00;0.32976369023667557
2018-10-14_21:00:00;0.29897208910999745
2018-10-14_22:00:00;0.2778560193144822
2018-10-14_23:00:00;0.2655787028569338
2018-10-15_00:00:00;0.2472381753667191
2018-10-15_01:00:00;0.22455371840362878
2018-10-15_02:00:00;0.20370742949116583
2018-10-15_03:00:00;0.18757087463876798
2018-10-15_04:00:00;0.17899732962651352
2018-10-15_05:00:00;0.1782794381241541
2018-10-15_06:00:00;0.17092676592164466
2018-10-15_07:00:00;0.16443373449903062
2018-10-15_08:00:00;0.13470753923254197
2018-10-15_09:00:00;0.08449171452610016
2018-10-15_10:00:00;0.049045250027435344
2018-10-15_11:00:00;0.03841405421223982
2018-10-15_12:00:00;0.040009876723854115
2018-10-15_13:00:00;0.049470497860043164
2018-10-15_14:00:00;0.05455975417931741
2018-10-15_15:00:00;0.05181621977539598
2018-10-15_16:00:00;0.05094743388082087
2018-10-15_17:00:00;0.06599572008632988
2018-10-15_18:00:00;0.08271756227823097
2018-10-15_19:00:00;0.09322529904525002
2018-10-15_20:00:00;0.08965870432015217
2018-10-15_21:00:00;0.08527819438855763
2018-10-15_22:00:00;0.07631598200241431
2018-10-15_23:00:00;0.06412097157698357
2018-10-16_00:00:00;0.05571661118630428
2018-10-16_01:00:00;0.045121995829827705
2018-10-16_02:00:00;0.038825584372828036
2018-10-16_03:00:00;0.03088305227347551
2018-10-16_04:00:00;0.031148260599187915
2018-10-16_05:00:00;0.033064162124593045
2018-10-16_06:00:00;0.0354784724000439
2018-10-16_07:00:00;0.03464169440684786
2018-10-16_08:00:00;0.030718440209240225
2018-10-16_09:00:00;0.022126604967626293
2018-10-16_10:00:00;0.013461608808574459
2018-10-16_11:00:00;0.011330797088195486
2018-10-16_12:00:00;0.010800380436770677
2018-10-16_13:00:00;0.010777517650071332
2018-10-16_14:00:00;0.010905549255587664
2018-10-16_15:00:00;0.010960419943666094
2018-10-16_16:00:00;0.011143322237260856
2018-10-16_17:00:00;0.01508486666422797
2018-10-16_18:00:00;0.01818963309799905
2018-10-16_19:00:00;0.02433972272012291
2018-10-16_20:00:00;0.030503530014266377
2018-10-16_21:00:00;0.037398946482788895
2018-10-16_22:00:00;0.044925375864213336
2018-10-16_23:00:00;0.05148699564692541
2018-10-17_00:00:00;0.05364067015400373
2018-10-17_01:00:00;0.052182024362585504
2018-10-17_02:00:00;0.049927753594030067
2018-10-17_03:00:00;0.04743570984380144
2018-10-17_04:00:00;0.04560211435051396
2018-10-17_05:00:00;0.04433551596737023
2018-10-17_06:00:00;0.03880729414346856
2018-10-17_07:00:00;0.03375919084025314
2018-10-17_08:00:00;0.03107509968175001
2018-10-17_09:00:00;0.022176903098364852
2018-10-17_10:00:00;0.009268573727914549
2018-10-17_11:00:00;0.004375937374254673
2018-10-17_12:00:00;0.0034202728902220435
2018-10-17_13:00:00;0.0031230566631305556
2018-10-17_14:00:00;0.004531404323810221
2018-10-17_15:00:00;0.007229213154332955
2018-10-17_16:00:00;0.011559424955188939
2018-10-17_17:00:00;0.021980283132750484
2018-10-17_18:00:00;0.033567143431978634
2018-10-17_19:00:00;0.03744467205618759
2018-10-17_20:00:00;0.03546932728536416
2018-10-17_21:00:00;0.031061382009730402
2018-10-17_22:00:00;0.027124410140103156
2018-10-17_23:00:00;0.024888429600907196
2018-10-18_00:00:00;0.02764568167684823
2018-10-18_01:00:00;0.03409756008340344
2018-10-18_02:00:00;0.04000073160917438
2018-10-18_03:00:00;0.047838094889709915
2018-10-18_04:00:00;0.055808062333101656
2018-10-18_05:00:00;0.06109393861799027
2018-10-18_06:00:00;0.07267622635987855
2018-10-18_07:00:00;0.0821505651680872
2018-10-18_08:00:00;0.07988257672751216
2018-10-18_09:00:00;0.07266250868785895
2018-10-18_10:00:00;0.07675037494970187
2018-10-18_11:00:00;0.0808519588835644
2018-10-18_12:00:00;0.08492153491604784
2018-10-18_13:00:00;0.08930204484764238
2018-10-18_14:00:00;0.09377400592603431
2018-10-18_15:00:00;0.0978527270731975
2018-10-18_16:00:00;0.10031276292204704
2018-10-18_17:00:00;0.11404415261367377
2018-10-18_18:00:00;0.13603815341844386
2018-10-18_19:00:00;0.15258166587409006
2018-10-18_20:00:00;0.15979258879906355
2018-10-18_21:00:00;0.15931704283571715
2018-10-18_22:00:00;0.14982441379814904
2018-10-18_23:00:00;0.13488586896879687
2018-10-19_00:00:00;0.12015766177707868
2018-10-19_01:00:00;0.10333979588104035
2018-10-19_02:00:00;0.0864213337235249
2018-10-19_03:00:00;0.07418974283937521
2018-10-19_04:00:00;0.06528240114131031
2018-10-19_05:00:00;0.06173409664557194
2018-10-19_06:00:00;0.057367304385997
2018-10-19_07:00:00;0.05184822767677507
2018-10-19_08:00:00;0.0401744887880894
2018-10-19_09:00:00;0.02205344405018839
2018-10-19_10:00:00;0.012327614588286937
2018-10-19_11:00:00;0.010041335918352417
2018-10-19_12:00:00;0.00778249259245711
2018-10-19_13:00:00;0.007078318762117277
2018-10-19_14:00:00;0.005770567362914731
2018-10-19_15:00:00;0.0054001902183853385
2018-10-19_16:00:00;0.006712514174927754
2018-10-19_17:00:00;0.012473936423162746
2018-10-19_18:00:00;0.019799173281632953
2018-10-19_19:00:00;0.025272524417456196
2018-10-19_20:00:00;0.025775505724841788
2018-10-19_21:00:00;0.020832571240443354
2018-10-19_22:00:00;0.019113289680652595
2018-10-19_23:00:00;0.019739730036214653
2018-10-20_00:00:00;0.022780480667227567
2018-10-20_01:00:00;0.02973534038116838
2018-10-20_02:00:00;0.04397428393752058
2018-10-20_03:00:00;0.05305081025716062
2018-10-20_04:00:00;0.0589174013242126
2018-10-20_05:00:00;0.063128726634232
2018-10-20_06:00:00;0.06716172220799649
2018-10-20_07:00:00;0.072136664593774
2018-10-20_08:00:00;0.07754599992683908
2018-10-20_09:00:00;0.06197186962724512
2018-10-20_10:00:00;0.060700698686761534
2018-10-20_11:00:00;0.06835515967370231
2018-10-20_12:00:00;0.07335296484617918
2018-10-20_13:00:00;0.07809927936496323
2018-10-20_14:00:00;0.07909609686505469
2018-10-20_15:00:00;0.06896788235724476
2018-10-20_16:00:00;0.05424882028020631
2018-10-20_17:00:00;0.0610893660606504
2018-10-20_18:00:00;0.08146925412444672
2018-10-20_19:00:00;0.08664538903317848
2018-10-20_20:00:00;0.08455573032885833
2018-10-20_21:00:00;0.07529172915828365
2018-10-20_22:00:00;0.07415773493799613
2018-10-20_23:00:00;0.07468815158942094
2018-10-21_00:00:00;0.06985953103851922
2018-10-21_01:00:00;0.06327962102644767
2018-10-21_02:00:00;0.055062735486703006
2018-10-21_03:00:00;0.04877546914438307
2018-10-21_04:00:00;0.04610509565789955
2018-10-21_05:00:00;0.04177488385704357
2018-10-21_06:00:00;0.03675421589786736
2018-10-21_07:00:00;0.03709715769835754
2018-10-21_08:00:00;0.037842484544756194
2018-10-21_09:00:00;0.032062772067161724
2018-10-21_10:00:00;0.03345740205582178
2018-10-21_11:00:00;0.04093353330650766
2018-10-21_12:00:00;0.051660752825840435
2018-10-21_13:00:00;0.06060924753996415
2018-10-21_14:00:00;0.060691553572081794
2018-10-21_15:00:00;0.05919175476460475
2018-10-21_16:00:00;0.05675000914511468
2018-10-21_17:00:00;0.06444105059077442
2018-10-21_18:00:00;0.08485294655594981
2018-10-21_19:00:00;0.09989666020411896
2018-10-21_20:00:00;0.10992885100779164
2018-10-21_21:00:00;0.12049145846288913
2018-10-21_22:00:00;0.13010297399129386
2018-10-21_23:00:00;0.13177195742034606
2018-10-22_00:00:00;0.13050078647986246
2018-10-22_01:00:00;0.12519661996561438
2018-10-22_02:00:00;0.1330339832461499
2018-10-22_03:00:00;0.14199619563229324
2018-10-22_04:00:00;0.14207850166441088
2018-10-22_05:00:00;0.1387816878223653
2018-10-22_06:00:00;0.14472601236419505
2018-10-22_07:00:00;0.15741028642499177
2018-10-22_08:00:00;0.1542918023192011
2018-10-22_09:00:00;0.14887789442879615
2018-10-22_10:00:00;0.18179573471851337
2018-10-22_11:00:00;0.200209423126166
2018-10-22_12:00:00;0.21500621867798222
2018-10-22_13:00:00;0.21242729633829607
2018-10-22_14:00:00;0.21657003328821745
2018-10-22_15:00:00;0.20206130884881296
2018-10-22_16:00:00;0.16072081793905696
2018-10-22_17:00:00;0.14691169477265245
2018-10-22_18:00:00;0.15274627793832535
2018-10-22_19:00:00;0.1658695175037495
2018-10-22_20:00:00;0.19410505907744083
2018-10-22_21:00:00;0.2244805574861909
2018-10-22_22:00:00;0.2549429344843984
2018-10-22_23:00:00;0.2862603797051615
2018-10-23_00:00:00;0.3206780188023558
2018-10-23_01:00:00;0.3541308483008377
2018-10-23_02:00:00;0.3927278048066723
2018-10-23_03:00:00;0.43829791125580714
2018-10-23_04:00:00;0.47400043896550464
2018-10-23_05:00:00;0.5300554193949593
2018-10-23_06:00:00;0.5609933423565131
2018-10-23_07:00:00;0.5701430295935911
2018-10-23_08:00:00;0.5775185645827998
2018-10-23_09:00:00;0.5942907049054396
2018-10-23_10:00:00;0.6119041957786151
2018-10-23_11:00:00;0.6244695833485752
2018-10-23_12:00:00;0.6325127117094048
2018-10-23_13:00:00;0.6414932143249076
2018-10-23_14:00:00;0.6526411091195083
2018-10-23_15:00:00;0.660368731023887
2018-10-23_16:00:00;0.6686907853824487
2018-10-23_17:00:00;0.6675430734901415
2018-10-23_18:00:00;0.6471677579836851
2018-10-23_19:00:00;0.6378900391410909
2018-10-23_20:00:00;0.6597514357830048
2018-10-23_21:00:00;0.6386033580861104
2018-10-23_22:00:00;0.6385210520539928
2018-10-23_23:00:00;0.6373550499323262
2018-10-24_00:00:00;0.6380455060906464
2018-10-24_01:00:00;0.6280087427296338
2018-10-24_02:00:00;0.6240123276145882
2018-10-24_03:00:00;0.6173455390130592
2018-10-24_04:00:00;0.6047664337710795
2018-10-24_05:00:00;0.5927497530819037
2018-10-24_06:00:00;0.563128726634232
2018-10-24_07:00:00;0.5204210410798551
2018-10-24_08:00:00;0.48143541720013167
2018-10-24_09:00:00;0.4661173501115704
2018-10-24_10:00:00;0.4722628671763544
2018-10-24_11:00:00;0.46555949811610636
2018-10-24_12:00:00;0.4533050444452573
2018-10-24_13:00:00;0.44000804770091817
2018-10-24_14:00:00;0.3983520503347112
2018-10-24_15:00:00;0.34804934703881185
2018-10-24_16:00:00;0.28381406152833155
2018-10-24_17:00:00;0.25217653729377765
2018-10-24_18:00:00;0.24937813220177782
2018-10-24_19:00:00;0.2535803123971175
2018-10-24_20:00:00;0.2705902257014303
2018-10-24_21:00:00;0.27547828949775033
2018-10-24_22:00:00;0.2911804514028606
2018-10-24_23:00:00;0.319169074880199
2018-10-25_00:00:00;0.3564765702161905
2018-10-25_01:00:00;0.39173555986392067
2018-10-25_02:00:00;0.4190154369535794
2018-10-25_03:00:00;0.4293265537549841
2018-10-25_04:00:00;0.44272871931814023
2018-10-25_05:00:00;0.4693821560522369
2018-10-25_06:00:00;0.48302209459706624
2018-10-25_07:00:00;0.4796978454109814
2018-10-25_08:00:00;0.46632768774920436
2018-10-25_09:00:00;0.46665233932033506
2018-10-25_10:00:00;0.4648644694004463
2018-10-25_11:00:00;0.45992153491604787
2018-10-25_12:00:00;0.44763050078647987
2018-10-25_13:00:00;0.4336110399824414
2018-10-25_14:00:00;0.4180826352562461
2018-10-25_15:00:00;0.39802282620624063
2018-10-25_16:00:00;0.37542524783260783
2018-10-25_17:00:00;0.3412225189303874
2018-10-25_18:00:00;0.3353513553059955
2018-10-25_19:00:00;0.2998088671031935
2018-10-25_20:00:00;0.26805245637780295
2018-10-25_21:00:00;0.22857299630537367
2018-10-25_22:00:00;0.20011339942202874
2018-10-25_23:00:00;0.17194644620843547
2018-10-26_00:00:00;0.16066594725097852
2018-10-26_01:00:00;0.14766159417639096
2018-10-26_02:00:00;0.14179500310933899
2018-10-26_03:00:00;0.1370075355744961
2018-10-26_04:00:00;0.14199619563229324
2018-10-26_05:00:00;0.16527965760690638
2018-10-26_06:00:00;0.19287504115301607
2018-10-26_07:00:00;0.21349727475582544
2018-10-26_08:00:00;0.2246405969930863
2018-10-26_09:00:00;0.24539543475875186
2018-10-26_10:00:00;0.2657433149211691
2018-10-26_11:00:00;0.2911255807147822
2018-10-26_12:00:00;0.30864762044116034
2018-10-26_13:00:00;0.29744942751582104
2018-10-26_14:00:00;0.2871794637304752
2018-10-26_15:00:00;0.27621447122946924
2018-10-26_16:00:00;0.26946994915316236
2018-10-26_17:00:00;0.2820216190511029
2018-10-26_18:00:00;0.3068597505212715
2018-10-26_19:00:00;0.32698814793137504
2018-10-26_20:00:00;0.33299648827596295
2018-10-26_21:00:00;0.35008870761239347
2018-10-26_22:00:00;0.3735184914218824
2018-10-26_23:00:00;0.3840948165489995
2018-10-27_00:00:00;0.3828876614112741
2018-10-27_01:00:00;0.38588268646888835
2018-10-27_02:00:00;0.38810952189340453
2018-10-27_03:00:00;0.3900574313201888
2018-10-27_04:00:00;0.3819594322712807
2018-10-27_05:00:00;0.38331748180122177
2018-10-27_06:00:00;0.3534678274865567
2018-10-27_07:00:00;0.3121684895928595
2018-10-27_08:00:00;0.2732514540732341
2018-10-27_09:00:00;0.24278450451768666
2018-10-27_10:00:00;0.2189066100888905
2018-10-27_11:00:00;0.18570069868676153
2018-10-27_12:00:00;0.16308483008376926
2018-10-27_13:00:00;0.13767055638877712
2018-10-27_14:00:00;0.1183240662837912
2018-10-27_15:00:00;0.093156710685152
2018-10-27_16:00:00;0.07830504444525735
2018-10-27_17:00:00;0.08222829864286497
2018-10-27_18:00:00;0.10006127226835425
2018-10-27_19:00:00;0.12027197571057541
2018-10-27_20:00:00;0.13708526904927387
2018-10-27_21:00:00;0.15859457877601785
2018-10-27_22:00:00;0.18247704576215384
2018-10-27_23:00:00;0.19358378754069577
2018-10-28_00:00:00;0.19832552950213997
2018-10-28_01:00:00;0.2013754252478326
2018-10-28_02:00:00;0.2102690492738779
2018-10-28_03:00:00;0.21551834510004755
2018-10-28_04:00:00;0.2218010388850276
2018-10-28_05:00:00;0.2350660277279877
2018-10-28_06:00:00;0.24944672056187583
2018-10-28_07:00:00;0.2646779090609796
2018-10-28_08:00:00;0.2701329699674434
2018-10-28_09:00:00;0.2498353879357647
2018-10-28_10:00:00;0.24986282327980394
2018-10-28_11:00:00;0.2690721366645938
2018-10-28_12:00:00;0.29397885649486044
2018-10-28_13:00:00;0.3190456158320225
2018-10-28_14:00:00;0.3353605004206753
2018-10-28_15:00:00;0.33807202692321764
2018-10-28_16:00:00;0.33839210593700847
2018-10-28_17:00:00;0.35059168891977904
2018-10-28_18:00:00;0.3754069576032483
2018-10-28_19:00:00;0.3842091304824963
2018-10-28_20:00:00;0.3861753301386399
2018-10-28_21:00:00;0.3768335954932875
2018-10-28_22:00:00;0.36462943995317704
2018-10-28_23:00:00;0.36301532721220325
2018-10-29_00:00:00;0.3583284559388375
2018-10-29_01:00:00;0.33610582726707394
2018-10-29_02:00:00;0.3096993086293302
2018-10-29_03:00:00;0.3066997110143761
2018-10-29_04:00:00;0.3042899732962651
2018-10-29_05:00:00;0.30830925119801
2018-10-29_06:00:00;0.30411164356001025
2018-10-29_07:00:00;0.30238778944287964
2018-10-29_08:00:00;0.308798514833376
2018-10-29_09:00:00;0.3256026630573947
2018-10-29_10:00:00;0.3504407945275634
2018-10-29_11:00:00;0.36629385082488936
2018-10-29_12:00:00;0.36918827962102646
2018-10-29_13:00:00;0.3691654168343271
2018-10-29_14:00:00;0.36451969857702016
2018-10-29_15:00:00;0.3615063832900465
2018-10-29_16:00:00;0.3763123239565424
2018-10-29_17:00:00;0.4033132750484691
2018-10-29_18:00:00;0.40686615210154736
2018-10-29_19:00:00;0.40555840070234483
2018-10-29_20:00:00;0.3873184694736072
2018-10-29_21:00:00;0.40511943519771737
2018-10-29_22:00:00;0.4114707173427955
2018-10-29_23:00:00;0.4113884113106778
2018-10-30_00:00:00;0.40001188864908366
2018-10-30_01:00:00;0.3905695577422541
2018-10-30_02:00:00;0.36542049237297436
2018-10-30_03:00:00;0.34877638365585106
2018-10-30_04:00:00;0.3575694114204192
2018-10-30_05:00:00;0.38409024399165964
2018-10-30_06:00:00;0.3990150711489922
2018-10-30_07:00:00;0.41485440977429855
2018-10-30_08:00:00;0.39889618465815563
2018-10-30_09:00:00;0.38526081867066614
2018-10-30_10:00:00;0.4068249990854885
2018-10-30_11:00:00;0.4464233456487544
2018-10-30_12:00:00;0.47132549292168124
2018-10-30_13:00:00;0.5033699747594835
2018-10-30_14:00:00;0.515331784760581
2018-10-30_15:00:00;0.5323828510809525
2018-10-30_16:00:00;0.5656573508431796
2018-10-30_17:00:00;0.5912408091597469
2018-10-30_18:00:00;0.6038793576471448
2018-10-30_19:00:00;0.5987489483118118
2018-10-30_20:00:00;0.5817344624501591
2018-10-30_21:00:00;0.588963675604492
2018-10-30_22:00:00;0.5788628964407214
2018-10-30_23:00:00;0.5924296740681129
2018-10-31_00:00:00;0.6008614698028313
2018-10-31_01:00:00;0.5752231407981856
2018-10-31_02:00:00;0.5535995171379449
2018-10-31_03:00:00;0.5218385338552145
2018-10-31_04:00:00;0.48603083732670005
2018-10-31_05:00:00;0.4500173757178915
2018-10-31_06:00:00;0.4195595712770238
2018-10-31_07:00:00;0.3728097450342027
2018-10-31_08:00:00;0.3390734169806489
2018-10-31_09:00:00;0.2887661411274097
2018-10-31_10:00:00;0.23953798880637964
2018-10-31_11:00:00;0.2020110107180744
2018-10-31_12:00:00;0.15441068881003767
2018-10-31_13:00:00;0.1241586494494641
2018-10-31_14:00:00;0.1122242747924059
2018-10-31_15:00:00;0.110998829425321
2018-10-31_16:00:00;0.13641310312031313
2018-10-31_17:00:00;0.18081263489044153
2018-10-31_18:00:00;0.22640103156893587
2018-10-31_19:00:00;0.25181987782126786
2018-10-31_20:00:00;0.25495665215641805
2018-10-31_21:00:00;0.2450387752862421
2018-10-31_22:00:00;0.2337857116728244
2018-10-31_23:00:00;0.22107400226798843
2018-11-01_00:00:00;0.21268793210666861
2018-11-01_01:00:00;0.20172293960566265
2018-11-01_02:00:00;0.20164977868822476
2018-11-01_03:00:00;0.19168617624465012
2018-11-01_04:00:00;0.1988376559242053
2018-11-01_05:00:00;0.2048322785967736
2018-11-01_06:00:00;0.21635969565058347
2018-11-01_07:00:00;0.21374419285217836
2018-11-01_08:00:00;0.1883207740425065
2018-11-01_09:00:00;0.1371447122946922
2018-11-01_10:00:00;0.08767421443464901
2018-11-01_11:00:00;0.06747265610710758
2018-11-01_12:00:00;0.055044445257343526
2018-11-01_13:00:00;0.060911036324395505
2018-11-01_14:00:00;0.08630701979002817
2018-11-01_15:00:00;0.09703423930936093
2018-11-01_16:00:00;0.10895032373705966
2018-11-01_17:00:00;0.14837491312141055
2018-11-01_18:00:00;0.1757508139152065
2018-11-01_19:00:00;0.19480923290778066
2018-11-01_20:00:00;0.22258751874748509
2018-11-01_21:00:00;0.26816219775395983
2018-11-01_22:00:00;0.2979889892819256
2018-11-01_23:00:00;0.3058126348904415
2018-11-02_00:00:00;0.3079434466108205
2018-11-02_01:00:00;0.3082086549365329
2018-11-02_02:00:00;0.29854226872004974
2018-11-02_03:00:00;0.30938837473021913
2018-11-02_04:00:00;0.30790686615210155
2018-11-02_05:00:00;0.30807147821633685
2018-11-02_06:00:00;0.3207191718184146
2018-11-02_07:00:00;0.3140203753155065
2018-11-02_08:00:00;0.2803297728353514
2018-11-02_09:00:00;0.2422175074075429
2018-11-02_10:00:00;0.21378991842557707
2018-11-02_11:00:00;0.19748417895160406
2018-11-02_12:00:00;0.19064363317115995
2018-11-02_13:00:00;0.16438800892563193
2018-11-02_14:00:00;0.13044591579178402
2018-11-02_15:00:00;0.09801276658009292
2018-11-02_16:00:00;0.08853385521454439
2018-11-02_17:00:00;0.08743644145297583
2018-11-02_18:00:00;0.09428155979075978
2018-11-02_19:00:00;0.10067856750923657
2018-11-02_20:00:00;0.09832370047920401
2018-11-02_21:00:00;0.09649925010059626
2018-11-02_22:00:00;0.09083385155649852
2018-11-02_23:00:00;0.08870761239345941
2018-11-03_00:00:00;0.08655851044372097
2018-11-03_01:00:00;0.08381954859713941
2018-11-03_02:00:00;0.07623367597029666
2018-11-03_03:00:00;0.07145078099279364
2018-11-03_04:00:00;0.06947543622197022
2018-11-03_05:00:00;0.06647126604967626
2018-11-03_06:00:00;0.06366828840033655
2018-11-03_07:00:00;0.06174781431759154
2018-11-03_08:00:00;0.0573078611405787
2018-11-03_09:00:00;0.04475161868529831
2018-11-03_10:00:00;0.028551048030142297
2018-11-03_11:00:00;0.01884808135494019
2018-11-03_12:00:00;0.016493214324907635
2018-11-03_13:00:00;0.020864579141822437
2018-11-03_14:00:00;0.023759007937959542
2018-11-03_15:00:00;0.02767311702088744
2018-11-03_16:00:00;0.043082635256246116
2018-11-03_17:00:00;0.07309232907780663
2018-11-03_18:00:00;0.10491732816329517
2018-11-03_19:00:00;0.13027673117020888
2018-11-03_20:00:00;0.15318524344295278
2018-11-03_21:00:00;0.17349197058931118
2018-11-03_22:00:00;0.17554962139225225
2018-11-03_23:00:00;0.17714544390386655
2018-11-04_00:00:00;0.17542158978673592
2018-11-04_01:00:00;0.17578739437392546
2018-11-04_02:00:00;0.17559077440831108
2018-11-04_03:00:00;0.17066155759593224
2018-11-04_04:00:00;0.16243095438416796
2018-11-04_05:00:00;0.15320353367231226
2018-11-04_06:00:00;0.14066558144639132
2018-11-04_07:00:00;0.12771152650254233
2018-11-04_08:00:00;0.11618410944873249
2018-11-04_09:00:00;0.09357738596041994
2018-11-04_10:00:00;0.07133646705929693
2018-11-04_11:00:00;0.05647565570472254
2018-11-04_12:00:00;0.04724823499286681
2018-11-04_13:00:00;0.040348245967004426
2018-11-04_14:00:00;0.04412060577239638
2018-11-04_15:00:00;0.04945220763068369
2018-11-04_16:00:00;0.06587226103815341
2018-11-04_17:00:00;0.08764677909060979
2018-11-04_18:00:00;0.10383820463108608
2018-11-04_19:00:00;0.11049127556059553
2018-11-04_20:00:00;0.11066960529685042
2018-11-04_21:00:00;0.11437794929948422
2018-11-04_22:00:00;0.11328968065259538
2018-11-04_23:00:00;0.10986026264769361
2018-11-05_00:00:00;0.10620221677579837
2018-11-05_01:00:00;0.10803581226908586
2018-11-05_02:00:00;0.10922010462011193
2018-11-05_03:00:00;0.10616563631707941
2018-11-05_04:00:00;0.10743223470022314
2018-11-05_05:00:00;0.11066046018217068
2018-11-05_06:00:00;0.1137286461572228
2018-11-05_07:00:00;0.1223570618575557
2018-11-05_08:00:00;0.11748728829059517
2018-11-05_09:00:00;0.10776603138603358
2018-11-05_10:00:00;0.09718970625891649
2018-11-05_11:00:00;0.09118136591432857
2018-11-05_12:00:00;0.08942550389581885
2018-11-05_13:00:00;0.09018912097157698
2018-11-05_14:00:00;0.0888859421297143
2018-11-05_15:00:00;0.10312488568606651
2018-11-05_16:00:00;0.12595109192669277
2018-11-05_17:00:00;0.15928960749167795
2018-11-05_18:00:00;0.18752514906536927
2018-11-05_19:00:00;0.20485971394081282
2018-11-05_20:00:00;0.1972692687566302
2018-11-05_21:00:00;0.18071661118630428
2018-11-05_22:00:00;0.17112795844459888
2018-11-05_23:00:00;0.16655082854738998
2018-11-06_00:00:00;0.1612740973771811
2018-11-06_01:00:00;0.14881845118337783
2018-11-06_02:00:00;0.14608863445147602
2018-11-06_03:00:00;0.14452024728390095
2018-11-06_04:00:00;0.1465047371694041
2018-11-06_05:00:00;0.15878662618429235
2018-11-06_06:00:00;0.16604327468266453
2018-11-06_07:00:00;0.1715120532611479
2018-11-06_08:00:00;0.16481325675823974
2018-11-06_09:00:00;0.13331290924388192
2018-11-06_10:00:00;0.09691078026118448
2018-11-06_11:00:00;0.07087463876797015
2018-11-06_12:00:00;0.06024344295277463
2018-11-06_13:00:00;0.062113618904781065
2018-11-06_14:00:00;0.06718915755203571
2018-11-06_15:00:00;0.08703405640706735
2018-11-06_16:00:00;0.1249862823279804
2018-11-06_17:00:00;0.1775661191791345
2018-11-06_18:00:00;0.2127473753520869
2018-11-06_19:00:00;0.2316137469363866
2018-11-06_20:00:00;0.23361195449390934
2018-11-06_21:00:00;0.22097797856385118
2018-11-06_22:00:00;0.20131598200241432
2018-11-06_23:00:00;0.19061162526978087
2018-11-07_00:00:00;0.18750228627866994
2018-11-07_01:00:00;0.18272396385850678
2018-11-07_02:00:00;0.18701759520064382
2018-11-07_03:00:00;0.20315415005304166
2018-11-07_04:00:00;0.20879668581044006
2018-11-07_05:00:00;0.2023951055346234
2018-11-07_06:00:00;0.19336430478838204
2018-11-07_07:00:00;0.18544920803306875
2018-11-07_08:00:00;0.1736977356696053
2018-11-07_09:00:00;0.13918864542561363
2018-11-07_10:00:00;0.10241156674104693
2018-11-07_11:00:00;0.08268098181951201
2018-11-07_12:00:00;0.07817701283974102
2018-11-07_13:00:00;0.07867542158978674
2018-11-07_14:00:00;0.08537879065003476
2018-11-07_15:00:00;0.09282748655668142
2018-11-07_16:00:00;0.1264632183487581
2018-11-07_17:00:00;0.17475856897245493
2018-11-07_18:00:00;0.2015994805574862
2018-11-07_19:00:00;0.2147730182536489
2018-11-07_20:00:00;0.2063686578629696
2018-11-07_21:00:00;0.19149870139371547
2018-11-07_22:00:00;0.17102736218312178
2018-11-07_23:00:00;0.15731426272085453
2018-11-08_00:00:00;0.1437017595200644
2018-11-08_01:00:00;0.1412188608845155
2018-11-08_02:00:00;0.14968723707795295
2018-11-08_03:00:00;0.15876833595493287
2018-11-08_04:00:00;0.16066594725097852
2018-11-08_05:00:00;0.16375699601273
2018-11-08_06:00:00;0.16808263525624612
2018-11-08_07:00:00;0.16008980502615502
2018-11-08_08:00:00;0.14543933130921463
2018-11-08_09:00:00;0.11828748582507224
2018-11-08_10:00:00;0.09118136591432857
2018-11-08_11:00:00;0.07294143468559096
2018-11-08_12:00:00;0.05801203497091854
2018-11-08_13:00:00;0.04204466474009584
2018-11-08_14:00:00;0.023178293155796174
2018-11-08_15:00:00;0.01607253904963968
2018-11-08_16:00:00;0.01689559937081611
2018-11-08_17:00:00;0.02243296630939752
2018-11-08_18:00:00;0.034467937227932836
2018-11-08_19:00:00;0.052666715440611626
2018-11-08_20:00:00;0.06526411091195083
2018-11-08_21:00:00;0.07273566960529686
2018-11-08_22:00:00;0.08331199473241395
2018-11-08_23:00:00;0.10183085195888357
2018-11-09_00:00:00;0.11674653400153638
2018-11-09_01:00:00;0.13234352708782968
2018-11-09_02:00:00;0.1444242235797637
2018-11-09_03:00:00;0.1464910194973845
2018-11-09_04:00:00;0.15049657972710978
2018-11-09_05:00:00;0.14958206825913598
2018-11-09_06:00:00;0.15228902220433843
2018-11-09_07:00:00;0.1562671470900245
2018-11-09_08:00:00;0.15059260343124703
2018-11-09_09:00:00;0.12845228079160112
2018-11-09_10:00:00;0.10483044957383765
2018-11-09_11:00:00;0.08637103559278633
2018-11-09_12:00:00;0.07997402787430954
2018-11-09_13:00:00;0.0815012620258258
2018-11-09_14:00:00;0.08043585616563631
2018-11-09_15:00:00;0.0828455938837473
2018-11-09_16:00:00;0.10139188645425613
2018-11-09_17:00:00;0.1283196766287449
2018-11-09_18:00:00;0.15353275780078282
2018-11-09_19:00:00;0.1741138383875334
2018-11-09_20:00:00;0.1937255368182317
2018-11-09_21:00:00;0.20850404214068843
2018-11-09_22:00:00;0.2161905110290083
2018-11-09_23:00:00;0.23014595603028862
2018-11-10_00:00:00;0.2392910707100267
2018-11-10_01:00:00;0.2510333979588104
2018-11-10_02:00:00;0.2644812890953653
2018-11-10_03:00:00;0.27736218312177635
2018-11-10_04:00:00;0.3031696967479972
2018-11-10_05:00:00;0.31780188023557815
2018-11-10_06:00:00;0.3505688261330797
2018-11-10_07:00:00;0.36285528770530784
2018-11-10_08:00:00;0.36137377912719026
2018-11-10_09:00:00;0.3464215166258185
2018-11-10_10:00:00;0.3182545634122252
2018-11-10_11:00:00;0.2870788674689981
2018-11-10_12:00:00;0.260265391228006
2018-11-10_13:00:00;0.24149961590518346
2018-11-10_14:00:00;0.23333302849617735
2018-11-10_15:00:00;0.24584354537805905
2018-11-10_16:00:00;0.27960273621831216
2018-11-10_17:00:00;0.31679591762080694
2018-11-10_18:00:00;0.33682371876943334
2018-11-10_19:00:00;0.3399650656619234
2018-11-10_20:00:00;0.33172988989281926
2018-11-10_21:00:00;0.32831876211727695
2018-11-10_22:00:00;0.31348538610674176
2018-11-10_23:00:00;0.30591323115191865
2018-11-11_00:00:00;0.2986885905549256
2018-11-11_01:00:00;0.293855397446684
2018-11-11_02:00:00;0.2910158393386253
2018-11-11_03:00:00;0.2959039031349453
2018-11-11_04:00:00;0.30725756300984014
2018-11-11_05:00:00;0.3138374730219117
2018-11-11_06:00:00;0.3331885356842375
2018-11-11_07:00:00;0.3468604821304459
2018-11-11_08:00:00;0.3479487507773347
2018-11-11_09:00:00;0.34405750448110617
2018-11-11_10:00:00;0.3545423784614259
2018-11-11_11:00:00;0.3575648388630793
2018-11-11_12:00:00;0.34963602443574643
2018-11-11_13:00:00;0.33208654936532905
2018-11-11_14:00:00;0.31643468559095733
2018-11-11_15:00:00;0.2963885942129714
2018-11-11_16:00:00;0.31018399970735633
2018-11-11_17:00:00;0.34295551816219777
2018-11-11_18:00:00;0.3763900574313202
2018-11-11_19:00:00;0.37867633610125473
2018-11-11_20:00:00;0.36872645132969967
2018-11-11_21:00:00;0.3447205252953872
2018-11-11_22:00:00;0.30671342868639573
2018-11-11_23:00:00;0.28127629220470424
2018-11-12_00:00:00;0.26394629988660057
2018-11-12_01:00:00;0.2466163075684969
2018-11-12_02:00:00;0.22353861067417785
2018-11-12_03:00:00;0.20440703076416578
2018-11-12_04:00:00;0.19057047225372206
2018-11-12_05:00:00;0.1754261623440758
2018-11-12_06:00:00;0.17383491238980137
2018-11-12_07:00:00;0.1840820133884479
2018-11-12_08:00:00;0.19867761641730988
2018-11-12_09:00:00;0.20368456670446647
2018-11-12_10:00:00;0.19739730036214653
2018-11-12_11:00:00;0.1913615246735194
2018-11-12_12:00:00;0.18329096096865055
2018-11-12_13:00:00;0.18405457804440867
2018-11-12_14:00:00;0.18821103266634964
2018-11-12_15:00:00;0.19968357903208106
2018-11-12_16:00:00;0.22990818304861543
2018-11-12_17:00:00;0.2566667886015291
2018-11-12_18:00:00;0.2693739254490251
2018-11-12_19:00:00;0.26914072502469183
2018-11-12_20:00:00;0.2582534659984636
2018-11-12_21:00:00;0.23825310019387644
2018-11-12_22:00:00;0.205970845374401
2018-11-12_23:00:00;0.1869307166111863
2018-11-13_00:00:00;0.17153491604784724
2018-11-13_01:00:00;0.1597971613564034
2018-11-13_02:00:00;0.15685243442952776
2018-11-13_03:00:00;0.16000292643669753
2018-11-13_04:00:00;0.17127885283681457
2018-11-13_05:00:00;0.18378022460401652
2018-11-13_06:00:00;0.21133445513406737
2018-11-13_07:00:00;0.23828968065259537
2018-11-13_08:00:00;0.26424351611369207
2018-11-13_09:00:00;0.2852544170903903
2018-11-13_10:00:00;0.3153555620587482
2018-11-13_11:00:00;0.34315671068515197
2018-11-13_12:00:00;0.3579717964663277
2018-11-13_13:00:00;0.3784980063649998
2018-11-13_14:00:00;0.3810129129019278
2018-11-13_15:00:00;0.36083878991842555
2018-11-13_16:00:00;0.3725079562497714
2018-11-13_17:00:00;0.39542561363719503
2018-11-13_18:00:00;0.4084116764824231
2018-11-13_19:00:00;0.4104190291546256
2018-11-13_20:00:00;0.4094542195559132
2018-11-13_21:00:00;0.4023210301057175
2018-11-13_22:00:00;0.38126897611296046
2018-11-13_23:00:00;0.3556535098950141
2018-11-14_00:00:00;0.3279026593993489
2018-11-14_01:00:00;0.29923272487837
2018-11-14_02:00:00;0.2671287997951494
2018-11-14_03:00:00;0.2389344112375169
2018-11-14_04:00:00;0.21327321944617186
2018-11-14_05:00:00;0.1839494092255917
2018-11-14_06:00:00;0.1671864140176318
2018-11-14_07:00:00;0.16137469363865822
2018-11-14_08:00:00;0.14615722281157406
2018-11-14_09:00:00;0.11391612100815744
2018-11-14_10:00:00;0.07448238650912682
2018-11-14_11:00:00;0.05375955664484033
2018-11-14_12:00:00;0.04617825657533745
2018-11-14_13:00:00;0.04032081062296521
2018-11-14_14:00:00;0.03938800892563193
2018-11-14_15:00:00;0.04246534001536379
2018-11-14_16:00:00;0.058857958078794306
2018-11-14_17:00:00;0.0796996744339174
2018-11-14_18:00:00;0.09398891612100815
2018-11-14_19:00:00;0.1023704137249881
2018-11-14_20:00:00;0.10688352781943886
2018-11-14_21:00:00;0.11238888685664118
2018-11-14_22:00:00;0.10841533452829498
2018-11-14_23:00:00;0.098044774481472
2018-11-15_00:00:00;0.08880820865493654
2018-11-15_01:00:00;0.08168873687676044
2018-11-15_02:00:00;0.07704759117679336
2018-11-15_03:00:00;0.07688755166989794
2018-11-15_04:00:00;0.07782492592457109
2018-11-15_05:00:00;0.07706588140615284
2018-11-15_06:00:00;0.08144639133774738
2018-11-15_07:00:00;0.09101218129275342
2018-11-15_08:00:00;0.09704795698138055
2018-11-15_09:00:00;0.08304221384936167
2018-11-15_10:00:00;0.06064125544134324
2018-11-15_11:00:00;0.04803928741266415
2018-11-15_12:00:00;0.0461416761166185
2018-11-15_13:00:00;0.05006950287156601
2018-11-15_14:00:00;0.057367304385997
2018-11-15_15:00:00;0.07094779968540806
2018-11-15_16:00:00;0.11079306434502689
2018-11-15_17:00:00;0.15803672678055383
2018-11-15_18:00:00;0.18834363682920585
2018-11-15_19:00:00;0.20422870102791088
2018-11-15_20:00:00;0.21648315469875992
2018-11-15_21:00:00;0.22040640889636756
2018-11-15_22:00:00;0.22651077294509273
2018-11-15_23:00:00;0.22827578007828217
2018-11-16_00:00:00;0.23368968796868714
2018-11-16_01:00:00;0.23510260818670667
2018-11-16_02:00:00;0.23192468083549767
2018-11-16_03:00:00;0.23073124336979187
2018-11-16_04:00:00;0.2317463510992428
2018-11-16_05:00:00;0.23987178549219007
2018-11-16_06:00:00;0.2492501005962615
2018-11-16_07:00:00;0.2537494970186926
2018-11-16_08:00:00;0.23604455499871968
2018-11-16_09:00:00;0.20696309031715257
2018-11-16_10:00:00;0.16348264257233786
2018-11-16_11:00:00;0.13740077550572485
2018-11-16_12:00:00;0.1266689834290522
2018-11-16_13:00:00;0.11686084793503311
2018-11-16_14:00:00;0.1162115447927717
2018-11-16_15:00:00;0.13805007864798624
2018-11-16_16:00:00;0.21516625818487764
2018-11-16_17:00:00;0.30851501627830413
2018-11-16_18:00:00;0.3727137213300655
2018-11-16_19:00:00;0.3888868566411823
2018-11-16_20:00:00;0.39150693199692727
2018-11-16_21:00:00;0.3826224530855617
2018-11-16_22:00:00;0.35320719171818415
2018-11-16_23:00:00;0.3406326590335443
2018-11-17_00:00:00;0.33679628342539414
2018-11-17_01:00:00;0.33541994366609357
2018-11-17_02:00:00;0.3307330723927278
2018-11-17_03:00:00;0.3352553316018583
2018-11-17_04:00:00;0.3340664666934923
2018-11-17_05:00:00;0.3374593042396752
2018-11-17_06:00:00;0.3380903171525771
2018-11-17_07:00:00;0.3307925156381461
2018-11-17_08:00:00;0.3128360829644804
2018-11-17_09:00:00;0.2645910304715221
2018-11-17_10:00:00;0.21851337015766178
2018-11-17_11:00:00;0.19060248015510114
2018-11-17_12:00:00;0.1886317079416176
2018-11-17_13:00:00;0.18945934082013388
2018-11-17_14:00:00;0.1934283205911402
2018-11-17_15:00:00;0.22231773786443282
2018-11-17_16:00:00;0.2992647327797491
2018-11-17_17:00:00;0.3599425686798112
2018-11-17_18:00:00;0.36347715550353
2018-11-17_19:00:00;0.35468412773896185
2018-11-17_20:00:00;0.3493479533233347
2018-11-17_21:00:00;0.3320042433332114
2018-11-17_22:00:00;0.2988897830778798
2018-11-17_23:00:00;0.2769094999451293
2018-11-18_00:00:00;0.25799283023009106
2018-11-18_01:00:00;0.24705527307312433
2018-11-18_02:00:00;0.2391447488751509
2018-11-18_03:00:00;0.2237718110985112
2018-11-18_04:00:00;0.2091167648242309
2018-11-18_05:00:00;0.203455938837473
2018-11-18_06:00:00;0.20348337418151224
2018-11-18_07:00:00;0.19900684054578044
2018-11-18_08:00:00;0.18947763104949336
2018-11-18_09:00:00;0.1715989318506054
2018-11-18_10:00:00;0.1540997549109266
2018-11-18_11:00:00;0.12983319310824157
2018-11-18_12:00:00;0.1186350001829023
2018-11-18_13:00:00;0.12709423126166003
2018-11-18_14:00:00;0.14853038007096608
2018-11-18_15:00:00;0.1755450488349124
2018-11-18_16:00:00;0.2243159454219556
2018-11-18_17:00:00;0.2822090939020375
2018-11-18_18:00:00;0.31520009510919267
2018-11-18_19:00:00;0.33091597468632256
2018-11-18_20:00:00;0.34233365036397556
2018-11-18_21:00:00;0.35159307897721037
2018-11-18_22:00:00;0.3455481581739035
2018-11-18_23:00:00;0.34236565826535464
2018-11-19_00:00:00;0.33589548962943994
2018-11-19_01:00:00;0.33498555071880604
2018-11-19_02:00:00;0.3472445769469949
2018-11-19_03:00:00;0.36462943995317704
2018-11-19_04:00:00;0.3702125324651571
2018-11-19_05:00:00;0.3718357903208106
2018-11-19_06:00:00;0.38357354501225444
2018-11-19_07:00:00;0.3925449025130775
2018-11-19_08:00:00;0.40589219738815524
2018-11-19_09:00:00;0.4169303508065991
2018-11-19_10:00:00;0.4376211727695065
2018-11-19_11:00:00;0.4586092109595054
2018-11-19_12:00:00;0.481668617624465
2018-11-19_13:00:00;0.47143066174049825
2018-11-19_14:00:00;0.4653583055931521
2018-11-19_15:00:00;0.4655960785748253
2018-11-19_16:00:00;0.4676400117057468
2018-11-19_17:00:00;0.4850523100559681
2018-11-19_18:00:00;0.49241869993049714
2018-11-19_19:00:00;0.4944534879467389
2018-11-19_20:00:00;0.5029584445988953
2018-11-19_21:00:00;0.5135073343819732
2018-11-19_22:00:00;0.5106357683725354
2018-11-19_23:00:00;0.517389435563522
2018-11-20_00:00:00;0.5351858287302923
2018-11-20_01:00:00;0.5376458645791419
2018-11-20_02:00:00;0.5434347221714161
2018-11-20_03:00:00;0.5529776493397227
2018-11-20_04:00:00;0.5564665105900428
2018-11-20_05:00:00;0.5627217690309837
2018-11-20_06:00:00;0.5816247210740023
2018-11-20_07:00:00;0.5721640999378133
2018-11-20_08:00:00;0.547275670336906
2018-11-20_09:00:00;0.5287659582251162
2018-11-20_10:00:00;0.5321633683286389
2018-11-20_11:00:00;0.5340701247393642
2018-11-20_12:00:00;0.5364844350148151
2018-11-20_13:00:00;0.5298633719866848
2018-11-20_14:00:00;0.5244128836375608
2018-11-20_15:00:00;0.5063604272597578
2018-11-20_16:00:00;0.49829443611222884
2018-11-20_17:00:00;0.4786598748948312
2018-11-20_18:00:00;0.4755825438050993
2018-11-20_19:00:00;0.4625736181731719
2018-11-20_20:00:00;0.44758934777042103
2018-11-20_21:00:00;0.4249734791674288
2018-11-20_22:00:00;0.39293814244430625
2018-11-20_23:00:00;0.37640834766067965
2018-11-21_00:00:00;0.3586073819365695
2018-11-21_01:00:00;0.35157936130519074
2018-11-21_02:00:00;0.340573215788126
2018-11-21_03:00:00;0.31854263452463694
2018-11-21_04:00:00;0.3085058711636244
2018-11-21_05:00:00;0.2951905841899257
2018-11-21_06:00:00;0.2826709221933643
2018-11-21_07:00:00;0.25668050627354866
2018-11-21_08:00:00;0.23712825108826865
2018-11-21_09:00:00;0.22637816878223652
2018-11-21_10:00:00;0.21421973881552475
2018-11-21_11:00:00;0.20893386253063614
2018-11-21_12:00:00;0.20565076636061017
2018-11-21_13:00:00;0.20251856458279988
2018-11-21_14:00:00;0.20018198778212679
2018-11-21_15:00:00;0.1966794088597871
2018-11-21_16:00:00;0.1970223506602773
2018-11-21_17:00:00;0.19890167172696346
2018-11-21_18:00:00;0.19444342832059114
2018-11-21_19:00:00;0.19315853970808794
2018-11-21_20:00:00;0.1810824157734938
2018-11-21_21:00:00;0.17127885283681457
2018-11-21_22:00:00;0.15899239126458645
2018-11-21_23:00:00;0.14916139298386802
2018-11-22_00:00:00;0.13577294509273147
2018-11-22_01:00:00;0.1219729670410067
2018-11-22_02:00:00;0.11481234224677178
2018-11-22_03:00:00;0.11035409884039946
2018-11-22_04:00:00;0.10392965577788345
2018-11-22_05:00:00;0.10338094889709917
2018-11-22_06:00:00;0.10668690785382448
2018-11-22_07:00:00;0.1066411822804258
2018-11-22_08:00:00;0.10044079452756338
2018-11-22_09:00:00;0.09158375096023705
2018-11-22_10:00:00;0.08936606065040055
2018-11-22_11:00:00;0.0867597029666752
2018-11-22_12:00:00;0.07846051139481289
2018-11-22_13:00:00;0.07634798990379339
2018-11-22_14:00:00;0.0750631012912902
2018-11-22_15:00:00;0.07652174708270841
2018-11-22_16:00:00;0.0820042433332114
2018-11-22_17:00:00;0.09112192266891027
2018-11-22_18:00:00;0.09676903098364853
2018-11-22_19:00:00;0.09552072282986429
2018-11-22_20:00:00;0.0909847459487142
2018-11-22_21:00:00;0.08535135530599554
2018-11-22_22:00:00;0.08094341003036178
2018-11-22_23:00:00;0.07695156747265611
2018-11-23_00:00:00;0.07107125873358452
2018-11-23_01:00:00;0.06713885942129715
2018-11-23_02:00:00;0.0641621245930424
2018-11-23_03:00:00;0.05908658594578776
2018-11-23_04:00:00;0.05418937703478802
2018-11-23_05:00:00;0.0525524015071149
2018-11-23_06:00:00;0.052323773640121446
2018-11-23_07:00:00;0.05466035044079453
2018-11-23_08:00:00;0.05746790064747412
2018-11-23_09:00:00;0.05554285400738925
2018-11-23_10:00:00;0.04857427662142883
2018-11-23_11:00:00;0.037398946482788895
2018-11-23_12:00:00;0.029387826023338334
2018-11-23_13:00:00;0.027599956103449536
2018-11-23_14:00:00;0.02972619526648864
2018-11-23_15:00:00;0.03833632073746205
2018-11-23_16:00:00;0.05801203497091854
2018-11-23_17:00:00;0.0756072356147346
2018-11-23_18:00:00;0.0872032410286425
2018-11-23_19:00:00;0.09563960932070088
2018-11-23_20:00:00;0.10037220616746534
2018-11-23_21:00:00;0.09888155247466804
2018-11-23_22:00:00;0.09746405969930863
2018-11-23_23:00:00;0.09446903464169441
2018-11-24_00:00:00;0.09126824450378608
2018-11-24_01:00:00;0.0864487690675641
2018-11-24_02:00:00;0.08130464206021143
2018-11-24_03:00:00;0.08070106449134871
2018-11-24_04:00:00;0.08130006950287157
2018-11-24_05:00:00;0.07761458828693713
2018-11-24_06:00:00;0.07471558693346014
2018-11-24_07:00:00;0.07007901379083294
2018-11-24_08:00:00;0.06902275304532318
2018-11-24_09:00:00;0.07368676153198961
2018-11-24_10:00:00;0.07333010205947983
2018-11-24_11:00:00;0.07311976442184585
2018-11-24_12:00:00;0.06679591762080697
2018-11-24_13:00:00;0.06281322017778103
2018-11-24_14:00:00;0.06106193071661119
2018-11-24_15:00:00;0.06154204923729743
2018-11-24_16:00:00;0.06439075246003585
2018-11-24_17:00:00;0.06740864030434941
2018-11-24_18:00:00;0.06912792186414017
2018-11-24_19:00:00;0.06597285729963054
2018-11-24_20:00:00;0.0627583494897026
2018-11-24_21:00:00;0.06251600395068954
2018-11-24_22:00:00;0.05851501627830413
2018-11-24_23:00:00;0.05282218239016717
2018-11-25_00:00:00;0.04877546914438307
2018-11-25_01:00:00;0.048286205509017084
2018-11-25_02:00:00;0.04996890661008889
2018-11-25_03:00:00;0.04876632402970333
2018-11-25_04:00:00;0.04526374510736365
2018-11-25_05:00:00;0.04388740534806306
2018-11-25_06:00:00;0.04092438819182793
2018-11-25_07:00:00;0.04141365182719391
2018-11-25_08:00:00;0.04072319566887369
2018-11-25_09:00:00;0.04092438819182793
2018-11-25_10:00:00;0.046214837034056405
2018-11-25_11:00:00;0.05102516735559864
2018-11-25_12:00:00;0.050375864213337236
2018-11-25_13:00:00;0.05139554450012803
2018-11-25_14:00:00;0.0560824157734938
2018-11-25_15:00:00;0.06826370852690493
2018-11-25_16:00:00;0.08990104985916524
2018-11-25_17:00:00;0.11081592713172624
2018-11-25_18:00:00;0.13085287339503238
2018-11-25_19:00:00;0.14985642169952812
2018-11-25_20:00:00;0.16011724037019423
2018-11-25_21:00:00;0.16934466108204996
2018-11-25_22:00:00;0.17469455316969676
2018-11-25_23:00:00;0.17464882759629805
2018-11-26_00:00:00;0.1774335150162783
2018-11-26_01:00:00;0.18451183377839558
2018-11-26_02:00:00;0.18859055492555876
2018-11-26_03:00:00;0.18652833156527782
2018-11-26_04:00:00;0.19105516333174818
2018-11-26_05:00:00;0.20079471046566924
2018-11-26_06:00:00;0.20520722829864285
2018-11-26_07:00:00;0.2159710282766946
2018-11-26_08:00:00;0.20712770238138786
2018-11-26_09:00:00;0.1862676957969053
2018-11-26_10:00:00;0.15349617734206386
2018-11-26_11:00:00;0.12540695760324835
2018-11-26_12:00:00;0.11291015839338625
2018-11-26_13:00:00;0.10612448330102059
2018-11-26_14:00:00;0.09959944397702747
2018-11-26_15:00:00;0.10086146980283132
2018-11-26_16:00:00;0.11277755423053006
2018-11-26_17:00:00;0.11970497860043165
2018-11-26_18:00:00;0.12137396202948385
2018-11-26_19:00:00;0.12030855616929437
2018-11-26_20:00:00;0.10923839484947141
2018-11-26_21:00:00;0.09637579105241979
2018-11-26_22:00:00;0.08915572301276659
2018-11-26_23:00:00;0.07986885905549256
2018-11-27_00:00:00;0.07479789296557779
2018-11-27_01:00:00;0.07129988660057797
2018-11-27_02:00:00;0.07217324505249295
2018-11-27_03:00:00;0.07195376230017925
2018-11-27_04:00:00;0.06731718915755204
2018-11-27_05:00:00;0.06528697369865018
2018-11-27_06:00:00;0.06118081720744778
2018-11-27_07:00:00;0.053709258514101764
2018-11-27_08:00:00;0.04874346124300399
2018-11-27_09:00:00;0.03717489117313531
2018-11-27_10:00:00;0.026456816768482275
2018-11-27_11:00:00;0.02138127812122764
2018-11-27_12:00:00;0.02176080038043677
2018-11-27_13:00:00;0.024742107766031387
2018-11-27_14:00:00;0.027906317445220763
2018-11-27_15:00:00;0.03366316713611589
2018-11-27_16:00:00;0.04422577459121337
2018-11-27_17:00:00;0.059932509053663534
2018-11-27_18:00:00;0.07584958115374767
2018-11-27_19:00:00;0.09005194425138091
2018-11-27_20:00:00;0.11060101693675238
2018-11-27_21:00:00;0.12700278011486263
2018-11-27_22:00:00;0.13735504993232614
2018-11-27_23:00:00;0.15149339722720123
2018-11-28_00:00:00;0.16760251673555987
2018-11-28_01:00:00;0.17533928375461827
2018-11-28_02:00:00;0.1935929326553755
2018-11-28_03:00:00;0.19901141310312032
2018-11-28_04:00:00;0.21452610015729598
2018-11-28_05:00:00;0.23609942568679812
2018-11-28_06:00:00;0.27025185645828
2018-11-28_07:00:00;0.2869874163222007
2018-11-28_08:00:00;0.2957438636280499
2018-11-28_09:00:00;0.2865850312762922
2018-11-28_10:00:00;0.2824514394410506
2018-11-28_11:00:00;0.27427113436002487
2018-11-28_12:00:00;0.2775176500713319
2018-11-28_13:00:00;0.29679555181621975
2018-11-28_14:00:00;0.3147977100632842
2018-11-28_15:00:00;0.34493543549036104
2018-11-28_16:00:00;0.4027279877089659
2018-11-28_17:00:00;0.4508998792844862
2018-11-28_18:00:00;0.4758706149175111
2018-11-28_19:00:00;0.47430680030727584
2018-11-28_20:00:00;0.4714946775432564
2018-11-28_21:00:00;0.4681658557998317
2018-11-28_22:00:00;0.45400007316091745
2018-11-28_23:00:00;0.4537211471631854
2018-11-29_00:00:00;0.449230895855434
2018-11-29_01:00:00;0.44377583494897027
2018-11-29_02:00:00;0.43533946665691187
2018-11-29_03:00:00;0.4278038921608077
2018-11-29_04:00:00;0.4215303434905074
2018-11-29_05:00:00;0.40883692431503094
2018-11-29_06:00:00;0.4153070929509456
2018-11-29_07:00:00;0.41949098291692577
2018-11-29_08:00:00;0.41680689175842267
2018-11-29_09:00:00;0.4071542232139591
2018-11-29_10:00:00;0.39329480191681604
2018-11-29_11:00:00;0.3842319932691956
2018-11-29_12:00:00;0.38824212605626074
2018-11-29_13:00:00;0.402060394337345
2018-11-29_14:00:00;0.42797307678238283
2018-11-29_15:00:00;0.4559296923583422
2018-11-29_16:00:00;0.49381790247649704
2018-11-29_17:00:00;0.5241476753118484
2018-11-29_18:00:00;0.5358991476753119
2018-11-29_19:00:00;0.5179198522149467
2018-11-29_20:00:00;0.5041610271792808
2018-11-29_21:00:00;0.47873760836960894
2018-11-29_22:00:00;0.4341277389618466
2018-11-29_23:00:00;0.4118822475033837
2018-11-30_00:00:00;0.39140176317811026
2018-11-30_01:00:00;0.37874492446135277
2018-11-30_02:00:00;0.3760059626147712
2018-11-30_03:00:00;0.3678622379924644
2018-11-30_04:00:00;0.3560604674982624
2018-11-30_05:00:00;0.3437602882540147
2018-11-30_06:00:00;0.3485294655594981
2018-11-30_07:00:00;0.34392490031825
2018-11-30_08:00:00;0.3293430149614076
2018-11-30_09:00:00;0.30438599700040236
2018-11-30_10:00:00;0.2753914109082928
2018-11-30_11:00:00;0.24865109558473864
2018-11-30_12:00:00;0.22480063649998172
2018-11-30_13:00:00;0.19690803672678056
2018-11-30_14:00:00;0.17923967516552658
2018-11-30_15:00:00;0.17407268537147455
2018-11-30_16:00:00;0.18264165782638914
2018-11-30_17:00:00;0.191864505980905
2018-11-30_18:00:00;0.19492354684127738
2018-11-30_19:00:00;0.19658338515564985
2018-11-30_20:00:00;0.2026786040896953
2018-11-30_21:00:00;0.2046402311884991
2018-11-30_22:00:00;0.2014623038372901
2018-11-30_23:00:00;0.20289351428466912
2018-12-01_00:00:00;0.20406866152101547
2018-12-01_01:00:00;0.20635951274828987
2018-12-01_02:00:00;0.2079919157186231
2018-12-01_03:00:00;0.2132092036434137
2018-12-01_04:00:00;0.2138402165563156
2018-12-01_05:00:00;0.2092036434136884
2018-12-01_06:00:00;0.21608076965285145
2018-12-01_07:00:00;0.2157332552950214
2018-12-01_08:00:00;0.22049786004316493
2018-12-01_09:00:00;0.23040659179866116
2018-12-01_10:00:00;0.22401415663752425
2018-12-01_11:00:00;0.223428869298021
2018-12-01_12:00:00;0.21474558290960968
2018-12-01_13:00:00;0.20748893441123753
2018-12-01_14:00:00;0.19492811939861726
2018-12-01_15:00:00;0.19954182975454512
2018-12-01_16:00:00;0.24350239602004609
2018-12-01_17:00:00;0.29728024289424587
2018-12-01_18:00:00;0.34118593847166845
2018-12-01_19:00:00;0.37747375352086915
2018-12-01_20:00:00;0.39881387862603795
2018-12-01_21:00:00;0.41908402531367744
2018-12-01_22:00:00;0.420355196254161
2018-12-01_23:00:00;0.43731023887039544
2018-12-02_00:00:00;0.4373559644437941
2018-12-02_01:00:00;0.4330623331016571
2018-12-02_02:00:00;0.42336851154113475
2018-12-02_03:00:00;0.4152750850495665
2018-12-02_04:00:00;0.4133911914255405
2018-12-02_05:00:00;0.4155585836046384
2018-12-02_06:00:00;0.4261211910597359
2018-12-02_07:00:00;0.43152138127812123
2018-12-02_08:00:00;0.42859037202326516
2018-12-02_09:00:00;0.42504206752752677
2018-12-02_10:00:00;0.4238852105205399
2018-12-02_11:00:00;0.424406482057285
2018-12-02_12:00:00;0.4264778505322457
2018-12-02_13:00:00;0.4185718988916121
2018-12-02_14:00:00;0.42023630976332443
2018-12-02_15:00:00;0.4293219811976442
2018-12-02_16:00:00;0.4418233529648462
2018-12-02_17:00:00;0.4437941251783297
2018-12-02_18:00:00;0.4435197717379376
2018-12-02_19:00:00;0.4335836046384022
2018-12-02_20:00:00;0.4107619709551158
2018-12-02_21:00:00;0.39725463657314264
2018-12-02_22:00:00;0.38378388264988844
2018-12-02_23:00:00;0.38701668068917583
2018-12-03_00:00:00;0.3803498920876468
2018-12-03_01:00:00;0.36914255404762775
2018-12-03_02:00:00;0.37269085854336614
2018-12-03_03:00:00;0.37408091597468635
2018-12-03_04:00:00;0.39001170574679006
2018-12-03_05:00:00;0.3997878333394301
2018-12-03_06:00:00;0.42017686651790614
2018-12-03_07:00:00;0.4337665069319969
2018-12-03_08:00:00;0.45159033544280647
2018-12-03_09:00:00;0.4443931301898526
2018-12-03_10:00:00;0.44748417895160403
2018-12-03_11:00:00;0.4443153967150748
2018-12-03_12:00:00;0.43265537549840877
2018-12-03_13:00:00;0.392563192742437
2018-12-03_14:00:00;0.3433761934374657
2018-12-03_15:00:00;0.3074130299593957
2018-12-03_16:00:00;0.2985788491787687
2018-12-03_17:00:00;0.3029776493397227
2018-12-03_18:00:00;0.3085470241796832
2018-12-03_19:00:00;0.3243955079196693
2018-12-03_20:00:00;0.34883582690126935
2018-12-03_21:00:00;0.3747850898050262
2018-12-03_22:00:00;0.38635365987489484
2018-12-03_23:00:00;0.4143697186962724
2018-12-04_00:00:00;0.4376440355562059
2018-12-04_01:00:00;0.45061638072941435
2018-12-04_02:00:00;0.43864085305629735
2018-12-04_03:00:00;0.4386134177122581
2018-12-04_04:00:00;0.44121063028130375
2018-12-04_05:00:00;0.4325593517942715
2018-12-04_06:00:00;0.42637725427076856
2018-12-04_07:00:00;0.3909262172147639
2018-12-04_08:00:00;0.347939605662655
2018-12-04_09:00:00;0.3133573545012254
2018-12-04_10:00:00;0.2883134579507627
2018-12-04_11:00:00;0.2892371145334163
2018-12-04_12:00:00;0.30118977941983394
2018-12-04_13:00:00;0.3025981270805136
2018-12-04_14:00:00;0.28898562387972343
2018-12-04_15:00:00;0.26405146870541757
2018-12-04_16:00:00;0.2598858689687969
2018-12-04_17:00:00;0.2591451146797381
2018-12-04_18:00:00;0.25036580458718954
2018-12-04_19:00:00;0.23640578702856935
2018-12-04_20:00:00;0.22405530965358306
2018-12-04_21:00:00;0.20636408530562975
2018-12-04_22:00:00;0.19131122654278085
2018-12-04_23:00:00;0.18005816292936314
2018-12-05_00:00:00;0.16197369865018107
2018-12-05_01:00:00;0.16092658301935106
2018-12-05_02:00:00;0.16255898598968432
2018-12-05_03:00:00;0.1652476497055273
2018-12-05_04:00:00;0.16525679482020705
2018-12-05_05:00:00;0.1658695175037495
2018-12-05_06:00:00;0.16725042982038996
2018-12-05_07:00:00;0.16266872736584118
2018-12-05_08:00:00;0.16090829278999158
2018-12-05_09:00:00;0.14690712221531257
2018-12-05_10:00:00;0.13675147236346344
2018-12-05_11:00:00;0.11540677470095476
2018-12-05_12:00:00;0.09326645206130885
2018-12-05_13:00:00;0.09171178256575338
2018-12-05_14:00:00;0.10469784541098145
2018-12-05_15:00:00;0.14272780480667227
2018-12-05_16:00:00;0.21023704137249882
2018-12-05_17:00:00;0.26802044847642387
2018-12-05_18:00:00;0.3094341003036178
2018-12-05_19:00:00;0.33228316933094343
2018-12-05_20:00:00;0.3390048286205509
2018-12-05_21:00:00;0.34294180049017814
2018-12-05_22:00:00;0.33990104985916525
2018-12-05_23:00:00;0.3369929033910085
2018-12-06_00:00:00;0.3232249332406628
2018-12-06_01:00:00;0.30464206021143503
2018-12-06_02:00:00;0.2977329260708929
2018-12-06_03:00:00;0.2949436660935728
2018-12-06_04:00:00;0.28618264623038375
2018-12-06_05:00:00;0.27551486995646923
2018-12-06_06:00:00;0.26326956140029995
2018-12-06_07:00:00;0.2555739473973004
2018-12-06_08:00:00;0.2367212934850203
2018-12-06_09:00:00;0.21905293192376632
2018-12-06_10:00:00;0.208659509090244
2018-12-06_11:00:00;0.21190145224421114
2018-12-06_12:00:00;0.22244576946994915
2018-12-06_13:00:00;0.24981252514906538
2018-12-06_14:00:00;0.2639371547719208
2018-12-06_15:00:00;0.2816420967918938
2018-12-06_16:00:00;0.307403884844716
2018-12-06_17:00:00;0.3381406152833156
2018-12-06_18:00:00;0.371090463474412
2018-12-06_19:00:00;0.39687054175659364
2018-12-06_20:00:00;0.42351483337601054
2018-12-06_21:00:00;0.44165416834327104
2018-12-06_22:00:00;0.4520750265208326
2018-12-06_23:00:00;0.4678732121300801
2018-12-07_00:00:00;0.4763095804221385
2018-12-07_01:00:00;0.47800142663789
2018-12-07_02:00:00;0.478316933094341
2018-12-07_03:00:00;0.4645078099279365
2018-12-07_04:00:00;0.459811793539891
2018-12-07_05:00:00;0.4496195632293229
2018-12-07_06:00:00;0.4442696711416761
2018-12-07_07:00:00;0.4413432344441599
2018-12-07_08:00:00;0.45009968175000914
2018-12-07_09:00:00;0.46529428979039394
2018-12-07_10:00:00;0.48837198668471304
2018-12-07_11:00:00;0.505377327431686
2018-12-07_12:00:00;0.5201558327541428
2018-12-07_13:00:00;0.5270055236492666
2018-12-07_14:00:00;0.5254234188096719
2018-12-07_15:00:00;0.5301560156564363
2018-12-07_16:00:00;0.544413249442148
2018-12-07_17:00:00;0.5631104364048726
2018-12-07_18:00:00;0.5923702308226945
2018-12-07_19:00:00;0.5948897099169623
2018-12-07_20:00:00;0.6086668251819878
2018-12-07_21:00:00;0.6234087500457256
2018-12-07_22:00:00;0.6193666093572814
2018-12-07_23:00:00;0.640080294106888
2018-12-08_00:00:00;0.6603915938105864
2018-12-08_01:00:00;0.6624400994988477
2018-12-08_02:00:00;0.6600852324688151
2018-12-08_03:00:00;0.6518729194864104
2018-12-08_04:00:00;0.6505011522844496
2018-12-08_05:00:00;0.6388548487398032
2018-12-08_06:00:00;0.6635603760471156
2018-12-08_07:00:00;0.6631717086732267
2018-12-08_08:00:00;0.6757828218165856
2018-12-08_09:00:00;0.6949829900866957
2018-12-08_10:00:00;0.7147958810403482
2018-12-08_11:00:00;0.7320984380144127
2018-12-08_12:00:00;0.7350294472692688
2018-12-08_13:00:00;0.7320435673263342
2018-12-08_14:00:00;0.7279099754910927
2018-12-08_15:00:00;0.7245400007316092
2018-12-08_16:00:00;0.7224777773713282
2018-12-08_17:00:00;0.7183899111094854
2018-12-08_18:00:00;0.7072145809708453
2018-12-08_19:00:00;0.6976396459011596
2018-12-08_20:00:00;0.6839631268976113
2018-12-08_21:00:00;0.6602544170903903
2018-12-08_22:00:00;0.6198467278779676
2018-12-08_23:00:00;0.6124391849873797
2018-12-09_00:00:00;0.5897638731389692
2018-12-09_01:00:00;0.5697406445476826
2018-12-09_02:00:00;0.5726076379997805
2018-12-09_03:00:00;0.5781815853970809
2018-12-09_04:00:00;0.5737553498920877
2018-12-09_05:00:00;0.5689404470132056
2018-12-09_06:00:00;0.582612393459414
2018-12-09_07:00:00;0.5840573215788126
2018-12-09_08:00:00;0.5801706478399239
2018-12-09_09:00:00;0.5910304715221129
2018-12-09_10:00:00;0.5912316640450671
2018-12-09_11:00:00;0.5891511504554268
2018-12-09_12:00:00;0.5969839411786224
2018-12-09_13:00:00;0.5912133738157076
2018-12-09_14:00:00;0.5848620916706295
2018-12-09_15:00:00;0.5814921169111461
2018-12-09_16:00:00;0.590746972967041
2018-12-09_17:00:00;0.6062342246771775
2018-12-09_18:00:00;0.6273868749314117
2018-12-09_19:00:00;0.6481142773530381
2018-12-09_20:00:00;0.6550919998536782
2018-12-09_21:00:00;0.6522524417456195
2018-12-09_22:00:00;0.6216711782565754
2018-12-09_23:00:00;0.6047435709843801
2018-12-10_00:00:00;0.5942769872334199
2018-12-10_01:00:00;0.5872946921754398
2018-12-10_02:00:00;0.5858680542854008
2018-12-10_03:00:00;0.5842402238724074
2018-12-10_04:00:00;0.5756438160734536
2018-12-10_05:00:00;0.5759273146285254
2018-12-10_06:00:00;0.5932115813732304
2018-12-10_07:00:00;0.5877931009254856
2018-12-10_08:00:00;0.5795762153857409
2018-12-10_09:00:00;0.5540522003145919
2018-12-10_10:00:00;0.5555794344661082
2018-12-10_11:00:00;0.5634213703039836
2018-12-10_12:00:00;0.5683780224604017
2018-12-10_13:00:00;0.5673446245015913
2018-12-10_14:00:00;0.5668142078501665
2018-12-10_15:00:00;0.5709569448000877
2018-12-10_16:00:00;0.5825986757873943
2018-12-10_17:00:00;0.5878022460401653
2018-12-10_18:00:00;0.5895398178293155
2018-12-10_19:00:00;0.5822831693309434
2018-12-10_20:00:00;0.5693245418297546
2018-12-10_21:00:00;0.5599782346270622
2018-12-10_22:00:00;0.5371108753703772
2018-12-10_23:00:00;0.5334436843838022
2018-12-11_00:00:00;0.5285281852434429
2018-12-11_01:00:00;0.5157707502652084
2018-12-11_02:00:00;0.5006447305849215
2018-12-11_03:00:00;0.4879604565241248
2018-12-11_04:00:00;0.46978911365548526
2018-12-11_05:00:00;0.456528697369865
2018-12-11_06:00:00;0.4561491751106559
2018-12-11_07:00:00;0.43539890990233016
2018-12-11_08:00:00;0.41040073892526613
2018-12-11_09:00:00;0.3652513077513992
2018-12-11_10:00:00;0.33457859311555765
2018-12-11_11:00:00;0.30096572411018035
2018-12-11_12:00:00;0.2824925924571094
2018-12-11_13:00:00;0.26256081501262024
2018-12-11_14:00:00;0.24169166331345796
2018-12-11_15:00:00;0.22526703734864836
2018-12-11_16:00:00;0.21819329114387095
2018-12-11_17:00:00;0.21523484654497568
2018-12-11_18:00:00;0.20228536415846654
2018-12-11_19:00:00;0.1887460218751143
2018-12-11_20:00:00;0.17989355086512784
2018-12-11_21:00:00;0.17208362292863152
2018-12-11_22:00:00;0.15651406518637745
2018-12-11_23:00:00;0.14599718330467865
2018-12-12_00:00:00;0.13878626037970515
2018-12-12_01:00:00;0.13383418078062698
2018-12-12_02:00:00;0.12241193254563412
2018-12-12_03:00:00;0.1115886893221641
2018-12-12_04:00:00;0.09772926802502103
2018-12-12_05:00:00;0.08680085598273403
2018-12-12_06:00:00;0.07804440867688481
2018-12-12_07:00:00;0.07606906390606138
2018-12-12_08:00:00;0.07258477521308117
2018-12-12_09:00:00;0.06787961371035593
2018-12-12_10:00:00;0.05902257014302959
2018-12-12_11:00:00;0.049941471266049677
2018-12-12_12:00:00;0.045030544683030325
2018-12-12_13:00:00;0.04178402897172331
2018-12-12_14:00:00;0.04679555181621978
2018-12-12_15:00:00;0.057435892746095035
2018-12-12_16:00:00;0.07345356110765629
2018-12-12_17:00:00;0.09543841679774664
2018-12-12_18:00:00;0.11466144785455609
2018-12-12_19:00:00;0.1314107253904964
2018-12-12_20:00:00;0.13839302044847643
2018-12-12_21:00:00;0.1411594176390972
2018-12-12_22:00:00;0.14217909792588798
2018-12-12_23:00:00;0.14055584007023447
2018-12-13_00:00:00;0.13853934228335224
2018-12-13_01:00:00;0.14150235943958736
2018-12-13_02:00:00;0.14697571057541062
2018-12-13_03:00:00;0.1470214361488093
2018-12-13_04:00:00;0.15725939203277609
2018-12-13_05:00:00;0.16289278267549476
2018-12-13_06:00:00;0.16787687017595201
2018-12-13_07:00:00;0.17048322785967737
2018-12-13_08:00:00;0.1639901964370633
2018-12-13_09:00:00;0.15034111277755424
2018-12-13_10:00:00;0.1402997768592018
2018-12-13_11:00:00;0.13056022972528075
2018-12-13_12:00:00;0.1291518820646011
2018-12-13_13:00:00;0.12886381095218935
2018-12-13_14:00:00;0.1275286242089476
2018-12-13_15:00:00;0.13874053480630646
2018-12-13_16:00:00;0.15473534038116837
2018-12-13_17:00:00;0.1626230017924425
2018-12-13_18:00:00;0.16268244503786078
2018-12-13_19:00:00;0.16231664045067126
2018-12-13_20:00:00;0.1601675385009328
2018-12-13_21:00:00;0.15537092585141019
2018-12-13_22:00:00;0.1490470790503713
2018-12-13_23:00:00;0.14173098730658082
2018-12-14_00:00:00;0.1388091231664045
2018-12-14_01:00:00;0.13877711526502542
2018-12-14_02:00:00;0.13660515052858763
2018-12-14_03:00:00;0.13844789113655484
2018-12-14_04:00:00;0.13601071807440465
2018-12-14_05:00:00;0.13585067856750924
2018-12-14_06:00:00;0.13155247466803233
2018-12-14_07:00:00;0.125768189633098
2018-12-14_08:00:00;0.11344057504481106
2018-12-14_09:00:00;0.0961974613161649
2018-12-14_10:00:00;0.07745912133738157
2018-12-14_11:00:00;0.07158795771298972
2018-12-14_12:00:00;0.06680963529282657
2018-12-14_13:00:00;0.0694205655338918
2018-12-14_14:00:00;0.07082891319457146
2018-12-14_15:00:00;0.07518198778212679
2018-12-14_16:00:00;0.07887661411274097
2018-12-14_17:00:00;0.07886289644072136
2018-12-14_18:00:00;0.07676409262172147
2018-12-14_19:00:00;0.0716656911877675
2018-12-14_20:00:00;0.06446391337747376
2018-12-14_21:00:00;0.05769652851446757
2018-12-14_22:00:00;0.05402476497055273
2018-12-14_23:00:00;0.055140468961480775
2018-12-15_00:00:00;0.05324743022277499
2018-12-15_01:00:00;0.050037494970186926
2018-12-15_02:00:00;0.045144858616527055
2018-12-15_03:00:00;0.04147766762995208
2018-12-15_04:00:00;0.04124446720561876
2018-12-15_05:00:00;0.04323352964846179
2018-12-15_06:00:00;0.04997347916742876
2018-12-15_07:00:00;0.059173464535245274
2018-12-15_08:00:00;0.07054084208215972
2018-12-15_09:00:00;0.07727621904378681
2018-12-15_10:00:00;0.07515912499542744
2018-12-15_11:00:00;0.07488019899769544
2018-12-15_12:00:00;0.08354519515674727
2018-12-15_13:00:00;0.09884039945860922
2018-12-15_14:00:00;0.11275011888649084
2018-12-15_15:00:00;0.13479899037933935
2018-12-15_16:00:00;0.17357427662142882
2018-12-15_17:00:00;0.21653802538683836
2018-12-15_18:00:00;0.258518674324176
2018-12-15_19:00:00;0.28514467571423346
2018-12-15_20:00:00;0.31090646376705566
2018-12-15_21:00:00;0.33137780297764935
2018-12-15_22:00:00;0.3325620953286754
2018-12-15_23:00:00;0.3412042287010279
2018-12-16_00:00:00;0.33769250466400846
2018-12-16_01:00:00;0.3227631049493361
2018-12-16_02:00:00;0.31499433002889854
2018-12-16_03:00:00;0.30856074185170285
2018-12-16_04:00:00;0.3039058784797161
2018-12-16_05:00:00;0.2934392947287559
2018-12-16_06:00:00;0.29086037238906975
2018-12-16_07:00:00;0.27955243808757363
2018-12-16_08:00:00;0.2565433295533526
2018-12-16_09:00:00;0.23972546365731426
2018-12-16_10:00:00;0.20909390203753156
2018-12-16_11:00:00;0.17910707100267037
2018-12-16_12:00:00;0.15368822475033836
2018-12-16_13:00:00;0.1271582470644182
2018-12-16_14:00:00;0.10511852068624941
2018-12-16_15:00:00;0.09529209496287083
2018-12-16_16:00:00;0.09159746863225665
2018-12-16_17:00:00;0.08788912462962285
2018-12-16_18:00:00;0.08351775981270805
2018-12-16_19:00:00;0.0787988806379632
2018-12-16_20:00:00;0.072136664593774
2018-12-16_21:00:00;0.06586311592347369
2018-12-16_22:00:00;0.056585397080879396
2018-12-16_23:00:00;0.051985404396971135
2018-12-17_00:00:00;0.049360756483886305
2018-12-17_01:00:00;0.04411146065771665
2018-12-17_02:00:00;0.0448430698320957
2018-12-17_03:00:00;0.04681841460291912
2018-12-17_04:00:00;0.047952408823206644
2018-12-17_05:00:00;0.05187566302081428
2018-12-17_06:00:00;0.06549731133628416
2018-12-17_07:00:00;0.08292789991586494
2018-12-17_08:00:00;0.09987379741741961
2018-12-17_09:00:00;0.11157039909280463
2018-12-17_10:00:00;0.11902824011413103
2018-12-17_11:00:00;0.11944891538939899
2018-12-17_12:00:00;0.1145562790357391
2018-12-17_13:00:00;0.11150638329004646
2018-12-17_14:00:00;0.1237288290595164
2018-12-17_15:00:00;0.13601071807440465
2018-12-17_16:00:00;0.1574194315396715
2018-12-17_17:00:00;0.17804623769982075
2018-12-17_18:00:00;0.1817317189157552
2018-12-17_19:00:00;0.1882156052236895
2018-12-17_20:00:00;0.19262812305666313
2018-12-17_21:00:00;0.19292533928375463
2018-12-17_22:00:00;0.1919376668983429
2018-12-17_23:00:00;0.19349690895123825
2018-12-18_00:00:00;0.19042872297618613
2018-12-18_01:00:00;0.18406829571642827
2018-12-18_02:00:00;0.16965559498116106
2018-12-18_03:00:00;0.1566969674799722
2018-12-18_04:00:00;0.1446757142334565
2018-12-18_05:00:00;0.13180396532172514
2018-12-18_06:00:00;0.12261312506858836
2018-12-18_07:00:00;0.1241723671214837
2018-12-18_08:00:00;0.11894136152467352
2018-12-18_09:00:00;0.11250320079013791
2018-12-18_10:00:00;0.10754654863371986
2018-12-18_11:00:00;0.10405311482605992
2018-12-18_12:00:00;0.10231097047956982
2018-12-18_13:00:00;0.10440977429856971
2018-12-18_14:00:00;0.11349087317554962
2018-12-18_15:00:00;0.1453250173757179
2018-12-18_16:00:00;0.1988650912682445
2018-12-18_17:00:00;0.25334711197278414
2018-12-18_18:00:00;0.29979972198851373
2018-12-18_19:00:00;0.35511394812890956
2018-12-18_20:00:00;0.3815570472253722
2018-12-18_21:00:00;0.38294253209935253
2018-12-18_22:00:00;0.37895068954164685
2018-12-18_23:00:00;0.40233017522039727
2018-12-19_00:00:00;0.4076846398653839
2018-12-19_01:00:00;0.40635402567948203
2018-12-19_02:00:00;0.416061564912024
2018-12-19_03:00:00;0.41899714672421995
2018-12-19_04:00:00;0.41171306288180853
2018-12-19_05:00:00;0.39738724073599885
2018-12-19_06:00:00;0.4014430990964627
2018-12-19_07:00:00;0.3916303910451037
2018-12-19_08:00:00;0.36417675677653
2018-12-19_09:00:00;0.3241165819219373
2018-12-19_10:00:00;0.293192376632403
2018-12-19_11:00:00;0.26312781212276404
2018-12-19_12:00:00;0.23545469510187658
2018-12-19_13:00:00;0.2032501737571789
2018-12-19_14:00:00;0.17951402860591872
2018-12-19_15:00:00;0.1624583897282072
2018-12-19_16:00:00;0.16199656143688043
2018-12-19_17:00:00;0.16639536159783444
2018-12-19_18:00:00;0.17507864798624576
2018-12-19_19:00:00;0.18619453487946738
2018-12-19_20:00:00;0.1830897684456963
2018-12-19_21:00:00;0.18121501993635
2018-12-19_22:00:00;0.17565936276840913
2018-12-19_23:00:00;0.16912975088707613
2018-12-20_00:00:00;0.16652796576069065
2018-12-20_01:00:00;0.16403134945312214
2018-12-20_02:00:00;0.16367011742327248
2018-12-20_03:00:00;0.1714526100157296
2018-12-20_04:00:00;0.1764732779749058
2018-12-20_05:00:00;0.18659691992537586
2018-12-20_06:00:00;0.1991760251673556
2018-12-20_07:00:00;0.21111497238175367
2018-12-20_08:00:00;0.21972509785272706
2018-12-20_09:00:00;0.2161905110290083
2018-12-20_10:00:00;0.20692193730109376
2018-12-20_11:00:00;0.1919971101437612
2018-12-20_12:00:00;0.18949134872151296
2018-12-20_13:00:00;0.19036927973076784
2018-12-20_14:00:00;0.19658338515564985
2018-12-20_15:00:00;0.20584281376888466
2018-12-20_16:00:00;0.23027856019314483
2018-12-20_17:00:00;0.2605123093243589
2018-12-20_18:00:00;0.2855927863335406
2018-12-20_19:00:00;0.31113966419138894
2018-12-20_20:00:00;0.32329809415810074
2018-12-20_21:00:00;0.33499469583348573
2018-12-20_22:00:00;0.33943922156783846
2018-12-20_23:00:00;0.3547298533123605
2018-12-21_00:00:00;0.3658274499762227
2018-12-21_01:00:00;0.3744101401031569
2018-12-21_02:00:00;0.37772067161722206
2018-12-21_03:00:00;0.3810632110326663
2018-12-21_04:00:00;0.3715751545524381
2018-12-21_05:00:00;0.36990159856604604
2018-12-21_06:00:00;0.39120971576983576
2018-12-21_07:00:00;0.4164730950726122
2018-12-21_08:00:00;0.4306022972528076
2018-12-21_09:00:00;0.4472646961992903
2018-12-21_10:00:00;0.4653217251344332
2018-12-21_11:00:00;0.47662965943592933
2018-12-21_12:00:00;0.48796502908146466
2018-12-21_13:00:00;0.5026932362731829
2018-12-21_14:00:00;0.5271427003694626
2018-12-21_15:00:00;0.5609201814390753
2018-12-21_16:00:00;0.5965312580019754
2018-12-21_17:00:00;0.6279721622709149
2018-12-21_18:00:00;0.6625086878589458
2018-12-21_19:00:00;0.6802090573215788
2018-12-21_20:00:00;0.685508651278487
2018-12-21_21:00:00;0.6895370742949116
2018-12-21_22:00:00;0.6667291582836449
2018-12-21_23:00:00;0.6622068990745144
2018-12-22_00:00:00;0.6479176573874237
2018-12-22_01:00:00;0.6183606467425101
2018-12-22_02:00:00;0.5743406372315909
2018-12-22_03:00:00;0.5325520357025277
2018-12-22_04:00:00;0.4842109595054322
2018-12-22_05:00:00;0.43227128068185977
2018-12-22_06:00:00;0.41236236602406995
2018-12-22_07:00:00;0.3983337601053517
2018-12-22_08:00:00;0.3902769140725025
2018-12-22_09:00:00;0.37602425284413066
2018-12-22_10:00:00;0.3581684164319421
2018-12-22_11:00:00;0.35099407396568755
2018-12-22_12:00:00;0.3488998427040275
2018-12-22_13:00:00;0.3423473680359952
2018-12-22_14:00:00;0.33665453414785823
2018-12-22_15:00:00;0.3204859713940813
2018-12-22_16:00:00;0.30151443099096464
2018-12-22_17:00:00;0.29138164392581484
2018-12-22_18:00:00;0.2927899915864945
2018-12-22_19:00:00;0.2935444635475729
2018-12-22_20:00:00;0.29458243406372314
2018-12-22_21:00:00;0.2987251710136445
2018-12-22_22:00:00;0.29644346490104984
2018-12-22_23:00:00;0.31161521015473537
2018-12-23_00:00:00;0.31225994073965685
2018-12-23_01:00:00;0.3003255660825987
2018-12-23_02:00:00;0.28066814207850166
2018-12-23_03:00:00;0.27875681311043643
2018-12-23_04:00:00;0.2986977356696053
2018-12-23_05:00:00;0.3128406555218202
2018-12-23_06:00:00;0.33439111826462303
2018-12-23_07:00:00;0.34678732121300804
2018-12-23_08:00:00;0.36531532355415736
2018-12-23_09:00:00;0.3791655997366207
2018-12-23_10:00:00;0.3787403519040129
2018-12-23_11:00:00;0.37069722354318324
2018-12-23_12:00:00;0.3501710136445111
2018-12-23_13:00:00;0.3143816073453561
2018-12-23_14:00:00;0.26818506054065916
2018-12-23_15:00:00;0.22987160258989647
2018-12-23_16:00:00;0.19423766324029704
2018-12-23_17:00:00;0.16998481910963165
2018-12-23_18:00:00;0.1626915901525405
2018-12-23_19:00:00;0.16705380985477558
2018-12-23_20:00:00;0.1797380839155723
2018-12-23_21:00:00;0.19327285364158467
2018-12-23_22:00:00;0.19802831327504847
2018-12-23_23:00:00;0.21466784943483191
2018-12-24_00:00:00;0.2281248856860665
2018-12-24_01:00:00;0.2484956286351831
2018-12-24_02:00:00;0.26563357354501227
2018-12-24_03:00:00;0.2849892087646779
2018-12-24_04:00:00;0.30113490873175547
2018-12-24_05:00:00;0.29907725792881446
2018-12-24_06:00:00;0.2875406957603248
2018-12-24_07:00:00;0.26266141127409737
2018-12-24_08:00:00;0.2264101766836156
2018-12-24_09:00:00;0.18118301203497092
2018-12-24_10:00:00;0.14988385704356733
2018-12-24_11:00:00;0.14608406189413614
2018-12-24_12:00:00;0.14697113801807074
2018-12-24_13:00:00;0.15805958956725316
2018-12-24_14:00:00;0.16122379924644256
2018-12-24_15:00:00;0.16360152906317446
2018-12-24_16:00:00;0.17614405384643522
2018-12-24_17:00:00;0.19201540037312068
2018-12-24_18:00:00;0.20006310129129018
2018-12-24_19:00:00;0.22813403080074623
2018-12-24_20:00:00;0.2544902513077514
2018-12-24_21:00:00;0.2683862530636134
2018-12-24_22:00:00;0.2729542378461426
2018-12-24_23:00:00;0.2787476679957567
2018-12-25_00:00:00;0.28339795881040347
2018-12-25_01:00:00;0.2781669532135933
2018-12-25_02:00:00;0.27440831108022096
2018-12-25_03:00:00;0.27949299484215534
2018-12-25_04:00:00;0.29367249515308924
2018-12-25_05:00:00;0.308693346014559
2018-12-25_06:00:00;0.3259593225299045
2018-12-25_07:00:00;0.33412133738157074
2018-12-25_08:00:00;0.3454567070271061
2018-12-25_09:00:00;0.3534358195851776
2018-12-25_10:00:00;0.3612228847349746
2018-12-25_11:00:00;0.35995628635183086
2018-12-25_12:00:00;0.3576014193217983
2018-12-25_13:00:00;0.3440163514650474
2018-12-25_14:00:00;0.32031221421516626
2018-12-25_15:00:00;0.31657643486849324
2018-12-25_16:00:00;0.3268052456377803
2018-12-25_17:00:00;0.33432710246186487
2018-12-25_18:00:00;0.34849288510077914
2018-12-25_19:00:00;0.3632165197351575
2018-12-25_20:00:00;0.37231590884149685
2018-12-25_21:00:00;0.38061510041335916
2018-12-25_22:00:00;0.3696455353550134
2018-12-25_23:00:00;0.37211471631854265
2018-12-26_00:00:00;0.3771399568350587
2018-12-26_01:00:00;0.38429600907195377
2018-12-26_02:00:00;0.37686560339466657
2018-12-26_03:00:00;0.36064674251015105
2018-12-26_04:00:00;0.33648992208362294
2018-12-26_05:00:00;0.3164163953615978
2018-12-26_06:00:00;0.30435856165636316
2018-12-26_07:00:00;0.2815780809891356
2018-12-26_08:00:00;0.25790595164063357
2018-12-26_09:00:00;0.24401452244211141
2018-12-26_10:00:00;0.22733383326626916
2018-12-26_11:00:00;0.21522570143029593
2018-12-26_12:00:00;0.19672970699052567
2018-12-26_13:00:00;0.18854940190949995
2018-12-26_14:00:00;0.18135219665654606
2018-12-26_15:00:00;0.17487288290595165
2018-12-26_16:00:00;0.18282913267732379
2018-12-26_17:00:00;0.19049731133628417
2018-12-26_18:00:00;0.19328657131360427
2018-12-26_19:00:00;0.1926647035153821
2018-12-26_20:00:00;0.18928101108387899
2018-12-26_21:00:00;0.19563686578629697
2018-12-26_22:00:00;0.18376650693199692
2018-12-26_23:00:00;0.17916651424808866
2018-12-27_00:00:00;0.18238559461535647
2018-12-27_01:00:00;0.18358817719574202
2018-12-27_02:00:00;0.18476332443208837
2018-12-27_03:00:00;0.18529831364085306
2018-12-27_04:00:00;0.182088378388265
2018-12-27_05:00:00;0.1760891831583568
2018-12-27_06:00:00;0.17783590006218677
2018-12-27_07:00:00;0.17528898562387973
2018-12-27_08:00:00;0.18156253429418004
2018-12-27_09:00:00;0.18474960676006877
2018-12-27_10:00:00;0.17423272487836997
2018-12-27_11:00:00;0.16525222226286718
2018-12-27_12:00:00;0.15929418004901783
2018-12-27_13:00:00;0.1515436953579398
2018-12-27_14:00:00;0.14328565680213629
2018-12-27_15:00:00;0.14120971576983576
2018-12-27_16:00:00;0.1407616051505286
2018-12-27_17:00:00;0.1373321871456268
2018-12-27_18:00:00;0.1378671763543915
2018-12-27_19:00:00;0.13580495299411055
2018-12-27_20:00:00;0.13748765409518235
2018-12-27_21:00:00;0.13727274390020852
2018-12-27_22:00:00;0.13877711526502542
2018-12-27_23:00:00;0.14234370999012327
2018-12-28_00:00:00;0.14068844423309068
2018-12-28_01:00:00;0.1384707539232542
2018-12-28_02:00:00;0.13447891136554851
2018-12-28_03:00:00;0.13371986684713028
2018-12-28_04:00:00;0.13468467644584264
2018-12-28_05:00:00;0.13372901196181
2018-12-28_06:00:00;0.13978765043713648
2018-12-28_07:00:00;0.1414246259648096
2018-12-28_08:00:00;0.1444653765958225
2018-12-28_09:00:00;0.13806379632000584
2018-12-28_10:00:00;0.12709880381899988
2018-12-28_11:00:00;0.11370578337052346
2018-12-28_12:00:00;0.1212779383253466
2018-12-28_13:00:00;0.12302465522917658
2018-12-28_14:00:00;0.11553480630647109
2018-12-28_15:00:00;0.11664136518271939
2018-12-28_16:00:00;0.12122306763726817
2018-12-28_17:00:00;0.13386618868200606
2018-12-28_18:00:00;0.14065186377437172
2018-12-28_19:00:00;0.14187273658411675
2018-12-28_20:00:00;0.13989739181329333
2018-12-28_21:00:00;0.14122343344185537
2018-12-28_22:00:00;0.14952719757105754
2018-12-28_23:00:00;0.16562259940739657
2018-12-29_00:00:00;0.16497786882247503
2018-12-29_01:00:00;0.16572776822621355
2018-12-29_02:00:00;0.17373431612832424
2018-12-29_03:00:00;0.17375260635768372
2018-12-29_04:00:00;0.1829891721842192
2018-12-29_05:00:00;0.1810961334455134
2018-12-29_06:00:00;0.17857665435124556
2018-12-29_07:00:00;0.1872416505102974
2018-12-29_08:00:00;0.19489611149723818
2018-12-29_09:00:00;0.21404598163660973
2018-12-29_10:00:00;0.230900427991367
2018-12-29_11:00:00;0.2618840765263196
2018-12-29_12:00:00;0.2867633610125471
2018-12-29_13:00:00;0.3159637121849508
2018-12-29_14:00:00;0.3571624538171709
2018-12-29_15:00:00;0.3953067271463584
2018-12-29_16:00:00;0.4378177927351209
2018-12-29_17:00:00;0.48241394447086366
2018-12-29_18:00:00;0.5202289936715806
2018-12-29_19:00:00;0.5406317445220763
2018-12-29_20:00:00;0.5647839923912645
2018-12-29_21:00:00;0.5634945312214216
2018-12-29_22:00:00;0.5508422650620038
2018-12-29_23:00:00;0.5572118374364414
2018-12-30_00:00:00;0.552895343307605
2018-12-30_01:00:00;0.558451000475546
2018-12-30_02:00:00;0.5514458426308666
2018-12-30_03:00:00;0.5437456560705272
2018-12-30_04:00:00;0.53736236602407
2018-12-30_05:00:00;0.5285007498994038
2018-12-30_06:00:00;0.5390587847971614
2018-12-30_07:00:00;0.5224192486373779
2018-12-30_08:00:00;0.4846224896660204
2018-12-30_09:00:00;0.4535153820828913
2018-12-30_10:00:00;0.43818359732231044
2018-12-30_11:00:00;0.42868182317006254
2018-12-30_12:00:00;0.4308446427918206
2018-12-30_13:00:00;0.42154863371986684
2018-12-30_14:00:00;0.38974192486373777
2018-12-30_15:00:00;0.3618035995171379
2018-12-30_16:00:00;0.3417986611552109
2018-12-30_17:00:00;0.32135932984599624
2018-12-30_18:00:00;0.2799090975600834
2018-12-30_19:00:00;0.2401781468339613
2018-12-30_20:00:00;0.21167282437721768
2018-12-30_21:00:00;0.18643230786114057
2018-12-30_22:00:00;0.16508303764129204
2018-12-30_23:00:00;0.14872700003658046
2018-12-31_00:00:00;0.1411868529831364
2018-12-31_01:00:00;0.13048249625050298
2018-12-31_02:00:00;0.11795368913926181
2018-12-31_03:00:00;0.10683780224604017
2018-12-31_04:00:00;0.09653583055931521
2018-12-31_05:00:00;0.08445970662472108
2018-12-31_06:00:00;0.07349928668105499
2018-12-31_07:00:00;0.06761440538464353
2018-12-31_08:00:00;0.06114423674872883
2018-12-31_09:00:00;0.057531916450232284
2018-12-31_10:00:00;0.05517704942019973
2018-12-31_11:00:00;0.058537879065003476
2018-12-31_12:00:00;0.061121373962029484
2018-12-31_13:00:00;0.06983666825181988
2018-12-31_14:00:00;0.08035355013351868
2018-12-31_15:00:00;0.09709368255477924
2018-12-31_16:00:00;0.12432326151369938
2018-12-31_17:00:00;0.15920272890222043
2018-12-31_18:00:00;0.19567801880235577
2018-12-31_19:00:00;0.23184237480338005
2018-12-31_20:00:00;0.25083220543585616
2018-12-31_21:00:00;0.27583952152759994
2018-12-31_22:00:00;0.30626989062442844
2018-12-31_23:00:00;0.3370386289644072
2019-01-01_00:00:00;0.0
2020-01-01_00:00:00;0.0